# Oni combat log — 2026-09-09 13:37:04
# Unity 6000.2.7f2 | scene 'CaveScene_Oni_Boss1' | platform OSXEditor
# columns: [frame realSeconds timeScale] KIND message      (KIND: LOG WARN ERR EXC TEL)
#
[     0    0.000 x1.00] LOG  [OniLog] console + telemetry → /Users/asenahazal/Documents/Yoru/OniLogs/oni_2026-09-09_13-37-04.log
[     0    0.000 x1.00] LOG  [RingMesh] Auto-found 11/11 left, 11/11 right meshes
[     1    0.000 x1.00] LOG  [BossBar] BossHealthBarUI initialized
[     1    0.000 x1.00] LOG  [StormWeather] layer 'TerrainLayer_Dirt_01' dry smoothness=0.00 (restore to this if a crash ever leaves it wet)
[     1    0.000 x1.00] LOG  [StormWeather] post volumes ready on layer 9 (storm priority 10, flash priority 11).
[     1    0.000 x1.00] LOG  [StormWeather] ROUND 80: fur weather ready on 'Weather Zone'. Rain 0, wind 0.50 in the open, sky check 30 m from 'PlayerYoru_1.1'.
[     1    0.000 x1.00] LOG  [StormWeather] COZY bridge: Rain_Cave retired, COZY owns the rain now.
[     1    0.000 x1.00] LOG  [StormWeather] COZY → 'Clear' (pre-fight - open sky, 0 s)
[     1    0.000 x1.00] LOG  [StormWeather] Ready. Open sky, dry floor. Waiting for the fight.
[     1    0.000 x1.00] LOG  [FreezeDebug v3] Armed. Manual=L. Auto=True. Buffer=60 snaps @ 0.1s = 6.0s history.
[     1    0.000 x1.00] LOG  OniBoss initialized with 500 HP
[     1    0.000 x1.00] LOG  [OniBoss] ANIMATOR SETUP: cullingMode=CullUpdateTransforms updateMode=Normal applyRootMotion=False speed=1
[     1    0.000 x1.00] LOG  [OniBoss] Initialized
[     1    0.000 x1.00] LOG  [OniBoss:Layer] facing: minFlat 1m, snapOnAttack off, trackInHitReact off
[     1    0.000 x1.00] LOG  [OniBoss:Layer] Yoru launch model ON: launches ALL THE WAY to an enemy within 4.7m of its surface at 10m/s (stop gap 0.00m, NO minimum distance), else steps 0.90m forward. Targeting cone left exactly as her prefab has it.
[     1    0.000 x1.00] LOG  [OniBoss:Layer] Yoru launch ROUND 9: airborne attacks launch too (ON), edge probe now runs on its OWN layer mask (Everything) instead of the line-of-sight mask - the Ground-only mask found no floor in this cave and was cancelling 100% of launches at 0.00m travelled.
[     1    0.000 x1.00] LOG  [OniBoss:Layer] animator speed x1.35 — his 1.13s swing now plays in 0.84s.
[     1    0.000 x1.00] LOG  [OniBoss:Layer] chase speed pushed: phase1 4.5, phase2 5.5 (Yoru runs at 7).
[     1    0.000 x1.00] LOG  [OniBoss:Layer] ground wave ON (round 38): half the club's damage on TOUCH, 12m/s x 6.0m from 1.6m in front at 0.35m height — a club hit cancels that swing's wave, jumping clears it. Per-attack effects come from the Swing Wave VFX By Attack rows. PlayerHealth found, PlayerMovement found.
[     1    0.000 x1.00] LOG  [StormWeather] storm break HELD (waiting for the lightning beat)
[     1    0.000 x1.00] LOG  [OniBoss:Layer] storm break HELD — it releases at the lightning-on-the-club beat.
[     1    0.000 x1.00] LOG  [OniBoss:Layer] club tracking ON — tip 'Kanabo3' (depth 4), shaft root 'kanabo'.
[     1    0.000 x1.00] LOG  [OniBoss:Layer] skinned meshes: 46 renderer(s), updateWhenOffscreen ON, body renderer 'Body' rootBone 'Hips'
[     1    0.000 x1.00] LOG  [OniBoss:Layer] charge travel bone: 'Hips' at depth 1 under 'OniBoss', rest local (0.00, 3.24, -0.24)
[     1    0.000 x1.00] LOG  [OniBoss:Layer] anti-kite ON: thrown swing after 4s of failed chase (within 7.6m), charge after 6s.
[     1    0.000 x1.00] LOG  [OniBoss:Layer] charge drive ON (windup to 0.40 at x1.3, rush 14m/s stops at 2.6m, steers 0.35s then commits, strike section from 0.58, strike moment 0.76, trail VFX off)
[     1    0.000 x1.00] LOG  [OniBoss:Layer] attack armor ON (his swings are not interrupted by light/medium hits; heavy hits and rapid-hit bursts still stop him)
[     1    0.000 x1.00] LOG  [OniBoss:Layer] strike moments overridden: Club_Swing=0.42 ClubSwing2=0.32 ClubSlam=0.85 KanaboSweep=0.48
[     1    0.000 x1.00] LOG  [OniBoss:Layer] club TOUCH hits ON (radius 0.70m, min tip speed 50m/s, armed from 0.20 of the clip): Club_Swing ClubSwing2 ClubSlam KanaboSweep. First touch wins — club full damage, wave half, one hit per swing.
[     1    0.000 x1.00] LOG  [OniBoss:Layer] combo damage ramp ON: mid x1.25, finisher x1.50 — finisher wave carries FULL damage at x2.0 size, x2.0 travel.
[     1    0.000 x1.00] LOG  [OniBoss:Layer] charge follow-up ON: 90 % of solo charges chain into a random melee finisher.
[     1    0.000 x1.00] LOG  [OniBoss:Layer] hold-ground ON (backstep 1.5m @ 1.6m/s after own attacks, watch 'Watch', attack facing LOCKED)
[     1    0.000 x1.00] LOG  [OniBoss:Layer] OniBoss layer ready (reactions, wake-on-hit, watch stance, boss bar). player=found
[     1    0.000 x1.00] LOG  [OniBoss:Layer] charge clip 'Oni Charge.fbx' imports with Root Motion Node = None (in place) — good.
[     1    0.000 x1.00] LOG  [OniBoss:Layer] clips importing with Root Transform Position (Y) NOT baked into pose (12): Oni_Alert(Oni Alert), Club_Slam(Oni Club Slam), Club_Swing(Oni Club Swing), Club_swing2(Oni Club Swing 2), Death(Oni Death Kneel), Hit_react_light(Oni Hit react lighter light), KanaboSweep(Oni Kanabo sweep), Phase_Transition(Oni Phase transition), run(Oni Run), Walk(Oni Walk), Watch(Oni Watch), Idle(Oni Idle) — their hips' up/down motion is stripped (see round notes; optional).
[     1    0.000 x1.00] LOG  === VFX MANAGER INITIALIZED ===
[     1    0.000 x1.00] LOG  Auto-detect animations: False
[     1    0.000 x1.00] LOG  Parent effects to tail: True
[     1    0.000 x1.00] LOG  Prefabs: Jump=True, Land=True, LTail=True, RTail=True
[     1    0.000 x1.00] LOG  ✅ Left Tail Tip: LeftTailVFX
[     1    0.000 x1.00] LOG  ✅ Right Tail Tip: RightTailTip_Anchor
[     1    0.000 x1.00] LOG  [VolumetricFogController] applyPresets is OFF in this scene. The Volumetric Fog component keeps its hand-set inspector values.
[     1    0.000 x1.00] LOG  [TailAirShot] Ready. drawState=RightTail_Fast castParam=TailCastSpeed (found)
  arrow leaves: PlayerYoru_1.1/Cat_All_10_Tails_v4/Group/DeformationSystem/root/Root_M/Tail15_R/Tail151_R/Tail152_R/Tail153_R/Tail154_R/Tail155_R/Tail156_R/Tail157_R/Tail158_R/Tail159_R/Tail1510_R/Tail1511_R/Tail1512_R/Tail6_R/Tail6_R_end/Tail6_R_end_end/Tail6_R_end_end_end/RightTailTip_Anchor
  aim VFX: PlayerYoru_1.1/Cat_All_10_Tails_v4/Group/DeformationSystem/root/Root_M/Tail15_R/Tail151_R/Tail152_R/Tail153_R/Tail154_R/Tail155_R/Tail156_R/Tail157_R/Tail158_R/Tail159_R/Tail1510_R/Tail1511_R/Tail1512_R/Tail6_R/Tail6_R_end/Tail6_R_end_end/Tail6_R_end_end_end/RightTailTip_Anchor/vfx_Muzzle_Fireball01Blue
[     1    0.000 x1.00] LOG  [RingMesh] VFX Status:
[     1    0.000 x1.00] LOG    Left: Prefab=✓, Spawn=Tail6_L_end_end_end
[     1    0.000 x1.00] LOG    Right: Prefab=✓, Spawn=Tail6_R_end_end_end
[     1    0.000 x1.00] LOG  [TailAirShot4Leg] Ready. drawState=shoot_4Leg castParam=Shoot4LegSpeed (found) readyFrame=5 fireFrame=10 frames=24 slowBudget=3s real damageMultiplier=2.00
  arrow leaves: PlayerYoru_1.1/Cat_All_10_Tails_v4/Group/DeformationSystem/root/Root_M/Tail15_R/Tail151_R/Tail152_R/Tail153_R/Tail154_R/Tail155_R/Tail156_R/Tail157_R/Tail158_R/Tail159_R/Tail1510_R/Tail1511_R/Tail1512_R/Tail6_R/Tail6_R_end/Tail6_R_end_end/Tail6_R_end_end_end/RightTailTip_Anchor
  aim VFX left:  PlayerYoru_1.1/Cat_All_10_Tails_v4/Group/DeformationSystem/root/Root_M/Tail15_L/Tail151_L/Tail152_L/Tail153_L/Tail154_L/Tail155_L/Tail156_L/Tail157_L/Tail158_L/Tail159_L/Tail1510_L/Tail1511_L/Tail1512_L/Tail6_L/Tail6_L_end/Tail6_L_end_end/Tail6_L_end_end_end/LeftTailTip_Anchor/Glow_4Leg_L
  aim VFX right: PlayerYoru_1.1/Cat_All_10_Tails_v4/Group/DeformationSystem/root/Root_M/Tail15_R/Tail151_R/Tail152_R/Tail153_R/Tail154_R/Tail155_R/Tail156_R/Tail157_R/Tail158_R/Tail159_R/Tail1510_R/Tail1511_R/Tail1512_R/Tail6_R/Tail6_R_end/Tail6_R_end_end/Tail6_R_end_end_end/RightTailTip_Anchor/Glow_4Leg_R
[     1    0.000 x1.00] LOG  [PlayerCombat] Phase 2 form gate CONNECTED (FormController found on this GameObject).
[     1    0.000 x1.00] LOG  [Combat] PlayerCombat initialized — Phase 3C v27
[     1    0.000 x1.00] LOG  [CameraGameFeel] CameraGameFeel initialized (shake + FOV)
[     1    2.675 x1.00] LOG  [OniBoss] Playing animation: Idle
[     1    2.675 x1.00] LOG  [OniBoss:Layer] watch stance ON (player 13.4m)
[    19    3.665 x1.00] LOG  💨 Landing VFX spawned!
[    19    3.665 x1.00] LOG  ✅ LANDED! (was jump #0)
[  1422   14.005 x1.00] LOG  
==================== [FREEZE-DEBUG v3] ====================
  Reason : WASD-NOMOVE: WASD recent + speed 0.00m/s for 0.40s
  Time   : 10.766s   Frame: 1422   Snaps: 60
===========================================================

--- CURRENT STATE ---
  Flags: atk=False hvy=False dod=False dsh=False
         grd=False hit=False aerial=False lockPos=False
         comboStep=0
  Anim : speed=1.00  combatLayer hash=-792875657 normT=10.761 weight=1.00 inTransition=False
  CC   : grounded=True  enabled=True  pos=(474.28, -0.02, 426.50)  vel=(0.00, 0.00, 0.00)
  Move : IsRunning=False
  Input: H=0.00 V=-1.00  LMB=False MMB=False Q=False Sp=False Sh=False C=False
         WASD pressed in last 0.5s: True (last 0.00s ago)

--- FLIGHT RECORDER (60 snapshots, oldest first, dt=0.10s) ---
  Legend: flags = A(tk) H(vy) D(od) S(sh) G(rd) R(eact) Y(aerial) L(ock)   gnd/cc: Y/n
  t-now    flags     step gnd cc anSp normT layW tr | posX     posZ     spd   | H    V    LMB MMB Q  Sp Sh C
  ------   --------  ---- --- -- ---- ----- ---- -- | -----    -----    ----  | ---- ---- --- --- -- -- -- -
  - 6.18s  --------    0  Y   Y  1.00  4.58 1.00 -  |   474.5    427.2  0.00 |  0.0  0.0 0   0   0  0  0  0
  - 6.08s  --------    0  Y   Y  1.00  4.68 1.00 -  |   474.5    427.2  0.00 |  0.0  0.0 0   0   0  0  0  0
  - 5.97s  --------    0  Y   Y  1.00  4.78 1.00 -  |   474.5    427.2  0.00 |  0.0  0.0 0   0   0  0  0  0
  - 5.87s  --------    0  Y   Y  1.00  4.89 1.00 -  |   474.5    427.2  0.00 |  0.0  0.0 0   0   0  0  0  0
  - 5.76s  --------    0  Y   Y  1.00  4.99 1.00 -  |   474.5    427.2  0.00 |  0.0  0.0 0   0   0  0  0  0
  - 5.66s  --------    0  Y   Y  1.00  5.09 1.00 -  |   474.5    427.2  0.00 |  0.0  0.0 0   0   0  0  0  0
  - 5.55s  --------    0  Y   Y  1.00  5.21 1.00 -  |   474.5    427.2  0.00 |  0.0  0.0 0   0   0  0  0  0
  - 5.45s  --------    0  Y   Y  1.00  5.31 1.00 -  |   474.5    427.2  0.00 |  0.0  0.0 0   0   0  0  0  0
  - 5.34s  --------    0  Y   Y  1.00  5.42 1.00 -  |   474.5    427.2  0.00 |  0.0  0.0 0   0   0  0  0  0
  - 5.24s  --------    0  Y   Y  1.00  5.52 1.00 -  |   474.5    427.2  0.00 |  0.0  0.0 0   0   0  0  0  0
  - 5.14s  --------    0  Y   Y  1.00  5.62 1.00 -  |   474.5    427.2  0.00 |  0.0  0.0 0   0   0  0  0  0
  - 5.03s  --------    0  Y   Y  1.00  5.72 1.00 -  |   474.5    427.2  0.00 |  0.0  0.0 0   0   0  0  0  0
  - 4.93s  --------    0  Y   Y  1.00  5.83 1.00 -  |   474.5    427.2  0.00 |  0.0  0.0 0   0   0  0  0  0
  - 4.82s  --------    0  Y   Y  1.00  5.94 1.00 -  |   474.5    427.2  0.00 |  0.0  0.0 0   0   0  0  0  0
  - 4.72s  --------    0  Y   Y  1.00  6.04 1.00 -  |   474.5    427.2  0.00 |  0.0  0.0 0   0   0  0  0  0
  - 4.61s  --------    0  Y   Y  1.00  6.15 1.00 -  |   474.5    427.2  0.00 |  0.0  0.0 0   0   0  0  0  0
  - 4.51s  --------    0  Y   Y  1.00  6.25 1.00 -  |   474.5    427.2  0.00 |  0.0  0.0 0   0   0  0  0  0
  - 4.41s  --------    0  Y   Y  1.00  6.35 1.00 -  |   474.5    427.2  0.00 |  0.0  0.0 0   0   0  0  0  0
  - 4.30s  --------    0  Y   Y  1.00  6.46 1.00 -  |   474.5    427.2  0.00 |  0.0  0.0 0   0   0  0  0  0
  - 4.19s  --------    0  Y   Y  1.00  6.57 1.00 -  |   474.5    427.2  0.00 |  0.0  0.0 0   0   0  0  0  0
  - 4.09s  --------    0  Y   Y  1.00  6.66 1.00 -  |   474.5    427.2  0.00 |  0.0  0.0 0   0   0  0  0  0
  - 3.98s  --------    0  Y   Y  1.00  6.77 1.00 -  |   474.5    427.2  0.00 |  0.0  0.0 0   0   0  0  0  0
  - 3.88s  --------    0  Y   Y  1.00  6.88 1.00 -  |   474.5    427.2  0.00 |  0.0  0.0 0   0   0  0  0  0
  - 3.77s  --------    0  Y   Y  1.00  6.98 1.00 -  |   474.5    427.2  0.00 |  0.0  0.0 0   0   0  0  0  0
  - 3.67s  --------    0  Y   Y  1.00  7.09 1.00 -  |   474.5    427.2  0.00 |  0.0  0.0 0   0   0  0  0  0
  - 3.57s  --------    0  Y   Y  1.00  7.19 1.00 -  |   474.5    427.2  0.00 |  0.0  0.0 0   0   0  0  0  0
  - 3.47s  --------    0  Y   Y  1.00  7.29 1.00 -  |   474.5    427.2  0.00 |  0.0  0.0 0   0   0  0  0  0
  - 3.36s  --------    0  Y   Y  1.00  7.40 1.00 -  |   474.5    427.2  0.00 |  0.0  0.0 0   0   0  0  0  0
  - 3.26s  --------    0  Y   Y  1.00  7.50 1.00 -  |   474.5    427.2  0.00 |  0.0  0.0 0   0   0  0  0  0
  - 3.16s  --------    0  Y   Y  1.00  7.60 1.00 -  |   474.5    427.2  0.00 |  0.0  0.0 0   0   0  0  0  0
  - 3.06s  --------    0  Y   Y  1.00  7.70 1.00 -  |   474.5    427.2  0.00 |  0.0  0.0 0   0   0  0  0  0
  - 2.95s  --------    0  Y   Y  1.00  7.80 1.00 -  |   474.5    427.2  0.00 |  0.0  0.0 0   0   0  0  0  0
  - 2.85s  --------    0  Y   Y  1.00  7.91 1.00 -  |   474.5    427.2  0.00 |  0.0  0.0 0   0   0  0  0  0
  - 2.75s  --------    0  Y   Y  1.00  8.01 1.00 -  |   474.5    427.2  0.00 |  0.0  0.0 0   0   0  0  0  0
  - 2.64s  --------    0  Y   Y  1.00  8.11 1.00 -  |   474.5    427.2  0.00 |  0.0  0.0 0   0   0  0  0  0
  - 2.54s  --------    0  Y   Y  1.00  8.22 1.00 -  |   474.5    427.2  0.00 |  0.0  0.0 0   0   0  0  0  0
  - 2.43s  --------    0  Y   Y  1.00  8.32 1.00 -  |   474.5    427.2  0.00 |  0.0  0.0 0   0   0  0  0  0
  - 2.32s  --------    0  Y   Y  1.00  8.43 1.00 -  |   474.5    427.2  0.00 |  0.0  0.0 0   0   0  0  0  0
  - 2.22s  --------    0  Y   Y  1.00  8.53 1.00 -  |   474.5    427.2  0.00 |  0.0  0.0 0   0   0  0  0  0
  - 2.12s  --------    0  Y   Y  1.00  8.63 1.00 -  |   474.5    427.2  0.00 |  0.0  0.0 0   0   0  0  0  0
  - 2.01s  --------    0  Y   Y  1.00  8.74 1.00 -  |   474.5    427.2  0.00 |  0.0  0.0 0   0   0  0  0  0
  - 1.91s  --------    0  Y   Y  1.00  8.85 1.00 -  |   474.5    427.2  0.00 |  0.0  0.0 0   0   0  0  0  0
  - 1.81s  --------    0  Y   Y  1.00  8.95 1.00 -  |   474.5    427.2  0.00 |  0.0  0.0 0   0   0  0  0  0
  - 1.70s  --------    0  Y   Y  1.00  9.06 1.00 -  |   474.5    427.2  0.00 |  0.0  0.0 0   0   0  0  0  0
  - 1.60s  --------    0  Y   Y  1.00  9.16 1.00 -  |   474.5    427.2  0.00 |  0.0  0.0 0   0   0  0  0  0
  - 1.50s  --------    0  Y   Y  1.00  9.26 1.00 -  |   474.5    427.2  0.00 |  0.0  0.0 0   0   0  0  0  0
  - 1.40s  --------    0  Y   Y  1.00  9.36 1.00 -  |   474.5    427.2  0.00 |  0.0  0.0 0   0   0  0  0  0
  - 1.29s  --------    0  Y   Y  1.00  9.47 1.00 -  |   474.5    427.2  0.00 |  0.0  0.0 0   0   0  0  0  0
  - 1.19s  --------    0  Y   Y  1.00  9.57 1.00 -  |   474.5    427.2  0.00 |  0.0  0.0 0   0   0  0  0  0
  - 1.09s  --------    0  Y   Y  1.00  9.67 1.00 -  |   474.5    427.2  0.00 |  0.0  0.0 0   0   0  0  0  0
  - 0.99s  --------    0  Y   Y  1.00  9.78 1.00 -  |   474.5    427.2  0.00 |  0.0  0.0 0   0   0  0  0  0
  - 0.89s  --------    0  Y   Y  1.00  9.87 1.00 -  |   474.5    427.2  0.00 |  0.0  0.0 0   0   0  0  0  0
  - 0.78s  --------    0  Y   Y  1.00  9.98 1.00 -  |   474.5    427.2  0.00 |  0.0  0.0 0   0   0  0  0  0
  - 0.68s  --------    0  Y   Y  1.00 10.08 1.00 -  |   474.5    427.2  0.00 |  0.0  0.0 0   0   0  0  0  0
  - 0.57s  --------    0  Y   Y  1.00 10.19 1.00 -  |   474.5    427.2  0.00 |  0.0  0.0 0   0   0  0  0  0
  - 0.47s  --------    0  Y   Y  1.00 10.29 1.00 -  |   474.5    427.2  0.00 |  0.0  0.0 0   0   0  0  0  0
  - 0.36s  --------    0  Y   Y  1.00 10.40 1.00 -  |   474.5    427.2  0.00 |  0.0 -1.0 0   0   0  0  0  0
  - 0.26s  --------    0  Y   Y  1.00 10.50 1.00 -  |   474.4    427.0  0.00 |  0.0 -1.0 0   0   0  0  0  0
  - 0.15s  --------    0  Y   Y  1.00 10.61 1.00 -  |   474.4    426.8  0.00 |  0.0 -1.0 0   0   0  0  0  0
  - 0.04s  --------    0  Y   Y  1.00 10.72 1.00 -  |   474.3    426.6  0.00 |  0.0 -1.0 0   0   0  0  0  0
=========================================================== END

[  3849   32.605 x1.00] LOG  [OniBoss:Layer] watch stance OFF, back to Idle (player 16.5m)
[  3874   32.819 x1.00] LOG  
==================== [FREEZE-DEBUG v3] ====================
  Reason : WASD-NOMOVE: WASD recent + speed 0.00m/s for 0.40s
  Time   : 29.579s   Frame: 3874   Snaps: 60
===========================================================

--- CURRENT STATE ---
  Flags: atk=False hvy=False dod=False dsh=False
         grd=False hit=False aerial=False lockPos=False
         comboStep=0
  Anim : speed=1.00  combatLayer hash=-792875657 normT=29.568 weight=1.00 inTransition=False
  CC   : grounded=True  enabled=True  pos=(472.75, -0.02, 422.71)  vel=(0.00, 0.00, 0.00)
  Move : IsRunning=False
  Input: H=-1.00 V=0.00  LMB=False MMB=False Q=False Sp=False Sh=False C=False
         WASD pressed in last 0.5s: True (last 0.00s ago)

--- FLIGHT RECORDER (60 snapshots, oldest first, dt=0.10s) ---
  Legend: flags = A(tk) H(vy) D(od) S(sh) G(rd) R(eact) Y(aerial) L(ock)   gnd/cc: Y/n
  t-now    flags     step gnd cc anSp normT layW tr | posX     posZ     spd   | H    V    LMB MMB Q  Sp Sh C
  ------   --------  ---- --- -- ---- ----- ---- -- | -----    -----    ----  | ---- ---- --- --- -- -- -- -
  - 6.16s  --------    0  Y   Y  1.00 23.41 1.00 -  |   473.3    423.2  0.00 |  0.0  0.0 0   0   0  0  0  0
  - 6.05s  --------    0  Y   Y  1.00 23.51 1.00 -  |   473.3    423.2  0.00 |  0.0  0.0 0   0   0  0  0  0
  - 5.95s  --------    0  Y   Y  1.00 23.62 1.00 -  |   473.3    423.2  0.00 |  0.0  0.0 0   0   0  0  0  0
  - 5.84s  --------    0  Y   Y  1.00 23.73 1.00 -  |   473.3    423.2  0.00 |  0.0  0.0 0   0   0  0  0  0
  - 5.74s  --------    0  Y   Y  1.00 23.83 1.00 -  |   473.3    423.2  0.00 |  0.0  0.0 0   0   0  0  0  0
  - 5.64s  --------    0  Y   Y  1.00 23.93 1.00 -  |   473.3    423.2  0.00 |  0.0  0.0 0   0   0  0  0  0
  - 5.54s  --------    0  Y   Y  1.00 24.04 1.00 -  |   473.3    423.2  0.00 |  0.0  0.0 0   0   0  0  0  0
  - 5.43s  --------    0  Y   Y  1.00 24.14 1.00 -  |   473.3    423.2  0.00 |  0.0  0.0 0   0   0  0  0  0
  - 5.33s  --------    0  Y   Y  1.00 24.24 1.00 -  |   473.3    423.2  0.00 |  0.0  0.0 0   0   0  0  0  0
  - 5.23s  --------    0  Y   Y  1.00 24.34 1.00 -  |   473.3    423.2  0.00 |  0.0  0.0 0   0   0  0  0  0
  - 5.12s  --------    0  Y   Y  1.00 24.45 1.00 -  |   473.3    423.2  0.00 |  0.0  0.0 0   0   0  0  0  0
  - 5.02s  --------    0  Y   Y  1.00 24.55 1.00 -  |   473.3    423.2  0.00 |  0.0  0.0 0   0   0  0  0  0
  - 4.91s  --------    0  Y   Y  1.00 24.66 1.00 -  |   473.3    423.2  0.00 |  0.0  0.0 0   0   0  0  0  0
  - 4.81s  --------    0  Y   Y  1.00 24.77 1.00 -  |   473.3    423.2  0.00 |  0.0  0.0 0   0   0  0  0  0
  - 4.70s  --------    0  Y   Y  1.00 24.87 1.00 -  |   473.3    423.2  0.00 |  0.0  0.0 0   0   0  0  0  0
  - 4.60s  --------    0  Y   Y  1.00 24.98 1.00 -  |   473.3    423.2  0.00 |  0.0  0.0 0   0   0  0  0  0
  - 4.49s  --------    0  Y   Y  1.00 25.08 1.00 -  |   473.3    423.2  0.00 |  0.0  0.0 0   0   0  0  0  0
  - 4.39s  --------    0  Y   Y  1.00 25.19 1.00 -  |   473.3    423.2  0.00 |  0.0  0.0 0   0   0  0  0  0
  - 4.28s  --------    0  Y   Y  1.00 25.29 1.00 -  |   473.3    423.2  0.00 |  0.0  0.0 0   0   0  0  0  0
  - 4.18s  --------    0  Y   Y  1.00 25.39 1.00 -  |   473.3    423.2  0.00 |  0.0  0.0 0   0   0  0  0  0
  - 4.07s  --------    0  Y   Y  1.00 25.50 1.00 -  |   473.3    423.2  0.00 |  0.0  0.0 0   0   0  0  0  0
  - 3.96s  --------    0  Y   Y  1.00 25.61 1.00 -  |   473.3    423.2  0.00 |  0.0  0.0 0   0   0  0  0  0
  - 3.86s  --------    0  Y   Y  1.00 25.71 1.00 -  |   473.3    423.2  0.00 |  0.0  0.0 0   0   0  0  0  0
  - 3.76s  --------    0  Y   Y  1.00 25.81 1.00 -  |   473.3    423.2  0.00 |  0.0  0.0 0   0   0  0  0  0
  - 3.66s  --------    0  Y   Y  1.00 25.92 1.00 -  |   473.3    423.2  0.00 |  0.0  0.0 0   0   0  0  0  0
  - 3.55s  --------    0  Y   Y  1.00 26.02 1.00 -  |   473.3    423.2  0.00 |  0.0  0.0 0   0   0  0  0  0
  - 3.45s  --------    0  Y   Y  1.00 26.11 1.00 -  |   473.3    423.2  0.00 |  0.0  0.0 0   0   0  0  0  0
  - 3.35s  --------    0  Y   Y  1.00 26.22 1.00 -  |   473.3    423.2  0.00 |  0.0  0.0 0   0   0  0  0  0
  - 3.25s  --------    0  Y   Y  1.00 26.32 1.00 -  |   473.3    423.2  0.00 |  0.0  0.0 0   0   0  0  0  0
  - 3.15s  --------    0  Y   Y  1.00 26.41 1.00 -  |   473.3    423.2  0.00 |  0.0  0.0 0   0   0  0  0  0
  - 3.05s  --------    0  Y   Y  1.00 26.53 1.00 -  |   473.3    423.2  0.00 |  0.0  0.0 0   0   0  0  0  0
  - 2.94s  --------    0  Y   Y  1.00 26.63 1.00 -  |   473.3    423.2  0.00 |  0.0  0.0 0   0   0  0  0  0
  - 2.84s  --------    0  Y   Y  1.00 26.74 1.00 -  |   473.3    423.2  0.00 |  0.0  0.0 0   0   0  0  0  0
  - 2.74s  --------    0  Y   Y  1.00 26.84 1.00 -  |   473.3    423.2  0.00 |  0.0  0.0 0   0   0  0  0  0
  - 2.63s  --------    0  Y   Y  1.00 26.94 1.00 -  |   473.3    423.2  0.00 |  0.0  0.0 0   0   0  0  0  0
  - 2.53s  --------    0  Y   Y  1.00 27.04 1.00 -  |   473.3    423.2  0.00 |  0.0  0.0 0   0   0  0  0  0
  - 2.43s  --------    0  Y   Y  1.00 27.15 1.00 -  |   473.3    423.2  0.00 |  0.0  0.0 0   0   0  0  0  0
  - 2.32s  --------    0  Y   Y  1.00 27.25 1.00 -  |   473.3    423.2  0.00 |  0.0  0.0 0   0   0  0  0  0
  - 2.22s  --------    0  Y   Y  1.00 27.36 1.00 -  |   473.3    423.2  0.00 |  0.0  0.0 0   0   0  0  0  0
  - 2.11s  --------    0  Y   Y  1.00 27.46 1.00 -  |   473.3    423.2  0.00 |  0.0  0.0 0   0   0  0  0  0
  - 2.01s  --------    0  Y   Y  1.00 27.56 1.00 -  |   473.3    423.2  0.00 |  0.0  0.0 0   0   0  0  0  0
  - 1.91s  --------    0  Y   Y  1.00 27.66 1.00 -  |   473.3    423.2  0.00 |  0.0  0.0 0   0   0  0  0  0
  - 1.81s  --------    0  Y   Y  1.00 27.76 1.00 -  |   473.3    423.2  0.00 |  0.0  0.0 0   0   0  0  0  0
  - 1.70s  --------    0  Y   Y  1.00 27.87 1.00 -  |   473.3    423.2  0.00 |  0.0  0.0 0   0   0  0  0  0
  - 1.60s  --------    0  Y   Y  1.00 27.97 1.00 -  |   473.3    423.2  0.00 |  0.0  0.0 0   0   0  0  0  0
  - 1.50s  --------    0  Y   Y  1.00 28.07 1.00 -  |   473.3    423.2  0.00 |  0.0  0.0 0   0   0  0  0  0
  - 1.39s  --------    0  Y   Y  1.00 28.18 1.00 -  |   473.3    423.2  0.00 |  0.0  0.0 0   0   0  0  0  0
  - 1.28s  --------    0  Y   Y  1.00 28.29 1.00 -  |   473.3    423.2  0.00 |  0.0  0.0 0   0   0  0  0  0
  - 1.18s  --------    0  Y   Y  1.00 28.39 1.00 -  |   473.3    423.2  0.00 |  0.0  0.0 0   0   0  0  0  0
  - 1.08s  --------    0  Y   Y  1.00 28.50 1.00 -  |   473.3    423.2  0.00 |  0.0  0.0 0   0   0  0  0  0
  - 0.98s  --------    0  Y   Y  1.00 28.60 1.00 -  |   473.3    423.2  0.00 |  0.0  0.0 0   0   0  0  0  0
  - 0.87s  --------    0  Y   Y  1.00 28.70 1.00 -  |   473.3    423.2  0.00 |  0.0  0.0 0   0   0  0  0  0
  - 0.77s  --------    0  Y   Y  1.00 28.80 1.00 -  |   473.3    423.2  0.00 |  0.0  0.0 0   0   0  0  0  0
  - 0.67s  --------    0  Y   Y  1.00 28.90 1.00 -  |   473.3    423.2  0.00 |  0.0  0.0 0   0   0  0  0  0
  - 0.56s  --------    0  Y   Y  1.00 29.01 1.00 -  |   473.3    423.2  0.00 |  0.0  0.0 0   0   0  0  0  0
  - 0.46s  --------    0  Y   Y  1.00 29.11 1.00 -  |   473.3    423.2  0.00 |  0.0  0.0 0   0   0  0  0  0
  - 0.36s  --------    0  Y   Y  1.00 29.22 1.00 -  |   473.2    423.2  0.00 | -1.0  0.0 0   0   0  0  0  0
  - 0.25s  --------    0  Y   Y  1.00 29.32 1.00 -  |   473.1    423.0  0.00 | -1.0  0.0 0   0   0  0  0  0
  - 0.14s  --------    0  Y   Y  1.00 29.43 1.00 -  |   472.9    422.9  0.00 | -1.0  0.0 0   0   0  0  0  0
  - 0.04s  --------    0  Y   Y  1.00 29.54 1.00 -  |   472.8    422.7  0.00 | -1.0  0.0 0   0   0  0  0  0
=========================================================== END

[  4132   34.885 x1.00] LOG  🚶 2-LEG JUMP
[  4132   34.885 x1.00] LOG  🐾 Jump 1 VFX spawned!
[  4239   35.822 x1.00] LOG  💨 Landing VFX spawned!
[  4239   35.822 x1.00] LOG  ✅ LANDED! (was jump #1)
[  4364   36.852 x1.00] LOG  
==================== [FREEZE-DEBUG v3] ====================
  Reason : WASD-NOMOVE: WASD recent + speed 0.00m/s for 0.40s
  Time   : 33.612s   Frame: 4364   Snaps: 60
===========================================================

--- CURRENT STATE ---
  Flags: atk=False hvy=False dod=False dsh=False
         grd=False hit=False aerial=False lockPos=False
         comboStep=0
  Anim : speed=1.00  combatLayer hash=-792875657 normT=33.605 weight=1.00 inTransition=False
  CC   : grounded=True  enabled=True  pos=(465.71, -0.02, 417.18)  vel=(0.00, 0.00, 0.00)
  Move : IsRunning=False
  Input: H=-1.00 V=0.00  LMB=False MMB=False Q=False Sp=False Sh=False C=False
         WASD pressed in last 0.5s: True (last 0.00s ago)

--- FLIGHT RECORDER (60 snapshots, oldest first, dt=0.10s) ---
  Legend: flags = A(tk) H(vy) D(od) S(sh) G(rd) R(eact) Y(aerial) L(ock)   gnd/cc: Y/n
  t-now    flags     step gnd cc anSp normT layW tr | posX     posZ     spd   | H    V    LMB MMB Q  Sp Sh C
  ------   --------  ---- --- -- ---- ----- ---- -- | -----    -----    ----  | ---- ---- --- --- -- -- -- -
  - 6.25s  --------    0  Y   Y  1.00 27.36 1.00 -  |   473.3    423.2  0.00 |  0.0  0.0 0   0   0  0  0  0
  - 6.15s  --------    0  Y   Y  1.00 27.46 1.00 -  |   473.3    423.2  0.00 |  0.0  0.0 0   0   0  0  0  0
  - 6.05s  --------    0  Y   Y  1.00 27.56 1.00 -  |   473.3    423.2  0.00 |  0.0  0.0 0   0   0  0  0  0
  - 5.95s  --------    0  Y   Y  1.00 27.66 1.00 -  |   473.3    423.2  0.00 |  0.0  0.0 0   0   0  0  0  0
  - 5.84s  --------    0  Y   Y  1.00 27.76 1.00 -  |   473.3    423.2  0.00 |  0.0  0.0 0   0   0  0  0  0
  - 5.74s  --------    0  Y   Y  1.00 27.87 1.00 -  |   473.3    423.2  0.00 |  0.0  0.0 0   0   0  0  0  0
  - 5.64s  --------    0  Y   Y  1.00 27.97 1.00 -  |   473.3    423.2  0.00 |  0.0  0.0 0   0   0  0  0  0
  - 5.53s  --------    0  Y   Y  1.00 28.07 1.00 -  |   473.3    423.2  0.00 |  0.0  0.0 0   0   0  0  0  0
  - 5.42s  --------    0  Y   Y  1.00 28.18 1.00 -  |   473.3    423.2  0.00 |  0.0  0.0 0   0   0  0  0  0
  - 5.32s  --------    0  Y   Y  1.00 28.29 1.00 -  |   473.3    423.2  0.00 |  0.0  0.0 0   0   0  0  0  0
  - 5.21s  --------    0  Y   Y  1.00 28.39 1.00 -  |   473.3    423.2  0.00 |  0.0  0.0 0   0   0  0  0  0
  - 5.11s  --------    0  Y   Y  1.00 28.50 1.00 -  |   473.3    423.2  0.00 |  0.0  0.0 0   0   0  0  0  0
  - 5.01s  --------    0  Y   Y  1.00 28.60 1.00 -  |   473.3    423.2  0.00 |  0.0  0.0 0   0   0  0  0  0
  - 4.91s  --------    0  Y   Y  1.00 28.70 1.00 -  |   473.3    423.2  0.00 |  0.0  0.0 0   0   0  0  0  0
  - 4.80s  --------    0  Y   Y  1.00 28.80 1.00 -  |   473.3    423.2  0.00 |  0.0  0.0 0   0   0  0  0  0
  - 4.70s  --------    0  Y   Y  1.00 28.90 1.00 -  |   473.3    423.2  0.00 |  0.0  0.0 0   0   0  0  0  0
  - 4.60s  --------    0  Y   Y  1.00 29.01 1.00 -  |   473.3    423.2  0.00 |  0.0  0.0 0   0   0  0  0  0
  - 4.50s  --------    0  Y   Y  1.00 29.11 1.00 -  |   473.3    423.2  0.00 |  0.0  0.0 0   0   0  0  0  0
  - 4.39s  --------    0  Y   Y  1.00 29.22 1.00 -  |   473.2    423.2  0.00 | -1.0  0.0 0   0   0  0  0  0
  - 4.28s  --------    0  Y   Y  1.00 29.32 1.00 -  |   473.1    423.0  0.00 | -1.0  0.0 0   0   0  0  0  0
  - 4.17s  --------    0  Y   Y  1.00 29.43 1.00 -  |   472.9    422.9  0.00 | -1.0  0.0 0   0   0  0  0  0
  - 4.07s  --------    0  Y   Y  1.00 29.54 1.00 -  |   472.8    422.7  0.00 | -1.0  0.0 0   0   0  0  0  0
  - 3.97s  --------    0  Y   Y  1.00 29.63 1.00 -  |   472.6    422.6  0.00 | -1.0  0.0 0   0   0  0  0  0
  - 3.86s  --------    0  Y   Y  1.00 29.74 1.00 -  |   472.5    422.5  0.00 | -1.0  0.0 0   0   0  0  0  0
  - 3.76s  --------    0  Y   Y  1.00 29.84 1.00 -  |   472.3    422.3  0.00 | -1.0  0.0 0   0   0  0  0  0
  - 3.65s  --------    0  Y   Y  1.00 29.95 1.00 -  |   472.2    422.2  0.00 | -1.0  0.0 0   0   0  0  0  0
  - 3.55s  --------    0  Y   Y  1.00 30.05 1.00 -  |   472.0    422.0  0.00 | -1.0  0.0 0   0   0  0  0  0
  - 3.45s  --------    0  Y   Y  1.00 30.16 1.00 -  |   471.9    421.9  0.00 | -1.0  0.0 0   0   0  0  0  0
  - 3.35s  --------    0  Y   Y  1.00 30.26 1.00 -  |   471.7    421.7  0.00 | -1.0  0.0 0   0   0  0  0  0
  - 3.24s  --------    0  Y   Y  1.00 30.36 1.00 -  |   471.6    421.6  0.00 | -1.0  0.0 0   0   0  0  0  0
  - 3.13s  --------    0  Y   Y  1.00 30.47 1.00 -  |   471.4    421.4  0.00 | -1.0  0.0 0   0   0  0  0  0
  - 3.02s  --------    0  Y   Y  1.00 30.58 1.00 -  |   471.3    421.3  0.00 | -1.0  0.0 0   0   0  0  0  0
  - 2.92s  --------    0  Y   Y  1.00 30.68 1.00 -  |   471.1    421.2  0.00 | -1.0  0.0 0   0   0  0  0  0
  - 2.82s  --------    0  Y   Y  1.00 30.78 1.00 -  |   471.0    421.0  0.00 | -1.0  0.0 0   0   0  0  0  0
  - 2.71s  --------    0  Y   Y  1.00 30.89 1.00 -  |   470.8    420.9  0.00 | -1.0  0.0 0   0   0  0  0  0
  - 2.61s  --------    0  Y   Y  1.00 31.00 1.00 -  |   470.7    420.7  0.00 | -1.0  0.0 0   0   0  0  0  0
  - 2.50s  --------    0  Y   Y  1.00 31.10 1.00 -  |   470.5    420.6  0.00 | -1.0  0.0 0   0   0  0  0  0
  - 2.40s  --------    0  Y   Y  1.00 31.21 1.00 -  |   470.3    420.5  0.00 | -1.0  0.0 0   0   0  0  0  0
  - 2.30s  --------    0  Y   Y  1.00 31.31 1.00 -  |   470.2    420.4  0.00 | -1.0  0.0 0   0   0  0  0  0
  - 2.19s  --------    0  Y   Y  1.00 31.41 1.00 -  |   470.0    420.2  0.00 | -1.0  0.0 0   0   0  0  0  0
  - 2.08s  --------    0  Y   Y  1.00 31.52 1.00 -  |   469.8    420.1  0.00 | -1.0  0.0 0   0   0  0  0  0
  - 1.97s  --------    0  Y   Y  1.00 31.63 1.00 -  |   469.7    420.0  0.00 | -1.0  0.0 0   0   0  0  0  0
  - 1.87s  --------    0  n   Y  1.00 31.73 1.00 -  |   469.4    419.8  0.00 | -1.0  0.0 0   0   0  1  0  0
  - 1.77s  --------    0  n   Y  1.00 31.83 1.00 -  |   469.2    419.6  0.00 | -1.0  0.0 0   0   0  1  0  0
  - 1.66s  --------    0  n   Y  1.00 31.94 1.00 -  |   469.0    419.4  0.00 | -1.0  0.0 0   0   0  1  0  0
  - 1.55s  --------    0  n   Y  1.00 32.05 1.00 -  |   468.7    419.2  0.00 | -1.0  0.0 0   0   0  1  0  0
  - 1.45s  --------    0  n   Y  1.00 32.16 1.00 -  |   468.4    419.0  0.00 | -1.0  0.0 0   0   0  1  0  0
  - 1.35s  --------    0  n   Y  1.00 32.26 1.00 -  |   468.2    418.8  0.00 | -1.0  0.0 0   0   0  0  0  0
  - 1.24s  --------    0  n   Y  1.00 32.36 1.00 -  |   468.0    418.6  0.00 | -1.0  0.0 0   0   0  0  0  0
  - 1.13s  --------    0  n   Y  1.00 32.47 1.00 -  |   467.7    418.4  0.00 | -1.0  0.0 0   0   0  0  0  0
  - 1.03s  --------    0  Y   Y  1.00 32.58 1.00 -  |   467.5    418.2  0.00 | -1.0  0.0 0   0   0  0  0  0
  - 0.93s  --------    0  Y   Y  1.00 32.68 1.00 -  |   467.3    418.1  0.00 | -1.0  0.0 0   0   0  0  0  0
  - 0.82s  --------    0  Y   Y  1.00 32.78 1.00 -  |   467.1    418.0  0.00 | -1.0  0.0 0   0   0  0  0  0
  - 0.71s  --------    0  Y   Y  1.00 32.89 1.00 -  |   467.0    417.8  0.00 | -1.0  0.0 0   0   0  0  0  0
  - 0.61s  --------    0  Y   Y  1.00 33.00 1.00 -  |   466.8    417.7  0.00 | -1.0  0.0 0   0   0  0  0  0
  - 0.50s  --------    0  Y   Y  1.00 33.10 1.00 -  |   466.6    417.6  0.00 | -1.0  0.0 0   0   0  0  0  0
  - 0.39s  --------    0  Y   Y  1.00 33.21 1.00 -  |   466.5    417.5  0.00 | -1.0  0.0 0   0   0  0  0  0
  - 0.29s  --------    0  Y   Y  1.00 33.31 1.00 -  |   466.2    417.4  0.00 | -1.0  0.0 0   0   0  0  0  0
  - 0.19s  --------    0  Y   Y  1.00 33.42 1.00 -  |   466.0    417.3  0.00 | -1.0  0.0 0   0   0  0  0  0
  - 0.08s  --------    0  Y   Y  1.00 33.52 1.00 -  |   465.9    417.2  0.00 | -1.0  0.0 0   0   0  0  0  0
=========================================================== END

[  4417   37.305 x1.00] LOG  🚶 2-LEG JUMP
[  4417   37.305 x1.00] LOG  🐾 Jump 1 VFX spawned!
[  4522   38.245 x1.00] LOG  💨 Landing VFX spawned!
[  4522   38.245 x1.00] LOG  ✅ LANDED! (was jump #1)
[  4568   38.672 x1.00] LOG  🚶 2-LEG JUMP
[  4568   38.672 x1.00] LOG  🐾 Jump 1 VFX spawned!
[  4670   39.602 x1.00] LOG  💨 Landing VFX spawned!
[  4670   39.602 x1.00] LOG  ✅ LANDED! (was jump #1)
[  4820   40.882 x1.00] LOG  🚶 2-LEG JUMP
[  4820   40.882 x1.00] LOG  🐾 Jump 1 VFX spawned!
[  4907   41.826 x1.00] LOG  💨 Landing VFX spawned!
[  4907   41.826 x1.00] LOG  ✅ LANDED! (was jump #1)
[  4974   42.409 x1.00] LOG  🚶 2-LEG JUMP
[  4974   42.409 x1.00] LOG  🐾 Jump 1 VFX spawned!
[  5047   43.345 x1.00] LOG  💨 Landing VFX spawned!
[  5047   43.345 x1.00] LOG  ✅ LANDED! (was jump #1)
[  5097   43.797 x1.00] LOG  🚶 2-LEG JUMP
[  5097   43.797 x1.00] LOG  🐾 Jump 1 VFX spawned!
[  5160   44.532 x1.00] LOG  
==================== [FREEZE-DEBUG v3] ====================
  Reason : WASD-NOMOVE: WASD recent + speed 0.00m/s for 0.40s
  Time   : 41.292s   Frame: 5160   Snaps: 60
===========================================================

--- CURRENT STATE ---
  Flags: atk=False hvy=False dod=False dsh=False
         grd=False hit=False aerial=False lockPos=False
         comboStep=0
  Anim : speed=1.00  combatLayer hash=-792875657 normT=41.280 weight=1.00 inTransition=False
  CC   : grounded=False  enabled=True  pos=(455.64, 1.30, 413.85)  vel=(0.00, -5.00, 0.00)
  Move : IsRunning=False
  Input: H=-1.00 V=0.00  LMB=False MMB=False Q=False Sp=False Sh=False C=False
         WASD pressed in last 0.5s: True (last 0.00s ago)

--- FLIGHT RECORDER (60 snapshots, oldest first, dt=0.10s) ---
  Legend: flags = A(tk) H(vy) D(od) S(sh) G(rd) R(eact) Y(aerial) L(ock)   gnd/cc: Y/n
  t-now    flags     step gnd cc anSp normT layW tr | posX     posZ     spd   | H    V    LMB MMB Q  Sp Sh C
  ------   --------  ---- --- -- ---- ----- ---- -- | -----    -----    ----  | ---- ---- --- --- -- -- -- -
  - 6.31s  --------    0  n   Y  1.00 34.97 1.00 -  |   462.3    415.8  0.00 | -1.0  0.0 0   0   0  0  0  0
  - 6.21s  --------    0  Y   Y  1.00 35.07 1.00 -  |   462.1    415.7  0.00 | -1.0  0.0 0   0   0  0  0  0
  - 6.10s  --------    0  Y   Y  1.00 35.18 1.00 -  |   461.9    415.6  0.00 | -1.0  0.0 0   0   0  0  0  0
  - 6.00s  --------    0  Y   Y  1.00 35.29 1.00 -  |   461.7    415.6  0.00 | -1.0  0.0 0   0   0  0  0  0
  - 5.89s  --------    0  Y   Y  1.00 35.39 1.00 -  |   461.5    415.5  0.00 | -1.0  0.0 0   0   0  0  0  0
  - 5.79s  --------    0  n   Y  1.00 35.50 1.00 -  |   461.3    415.4  0.00 | -1.0  0.0 0   0   0  1  0  0
  - 5.69s  --------    0  n   Y  1.00 35.59 1.00 -  |   461.0    415.3  0.00 | -1.0  0.0 0   0   0  0  0  0
  - 5.58s  --------    0  n   Y  1.00 35.71 1.00 -  |   460.7    415.2  0.00 | -1.0  0.0 0   0   0  0  0  0
  - 5.47s  --------    0  n   Y  1.00 35.81 1.00 -  |   460.5    415.0  0.00 | -1.0  0.0 0   0   0  0  0  0
  - 5.37s  --------    0  n   Y  1.00 35.92 1.00 -  |   460.1    414.9  0.00 | -1.0  0.0 0   0   0  0  0  0
  - 5.26s  --------    0  n   Y  1.00 36.03 1.00 -  |   459.8    414.8  0.00 | -1.0  0.0 0   0   0  0  0  0
  - 5.16s  --------    0  n   Y  1.00 36.13 1.00 -  |   459.6    414.7  0.00 | -1.0  0.0 0   0   0  0  0  0
  - 5.05s  --------    0  n   Y  1.00 36.23 1.00 -  |   459.2    414.5  0.00 | -1.0  0.0 0   0   0  0  0  0
  - 4.95s  --------    0  n   Y  1.00 36.34 1.00 -  |   459.0    414.4  0.00 | -1.0  0.0 0   0   0  0  0  0
  - 4.84s  --------    0  Y   Y  1.00 36.44 1.00 -  |   458.7    414.3  0.00 | -1.0  0.0 0   0   0  0  0  0
  - 4.74s  --------    0  Y   Y  1.00 36.54 1.00 -  |   458.6    414.3  0.00 | -1.0  0.0 0   0   0  0  0  0
  - 4.63s  --------    0  Y   Y  1.00 36.65 1.00 -  |   458.3    414.2  0.00 | -1.0  0.0 0   0   0  0  0  0
  - 4.53s  --------    0  Y   Y  1.00 36.76 1.00 -  |   458.2    414.1  0.00 | -1.0  0.0 0   0   0  0  0  0
  - 4.42s  --------    0  Y   Y  1.00 36.87 1.00 -  |   458.0    414.0  0.00 |  0.0  0.0 0   0   0  0  0  0
  - 4.31s  --------    0  Y   Y  1.00 36.97 1.00 -  |   457.7    413.9  0.00 |  0.0  0.0 0   0   0  0  0  0
  - 4.21s  --------    0  Y   Y  1.00 37.08 1.00 -  |   457.6    413.9  0.00 |  0.0  0.0 0   0   0  0  0  0
  - 4.10s  --------    0  Y   Y  1.00 37.18 1.00 -  |   457.4    413.8  0.00 |  0.0  0.0 0   0   0  0  0  0
  - 4.00s  --------    0  Y   Y  1.00 37.28 1.00 -  |   457.4    413.8  0.00 |  0.0  0.0 0   0   0  0  0  0
  - 3.89s  --------    0  Y   Y  1.00 37.39 1.00 -  |   457.4    413.8  0.00 |  0.0  0.0 0   0   0  0  0  0
  - 3.79s  --------    0  Y   Y  1.00 37.49 1.00 -  |   457.4    413.8  0.00 |  0.0  0.0 0   0   0  0  0  0
  - 3.69s  --------    0  Y   Y  1.00 37.59 1.00 -  |   457.4    413.8  0.00 |  0.0  0.0 0   0   0  0  0  0
  - 3.58s  --------    0  n   Y  1.00 37.70 1.00 -  |   457.4    413.8  0.00 |  0.0  0.0 0   0   0  1  0  0
  - 3.47s  --------    0  n   Y  1.00 37.81 1.00 -  |   457.4    413.8  0.00 |  0.0  0.0 0   0   0  0  0  0
  - 3.36s  --------    0  n   Y  1.00 37.92 1.00 -  |   457.3    413.8  0.00 |  0.0  0.0 0   0   0  0  0  0
  - 3.26s  --------    0  n   Y  1.00 38.02 1.00 -  |   457.3    413.7  0.00 |  0.0  0.0 0   0   0  0  0  0
  - 3.15s  --------    0  n   Y  1.00 38.13 1.00 -  |   457.2    413.7  0.00 |  0.0  0.0 0   0   0  0  0  0
  - 3.04s  --------    0  n   Y  1.00 38.23 1.00 -  |   457.2    413.7  0.00 |  0.0  0.0 0   0   0  0  0  0
  - 2.94s  --------    0  n   Y  1.00 38.34 1.00 -  |   457.1    413.7  0.00 |  0.0  0.0 0   0   0  0  0  0
  - 2.84s  --------    0  n   Y  1.00 38.44 1.00 -  |   457.1    413.7  0.00 |  0.0  0.0 0   0   0  0  0  0
  - 2.74s  --------    0  n   Y  1.00 38.54 1.00 -  |   457.0    413.7  0.00 |  0.0  0.0 0   0   0  0  0  0
  - 2.63s  --------    0  Y   Y  1.00 38.65 1.00 -  |   457.0    413.6  0.00 |  0.0  0.0 0   0   0  0  0  0
  - 2.53s  --------    0  Y   Y  1.00 38.76 1.00 -  |   457.0    413.6  0.00 |  0.0  0.0 0   0   0  0  0  0
  - 2.42s  --------    0  Y   Y  1.00 38.86 1.00 -  |   457.0    413.6  0.00 |  0.0  0.0 0   0   0  0  0  0
  - 2.32s  --------    0  Y   Y  1.00 38.96 1.00 -  |   457.0    413.6  0.00 |  0.0  0.0 0   0   0  0  0  0
  - 2.22s  --------    0  Y   Y  1.00 39.07 1.00 -  |   457.0    413.6  0.00 |  0.0  0.0 0   0   0  0  0  0
  - 2.11s  --------    0  Y   Y  1.00 39.17 1.00 -  |   457.0    413.6  0.00 |  0.0  0.0 0   0   0  1  0  0
  - 2.00s  --------    0  n   Y  1.00 39.28 1.00 -  |   457.0    413.6  0.00 |  0.0  0.0 0   0   0  1  0  0
  - 1.90s  --------    0  n   Y  1.00 39.39 1.00 -  |   456.9    413.6  0.00 |  0.0  0.0 0   0   0  0  0  0
  - 1.78s  --------    0  n   Y  1.00 39.49 1.00 -  |   456.9    413.6  0.00 |  0.0  0.0 0   0   0  0  0  0
  - 1.68s  --------    0  n   Y  1.00 39.60 1.00 -  |   456.9    413.6  0.00 |  0.0  0.0 0   0   0  0  0  0
  - 1.57s  --------    0  n   Y  1.00 39.71 1.00 -  |   456.8    413.6  0.00 |  0.0  0.0 0   0   0  0  0  0
  - 1.46s  --------    0  n   Y  1.00 39.82 1.00 -  |   456.8    413.5  0.00 |  0.0  0.0 0   0   0  0  0  0
  - 1.36s  --------    0  n   Y  1.00 39.92 1.00 -  |   456.7    413.5  0.00 |  0.0  0.0 0   0   0  0  0  0
  - 1.26s  --------    0  n   Y  1.00 40.03 1.00 -  |   456.7    413.5  0.00 |  0.0  0.0 0   0   0  0  0  0
  - 1.15s  --------    0  Y   Y  1.00 40.13 1.00 -  |   456.6    413.5  0.00 |  0.0  0.0 0   0   0  0  0  0
  - 1.04s  --------    0  Y   Y  1.00 40.24 1.00 -  |   456.6    413.5  0.00 |  0.0  0.0 0   0   0  0  0  0
  - 0.94s  --------    0  Y   Y  1.00 40.34 1.00 -  |   456.6    413.5  0.00 |  0.0  0.0 0   0   0  0  0  0
  - 0.83s  --------    0  Y   Y  1.00 40.45 1.00 -  |   456.6    413.5  0.00 |  0.0  0.0 0   0   0  0  0  0
  - 0.72s  --------    0  n   Y  1.00 40.56 1.00 -  |   456.6    413.5  0.00 |  0.0  0.0 0   0   0  1  0  0
  - 0.62s  --------    0  n   Y  1.00 40.66 1.00 -  |   456.6    413.5  0.00 |  0.0  0.0 0   0   0  1  0  0
  - 0.52s  --------    0  n   Y  1.00 40.76 1.00 -  |   456.6    413.5  0.00 |  0.0  0.0 0   0   0  1  0  0
  - 0.40s  --------    0  n   Y  1.00 40.87 1.00 -  |   456.5    413.4  0.00 |  0.0  0.0 0   0   0  0  0  0
  - 0.30s  --------    0  n   Y  1.00 40.99 1.00 -  |   456.4    413.5  0.00 | -1.0  0.0 0   0   0  0  0  0
  - 0.20s  --------    0  n   Y  1.00 41.09 1.00 -  |   456.2    413.6  0.00 | -1.0  0.0 0   0   0  0  0  0
  - 0.09s  --------    0  n   Y  1.00 41.19 1.00 -  |   455.9    413.7  0.00 | -1.0  0.0 0   0   0  0  0  0
=========================================================== END

[  5179   44.723 x1.00] LOG  💨 Landing VFX spawned!
[  5179   44.723 x1.00] LOG  ✅ LANDED! (was jump #1)
[  5597   48.585 x1.00] LOG  
==================== [FREEZE-DEBUG v3] ====================
  Reason : WASD-NOMOVE: WASD recent + speed 0.00m/s for 0.41s
  Time   : 45.345s   Frame: 5597   Snaps: 60
===========================================================

--- CURRENT STATE ---
  Flags: atk=False hvy=False dod=False dsh=False
         grd=False hit=False aerial=False lockPos=False
         comboStep=0
  Anim : speed=1.00  combatLayer hash=-792875657 normT=45.334 weight=1.00 inTransition=False
  CC   : grounded=True  enabled=True  pos=(438.99, -0.02, 431.15)  vel=(0.00, 0.00, 0.00)
  Move : IsRunning=True
  Input: H=-1.00 V=0.00  LMB=False MMB=False Q=False Sp=False Sh=True C=False
         WASD pressed in last 0.5s: True (last 0.00s ago)

--- FLIGHT RECORDER (60 snapshots, oldest first, dt=0.10s) ---
  Legend: flags = A(tk) H(vy) D(od) S(sh) G(rd) R(eact) Y(aerial) L(ock)   gnd/cc: Y/n
  t-now    flags     step gnd cc anSp normT layW tr | posX     posZ     spd   | H    V    LMB MMB Q  Sp Sh C
  ------   --------  ---- --- -- ---- ----- ---- -- | -----    -----    ----  | ---- ---- --- --- -- -- -- -
  - 6.27s  --------    0  Y   Y  1.00 39.07 1.00 -  |   457.0    413.6  0.00 |  0.0  0.0 0   0   0  0  0  0
  - 6.17s  --------    0  Y   Y  1.00 39.17 1.00 -  |   457.0    413.6  0.00 |  0.0  0.0 0   0   0  1  0  0
  - 6.06s  --------    0  n   Y  1.00 39.28 1.00 -  |   457.0    413.6  0.00 |  0.0  0.0 0   0   0  1  0  0
  - 5.95s  --------    0  n   Y  1.00 39.39 1.00 -  |   456.9    413.6  0.00 |  0.0  0.0 0   0   0  0  0  0
  - 5.84s  --------    0  n   Y  1.00 39.49 1.00 -  |   456.9    413.6  0.00 |  0.0  0.0 0   0   0  0  0  0
  - 5.73s  --------    0  n   Y  1.00 39.60 1.00 -  |   456.9    413.6  0.00 |  0.0  0.0 0   0   0  0  0  0
  - 5.62s  --------    0  n   Y  1.00 39.71 1.00 -  |   456.8    413.6  0.00 |  0.0  0.0 0   0   0  0  0  0
  - 5.52s  --------    0  n   Y  1.00 39.82 1.00 -  |   456.8    413.5  0.00 |  0.0  0.0 0   0   0  0  0  0
  - 5.41s  --------    0  n   Y  1.00 39.92 1.00 -  |   456.7    413.5  0.00 |  0.0  0.0 0   0   0  0  0  0
  - 5.31s  --------    0  n   Y  1.00 40.03 1.00 -  |   456.7    413.5  0.00 |  0.0  0.0 0   0   0  0  0  0
  - 5.20s  --------    0  Y   Y  1.00 40.13 1.00 -  |   456.6    413.5  0.00 |  0.0  0.0 0   0   0  0  0  0
  - 5.10s  --------    0  Y   Y  1.00 40.24 1.00 -  |   456.6    413.5  0.00 |  0.0  0.0 0   0   0  0  0  0
  - 4.99s  --------    0  Y   Y  1.00 40.34 1.00 -  |   456.6    413.5  0.00 |  0.0  0.0 0   0   0  0  0  0
  - 4.88s  --------    0  Y   Y  1.00 40.45 1.00 -  |   456.6    413.5  0.00 |  0.0  0.0 0   0   0  0  0  0
  - 4.77s  --------    0  n   Y  1.00 40.56 1.00 -  |   456.6    413.5  0.00 |  0.0  0.0 0   0   0  1  0  0
  - 4.67s  --------    0  n   Y  1.00 40.66 1.00 -  |   456.6    413.5  0.00 |  0.0  0.0 0   0   0  1  0  0
  - 4.57s  --------    0  n   Y  1.00 40.76 1.00 -  |   456.6    413.5  0.00 |  0.0  0.0 0   0   0  1  0  0
  - 4.46s  --------    0  n   Y  1.00 40.87 1.00 -  |   456.5    413.4  0.00 |  0.0  0.0 0   0   0  0  0  0
  - 4.35s  --------    0  n   Y  1.00 40.99 1.00 -  |   456.4    413.5  0.00 | -1.0  0.0 0   0   0  0  0  0
  - 4.25s  --------    0  n   Y  1.00 41.09 1.00 -  |   456.2    413.6  0.00 | -1.0  0.0 0   0   0  0  0  0
  - 4.14s  --------    0  n   Y  1.00 41.19 1.00 -  |   455.9    413.7  0.00 | -1.0  0.0 0   0   0  0  0  0
  - 4.03s  --------    0  n   Y  1.00 41.30 1.00 -  |   455.6    413.9  0.00 | -1.0  0.0 0   0   0  0  0  0
  - 3.92s  --------    0  n   Y  1.00 41.41 1.00 -  |   455.3    414.0  0.00 | -1.0  0.0 0   0   0  0  0  0
  - 3.82s  --------    0  Y   Y  1.00 41.51 1.00 -  |   454.9    414.2  0.00 | -1.0  0.0 0   0   0  0  1  0
  - 3.72s  --------    0  Y   Y  1.00 41.62 1.00 -  |   454.2    414.6  0.00 | -1.0  0.0 0   0   0  0  1  0
  - 3.61s  --------    0  Y   Y  1.00 41.72 1.00 -  |   453.6    414.9  0.00 | -1.0  0.0 0   0   0  0  1  0
  - 3.51s  --------    0  Y   Y  1.00 41.82 1.00 -  |   453.0    415.2  0.00 | -1.0  0.0 0   0   0  0  1  0
  - 3.41s  --------    0  Y   Y  1.00 41.93 1.00 -  |   452.3    415.5  0.00 | -1.0  0.0 0   0   0  0  1  0
  - 3.31s  --------    0  Y   Y  1.00 42.03 1.00 -  |   451.7    415.8  0.00 | -1.0  0.0 0   0   0  0  1  0
  - 3.21s  --------    0  Y   Y  1.00 42.13 1.00 -  |   451.1    416.1  0.00 | -1.0  0.0 0   0   0  0  1  0
  - 3.10s  --------    0  Y   Y  1.00 42.23 1.00 -  |   450.3    416.5  0.00 | -1.0  0.0 0   0   0  0  0  0
  - 3.00s  --------    0  Y   Y  1.00 42.34 1.00 -  |   450.2    416.6  0.00 | -1.0  0.0 0   0   0  0  0  0
  - 2.90s  --------    0  Y   Y  1.00 42.44 1.00 -  |   450.0    416.7  0.00 | -1.0  0.0 0   0   0  0  0  0
  - 2.79s  --------    0  Y   Y  1.00 42.55 1.00 -  |   449.8    416.8  0.00 | -1.0  0.0 0   0   0  0  0  0
  - 2.68s  --------    0  Y   Y  1.00 42.66 1.00 -  |   449.6    416.9  0.00 | -1.0  0.0 0   0   0  0  0  0
  - 2.58s  --------    0  Y   Y  1.00 42.76 1.00 -  |   449.5    417.1  0.00 | -1.0  0.0 0   0   0  0  0  0
  - 2.48s  --------    0  Y   Y  1.00 42.86 1.00 -  |   449.4    417.2  0.00 | -1.0  0.0 0   0   0  0  1  0
  - 2.38s  --------    0  Y   Y  1.00 42.96 1.00 -  |   449.0    417.8  0.00 | -1.0  0.0 0   0   0  0  1  0
  - 2.27s  --------    0  Y   Y  1.00 43.07 1.00 -  |   448.5    418.5  0.00 | -1.0  0.0 0   0   0  0  1  0
  - 2.16s  --------    0  Y   Y  1.00 43.18 1.00 -  |   448.0    419.0  0.00 | -1.0  0.0 0   0   0  0  1  0
  - 2.06s  --------    0  Y   Y  1.00 43.28 1.00 -  |   447.6    419.6  0.00 | -1.0  0.0 0   0   0  0  1  0
  - 1.96s  --------    0  Y   Y  1.00 43.38 1.00 -  |   447.2    420.2  0.00 | -1.0  0.0 0   0   0  0  1  0
  - 1.85s  --------    0  Y   Y  1.00 43.49 1.00 -  |   446.8    420.7  0.00 | -1.0  0.0 0   0   0  0  1  0
  - 1.74s  --------    0  Y   Y  1.00 43.60 1.00 -  |   446.3    421.4  0.00 | -1.0  0.0 0   0   0  0  1  0
  - 1.63s  --------    0  Y   Y  1.00 43.70 1.00 -  |   445.9    422.0  0.00 | -1.0  0.0 0   0   0  0  1  0
  - 1.52s  --------    0  Y   Y  1.00 43.81 1.00 -  |   445.4    422.6  0.00 | -1.0  0.0 0   0   0  0  1  0
  - 1.42s  --------    0  Y   Y  1.00 43.91 1.00 -  |   444.9    423.2  0.00 | -1.0  0.0 0   0   0  0  1  0
  - 1.32s  --------    0  Y   Y  1.00 44.01 1.00 -  |   444.5    423.7  0.00 | -1.0  0.0 0   0   0  0  1  0
  - 1.21s  --------    0  Y   Y  1.00 44.12 1.00 -  |   444.1    424.3  0.00 | -1.0  0.0 0   0   0  0  1  0
  - 1.11s  --------    0  Y   Y  1.00 44.23 1.00 -  |   443.7    424.9  0.00 | -1.0  0.0 0   0   0  0  1  0
  - 1.00s  --------    0  Y   Y  1.00 44.33 1.00 -  |   443.2    425.5  0.00 | -1.0  0.0 0   0   0  0  1  0
  - 0.90s  --------    0  Y   Y  1.00 44.44 1.00 -  |   442.8    426.1  0.00 | -1.0  0.0 0   0   0  0  1  0
  - 0.80s  --------    0  Y   Y  1.00 44.54 1.00 -  |   442.3    426.7  0.00 | -1.0  0.0 0   0   0  0  1  0
  - 0.69s  --------    0  Y   Y  1.00 44.64 1.00 -  |   441.9    427.2  0.00 | -1.0  0.0 0   0   0  0  1  0
  - 0.58s  --------    0  Y   Y  1.00 44.75 1.00 -  |   441.4    427.9  0.00 | -1.0  0.0 0   0   0  0  1  0
  - 0.47s  --------    0  Y   Y  1.00 44.86 1.00 -  |   441.0    428.5  0.00 | -1.0  0.0 0   0   0  0  1  0
  - 0.37s  --------    0  Y   Y  1.00 44.97 1.00 -  |   440.6    429.0  0.00 | -1.0  0.0 0   0   0  0  1  0
  - 0.26s  --------    0  Y   Y  1.00 45.07 1.00 -  |   440.1    429.7  0.00 | -1.0  0.0 0   0   0  0  1  0
  - 0.16s  --------    0  Y   Y  1.00 45.18 1.00 -  |   439.7    430.3  0.00 | -1.0  0.0 0   0   0  0  1  0
  - 0.05s  --------    0  Y   Y  1.00 45.29 1.00 -  |   439.2    430.8  0.00 | -1.0  0.0 0   0   0  0  1  0
=========================================================== END

[  6031   52.641 x1.00] LOG  
==================== [FREEZE-DEBUG v3] ====================
  Reason : WASD-NOMOVE: WASD recent + speed 0.00m/s for 0.40s
  Time   : 49.401s   Frame: 6031   Snaps: 60
===========================================================

--- CURRENT STATE ---
  Flags: atk=False hvy=False dod=False dsh=False
         grd=False hit=False aerial=False lockPos=False
         comboStep=0
  Anim : speed=1.00  combatLayer hash=-792875657 normT=49.389 weight=1.00 inTransition=False
  CC   : grounded=True  enabled=True  pos=(448.80, -0.02, 420.44)  vel=(0.00, 0.00, 0.00)
  Move : IsRunning=True
  Input: H=1.00 V=0.00  LMB=False MMB=False Q=False Sp=False Sh=True C=False
         WASD pressed in last 0.5s: True (last 0.00s ago)

--- FLIGHT RECORDER (60 snapshots, oldest first, dt=0.10s) ---
  Legend: flags = A(tk) H(vy) D(od) S(sh) G(rd) R(eact) Y(aerial) L(ock)   gnd/cc: Y/n
  t-now    flags     step gnd cc anSp normT layW tr | posX     posZ     spd   | H    V    LMB MMB Q  Sp Sh C
  ------   --------  ---- --- -- ---- ----- ---- -- | -----    -----    ----  | ---- ---- --- --- -- -- -- -
  - 6.22s  --------    0  Y   Y  1.00 43.18 1.00 -  |   448.0    419.0  0.00 | -1.0  0.0 0   0   0  0  1  0
  - 6.11s  --------    0  Y   Y  1.00 43.28 1.00 -  |   447.6    419.6  0.00 | -1.0  0.0 0   0   0  0  1  0
  - 6.01s  --------    0  Y   Y  1.00 43.38 1.00 -  |   447.2    420.2  0.00 | -1.0  0.0 0   0   0  0  1  0
  - 5.90s  --------    0  Y   Y  1.00 43.49 1.00 -  |   446.8    420.7  0.00 | -1.0  0.0 0   0   0  0  1  0
  - 5.80s  --------    0  Y   Y  1.00 43.60 1.00 -  |   446.3    421.4  0.00 | -1.0  0.0 0   0   0  0  1  0
  - 5.69s  --------    0  Y   Y  1.00 43.70 1.00 -  |   445.9    422.0  0.00 | -1.0  0.0 0   0   0  0  1  0
  - 5.58s  --------    0  Y   Y  1.00 43.81 1.00 -  |   445.4    422.6  0.00 | -1.0  0.0 0   0   0  0  1  0
  - 5.48s  --------    0  Y   Y  1.00 43.91 1.00 -  |   444.9    423.2  0.00 | -1.0  0.0 0   0   0  0  1  0
  - 5.37s  --------    0  Y   Y  1.00 44.01 1.00 -  |   444.5    423.7  0.00 | -1.0  0.0 0   0   0  0  1  0
  - 5.27s  --------    0  Y   Y  1.00 44.12 1.00 -  |   444.1    424.3  0.00 | -1.0  0.0 0   0   0  0  1  0
  - 5.17s  --------    0  Y   Y  1.00 44.23 1.00 -  |   443.7    424.9  0.00 | -1.0  0.0 0   0   0  0  1  0
  - 5.06s  --------    0  Y   Y  1.00 44.33 1.00 -  |   443.2    425.5  0.00 | -1.0  0.0 0   0   0  0  1  0
  - 4.95s  --------    0  Y   Y  1.00 44.44 1.00 -  |   442.8    426.1  0.00 | -1.0  0.0 0   0   0  0  1  0
  - 4.85s  --------    0  Y   Y  1.00 44.54 1.00 -  |   442.3    426.7  0.00 | -1.0  0.0 0   0   0  0  1  0
  - 4.75s  --------    0  Y   Y  1.00 44.64 1.00 -  |   441.9    427.2  0.00 | -1.0  0.0 0   0   0  0  1  0
  - 4.64s  --------    0  Y   Y  1.00 44.75 1.00 -  |   441.4    427.9  0.00 | -1.0  0.0 0   0   0  0  1  0
  - 4.53s  --------    0  Y   Y  1.00 44.86 1.00 -  |   441.0    428.5  0.00 | -1.0  0.0 0   0   0  0  1  0
  - 4.43s  --------    0  Y   Y  1.00 44.97 1.00 -  |   440.6    429.0  0.00 | -1.0  0.0 0   0   0  0  1  0
  - 4.32s  --------    0  Y   Y  1.00 45.07 1.00 -  |   440.1    429.7  0.00 | -1.0  0.0 0   0   0  0  1  0
  - 4.21s  --------    0  Y   Y  1.00 45.18 1.00 -  |   439.7    430.3  0.00 | -1.0  0.0 0   0   0  0  1  0
  - 4.10s  --------    0  Y   Y  1.00 45.29 1.00 -  |   439.2    430.8  0.00 | -1.0  0.0 0   0   0  0  1  0
  - 4.00s  --------    0  Y   Y  1.00 45.39 1.00 -  |   438.7    431.5  0.00 | -1.0 -1.0 0   0   0  0  1  0
  - 3.89s  --------    0  Y   Y  1.00 45.50 1.00 -  |   438.2    431.9  0.00 |  0.0 -1.0 0   0   0  0  1  0
  - 3.79s  --------    0  Y   Y  1.00 45.60 1.00 -  |   437.5    432.0  0.00 |  0.0 -1.0 0   0   0  0  1  0
  - 3.69s  --------    0  Y   Y  1.00 45.71 1.00 -  |   436.8    431.8  0.00 |  0.0 -1.0 0   0   0  0  1  0
  - 3.58s  --------    0  Y   Y  1.00 45.81 1.00 -  |   436.2    431.3  0.00 |  0.0 -1.0 0   0   0  0  1  0
  - 3.48s  --------    0  Y   Y  1.00 45.91 1.00 -  |   435.6    430.9  0.00 |  0.0 -1.0 0   0   0  0  1  0
  - 3.37s  --------    0  Y   Y  1.00 46.02 1.00 -  |   435.0    430.5  0.00 |  0.0 -1.0 0   0   0  0  1  0
  - 3.27s  --------    0  Y   Y  1.00 46.12 1.00 -  |   434.5    430.1  0.00 |  0.0 -1.0 0   0   0  0  1  0
  - 3.16s  --------    0  Y   Y  1.00 46.23 1.00 -  |   433.9    429.6  0.00 |  0.0 -1.0 0   0   0  0  1  0
  - 3.06s  --------    0  Y   Y  1.00 46.33 1.00 -  |   433.2    429.1  0.00 |  0.0 -1.0 0   0   0  0  1  0
  - 2.96s  --------    0  Y   Y  1.00 46.43 1.00 -  |   432.7    428.7  0.00 |  0.0  0.0 0   0   0  0  1  0
  - 2.85s  --------    0  Y   Y  1.00 46.54 1.00 -  |   432.1    428.3  0.00 |  0.0  0.0 0   0   0  0  1  0
  - 2.75s  --------    0  Y   Y  1.00 46.64 1.00 -  |   431.8    427.7  0.00 |  1.0  0.0 0   0   0  0  1  0
  - 2.64s  --------    0  Y   Y  1.00 46.75 1.00 -  |   432.1    427.1  0.00 |  1.0  0.0 0   0   0  0  1  0
  - 2.54s  --------    0  Y   Y  1.00 46.85 1.00 -  |   432.7    426.4  0.00 |  1.0  0.0 0   0   0  0  1  0
  - 2.43s  --------    0  Y   Y  1.00 46.96 1.00 -  |   433.1    425.9  0.00 |  1.0  0.0 0   0   0  0  1  0
  - 2.33s  --------    0  Y   Y  1.00 47.07 1.00 -  |   433.6    425.5  0.00 |  1.0  0.0 0   0   0  0  1  0
  - 2.22s  --------    0  Y   Y  1.00 47.17 1.00 -  |   434.3    424.9  0.00 |  1.0  0.0 0   0   0  0  1  0
  - 2.11s  --------    0  Y   Y  1.00 47.27 1.00 -  |   434.8    424.5  0.00 |  1.0  0.0 0   0   0  0  1  0
  - 1.99s  --------    0  Y   Y  1.00 47.38 1.00 -  |   435.5    424.0  0.00 |  1.0  0.0 0   0   0  0  1  0
  - 1.89s  --------    0  Y   Y  1.00 47.50 1.00 -  |   436.2    423.7  0.00 |  1.0  0.0 0   0   0  0  1  0
  - 1.78s  --------    0  Y   Y  1.00 47.61 1.00 -  |   436.9    423.4  0.00 |  1.0  0.0 0   0   0  0  1  0
  - 1.67s  --------    0  Y   Y  1.00 47.72 1.00 -  |   437.6    423.1  0.00 |  1.0  0.0 0   0   0  0  1  0
  - 1.57s  --------    0  Y   Y  1.00 47.82 1.00 -  |   438.2    422.9  0.00 |  1.0  0.0 0   0   0  0  1  0
  - 1.47s  --------    0  Y   Y  1.00 47.92 1.00 -  |   438.9    422.6  0.00 |  1.0  0.0 0   0   0  0  1  0
  - 1.37s  --------    0  Y   Y  1.00 48.02 1.00 -  |   439.6    422.4  0.00 |  1.0  0.0 0   0   0  0  1  0
  - 1.26s  --------    0  Y   Y  1.00 48.13 1.00 -  |   440.2    422.2  0.00 |  1.0  0.0 0   0   0  0  1  0
  - 1.16s  --------    0  Y   Y  1.00 48.23 1.00 -  |   441.0    422.0  0.00 |  1.0  0.0 0   0   0  0  1  0
  - 1.06s  --------    0  Y   Y  1.00 48.33 1.00 -  |   441.7    421.8  0.00 |  1.0  0.0 0   0   0  0  1  0
  - 0.96s  --------    0  Y   Y  1.00 48.44 1.00 -  |   442.4    421.6  0.00 |  1.0  0.0 0   0   0  0  1  0
  - 0.85s  --------    0  Y   Y  1.00 48.54 1.00 -  |   443.0    421.3  0.00 |  1.0  0.0 0   0   0  0  1  0
  - 0.75s  --------    0  Y   Y  1.00 48.65 1.00 -  |   443.7    421.1  0.00 |  1.0  0.0 0   0   0  0  1  0
  - 0.64s  --------    0  Y   Y  1.00 48.75 1.00 -  |   444.5    420.9  0.00 |  1.0  0.0 0   0   0  0  1  0
  - 0.53s  --------    0  Y   Y  1.00 48.86 1.00 -  |   445.2    420.7  0.00 |  1.0  0.0 0   0   0  0  1  0
  - 0.43s  --------    0  Y   Y  1.00 48.97 1.00 -  |   445.8    420.5  0.00 |  1.0  0.0 0   0   0  0  1  0
  - 0.33s  --------    0  Y   Y  1.00 49.07 1.00 -  |   446.5    420.3  0.00 |  1.0  0.0 0   0   0  0  1  0
  - 0.23s  --------    0  Y   Y  1.00 49.17 1.00 -  |   447.2    420.1  0.00 |  1.0  0.0 0   0   0  0  1  0
  - 0.12s  --------    0  Y   Y  1.00 49.27 1.00 -  |   448.0    420.1  0.00 |  1.0  0.0 0   0   0  0  1  0
  - 0.02s  --------    0  Y   Y  1.00 49.37 1.00 -  |   448.7    420.4  0.00 |  1.0  0.0 0   0   0  0  1  0
=========================================================== END

[  6451   56.673 x1.00] LOG  
==================== [FREEZE-DEBUG v3] ====================
  Reason : WASD-NOMOVE: WASD recent + speed 0.00m/s for 0.40s
  Time   : 53.433s   Frame: 6451   Snaps: 60
===========================================================

--- CURRENT STATE ---
  Flags: atk=False hvy=False dod=False dsh=False
         grd=False hit=False aerial=False lockPos=False
         comboStep=0
  Anim : speed=1.00  combatLayer hash=-792875657 normT=53.420 weight=1.00 inTransition=False
  CC   : grounded=True  enabled=True  pos=(438.64, -0.02, 423.70)  vel=(0.00, 0.00, 0.00)
  Move : IsRunning=False
  Input: H=0.00 V=0.00  LMB=False MMB=False Q=False Sp=False Sh=False C=False
         WASD pressed in last 0.5s: True (last 0.22s ago)

--- FLIGHT RECORDER (60 snapshots, oldest first, dt=0.10s) ---
  Legend: flags = A(tk) H(vy) D(od) S(sh) G(rd) R(eact) Y(aerial) L(ock)   gnd/cc: Y/n
  t-now    flags     step gnd cc anSp normT layW tr | posX     posZ     spd   | H    V    LMB MMB Q  Sp Sh C
  ------   --------  ---- --- -- ---- ----- ---- -- | -----    -----    ----  | ---- ---- --- --- -- -- -- -
  - 6.25s  --------    0  Y   Y  1.00 47.17 1.00 -  |   434.3    424.9  0.00 |  1.0  0.0 0   0   0  0  1  0
  - 6.14s  --------    0  Y   Y  1.00 47.27 1.00 -  |   434.8    424.5  0.00 |  1.0  0.0 0   0   0  0  1  0
  - 6.02s  --------    0  Y   Y  1.00 47.38 1.00 -  |   435.5    424.0  0.00 |  1.0  0.0 0   0   0  0  1  0
  - 5.92s  --------    0  Y   Y  1.00 47.50 1.00 -  |   436.2    423.7  0.00 |  1.0  0.0 0   0   0  0  1  0
  - 5.81s  --------    0  Y   Y  1.00 47.61 1.00 -  |   436.9    423.4  0.00 |  1.0  0.0 0   0   0  0  1  0
  - 5.71s  --------    0  Y   Y  1.00 47.72 1.00 -  |   437.6    423.1  0.00 |  1.0  0.0 0   0   0  0  1  0
  - 5.61s  --------    0  Y   Y  1.00 47.82 1.00 -  |   438.2    422.9  0.00 |  1.0  0.0 0   0   0  0  1  0
  - 5.50s  --------    0  Y   Y  1.00 47.92 1.00 -  |   438.9    422.6  0.00 |  1.0  0.0 0   0   0  0  1  0
  - 5.40s  --------    0  Y   Y  1.00 48.02 1.00 -  |   439.6    422.4  0.00 |  1.0  0.0 0   0   0  0  1  0
  - 5.29s  --------    0  Y   Y  1.00 48.13 1.00 -  |   440.2    422.2  0.00 |  1.0  0.0 0   0   0  0  1  0
  - 5.19s  --------    0  Y   Y  1.00 48.23 1.00 -  |   441.0    422.0  0.00 |  1.0  0.0 0   0   0  0  1  0
  - 5.09s  --------    0  Y   Y  1.00 48.33 1.00 -  |   441.7    421.8  0.00 |  1.0  0.0 0   0   0  0  1  0
  - 4.99s  --------    0  Y   Y  1.00 48.44 1.00 -  |   442.4    421.6  0.00 |  1.0  0.0 0   0   0  0  1  0
  - 4.88s  --------    0  Y   Y  1.00 48.54 1.00 -  |   443.0    421.3  0.00 |  1.0  0.0 0   0   0  0  1  0
  - 4.78s  --------    0  Y   Y  1.00 48.65 1.00 -  |   443.7    421.1  0.00 |  1.0  0.0 0   0   0  0  1  0
  - 4.67s  --------    0  Y   Y  1.00 48.75 1.00 -  |   444.5    420.9  0.00 |  1.0  0.0 0   0   0  0  1  0
  - 4.56s  --------    0  Y   Y  1.00 48.86 1.00 -  |   445.2    420.7  0.00 |  1.0  0.0 0   0   0  0  1  0
  - 4.46s  --------    0  Y   Y  1.00 48.97 1.00 -  |   445.8    420.5  0.00 |  1.0  0.0 0   0   0  0  1  0
  - 4.36s  --------    0  Y   Y  1.00 49.07 1.00 -  |   446.5    420.3  0.00 |  1.0  0.0 0   0   0  0  1  0
  - 4.26s  --------    0  Y   Y  1.00 49.17 1.00 -  |   447.2    420.1  0.00 |  1.0  0.0 0   0   0  0  1  0
  - 4.15s  --------    0  Y   Y  1.00 49.27 1.00 -  |   448.0    420.1  0.00 |  1.0  0.0 0   0   0  0  1  0
  - 4.05s  --------    0  Y   Y  1.00 49.37 1.00 -  |   448.7    420.4  0.00 |  1.0  0.0 0   0   0  0  1  0
  - 3.95s  --------    0  Y   Y  1.00 49.48 1.00 -  |   449.3    420.7  0.00 |  1.0  0.0 0   0   0  0  1  0
  - 3.84s  --------    0  Y   Y  1.00 49.58 1.00 -  |   449.9    421.0  0.00 |  1.0  0.0 0   0   0  0  1  0
  - 3.74s  --------    0  Y   Y  1.00 49.68 1.00 -  |   450.5    421.4  0.00 |  1.0  0.0 0   0   0  0  1  0
  - 3.64s  --------    0  Y   Y  1.00 49.79 1.00 -  |   451.1    421.7  0.00 |  1.0  0.0 0   0   0  0  1  0
  - 3.53s  --------    0  Y   Y  1.00 49.89 1.00 -  |   451.8    422.0  0.00 |  1.0  0.0 0   0   0  0  1  0
  - 3.43s  --------    0  Y   Y  1.00 49.99 1.00 -  |   452.5    422.4  0.00 |  1.0  0.0 0   0   0  0  1  0
  - 3.33s  --------    0  Y   Y  1.00 50.09 1.00 -  |   453.1    422.8  0.00 |  1.0  0.0 0   0   0  0  1  0
  - 3.22s  --------    0  Y   Y  1.00 50.20 1.00 -  |   453.7    423.1  0.00 |  1.0  0.0 0   0   0  0  1  0
  - 3.11s  --------    0  Y   Y  1.00 50.31 1.00 -  |   454.3    423.4  0.00 |  0.0  0.0 0   0   0  0  0  0
  - 3.01s  --------    0  Y   Y  1.00 50.41 1.00 -  |   454.4    423.5  0.00 |  0.0  0.0 0   0   0  0  0  0
  - 2.91s  --------    0  Y   Y  1.00 50.51 1.00 -  |   454.6    423.6  0.00 |  0.0  0.0 0   0   0  0  0  0
  - 2.81s  --------    0  Y   Y  1.00 50.61 1.00 -  |   454.5    423.5  0.00 | -1.0  0.0 0   0   0  0  1  0
  - 2.71s  --------    0  Y   Y  1.00 50.72 1.00 -  |   453.9    423.2  0.00 | -1.0  0.0 0   0   0  0  1  0
  - 2.60s  --------    0  Y   Y  1.00 50.82 1.00 -  |   453.3    422.9  0.00 | -1.0  0.0 0   0   0  0  1  0
  - 2.50s  --------    0  Y   Y  1.00 50.93 1.00 -  |   452.7    422.5  0.00 | -1.0  0.0 0   0   0  0  1  0
  - 2.39s  --------    0  Y   Y  1.00 51.03 1.00 -  |   451.9    422.1  0.00 | -1.0  0.0 0   0   0  0  1  0
  - 2.28s  --------    0  Y   Y  1.00 51.15 1.00 -  |   451.3    421.8  0.00 | -1.0  0.0 0   0   0  0  1  0
  - 2.17s  --------    0  Y   Y  1.00 51.25 1.00 -  |   450.6    421.4  0.00 | -1.0  0.0 0   0   0  0  1  0
  - 2.07s  --------    0  Y   Y  1.00 51.35 1.00 -  |   450.0    421.1  0.00 | -1.0  0.0 0   0   0  0  1  0
  - 1.96s  --------    0  Y   Y  1.00 51.47 1.00 -  |   449.3    420.8  0.00 | -1.0  0.0 0   0   0  0  1  0
  - 1.85s  --------    0  Y   Y  1.00 51.57 1.00 -  |   448.6    420.4  0.00 | -1.0  0.0 0   0   0  0  1  0
  - 1.75s  --------    0  Y   Y  1.00 51.67 1.00 -  |   447.9    420.2  0.00 | -1.0  0.0 0   0   0  0  1  0
  - 1.65s  --------    0  Y   Y  1.00 51.77 1.00 -  |   447.3    419.9  0.00 | -1.0  0.0 0   0   0  0  1  0
  - 1.54s  --------    0  Y   Y  1.00 51.88 1.00 -  |   446.6    419.7  0.00 | -1.0  0.0 0   0   0  0  1  0
  - 1.44s  --------    0  Y   Y  1.00 51.99 1.00 -  |   445.9    419.6  0.00 | -1.0  0.0 0   0   0  0  1  0
  - 1.34s  --------    0  Y   Y  1.00 52.09 1.00 -  |   445.2    419.4  0.00 | -1.0  0.0 0   0   0  0  1  0
  - 1.22s  --------    0  Y   Y  1.00 52.20 1.00 -  |   444.4    419.3  0.00 | -1.0  0.0 0   0   0  0  1  0
  - 1.12s  --------    0  Y   Y  1.00 52.30 1.00 -  |   443.7    419.3  0.00 | -1.0  0.0 0   0   0  0  1  0
  - 1.01s  --------    0  Y   Y  1.00 52.41 1.00 -  |   442.9    419.5  0.00 | -1.0  0.0 0   0   0  0  1  0
  - 0.90s  --------    0  Y   Y  1.00 52.52 1.00 -  |   442.2    419.7  0.00 | -1.0  0.0 0   0   0  0  1  0
  - 0.80s  --------    0  Y   Y  1.00 52.62 1.00 -  |   441.6    420.1  0.00 | -1.0  0.0 0   0   0  0  1  0
  - 0.70s  --------    0  Y   Y  1.00 52.72 1.00 -  |   441.1    420.5  0.00 | -1.0  0.0 0   0   0  0  1  0
  - 0.59s  --------    0  Y   Y  1.00 52.83 1.00 -  |   440.6    421.1  0.00 | -1.0  0.0 0   0   0  0  1  0
  - 0.48s  --------    0  Y   Y  1.00 52.94 1.00 -  |   440.1    421.7  0.00 | -1.0  0.0 0   0   0  0  1  0
  - 0.38s  --------    0  Y   Y  1.00 53.04 1.00 -  |   439.7    422.3  0.00 | -1.0  0.0 0   0   0  0  1  0
  - 0.28s  --------    0  Y   Y  1.00 53.15 1.00 -  |   439.2    422.8  0.00 | -1.0  0.0 0   0   0  0  1  0
  - 0.17s  --------    0  Y   Y  1.00 53.25 1.00 -  |   438.8    423.4  0.00 |  0.0  0.0 0   0   0  0  0  0
  - 0.06s  --------    0  Y   Y  1.00 53.36 1.00 -  |   438.7    423.6  0.00 |  0.0  0.0 0   0   0  0  0  0
=========================================================== END

[  6891   60.796 x1.00] LOG  
==================== [FREEZE-DEBUG v3] ====================
  Reason : WASD-NOMOVE: WASD recent + speed 0.00m/s for 0.40s
  Time   : 57.557s   Frame: 6891   Snaps: 60
===========================================================

--- CURRENT STATE ---
  Flags: atk=False hvy=False dod=False dsh=False
         grd=False hit=False aerial=False lockPos=False
         comboStep=0
  Anim : speed=1.00  combatLayer hash=-792875657 normT=57.547 weight=1.00 inTransition=False
  CC   : grounded=True  enabled=True  pos=(448.06, -0.02, 419.41)  vel=(0.00, 0.00, 0.00)
  Move : IsRunning=True
  Input: H=-1.00 V=0.00  LMB=False MMB=False Q=False Sp=False Sh=True C=False
         WASD pressed in last 0.5s: True (last 0.00s ago)

--- FLIGHT RECORDER (60 snapshots, oldest first, dt=0.10s) ---
  Legend: flags = A(tk) H(vy) D(od) S(sh) G(rd) R(eact) Y(aerial) L(ock)   gnd/cc: Y/n
  t-now    flags     step gnd cc anSp normT layW tr | posX     posZ     spd   | H    V    LMB MMB Q  Sp Sh C
  ------   --------  ---- --- -- ---- ----- ---- -- | -----    -----    ----  | ---- ---- --- --- -- -- -- -
  - 6.19s  --------    0  Y   Y  1.00 51.35 1.00 -  |   450.0    421.1  0.00 | -1.0  0.0 0   0   0  0  1  0
  - 6.08s  --------    0  Y   Y  1.00 51.47 1.00 -  |   449.3    420.8  0.00 | -1.0  0.0 0   0   0  0  1  0
  - 5.98s  --------    0  Y   Y  1.00 51.57 1.00 -  |   448.6    420.4  0.00 | -1.0  0.0 0   0   0  0  1  0
  - 5.87s  --------    0  Y   Y  1.00 51.67 1.00 -  |   447.9    420.2  0.00 | -1.0  0.0 0   0   0  0  1  0
  - 5.77s  --------    0  Y   Y  1.00 51.77 1.00 -  |   447.3    419.9  0.00 | -1.0  0.0 0   0   0  0  1  0
  - 5.67s  --------    0  Y   Y  1.00 51.88 1.00 -  |   446.6    419.7  0.00 | -1.0  0.0 0   0   0  0  1  0
  - 5.56s  --------    0  Y   Y  1.00 51.99 1.00 -  |   445.9    419.6  0.00 | -1.0  0.0 0   0   0  0  1  0
  - 5.46s  --------    0  Y   Y  1.00 52.09 1.00 -  |   445.2    419.4  0.00 | -1.0  0.0 0   0   0  0  1  0
  - 5.35s  --------    0  Y   Y  1.00 52.20 1.00 -  |   444.4    419.3  0.00 | -1.0  0.0 0   0   0  0  1  0
  - 5.24s  --------    0  Y   Y  1.00 52.30 1.00 -  |   443.7    419.3  0.00 | -1.0  0.0 0   0   0  0  1  0
  - 5.14s  --------    0  Y   Y  1.00 52.41 1.00 -  |   442.9    419.5  0.00 | -1.0  0.0 0   0   0  0  1  0
  - 5.03s  --------    0  Y   Y  1.00 52.52 1.00 -  |   442.2    419.7  0.00 | -1.0  0.0 0   0   0  0  1  0
  - 4.93s  --------    0  Y   Y  1.00 52.62 1.00 -  |   441.6    420.1  0.00 | -1.0  0.0 0   0   0  0  1  0
  - 4.82s  --------    0  Y   Y  1.00 52.72 1.00 -  |   441.1    420.5  0.00 | -1.0  0.0 0   0   0  0  1  0
  - 4.72s  --------    0  Y   Y  1.00 52.83 1.00 -  |   440.6    421.1  0.00 | -1.0  0.0 0   0   0  0  1  0
  - 4.61s  --------    0  Y   Y  1.00 52.94 1.00 -  |   440.1    421.7  0.00 | -1.0  0.0 0   0   0  0  1  0
  - 4.51s  --------    0  Y   Y  1.00 53.04 1.00 -  |   439.7    422.3  0.00 | -1.0  0.0 0   0   0  0  1  0
  - 4.40s  --------    0  Y   Y  1.00 53.15 1.00 -  |   439.2    422.8  0.00 | -1.0  0.0 0   0   0  0  1  0
  - 4.30s  --------    0  Y   Y  1.00 53.25 1.00 -  |   438.8    423.4  0.00 |  0.0  0.0 0   0   0  0  0  0
  - 4.19s  --------    0  Y   Y  1.00 53.36 1.00 -  |   438.7    423.6  0.00 |  0.0  0.0 0   0   0  0  0  0
  - 4.08s  --------    0  Y   Y  1.00 53.47 1.00 -  |   438.6    423.8  0.00 |  0.0  0.0 0   0   0  0  0  0
  - 3.98s  --------    0  Y   Y  1.00 53.57 1.00 -  |   438.5    423.8  0.00 |  0.0  0.0 0   0   0  0  0  0
  - 3.88s  --------    0  Y   Y  1.00 53.67 1.00 -  |   438.5    423.8  0.00 |  0.0  0.0 0   0   0  0  0  0
  - 3.77s  --------    0  Y   Y  1.00 53.77 1.00 -  |   438.5    423.8  0.00 |  0.0  0.0 0   0   0  0  0  0
  - 3.67s  --------    0  Y   Y  1.00 53.88 1.00 -  |   438.5    423.8  0.00 |  0.0  0.0 0   0   0  0  0  0
  - 3.57s  --------    0  Y   Y  1.00 53.98 1.00 -  |   438.6    423.8  0.00 |  1.0  0.0 0   0   0  0  0  0
  - 3.47s  --------    0  Y   Y  1.00 54.08 1.00 -  |   438.7    423.6  0.00 |  1.0  0.0 0   0   0  0  0  0
  - 3.36s  --------    0  Y   Y  1.00 54.19 1.00 -  |   439.1    423.1  0.00 |  1.0  0.0 0   0   0  0  1  0
  - 3.26s  --------    0  Y   Y  1.00 54.29 1.00 -  |   439.5    422.5  0.00 |  1.0  0.0 0   0   0  0  1  0
  - 3.15s  --------    0  Y   Y  1.00 54.40 1.00 -  |   440.0    421.9  0.00 |  1.0  0.0 0   0   0  0  1  0
  - 3.04s  --------    0  Y   Y  1.00 54.51 1.00 -  |   440.4    421.3  0.00 |  1.0  0.0 0   0   0  0  1  0
  - 2.93s  --------    0  Y   Y  1.00 54.61 1.00 -  |   440.9    420.7  0.00 |  1.0  0.0 0   0   0  0  1  0
  - 2.83s  --------    0  Y   Y  1.00 54.72 1.00 -  |   441.4    420.1  0.00 |  1.0  0.0 0   0   0  0  1  0
  - 2.72s  --------    0  Y   Y  1.00 54.83 1.00 -  |   441.8    419.6  0.00 |  1.0  0.0 0   0   0  0  1  0
  - 2.62s  --------    0  Y   Y  1.00 54.93 1.00 -  |   442.3    419.1  0.00 |  1.0  0.0 0   0   0  0  1  0
  - 2.52s  --------    0  Y   Y  1.00 55.03 1.00 -  |   442.8    418.6  0.00 |  1.0  0.0 0   0   0  0  1  0
  - 2.42s  --------    0  Y   Y  1.00 55.12 1.00 -  |   443.4    418.2  0.00 |  1.0  0.0 0   0   0  0  1  0
  - 2.31s  --------    0  Y   Y  1.00 55.23 1.00 -  |   444.2    418.1  0.00 |  1.0  0.0 0   0   0  0  1  0
  - 2.21s  --------    0  Y   Y  1.00 55.34 1.00 -  |   444.9    418.2  0.00 |  1.0  0.0 0   0   0  0  1  0
  - 2.10s  --------    0  Y   Y  1.00 55.45 1.00 -  |   445.6    418.5  0.00 |  1.0  0.0 0   0   0  0  1  0
  - 2.00s  --------    0  Y   Y  1.00 55.55 1.00 -  |   446.4    418.8  0.00 |  1.0  0.0 0   0   0  0  1  0
  - 1.89s  --------    0  Y   Y  1.00 55.65 1.00 -  |   447.0    419.0  0.00 |  1.0  0.0 0   0   0  0  1  0
  - 1.79s  --------    0  Y   Y  1.00 55.75 1.00 -  |   447.7    419.3  0.00 |  1.0  0.0 0   0   0  0  1  0
  - 1.68s  --------    0  Y   Y  1.00 55.87 1.00 -  |   448.3    419.5  0.00 |  1.0  0.0 0   0   0  0  1  0
  - 1.57s  --------    0  Y   Y  1.00 55.97 1.00 -  |   449.1    419.8  0.00 |  1.0  0.0 0   0   0  0  1  0
  - 1.47s  --------    0  Y   Y  1.00 56.08 1.00 -  |   449.8    420.0  0.00 |  1.0  0.0 0   0   0  0  1  0
  - 1.37s  --------    0  Y   Y  1.00 56.18 1.00 -  |   450.4    420.3  0.00 |  1.0  0.0 0   0   0  0  1  0
  - 1.26s  --------    0  Y   Y  1.00 56.29 1.00 -  |   451.1    420.5  0.00 |  1.0  0.0 0   0   0  0  1  0
  - 1.16s  --------    0  Y   Y  1.00 56.39 1.00 -  |   451.7    420.8  0.00 |  1.0  0.0 0   0   0  0  1  0
  - 1.05s  --------    0  Y   Y  1.00 56.49 1.00 -  |   452.5    421.1  0.00 |  1.0  0.0 0   0   0  0  1  0
  - 0.95s  --------    0  Y   Y  1.00 56.60 1.00 -  |   453.2    421.3  0.00 |  1.0  0.0 0   0   0  0  1  0
  - 0.85s  --------    0  Y   Y  1.00 56.70 1.00 -  |   453.6    421.5  0.00 | -1.0  0.0 0   0   0  0  1  0
  - 0.74s  --------    0  Y   Y  1.00 56.80 1.00 -  |   452.9    421.2  0.00 | -1.0  0.0 0   0   0  0  1  0
  - 0.64s  --------    0  Y   Y  1.00 56.91 1.00 -  |   452.3    421.0  0.00 | -1.0  0.0 0   0   0  0  1  0
  - 0.54s  --------    0  Y   Y  1.00 57.01 1.00 -  |   451.5    420.7  0.00 | -1.0  0.0 0   0   0  0  1  0
  - 0.43s  --------    0  Y   Y  1.00 57.12 1.00 -  |   450.8    420.4  0.00 | -1.0  0.0 0   0   0  0  1  0
  - 0.33s  --------    0  Y   Y  1.00 57.22 1.00 -  |   450.2    420.2  0.00 | -1.0  0.0 0   0   0  0  1  0
  - 0.23s  --------    0  Y   Y  1.00 57.32 1.00 -  |   449.5    419.9  0.00 | -1.0  0.0 0   0   0  0  1  0
  - 0.11s  --------    0  Y   Y  1.00 57.43 1.00 -  |   448.7    419.7  0.00 | -1.0  0.0 0   0   0  0  1  0
  - 0.01s  --------    0  Y   Y  1.00 57.54 1.00 -  |   448.1    419.4  0.00 | -1.0  0.0 0   0   0  0  1  0
=========================================================== END

[  7390   64.844 x1.00] LOG  
==================== [FREEZE-DEBUG v3] ====================
  Reason : WASD-NOMOVE: WASD recent + speed 0.00m/s for 0.40s
  Time   : 61.604s   Frame: 7390   Snaps: 60
===========================================================

--- CURRENT STATE ---
  Flags: atk=False hvy=False dod=False dsh=False
         grd=False hit=False aerial=False lockPos=False
         comboStep=0
  Anim : speed=1.00  combatLayer hash=-792875657 normT=61.590 weight=1.00 inTransition=False
  CC   : grounded=True  enabled=True  pos=(444.29, -0.02, 418.08)  vel=(0.00, 0.00, 0.00)
  Move : IsRunning=True
  Input: H=1.00 V=0.00  LMB=False MMB=False Q=False Sp=False Sh=True C=False
         WASD pressed in last 0.5s: True (last 0.00s ago)

--- FLIGHT RECORDER (60 snapshots, oldest first, dt=0.10s) ---
  Legend: flags = A(tk) H(vy) D(od) S(sh) G(rd) R(eact) Y(aerial) L(ock)   gnd/cc: Y/n
  t-now    flags     step gnd cc anSp normT layW tr | posX     posZ     spd   | H    V    LMB MMB Q  Sp Sh C
  ------   --------  ---- --- -- ---- ----- ---- -- | -----    -----    ----  | ---- ---- --- --- -- -- -- -
  - 6.15s  --------    0  Y   Y  1.00 55.45 1.00 -  |   445.6    418.5  0.00 |  1.0  0.0 0   0   0  0  1  0
  - 6.04s  --------    0  Y   Y  1.00 55.55 1.00 -  |   446.4    418.8  0.00 |  1.0  0.0 0   0   0  0  1  0
  - 5.94s  --------    0  Y   Y  1.00 55.65 1.00 -  |   447.0    419.0  0.00 |  1.0  0.0 0   0   0  0  1  0
  - 5.84s  --------    0  Y   Y  1.00 55.75 1.00 -  |   447.7    419.3  0.00 |  1.0  0.0 0   0   0  0  1  0
  - 5.73s  --------    0  Y   Y  1.00 55.87 1.00 -  |   448.3    419.5  0.00 |  1.0  0.0 0   0   0  0  1  0
  - 5.62s  --------    0  Y   Y  1.00 55.97 1.00 -  |   449.1    419.8  0.00 |  1.0  0.0 0   0   0  0  1  0
  - 5.52s  --------    0  Y   Y  1.00 56.08 1.00 -  |   449.8    420.0  0.00 |  1.0  0.0 0   0   0  0  1  0
  - 5.41s  --------    0  Y   Y  1.00 56.18 1.00 -  |   450.4    420.3  0.00 |  1.0  0.0 0   0   0  0  1  0
  - 5.31s  --------    0  Y   Y  1.00 56.29 1.00 -  |   451.1    420.5  0.00 |  1.0  0.0 0   0   0  0  1  0
  - 5.21s  --------    0  Y   Y  1.00 56.39 1.00 -  |   451.7    420.8  0.00 |  1.0  0.0 0   0   0  0  1  0
  - 5.10s  --------    0  Y   Y  1.00 56.49 1.00 -  |   452.5    421.1  0.00 |  1.0  0.0 0   0   0  0  1  0
  - 5.00s  --------    0  Y   Y  1.00 56.60 1.00 -  |   453.2    421.3  0.00 |  1.0  0.0 0   0   0  0  1  0
  - 4.90s  --------    0  Y   Y  1.00 56.70 1.00 -  |   453.6    421.5  0.00 | -1.0  0.0 0   0   0  0  1  0
  - 4.79s  --------    0  Y   Y  1.00 56.80 1.00 -  |   452.9    421.2  0.00 | -1.0  0.0 0   0   0  0  1  0
  - 4.69s  --------    0  Y   Y  1.00 56.91 1.00 -  |   452.3    421.0  0.00 | -1.0  0.0 0   0   0  0  1  0
  - 4.58s  --------    0  Y   Y  1.00 57.01 1.00 -  |   451.5    420.7  0.00 | -1.0  0.0 0   0   0  0  1  0
  - 4.48s  --------    0  Y   Y  1.00 57.12 1.00 -  |   450.8    420.4  0.00 | -1.0  0.0 0   0   0  0  1  0
  - 4.38s  --------    0  Y   Y  1.00 57.22 1.00 -  |   450.2    420.2  0.00 | -1.0  0.0 0   0   0  0  1  0
  - 4.27s  --------    0  Y   Y  1.00 57.32 1.00 -  |   449.5    419.9  0.00 | -1.0  0.0 0   0   0  0  1  0
  - 4.16s  --------    0  Y   Y  1.00 57.43 1.00 -  |   448.7    419.7  0.00 | -1.0  0.0 0   0   0  0  1  0
  - 4.06s  --------    0  Y   Y  1.00 57.54 1.00 -  |   448.1    419.4  0.00 | -1.0  0.0 0   0   0  0  1  0
  - 3.95s  --------    0  Y   Y  1.00 57.64 1.00 -  |   447.4    419.2  0.00 | -1.0  0.0 0   0   0  0  1  0
  - 3.85s  --------    0  Y   Y  1.00 57.75 1.00 -  |   446.8    418.9  0.00 | -1.0  0.0 0   0   0  0  1  0
  - 3.75s  --------    0  Y   Y  1.00 57.85 1.00 -  |   446.1    418.7  0.00 | -1.0  0.0 0   0   0  0  1  0
  - 3.64s  --------    0  Y   Y  1.00 57.96 1.00 -  |   445.7    418.5  0.00 |  0.0  0.0 0   0   0  0  0  0
  - 3.54s  --------    0  Y   Y  1.00 58.05 1.00 -  |   445.5    418.4  0.00 |  0.0  0.0 0   0   0  0  0  0
  - 3.44s  --------    0  Y   Y  1.00 58.16 1.00 -  |   445.3    418.4  0.00 |  0.0  0.0 0   0   0  0  0  0
  - 3.33s  --------    0  Y   Y  1.00 58.27 1.00 -  |   445.3    418.4  0.00 |  0.0  0.0 0   0   0  0  0  0
  - 3.23s  --------    0  Y   Y  1.00 58.37 1.00 -  |   445.3    418.4  0.00 |  0.0  0.0 0   0   0  0  0  0
  - 3.13s  --------    0  Y   Y  1.00 58.47 1.00 -  |   445.3    418.4  0.00 |  0.0  0.0 0   0   0  0  0  0
  - 3.02s  --------    0  Y   Y  1.00 58.57 1.00 -  |   445.3    418.4  0.00 |  0.0  0.0 0   0   0  0  0  0
  - 2.92s  --------    0  Y   Y  1.00 58.68 1.00 -  |   445.3    418.4  0.00 |  0.0  0.0 0   0   0  0  1  0
  - 2.81s  --------    0  Y   Y  1.00 58.78 1.00 -  |   445.3    418.4  0.00 |  0.0  0.0 0   0   0  0  1  0
  - 2.71s  --------    0  Y   Y  1.00 58.88 1.00 -  |   445.3    418.4  0.00 |  0.0  0.0 0   0   0  0  1  0
  - 2.61s  --------    0  Y   Y  1.00 58.99 1.00 -  |   445.3    418.4  0.00 |  0.0  0.0 0   0   0  0  1  0
  - 2.50s  --------    0  Y   Y  1.00 59.09 1.00 -  |   445.3    418.4  0.00 |  0.0  0.0 0   0   0  0  1  0
  - 2.40s  --------    0  Y   Y  1.00 59.20 1.00 -  |   445.3    418.4  0.00 |  0.0  0.0 0   0   0  0  0  0
  - 2.30s  --------    0  Y   Y  1.00 59.30 1.00 -  |   445.3    418.4  0.00 |  0.0  0.0 0   0   0  0  0  0
  - 2.20s  --------    0  Y   Y  1.00 59.40 1.00 -  |   445.3    418.4  0.00 |  0.0  0.0 0   0   0  0  0  0
  - 2.09s  --------    0  Y   Y  1.00 59.51 1.00 -  |   445.3    418.4  0.00 |  0.0  0.0 0   0   0  0  0  0
  - 1.99s  --------    0  Y   Y  1.00 59.61 1.00 -  |   445.3    418.4  0.00 | -1.0  0.0 0   0   0  0  0  0
  - 1.88s  --------    0  Y   Y  1.00 59.71 1.00 -  |   444.6    418.1  0.00 | -1.0  0.0 0   0   0  0  1  0
  - 1.78s  --------    0  Y   Y  1.00 59.82 1.00 -  |   443.9    417.9  0.00 | -1.0  0.0 0   0   0  0  1  0
  - 1.67s  --------    0  Y   Y  1.00 59.92 1.00 -  |   443.2    417.7  0.00 | -1.0  0.0 0   0   0  0  1  0
  - 1.57s  --------    0  Y   Y  1.00 60.03 1.00 -  |   442.6    417.5  0.00 | -1.0  0.0 0   0   0  0  1  0
  - 1.46s  --------    0  Y   Y  1.00 60.13 1.00 -  |   441.8    417.2  0.00 | -1.0  0.0 0   0   0  0  1  0
  - 1.36s  --------    0  Y   Y  1.00 60.23 1.00 -  |   441.1    417.0  0.00 | -1.0  0.0 0   0   0  0  1  0
  - 1.26s  --------    0  Y   Y  1.00 60.34 1.00 -  |   440.4    416.8  0.00 | -1.0  0.0 0   0   0  0  1  0
  - 1.15s  --------    0  Y   Y  1.00 60.44 1.00 -  |   439.8    416.6  0.00 | -1.0  0.0 0   0   0  0  1  0
  - 1.04s  --------    0  Y   Y  1.00 60.55 1.00 -  |   439.0    416.3  0.00 | -1.0  0.0 0   0   0  0  1  0
  - 0.94s  --------    0  Y   Y  1.00 60.66 1.00 -  |   438.3    416.1  0.00 |  0.0  0.0 0   0   0  0  1  0
  - 0.83s  --------    0  Y   Y  1.00 60.76 1.00 -  |   438.7    416.2  0.00 |  1.0  0.0 0   0   0  0  1  0
  - 0.73s  --------    0  Y   Y  1.00 60.87 1.00 -  |   439.4    416.4  0.00 |  1.0  0.0 0   0   0  0  1  0
  - 0.62s  --------    0  Y   Y  1.00 60.97 1.00 -  |   440.0    416.7  0.00 |  1.0  0.0 0   0   0  0  1  0
  - 0.52s  --------    0  Y   Y  1.00 61.08 1.00 -  |   440.8    416.9  0.00 |  1.0  0.0 0   0   0  0  1  0
  - 0.41s  --------    0  Y   Y  1.00 61.18 1.00 -  |   441.5    417.1  0.00 |  1.0  0.0 0   0   0  0  1  0
  - 0.31s  --------    0  Y   Y  1.00 61.29 1.00 -  |   442.2    417.3  0.00 |  1.0  0.0 0   0   0  0  1  0
  - 0.21s  --------    0  Y   Y  1.00 61.39 1.00 -  |   442.8    417.6  0.00 |  1.0  0.0 0   0   0  0  1  0
  - 0.10s  --------    0  Y   Y  1.00 61.49 1.00 -  |   443.6    417.8  0.00 |  1.0  0.0 0   0   0  0  1  0
  - 0.00s  --------    0  Y   Y  1.00 61.59 1.00 -  |   444.3    418.1  0.00 |  1.0  0.0 0   0   0  0  1  0
=========================================================== END

[  7849   68.887 x1.00] LOG  
==================== [FREEZE-DEBUG v3] ====================
  Reason : WASD-NOMOVE: WASD recent + speed 0.00m/s for 0.41s
  Time   : 65.647s   Frame: 7849   Snaps: 60
===========================================================

--- CURRENT STATE ---
  Flags: atk=False hvy=False dod=False dsh=False
         grd=False hit=False aerial=False lockPos=False
         comboStep=0
  Anim : speed=1.00  combatLayer hash=-792875657 normT=65.633 weight=1.00 inTransition=False
  CC   : grounded=True  enabled=True  pos=(454.84, -0.02, 419.33)  vel=(0.00, 0.00, 0.00)
  Move : IsRunning=False
  Input: H=0.00 V=1.00  LMB=False MMB=False Q=False Sp=False Sh=False C=False
         WASD pressed in last 0.5s: True (last 0.00s ago)

--- FLIGHT RECORDER (60 snapshots, oldest first, dt=0.10s) ---
  Legend: flags = A(tk) H(vy) D(od) S(sh) G(rd) R(eact) Y(aerial) L(ock)   gnd/cc: Y/n
  t-now    flags     step gnd cc anSp normT layW tr | posX     posZ     spd   | H    V    LMB MMB Q  Sp Sh C
  ------   --------  ---- --- -- ---- ----- ---- -- | -----    -----    ----  | ---- ---- --- --- -- -- -- -
  - 6.24s  --------    0  Y   Y  1.00 59.40 1.00 -  |   445.3    418.4  0.00 |  0.0  0.0 0   0   0  0  0  0
  - 6.13s  --------    0  Y   Y  1.00 59.51 1.00 -  |   445.3    418.4  0.00 |  0.0  0.0 0   0   0  0  0  0
  - 6.03s  --------    0  Y   Y  1.00 59.61 1.00 -  |   445.3    418.4  0.00 | -1.0  0.0 0   0   0  0  0  0
  - 5.92s  --------    0  Y   Y  1.00 59.71 1.00 -  |   444.6    418.1  0.00 | -1.0  0.0 0   0   0  0  1  0
  - 5.82s  --------    0  Y   Y  1.00 59.82 1.00 -  |   443.9    417.9  0.00 | -1.0  0.0 0   0   0  0  1  0
  - 5.72s  --------    0  Y   Y  1.00 59.92 1.00 -  |   443.2    417.7  0.00 | -1.0  0.0 0   0   0  0  1  0
  - 5.62s  --------    0  Y   Y  1.00 60.03 1.00 -  |   442.6    417.5  0.00 | -1.0  0.0 0   0   0  0  1  0
  - 5.51s  --------    0  Y   Y  1.00 60.13 1.00 -  |   441.8    417.2  0.00 | -1.0  0.0 0   0   0  0  1  0
  - 5.40s  --------    0  Y   Y  1.00 60.23 1.00 -  |   441.1    417.0  0.00 | -1.0  0.0 0   0   0  0  1  0
  - 5.30s  --------    0  Y   Y  1.00 60.34 1.00 -  |   440.4    416.8  0.00 | -1.0  0.0 0   0   0  0  1  0
  - 5.20s  --------    0  Y   Y  1.00 60.44 1.00 -  |   439.8    416.6  0.00 | -1.0  0.0 0   0   0  0  1  0
  - 5.09s  --------    0  Y   Y  1.00 60.55 1.00 -  |   439.0    416.3  0.00 | -1.0  0.0 0   0   0  0  1  0
  - 4.98s  --------    0  Y   Y  1.00 60.66 1.00 -  |   438.3    416.1  0.00 |  0.0  0.0 0   0   0  0  1  0
  - 4.88s  --------    0  Y   Y  1.00 60.76 1.00 -  |   438.7    416.2  0.00 |  1.0  0.0 0   0   0  0  1  0
  - 4.77s  --------    0  Y   Y  1.00 60.87 1.00 -  |   439.4    416.4  0.00 |  1.0  0.0 0   0   0  0  1  0
  - 4.67s  --------    0  Y   Y  1.00 60.97 1.00 -  |   440.0    416.7  0.00 |  1.0  0.0 0   0   0  0  1  0
  - 4.56s  --------    0  Y   Y  1.00 61.08 1.00 -  |   440.8    416.9  0.00 |  1.0  0.0 0   0   0  0  1  0
  - 4.46s  --------    0  Y   Y  1.00 61.18 1.00 -  |   441.5    417.1  0.00 |  1.0  0.0 0   0   0  0  1  0
  - 4.35s  --------    0  Y   Y  1.00 61.29 1.00 -  |   442.2    417.3  0.00 |  1.0  0.0 0   0   0  0  1  0
  - 4.25s  --------    0  Y   Y  1.00 61.39 1.00 -  |   442.8    417.6  0.00 |  1.0  0.0 0   0   0  0  1  0
  - 4.14s  --------    0  Y   Y  1.00 61.49 1.00 -  |   443.6    417.8  0.00 |  1.0  0.0 0   0   0  0  1  0
  - 4.04s  --------    0  Y   Y  1.00 61.59 1.00 -  |   444.3    418.1  0.00 |  1.0  0.0 0   0   0  0  1  0
  - 3.94s  --------    0  Y   Y  1.00 61.70 1.00 -  |   444.9    418.4  0.00 |  1.0  0.0 0   0   0  0  1  0
  - 3.83s  --------    0  Y   Y  1.00 61.81 1.00 -  |   445.5    418.8  0.00 |  1.0  0.0 0   0   0  0  1  0
  - 3.73s  --------    0  Y   Y  1.00 61.90 1.00 -  |   446.0    419.2  0.00 |  1.0  0.0 0   0   0  0  1  0
  - 3.63s  --------    0  Y   Y  1.00 62.01 1.00 -  |   446.6    419.8  0.00 |  1.0  0.0 0   0   0  0  1  0
  - 3.52s  --------    0  Y   Y  1.00 62.12 1.00 -  |   447.1    420.4  0.00 |  1.0  0.0 0   0   0  0  1  0
  - 3.42s  --------    0  Y   Y  1.00 62.22 1.00 -  |   447.5    420.9  0.00 |  1.0  0.0 0   0   0  0  1  0
  - 3.31s  --------    0  Y   Y  1.00 62.33 1.00 -  |   447.9    421.5  0.00 |  1.0  0.0 0   0   0  0  1  0
  - 3.20s  --------    0  Y   Y  1.00 62.44 1.00 -  |   448.4    422.2  0.00 |  1.0  0.0 0   0   0  0  1  0
  - 3.10s  --------    0  Y   Y  1.00 62.53 1.00 -  |   448.8    422.7  0.00 |  1.0  0.0 0   0   0  0  1  0
  - 3.00s  --------    0  Y   Y  1.00 62.64 1.00 -  |   449.3    423.3  0.00 |  1.0  0.0 0   0   0  0  1  0
  - 2.90s  --------    0  Y   Y  1.00 62.74 1.00 -  |   449.7    423.8  0.00 |  1.0  0.0 0   0   0  0  1  0
  - 2.79s  --------    0  Y   Y  1.00 62.84 1.00 -  |   450.3    424.2  0.00 |  1.0  0.0 0   0   0  0  1  0
  - 2.69s  --------    0  Y   Y  1.00 62.94 1.00 -  |   451.0    424.4  0.00 |  1.0  0.0 0   0   0  0  1  0
  - 2.58s  --------    0  Y   Y  1.00 63.05 1.00 -  |   451.8    424.2  0.00 |  1.0  0.0 0   0   0  0  1  0
  - 2.48s  --------    0  Y   Y  1.00 63.15 1.00 -  |   452.4    423.8  0.00 |  1.0  0.0 0   0   0  0  1  0
  - 2.38s  --------    0  Y   Y  1.00 63.26 1.00 -  |   452.9    423.4  0.00 |  1.0  0.0 0   0   0  0  1  0
  - 2.27s  --------    0  Y   Y  1.00 63.37 1.00 -  |   453.5    423.0  0.00 |  1.0  0.0 0   0   0  0  1  0
  - 2.17s  --------    0  Y   Y  1.00 63.47 1.00 -  |   454.0    422.5  0.00 |  1.0  0.0 0   0   0  0  1  0
  - 2.07s  --------    0  Y   Y  1.00 63.57 1.00 -  |   454.5    421.9  0.00 |  1.0  0.0 0   0   0  0  1  0
  - 1.96s  --------    0  Y   Y  1.00 63.68 1.00 -  |   455.0    421.3  0.00 |  1.0  0.0 0   0   0  0  1  0
  - 1.85s  --------    0  Y   Y  1.00 63.79 1.00 -  |   455.4    420.7  0.00 |  1.0  0.0 0   0   0  0  1  0
  - 1.74s  --------    0  Y   Y  1.00 63.90 1.00 -  |   455.8    420.0  0.00 |  1.0  0.0 0   0   0  0  1  0
  - 1.64s  --------    0  Y   Y  1.00 64.00 1.00 -  |   456.3    419.5  0.00 |  1.0  0.0 0   0   0  0  1  0
  - 1.54s  --------    0  Y   Y  1.00 64.10 1.00 -  |   456.9    419.2  0.00 |  1.0  0.0 0   0   0  0  1  0
  - 1.43s  --------    0  Y   Y  1.00 64.21 1.00 -  |   457.6    419.6  0.00 |  1.0  0.0 0   0   0  0  1  0
  - 1.32s  --------    0  Y   Y  1.00 64.32 1.00 -  |   457.8    420.3  0.00 |  1.0  0.0 0   0   0  0  1  0
  - 1.22s  --------    0  Y   Y  1.00 64.42 1.00 -  |   457.8    421.0  0.00 |  1.0  0.0 0   0   0  0  1  0
  - 1.11s  --------    0  Y   Y  1.00 64.53 1.00 -  |   457.7    421.7  0.00 |  1.0  0.0 0   0   0  0  1  0
  - 1.01s  --------    0  Y   Y  1.00 64.63 1.00 -  |   457.7    422.5  0.00 |  1.0  0.0 0   0   0  0  1  0
  - 0.90s  --------    0  Y   Y  1.00 64.74 1.00 -  |   457.8    423.0  0.00 | -1.0  0.0 0   0   0  0  1  0
  - 0.79s  --------    0  Y   Y  1.00 64.84 1.00 -  |   457.5    422.3  0.00 | -1.0  0.0 0   0   0  0  1  0
  - 0.69s  --------    0  Y   Y  1.00 64.95 1.00 -  |   457.1    421.7  0.00 | -1.0  0.0 0   0   0  0  1  0
  - 0.59s  --------    0  Y   Y  1.00 65.05 1.00 -  |   456.6    421.1  0.00 | -1.0  0.0 0   0   0  0  1  0
  - 0.48s  --------    0  Y   Y  1.00 65.15 1.00 -  |   456.2    420.5  0.00 | -1.0  0.0 0   0   0  0  1  0
  - 0.38s  --------    0  Y   Y  1.00 65.25 1.00 -  |   455.8    419.9  0.00 | -1.0  0.0 0   0   0  0  1  0
  - 0.28s  --------    0  Y   Y  1.00 65.36 1.00 -  |   455.4    419.4  0.00 |  0.0  1.0 0   0   0  0  0  0
  - 0.17s  --------    0  Y   Y  1.00 65.47 1.00 -  |   455.1    419.3  0.00 |  0.0  1.0 0   0   0  0  0  0
  - 0.07s  --------    0  Y   Y  1.00 65.57 1.00 -  |   455.0    419.3  0.00 |  0.0  1.0 0   0   0  0  0  0
=========================================================== END

[  8293   72.930 x1.00] LOG  
==================== [FREEZE-DEBUG v3] ====================
  Reason : WASD-NOMOVE: WASD recent + speed 0.00m/s for 0.40s
  Time   : 69.691s   Frame: 8293   Snaps: 60
===========================================================

--- CURRENT STATE ---
  Flags: atk=False hvy=False dod=False dsh=False
         grd=False hit=False aerial=False lockPos=False
         comboStep=0
  Anim : speed=1.00  combatLayer hash=-792875657 normT=69.684 weight=1.00 inTransition=False
  CC   : grounded=True  enabled=True  pos=(432.30, -0.02, 435.04)  vel=(0.00, 0.00, 0.00)
  Move : IsRunning=True
  Input: H=0.00 V=1.00  LMB=False MMB=False Q=False Sp=False Sh=True C=False
         WASD pressed in last 0.5s: True (last 0.00s ago)

--- FLIGHT RECORDER (60 snapshots, oldest first, dt=0.10s) ---
  Legend: flags = A(tk) H(vy) D(od) S(sh) G(rd) R(eact) Y(aerial) L(ock)   gnd/cc: Y/n
  t-now    flags     step gnd cc anSp normT layW tr | posX     posZ     spd   | H    V    LMB MMB Q  Sp Sh C
  ------   --------  ---- --- -- ---- ----- ---- -- | -----    -----    ----  | ---- ---- --- --- -- -- -- -
  - 6.22s  --------    0  Y   Y  1.00 63.47 1.00 -  |   454.0    422.5  0.00 |  1.0  0.0 0   0   0  0  1  0
  - 6.11s  --------    0  Y   Y  1.00 63.57 1.00 -  |   454.5    421.9  0.00 |  1.0  0.0 0   0   0  0  1  0
  - 6.00s  --------    0  Y   Y  1.00 63.68 1.00 -  |   455.0    421.3  0.00 |  1.0  0.0 0   0   0  0  1  0
  - 5.89s  --------    0  Y   Y  1.00 63.79 1.00 -  |   455.4    420.7  0.00 |  1.0  0.0 0   0   0  0  1  0
  - 5.79s  --------    0  Y   Y  1.00 63.90 1.00 -  |   455.8    420.0  0.00 |  1.0  0.0 0   0   0  0  1  0
  - 5.68s  --------    0  Y   Y  1.00 64.00 1.00 -  |   456.3    419.5  0.00 |  1.0  0.0 0   0   0  0  1  0
  - 5.58s  --------    0  Y   Y  1.00 64.10 1.00 -  |   456.9    419.2  0.00 |  1.0  0.0 0   0   0  0  1  0
  - 5.47s  --------    0  Y   Y  1.00 64.21 1.00 -  |   457.6    419.6  0.00 |  1.0  0.0 0   0   0  0  1  0
  - 5.36s  --------    0  Y   Y  1.00 64.32 1.00 -  |   457.8    420.3  0.00 |  1.0  0.0 0   0   0  0  1  0
  - 5.26s  --------    0  Y   Y  1.00 64.42 1.00 -  |   457.8    421.0  0.00 |  1.0  0.0 0   0   0  0  1  0
  - 5.16s  --------    0  Y   Y  1.00 64.53 1.00 -  |   457.7    421.7  0.00 |  1.0  0.0 0   0   0  0  1  0
  - 5.05s  --------    0  Y   Y  1.00 64.63 1.00 -  |   457.7    422.5  0.00 |  1.0  0.0 0   0   0  0  1  0
  - 4.94s  --------    0  Y   Y  1.00 64.74 1.00 -  |   457.8    423.0  0.00 | -1.0  0.0 0   0   0  0  1  0
  - 4.84s  --------    0  Y   Y  1.00 64.84 1.00 -  |   457.5    422.3  0.00 | -1.0  0.0 0   0   0  0  1  0
  - 4.73s  --------    0  Y   Y  1.00 64.95 1.00 -  |   457.1    421.7  0.00 | -1.0  0.0 0   0   0  0  1  0
  - 4.63s  --------    0  Y   Y  1.00 65.05 1.00 -  |   456.6    421.1  0.00 | -1.0  0.0 0   0   0  0  1  0
  - 4.53s  --------    0  Y   Y  1.00 65.15 1.00 -  |   456.2    420.5  0.00 | -1.0  0.0 0   0   0  0  1  0
  - 4.43s  --------    0  Y   Y  1.00 65.25 1.00 -  |   455.8    419.9  0.00 | -1.0  0.0 0   0   0  0  1  0
  - 4.32s  --------    0  Y   Y  1.00 65.36 1.00 -  |   455.4    419.4  0.00 |  0.0  1.0 0   0   0  0  0  0
  - 4.21s  --------    0  Y   Y  1.00 65.47 1.00 -  |   455.1    419.3  0.00 |  0.0  1.0 0   0   0  0  0  0
  - 4.11s  --------    0  Y   Y  1.00 65.57 1.00 -  |   455.0    419.3  0.00 |  0.0  1.0 0   0   0  0  0  0
  - 4.00s  --------    0  Y   Y  1.00 65.67 1.00 -  |   454.8    419.4  0.00 |  0.0  1.0 0   0   0  0  0  0
  - 3.90s  --------    0  Y   Y  1.00 65.78 1.00 -  |   454.6    419.5  0.00 |  0.0  1.0 0   0   0  0  0  0
  - 3.80s  --------    0  Y   Y  1.00 65.88 1.00 -  |   454.1    419.8  0.00 |  0.0  1.0 0   0   0  0  1  0
  - 3.70s  --------    0  Y   Y  1.00 65.99 1.00 -  |   453.6    420.3  0.00 |  0.0  1.0 0   0   0  0  1  0
  - 3.59s  --------    0  Y   Y  1.00 66.09 1.00 -  |   453.0    420.7  0.00 |  0.0  1.0 0   0   0  0  1  0
  - 3.49s  --------    0  Y   Y  1.00 66.19 1.00 -  |   452.4    421.1  0.00 |  0.0  1.0 0   0   0  0  1  0
  - 3.39s  --------    0  Y   Y  1.00 66.29 1.00 -  |   451.7    421.6  0.00 |  0.0  1.0 0   0   0  0  1  0
  - 3.28s  --------    0  Y   Y  1.00 66.39 1.00 -  |   451.2    422.0  0.00 |  0.0  1.0 0   0   0  0  1  0
  - 3.18s  --------    0  Y   Y  1.00 66.50 1.00 -  |   450.6    422.4  0.00 |  0.0  1.0 0   0   0  0  1  0
  - 3.08s  --------    0  Y   Y  1.00 66.61 1.00 -  |   450.0    422.8  0.00 |  0.0  1.0 0   0   0  0  1  0
  - 2.98s  --------    0  Y   Y  1.00 66.71 1.00 -  |   449.5    423.2  0.00 |  0.0  1.0 0   0   0  0  1  0
  - 2.87s  --------    0  Y   Y  1.00 66.81 1.00 -  |   448.8    423.6  0.00 |  0.0  1.0 0   0   0  0  1  0
  - 2.77s  --------    0  Y   Y  1.00 66.91 1.00 -  |   448.2    424.0  0.00 |  0.0  1.0 0   0   0  0  1  0
  - 2.67s  --------    0  Y   Y  1.00 67.01 1.00 -  |   447.6    424.4  0.00 |  0.0  1.0 0   0   0  0  1  0
  - 2.56s  --------    0  Y   Y  1.00 67.12 1.00 -  |   447.0    424.8  0.00 |  0.0  1.0 0   0   0  0  1  0
  - 2.46s  --------    0  Y   Y  1.00 67.22 1.00 -  |   446.5    425.2  0.00 |  0.0  1.0 0   0   0  0  1  0
  - 2.36s  --------    0  Y   Y  1.00 67.33 1.00 -  |   445.9    425.6  0.00 |  0.0  1.0 0   0   0  0  1  0
  - 2.25s  --------    0  Y   Y  1.00 67.43 1.00 -  |   445.2    426.1  0.00 |  0.0  1.0 0   0   0  0  1  0
  - 2.14s  --------    0  Y   Y  1.00 67.54 1.00 -  |   444.6    426.5  0.00 |  0.0  1.0 0   0   0  0  1  0
  - 2.03s  --------    0  Y   Y  1.00 67.65 1.00 -  |   443.9    427.0  0.00 |  0.0  1.0 0   0   0  0  1  0
  - 1.92s  --------    0  Y   Y  1.00 67.76 1.00 -  |   443.3    427.4  0.00 |  0.0  1.0 0   0   0  0  1  0
  - 1.82s  --------    0  Y   Y  1.00 67.86 1.00 -  |   442.8    427.8  0.00 |  0.0  1.0 0   0   0  0  1  0
  - 1.72s  --------    0  Y   Y  1.00 67.96 1.00 -  |   442.2    428.2  0.00 |  0.0  1.0 0   0   0  0  1  0
  - 1.62s  --------    0  Y   Y  1.00 68.07 1.00 -  |   441.6    428.6  0.00 |  0.0  1.0 0   0   0  0  1  0
  - 1.51s  --------    0  Y   Y  1.00 68.17 1.00 -  |   440.9    429.0  0.00 |  0.0  1.0 0   0   0  0  1  0
  - 1.40s  --------    0  Y   Y  1.00 68.28 1.00 -  |   440.3    429.4  0.00 |  0.0  1.0 0   0   0  0  1  0
  - 1.29s  --------    0  Y   Y  1.00 68.39 1.00 -  |   439.8    429.8  0.00 |  0.0  1.0 0   0   0  0  1  0
  - 1.19s  --------    0  Y   Y  1.00 68.49 1.00 -  |   439.1    430.3  0.00 |  0.0  1.0 0   0   0  0  1  0
  - 1.08s  --------    0  Y   Y  1.00 68.60 1.00 -  |   438.5    430.7  0.00 |  0.0  1.0 0   0   0  0  1  0
  - 0.97s  --------    0  Y   Y  1.00 68.71 1.00 -  |   437.9    431.1  0.00 |  0.0  1.0 0   0   0  0  1  0
  - 0.87s  --------    0  Y   Y  1.00 68.82 1.00 -  |   437.2    431.6  0.00 |  0.0  1.0 0   0   0  0  1  0
  - 0.77s  --------    0  Y   Y  1.00 68.92 1.00 -  |   436.7    432.0  0.00 |  0.0  1.0 0   0   0  0  1  0
  - 0.66s  --------    0  Y   Y  1.00 69.02 1.00 -  |   436.1    432.4  0.00 |  0.0  1.0 0   0   0  0  1  0
  - 0.56s  --------    0  Y   Y  1.00 69.12 1.00 -  |   435.5    432.8  0.00 |  0.0  1.0 0   0   0  0  1  0
  - 0.45s  --------    0  Y   Y  1.00 69.23 1.00 -  |   434.9    433.2  0.00 |  0.0  1.0 0   0   0  0  1  0
  - 0.35s  --------    0  Y   Y  1.00 69.34 1.00 -  |   434.3    433.7  0.00 |  0.0  1.0 0   0   0  0  1  0
  - 0.24s  --------    0  Y   Y  1.00 69.44 1.00 -  |   433.7    434.1  0.00 |  0.0  1.0 0   0   0  0  1  0
  - 0.13s  --------    0  Y   Y  1.00 69.55 1.00 -  |   433.1    434.5  0.00 |  0.0  1.0 0   0   0  0  1  0
  - 0.03s  --------    0  Y   Y  1.00 69.65 1.00 -  |   432.4    435.0  0.00 |  0.0  1.0 0   0   0  0  1  0
=========================================================== END

[  8792   76.965 x1.00] LOG  
==================== [FREEZE-DEBUG v3] ====================
  Reason : WASD-NOMOVE: WASD recent + speed 0.00m/s for 0.40s
  Time   : 73.725s   Frame: 8792   Snaps: 60
===========================================================

--- CURRENT STATE ---
  Flags: atk=False hvy=False dod=False dsh=False
         grd=False hit=False aerial=False lockPos=False
         comboStep=0
  Anim : speed=1.00  combatLayer hash=-792875657 normT=73.719 weight=1.00 inTransition=False
  CC   : grounded=True  enabled=True  pos=(415.24, -0.02, 449.53)  vel=(0.00, 0.00, 0.00)
  Move : IsRunning=True
  Input: H=-1.00 V=0.00  LMB=False MMB=False Q=False Sp=False Sh=True C=False
         WASD pressed in last 0.5s: True (last 0.00s ago)

--- FLIGHT RECORDER (60 snapshots, oldest first, dt=0.10s) ---
  Legend: flags = A(tk) H(vy) D(od) S(sh) G(rd) R(eact) Y(aerial) L(ock)   gnd/cc: Y/n
  t-now    flags     step gnd cc anSp normT layW tr | posX     posZ     spd   | H    V    LMB MMB Q  Sp Sh C
  ------   --------  ---- --- -- ---- ----- ---- -- | -----    -----    ----  | ---- ---- --- --- -- -- -- -
  - 6.28s  --------    0  Y   Y  1.00 67.43 1.00 -  |   445.2    426.1  0.00 |  0.0  1.0 0   0   0  0  1  0
  - 6.18s  --------    0  Y   Y  1.00 67.54 1.00 -  |   444.6    426.5  0.00 |  0.0  1.0 0   0   0  0  1  0
  - 6.06s  --------    0  Y   Y  1.00 67.65 1.00 -  |   443.9    427.0  0.00 |  0.0  1.0 0   0   0  0  1  0
  - 5.96s  --------    0  Y   Y  1.00 67.76 1.00 -  |   443.3    427.4  0.00 |  0.0  1.0 0   0   0  0  1  0
  - 5.85s  --------    0  Y   Y  1.00 67.86 1.00 -  |   442.8    427.8  0.00 |  0.0  1.0 0   0   0  0  1  0
  - 5.75s  --------    0  Y   Y  1.00 67.96 1.00 -  |   442.2    428.2  0.00 |  0.0  1.0 0   0   0  0  1  0
  - 5.65s  --------    0  Y   Y  1.00 68.07 1.00 -  |   441.6    428.6  0.00 |  0.0  1.0 0   0   0  0  1  0
  - 5.54s  --------    0  Y   Y  1.00 68.17 1.00 -  |   440.9    429.0  0.00 |  0.0  1.0 0   0   0  0  1  0
  - 5.44s  --------    0  Y   Y  1.00 68.28 1.00 -  |   440.3    429.4  0.00 |  0.0  1.0 0   0   0  0  1  0
  - 5.33s  --------    0  Y   Y  1.00 68.39 1.00 -  |   439.8    429.8  0.00 |  0.0  1.0 0   0   0  0  1  0
  - 5.22s  --------    0  Y   Y  1.00 68.49 1.00 -  |   439.1    430.3  0.00 |  0.0  1.0 0   0   0  0  1  0
  - 5.12s  --------    0  Y   Y  1.00 68.60 1.00 -  |   438.5    430.7  0.00 |  0.0  1.0 0   0   0  0  1  0
  - 5.01s  --------    0  Y   Y  1.00 68.71 1.00 -  |   437.9    431.1  0.00 |  0.0  1.0 0   0   0  0  1  0
  - 4.90s  --------    0  Y   Y  1.00 68.82 1.00 -  |   437.2    431.6  0.00 |  0.0  1.0 0   0   0  0  1  0
  - 4.80s  --------    0  Y   Y  1.00 68.92 1.00 -  |   436.7    432.0  0.00 |  0.0  1.0 0   0   0  0  1  0
  - 4.70s  --------    0  Y   Y  1.00 69.02 1.00 -  |   436.1    432.4  0.00 |  0.0  1.0 0   0   0  0  1  0
  - 4.60s  --------    0  Y   Y  1.00 69.12 1.00 -  |   435.5    432.8  0.00 |  0.0  1.0 0   0   0  0  1  0
  - 4.49s  --------    0  Y   Y  1.00 69.23 1.00 -  |   434.9    433.2  0.00 |  0.0  1.0 0   0   0  0  1  0
  - 4.38s  --------    0  Y   Y  1.00 69.34 1.00 -  |   434.3    433.7  0.00 |  0.0  1.0 0   0   0  0  1  0
  - 4.28s  --------    0  Y   Y  1.00 69.44 1.00 -  |   433.7    434.1  0.00 |  0.0  1.0 0   0   0  0  1  0
  - 4.17s  --------    0  Y   Y  1.00 69.55 1.00 -  |   433.1    434.5  0.00 |  0.0  1.0 0   0   0  0  1  0
  - 4.06s  --------    0  Y   Y  1.00 69.65 1.00 -  |   432.4    435.0  0.00 |  0.0  1.0 0   0   0  0  1  0
  - 3.96s  --------    0  Y   Y  1.00 69.76 1.00 -  |   431.8    435.4  0.00 |  0.0  1.0 0   0   0  0  1  0
  - 3.85s  --------    0  Y   Y  1.00 69.86 1.00 -  |   431.3    435.8  0.00 |  0.0  1.0 0   0   0  0  1  0
  - 3.75s  --------    0  Y   Y  1.00 69.97 1.00 -  |   430.7    436.2  0.00 |  0.0  1.0 0   0   0  0  1  0
  - 3.65s  --------    0  Y   Y  1.00 70.07 1.00 -  |   430.0    436.6  0.00 |  0.0  1.0 0   0   0  0  1  0
  - 3.54s  --------    0  Y   Y  1.00 70.18 1.00 -  |   429.4    437.0  0.00 |  0.0  1.0 0   0   0  0  1  0
  - 3.44s  --------    0  Y   Y  1.00 70.28 1.00 -  |   428.8    437.4  0.00 |  0.0  1.0 0   0   0  0  1  0
  - 3.34s  --------    0  Y   Y  1.00 70.38 1.00 -  |   428.3    437.8  0.00 |  0.0  1.0 0   0   0  0  1  0
  - 3.23s  --------    0  Y   Y  1.00 70.49 1.00 -  |   427.7    438.2  0.00 |  0.0  1.0 0   0   0  0  1  0
  - 3.12s  --------    0  Y   Y  1.00 70.59 1.00 -  |   427.0    438.7  0.00 |  0.0  1.0 0   0   0  0  1  0
  - 3.01s  --------    0  Y   Y  1.00 70.70 1.00 -  |   426.4    439.1  0.00 |  0.0  1.0 0   0   0  0  1  0
  - 2.90s  --------    0  Y   Y  1.00 70.81 1.00 -  |   425.7    439.6  0.00 |  0.0  1.0 0   0   0  0  1  0
  - 2.80s  --------    0  Y   Y  1.00 70.92 1.00 -  |   425.2    440.0  0.00 |  0.0  1.0 0   0   0  0  1  0
  - 2.70s  --------    0  Y   Y  1.00 71.02 1.00 -  |   424.6    440.4  0.00 |  0.0  1.0 0   0   0  0  1  0
  - 2.59s  --------    0  Y   Y  1.00 71.13 1.00 -  |   424.0    440.8  0.00 |  0.0  1.0 0   0   0  0  1  0
  - 2.48s  --------    0  Y   Y  1.00 71.23 1.00 -  |   423.3    441.3  0.00 |  0.0  1.0 0   0   0  0  1  0
  - 2.38s  --------    0  Y   Y  1.00 71.34 1.00 -  |   422.8    441.7  0.00 |  0.0  1.0 0   0   0  0  1  0
  - 2.28s  --------    0  Y   Y  1.00 71.44 1.00 -  |   422.2    442.1  0.00 |  0.0  1.0 0   0   0  0  1  0
  - 2.18s  --------    0  Y   Y  1.00 71.54 1.00 -  |   421.6    442.5  0.00 |  0.0  1.0 0   0   0  0  1  0
  - 2.08s  --------    0  Y   Y  1.00 71.64 1.00 -  |   421.0    442.9  0.00 |  0.0  1.0 0   0   0  0  1  0
  - 1.97s  --------    0  Y   Y  1.00 71.74 1.00 -  |   420.5    443.3  0.00 |  0.0  1.0 0   0   0  0  1  0
  - 1.87s  --------    0  Y   Y  1.00 71.85 1.00 -  |   419.9    443.7  0.00 |  0.0  1.0 0   0   0  0  1  0
  - 1.76s  --------    0  Y   Y  1.00 71.96 1.00 -  |   419.2    444.1  0.00 |  0.0  1.0 0   0   0  0  1  0
  - 1.66s  --------    0  Y   Y  1.00 72.06 1.00 -  |   418.6    444.5  0.00 |  0.0  1.0 0   0   0  0  1  0
  - 1.56s  --------    0  Y   Y  1.00 72.16 1.00 -  |   418.0    444.9  0.00 |  0.0  1.0 0   0   0  0  1  0
  - 1.46s  --------    0  Y   Y  1.00 72.26 1.00 -  |   417.5    445.3  0.00 |  0.0  1.0 0   0   0  0  1  0
  - 1.36s  --------    0  Y   Y  1.00 72.36 1.00 -  |   416.9    445.7  0.00 |  0.0  1.0 0   0   0  0  1  0
  - 1.25s  --------    0  Y   Y  1.00 72.47 1.00 -  |   416.3    446.1  0.00 |  0.0  1.0 0   0   0  0  1  0
  - 1.14s  --------    0  Y   Y  1.00 72.57 1.00 -  |   415.6    446.6  0.00 |  0.0  1.0 0   0   0  0  1  0
  - 1.04s  --------    0  Y   Y  1.00 72.68 1.00 -  |   415.2    446.9  0.00 |  0.0  1.0 0   0   0  0  0  0
  - 0.94s  --------    0  Y   Y  1.00 72.78 1.00 -  |   415.1    447.1  0.00 |  0.0  1.0 0   0   0  0  0  0
  - 0.83s  --------    0  Y   Y  1.00 72.88 1.00 -  |   415.2    447.3  0.00 |  0.0  1.0 0   0   0  0  0  0
  - 0.73s  --------    0  Y   Y  1.00 72.99 1.00 -  |   415.3    447.4  0.00 |  0.0  1.0 0   0   0  0  0  0
  - 0.62s  --------    0  Y   Y  1.00 73.09 1.00 -  |   415.5    447.6  0.00 |  0.0  1.0 0   0   0  0  0  0
  - 0.51s  --------    0  Y   Y  1.00 73.20 1.00 -  |   415.6    447.8  0.00 |  0.0  1.0 0   0   0  0  0  0
  - 0.40s  --------    0  Y   Y  1.00 73.31 1.00 -  |   415.8    447.9  0.00 |  0.0  0.0 0   0   0  0  0  0
  - 0.30s  --------    0  Y   Y  1.00 73.42 1.00 -  |   415.9    448.0  0.00 |  0.0  0.0 0   0   0  0  0  0
  - 0.19s  --------    0  Y   Y  1.00 73.53 1.00 -  |   416.1    448.4  0.00 | -1.0  0.0 0   0   0  0  1  0
  - 0.08s  --------    0  Y   Y  1.00 73.63 1.00 -  |   415.6    449.1  0.00 | -1.0  0.0 0   0   0  0  1  0
=========================================================== END

[  8860   77.550 x1.00] LOG  [StormWeather] fur: under cover, wind fading out.
[ 10232   87.352 x1.00] LOG  
==================== [FREEZE-DEBUG v3] ====================
  Reason : WASD-NOMOVE: WASD recent + speed 0.00m/s for 0.40s
  Time   : 84.113s   Frame: 10232   Snaps: 60
===========================================================

--- CURRENT STATE ---
  Flags: atk=False hvy=False dod=False dsh=False
         grd=False hit=False aerial=False lockPos=False
         comboStep=0
  Anim : speed=1.00  combatLayer hash=-792875657 normT=84.106 weight=1.00 inTransition=False
  CC   : grounded=True  enabled=True  pos=(406.31, 0.98, 460.27)  vel=(0.00, 0.00, 0.00)
  Move : IsRunning=True
  Input: H=-1.00 V=0.00  LMB=False MMB=False Q=False Sp=False Sh=True C=False
         WASD pressed in last 0.5s: True (last 0.00s ago)

--- FLIGHT RECORDER (60 snapshots, oldest first, dt=0.10s) ---
  Legend: flags = A(tk) H(vy) D(od) S(sh) G(rd) R(eact) Y(aerial) L(ock)   gnd/cc: Y/n
  t-now    flags     step gnd cc anSp normT layW tr | posX     posZ     spd   | H    V    LMB MMB Q  Sp Sh C
  ------   --------  ---- --- -- ---- ----- ---- -- | -----    -----    ----  | ---- ---- --- --- -- -- -- -
  - 6.21s  --------    0  Y   Y  1.00 77.89 1.00 -  |   406.6    459.3  0.00 |  0.0  0.0 0   0   0  0  0  0
  - 6.11s  --------    0  Y   Y  1.00 78.00 1.00 -  |   406.6    459.3  0.00 |  0.0  0.0 0   0   0  0  0  0
  - 6.01s  --------    0  Y   Y  1.00 78.10 1.00 -  |   406.6    459.3  0.00 |  0.0  0.0 0   0   0  0  0  0
  - 5.90s  --------    0  Y   Y  1.00 78.20 1.00 -  |   406.6    459.3  0.00 |  0.0  0.0 0   0   0  0  0  0
  - 5.80s  --------    0  Y   Y  1.00 78.31 1.00 -  |   406.6    459.3  0.00 |  0.0  0.0 0   0   0  0  0  0
  - 5.70s  --------    0  Y   Y  1.00 78.41 1.00 -  |   406.6    459.3  0.00 |  0.0  0.0 0   0   0  0  0  0
  - 5.60s  --------    0  Y   Y  1.00 78.51 1.00 -  |   406.6    459.3  0.00 |  0.0  0.0 0   0   0  0  0  0
  - 5.49s  --------    0  Y   Y  1.00 78.61 1.00 -  |   406.6    459.3  0.00 |  0.0  0.0 0   0   0  0  0  0
  - 5.39s  --------    0  Y   Y  1.00 78.72 1.00 -  |   406.6    459.3  0.00 |  0.0  0.0 0   0   0  0  0  0
  - 5.29s  --------    0  Y   Y  1.00 78.82 1.00 -  |   406.6    459.3  0.00 |  0.0  0.0 0   0   0  0  0  0
  - 5.19s  --------    0  Y   Y  1.00 78.92 1.00 -  |   406.6    459.3  0.00 |  0.0  0.0 0   0   0  0  0  0
  - 5.08s  --------    0  Y   Y  1.00 79.03 1.00 -  |   406.6    459.3  0.00 |  0.0  0.0 0   0   0  0  0  0
  - 4.98s  --------    0  Y   Y  1.00 79.13 1.00 -  |   406.6    459.3  0.00 |  0.0  0.0 0   0   0  0  0  0
  - 4.87s  --------    0  Y   Y  1.00 79.23 1.00 -  |   406.6    459.3  0.00 |  0.0  0.0 0   0   0  0  0  0
  - 4.77s  --------    0  Y   Y  1.00 79.34 1.00 -  |   406.6    459.3  0.00 |  0.0  0.0 0   0   0  0  0  0
  - 4.66s  --------    0  Y   Y  1.00 79.44 1.00 -  |   406.6    459.3  0.00 |  0.0  0.0 0   0   0  0  0  0
  - 4.56s  --------    0  Y   Y  1.00 79.55 1.00 -  |   406.6    459.3  0.00 |  0.0  0.0 0   0   0  0  0  0
  - 4.45s  --------    0  Y   Y  1.00 79.65 1.00 -  |   406.6    459.3  0.00 |  0.0  0.0 0   0   0  0  0  0
  - 4.35s  --------    0  Y   Y  1.00 79.76 1.00 -  |   406.6    459.3  0.00 |  0.0  0.0 0   0   0  0  0  0
  - 4.25s  --------    0  Y   Y  1.00 79.86 1.00 -  |   406.6    459.3  0.00 |  0.0  0.0 0   0   0  0  0  0
  - 4.15s  --------    0  Y   Y  1.00 79.96 1.00 -  |   406.6    459.3  0.00 |  0.0  0.0 0   0   0  0  0  0
  - 4.04s  --------    0  Y   Y  1.00 80.06 1.00 -  |   406.6    459.3  0.00 |  0.0  0.0 0   0   0  0  0  0
  - 3.94s  --------    0  Y   Y  1.00 80.17 1.00 -  |   406.6    459.3  0.00 |  0.0  0.0 0   0   0  0  0  0
  - 3.83s  --------    0  Y   Y  1.00 80.28 1.00 -  |   406.6    459.3  0.00 |  0.0  0.0 0   0   0  0  0  0
  - 3.73s  --------    0  Y   Y  1.00 80.38 1.00 -  |   406.6    459.3  0.00 |  0.0  0.0 0   0   0  0  0  0
  - 3.63s  --------    0  Y   Y  1.00 80.48 1.00 -  |   406.6    459.3  0.00 |  0.0  0.0 0   0   0  0  0  0
  - 3.53s  --------    0  Y   Y  1.00 80.58 1.00 -  |   406.6    459.3  0.00 |  0.0  0.0 0   0   0  0  0  0
  - 3.42s  --------    0  Y   Y  1.00 80.68 1.00 -  |   406.6    459.3  0.00 |  0.0  0.0 0   0   0  0  0  0
  - 3.32s  --------    0  Y   Y  1.00 80.79 1.00 -  |   406.6    459.3  0.00 |  0.0  0.0 0   0   0  0  0  0
  - 3.21s  --------    0  Y   Y  1.00 80.90 1.00 -  |   406.6    459.3  0.00 |  0.0  0.0 0   0   0  0  0  0
  - 3.10s  --------    0  Y   Y  1.00 81.00 1.00 -  |   406.6    459.3  0.00 |  0.0  0.0 0   0   0  0  0  0
  - 3.00s  --------    0  Y   Y  1.00 81.10 1.00 -  |   406.6    459.3  0.00 |  0.0  0.0 0   0   0  0  0  0
  - 2.89s  --------    0  Y   Y  1.00 81.21 1.00 -  |   406.6    459.3  0.00 |  0.0  0.0 0   0   0  0  0  0
  - 2.79s  --------    0  Y   Y  1.00 81.31 1.00 -  |   406.6    459.3  0.00 |  0.0  0.0 0   0   0  0  0  0
  - 2.69s  --------    0  Y   Y  1.00 81.42 1.00 -  |   406.6    459.3  0.00 |  0.0  0.0 0   0   0  0  0  0
  - 2.58s  --------    0  Y   Y  1.00 81.53 1.00 -  |   406.6    459.3  0.00 |  0.0  0.0 0   0   0  0  0  0
  - 2.48s  --------    0  Y   Y  1.00 81.63 1.00 -  |   406.6    459.3  0.00 |  0.0  0.0 0   0   0  0  0  0
  - 2.37s  --------    0  Y   Y  1.00 81.73 1.00 -  |   406.6    459.3  0.00 |  0.0  0.0 0   0   0  0  0  0
  - 2.27s  --------    0  Y   Y  1.00 81.84 1.00 -  |   406.6    459.3  0.00 |  0.0  0.0 0   0   0  0  0  0
  - 2.16s  --------    0  Y   Y  1.00 81.94 1.00 -  |   406.6    459.3  0.00 |  0.0  0.0 0   0   0  0  0  0
  - 2.06s  --------    0  Y   Y  1.00 82.04 1.00 -  |   406.6    459.3  0.00 |  0.0  0.0 0   0   0  0  0  0
  - 1.96s  --------    0  Y   Y  1.00 82.14 1.00 -  |   406.6    459.3  0.00 |  0.0  0.0 0   0   0  0  0  0
  - 1.86s  --------    0  Y   Y  1.00 82.24 1.00 -  |   406.6    459.3  0.00 |  0.0  0.0 0   0   0  0  0  0
  - 1.76s  --------    0  Y   Y  1.00 82.35 1.00 -  |   406.6    459.3  0.00 |  0.0  0.0 0   0   0  0  0  0
  - 1.65s  --------    0  Y   Y  1.00 82.45 1.00 -  |   406.6    459.3  0.00 |  0.0  0.0 0   0   0  0  0  0
  - 1.55s  --------    0  Y   Y  1.00 82.55 1.00 -  |   406.6    459.3  0.00 |  0.0  0.0 0   0   0  0  0  0
  - 1.45s  --------    0  Y   Y  1.00 82.66 1.00 -  |   406.6    459.3  0.00 |  0.0  0.0 0   0   0  0  0  0
  - 1.34s  --------    0  Y   Y  1.00 82.76 1.00 -  |   406.6    459.3  0.00 |  0.0  0.0 0   0   0  0  0  0
  - 1.24s  --------    0  Y   Y  1.00 82.87 1.00 -  |   406.6    459.3  0.00 |  0.0  0.0 0   0   0  0  0  0
  - 1.13s  --------    0  Y   Y  1.00 82.97 1.00 -  |   406.6    459.3  0.00 |  0.0  0.0 0   0   0  0  0  0
  - 1.03s  --------    0  Y   Y  1.00 83.08 1.00 -  |   406.6    459.3  0.00 |  0.0  0.0 0   0   0  0  0  0
  - 0.92s  --------    0  Y   Y  1.00 83.18 1.00 -  |   406.6    459.3  0.00 |  0.0  0.0 0   0   0  0  0  0
  - 0.82s  --------    0  Y   Y  1.00 83.28 1.00 -  |   406.6    459.3  0.00 |  0.0  0.0 0   0   0  0  0  0
  - 0.72s  --------    0  Y   Y  1.00 83.39 1.00 -  |   406.6    459.3  0.00 |  0.0  0.0 0   0   0  0  0  0
  - 0.61s  --------    0  Y   Y  1.00 83.49 1.00 -  |   406.6    459.3  0.00 |  0.0  0.0 0   0   0  0  0  0
  - 0.51s  --------    0  Y   Y  1.00 83.60 1.00 -  |   406.6    459.3  0.00 |  0.0  0.0 0   0   0  0  0  0
  - 0.40s  --------    0  Y   Y  1.00 83.71 1.00 -  |   406.6    459.3  0.00 |  0.0  0.0 0   0   0  0  0  0
  - 0.29s  --------    0  Y   Y  1.00 83.81 1.00 -  |   406.6    459.4  0.00 | -1.0  0.0 0   0   0  0  0  0
  - 0.19s  --------    0  Y   Y  1.00 83.91 1.00 -  |   406.5    459.7  0.00 | -1.0  0.0 0   0   0  0  0  0
  - 0.08s  --------    0  Y   Y  1.00 84.02 1.00 -  |   406.3    460.1  0.00 | -1.0  0.0 0   0   0  0  1  0
=========================================================== END

[ 10953   93.350 x1.00] LOG  
==================== [FREEZE-DEBUG v3] ====================
  Reason : WASD-NOMOVE: WASD recent + speed 0.00m/s for 0.41s
  Time   : 90.110s   Frame: 10953   Snaps: 60
===========================================================

--- CURRENT STATE ---
  Flags: atk=False hvy=False dod=False dsh=False
         grd=False hit=False aerial=False lockPos=False
         comboStep=0
  Anim : speed=1.00  combatLayer hash=-792875657 normT=90.103 weight=1.00 inTransition=False
  CC   : grounded=True  enabled=True  pos=(405.69, 0.92, 457.57)  vel=(0.00, -0.77, 0.00)
  Move : IsRunning=True
  Input: H=1.00 V=0.00  LMB=False MMB=False Q=False Sp=False Sh=True C=False
         WASD pressed in last 0.5s: True (last 0.00s ago)

--- FLIGHT RECORDER (60 snapshots, oldest first, dt=0.10s) ---
  Legend: flags = A(tk) H(vy) D(od) S(sh) G(rd) R(eact) Y(aerial) L(ock)   gnd/cc: Y/n
  t-now    flags     step gnd cc anSp normT layW tr | posX     posZ     spd   | H    V    LMB MMB Q  Sp Sh C
  ------   --------  ---- --- -- ---- ----- ---- -- | -----    -----    ----  | ---- ---- --- --- -- -- -- -
  - 6.19s  --------    0  Y   Y  1.00 83.91 1.00 -  |   406.5    459.7  0.00 | -1.0  0.0 0   0   0  0  0  0
  - 6.08s  --------    0  Y   Y  1.00 84.02 1.00 -  |   406.3    460.1  0.00 | -1.0  0.0 0   0   0  0  1  0
  - 5.98s  --------    0  Y   Y  1.00 84.13 1.00 -  |   406.3    460.3  0.00 | -1.0  0.0 0   0   0  0  1  0
  - 5.88s  --------    0  Y   Y  1.00 84.22 1.00 -  |   406.4    460.4  0.00 | -1.0  0.0 0   0   0  0  1  0
  - 5.77s  --------    0  Y   Y  1.00 84.33 1.00 -  |   406.5    460.5  0.00 | -1.0  0.0 0   0   0  0  1  0
  - 5.66s  --------    0  Y   Y  1.00 84.43 1.00 -  |   406.6    460.6  0.00 | -1.0  0.0 0   0   0  0  1  0
  - 5.56s  --------    0  Y   Y  1.00 84.54 1.00 -  |   406.7    460.7  0.00 |  0.0  0.0 0   0   0  0  0  0
  - 5.46s  --------    0  Y   Y  1.00 84.64 1.00 -  |   406.7    460.7  0.00 |  0.0 -1.0 0   0   0  0  0  0
  - 5.34s  --------    0  Y   Y  1.00 84.75 1.00 -  |   406.6    460.6  0.00 |  0.0 -1.0 0   0   0  0  0  0
  - 5.24s  --------    0  Y   Y  1.00 84.86 1.00 -  |   406.5    460.5  0.00 |  0.0 -1.0 0   0   0  0  0  0
  - 5.14s  --------    0  Y   Y  1.00 84.97 1.00 -  |   406.3    460.4  0.00 |  0.0 -1.0 0   0   0  0  0  0
  - 5.03s  --------    0  Y   Y  1.00 85.07 1.00 -  |   406.1    460.3  0.00 |  0.0 -1.0 0   0   0  0  0  0
  - 4.92s  --------    0  Y   Y  1.00 85.17 1.00 -  |   406.0    460.2  0.00 |  0.0  0.0 0   0   0  0  0  0
  - 4.82s  --------    0  Y   Y  1.00 85.28 1.00 -  |   406.0    460.2  0.00 |  0.0  0.0 0   0   0  0  0  0
  - 4.72s  --------    0  Y   Y  1.00 85.39 1.00 -  |   406.0    460.2  0.00 |  0.0  0.0 0   0   0  0  0  0
  - 4.61s  --------    0  Y   Y  1.00 85.49 1.00 -  |   406.0    460.2  0.00 |  0.0  0.0 0   0   0  0  0  0
  - 4.51s  --------    0  Y   Y  1.00 85.59 1.00 -  |   406.0    460.2  0.00 |  0.0  0.0 0   0   0  0  0  0
  - 4.40s  --------    0  Y   Y  1.00 85.70 1.00 -  |   406.0    460.2  0.00 |  0.0  0.0 0   0   0  0  0  0
  - 4.30s  --------    0  Y   Y  1.00 85.80 1.00 -  |   406.0    460.2  0.00 |  0.0  0.0 0   0   0  0  0  0
  - 4.19s  --------    0  Y   Y  1.00 85.91 1.00 -  |   406.0    460.2  0.00 |  0.0  0.0 0   0   0  0  0  0
  - 4.09s  --------    0  Y   Y  1.00 86.01 1.00 -  |   406.0    460.2  0.00 |  0.0  0.0 0   0   0  0  0  0
  - 3.98s  --------    0  Y   Y  1.00 86.12 1.00 -  |   406.0    460.2  0.00 |  0.0  0.0 0   0   0  0  0  0
  - 3.87s  --------    0  Y   Y  1.00 86.23 1.00 -  |   406.0    460.2  0.00 |  0.0  0.0 0   0   0  0  0  0
  - 3.77s  --------    0  Y   Y  1.00 86.33 1.00 -  |   406.0    460.2  0.00 |  0.0  0.0 0   0   0  0  0  0
  - 3.67s  --------    0  Y   Y  1.00 86.43 1.00 -  |   406.0    460.2  0.00 |  0.0  0.0 0   0   0  0  0  0
  - 3.57s  --------    0  Y   Y  1.00 86.54 1.00 -  |   406.0    460.2  0.00 |  0.0  0.0 0   0   0  0  0  0
  - 3.47s  --------    0  Y   Y  1.00 86.64 1.00 -  |   406.0    460.2  0.00 |  0.0  0.0 0   0   0  0  0  0
  - 3.36s  --------    0  Y   Y  1.00 86.74 1.00 -  |   406.0    460.2  0.00 |  0.0  0.0 0   0   0  0  0  0
  - 3.25s  --------    0  Y   Y  1.00 86.85 1.00 -  |   406.0    460.2  0.00 |  0.0  0.0 0   0   0  0  0  0
  - 3.15s  --------    0  Y   Y  1.00 86.95 1.00 -  |   406.0    460.2  0.00 |  0.0  0.0 0   0   0  0  0  0
  - 3.04s  --------    0  Y   Y  1.00 87.06 1.00 -  |   406.0    460.2  0.00 |  0.0  0.0 0   0   0  0  0  0
  - 2.94s  --------    0  Y   Y  1.00 87.16 1.00 -  |   406.0    460.2  0.00 |  0.0  0.0 0   0   0  0  0  0
  - 2.84s  --------    0  Y   Y  1.00 87.27 1.00 -  |   406.0    460.2  0.00 |  0.0  0.0 0   0   0  0  0  0
  - 2.73s  --------    0  Y   Y  1.00 87.37 1.00 -  |   406.0    460.2  0.00 |  0.0  0.0 0   0   0  0  0  0
  - 2.63s  --------    0  Y   Y  1.00 87.47 1.00 -  |   406.0    460.2  0.00 |  0.0  0.0 0   0   0  0  0  0
  - 2.52s  --------    0  Y   Y  1.00 87.58 1.00 -  |   406.0    460.2  0.00 |  0.0  0.0 0   0   0  0  0  0
  - 2.42s  --------    0  Y   Y  1.00 87.68 1.00 -  |   406.0    460.2  0.00 |  0.0  0.0 0   0   0  0  0  0
  - 2.31s  --------    0  Y   Y  1.00 87.79 1.00 -  |   406.0    460.2  0.00 |  0.0  0.0 0   0   0  0  0  0
  - 2.21s  --------    0  Y   Y  1.00 87.90 1.00 -  |   406.0    460.2  0.00 |  0.0  0.0 0   0   0  0  0  0
  - 2.10s  --------    0  Y   Y  1.00 88.00 1.00 -  |   406.0    460.2  0.00 |  0.0  0.0 0   0   0  0  0  0
  - 2.00s  --------    0  Y   Y  1.00 88.10 1.00 -  |   406.0    460.2  0.00 |  0.0  0.0 0   0   0  0  0  0
  - 1.90s  --------    0  Y   Y  1.00 88.20 1.00 -  |   406.0    460.2  0.00 |  0.0  0.0 0   0   0  0  0  0
  - 1.79s  --------    0  Y   Y  1.00 88.30 1.00 -  |   406.0    460.2  0.00 |  0.0  0.0 0   0   0  0  0  0
  - 1.69s  --------    0  Y   Y  1.00 88.41 1.00 -  |   406.0    460.2  0.00 |  0.0  0.0 0   0   0  0  0  0
  - 1.59s  --------    0  Y   Y  1.00 88.51 1.00 -  |   406.0    460.2  0.00 |  0.0  0.0 0   0   0  0  0  0
  - 1.48s  --------    0  Y   Y  1.00 88.62 1.00 -  |   406.0    460.2  0.00 |  0.0  0.0 0   0   0  0  0  0
  - 1.38s  --------    0  Y   Y  1.00 88.71 1.00 -  |   406.0    460.2  0.00 |  0.0  0.0 0   0   0  0  0  0
  - 1.27s  --------    0  Y   Y  1.00 88.83 1.00 -  |   406.0    460.2  0.00 |  0.0  0.0 0   0   0  0  0  0
  - 1.17s  --------    0  Y   Y  1.00 88.93 1.00 -  |   406.0    460.2  0.00 |  0.0  0.0 0   0   0  0  0  0
  - 1.06s  --------    0  Y   Y  1.00 89.04 1.00 -  |   406.0    460.2  0.00 |  0.0  0.0 0   0   0  0  0  0
  - 0.96s  --------    0  Y   Y  1.00 89.14 1.00 -  |   406.0    460.2  0.00 |  0.0  0.0 0   0   0  0  1  0
  - 0.85s  --------    0  Y   Y  1.00 89.25 1.00 -  |   406.0    460.2  0.00 |  0.0  0.0 0   0   0  0  1  0
  - 0.75s  --------    0  Y   Y  1.00 89.36 1.00 -  |   406.0    460.2  0.00 |  0.0  0.0 0   0   0  0  1  0
  - 0.64s  --------    0  Y   Y  1.00 89.46 1.00 -  |   406.0    460.2  0.00 |  0.0  0.0 0   0   0  0  1  0
  - 0.54s  --------    0  Y   Y  1.00 89.56 1.00 -  |   406.0    460.2  0.00 |  0.0  0.0 0   0   0  0  1  0
  - 0.44s  --------    0  Y   Y  1.00 89.66 1.00 -  |   406.0    460.2  0.00 |  0.0  0.0 0   0   0  0  1  0
  - 0.34s  --------    0  Y   Y  1.00 89.77 1.00 -  |   406.0    459.9  0.00 |  1.0  0.0 0   0   0  0  1  0
  - 0.23s  --------    0  Y   Y  1.00 89.87 1.00 -  |   405.9    459.1  0.00 |  1.0  0.0 0   0   0  0  1  0
  - 0.12s  --------    0  Y   Y  1.00 89.98 1.00 -  |   405.8    458.4  0.00 |  1.0  0.0 0   0   0  0  1  0
  - 0.01s  --------    0  Y   Y  1.00 90.09 1.00 -  |   405.7    457.7  0.00 |  1.0  0.0 0   0   0  0  1  0
=========================================================== END

[ 11867  100.051 x1.00] LOG  
==================== [FREEZE-DEBUG v3] ====================
  Reason : WASD-NOMOVE: WASD recent + speed 0.00m/s for 0.40s
  Time   : 96.812s   Frame: 11867   Snaps: 60
===========================================================

--- CURRENT STATE ---
  Flags: atk=False hvy=False dod=False dsh=False
         grd=False hit=False aerial=False lockPos=False
         comboStep=0
  Anim : speed=1.00  combatLayer hash=-792875657 normT=96.799 weight=1.00 inTransition=False
  CC   : grounded=True  enabled=True  pos=(405.20, 0.25, 451.98)  vel=(0.00, 0.00, 0.00)
  Move : IsRunning=False
  Input: H=0.00 V=1.00  LMB=False MMB=False Q=False Sp=False Sh=False C=False
         WASD pressed in last 0.5s: True (last 0.00s ago)

--- FLIGHT RECORDER (60 snapshots, oldest first, dt=0.10s) ---
  Legend: flags = A(tk) H(vy) D(od) S(sh) G(rd) R(eact) Y(aerial) L(ock)   gnd/cc: Y/n
  t-now    flags     step gnd cc anSp normT layW tr | posX     posZ     spd   | H    V    LMB MMB Q  Sp Sh C
  ------   --------  ---- --- -- ---- ----- ---- -- | -----    -----    ----  | ---- ---- --- --- -- -- -- -
  - 6.20s  --------    0  Y   Y  1.00 90.60 1.00 -  |   405.3    454.5  0.00 |  0.0  0.0 0   0   0  0  1  0
  - 6.10s  --------    0  Y   Y  1.00 90.71 1.00 -  |   405.3    454.5  0.00 |  0.0  0.0 0   0   0  0  1  0
  - 5.99s  --------    0  Y   Y  1.00 90.81 1.00 -  |   405.3    454.5  0.00 |  0.0  0.0 0   0   0  0  1  0
  - 5.89s  --------    0  Y   Y  1.00 90.92 1.00 -  |   405.3    454.5  0.00 |  0.0  0.0 0   0   0  0  0  0
  - 5.78s  --------    0  Y   Y  1.00 91.02 1.00 -  |   405.3    454.5  0.00 |  0.0  0.0 0   0   0  0  0  0
  - 5.67s  --------    0  Y   Y  1.00 91.13 1.00 -  |   405.3    454.5  0.00 |  0.0  0.0 0   0   0  0  0  0
  - 5.57s  --------    0  Y   Y  1.00 91.23 1.00 -  |   405.3    454.5  0.00 |  0.0  0.0 0   0   0  0  0  0
  - 5.47s  --------    0  Y   Y  1.00 91.34 1.00 -  |   405.3    454.4  0.00 |  1.0  0.0 0   0   0  0  0  0
  - 5.37s  --------    0  Y   Y  1.00 91.44 1.00 -  |   405.3    454.2  0.00 |  1.0  0.0 0   0   0  0  0  0
  - 5.26s  --------    0  Y   Y  1.00 91.54 1.00 -  |   405.2    453.7  0.00 |  1.0  0.0 0   0   0  0  1  0
  - 5.15s  --------    0  Y   Y  1.00 91.65 1.00 -  |   405.1    453.0  0.00 |  1.0  0.0 0   0   0  0  1  0
  - 5.05s  --------    0  Y   Y  1.00 91.76 1.00 -  |   405.0    452.2  0.00 |  1.0  0.0 0   0   0  0  1  0
  - 4.94s  --------    0  Y   Y  1.00 91.86 1.00 -  |   404.9    451.5  0.00 |  0.0  0.0 0   0   0  0  1  0
  - 4.84s  --------    0  Y   Y  1.00 91.96 1.00 -  |   404.9    450.8  0.00 |  0.0  0.0 0   0   0  0  1  0
  - 4.74s  --------    0  Y   Y  1.00 92.07 1.00 -  |   404.8    450.1  0.00 |  0.0  0.0 0   0   0  0  1  0
  - 4.64s  --------    0  Y   Y  1.00 92.17 1.00 -  |   404.8    450.1  0.00 |  0.0  0.0 0   0   0  0  0  0
  - 4.53s  --------    0  Y   Y  1.00 92.27 1.00 -  |   404.8    450.1  0.00 |  0.0  0.0 0   0   0  0  0  0
  - 4.43s  --------    0  Y   Y  1.00 92.37 1.00 -  |   404.8    450.1  0.00 |  0.0  0.0 0   0   0  0  0  0
  - 4.33s  --------    0  Y   Y  1.00 92.47 1.00 -  |   404.8    450.1  0.00 |  0.0  0.0 0   0   0  0  0  0
  - 4.23s  --------    0  Y   Y  1.00 92.57 1.00 -  |   404.8    450.1  0.00 | -1.0  0.0 0   0   0  0  0  0
  - 4.13s  --------    0  Y   Y  1.00 92.68 1.00 -  |   404.8    450.3  0.00 | -1.0  0.0 0   0   0  0  0  0
  - 4.02s  --------    0  Y   Y  1.00 92.78 1.00 -  |   404.8    450.5  0.00 | -1.0  0.0 0   0   0  0  0  0
  - 3.92s  --------    0  Y   Y  1.00 92.88 1.00 -  |   404.8    450.7  0.00 | -1.0  0.0 0   0   0  0  0  0
  - 3.82s  --------    0  Y   Y  1.00 92.98 1.00 -  |   404.9    450.9  0.00 |  0.0  0.0 0   0   0  0  0  0
  - 3.71s  --------    0  Y   Y  1.00 93.09 1.00 -  |   404.9    451.1  0.00 |  0.0  0.0 0   0   0  0  0  0
  - 3.60s  --------    0  Y   Y  1.00 93.20 1.00 -  |   404.9    451.3  0.00 |  0.0  0.0 0   0   0  0  0  0
  - 3.50s  --------    0  Y   Y  1.00 93.31 1.00 -  |   404.9    451.3  0.00 |  0.0  0.0 0   0   0  0  0  0
  - 3.39s  --------    0  Y   Y  1.00 93.41 1.00 -  |   404.9    451.3  0.00 |  0.0  0.0 0   0   0  0  0  0
  - 3.29s  --------    0  Y   Y  1.00 93.51 1.00 -  |   404.9    451.3  0.00 |  0.0  0.0 0   0   0  0  0  0
  - 3.19s  --------    0  Y   Y  1.00 93.61 1.00 -  |   404.9    451.3  0.00 |  0.0  0.0 0   0   0  0  0  0
  - 3.09s  --------    0  Y   Y  1.00 93.71 1.00 -  |   404.9    451.3  0.00 |  0.0  0.0 0   0   0  0  0  0
  - 2.99s  --------    0  Y   Y  1.00 93.82 1.00 -  |   404.9    451.3  0.00 |  0.0  0.0 0   0   0  0  0  0
  - 2.88s  --------    0  Y   Y  1.00 93.92 1.00 -  |   404.9    451.3  0.00 |  0.0  0.0 0   0   0  0  0  0
  - 2.78s  --------    0  Y   Y  1.00 94.03 1.00 -  |   404.9    451.3  0.00 |  0.0  0.0 0   0   0  0  0  0
  - 2.67s  --------    0  Y   Y  1.00 94.13 1.00 -  |   404.9    451.3  0.00 |  0.0  0.0 0   0   0  0  0  0
  - 2.57s  --------    0  Y   Y  1.00 94.24 1.00 -  |   404.9    451.3  0.00 |  0.0  0.0 0   0   0  0  0  0
  - 2.47s  --------    0  Y   Y  1.00 94.34 1.00 -  |   404.9    451.3  0.00 |  0.0  0.0 0   0   0  0  0  0
  - 2.37s  --------    0  Y   Y  1.00 94.44 1.00 -  |   404.9    451.3  0.00 |  0.0  0.0 0   0   0  0  0  0
  - 2.26s  --------    0  Y   Y  1.00 94.54 1.00 -  |   404.9    451.3  0.00 |  0.0  0.0 0   0   0  0  0  0
  - 2.16s  --------    0  Y   Y  1.00 94.65 1.00 -  |   404.9    451.3  0.00 |  0.0  0.0 0   0   0  0  0  0
  - 2.06s  --------    0  Y   Y  1.00 94.74 1.00 -  |   404.9    451.3  0.00 |  0.0  0.0 0   0   0  0  0  0
  - 1.96s  --------    0  Y   Y  1.00 94.85 1.00 -  |   404.9    451.3  0.00 |  0.0  0.0 0   0   0  0  0  0
  - 1.85s  --------    0  Y   Y  1.00 94.95 1.00 -  |   404.9    451.3  0.00 |  0.0  0.0 0   0   0  0  0  0
  - 1.75s  --------    0  Y   Y  1.00 95.05 1.00 -  |   404.9    451.3  0.00 |  0.0  0.0 0   0   0  0  0  0
  - 1.65s  --------    0  Y   Y  1.00 95.16 1.00 -  |   404.9    451.3  0.00 |  0.0  0.0 0   0   0  0  0  0
  - 1.55s  --------    0  Y   Y  1.00 95.26 1.00 -  |   404.9    451.3  0.00 |  0.0  0.0 0   0   0  0  0  0
  - 1.45s  --------    0  Y   Y  1.00 95.36 1.00 -  |   404.9    451.3  0.00 |  0.0  0.0 0   0   0  0  0  0
  - 1.34s  --------    0  Y   Y  1.00 95.46 1.00 -  |   404.9    451.3  0.00 |  0.0  0.0 0   0   0  0  0  0
  - 1.24s  --------    0  Y   Y  1.00 95.57 1.00 -  |   404.9    451.3  0.00 |  0.0  0.0 0   0   0  0  0  0
  - 1.13s  --------    0  Y   Y  1.00 95.67 1.00 -  |   404.9    451.3  0.00 |  0.0  0.0 0   0   0  0  0  0
  - 1.03s  --------    0  Y   Y  1.00 95.77 1.00 -  |   404.9    451.3  0.00 |  0.0  0.0 0   0   0  0  0  0
  - 0.93s  --------    0  Y   Y  1.00 95.88 1.00 -  |   404.9    451.3  0.00 |  0.0  0.0 0   0   0  0  0  0
  - 0.82s  --------    0  Y   Y  1.00 95.98 1.00 -  |   404.9    451.3  0.00 |  0.0  0.0 0   0   0  0  0  0
  - 0.72s  --------    0  Y   Y  1.00 96.09 1.00 -  |   404.9    451.3  0.00 |  0.0  0.0 0   0   0  0  0  0
  - 0.62s  --------    0  Y   Y  1.00 96.19 1.00 -  |   404.9    451.3  0.00 |  0.0  0.0 0   0   0  0  0  0
  - 0.52s  --------    0  Y   Y  1.00 96.29 1.00 -  |   404.9    451.3  0.00 |  0.0  0.0 0   0   0  0  0  0
  - 0.41s  --------    0  Y   Y  1.00 96.39 1.00 -  |   404.9    451.3  0.00 |  0.0  0.0 0   0   0  0  0  0
  - 0.31s  --------    0  Y   Y  1.00 96.49 1.00 -  |   405.0    451.4  0.00 |  0.0  1.0 0   0   0  0  0  0
  - 0.20s  --------    0  Y   Y  1.00 96.60 1.00 -  |   405.0    451.6  0.00 |  0.0  1.0 0   0   0  0  0  0
  - 0.10s  --------    0  Y   Y  1.00 96.71 1.00 -  |   405.1    451.8  0.00 |  0.0  1.0 0   0   0  0  0  0
=========================================================== END

[ 12034  101.617 x1.00] LOG  [StormWeather] fur: open sky, wind back.
[ 12349  104.105 x1.00] LOG  
==================== [FREEZE-DEBUG v3] ====================
  Reason : WASD-NOMOVE: WASD recent + speed 0.00m/s for 0.40s
  Time   : 100.866s   Frame: 12349   Snaps: 60
===========================================================

--- CURRENT STATE ---
  Flags: atk=False hvy=False dod=False dsh=False
         grd=False hit=False aerial=False lockPos=False
         comboStep=0
  Anim : speed=1.00  combatLayer hash=-792875657 normT=100.860 weight=1.00 inTransition=False
  CC   : grounded=True  enabled=True  pos=(429.16, -0.02, 445.98)  vel=(0.00, 0.00, 0.00)
  Move : IsRunning=True
  Input: H=1.00 V=0.00  LMB=False MMB=False Q=False Sp=False Sh=True C=False
         WASD pressed in last 0.5s: True (last 0.00s ago)

--- FLIGHT RECORDER (60 snapshots, oldest first, dt=0.10s) ---
  Legend: flags = A(tk) H(vy) D(od) S(sh) G(rd) R(eact) Y(aerial) L(ock)   gnd/cc: Y/n
  t-now    flags     step gnd cc anSp normT layW tr | posX     posZ     spd   | H    V    LMB MMB Q  Sp Sh C
  ------   --------  ---- --- -- ---- ----- ---- -- | -----    -----    ----  | ---- ---- --- --- -- -- -- -
  - 6.21s  --------    0  Y   Y  1.00 94.65 1.00 -  |   404.9    451.3  0.00 |  0.0  0.0 0   0   0  0  0  0
  - 6.11s  --------    0  Y   Y  1.00 94.74 1.00 -  |   404.9    451.3  0.00 |  0.0  0.0 0   0   0  0  0  0
  - 6.01s  --------    0  Y   Y  1.00 94.85 1.00 -  |   404.9    451.3  0.00 |  0.0  0.0 0   0   0  0  0  0
  - 5.91s  --------    0  Y   Y  1.00 94.95 1.00 -  |   404.9    451.3  0.00 |  0.0  0.0 0   0   0  0  0  0
  - 5.80s  --------    0  Y   Y  1.00 95.05 1.00 -  |   404.9    451.3  0.00 |  0.0  0.0 0   0   0  0  0  0
  - 5.70s  --------    0  Y   Y  1.00 95.16 1.00 -  |   404.9    451.3  0.00 |  0.0  0.0 0   0   0  0  0  0
  - 5.60s  --------    0  Y   Y  1.00 95.26 1.00 -  |   404.9    451.3  0.00 |  0.0  0.0 0   0   0  0  0  0
  - 5.50s  --------    0  Y   Y  1.00 95.36 1.00 -  |   404.9    451.3  0.00 |  0.0  0.0 0   0   0  0  0  0
  - 5.40s  --------    0  Y   Y  1.00 95.46 1.00 -  |   404.9    451.3  0.00 |  0.0  0.0 0   0   0  0  0  0
  - 5.29s  --------    0  Y   Y  1.00 95.57 1.00 -  |   404.9    451.3  0.00 |  0.0  0.0 0   0   0  0  0  0
  - 5.19s  --------    0  Y   Y  1.00 95.67 1.00 -  |   404.9    451.3  0.00 |  0.0  0.0 0   0   0  0  0  0
  - 5.09s  --------    0  Y   Y  1.00 95.77 1.00 -  |   404.9    451.3  0.00 |  0.0  0.0 0   0   0  0  0  0
  - 4.98s  --------    0  Y   Y  1.00 95.88 1.00 -  |   404.9    451.3  0.00 |  0.0  0.0 0   0   0  0  0  0
  - 4.88s  --------    0  Y   Y  1.00 95.98 1.00 -  |   404.9    451.3  0.00 |  0.0  0.0 0   0   0  0  0  0
  - 4.77s  --------    0  Y   Y  1.00 96.09 1.00 -  |   404.9    451.3  0.00 |  0.0  0.0 0   0   0  0  0  0
  - 4.67s  --------    0  Y   Y  1.00 96.19 1.00 -  |   404.9    451.3  0.00 |  0.0  0.0 0   0   0  0  0  0
  - 4.57s  --------    0  Y   Y  1.00 96.29 1.00 -  |   404.9    451.3  0.00 |  0.0  0.0 0   0   0  0  0  0
  - 4.46s  --------    0  Y   Y  1.00 96.39 1.00 -  |   404.9    451.3  0.00 |  0.0  0.0 0   0   0  0  0  0
  - 4.36s  --------    0  Y   Y  1.00 96.49 1.00 -  |   405.0    451.4  0.00 |  0.0  1.0 0   0   0  0  0  0
  - 4.26s  --------    0  Y   Y  1.00 96.60 1.00 -  |   405.0    451.6  0.00 |  0.0  1.0 0   0   0  0  0  0
  - 4.15s  --------    0  Y   Y  1.00 96.71 1.00 -  |   405.1    451.8  0.00 |  0.0  1.0 0   0   0  0  0  0
  - 4.05s  --------    0  Y   Y  1.00 96.81 1.00 -  |   405.2    452.0  0.00 |  0.0  1.0 0   0   0  0  0  0
  - 3.94s  --------    0  Y   Y  1.00 96.92 1.00 -  |   405.4    452.5  0.00 |  0.0  1.0 0   0   0  0  1  0
  - 3.83s  --------    0  Y   Y  1.00 97.03 1.00 -  |   405.7    453.1  0.00 |  0.0  1.0 0   0   0  0  1  0
  - 3.72s  --------    0  Y   Y  1.00 97.13 1.00 -  |   406.0    453.9  0.00 |  0.0  1.0 0   0   0  0  1  0
  - 3.62s  --------    0  Y   Y  1.00 97.24 1.00 -  |   406.3    454.5  0.00 |  1.0  1.0 0   0   0  0  1  0
  - 3.51s  --------    0  Y   Y  1.00 97.35 1.00 -  |   406.7    455.1  0.00 |  1.0  0.0 0   0   0  0  1  0
  - 3.40s  --------    0  Y   Y  1.00 97.45 1.00 -  |   407.5    455.4  0.00 |  1.0  0.0 0   0   0  0  1  0
  - 3.30s  --------    0  Y   Y  1.00 97.56 1.00 -  |   408.2    455.4  0.00 |  1.0  0.0 0   0   0  0  1  0
  - 3.20s  --------    0  Y   Y  1.00 97.66 1.00 -  |   408.8    455.1  0.00 |  1.0  0.0 0   0   0  0  1  0
  - 3.09s  --------    0  Y   Y  1.00 97.77 1.00 -  |   409.6    454.8  0.00 |  1.0  0.0 0   0   0  0  1  0
  - 2.98s  --------    0  Y   Y  1.00 97.88 1.00 -  |   410.3    454.5  0.00 |  1.0  0.0 0   0   0  0  1  0
  - 2.87s  --------    0  Y   Y  1.00 97.98 1.00 -  |   410.9    454.3  0.00 |  1.0  0.0 0   0   0  0  1  0
  - 2.77s  --------    0  Y   Y  1.00 98.09 1.00 -  |   411.5    454.0  0.00 |  1.0  0.0 0   0   0  0  1  0
  - 2.67s  --------    0  Y   Y  1.00 98.19 1.00 -  |   412.2    453.7  0.00 |  1.0  0.0 0   0   0  0  1  0
  - 2.57s  --------    0  Y   Y  1.00 98.29 1.00 -  |   413.0    453.4  0.00 |  1.0  0.0 0   0   0  0  1  0
  - 2.46s  --------    0  Y   Y  1.00 98.39 1.00 -  |   413.6    453.2  0.00 |  1.0  0.0 0   0   0  0  1  0
  - 2.36s  --------    0  Y   Y  1.00 98.50 1.00 -  |   414.3    452.9  0.00 |  1.0  0.0 0   0   0  0  1  0
  - 2.26s  --------    0  Y   Y  1.00 98.60 1.00 -  |   414.9    452.6  0.00 |  1.0  0.0 0   0   0  0  1  0
  - 2.16s  --------    0  Y   Y  1.00 98.70 1.00 -  |   415.6    452.3  0.00 |  1.0  0.0 0   0   0  0  1  0
  - 2.05s  --------    0  Y   Y  1.00 98.81 1.00 -  |   416.2    452.1  0.00 |  1.0  0.0 0   0   0  0  1  0
  - 1.95s  --------    0  Y   Y  1.00 98.90 1.00 -  |   416.9    451.8  0.00 |  1.0  0.0 0   0   0  0  1  0
  - 1.84s  --------    0  Y   Y  1.00 99.01 1.00 -  |   417.6    451.5  0.00 |  1.0  0.0 0   0   0  0  1  0
  - 1.74s  --------    0  Y   Y  1.00 99.12 1.00 -  |   418.3    451.2  0.00 |  1.0  0.0 0   0   0  0  1  0
  - 1.63s  --------    0  Y   Y  1.00 99.23 1.00 -  |   418.9    451.0  0.00 |  1.0  0.0 0   0   0  0  1  0
  - 1.52s  --------    0  Y   Y  1.00 99.33 1.00 -  |   419.7    450.6  0.00 |  1.0  0.0 0   0   0  0  1  0
  - 1.42s  --------    0  Y   Y  1.00 99.44 1.00 -  |   420.3    450.4  0.00 |  1.0  0.0 0   0   0  0  1  0
  - 1.32s  --------    0  Y   Y  1.00 99.54 1.00 -  |   421.0    450.1  0.00 |  1.0  0.0 0   0   0  0  1  0
  - 1.21s  --------    0  Y   Y  1.00 99.65 1.00 -  |   421.6    449.8  0.00 |  1.0  0.0 0   0   0  0  1  0
  - 1.11s  --------    0  Y   Y  1.00 99.75 1.00 -  |   422.3    449.6  0.00 |  1.0  0.0 0   0   0  0  1  0
  - 1.00s  --------    0  Y   Y  1.00 99.86 1.00 -  |   423.1    449.2  0.00 |  1.0  0.0 0   0   0  0  1  0
  - 0.90s  --------    0  Y   Y  1.00 99.96 1.00 -  |   423.7    449.0  0.00 |  1.0  0.0 0   0   0  0  1  0
  - 0.80s  --------    0  Y   Y  1.00 100.06 1.00 -  |   424.4    448.7  0.00 |  1.0  0.0 0   0   0  0  1  0
  - 0.69s  --------    0  Y   Y  1.00 100.17 1.00 -  |   425.0    448.4  0.00 |  1.0  0.0 0   0   0  0  1  0
  - 0.58s  --------    0  Y   Y  1.00 100.27 1.00 -  |   425.8    448.1  0.00 |  1.0  0.0 0   0   0  0  1  0
  - 0.48s  --------    0  Y   Y  1.00 100.38 1.00 -  |   426.4    447.9  0.00 |  1.0  0.0 0   0   0  0  1  0
  - 0.38s  --------    0  Y   Y  1.00 100.48 1.00 -  |   427.1    447.6  0.00 |  1.0  0.0 0   0   0  0  1  0
  - 0.28s  --------    0  Y   Y  1.00 100.58 1.00 -  |   427.7    447.3  0.00 |  1.0  0.0 0   0   0  0  1  0
  - 0.17s  --------    0  Y   Y  1.00 100.69 1.00 -  |   428.3    446.9  0.00 |  1.0  0.0 0   0   0  0  1  0
  - 0.06s  --------    0  Y   Y  1.00 100.80 1.00 -  |   428.9    446.3  0.00 |  1.0  0.0 0   0   0  0  1  0
=========================================================== END

[ 12817  108.152 x1.00] LOG  
==================== [FREEZE-DEBUG v3] ====================
  Reason : WASD-NOMOVE: WASD recent + speed 0.00m/s for 0.40s
  Time   : 104.913s   Frame: 12817   Snaps: 60
===========================================================

--- CURRENT STATE ---
  Flags: atk=False hvy=False dod=False dsh=False
         grd=False hit=False aerial=False lockPos=False
         comboStep=0
  Anim : speed=1.00  combatLayer hash=-792875657 normT=104.905 weight=1.00 inTransition=False
  CC   : grounded=True  enabled=True  pos=(451.68, -0.02, 434.39)  vel=(0.00, 0.00, 0.00)
  Move : IsRunning=True
  Input: H=1.00 V=1.00  LMB=False MMB=False Q=False Sp=False Sh=True C=False
         WASD pressed in last 0.5s: True (last 0.00s ago)

--- FLIGHT RECORDER (60 snapshots, oldest first, dt=0.10s) ---
  Legend: flags = A(tk) H(vy) D(od) S(sh) G(rd) R(eact) Y(aerial) L(ock)   gnd/cc: Y/n
  t-now    flags     step gnd cc anSp normT layW tr | posX     posZ     spd   | H    V    LMB MMB Q  Sp Sh C
  ------   --------  ---- --- -- ---- ----- ---- -- | -----    -----    ----  | ---- ---- --- --- -- -- -- -
  - 6.20s  --------    0  Y   Y  1.00 98.70 1.00 -  |   415.6    452.3  0.00 |  1.0  0.0 0   0   0  0  1  0
  - 6.10s  --------    0  Y   Y  1.00 98.81 1.00 -  |   416.2    452.1  0.00 |  1.0  0.0 0   0   0  0  1  0
  - 6.00s  --------    0  Y   Y  1.00 98.90 1.00 -  |   416.9    451.8  0.00 |  1.0  0.0 0   0   0  0  1  0
  - 5.89s  --------    0  Y   Y  1.00 99.01 1.00 -  |   417.6    451.5  0.00 |  1.0  0.0 0   0   0  0  1  0
  - 5.79s  --------    0  Y   Y  1.00 99.12 1.00 -  |   418.3    451.2  0.00 |  1.0  0.0 0   0   0  0  1  0
  - 5.68s  --------    0  Y   Y  1.00 99.23 1.00 -  |   418.9    451.0  0.00 |  1.0  0.0 0   0   0  0  1  0
  - 5.57s  --------    0  Y   Y  1.00 99.33 1.00 -  |   419.7    450.6  0.00 |  1.0  0.0 0   0   0  0  1  0
  - 5.47s  --------    0  Y   Y  1.00 99.44 1.00 -  |   420.3    450.4  0.00 |  1.0  0.0 0   0   0  0  1  0
  - 5.37s  --------    0  Y   Y  1.00 99.54 1.00 -  |   421.0    450.1  0.00 |  1.0  0.0 0   0   0  0  1  0
  - 5.26s  --------    0  Y   Y  1.00 99.65 1.00 -  |   421.6    449.8  0.00 |  1.0  0.0 0   0   0  0  1  0
  - 5.15s  --------    0  Y   Y  1.00 99.75 1.00 -  |   422.3    449.6  0.00 |  1.0  0.0 0   0   0  0  1  0
  - 5.05s  --------    0  Y   Y  1.00 99.86 1.00 -  |   423.1    449.2  0.00 |  1.0  0.0 0   0   0  0  1  0
  - 4.95s  --------    0  Y   Y  1.00 99.96 1.00 -  |   423.7    449.0  0.00 |  1.0  0.0 0   0   0  0  1  0
  - 4.84s  --------    0  Y   Y  1.00 100.06 1.00 -  |   424.4    448.7  0.00 |  1.0  0.0 0   0   0  0  1  0
  - 4.74s  --------    0  Y   Y  1.00 100.17 1.00 -  |   425.0    448.4  0.00 |  1.0  0.0 0   0   0  0  1  0
  - 4.63s  --------    0  Y   Y  1.00 100.27 1.00 -  |   425.8    448.1  0.00 |  1.0  0.0 0   0   0  0  1  0
  - 4.53s  --------    0  Y   Y  1.00 100.38 1.00 -  |   426.4    447.9  0.00 |  1.0  0.0 0   0   0  0  1  0
  - 4.43s  --------    0  Y   Y  1.00 100.48 1.00 -  |   427.1    447.6  0.00 |  1.0  0.0 0   0   0  0  1  0
  - 4.32s  --------    0  Y   Y  1.00 100.58 1.00 -  |   427.7    447.3  0.00 |  1.0  0.0 0   0   0  0  1  0
  - 4.22s  --------    0  Y   Y  1.00 100.69 1.00 -  |   428.3    446.9  0.00 |  1.0  0.0 0   0   0  0  1  0
  - 4.11s  --------    0  Y   Y  1.00 100.80 1.00 -  |   428.9    446.3  0.00 |  1.0  0.0 0   0   0  0  1  0
  - 4.00s  --------    0  Y   Y  1.00 100.90 1.00 -  |   429.3    445.8  0.00 |  1.0  0.0 0   0   0  0  1  0
  - 3.89s  --------    0  Y   Y  1.00 101.01 1.00 -  |   429.8    445.2  0.00 |  1.0  0.0 0   0   0  0  1  0
  - 3.79s  --------    0  Y   Y  1.00 101.12 1.00 -  |   430.2    444.5  0.00 |  1.0  0.0 0   0   0  0  1  0
  - 3.68s  --------    0  Y   Y  1.00 101.22 1.00 -  |   430.6    443.9  0.00 |  1.0  0.0 0   0   0  0  1  0
  - 3.58s  --------    0  Y   Y  1.00 101.32 1.00 -  |   431.0    443.3  0.00 |  1.0  0.0 0   0   0  0  1  0
  - 3.47s  --------    0  Y   Y  1.00 101.43 1.00 -  |   431.4    442.7  0.00 |  1.0  0.0 0   0   0  0  1  0
  - 3.37s  --------    0  Y   Y  1.00 101.54 1.00 -  |   431.8    442.0  0.00 |  1.0  0.0 0   0   0  0  1  0
  - 3.26s  --------    0  Y   Y  1.00 101.64 1.00 -  |   432.2    441.5  0.00 |  1.0  0.0 0   0   0  0  1  0
  - 3.16s  --------    0  Y   Y  1.00 101.74 1.00 -  |   432.6    440.9  0.00 |  1.0  1.0 0   0   0  0  1  0
  - 3.06s  --------    0  Y   Y  1.00 101.85 1.00 -  |   433.1    440.4  0.00 |  0.0  1.0 0   0   0  0  1  0
  - 2.95s  --------    0  Y   Y  1.00 101.95 1.00 -  |   433.8    440.2  0.00 |  0.0  1.0 0   0   0  0  1  0
  - 2.85s  --------    0  Y   Y  1.00 102.06 1.00 -  |   434.6    440.5  0.00 |  0.0  1.0 0   0   0  0  1  0
  - 2.74s  --------    0  Y   Y  1.00 102.16 1.00 -  |   435.2    440.9  0.00 |  0.0  1.0 0   0   0  0  1  0
  - 2.64s  --------    0  Y   Y  1.00 102.27 1.00 -  |   435.7    441.3  0.00 |  1.0  1.0 0   0   0  0  1  0
  - 2.53s  --------    0  Y   Y  1.00 102.37 1.00 -  |   436.5    441.6  0.00 |  1.0  1.0 0   0   0  0  1  0
  - 2.43s  --------    0  Y   Y  1.00 102.48 1.00 -  |   437.2    441.7  0.00 |  1.0  1.0 0   0   0  0  1  0
  - 2.33s  --------    0  Y   Y  1.00 102.58 1.00 -  |   437.9    441.7  0.00 |  1.0  1.0 0   0   0  0  1  0
  - 2.22s  --------    0  Y   Y  1.00 102.68 1.00 -  |   438.6    441.6  0.00 |  1.0  1.0 0   0   0  0  1  0
  - 2.11s  --------    0  Y   Y  1.00 102.79 1.00 -  |   439.4    441.5  0.00 |  1.0  1.0 0   0   0  0  1  0
  - 2.01s  --------    0  Y   Y  1.00 102.90 1.00 -  |   440.1    441.5  0.00 |  1.0  1.0 0   0   0  0  1  0
  - 1.91s  --------    0  Y   Y  1.00 103.00 1.00 -  |   440.8    441.4  0.00 |  1.0  1.0 0   0   0  0  1  0
  - 1.81s  --------    0  Y   Y  1.00 103.10 1.00 -  |   441.5    441.4  0.00 |  1.0  1.0 0   0   0  0  1  0
  - 1.70s  --------    0  Y   Y  1.00 103.20 1.00 -  |   442.2    441.3  0.00 |  1.0  1.0 0   0   0  0  1  0
  - 1.60s  --------    0  Y   Y  1.00 103.31 1.00 -  |   442.9    441.2  0.00 |  1.0  1.0 0   0   0  0  1  0
  - 1.50s  --------    0  Y   Y  1.00 103.41 1.00 -  |   443.6    441.1  0.00 |  1.0  1.0 0   0   0  0  1  0
  - 1.39s  --------    0  Y   Y  1.00 103.51 1.00 -  |   444.3    440.6  0.00 |  1.0  1.0 0   0   0  0  1  0
  - 1.29s  --------    0  Y   Y  1.00 103.62 1.00 -  |   444.9    440.2  0.00 |  1.0  1.0 0   0   0  0  1  0
  - 1.18s  --------    0  Y   Y  1.00 103.73 1.00 -  |   445.4    439.8  0.00 |  1.0  1.0 0   0   0  0  1  0
  - 1.07s  --------    0  Y   Y  1.00 103.83 1.00 -  |   446.0    439.2  0.00 |  1.0  1.0 0   0   0  0  1  0
  - 0.96s  --------    0  Y   Y  1.00 103.94 1.00 -  |   446.6    438.8  0.00 |  1.0  1.0 0   0   0  0  1  0
  - 0.85s  --------    0  Y   Y  1.00 104.05 1.00 -  |   447.1    438.3  0.00 |  1.0  1.0 0   0   0  0  1  0
  - 0.75s  --------    0  Y   Y  1.00 104.15 1.00 -  |   447.7    437.8  0.00 |  1.0  1.0 0   0   0  0  1  0
  - 0.65s  --------    0  Y   Y  1.00 104.25 1.00 -  |   448.3    437.3  0.00 |  1.0  1.0 0   0   0  0  1  0
  - 0.54s  --------    0  Y   Y  1.00 104.36 1.00 -  |   448.8    436.8  0.00 |  1.0  1.0 0   0   0  0  1  0
  - 0.44s  --------    0  Y   Y  1.00 104.46 1.00 -  |   449.3    436.4  0.00 |  1.0  1.0 0   0   0  0  1  0
  - 0.34s  --------    0  Y   Y  1.00 104.57 1.00 -  |   449.9    435.9  0.00 |  1.0  1.0 0   0   0  0  1  0
  - 0.23s  --------    0  Y   Y  1.00 104.67 1.00 -  |   450.5    435.4  0.00 |  1.0  1.0 0   0   0  0  1  0
  - 0.13s  --------    0  Y   Y  1.00 104.77 1.00 -  |   451.0    434.9  0.00 |  1.0  1.0 0   0   0  0  1  0
  - 0.03s  --------    0  Y   Y  1.00 104.88 1.00 -  |   451.6    434.5  0.00 |  1.0  1.0 0   0   0  0  1  0
=========================================================== END

[ 12868  108.604 x1.00] LOG  [OniBoss:Layer] watch stance ON (player 15.0m)
[ 13065  110.300 x1.00] LOG  [OniBoss:Layer] watch stance OFF, back to Idle (player 16.5m)
[ 13316  112.199 x1.00] LOG  
==================== [FREEZE-DEBUG v3] ====================
  Reason : WASD-NOMOVE: WASD recent + speed 0.00m/s for 0.41s
  Time   : 108.959s   Frame: 13316   Snaps: 60
===========================================================

--- CURRENT STATE ---
  Flags: atk=False hvy=False dod=False dsh=False
         grd=False hit=False aerial=False lockPos=False
         comboStep=0
  Anim : speed=1.00  combatLayer hash=-792875657 normT=108.947 weight=1.00 inTransition=False
  CC   : grounded=True  enabled=True  pos=(471.65, -0.02, 415.61)  vel=(0.00, 0.00, 0.00)
  Move : IsRunning=True
  Input: H=1.00 V=1.00  LMB=False MMB=False Q=False Sp=False Sh=True C=False
         WASD pressed in last 0.5s: True (last 0.00s ago)

--- FLIGHT RECORDER (60 snapshots, oldest first, dt=0.10s) ---
  Legend: flags = A(tk) H(vy) D(od) S(sh) G(rd) R(eact) Y(aerial) L(ock)   gnd/cc: Y/n
  t-now    flags     step gnd cc anSp normT layW tr | posX     posZ     spd   | H    V    LMB MMB Q  Sp Sh C
  ------   --------  ---- --- -- ---- ----- ---- -- | -----    -----    ----  | ---- ---- --- --- -- -- -- -
  - 6.27s  --------    0  Y   Y  1.00 102.68 1.00 -  |   438.6    441.6  0.00 |  1.0  1.0 0   0   0  0  1  0
  - 6.16s  --------    0  Y   Y  1.00 102.79 1.00 -  |   439.4    441.5  0.00 |  1.0  1.0 0   0   0  0  1  0
  - 6.05s  --------    0  Y   Y  1.00 102.90 1.00 -  |   440.1    441.5  0.00 |  1.0  1.0 0   0   0  0  1  0
  - 5.95s  --------    0  Y   Y  1.00 103.00 1.00 -  |   440.8    441.4  0.00 |  1.0  1.0 0   0   0  0  1  0
  - 5.85s  --------    0  Y   Y  1.00 103.10 1.00 -  |   441.5    441.4  0.00 |  1.0  1.0 0   0   0  0  1  0
  - 5.75s  --------    0  Y   Y  1.00 103.20 1.00 -  |   442.2    441.3  0.00 |  1.0  1.0 0   0   0  0  1  0
  - 5.65s  --------    0  Y   Y  1.00 103.31 1.00 -  |   442.9    441.2  0.00 |  1.0  1.0 0   0   0  0  1  0
  - 5.54s  --------    0  Y   Y  1.00 103.41 1.00 -  |   443.6    441.1  0.00 |  1.0  1.0 0   0   0  0  1  0
  - 5.43s  --------    0  Y   Y  1.00 103.51 1.00 -  |   444.3    440.6  0.00 |  1.0  1.0 0   0   0  0  1  0
  - 5.33s  --------    0  Y   Y  1.00 103.62 1.00 -  |   444.9    440.2  0.00 |  1.0  1.0 0   0   0  0  1  0
  - 5.22s  --------    0  Y   Y  1.00 103.73 1.00 -  |   445.4    439.8  0.00 |  1.0  1.0 0   0   0  0  1  0
  - 5.11s  --------    0  Y   Y  1.00 103.83 1.00 -  |   446.0    439.2  0.00 |  1.0  1.0 0   0   0  0  1  0
  - 5.01s  --------    0  Y   Y  1.00 103.94 1.00 -  |   446.6    438.8  0.00 |  1.0  1.0 0   0   0  0  1  0
  - 4.90s  --------    0  Y   Y  1.00 104.05 1.00 -  |   447.1    438.3  0.00 |  1.0  1.0 0   0   0  0  1  0
  - 4.80s  --------    0  Y   Y  1.00 104.15 1.00 -  |   447.7    437.8  0.00 |  1.0  1.0 0   0   0  0  1  0
  - 4.70s  --------    0  Y   Y  1.00 104.25 1.00 -  |   448.3    437.3  0.00 |  1.0  1.0 0   0   0  0  1  0
  - 4.59s  --------    0  Y   Y  1.00 104.36 1.00 -  |   448.8    436.8  0.00 |  1.0  1.0 0   0   0  0  1  0
  - 4.49s  --------    0  Y   Y  1.00 104.46 1.00 -  |   449.3    436.4  0.00 |  1.0  1.0 0   0   0  0  1  0
  - 4.38s  --------    0  Y   Y  1.00 104.57 1.00 -  |   449.9    435.9  0.00 |  1.0  1.0 0   0   0  0  1  0
  - 4.28s  --------    0  Y   Y  1.00 104.67 1.00 -  |   450.5    435.4  0.00 |  1.0  1.0 0   0   0  0  1  0
  - 4.17s  --------    0  Y   Y  1.00 104.77 1.00 -  |   451.0    434.9  0.00 |  1.0  1.0 0   0   0  0  1  0
  - 4.07s  --------    0  Y   Y  1.00 104.88 1.00 -  |   451.6    434.5  0.00 |  1.0  1.0 0   0   0  0  1  0
  - 3.97s  --------    0  Y   Y  1.00 104.98 1.00 -  |   452.1    434.0  0.00 |  1.0  1.0 0   0   0  0  1  0
  - 3.86s  --------    0  Y   Y  1.00 105.09 1.00 -  |   452.6    433.6  0.00 |  1.0  1.0 0   0   0  0  1  0
  - 3.76s  --------    0  Y   Y  1.00 105.19 1.00 -  |   453.3    433.0  0.00 |  1.0  1.0 0   0   0  0  1  0
  - 3.65s  --------    0  Y   Y  1.00 105.30 1.00 -  |   453.8    432.6  0.00 |  1.0  1.0 0   0   0  0  1  0
  - 3.55s  --------    0  Y   Y  1.00 105.40 1.00 -  |   454.3    432.1  0.00 |  1.0  1.0 0   0   0  0  1  0
  - 3.45s  --------    0  Y   Y  1.00 105.51 1.00 -  |   454.9    431.7  0.00 |  1.0  1.0 0   0   0  0  1  0
  - 3.34s  --------    0  Y   Y  1.00 105.61 1.00 -  |   455.6    431.2  0.00 |  1.0  1.0 0   0   0  0  1  0
  - 3.23s  --------    0  Y   Y  1.00 105.71 1.00 -  |   456.1    430.8  0.00 |  1.0  1.0 0   0   0  0  1  0
  - 3.13s  --------    0  Y   Y  1.00 105.82 1.00 -  |   456.7    430.4  0.00 |  1.0  1.0 0   0   0  0  1  0
  - 3.02s  --------    0  Y   Y  1.00 105.93 1.00 -  |   457.4    429.9  0.00 |  1.0  1.0 0   0   0  0  1  0
  - 2.91s  --------    0  Y   Y  1.00 106.04 1.00 -  |   457.9    429.4  0.00 |  1.0  1.0 0   0   0  0  1  0
  - 2.81s  --------    0  Y   Y  1.00 106.15 1.00 -  |   458.4    428.9  0.00 |  1.0  1.0 0   0   0  0  1  0
  - 2.70s  --------    0  Y   Y  1.00 106.25 1.00 -  |   458.9    428.2  0.00 |  1.0  1.0 0   0   0  0  1  0
  - 2.60s  --------    0  Y   Y  1.00 106.35 1.00 -  |   459.3    427.7  0.00 |  1.0  1.0 0   0   0  0  1  0
  - 2.49s  --------    0  Y   Y  1.00 106.46 1.00 -  |   459.6    427.0  0.00 |  1.0  1.0 0   0   0  0  1  0
  - 2.39s  --------    0  Y   Y  1.00 106.56 1.00 -  |   459.9    426.4  0.00 |  1.0  1.0 0   0   0  0  1  0
  - 2.28s  --------    0  Y   Y  1.00 106.67 1.00 -  |   460.2    425.8  0.00 |  1.0  1.0 0   0   0  0  1  0
  - 2.17s  --------    0  Y   Y  1.00 106.78 1.00 -  |   460.6    425.0  0.00 |  1.0  1.0 0   0   0  0  1  0
  - 2.07s  --------    0  Y   Y  1.00 106.88 1.00 -  |   460.9    424.4  0.00 |  1.0  1.0 0   0   0  0  1  0
  - 1.96s  --------    0  Y   Y  1.00 106.99 1.00 -  |   461.2    423.8  0.00 |  1.0  1.0 0   0   0  0  1  0
  - 1.86s  --------    0  Y   Y  1.00 107.09 1.00 -  |   461.6    423.2  0.00 |  1.0  1.0 0   0   0  0  1  0
  - 1.76s  --------    0  Y   Y  1.00 107.19 1.00 -  |   462.0    422.4  0.00 |  1.0  1.0 0   0   0  0  1  0
  - 1.65s  --------    0  Y   Y  1.00 107.30 1.00 -  |   462.3    421.8  0.00 |  1.0  1.0 0   0   0  0  1  0
  - 1.55s  --------    0  Y   Y  1.00 107.40 1.00 -  |   462.8    421.3  0.00 |  1.0  1.0 0   0   0  0  1  0
  - 1.44s  --------    0  Y   Y  1.00 107.51 1.00 -  |   463.2    420.7  0.00 |  1.0  1.0 0   0   0  0  1  0
  - 1.34s  --------    0  Y   Y  1.00 107.61 1.00 -  |   463.8    420.1  0.00 |  1.0  1.0 0   0   0  0  1  0
  - 1.23s  --------    0  Y   Y  1.00 107.72 1.00 -  |   464.3    419.7  0.00 |  1.0  1.0 0   0   0  0  1  0
  - 1.13s  --------    0  Y   Y  1.00 107.82 1.00 -  |   464.9    419.2  0.00 |  1.0  1.0 0   0   0  0  1  0
  - 1.03s  --------    0  Y   Y  1.00 107.93 1.00 -  |   465.4    418.8  0.00 |  1.0  1.0 0   0   0  0  1  0
  - 0.92s  --------    0  Y   Y  1.00 108.02 1.00 -  |   466.0    418.4  0.00 |  1.0  1.0 0   0   0  0  1  0
  - 0.82s  --------    0  Y   Y  1.00 108.13 1.00 -  |   466.5    418.0  0.00 |  1.0  1.0 0   0   0  0  1  0
  - 0.72s  --------    0  Y   Y  1.00 108.23 1.00 -  |   467.1    417.6  0.00 |  1.0  1.0 0   0   0  0  1  0
  - 0.61s  --------    0  Y   Y  1.00 108.34 1.00 -  |   467.8    417.1  0.00 |  1.0  1.0 0   0   0  0  1  0
  - 0.51s  --------    0  Y   Y  1.00 108.44 1.00 -  |   468.4    416.7  0.00 |  1.0  1.0 0   0   0  0  1  0
  - 0.41s  --------    0  Y   Y  1.00 108.55 1.00 -  |   469.0    416.3  0.00 |  1.0  1.0 0   0   0  0  1  0
  - 0.30s  --------    0  Y   Y  1.00 108.64 1.00 -  |   469.6    416.0  0.00 |  1.0  1.0 0   0   0  0  1  0
  - 0.20s  --------    0  Y   Y  1.00 108.75 1.00 -  |   470.3    415.8  0.00 |  1.0  1.0 0   0   0  0  1  0
  - 0.10s  --------    0  Y   Y  1.00 108.85 1.00 -  |   470.9    415.6  0.00 |  1.0  1.0 0   0   0  0  1  0
=========================================================== END

[ 17388  141.578 x1.00] EXC  NullReferenceException: Object reference not set to an instance of an object
        at XFurStudio.Core.XFurStudioInstance.OnValidate () (at Assets/PIDI/XFur Studio 4/Source Code/Core/XFur Studio Instance/XFurStudioInstance.cs:241)
        at UnityEditor.EditorApplication:Internal_CallGlobalEventHandler() (at /Users/bokken/build/output/unity/unity/Editor/Mono/EditorApplication.cs:539)
[ 17782  144.940 x1.00] EXC  NullReferenceException: Object reference not set to an instance of an object
        at XFurStudio.Core.XFurStudioInstance.OnValidate () (at Assets/PIDI/XFur Studio 4/Source Code/Core/XFur Studio Instance/XFurStudioInstance.cs:241)
        at UnityEditor.EditorApplication:Internal_CallGlobalEventHandler() (at /Users/bokken/build/output/unity/unity/Editor/Mono/EditorApplication.cs:539)
[ 18455  150.395 x1.00] EXC  NullReferenceException: Object reference not set to an instance of an object
        at XFurStudio.Core.XFurStudioInstance.OnValidate () (at Assets/PIDI/XFur Studio 4/Source Code/Core/XFur Studio Instance/XFurStudioInstance.cs:241)
        at UnityEditor.EditorApplication:Internal_CallGlobalEventHandler() (at /Users/bokken/build/output/unity/unity/Editor/Mono/EditorApplication.cs:539)
[ 19325  156.957 x1.00] EXC  NullReferenceException: Object reference not set to an instance of an object
        at XFurStudio.Core.XFurStudioInstance.OnValidate () (at Assets/PIDI/XFur Studio 4/Source Code/Core/XFur Studio Instance/XFurStudioInstance.cs:241)
        at UnityEditor.EditorApplication:Internal_CallGlobalEventHandler() (at /Users/bokken/build/output/unity/unity/Editor/Mono/EditorApplication.cs:539)
[ 19529  158.748 x1.00] EXC  NullReferenceException: Object reference not set to an instance of an object
        at XFurStudio.Core.XFurStudioInstance.OnValidate () (at Assets/PIDI/XFur Studio 4/Source Code/Core/XFur Studio Instance/XFurStudioInstance.cs:241)
        at UnityEditor.EditorApplication:Internal_CallGlobalEventHandler() (at /Users/bokken/build/output/unity/unity/Editor/Mono/EditorApplication.cs:539)
[ 20369  168.702 x1.00] LOG  [StormWeather] terrain layers restored to dry values.
# end — 107 lines
