# Oni combat log — 2026-08-26 17:18:57
# Unity 6000.2.7f2 | scene 'CaveScene_Oni_Boss1' | platform OSXEditor
# columns: [frame realSeconds timeScale] KIND message      (KIND: LOG WARN ERR EXC TEL)
#
[     0    0.000 x1.00] LOG  [OniLog] console + telemetry → /Users/asenahazal/Documents/Yoru/OniLogs/oni_2026-08-26_17-18-57.log
[     1    0.000 x1.00] LOG  [TailAirShot4Leg] Ready. drawState=shoot_4Leg castParam=Shoot4LegSpeed (found) readyFrame=5 fireFrame=10 frames=24 slowBudget=3s real damageMultiplier=2.00
  arrow leaves: PlayerYoru_1.1/Cat_All_10_Tails_v4/Group/DeformationSystem/root/Root_M/Tail15_R/Tail151_R/Tail152_R/Tail153_R/Tail154_R/Tail155_R/Tail156_R/Tail157_R/Tail158_R/Tail159_R/Tail1510_R/Tail1511_R/Tail1512_R/Tail6_R/Tail6_R_end/Tail6_R_end_end/Tail6_R_end_end_end/RightTailTip_Anchor
  aim VFX left:  PlayerYoru_1.1/Cat_All_10_Tails_v4/Group/DeformationSystem/root/Root_M/Tail15_L/Tail151_L/Tail152_L/Tail153_L/Tail154_L/Tail155_L/Tail156_L/Tail157_L/Tail158_L/Tail159_L/Tail1510_L/Tail1511_L/Tail1512_L/Tail6_L/Tail6_L_end/Tail6_L_end_end/Tail6_L_end_end_end/LeftTailTip_Anchor/Glow_4Leg_L
  aim VFX right: PlayerYoru_1.1/Cat_All_10_Tails_v4/Group/DeformationSystem/root/Root_M/Tail15_R/Tail151_R/Tail152_R/Tail153_R/Tail154_R/Tail155_R/Tail156_R/Tail157_R/Tail158_R/Tail159_R/Tail1510_R/Tail1511_R/Tail1512_R/Tail6_R/Tail6_R_end/Tail6_R_end_end/Tail6_R_end_end_end/RightTailTip_Anchor/Glow_4Leg_R
[     1    0.000 x1.00] LOG  [TailAirShot] Ready. drawState=RightTail_Fast castParam=TailCastSpeed (found)
  arrow leaves: PlayerYoru_1.1/Cat_All_10_Tails_v4/Group/DeformationSystem/root/Root_M/Tail15_R/Tail151_R/Tail152_R/Tail153_R/Tail154_R/Tail155_R/Tail156_R/Tail157_R/Tail158_R/Tail159_R/Tail1510_R/Tail1511_R/Tail1512_R/Tail6_R/Tail6_R_end/Tail6_R_end_end/Tail6_R_end_end_end/RightTailTip_Anchor
  aim VFX: PlayerYoru_1.1/Cat_All_10_Tails_v4/Group/DeformationSystem/root/Root_M/Tail15_R/Tail151_R/Tail152_R/Tail153_R/Tail154_R/Tail155_R/Tail156_R/Tail157_R/Tail158_R/Tail159_R/Tail1510_R/Tail1511_R/Tail1512_R/Tail6_R/Tail6_R_end/Tail6_R_end_end/Tail6_R_end_end_end/RightTailTip_Anchor/vfx_Muzzle_Fireball01Blue
[     1    0.000 x1.00] LOG  [PlayerCombat] Phase 2 form gate CONNECTED (FormController found on this GameObject).
[     1    0.000 x1.00] LOG  [Combat] PlayerCombat initialized — Phase 3C v27
[     1    0.000 x1.00] LOG  [RingMesh] VFX Status:
[     1    0.000 x1.00] LOG    Left: Prefab=✓, Spawn=Tail6_L_end_end_end
[     1    0.000 x1.00] LOG    Right: Prefab=✓, Spawn=Tail6_R_end_end_end
[     1    0.000 x1.00] LOG  === VFX MANAGER INITIALIZED ===
[     1    0.000 x1.00] LOG  Auto-detect animations: False
[     1    0.000 x1.00] LOG  Parent effects to tail: True
[     1    0.000 x1.00] LOG  Prefabs: Jump=True, Land=True, LTail=True, RTail=True
[     1    0.000 x1.00] LOG  ✅ Left Tail Tip: LeftTailVFX
[     1    0.000 x1.00] LOG  ✅ Right Tail Tip: RightTailTip_Anchor
[     1    0.000 x1.00] LOG  [StormWeather] layer 'TerrainLayer_Dirt_01' dry smoothness=0.00 (restore to this if a crash ever leaves it wet)
[     1    0.000 x1.00] LOG  [StormWeather] Ready. Rain on, floor drying... wait, soaking.
[     1    0.000 x1.00] LOG  [FreezeDebug v3] Armed. Manual=L. Auto=True. Buffer=60 snaps @ 0.1s = 6.0s history.
[     1    0.000 x1.00] LOG  [BossBar] BossHealthBarUI initialized
[     1    0.000 x1.00] LOG  OniBoss initialized with 500 HP
[     1    0.000 x1.00] LOG  [OniBoss] ANIMATOR SETUP: cullingMode=CullUpdateTransforms updateMode=Normal applyRootMotion=False speed=1
[     1    0.000 x1.00] LOG  [OniBoss] Initialized
[     1    0.000 x1.00] LOG  [OniBoss:Layer] facing: minFlat 1m, snapOnAttack off, trackInHitReact off
[     1    0.000 x1.00] LOG  [OniBoss:Layer] Yoru launch model ON: launches ALL THE WAY to an enemy within 4.7m of its surface at 10m/s (stop gap 0.00m, NO minimum distance), else steps 0.90m forward. Targeting cone left exactly as her prefab has it.
[     1    0.000 x1.00] LOG  [OniBoss:Layer] Yoru launch ROUND 9: airborne attacks launch too (ON), edge probe now runs on its OWN layer mask (Everything) instead of the line-of-sight mask - the Ground-only mask found no floor in this cave and was cancelling 100% of launches at 0.00m travelled.
[     1    0.000 x1.00] LOG  [OniBoss:Layer] animator speed x1.35 — his 1.13s swing now plays in 0.84s.
[     1    0.000 x1.00] LOG  [OniBoss:Layer] chase speed pushed: phase1 4.5, phase2 5.5 (Yoru runs at 7).
[     1    0.000 x1.00] LOG  [OniBoss:Layer] ground wave ON (round 38): half the club's damage on TOUCH, 12m/s x 6.0m from 1.6m in front at 0.35m height — a club hit cancels that swing's wave, jumping clears it. Per-attack effects come from the Swing Wave VFX By Attack rows. PlayerHealth found, PlayerMovement found.
[     1    0.000 x1.00] LOG  [OniBoss:Layer] club tracking ON — tip 'Kanabo3' (depth 4), shaft root 'kanabo'.
[     1    0.000 x1.00] LOG  [OniBoss:Layer] skinned meshes: 46 renderer(s), updateWhenOffscreen ON, body renderer 'Body' rootBone 'Hips'
[     1    0.000 x1.00] LOG  [OniBoss:Layer] charge travel bone: 'Hips' at depth 1 under 'OniBoss', rest local (0.00, 3.24, -0.24)
[     1    0.000 x1.00] LOG  [OniBoss:Layer] anti-kite ON: thrown swing after 4s of failed chase (within 7.6m), charge after 6s.
[     1    0.000 x1.00] LOG  [OniBoss:Layer] charge drive ON (windup to 0.40 at x1.3, rush 14m/s stops at 2.6m, steers 0.35s then commits, strike section from 0.58, strike moment 0.76, trail VFX off)
[     1    0.000 x1.00] LOG  [OniBoss:Layer] attack armor ON (his swings are not interrupted by light/medium hits; heavy hits and rapid-hit bursts still stop him)
[     1    0.000 x1.00] LOG  [OniBoss:Layer] strike moments overridden: Club_Swing=0.42 ClubSwing2=0.32 ClubSlam=0.85 KanaboSweep=0.48
[     1    0.000 x1.00] LOG  [OniBoss:Layer] club TOUCH hits ON (radius 0.70m, min tip speed 50m/s, armed from 0.20 of the clip): Club_Swing ClubSwing2 ClubSlam KanaboSweep. First touch wins — club full damage, wave half, one hit per swing.
[     1    0.000 x1.00] LOG  [OniBoss:Layer] combo damage ramp ON: mid x1.25, finisher x1.50 — finisher wave carries FULL damage at x2.0 size, x2.0 travel.
[     1    0.000 x1.00] LOG  [OniBoss:Layer] charge follow-up ON: 90 % of solo charges chain into a random melee finisher.
[     1    0.000 x1.00] LOG  [OniBoss:Layer] hold-ground ON (backstep 1.5m @ 1.6m/s after own attacks, watch 'Watch', attack facing LOCKED)
[     1    0.000 x1.00] LOG  [OniBoss:Layer] OniBoss layer ready (reactions, wake-on-hit, watch stance, boss bar). player=found
[     1    0.000 x1.00] LOG  [OniBoss:Layer] charge clip 'Oni Charge.fbx' imports with Root Motion Node = None (in place) — good.
[     1    0.000 x1.00] LOG  [OniBoss:Layer] clips importing with Root Transform Position (Y) NOT baked into pose (12): Oni_Alert(Oni Alert), Club_Slam(Oni Club Slam), Club_Swing(Oni Club Swing), Club_swing2(Oni Club Swing 2), Death(Oni Death Kneel), Hit_react_light(Oni Hit react lighter light), KanaboSweep(Oni Kanabo sweep), Phase_Transition(Oni Phase transition), run(Oni Run), Walk(Oni Walk), Watch(Oni Watch), Idle(Oni Idle) — their hips' up/down motion is stripped (see round notes; optional).
[     1    0.000 x1.00] LOG  [VolumetricFogController] Found VolumetricFog component on mainCamera (1)
[     1    0.000 x1.00] LOG  [VolumetricFogController] Reflection init: density=True, height=True, baselineHeight=True, alpha=True, noiseStrength=True, lightScatteringExposure=True
[     1    0.000 x1.00] LOG  [VolumetricFogController] Initialized with Neutral preset (height=60, baselineHeight=0)
[     1    0.000 x1.00] WARN [VolumetricFogController] WorldStateManager not found!
[     1    0.000 x1.00] LOG  [CameraGameFeel] CameraGameFeel initialized (shake + FOV)
[     1    1.865 x1.00] LOG  [OniBoss] Playing animation: Idle
[    49    2.520 x1.00] LOG  💨 Landing VFX spawned!
[    49    2.520 x1.00] LOG  ✅ LANDED! (was jump #0)
[   701    5.653 x1.00] LOG  
==================== [FREEZE-DEBUG v3] ====================
  Reason : WASD-NOMOVE: WASD recent + speed 0.00m/s for 0.40s
  Time   : 3.416s   Frame: 701   Snaps: 34
===========================================================

--- CURRENT STATE ---
  Flags: atk=False hvy=False dod=False dsh=False
         grd=False hit=False aerial=False lockPos=False
         comboStep=0
  Anim : speed=1.00  combatLayer hash=-792875657 normT=3.411 weight=1.00 inTransition=False
  CC   : grounded=True  enabled=True  pos=(474.50, 0.66, 428.85)  vel=(0.00, -1.51, 0.00)
  Move : IsRunning=True
  Input: H=0.00 V=1.00  LMB=False MMB=False Q=False Sp=False Sh=True C=False
         WASD pressed in last 0.5s: True (last 0.00s ago)

--- FLIGHT RECORDER (34 snapshots, oldest first, dt=0.10s) ---
  Legend: flags = A(tk) H(vy) D(od) S(sh) G(rd) R(eact) Y(aerial) L(ock)   gnd/cc: Y/n
  t-now    flags     step gnd cc anSp normT layW tr | posX     posZ     spd   | H    V    LMB MMB Q  Sp Sh C
  ------   --------  ---- --- -- ---- ----- ---- -- | -----    -----    ----  | ---- ---- --- --- -- -- -- -
  - 3.42s  --------    0  n   Y  1.00  0.00 1.00 -  |   474.5    427.2  0.00 |  0.0  0.0 0   0   0  0  0  0
  - 3.31s  --------    0  n   Y  1.00  0.10 1.00 -  |   474.5    427.2  0.00 |  0.0  0.0 0   0   0  0  0  0
  - 3.21s  --------    0  n   Y  1.00  0.20 1.00 -  |   474.5    427.2  0.00 |  0.0  0.0 0   0   0  0  0  0
  - 3.11s  --------    0  Y   Y  1.00  0.30 1.00 -  |   474.5    427.2  0.00 |  0.0  0.0 0   0   0  0  0  0
  - 3.01s  --------    0  Y   Y  1.00  0.40 1.00 -  |   474.5    427.2  0.00 |  0.0  0.0 0   0   0  0  0  0
  - 2.90s  --------    0  Y   Y  1.00  0.51 1.00 -  |   474.5    427.2  0.00 |  0.0  0.0 0   0   0  0  0  0
  - 2.80s  --------    0  Y   Y  1.00  0.61 1.00 -  |   474.5    427.2  0.00 |  0.0  0.0 0   0   0  0  0  0
  - 2.70s  --------    0  Y   Y  1.00  0.71 1.00 -  |   474.5    427.2  0.00 |  0.0  0.0 0   0   0  0  0  0
  - 2.59s  --------    0  Y   Y  1.00  0.82 1.00 -  |   474.5    427.2  0.00 |  0.0  0.0 0   0   0  0  0  0
  - 2.49s  --------    0  Y   Y  1.00  0.92 1.00 -  |   474.5    427.2  0.00 |  0.0  0.0 0   0   0  0  0  0
  - 2.39s  --------    0  Y   Y  1.00  1.02 1.00 -  |   474.5    427.2  0.00 |  0.0  0.0 0   0   0  0  0  0
  - 2.28s  --------    0  Y   Y  1.00  1.13 1.00 -  |   474.5    427.2  0.00 |  0.0  0.0 0   0   0  0  0  0
  - 2.18s  --------    0  Y   Y  1.00  1.23 1.00 -  |   474.5    427.2  0.00 |  0.0  0.0 0   0   0  0  0  0
  - 2.08s  --------    0  Y   Y  1.00  1.34 1.00 -  |   474.5    427.2  0.00 |  0.0  0.0 0   0   0  0  0  0
  - 1.98s  --------    0  Y   Y  1.00  1.44 1.00 -  |   474.5    427.2  0.00 |  0.0  0.0 0   0   0  0  0  0
  - 1.87s  --------    0  Y   Y  1.00  1.54 1.00 -  |   474.5    427.2  0.00 |  0.0  0.0 0   0   0  0  0  0
  - 1.77s  --------    0  Y   Y  1.00  1.65 1.00 -  |   474.5    427.2  0.00 |  0.0  0.0 0   0   0  0  0  0
  - 1.66s  --------    0  Y   Y  1.00  1.75 1.00 -  |   474.5    427.2  0.00 |  0.0  0.0 0   0   0  0  0  0
  - 1.56s  --------    0  Y   Y  1.00  1.85 1.00 -  |   474.5    427.2  0.00 |  0.0  0.0 0   0   0  0  0  0
  - 1.46s  --------    0  Y   Y  1.00  1.95 1.00 -  |   474.5    427.2  0.00 |  0.0  0.0 0   0   0  0  0  0
  - 1.36s  --------    0  Y   Y  1.00  2.05 1.00 -  |   474.5    427.2  0.00 |  0.0  0.0 0   0   0  0  0  0
  - 1.26s  --------    0  Y   Y  1.00  2.16 1.00 -  |   474.5    427.2  0.00 |  0.0  0.0 0   0   0  0  0  0
  - 1.16s  --------    0  Y   Y  1.00  2.26 1.00 -  |   474.5    427.2  0.00 |  0.0  0.0 0   0   0  0  0  0
  - 1.05s  --------    0  Y   Y  1.00  2.36 1.00 -  |   474.5    427.2  0.00 |  0.0  0.0 0   0   0  0  0  0
  - 0.95s  --------    0  Y   Y  1.00  2.46 1.00 -  |   474.5    427.2  0.00 |  0.0  0.0 0   0   0  0  0  0
  - 0.85s  --------    0  Y   Y  1.00  2.56 1.00 -  |   474.5    427.2  0.00 |  0.0  0.0 0   0   0  0  0  0
  - 0.75s  --------    0  Y   Y  1.00  2.66 1.00 -  |   474.5    427.2  0.00 |  0.0  0.0 0   0   0  0  0  0
  - 0.65s  --------    0  Y   Y  1.00  2.76 1.00 -  |   474.5    427.2  0.00 |  0.0  0.0 0   0   0  0  0  0
  - 0.55s  --------    0  Y   Y  1.00  2.87 1.00 -  |   474.5    427.2  0.00 |  0.0  0.0 0   0   0  0  0  0
  - 0.45s  --------    0  Y   Y  1.00  2.97 1.00 -  |   474.5    427.2  0.00 |  0.0  0.0 0   0   0  0  0  0
  - 0.34s  --------    0  Y   Y  1.00  3.07 1.00 -  |   474.5    427.3  0.00 |  0.0  1.0 0   0   0  0  0  0
  - 0.24s  --------    0  Y   Y  1.00  3.17 1.00 -  |   474.5    427.5  0.00 |  0.0  1.0 0   0   0  0  0  0
  - 0.13s  --------    0  Y   Y  1.00  3.28 1.00 -  |   474.5    428.0  0.00 |  0.0  1.0 0   0   0  0  1  0
  - 0.03s  --------    0  Y   Y  1.00  3.38 1.00 -  |   474.5    428.7  0.00 |  0.0  1.0 0   0   0  0  1  0
=========================================================== END

[   769    5.966 x1.00] LOG  🐾 4-LEG JUMP #0
[   769    5.966 x1.00] LOG  🐾 Jump 1 VFX spawned!
[   828    6.250 x0.10] LOG  [TailAirShot4Leg] ENTER 4 leg, slow on for up to 3s real, waiting for the fire button, drawState=shoot_4Leg | y=1.75 ts=0.10 fdt=0.0020
[   828    6.250 x0.10] LOG  [TailAirShot] entry refused: this airtime is not a 2 leg jump | y=1.75 ts=0.10 fdt=0.0020
[   828    6.250 x0.10] LOG  [AirPosePin] engaged, holding body at 0.784m above the transform
[   863    6.404 x0.10] LOG  [TailAirShot4Leg] DRAW started | y=1.85 ts=0.10 fdt=0.0020
[   897    6.575 x0.10] LOG  [TailAirShot4Leg] READY, frozen on frame 5 | y=1.89 ts=0.10 fdt=0.0020
[   969    6.955 x0.10] LOG  [TailAirShot4Leg] SHOT released (released from ready pose) | y=1.99 ts=0.10 fdt=0.0020
[   980    7.015 x1.00] LOG  [TailAirShot4Leg] FINISHER (R released mid motion), motion completes and fires | y=2.01 ts=1.00 fdt=0.0200
[  1001    7.131 x1.00] LOG  [TailAirShot4Leg] FIRE, arrow away, dir=(0.26, -0.05, 0.96) damage=40 (20 x 2.00) | y=2.14 ts=1.00 fdt=0.0200
[  1088    7.584 x1.00] LOG  [TailAirShot4Leg] finisher done, fully idle | y=0.19 ts=1.00 fdt=0.0200
[  1088    7.584 x1.00] LOG  [AirPosePin] released, peak correction was 0.173m
[  1094    7.615 x1.00] LOG  💨 Landing VFX spawned!
[  1094    7.615 x1.00] LOG  ✅ LANDED! (was jump #1)
[  1201    8.156 x1.00] LOG  OniBoss took 40 damage. HP: 460/500
[  1201    8.156 x1.00] LOG  [OniBoss] LostSoul → Stagger
[  1201    8.156 x1.00] LOG  [OniBoss] Playing animation: Stagger
[  1201    8.156 x1.00] LOG  [OniBoss] STAGGERED for 2.5s
[  1201    8.156 x1.00] LOG  [OniBoss:Layer] heavy knock-back react (40 dmg) → 'HitReact_Heavy', down for 1.80s
[  1202    8.164 x1.00] LOG  [BossBar] Showing bar for: Oni (460/500)
[  1202    8.164 x1.00] LOG  [OniBoss:Layer] boss bar shown
[  1560    9.961 x1.00] LOG  [OniBoss] Stagger → Chase
[  1561    9.965 x1.00] LOG  [OniBoss] Playing animation: run
[  1681   10.563 x1.00] LOG  
==================== [FREEZE-DEBUG v3] ====================
  Reason : WASD-NOMOVE: WASD recent + speed 0.00m/s for 0.40s
  Time   : 7.637s   Frame: 1681   Snaps: 60
===========================================================

--- CURRENT STATE ---
  Flags: atk=False hvy=False dod=False dsh=False
         grd=False hit=False aerial=False lockPos=False
         comboStep=0
  Anim : speed=1.00  combatLayer hash=-792875657 normT=2.973 weight=1.00 inTransition=False
  CC   : grounded=True  enabled=True  pos=(473.12, -0.02, 436.38)  vel=(0.00, 0.00, 0.00)
  Move : IsRunning=False
  Input: H=-1.00 V=0.00  LMB=False MMB=False Q=False Sp=False Sh=False C=False
         WASD pressed in last 0.5s: True (last 0.00s ago)

--- FLIGHT RECORDER (60 snapshots, oldest first, dt=0.10s) ---
  Legend: flags = A(tk) H(vy) D(od) S(sh) G(rd) R(eact) Y(aerial) L(ock)   gnd/cc: Y/n
  t-now    flags     step gnd cc anSp normT layW tr | posX     posZ     spd   | H    V    LMB MMB Q  Sp Sh C
  ------   --------  ---- --- -- ---- ----- ---- -- | -----    -----    ----  | ---- ---- --- --- -- -- -- -
  - 6.09s  --------    0  Y   Y  1.00  1.54 1.00 -  |   474.5    427.2  0.00 |  0.0  0.0 0   0   0  0  0  0
  - 5.99s  --------    0  Y   Y  1.00  1.65 1.00 -  |   474.5    427.2  0.00 |  0.0  0.0 0   0   0  0  0  0
  - 5.88s  --------    0  Y   Y  1.00  1.75 1.00 -  |   474.5    427.2  0.00 |  0.0  0.0 0   0   0  0  0  0
  - 5.78s  --------    0  Y   Y  1.00  1.85 1.00 -  |   474.5    427.2  0.00 |  0.0  0.0 0   0   0  0  0  0
  - 5.68s  --------    0  Y   Y  1.00  1.95 1.00 -  |   474.5    427.2  0.00 |  0.0  0.0 0   0   0  0  0  0
  - 5.58s  --------    0  Y   Y  1.00  2.05 1.00 -  |   474.5    427.2  0.00 |  0.0  0.0 0   0   0  0  0  0
  - 5.48s  --------    0  Y   Y  1.00  2.16 1.00 -  |   474.5    427.2  0.00 |  0.0  0.0 0   0   0  0  0  0
  - 5.38s  --------    0  Y   Y  1.00  2.26 1.00 -  |   474.5    427.2  0.00 |  0.0  0.0 0   0   0  0  0  0
  - 5.28s  --------    0  Y   Y  1.00  2.36 1.00 -  |   474.5    427.2  0.00 |  0.0  0.0 0   0   0  0  0  0
  - 5.17s  --------    0  Y   Y  1.00  2.46 1.00 -  |   474.5    427.2  0.00 |  0.0  0.0 0   0   0  0  0  0
  - 5.07s  --------    0  Y   Y  1.00  2.56 1.00 -  |   474.5    427.2  0.00 |  0.0  0.0 0   0   0  0  0  0
  - 4.97s  --------    0  Y   Y  1.00  2.66 1.00 -  |   474.5    427.2  0.00 |  0.0  0.0 0   0   0  0  0  0
  - 4.87s  --------    0  Y   Y  1.00  2.76 1.00 -  |   474.5    427.2  0.00 |  0.0  0.0 0   0   0  0  0  0
  - 4.77s  --------    0  Y   Y  1.00  2.87 1.00 -  |   474.5    427.2  0.00 |  0.0  0.0 0   0   0  0  0  0
  - 4.67s  --------    0  Y   Y  1.00  2.97 1.00 -  |   474.5    427.2  0.00 |  0.0  0.0 0   0   0  0  0  0
  - 4.56s  --------    0  Y   Y  1.00  3.07 1.00 -  |   474.5    427.3  0.00 |  0.0  1.0 0   0   0  0  0  0
  - 4.46s  --------    0  Y   Y  1.00  3.17 1.00 -  |   474.5    427.5  0.00 |  0.0  1.0 0   0   0  0  0  0
  - 4.36s  --------    0  Y   Y  1.00  3.28 1.00 -  |   474.5    428.0  0.00 |  0.0  1.0 0   0   0  0  1  0
  - 4.25s  --------    0  Y   Y  1.00  3.38 1.00 -  |   474.5    428.7  0.00 |  0.0  1.0 0   0   0  0  1  0
  - 4.15s  --------    0  Y   Y  1.00  3.48 1.00 -  |   474.5    429.4  0.00 |  0.0  1.0 0   0   0  0  1  0
  - 4.05s  --------    0  Y   Y  1.00  3.58 1.00 -  |   474.5    430.1  0.00 |  0.0  1.0 0   0   0  0  1  0
  - 3.95s  --------    0  Y   Y  1.00  3.68 1.00 -  |   474.5    430.8  0.00 |  0.0  1.0 0   0   0  0  1  0
  - 3.84s  --------    0  n   Y  1.00  3.79 1.00 -  |   474.5    431.4  0.00 |  0.0  1.0 0   0   0  1  1  0
  - 3.74s  --------    0  n   Y  1.00  3.89 1.00 -  |   474.5    431.9  0.00 |  0.0  1.0 0   0   0  1  1  0
  - 3.63s  --------    0  n   Y  1.00  4.00 1.00 -  |   474.5    432.4  0.00 |  0.0  1.0 0   0   0  1  1  0
  - 3.53s  --------    0  n   Y  1.00  0.30 1.00 -  |   474.5    432.8  0.00 |  0.0  1.0 0   0   0  1  1  0
  - 3.42s  --------    0  n   Y  1.00  0.43 1.00 -  |   474.7    433.3  0.00 |  0.0  0.0 0   0   0  0  1  0
  - 3.32s  --------    0  n   Y  1.00  0.56 1.00 -  |   474.8    433.7  0.00 |  0.0  0.0 0   0   0  0  0  0
  - 3.22s  --------    0  n   Y  1.00  0.69 1.00 -  |   475.0    434.1  0.00 |  0.0  0.0 0   0   0  0  0  0
  - 3.12s  --------    0  n   Y  1.00  0.82 1.00 -  |   475.1    434.6  0.00 |  0.0  0.0 0   0   0  0  0  0
  - 3.01s  --------    0  n   Y  1.00  0.94 1.00 -  |   475.3    435.0  0.00 |  0.0 -1.0 0   0   0  0  0  0
  - 2.91s  --------    0  Y   Y  1.00  1.08 1.00 T  |   475.3    435.2  0.00 |  0.0 -1.0 0   0   0  0  0  0
  - 2.81s  --------    0  Y   Y  1.00  0.17 1.00 -  |   475.2    435.0  0.00 |  0.0 -1.0 0   0   0  0  0  0
  - 2.70s  --------    0  Y   Y  1.00  0.27 1.00 -  |   475.2    434.8  0.00 |  0.0 -1.0 0   0   0  0  0  0
  - 2.60s  --------    0  Y   Y  1.00  0.37 1.00 -  |   475.1    434.6  0.00 |  0.0 -1.0 0   0   0  0  0  0
  - 2.50s  --------    0  Y   Y  1.00  0.47 1.00 -  |   475.1    434.4  0.00 | -1.0 -1.0 0   0   0  0  0  0
  - 2.40s  --------    0  Y   Y  1.00  0.57 1.00 -  |   475.0    434.2  0.00 | -1.0  0.0 0   0   0  0  0  0
  - 2.30s  --------    0  Y   Y  1.00  0.67 1.00 -  |   474.8    434.1  0.00 | -1.0  0.0 0   0   0  0  0  0
  - 2.20s  --------    0  Y   Y  1.00  0.78 1.00 -  |   474.6    434.1  0.00 | -1.0  0.0 0   0   0  0  0  0
  - 2.10s  --------    0  Y   Y  1.00  0.88 1.00 -  |   474.4    434.1  0.00 |  0.0  0.0 0   0   0  0  0  0
  - 2.00s  --------    0  Y   Y  1.00  0.98 1.00 -  |   474.2    434.2  0.00 |  0.0  0.0 0   0   0  0  0  0
  - 1.89s  --------    0  Y   Y  1.00  1.08 1.00 -  |   474.0    434.2  0.00 |  0.0  0.0 0   0   0  0  0  0
  - 1.79s  --------    0  Y   Y  1.00  1.18 1.00 -  |   473.9    434.3  0.00 |  0.0  0.0 0   0   0  0  0  0
  - 1.69s  --------    0  Y   Y  1.00  1.29 1.00 -  |   473.9    434.3  0.00 |  0.0  0.0 0   0   0  0  0  0
  - 1.59s  --------    0  Y   Y  1.00  1.39 1.00 -  |   473.9    434.3  0.00 |  0.0  0.0 0   0   0  0  0  0
  - 1.49s  --------    0  Y   Y  1.00  1.49 1.00 -  |   473.9    434.3  0.00 |  0.0  0.0 0   0   0  0  0  0
  - 1.38s  --------    0  Y   Y  1.00  1.59 1.00 -  |   473.9    434.3  0.00 |  0.0  0.0 0   0   0  0  0  0
  - 1.28s  --------    0  Y   Y  1.00  1.69 1.00 -  |   473.9    434.3  0.00 |  0.0  0.0 0   0   0  0  0  0
  - 1.18s  --------    0  Y   Y  1.00  1.80 1.00 -  |   473.9    434.3  0.00 | -1.0  0.0 0   0   0  0  0  0
  - 1.07s  --------    0  Y   Y  1.00  1.90 1.00 -  |   473.8    434.4  0.00 | -1.0  0.0 0   0   0  0  0  0
  - 0.97s  --------    0  Y   Y  1.00  2.01 1.00 -  |   473.6    434.6  0.00 | -1.0  0.0 0   0   0  0  0  0
  - 0.86s  --------    0  Y   Y  1.00  2.11 1.00 -  |   473.5    434.8  0.00 | -1.0  0.0 0   0   0  0  0  0
  - 0.76s  --------    0  Y   Y  1.00  2.21 1.00 -  |   473.4    434.9  0.00 | -1.0  1.0 0   0   0  0  0  0
  - 0.66s  --------    0  Y   Y  1.00  2.32 1.00 -  |   473.3    435.1  0.00 | -1.0  0.0 0   0   0  0  0  0
  - 0.55s  --------    0  Y   Y  1.00  2.42 1.00 -  |   473.2    435.3  0.00 | -1.0  0.0 0   0   0  0  0  0
  - 0.45s  --------    0  Y   Y  1.00  2.52 1.00 -  |   473.1    435.5  0.00 | -1.0  1.0 0   0   0  0  0  0
  - 0.35s  --------    0  Y   Y  1.00  2.63 1.00 -  |   473.1    435.7  0.00 | -1.0  1.0 0   0   0  0  0  0
  - 0.25s  --------    0  Y   Y  1.00  2.73 1.00 -  |   473.1    435.9  0.00 | -1.0  1.0 0   0   0  0  0  0
  - 0.14s  --------    0  Y   Y  1.00  2.83 1.00 -  |   473.1    436.1  0.00 | -1.0  0.0 0   0   0  0  0  0
  - 0.04s  --------    0  Y   Y  1.00  2.93 1.00 -  |   473.1    436.3  0.00 | -1.0  0.0 0   0   0  0  0  0
=========================================================== END

[  1696   10.636 x1.00] LOG  [OniBoss] Ranged combo started: Charge→Slam: (2 steps, dist 20.0m)
[  1696   10.636 x1.00] LOG  [OniBoss] Chase → Attack
[  1696   10.636 x1.00] LOG  [OniBoss] Attack: Oni_Charge (18 dmg)

[  1696   10.636 x1.00] TEL ────────── CHARGE ──────────
[  1696   10.636 x1.00] LOG  [OniBoss:Layer] charge begin: travel bone 'Hips' depth 1, local now (-0.27, 2.71, -0.24) vs rest (0.00, 3.24, -0.24); pin ON; drive windup→rush→strike; engine Attack, AnimSpeed 1.30, clip at 0.00, dist 20.0m
[  1696   10.636 x1.00] TEL charge Windup n=0.00 spd=1.30 mult=1.00 st=Attack anim=h1349952704/Charge drift=0.27 cut=0.27 meshOff=0.24m vis bounds+0.2m pos=(481.3,454.7) dist=20.0 vel=4.5
[  1714   10.725 x1.00] TEL charge Windup n=0.07 spd=1.30 mult=1.00 st=Attack anim=h1349952704/Charge drift=0.30 cut=0.30 meshOff=0.24m vis bounds+0.0m pos=(481.3,454.7) dist=19.9 vel=0.0
[  1733   10.811 x1.00] TEL charge Windup n=0.15 spd=1.30 mult=1.30 st=Attack anim=Charge/- drift=0.95 cut=0.95 meshOff=0.24m vis bounds+0.3m pos=(481.3,454.7) dist=19.8 vel=0.0
[  1751   10.896 x1.00] TEL charge Windup n=0.22 spd=1.30 mult=1.30 st=Attack anim=Charge/- drift=1.14 cut=1.14 meshOff=0.24m vis bounds+0.4m pos=(481.3,454.7) dist=19.7 vel=0.0
[  1769   10.982 x1.00] TEL charge Windup n=0.29 spd=1.30 mult=1.30 st=Attack anim=Charge/- drift=0.54 cut=0.54 meshOff=0.24m vis bounds+0.5m pos=(481.3,454.7) dist=19.7 vel=0.0
[  1786   11.072 x1.00] TEL charge Windup n=0.37 spd=1.30 mult=1.30 st=Attack anim=Charge/- drift=4.94 cut=4.94 meshOff=0.24m vis bounds+0.2m pos=(481.3,454.7) dist=19.5 vel=0.0
[  1796   11.112 x1.00] LOG  [OniBoss:Layer] charge RUSH: clip frozen at 0.40, 19.5m to go at 14m/s
[  1797   11.117 x1.00] LOG  [OniBoss:Layer] charge fire trail: 'ToonFireTrail' attached to his feet for the rush.
[  1806   11.160 x1.00] TEL charge Rush   n=0.40 spd=0.00 mult=0.00 st=Attack anim=Charge/- drift=7.50 cut=7.50 meshOff=0.24m vis bounds+0.2m pos=(481.1,454.1) dist=18.7 vel=0.0
[  1823   11.243 x1.00] TEL charge Rush   n=0.40 spd=0.00 mult=0.00 st=Attack anim=Charge/- drift=7.50 cut=7.50 meshOff=0.24m vis bounds+0.2m pos=(480.5,453.1) dist=17.4 vel=0.0
[  1844   11.328 x1.00] TEL charge Rush   n=0.40 spd=0.00 mult=0.00 st=Attack anim=Charge/- drift=7.50 cut=7.50 meshOff=0.24m vis bounds+0.2m pos=(480.0,452.0) dist=16.1 vel=0.0
[  1863   11.413 x1.00] TEL charge Rush   n=0.40 spd=0.00 mult=0.00 st=Attack anim=Charge/- drift=7.50 cut=7.50 meshOff=0.24m vis bounds+0.2m pos=(479.4,450.9) dist=14.8 vel=0.0
[  1882   11.502 x1.00] TEL charge Rush   n=0.40 spd=0.00 mult=0.00 st=Attack anim=Charge/- drift=7.50 cut=7.50 meshOff=0.24m vis bounds+0.2m pos=(478.8,449.9) dist=13.0 vel=0.0
[  1900   11.587 x1.00] TEL charge Rush   n=0.40 spd=0.00 mult=0.00 st=Attack anim=Charge/- drift=7.50 cut=7.50 meshOff=0.24m vis bounds+0.2m pos=(478.3,448.8) dist=11.4 vel=0.0
[  1918   11.679 x1.00] TEL charge Rush   n=0.40 spd=0.00 mult=0.00 st=Attack anim=Charge/- drift=7.50 cut=7.50 meshOff=0.24m vis bounds+0.2m pos=(477.6,447.7) dist=9.7 vel=0.0
[  1938   11.765 x1.00] TEL charge Rush   n=0.40 spd=0.00 mult=0.00 st=Attack anim=Charge/- drift=7.50 cut=7.50 meshOff=0.24m vis bounds+0.2m pos=(477.1,446.6) dist=8.1 vel=0.0
[  1956   11.852 x1.00] TEL charge Rush   n=0.40 spd=0.00 mult=0.00 st=Attack anim=Charge/- drift=7.50 cut=7.50 meshOff=0.24m vis bounds+0.2m pos=(476.5,445.6) dist=6.8 vel=0.0
[  1974   11.940 x1.00] TEL charge Rush   n=0.40 spd=0.00 mult=0.00 st=Attack anim=Charge/- drift=7.50 cut=7.50 meshOff=0.24m vis bounds+0.2m pos=(475.9,444.5) dist=5.5 vel=0.0
[  1991   12.026 x1.00] TEL charge Rush   n=0.40 spd=0.00 mult=0.00 st=Attack anim=Charge/- drift=7.50 cut=7.50 meshOff=0.24m vis bounds+0.2m pos=(475.3,443.4) dist=4.2 vel=0.0
[  2009   12.114 x1.00] TEL charge Rush   n=0.40 spd=0.00 mult=0.00 st=Attack anim=Charge/- drift=7.50 cut=7.50 meshOff=0.24m vis bounds+0.2m pos=(474.7,442.4) dist=3.0 vel=0.0
[  2027   12.198 x1.00] TEL charge Rush   n=0.40 spd=0.00 mult=0.00 st=Attack anim=Charge/- drift=7.50 cut=7.50 meshOff=0.24m vis bounds+0.2m pos=(474.1,441.3) dist=2.1 vel=0.0
[  2041   12.264 x1.00] LOG  [OniBoss:Layer] charge STRIKE: arrived 2.6m from the lock point after 1.15s real — clip 0.40 → 0.58 (blend 0.10s), strike moment 0.76, Yoru 1.9m away
[  2044   12.285 x1.00] TEL charge Strike n=0.59 spd=1.00 mult=1.00 st=Attack anim=Charge/Charge drift=9.83 cut=9.83 meshOff=0.24m vis bounds+0.2m pos=(473.7,440.6) dist=1.9 vel=0.0
[  2066   12.370 x1.00] TEL charge Strike n=0.65 spd=1.00 mult=1.00 st=Attack anim=Charge/- drift=15.47 cut=15.47 meshOff=0.24m vis bounds+0.5m pos=(473.7,440.6) dist=2.0 vel=0.0
[  2086   12.455 x1.00] TEL charge Strike n=0.70 spd=1.00 mult=1.00 st=Attack anim=Charge/- drift=16.26 cut=16.26 meshOff=0.24m vis bounds+0.6m pos=(473.7,440.6) dist=2.0 vel=0.0
[  2106   12.543 x1.00] TEL charge Strike n=0.76 spd=1.00 mult=1.00 st=Attack anim=Charge/- drift=16.83 cut=16.83 meshOff=0.24m vis bounds+0.6m pos=(473.7,440.6) dist=2.0 vel=0.0
[  2108   12.552 x1.00] LOG  [CameraGameFeel] Shake: intensity=0.45 duration=0.350s
[  2108   12.552 x1.00] LOG  [Combat] Hit react: HitReact_Heavy_2Leg (0.9s)
[  2108   12.552 x1.00] LOG  [HitReactTrace] asked for 'HitReact_Heavy_2Leg' (0.90s) — blend resolved after 0 ms, now playing a clip 1.00s long at speed 1.00, layer weight 1.00, animator.speed 1.00.
[  2108   12.552 x1.00] LOG  [CameraGameFeel] Shake: intensity=0.60 duration=0.200s
[  2108   12.552 x1.00] LOG  [CameraGameFeel] FOV punch: player damage (-3.0°)
[  2108   12.552 x1.00] LOG  [OniBoss] Hit player for 18 (Oni_Charge)
[  2126   12.630 x1.00] TEL charge Strike n=0.81 spd=1.00 mult=1.00 st=Attack anim=Charge/- drift=17.31 cut=17.31 meshOff=0.24m vis bounds+0.5m pos=(473.7,440.6) dist=2.0 vel=0.0
[  2145   12.714 x1.00] TEL charge Strike n=0.87 spd=1.00 mult=1.00 st=Attack anim=Charge/- drift=17.68 cut=17.68 meshOff=0.24m vis bounds+0.2m pos=(473.7,440.6) dist=2.0 vel=0.0
[  2164   12.800 x1.00] TEL charge Strike n=0.92 spd=1.00 mult=1.00 st=Attack anim=Charge/- drift=17.94 cut=17.94 meshOff=0.24m vis bounds+0.3m pos=(473.7,440.6) dist=2.0 vel=0.0
[  2182   12.884 x1.00] TEL charge Strike n=0.98 spd=1.00 mult=1.00 st=Attack anim=Charge/- drift=18.06 cut=18.06 meshOff=0.24m vis bounds+0.0m pos=(473.7,440.6) dist=2.0 vel=0.0
[  2187   12.908 x1.00] LOG  [OniBoss] Attack → Recovery
[  2187   12.908 x1.00] LOG  [OniBoss] Playing animation: Watch
[  2187   12.908 x1.00] LOG  [OniBoss:Layer] charge fire trail: released — burns out over 3.3s where the rush ended.
[  2187   12.908 x1.00] LOG  [OniBoss:Layer] charge complete: engine left Attack (now Recovery) during Strike
[  2199   12.968 x1.00] TEL charge None   n=1.03 spd=1.00 mult=1.00 st=Recovery anim=Charge/h-1849006814 drift=11.76 cut=11.76 meshOff=0.24m vis bounds+0.1m pos=(473.7,440.6) dist=2.0 vel=0.0
[  2217   13.056 x1.00] TEL charge None   n=1.09 spd=1.00 mult=1.00 st=Recovery anim=Charge/h-1849006814 drift=3.10 cut=3.10 meshOff=0.24m vis bounds+0.1m pos=(473.7,440.6) dist=2.0 vel=0.0
[  2218   13.059 x1.00] LOG  [OniBoss] Recovery → Attack
[  2218   13.059 x1.00] LOG  [OniBoss] Attack: ClubSlam (20 dmg)
[  2218   13.059 x1.00] LOG  [OniBoss:Trail] ClubSlam trail START at clip 1.00 (transition still blending).
[  2239   13.144 x1.00] TEL charge None   n=1.09 spd=2.00 mult=2.00 st=Attack anim=Charge/h283984468 drift=0.71 cut=0.71 meshOff=0.24m vis bounds+0.3m pos=(473.7,440.6) dist=2.0 vel=0.0
[  2244   13.170 x1.00] LOG  [OniBoss:Layer] charge end (clip left the animator) after 2.53s real: pin measured 548 frames, cancelled on 548, max raw drift 18.07m, max cancelled 18.07m — travel WAS baked in, pin held it
[  2387   13.855 x1.00] LOG  [OniBoss:ClubPos] ClubSlam at strike: club tip 0.63m up, 2.89m in front, -0.32m to his right (2.90m out from his centre). Club faces 2deg from his forward, pitch -0.24. (the ground wave is born 1.6m in front of him at 0.35m.)
[  2387   13.855 x1.00] LOG  [OniBoss:Layer] ClubSlam: club has not connected — ground wave released ARMED, 1.6m in front, 12m/s x 12.0m = 1.00s, COMBO FINISHER: FULL 30 damage, x2.0 size, x2.0 travel.
[  2388   13.866 x1.00] LOG  [Combat] Hit react: HitReact_Light_2Leg (0.5s)
[  2388   13.866 x1.00] LOG  [HitReactTrace] asked for 'HitReact_Light_2Leg' (0.50s) — blend resolved after 0 ms, now playing a clip 1.00s long at speed 1.00, layer weight 1.00, animator.speed 1.00.
[  2388   13.866 x1.00] LOG  [CameraGameFeel] Shake: intensity=0.30 duration=0.200s
[  2388   13.866 x1.00] LOG  [CameraGameFeel] FOV punch: player damage (-2.0°)
[  2388   13.866 x1.00] LOG  [OniBoss:Wave] wave TOUCHED Yoru (grounded) for 30 after 0.1m / 0.01s of travel.
[  2412   13.980 x1.00] LOG  [OniBoss] Attack → Recovery
[  2412   13.980 x1.00] LOG  [OniBoss] Playing animation: Watch
[  2412   13.980 x1.00] LOG  [OniBoss:Trail] trail END at clip 0.99, fading over 0.40s.
[  2412   13.980 x1.00] LOG  [OniBoss:Strike] ClubSlam: club tip closest to Yoru at 0.85m, clip position 0.99 | damage fires at 0.85 | clip 0.93s => damage fires 131 ms BEFORE the club is closest
[  2446   14.133 x1.00] LOG  [OniBoss] Recovery → Chase
[  2447   14.136 x1.00] LOG  [OniBoss] hold-ground: BACKSTEP 1.5m (player 2.0m)
[  2604   14.843 x1.00] LOG  
==================== [FREEZE-DEBUG v3] ====================
  Reason : WASD-NOMOVE: WASD recent + speed 0.00m/s for 0.41s
  Time   : 11.917s   Frame: 2604   Snaps: 60
===========================================================

--- CURRENT STATE ---
  Flags: atk=False hvy=False dod=False dsh=False
         grd=False hit=False aerial=False lockPos=False
         comboStep=0
  Anim : speed=1.00  combatLayer hash=-792875657 normT=0.468 weight=1.00 inTransition=False
  CC   : grounded=True  enabled=True  pos=(472.31, -0.02, 440.50)  vel=(0.00, 0.00, 0.00)
  Move : IsRunning=False
  Input: H=0.00 V=0.00  LMB=False MMB=False Q=False Sp=False Sh=False C=False
         WASD pressed in last 0.5s: True (last 0.06s ago)

--- FLIGHT RECORDER (60 snapshots, oldest first, dt=0.10s) ---
  Legend: flags = A(tk) H(vy) D(od) S(sh) G(rd) R(eact) Y(aerial) L(ock)   gnd/cc: Y/n
  t-now    flags     step gnd cc anSp normT layW tr | posX     posZ     spd   | H    V    LMB MMB Q  Sp Sh C
  ------   --------  ---- --- -- ---- ----- ---- -- | -----    -----    ----  | ---- ---- --- --- -- -- -- -
  - 6.07s  --------    0  Y   Y  1.00  1.18 1.00 -  |   473.9    434.3  0.00 |  0.0  0.0 0   0   0  0  0  0
  - 5.97s  --------    0  Y   Y  1.00  1.29 1.00 -  |   473.9    434.3  0.00 |  0.0  0.0 0   0   0  0  0  0
  - 5.87s  --------    0  Y   Y  1.00  1.39 1.00 -  |   473.9    434.3  0.00 |  0.0  0.0 0   0   0  0  0  0
  - 5.77s  --------    0  Y   Y  1.00  1.49 1.00 -  |   473.9    434.3  0.00 |  0.0  0.0 0   0   0  0  0  0
  - 5.67s  --------    0  Y   Y  1.00  1.59 1.00 -  |   473.9    434.3  0.00 |  0.0  0.0 0   0   0  0  0  0
  - 5.56s  --------    0  Y   Y  1.00  1.69 1.00 -  |   473.9    434.3  0.00 |  0.0  0.0 0   0   0  0  0  0
  - 5.46s  --------    0  Y   Y  1.00  1.80 1.00 -  |   473.9    434.3  0.00 | -1.0  0.0 0   0   0  0  0  0
  - 5.35s  --------    0  Y   Y  1.00  1.90 1.00 -  |   473.8    434.4  0.00 | -1.0  0.0 0   0   0  0  0  0
  - 5.25s  --------    0  Y   Y  1.00  2.01 1.00 -  |   473.6    434.6  0.00 | -1.0  0.0 0   0   0  0  0  0
  - 5.14s  --------    0  Y   Y  1.00  2.11 1.00 -  |   473.5    434.8  0.00 | -1.0  0.0 0   0   0  0  0  0
  - 5.04s  --------    0  Y   Y  1.00  2.21 1.00 -  |   473.4    434.9  0.00 | -1.0  1.0 0   0   0  0  0  0
  - 4.94s  --------    0  Y   Y  1.00  2.32 1.00 -  |   473.3    435.1  0.00 | -1.0  0.0 0   0   0  0  0  0
  - 4.83s  --------    0  Y   Y  1.00  2.42 1.00 -  |   473.2    435.3  0.00 | -1.0  0.0 0   0   0  0  0  0
  - 4.73s  --------    0  Y   Y  1.00  2.52 1.00 -  |   473.1    435.5  0.00 | -1.0  1.0 0   0   0  0  0  0
  - 4.63s  --------    0  Y   Y  1.00  2.63 1.00 -  |   473.1    435.7  0.00 | -1.0  1.0 0   0   0  0  0  0
  - 4.53s  --------    0  Y   Y  1.00  2.73 1.00 -  |   473.1    435.9  0.00 | -1.0  1.0 0   0   0  0  0  0
  - 4.42s  --------    0  Y   Y  1.00  2.83 1.00 -  |   473.1    436.1  0.00 | -1.0  0.0 0   0   0  0  0  0
  - 4.32s  --------    0  Y   Y  1.00  2.93 1.00 -  |   473.1    436.3  0.00 | -1.0  0.0 0   0   0  0  0  0
  - 4.22s  --------    0  Y   Y  1.00  3.04 1.00 -  |   473.1    436.5  0.00 |  0.0  0.0 0   0   0  0  0  0
  - 4.11s  --------    0  Y   Y  1.00  3.14 1.00 -  |   473.0    436.7  0.00 |  0.0  0.0 0   0   0  0  0  0
  - 4.01s  --------    0  Y   Y  1.00  3.24 1.00 -  |   472.9    436.9  0.00 |  0.0  0.0 0   0   0  0  0  0
  - 3.91s  --------    0  Y   Y  1.00  3.35 1.00 -  |   472.8    437.0  0.00 |  0.0  0.0 0   0   0  0  0  0
  - 3.80s  --------    0  Y   Y  1.00  3.45 1.00 -  |   472.8    437.1  0.00 | -1.0  0.0 0   0   0  0  0  0
  - 3.70s  --------    0  Y   Y  1.00  3.55 1.00 -  |   472.7    437.3  0.00 | -1.0  0.0 0   0   0  0  0  0
  - 3.60s  --------    0  Y   Y  1.00  3.66 1.00 -  |   472.7    437.5  0.00 | -1.0  0.0 0   0   0  0  0  0
  - 3.50s  --------    0  Y   Y  1.00  3.76 1.00 -  |   472.6    437.7  0.00 | -1.0  0.0 0   0   0  0  0  0
  - 3.39s  --------    0  Y   Y  1.00  3.86 1.00 -  |   472.5    438.2  0.00 | -1.0  0.0 0   0   0  0  1  0
  - 3.29s  --------    0  Y   Y  1.00  3.96 1.00 -  |   472.3    438.8  0.00 | -1.0  0.0 0   0   0  0  1  0
  - 3.19s  --------    0  Y   Y  1.00  4.06 1.00 -  |   472.1    439.5  0.00 | -1.0  0.0 0   0   0  0  1  0
  - 3.09s  --------    0  Y   Y  1.00  4.17 1.00 -  |   472.0    440.3  0.00 | -1.0  0.0 0   0   0  0  1  0
  - 2.99s  --------    0  Y   Y  1.00  4.27 1.00 -  |   471.9    440.5  0.00 | -1.0  0.0 0   0   0  0  0  0
  - 2.88s  --------    0  Y   Y  1.00  4.37 1.00 -  |   472.0    440.7  0.00 |  0.0  0.0 0   0   0  0  0  0
  - 2.78s  --------    0  Y   Y  1.00  4.47 1.00 -  |   472.0    440.9  0.00 |  0.0  0.0 0   0   0  0  0  0
  - 2.68s  --------    0  Y   Y  1.00  4.57 1.00 -  |   472.0    441.1  0.00 |  0.0  0.0 0   0   0  0  0  0
  - 2.58s  --------    0  Y   Y  1.00  4.68 1.00 -  |   472.0    441.3  6.84 |  0.0  0.0 0   0   0  0  0  0
  - 2.48s  --------    0  Y   Y  1.00  4.78 1.00 -  |   471.9    441.3  0.00 |  0.0  0.0 0   0   0  0  0  0
  - 2.37s  --------    0  Y   Y  1.00  4.88 1.00 -  |   471.9    441.3  0.00 |  0.0  0.0 0   0   0  0  0  0
  - 2.27s  -----R--    0  Y   Y  1.00  0.10 1.00 -  |   471.9    441.3  0.00 |  0.0  0.0 0   0   0  0  0  0
  - 2.17s  -----R--    0  Y   Y  1.00  0.18 1.00 -  |   471.9    441.3  0.00 |  0.0  0.0 0   0   0  0  0  0
  - 2.07s  -----R--    0  Y   Y  1.00  0.26 1.00 -  |   471.9    441.3  0.00 |  0.0  0.0 0   0   0  0  0  0
  - 1.97s  -----R--    0  Y   Y  1.00  0.35 1.00 -  |   471.9    441.3  0.00 |  0.0  0.0 0   0   0  0  0  0
  - 1.87s  -----R--    0  Y   Y  1.00  0.43 1.00 -  |   471.9    441.3  0.00 |  0.0  0.0 0   0   0  0  0  0
  - 1.77s  -----R--    0  Y   Y  1.00  0.52 1.00 -  |   471.9    441.3  0.00 |  0.0  0.0 0   0   0  0  0  0
  - 1.66s  -----R--    0  Y   Y  1.00  0.60 1.00 -  |   471.9    441.3  0.00 |  0.0  0.0 0   0   0  0  0  0
  - 1.56s  -----R--    0  Y   Y  1.00  0.68 1.00 -  |   471.9    441.3  0.00 |  0.0  0.0 0   0   0  0  0  0
  - 1.46s  -----R--    0  Y   Y  1.00  0.77 1.00 -  |   471.9    441.3  0.00 |  0.0  0.0 0   0   0  0  0  0
  - 1.36s  --------    0  Y   Y  1.00  0.85 1.00 T  |   471.9    441.3  0.00 |  0.0  0.0 0   0   0  0  0  0
  - 1.25s  --------    0  Y   Y  1.00  0.13 1.00 -  |   471.9    441.3  0.00 |  0.0  0.0 0   0   0  0  0  0
  - 1.15s  --------    0  Y   Y  1.00  0.23 1.00 -  |   471.9    441.3  0.00 |  0.0  0.0 0   0   0  0  0  0
  - 1.05s  --------    0  Y   Y  1.00  0.34 1.00 -  |   471.9    441.3  0.00 |  0.0  0.0 0   0   0  0  0  0
  - 0.94s  -----R--    0  Y   Y  1.00  0.11 1.00 -  |   471.9    441.3  0.00 |  0.0  0.0 0   0   0  0  0  0
  - 0.84s  -----R--    0  Y   Y  1.00  0.19 1.00 -  |   471.9    441.3  0.00 |  0.0  0.0 0   0   0  0  0  0
  - 0.74s  -----R--    0  Y   Y  1.00  0.28 1.00 -  |   471.9    441.3  0.00 |  0.0  1.0 0   0   0  0  0  0
  - 0.64s  -----R--    0  Y   Y  1.00  0.36 1.00 -  |   471.9    441.3  0.00 |  0.0  1.0 0   0   0  0  0  0
  - 0.54s  -----R--    0  Y   Y  1.00  0.44 1.00 -  |   471.9    441.3  0.00 |  1.0  0.0 0   0   0  0  0  0
  - 0.43s  --------    0  Y   Y  1.00  0.53 1.00 T  |   472.0    441.3  0.00 |  1.0  0.0 0   0   0  0  0  0
  - 0.32s  --------    0  Y   Y  1.00  0.15 1.00 -  |   472.1    441.1  0.00 |  1.0  0.0 0   0   0  0  0  0
  - 0.22s  --------    0  Y   Y  1.00  0.25 1.00 -  |   472.2    440.9  0.00 |  1.0  0.0 0   0   0  0  0  0
  - 0.11s  --------    0  Y   Y  1.00  0.35 1.00 -  |   472.2    440.7  0.00 |  1.0  0.0 0   0   0  0  0  0
  - 0.01s  --------    0  Y   Y  1.00  0.46 1.00 -  |   472.3    440.5  0.00 |  0.0  0.0 0   0   0  0  0  0
=========================================================== END

[  2654   15.077 x1.00] LOG  [OniBoss] hold-ground: backstep done (1.50m), WATCH (player 2.7m, cooldown 0.9s)
[  2654   15.077 x1.00] LOG  [OniBoss] Playing animation: Watch
[  2655   15.082 x1.00] LOG  [OniBoss] Playing animation: Walk
[  2672   15.160 x1.00] LOG  [Combat] Combo 1: 10 dmg
[  2672   15.160 x1.00] LOG  [ComboTrace] START step=1 state='Combo1' queued=0 target='OniBoss' at 4.2m
[  2672   15.160 x1.00] LOG  [ComboTrace] LAUNCH OniBoss at 1.4m dist=1.44m in 0.14s
[  2705   15.307 x1.00] LOG  [ComboTrace] LAUNCH RESULT wanted=1.44m actually moved=0.74m — completed
[  2755   15.533 x1.00] LOG  [OniBoss] Playing animation: Watch
[  2806   15.770 x1.00] LOG  OniBoss took 10 damage. HP: 450/500
[  2806   15.770 x1.00] LOG  [OniBoss] Chase → HitReact
[  2806   15.770 x1.00] LOG  [OniBoss:Layer] react tier: LIGHT (10 dmg) → 'Hit_react_light'
[  2806   15.770 x1.00] LOG  [Combat] Hit OniBoss for 10
[  2806   15.770 x1.00] LOG  [CameraGameFeel] Shake: intensity=0.50 duration=0.200s
[  2806   15.770 x1.00] LOG  [CameraGameFeel] FOV punch: hit light (+1.5°)
[  2848   15.970 x1.00] LOG  🐾 VFX_AttackPaw triggered!
[  2908   16.246 x1.00] LOG  [ComboTrace] END step=1 clipProgress=0.85 clipLen=1.23s queued=0 elapsed=1.09s
[  2978   16.573 x1.00] LOG  [OniBoss] HitReact → Chase
[  2979   16.576 x1.00] LOG  [OniBoss] Playing animation: Watch
[  2979   16.576 x1.00] LOG  [OniBoss] Chase → Attack
[  2979   16.576 x1.00] LOG  [OniBoss] Attack: Club_Swing (16 dmg)
[  2979   16.576 x1.00] LOG  [OniBoss:Trail] Club_Swing trail START at clip 1.00 (transition done).
[  2982   16.587 x1.00] LOG  [OniBoss:Layer] step-in: 'Club_Swing' closed 0.05m, Yoru now 3.0m away (range 3.5)
[  3050   16.935 x1.00] LOG  [OniBoss:ClubPos] Club_Swing at strike: club tip 3.02m up, 2.55m in front, -2.93m to his right (3.89m out from his centre). Club faces -81deg from his forward, pitch 0.40. (the ground wave is born 1.6m in front of him at 0.35m.)
[  3050   16.935 x1.00] LOG  [OniBoss:Layer] Club_Swing: club has not connected — ground wave released ARMED, 1.6m in front, 12m/s x 6.0m = 0.50s, carrying 8 (half of the club's 16).
[  3150   17.411 x1.00] LOG  [OniBoss] Attack → Recovery
[  3150   17.411 x1.00] LOG  [OniBoss] Playing animation: Watch
[  3150   17.411 x1.00] LOG  [OniBoss:Trail] trail END at clip 0.99, fading over 0.40s.
[  3150   17.411 x1.00] LOG  [OniBoss:Touch] Club_Swing: no touch this swing — closest 0.84m at clip 0.93, fastest tip 191m/s (radius 0.70, min speed 50).
[  3150   17.411 x1.00] LOG  [OniBoss:Strike] Club_Swing: club tip closest to Yoru at 0.84m, clip position 0.93 | damage fires at 0.42 | clip 0.84s => damage fires 428 ms BEFORE the club is closest
[  3155   17.436 x1.00] LOG  [OniBoss:Wave] armed wave expired UNTOUCHED — closest 1.75m to Yoru (hit width 1.60), she was grounded at the closest moment.
[  3182   17.564 x1.00] LOG  [OniBoss] Recovery → Chase
[  3183   17.569 x1.00] LOG  [OniBoss] hold-ground: BACKSTEP 1.5m (player 1.9m)
[  3305   18.136 x1.00] LOG  [OniBoss] hold-ground: backstep done (0.91m), WATCH (player 4.4m, cooldown 1.2s)
[  3305   18.136 x1.00] LOG  [OniBoss] Playing animation: Watch
[  3317   18.194 x1.00] LOG  [OniBoss] Playing animation: run
[  3493   19.022 x1.00] LOG  [OniBoss] Playing animation: Idle
[  3572   19.368 x1.00] LOG  [OniBoss] Combo started: ClubSwing1 → ClubSwing2 → ClubSlam (3 steps remaining)
[  3572   19.368 x1.00] LOG  [OniBoss] Chase → Attack
[  3572   19.368 x1.00] LOG  [OniBoss] Attack: Club_Swing (16 dmg)
[  3572   19.368 x1.00] LOG  [OniBoss:Trail] Club_Swing trail START at clip 0.22 (transition done).
[  3592   19.465 x1.00] LOG  [OniBoss:Layer] step-in: 'Club_Swing' closed 0.49m, Yoru now 3.0m away (range 3.5)
[  3649   19.727 x1.00] LOG  [OniBoss:ClubPos] Club_Swing at strike: club tip 3.02m up, 2.52m in front, -2.95m to his right (3.88m out from his centre). Club faces -82deg from his forward, pitch 0.41. (the ground wave is born 1.6m in front of him at 0.35m.)
[  3649   19.727 x1.00] LOG  [OniBoss:Layer] Club_Swing: club has not connected — ground wave released ARMED, 1.6m in front, 12m/s x 6.0m = 0.50s, carrying 8 (half of the club's 16).
[  3650   19.732 x1.00] LOG  [Combat] Hit react: HitReact_Light_2Leg (0.5s)
[  3650   19.732 x1.00] LOG  [HitReactTrace] asked for 'HitReact_Light_2Leg' (0.50s) — blend resolved after 0 ms, now playing a clip 1.00s long at speed 1.00, layer weight 1.00, animator.speed 1.00.
[  3650   19.732 x1.00] LOG  [CameraGameFeel] Shake: intensity=0.30 duration=0.200s
[  3650   19.732 x1.00] LOG  [CameraGameFeel] FOV punch: player damage (-2.0°)
[  3650   19.732 x1.00] LOG  [OniBoss:Wave] wave TOUCHED Yoru (grounded) for 8 after 0.1m / 0.00s of travel.
[  3737   20.203 x1.00] LOG  [OniBoss] Attack → Recovery
[  3737   20.203 x1.00] LOG  [OniBoss] Playing animation: Watch
[  3737   20.203 x1.00] LOG  [OniBoss:Trail] trail END at clip 0.99, fading over 0.40s.
[  3737   20.203 x1.00] LOG  [OniBoss:Strike] Club_Swing: club tip closest to Yoru at 1.49m, clip position 0.91 | damage fires at 0.42 | clip 0.84s => damage fires 414 ms BEFORE the club is closest
[  3771   20.353 x1.00] LOG  [OniBoss] Recovery → Attack
[  3771   20.353 x1.00] LOG  [OniBoss] Attack: ClubSwing2 (16 dmg)
[  3771   20.353 x1.00] LOG  [OniBoss:Trail] ClubSwing2 trail START at clip 1.00 (transition still blending).
[  3842   20.693 x1.00] LOG  [CameraGameFeel] Shake: intensity=0.20 duration=0.250s
[  3842   20.693 x1.00] LOG  [Combat] Hit react: HitReact_Light_2Leg (0.5s)
[  3842   20.693 x1.00] LOG  [HitReactTrace] asked for 'HitReact_Light_2Leg' (0.50s) — blend resolved after 0 ms, now playing a clip 1.00s long at speed 1.00, layer weight 1.00, animator.speed 1.00.
[  3842   20.693 x1.00] LOG  [CameraGameFeel] Shake: intensity=0.30 duration=0.200s
[  3842   20.693 x1.00] LOG  [CameraGameFeel] FOV punch: player damage (-2.0°)
[  3842   20.693 x1.00] LOG  [OniBoss] Hit player for 20 (ClubSwing2) [combo x1.25]
[  3842   20.693 x1.00] LOG  [OniBoss:Touch] ClubSwing2: club TOUCHED Yoru at clip 0.29 — shaft 0.69m from her body line, tip speed 102m/s. Full club hit delivered this frame.
[  3851   20.737 x1.00] LOG  [OniBoss:ClubPos] ClubSwing2 at strike: club tip 0.20m up, 1.58m in front, 2.69m to his right (3.12m out from his centre). Club faces 17deg from his forward, pitch -0.89. (the ground wave is born 1.6m in front of him at 0.35m.)
[  3851   20.737 x1.00] LOG  [OniBoss:Layer] ClubSwing2: club already hit — ground wave released as VISUAL only (0 damage).
[  4002   21.518 x1.00] LOG  [OniBoss] Attack → Recovery
[  4002   21.518 x1.00] LOG  [OniBoss] Playing animation: Watch
[  4002   21.518 x1.00] LOG  [OniBoss:Trail] trail END at clip 0.99, fading over 0.40s.
[  4002   21.518 x1.00] LOG  [OniBoss:Strike] ClubSwing2: club tip closest to Yoru at 0.45m, clip position 0.30 | damage fires at 0.32 | clip 1.17s => MATCHED (within one or two frames)
[  4033   21.670 x1.00] LOG  [OniBoss] Recovery → Attack
[  4033   21.670 x1.00] LOG  [OniBoss] Attack: ClubSlam (20 dmg)
[  4033   21.670 x1.00] LOG  [OniBoss:Trail] ClubSlam trail START at clip 1.00 (transition still blending).
[  4116   22.084 x1.00] LOG  [CameraGameFeel] Shake: intensity=0.50 duration=0.400s
[  4116   22.084 x1.00] LOG  [Combat] Hit react: HitReact_Heavy_2Leg (0.9s)
[  4116   22.084 x1.00] LOG  [HitReactTrace] asked for 'HitReact_Heavy_2Leg' (0.90s) — blend resolved after 0 ms, now playing a clip 1.00s long at speed 1.00, layer weight 1.00, animator.speed 1.00.
[  4116   22.084 x1.00] LOG  [CameraGameFeel] Shake: intensity=0.60 duration=0.200s
[  4116   22.084 x1.00] LOG  [CameraGameFeel] FOV punch: player damage (-3.0°)
[  4116   22.084 x1.00] LOG  [OniBoss] Hit player for 30 (ClubSlam) [combo x1.50]
[  4116   22.084 x1.00] LOG  [OniBoss:Touch] ClubSlam: club TOUCHED Yoru at clip 0.45 — shaft 0.57m from her body line, tip speed 113m/s, ONE FRAME EARLY (predicted). Full club hit delivered this frame.
[  4188   22.464 x1.00] LOG  [OniBoss:ClubPos] ClubSlam at strike: club tip 0.53m up, 2.91m in front, -0.11m to his right (2.91m out from his centre). Club faces 8deg from his forward, pitch -0.26. (the ground wave is born 1.6m in front of him at 0.35m.)
[  4188   22.464 x1.00] LOG  [OniBoss:Layer] ClubSlam: club already hit — ground wave released as VISUAL only (0 damage), finisher size x2.0.
[  4216   22.595 x1.00] LOG  [OniBoss] Attack → Recovery
[  4216   22.595 x1.00] LOG  [OniBoss] Playing animation: Watch
[  4216   22.595 x1.00] LOG  [OniBoss:Trail] trail END at clip 0.99, fading over 0.40s.
[  4216   22.595 x1.00] LOG  [OniBoss:Strike] ClubSlam: club tip closest to Yoru at 0.19m, clip position 0.85 | damage fires at 0.85 | clip 0.93s => MATCHED (within one or two frames)
[  4245   22.747 x1.00] LOG  [OniBoss] Recovery → Chase
[  4246   22.754 x1.00] LOG  [OniBoss] hold-ground: BACKSTEP 1.5m (player 3.0m)
[  4366   23.362 x1.00] LOG  
==================== [FREEZE-DEBUG v3] ====================
  Reason : WASD-NOMOVE: WASD recent + speed 0.00m/s for 0.40s
  Time   : 20.436s   Frame: 4366   Snaps: 60
===========================================================

--- CURRENT STATE ---
  Flags: atk=False hvy=False dod=False dsh=False
         grd=False hit=False aerial=False lockPos=False
         comboStep=0
  Anim : speed=1.00  combatLayer hash=-792875657 normT=0.373 weight=1.00 inTransition=False
  CC   : grounded=True  enabled=True  pos=(473.24, -0.02, 436.26)  vel=(0.00, 0.00, 0.00)
  Move : IsRunning=False
  Input: H=-1.00 V=0.00  LMB=False MMB=False Q=False Sp=False Sh=False C=False
         WASD pressed in last 0.5s: True (last 0.00s ago)

--- FLIGHT RECORDER (60 snapshots, oldest first, dt=0.10s) ---
  Legend: flags = A(tk) H(vy) D(od) S(sh) G(rd) R(eact) Y(aerial) L(ock)   gnd/cc: Y/n
  t-now    flags     step gnd cc anSp normT layW tr | posX     posZ     spd   | H    V    LMB MMB Q  Sp Sh C
  ------   --------  ---- --- -- ---- ----- ---- -- | -----    -----    ----  | ---- ---- --- --- -- -- -- -
  - 6.07s  --------    1  Y   Y  1.00  1.03 1.00 -  |   472.1    443.4  0.00 |  1.0  0.0 0   0   0  0  1  0
  - 5.97s  --------    1  Y   Y  1.00  1.14 1.00 -  |   472.4    442.6  0.00 |  1.0  0.0 0   0   0  0  1  0
  - 5.87s  --------    1  Y   Y  1.00  1.24 1.00 -  |   472.3    442.1  0.00 |  1.0  0.0 0   0   0  0  1  0
  - 5.76s  --------    1  Y   Y  1.00  1.34 1.00 -  |   472.3    441.4  0.00 |  1.0  0.0 0   0   0  0  1  0
  - 5.66s  --------    1  Y   Y  1.00  1.45 1.00 -  |   472.5    440.8  0.00 |  1.0  0.0 0   0   0  0  1  0
  - 5.55s  --------    1  Y   Y  1.00  1.55 1.00 -  |   472.7    440.1  0.00 |  1.0  0.0 0   0   0  0  1  0
  - 5.45s  --------    1  Y   Y  1.00  1.65 1.00 -  |   472.9    439.4  0.00 |  1.0  0.0 0   0   0  0  1  0
  - 5.35s  --------    1  Y   Y  1.00  1.75 1.00 -  |   473.1    438.8  0.00 |  1.0  0.0 0   0   0  0  1  0
  - 5.25s  --------    1  Y   Y  1.00  1.86 1.00 -  |   473.3    438.1  0.00 |  1.0  0.0 0   0   0  0  1  0
  - 5.15s  --------    1  Y   Y  1.00  1.96 1.00 -  |   473.6    437.3  0.00 |  1.0  0.0 0   0   0  0  1  0
  - 5.04s  --------    1  Y   Y  1.00  2.06 1.00 -  |   473.8    436.8  0.00 |  1.0  0.0 0   0   0  0  0  0
  - 4.94s  --------    1  Y   Y  1.00  2.17 1.00 -  |   473.8    436.6  0.00 |  0.0  0.0 0   0   0  0  0  0
  - 4.84s  --------    1  Y   Y  1.00  2.27 1.00 -  |   473.9    436.4  0.00 |  0.0  0.0 0   0   0  0  0  0
  - 4.73s  --------    1  Y   Y  1.00  2.37 1.00 -  |   473.9    436.3  0.00 |  0.0  0.0 0   0   0  0  0  0
  - 4.63s  --------    1  Y   Y  1.00  2.47 1.00 -  |   474.0    436.2  0.00 |  0.0  0.0 0   0   0  0  0  0
  - 4.52s  --------    1  Y   Y  1.00  2.58 1.00 -  |   474.0    436.2  0.00 |  0.0  0.0 0   0   0  0  0  0
  - 4.42s  --------    1  Y   Y  1.00  2.68 1.00 -  |   474.0    436.2  0.00 |  0.0  0.0 0   0   0  0  0  0
  - 4.32s  --------    1  Y   Y  1.00  2.78 1.00 -  |   474.0    436.2  0.00 |  0.0  0.0 0   0   0  0  0  0
  - 4.22s  --------    1  Y   Y  1.00  2.88 1.00 -  |   474.0    436.2  0.00 |  0.0  0.0 0   0   0  0  0  0
  - 4.12s  --------    1  Y   Y  1.00  2.99 1.00 -  |   474.0    436.2  0.00 |  0.0  0.0 0   0   0  0  0  0
  - 4.02s  --------    1  Y   Y  1.00  3.09 1.00 -  |   474.0    436.2  0.00 |  0.0  0.0 0   0   0  0  0  0
  - 3.91s  --------    1  Y   Y  1.00  3.19 1.00 -  |   474.0    436.2  0.00 |  0.0  0.0 0   0   0  0  0  0
  - 3.81s  --------    1  Y   Y  1.00  3.29 1.00 -  |   474.0    436.2  0.00 |  0.0  0.0 0   0   0  0  0  0
  - 3.71s  --------    1  Y   Y  1.00  3.40 1.00 -  |   474.0    436.2  0.00 |  0.0  0.0 0   0   0  0  0  0
  - 3.60s  -----R--    0  Y   Y  1.00  0.10 1.00 -  |   474.0    436.2  0.00 |  0.0  0.0 0   0   0  0  0  0
  - 3.50s  -----R--    0  Y   Y  1.00  0.19 1.00 -  |   474.0    436.2  0.00 |  0.0  0.0 0   0   0  0  0  0
  - 3.40s  -----R--    0  Y   Y  1.00  0.27 1.00 -  |   474.0    436.2  0.00 |  0.0  0.0 0   0   0  0  0  0
  - 3.29s  -----R--    0  Y   Y  1.00  0.36 1.00 -  |   474.0    436.2  0.00 |  0.0  0.0 0   0   0  0  0  0
  - 3.19s  -----R--    0  Y   Y  1.00  0.44 1.00 -  |   474.0    436.2  0.00 |  0.0  0.0 0   0   0  0  0  0
  - 3.09s  --------    0  Y   Y  1.00  0.53 1.00 T  |   474.0    436.2  0.00 |  0.0  0.0 0   0   0  0  0  0
  - 2.98s  --------    0  Y   Y  1.00  0.14 1.00 -  |   474.0    436.2  0.00 |  0.0  0.0 0   0   0  0  0  0
  - 2.88s  --------    0  Y   Y  1.00  0.24 1.00 -  |   474.0    436.2  0.00 |  0.0  0.0 0   0   0  0  0  0
  - 2.78s  --------    0  Y   Y  1.00  0.34 1.00 -  |   474.0    436.2  0.00 |  0.0  0.0 0   0   0  0  0  0
  - 2.68s  --------    0  Y   Y  1.00  0.45 1.00 -  |   474.0    436.2  0.00 |  0.0  0.0 0   0   0  0  0  0
  - 2.58s  -----R--    0  Y   Y  1.00  0.15 1.00 -  |   474.0    436.2  0.00 |  0.0  0.0 0   0   0  0  0  0
  - 2.48s  -----R--    0  Y   Y  1.00  0.24 1.00 -  |   474.0    436.2  0.00 |  0.0  0.0 0   0   0  0  0  0
  - 2.37s  -----R--    0  Y   Y  1.00  0.32 1.00 -  |   474.0    436.2  0.00 |  0.0  0.0 0   0   0  0  0  0
  - 2.27s  -----R--    0  Y   Y  1.00  0.40 1.00 -  |   474.0    436.2  0.00 |  0.0  0.0 0   0   0  0  0  0
  - 2.17s  --------    0  Y   Y  1.00  0.49 1.00 -  |   474.0    436.2  0.00 |  0.0  0.0 0   0   0  0  0  0
  - 2.06s  --------    0  Y   Y  1.00  0.10 1.00 -  |   474.0    436.2  0.00 |  0.0  0.0 0   0   0  0  0  0
  - 1.96s  --------    0  Y   Y  1.00  0.20 1.00 -  |   474.0    436.2  0.00 |  0.0  0.0 0   0   0  0  0  0
  - 1.85s  --------    0  Y   Y  1.00  0.31 1.00 -  |   474.0    436.2  0.00 |  0.0  0.0 0   0   0  0  0  0
  - 1.75s  --------    0  Y   Y  1.00  0.41 1.00 -  |   474.0    436.2  0.00 |  0.0  0.0 0   0   0  0  0  0
  - 1.65s  --------    0  Y   Y  1.00  0.51 1.00 -  |   474.0    436.2  0.00 |  0.0  0.0 0   0   0  0  0  0
  - 1.55s  --------    0  Y   Y  1.00  0.61 1.00 -  |   474.0    436.2  0.00 |  0.0  0.0 0   0   0  0  0  0
  - 1.45s  --------    0  Y   Y  1.00  0.71 1.00 -  |   474.0    436.2  0.00 |  0.0  0.0 0   0   0  0  0  0
  - 1.35s  --------    0  Y   Y  1.00  0.81 1.00 -  |   474.0    436.2  0.00 |  0.0  0.0 0   0   0  0  0  0
  - 1.24s  -----R--    0  Y   Y  1.00  0.10 1.00 -  |   474.0    436.2  0.00 |  0.0  0.0 0   0   0  0  0  0
  - 1.14s  -----R--    0  Y   Y  1.00  0.19 1.00 -  |   474.0    436.2  0.00 |  0.0  0.0 0   0   0  0  0  0
  - 1.04s  -----R--    0  Y   Y  1.00  0.27 1.00 -  |   474.0    436.2  0.00 |  0.0  0.0 0   0   0  0  0  0
  - 0.94s  -----R--    0  Y   Y  1.00  0.36 1.00 -  |   474.0    436.2  0.00 |  0.0  0.0 0   0   0  0  0  0
  - 0.84s  -----R--    0  Y   Y  1.00  0.44 1.00 -  |   474.0    436.2  0.00 |  0.0  0.0 0   0   0  0  0  0
  - 0.74s  -----R--    0  Y   Y  1.00  0.52 1.00 -  |   474.0    436.2  0.00 |  0.0  0.0 0   0   0  0  0  0
  - 0.64s  -----R--    0  Y   Y  1.00  0.61 1.00 -  |   474.0    436.2  0.00 |  0.0  0.0 0   0   0  0  0  0
  - 0.53s  -----R--    0  Y   Y  1.00  0.69 1.00 -  |   474.0    436.2  0.00 |  0.0  0.0 0   0   0  0  0  0
  - 0.43s  -----R--    0  Y   Y  1.00  0.78 1.00 -  |   474.0    436.2  0.00 |  0.0  0.0 0   0   0  0  0  0
  - 0.33s  --------    0  Y   Y  1.00  0.86 1.00 T  |   473.9    436.2  0.00 | -1.0  0.0 0   0   0  0  0  0
  - 0.23s  --------    0  Y   Y  1.00  0.14 1.00 -  |   473.7    436.2  0.00 | -1.0  0.0 0   0   0  0  0  0
  - 0.12s  --------    0  Y   Y  1.00  0.25 1.00 -  |   473.5    436.2  0.00 | -1.0  0.0 0   0   0  0  0  0
  - 0.02s  --------    0  Y   Y  1.00  0.35 1.00 -  |   473.3    436.3  0.00 | -1.0  0.0 0   0   0  0  0  0
=========================================================== END

[  4390   23.492 x1.00] LOG  [OniBoss] hold-ground: backstep done (1.18m), WATCH (player 4.3m, cooldown 1.1s)
[  4390   23.492 x1.00] LOG  [OniBoss] Playing animation: Idle
[  4391   23.495 x1.00] LOG  [OniBoss] Playing animation: Walk
[  4524   24.149 x1.00] LOG  [OniBoss] Playing animation: Idle
[  4599   24.548 x1.00] LOG  [OniBoss] hold-ground: cooldown over, player 4.2m > 3.5m — APPROACH
[  4599   24.548 x1.00] LOG  [OniBoss] Playing animation: Walk
[  4687   24.976 x1.00] LOG  [OniBoss] Chase → Attack
[  4687   24.976 x1.00] LOG  [OniBoss] Attack: ClubSlam (20 dmg)
[  4687   24.976 x1.00] LOG  [OniBoss:Trail] ClubSlam trail START at clip 0.23 (transition done).
[  4690   24.990 x1.00] LOG  [OniBoss:Layer] step-in: 'ClubSlam' closed 0.08m, Yoru now 3.0m away (range 3.5)
[  4846   25.768 x1.00] LOG  [OniBoss:ClubPos] ClubSlam at strike: club tip 0.54m up, 2.91m in front, -0.14m to his right (2.91m out from his centre). Club faces 7deg from his forward, pitch -0.26. (the ground wave is born 1.6m in front of him at 0.35m.)
[  4846   25.768 x1.00] LOG  [OniBoss:Layer] ClubSlam: club has not connected — ground wave released ARMED, 1.6m in front, 12m/s x 6.0m = 0.50s, carrying 10 (half of the club's 20).
[  4848   25.778 x1.00] LOG  [CameraGameFeel] Shake: intensity=0.50 duration=0.400s
[  4848   25.778 x1.00] LOG  [Combat] Hit react: HitReact_Heavy_2Leg (0.9s)
[  4848   25.778 x1.00] LOG  [HitReactTrace] asked for 'HitReact_Heavy_2Leg' (0.90s) — blend resolved after 0 ms, now playing a clip 1.00s long at speed 1.00, layer weight 1.00, animator.speed 1.00.
[  4848   25.778 x1.00] LOG  [CameraGameFeel] Shake: intensity=0.60 duration=0.200s
[  4848   25.778 x1.00] LOG  [CameraGameFeel] FOV punch: player damage (-3.0°)
[  4848   25.778 x1.00] LOG  [OniBoss] Hit player for 20 (ClubSlam)
[  4848   25.778 x1.00] LOG  [OniBoss:Touch] ClubSlam: club TOUCHED Yoru at clip 0.87 — shaft 0.68m from her body line, tip speed 58m/s, ONE FRAME EARLY (predicted). Full club hit delivered this frame. This swing's wave is disarmed and flies on as visual.
[  4874   25.901 x1.00] LOG  [OniBoss] Attack → Recovery
[  4874   25.901 x1.00] LOG  [OniBoss] Playing animation: Watch
[  4874   25.901 x1.00] LOG  [OniBoss:Trail] trail END at clip 0.99, fading over 0.40s.
[  4874   25.901 x1.00] LOG  [OniBoss:Strike] ClubSlam: club tip closest to Yoru at 0.42m, clip position 0.88 | damage fires at 0.85 | clip 0.93s => damage fires 32 ms BEFORE the club is closest
[  4903   26.055 x1.00] LOG  [OniBoss] Recovery → Chase
[  4904   26.059 x1.00] LOG  [OniBoss] hold-ground: BACKSTEP 1.5m (player 2.6m)
[  5088   26.999 x1.00] LOG  [OniBoss] hold-ground: backstep done (1.50m), WATCH (player 4.2m, cooldown 0.9s)
[  5088   26.999 x1.00] LOG  [OniBoss] Playing animation: Watch
[  5089   27.005 x1.00] LOG  [OniBoss] Playing animation: Walk
[  5165   27.398 x1.00] LOG  
==================== [FREEZE-DEBUG v3] ====================
  Reason : WASD-NOMOVE: WASD recent + speed 0.00m/s for 0.40s
  Time   : 24.472s   Frame: 5165   Snaps: 60
===========================================================

--- CURRENT STATE ---
  Flags: atk=False hvy=False dod=False dsh=False
         grd=False hit=False aerial=False lockPos=False
         comboStep=0
  Anim : speed=1.00  combatLayer hash=-792875657 normT=0.710 weight=1.00 inTransition=False
  CC   : grounded=True  enabled=True  pos=(475.59, -0.02, 436.00)  vel=(0.00, 0.00, 0.00)
  Move : IsRunning=False
  Input: H=1.00 V=0.00  LMB=False MMB=False Q=False Sp=False Sh=False C=False
         WASD pressed in last 0.5s: True (last 0.00s ago)

--- FLIGHT RECORDER (60 snapshots, oldest first, dt=0.10s) ---
  Legend: flags = A(tk) H(vy) D(od) S(sh) G(rd) R(eact) Y(aerial) L(ock)   gnd/cc: Y/n
  t-now    flags     step gnd cc anSp normT layW tr | posX     posZ     spd   | H    V    LMB MMB Q  Sp Sh C
  ------   --------  ---- --- -- ---- ----- ---- -- | -----    -----    ----  | ---- ---- --- --- -- -- -- -
  - 6.09s  --------    0  Y   Y  1.00  0.10 1.00 -  |   474.0    436.2  0.00 |  0.0  0.0 0   0   0  0  0  0
  - 5.99s  --------    0  Y   Y  1.00  0.20 1.00 -  |   474.0    436.2  0.00 |  0.0  0.0 0   0   0  0  0  0
  - 5.89s  --------    0  Y   Y  1.00  0.31 1.00 -  |   474.0    436.2  0.00 |  0.0  0.0 0   0   0  0  0  0
  - 5.79s  --------    0  Y   Y  1.00  0.41 1.00 -  |   474.0    436.2  0.00 |  0.0  0.0 0   0   0  0  0  0
  - 5.69s  --------    0  Y   Y  1.00  0.51 1.00 -  |   474.0    436.2  0.00 |  0.0  0.0 0   0   0  0  0  0
  - 5.59s  --------    0  Y   Y  1.00  0.61 1.00 -  |   474.0    436.2  0.00 |  0.0  0.0 0   0   0  0  0  0
  - 5.49s  --------    0  Y   Y  1.00  0.71 1.00 -  |   474.0    436.2  0.00 |  0.0  0.0 0   0   0  0  0  0
  - 5.38s  --------    0  Y   Y  1.00  0.81 1.00 -  |   474.0    436.2  0.00 |  0.0  0.0 0   0   0  0  0  0
  - 5.28s  -----R--    0  Y   Y  1.00  0.10 1.00 -  |   474.0    436.2  0.00 |  0.0  0.0 0   0   0  0  0  0
  - 5.17s  -----R--    0  Y   Y  1.00  0.19 1.00 -  |   474.0    436.2  0.00 |  0.0  0.0 0   0   0  0  0  0
  - 5.07s  -----R--    0  Y   Y  1.00  0.27 1.00 -  |   474.0    436.2  0.00 |  0.0  0.0 0   0   0  0  0  0
  - 4.97s  -----R--    0  Y   Y  1.00  0.36 1.00 -  |   474.0    436.2  0.00 |  0.0  0.0 0   0   0  0  0  0
  - 4.87s  -----R--    0  Y   Y  1.00  0.44 1.00 -  |   474.0    436.2  0.00 |  0.0  0.0 0   0   0  0  0  0
  - 4.77s  -----R--    0  Y   Y  1.00  0.52 1.00 -  |   474.0    436.2  0.00 |  0.0  0.0 0   0   0  0  0  0
  - 4.67s  -----R--    0  Y   Y  1.00  0.61 1.00 -  |   474.0    436.2  0.00 |  0.0  0.0 0   0   0  0  0  0
  - 4.56s  -----R--    0  Y   Y  1.00  0.69 1.00 -  |   474.0    436.2  0.00 |  0.0  0.0 0   0   0  0  0  0
  - 4.46s  -----R--    0  Y   Y  1.00  0.78 1.00 -  |   474.0    436.2  0.00 |  0.0  0.0 0   0   0  0  0  0
  - 4.36s  --------    0  Y   Y  1.00  0.86 1.00 T  |   473.9    436.2  0.00 | -1.0  0.0 0   0   0  0  0  0
  - 4.26s  --------    0  Y   Y  1.00  0.14 1.00 -  |   473.7    436.2  0.00 | -1.0  0.0 0   0   0  0  0  0
  - 4.16s  --------    0  Y   Y  1.00  0.25 1.00 -  |   473.5    436.2  0.00 | -1.0  0.0 0   0   0  0  0  0
  - 4.06s  --------    0  Y   Y  1.00  0.35 1.00 -  |   473.3    436.3  0.00 | -1.0  0.0 0   0   0  0  0  0
  - 3.95s  --------    0  Y   Y  1.00  0.45 1.00 -  |   473.1    436.3  0.00 | -1.0  0.0 0   0   0  0  0  0
  - 3.85s  --------    0  Y   Y  1.00  0.55 1.00 -  |   472.9    436.3  0.00 | -1.0  0.0 0   0   0  0  0  0
  - 3.75s  --------    0  Y   Y  1.00  0.66 1.00 -  |   472.7    436.3  0.00 | -1.0  0.0 0   0   0  0  0  0
  - 3.65s  --------    0  Y   Y  1.00  0.76 1.00 -  |   472.5    436.3  0.00 | -1.0  0.0 0   0   0  0  0  0
  - 3.55s  --------    0  Y   Y  1.00  0.86 1.00 -  |   472.3    436.4  0.00 | -1.0  0.0 0   0   0  0  0  0
  - 3.45s  --------    0  Y   Y  1.00  0.96 1.00 -  |   472.1    436.4  0.00 | -1.0  0.0 0   0   0  0  0  0
  - 3.35s  --------    0  Y   Y  1.00  1.06 1.00 -  |   471.9    436.4  0.00 | -1.0  0.0 0   0   0  0  0  0
  - 3.25s  --------    0  Y   Y  1.00  1.16 1.00 -  |   471.7    436.4  0.00 | -1.0  0.0 0   0   0  0  0  0
  - 3.14s  --------    0  Y   Y  1.00  1.26 1.00 -  |   471.5    436.5  0.00 | -1.0  0.0 0   0   0  0  0  0
  - 3.04s  --------    0  Y   Y  1.00  1.36 1.00 -  |   471.3    436.5  0.00 |  1.0  0.0 0   0   0  0  0  0
  - 2.94s  --------    0  Y   Y  1.00  1.47 1.00 -  |   471.5    436.4  0.00 |  1.0  0.0 0   0   0  0  0  0
  - 2.84s  --------    0  Y   Y  1.00  1.57 1.00 -  |   471.7    436.4  0.00 |  1.0  0.0 0   0   0  0  0  0
  - 2.73s  --------    0  Y   Y  1.00  1.67 1.00 -  |   471.9    436.4  0.00 |  1.0  0.0 0   0   0  0  0  0
  - 2.63s  --------    0  Y   Y  1.00  1.78 1.00 -  |   472.1    436.4  0.00 |  1.0  0.0 0   0   0  0  0  0
  - 2.53s  --------    0  Y   Y  1.00  1.88 1.00 -  |   472.3    436.4  0.00 |  1.0  0.0 0   0   0  0  0  0
  - 2.43s  --------    0  Y   Y  1.00  1.98 1.00 -  |   472.5    436.3  0.00 |  1.0  0.0 0   0   0  0  0  0
  - 2.32s  --------    0  Y   Y  1.00  2.09 1.00 -  |   472.8    436.3  0.00 |  1.0  0.0 0   0   0  0  0  0
  - 2.22s  --------    0  Y   Y  1.00  2.19 1.00 -  |   473.0    436.3  0.00 |  1.0  0.0 0   0   0  0  0  0
  - 2.12s  --------    0  Y   Y  1.00  2.29 1.00 -  |   473.2    436.3  0.00 |  1.0  0.0 0   0   0  0  0  0
  - 2.02s  --------    0  Y   Y  1.00  2.39 1.00 -  |   473.4    436.2  0.00 |  1.0  0.0 0   0   0  0  0  0
  - 1.91s  --------    0  Y   Y  1.00  2.49 1.00 -  |   473.6    436.2  0.00 |  1.0  0.0 0   0   0  0  0  0
  - 1.81s  --------    0  Y   Y  1.00  2.59 1.00 -  |   473.8    436.2  0.00 |  1.0  0.0 0   0   0  0  0  0
  - 1.71s  --------    0  Y   Y  1.00  2.70 1.00 -  |   474.0    436.2  0.00 |  1.0  0.0 0   0   0  0  0  0
  - 1.61s  -----R--    0  Y   Y  1.00  2.80 1.00 T  |   474.2    436.2  0.00 |  1.0  0.0 0   0   0  0  0  0
  - 1.51s  -----R--    0  Y   Y  1.00  0.17 1.00 -  |   474.2    436.2  0.00 |  1.0  0.0 0   0   0  0  0  0
  - 1.41s  -----R--    0  Y   Y  1.00  0.25 1.00 -  |   474.2    436.2  0.00 |  1.0  0.0 0   0   0  0  0  0
  - 1.30s  -----R--    0  Y   Y  1.00  0.33 1.00 -  |   474.2    436.2  0.00 |  1.0  0.0 0   0   0  0  0  0
  - 1.20s  -----R--    0  Y   Y  1.00  0.42 1.00 -  |   474.2    436.2  0.00 |  1.0  0.0 0   0   0  0  0  0
  - 1.10s  -----R--    0  Y   Y  1.00  0.50 1.00 -  |   474.2    436.2  0.00 |  1.0  0.0 0   0   0  0  0  0
  - 1.00s  -----R--    0  Y   Y  1.00  0.59 1.00 -  |   474.2    436.2  0.00 |  1.0  0.0 0   0   0  0  0  0
  - 0.90s  -----R--    0  Y   Y  1.00  0.67 1.00 -  |   474.2    436.2  0.00 |  1.0  0.0 0   0   0  0  0  0
  - 0.79s  -----R--    0  Y   Y  1.00  0.76 1.00 -  |   474.2    436.2  0.00 |  1.0  0.0 0   0   0  0  0  0
  - 0.69s  --------    0  Y   Y  1.00  0.84 1.00 T  |   474.2    436.2  0.00 |  1.0  0.0 0   0   0  0  0  0
  - 0.58s  --------    0  Y   Y  1.00  0.12 1.00 -  |   474.4    436.1  0.00 |  1.0  0.0 0   0   0  0  0  0
  - 0.48s  --------    0  Y   Y  1.00  0.22 1.00 -  |   474.6    436.1  0.00 |  1.0  0.0 0   0   0  0  0  0
  - 0.38s  --------    0  Y   Y  1.00  0.33 1.00 -  |   474.8    436.1  0.00 |  1.0  0.0 0   0   0  0  0  0
  - 0.27s  --------    0  Y   Y  1.00  0.43 1.00 -  |   475.0    436.1  0.00 |  1.0  0.0 0   0   0  0  0  0
  - 0.17s  --------    0  Y   Y  1.00  0.53 1.00 -  |   475.2    436.0  0.00 |  1.0  0.0 0   0   0  0  0  0
  - 0.07s  --------    0  Y   Y  1.00  0.64 1.00 -  |   475.4    436.0  0.00 |  1.0  0.0 0   0   0  0  0  0
=========================================================== END

[  5179   27.458 x1.00] LOG  [OniBoss] Playing animation: Watch
[  5260   27.858 x1.00] LOG  [OniBoss] hold-ground: cooldown over, player 4.4m > 3.5m — APPROACH
[  5260   27.858 x1.00] LOG  [OniBoss] Playing animation: Walk
[  5359   28.356 x1.00] LOG  [OniBoss] Chase → Attack
[  5359   28.356 x1.00] LOG  [OniBoss] Attack: Club_Swing (16 dmg)
[  5359   28.356 x1.00] LOG  [OniBoss:Trail] Club_Swing trail START at clip 0.27 (transition done).
[  5361   28.363 x1.00] LOG  [OniBoss:Layer] step-in: 'Club_Swing' closed 0.04m, Yoru now 3.0m away (range 3.5)
[  5431   28.715 x1.00] LOG  [OniBoss:ClubPos] Club_Swing at strike: club tip 3.02m up, 2.49m in front, -2.96m to his right (3.87m out from his centre). Club faces -82deg from his forward, pitch 0.41. (the ground wave is born 1.6m in front of him at 0.35m.)
[  5431   28.715 x1.00] LOG  [OniBoss:Layer] Club_Swing: club has not connected — ground wave released ARMED, 1.6m in front, 12m/s x 6.0m = 0.50s, carrying 8 (half of the club's 16).
[  5525   29.193 x1.00] LOG  [OniBoss] Attack → Recovery
[  5525   29.193 x1.00] LOG  [OniBoss] Playing animation: Watch
[  5525   29.193 x1.00] LOG  [OniBoss:Trail] trail END at clip 0.99, fading over 0.40s.
[  5525   29.193 x1.00] LOG  [OniBoss:Touch] Club_Swing: no touch this swing — closest 1.04m at clip 0.37, fastest tip 191m/s (radius 0.70, min speed 50).
[  5525   29.193 x1.00] LOG  [OniBoss:Strike] Club_Swing: club tip closest to Yoru at 3.28m, clip position 0.99 | damage fires at 0.42 | clip 0.84s => damage fires 481 ms BEFORE the club is closest
[  5529   29.221 x1.00] LOG  [OniBoss:Wave] armed wave expired UNTOUCHED — closest 2.67m to Yoru (hit width 1.60), she was grounded at the closest moment.
[  5556   29.347 x1.00] LOG  [OniBoss] Recovery → Chase
[  5557   29.352 x1.00] LOG  [OniBoss] hold-ground: BACKSTEP 1.5m (player 4.2m)
[  5698   30.089 x1.00] LOG  [OniBoss] hold-ground: backstep done (1.18m), WATCH (player 4.3m, cooldown 1.1s)
[  5698   30.089 x1.00] LOG  [OniBoss] Playing animation: Watch
[  5699   30.095 x1.00] LOG  [OniBoss] Playing animation: Walk
[  5721   30.216 x1.00] LOG  [OniBoss] Playing animation: run
[  5818   30.736 x1.00] LOG  [OniBoss] Playing animation: Idle
[  5902   31.147 x1.00] LOG  [OniBoss] Combo started: swing1-2 (2 steps remaining)
[  5902   31.147 x1.00] LOG  [OniBoss] Chase → Attack
[  5902   31.147 x1.00] LOG  [OniBoss] Attack: Club_Swing (16 dmg)
[  5902   31.147 x1.00] LOG  [OniBoss:Trail] Club_Swing trail START at clip 0.26 (transition done).
[  5904   31.157 x1.00] LOG  [OniBoss:Layer] step-in: 'Club_Swing' closed 0.06m, Yoru now 3.0m away (range 3.5)
[  5917   31.228 x1.00] LOG  [StormWeather] ⚡ strike at (477.02, 45.00, 452.53)
[  5952   31.418 x1.00] LOG  
==================== [FREEZE-DEBUG v3] ====================
  Reason : WASD-NOMOVE: WASD recent + speed 0.00m/s for 0.40s
  Time   : 28.493s   Frame: 5952   Snaps: 60
===========================================================

--- CURRENT STATE ---
  Flags: atk=False hvy=False dod=False dsh=False
         grd=False hit=False aerial=False lockPos=False
         comboStep=0
  Anim : speed=1.00  combatLayer hash=-792875657 normT=4.729 weight=1.00 inTransition=False
  CC   : grounded=True  enabled=True  pos=(475.29, -0.02, 436.03)  vel=(0.00, 0.00, 0.00)
  Move : IsRunning=True
  Input: H=-1.00 V=0.00  LMB=False MMB=False Q=False Sp=False Sh=True C=False
         WASD pressed in last 0.5s: True (last 0.00s ago)

--- FLIGHT RECORDER (60 snapshots, oldest first, dt=0.10s) ---
  Legend: flags = A(tk) H(vy) D(od) S(sh) G(rd) R(eact) Y(aerial) L(ock)   gnd/cc: Y/n
  t-now    flags     step gnd cc anSp normT layW tr | posX     posZ     spd   | H    V    LMB MMB Q  Sp Sh C
  ------   --------  ---- --- -- ---- ----- ---- -- | -----    -----    ----  | ---- ---- --- --- -- -- -- -
  - 6.14s  --------    0  Y   Y  1.00  2.29 1.00 -  |   473.2    436.3  0.00 |  1.0  0.0 0   0   0  0  0  0
  - 6.04s  --------    0  Y   Y  1.00  2.39 1.00 -  |   473.4    436.2  0.00 |  1.0  0.0 0   0   0  0  0  0
  - 5.93s  --------    0  Y   Y  1.00  2.49 1.00 -  |   473.6    436.2  0.00 |  1.0  0.0 0   0   0  0  0  0
  - 5.83s  --------    0  Y   Y  1.00  2.59 1.00 -  |   473.8    436.2  0.00 |  1.0  0.0 0   0   0  0  0  0
  - 5.73s  --------    0  Y   Y  1.00  2.70 1.00 -  |   474.0    436.2  0.00 |  1.0  0.0 0   0   0  0  0  0
  - 5.63s  -----R--    0  Y   Y  1.00  2.80 1.00 T  |   474.2    436.2  0.00 |  1.0  0.0 0   0   0  0  0  0
  - 5.53s  -----R--    0  Y   Y  1.00  0.17 1.00 -  |   474.2    436.2  0.00 |  1.0  0.0 0   0   0  0  0  0
  - 5.43s  -----R--    0  Y   Y  1.00  0.25 1.00 -  |   474.2    436.2  0.00 |  1.0  0.0 0   0   0  0  0  0
  - 5.32s  -----R--    0  Y   Y  1.00  0.33 1.00 -  |   474.2    436.2  0.00 |  1.0  0.0 0   0   0  0  0  0
  - 5.22s  -----R--    0  Y   Y  1.00  0.42 1.00 -  |   474.2    436.2  0.00 |  1.0  0.0 0   0   0  0  0  0
  - 5.12s  -----R--    0  Y   Y  1.00  0.50 1.00 -  |   474.2    436.2  0.00 |  1.0  0.0 0   0   0  0  0  0
  - 5.02s  -----R--    0  Y   Y  1.00  0.59 1.00 -  |   474.2    436.2  0.00 |  1.0  0.0 0   0   0  0  0  0
  - 4.92s  -----R--    0  Y   Y  1.00  0.67 1.00 -  |   474.2    436.2  0.00 |  1.0  0.0 0   0   0  0  0  0
  - 4.81s  -----R--    0  Y   Y  1.00  0.76 1.00 -  |   474.2    436.2  0.00 |  1.0  0.0 0   0   0  0  0  0
  - 4.71s  --------    0  Y   Y  1.00  0.84 1.00 T  |   474.2    436.2  0.00 |  1.0  0.0 0   0   0  0  0  0
  - 4.60s  --------    0  Y   Y  1.00  0.12 1.00 -  |   474.4    436.1  0.00 |  1.0  0.0 0   0   0  0  0  0
  - 4.50s  --------    0  Y   Y  1.00  0.22 1.00 -  |   474.6    436.1  0.00 |  1.0  0.0 0   0   0  0  0  0
  - 4.40s  --------    0  Y   Y  1.00  0.33 1.00 -  |   474.8    436.1  0.00 |  1.0  0.0 0   0   0  0  0  0
  - 4.29s  --------    0  Y   Y  1.00  0.43 1.00 -  |   475.0    436.1  0.00 |  1.0  0.0 0   0   0  0  0  0
  - 4.19s  --------    0  Y   Y  1.00  0.53 1.00 -  |   475.2    436.0  0.00 |  1.0  0.0 0   0   0  0  0  0
  - 4.09s  --------    0  Y   Y  1.00  0.64 1.00 -  |   475.4    436.0  0.00 |  1.0  0.0 0   0   0  0  0  0
  - 3.99s  --------    0  Y   Y  1.00  0.74 1.00 -  |   475.6    436.0  0.00 |  1.0  0.0 0   0   0  0  0  0
  - 3.88s  --------    0  Y   Y  1.00  0.84 1.00 -  |   475.9    436.0  0.00 |  1.0  0.0 0   0   0  0  0  0
  - 3.78s  --------    0  Y   Y  1.00  0.95 1.00 -  |   476.1    435.9  0.00 |  1.0  0.0 0   0   0  0  0  0
  - 3.68s  --------    0  Y   Y  1.00  1.05 1.00 -  |   476.3    435.9  0.00 |  0.0  0.0 0   0   0  0  0  0
  - 3.57s  --------    0  Y   Y  1.00  1.16 1.00 -  |   476.2    435.9  0.00 | -1.0  0.0 0   0   0  0  0  0
  - 3.47s  --------    0  Y   Y  1.00  1.26 1.00 -  |   476.0    435.9  0.00 | -1.0  0.0 0   0   0  0  0  0
  - 3.36s  --------    0  Y   Y  1.00  1.37 1.00 -  |   475.8    436.0  0.00 | -1.0  0.0 0   0   0  0  0  0
  - 3.26s  --------    0  Y   Y  1.00  1.47 1.00 -  |   475.6    436.0  0.00 | -1.0  0.0 0   0   0  0  0  0
  - 3.16s  --------    0  Y   Y  1.00  1.57 1.00 -  |   475.4    436.0  0.00 | -1.0  0.0 0   0   0  0  0  0
  - 3.06s  --------    0  Y   Y  1.00  1.68 1.00 -  |   475.0    436.1  0.00 | -1.0  0.0 0   0   0  0  1  0
  - 2.95s  --------    0  Y   Y  1.00  1.78 1.00 -  |   474.3    436.1  0.00 | -1.0  0.0 0   0   0  0  1  0
  - 2.85s  --------    0  Y   Y  1.00  1.88 1.00 -  |   473.6    436.2  0.00 | -1.0  0.0 0   0   0  0  1  0
  - 2.75s  --------    0  Y   Y  1.00  1.98 1.00 -  |   472.9    436.3  0.00 | -1.0  0.0 0   0   0  0  1  0
  - 2.64s  --------    0  Y   Y  1.00  2.09 1.00 -  |   472.1    436.4  0.00 | -1.0  0.0 0   0   0  0  1  0
  - 2.54s  --------    0  Y   Y  1.00  2.19 1.00 -  |   471.4    436.5  0.00 | -1.0  0.0 0   0   0  0  1  0
  - 2.43s  --------    0  Y   Y  1.00  2.29 1.00 -  |   470.7    436.5  0.00 | -1.0  0.0 0   0   0  0  1  0
  - 2.33s  --------    0  Y   Y  1.00  2.40 1.00 -  |   470.0    436.6  0.00 |  0.0  0.0 0   0   0  0  1  0
  - 2.23s  --------    0  Y   Y  1.00  2.50 1.00 -  |   469.8    436.6  0.00 |  1.0  0.0 0   0   0  0  1  0
  - 2.13s  --------    0  Y   Y  1.00  2.60 1.00 -  |   470.5    436.6  0.00 |  1.0  0.0 0   0   0  0  1  0
  - 2.03s  --------    0  Y   Y  1.00  2.70 1.00 -  |   471.2    436.5  0.00 |  1.0  0.0 0   0   0  0  1  0
  - 1.92s  --------    0  Y   Y  1.00  2.81 1.00 -  |   472.1    436.4  0.00 |  1.0  0.0 0   0   0  0  1  0
  - 1.82s  --------    0  Y   Y  1.00  2.91 1.00 -  |   472.8    436.3  0.00 |  1.0  0.0 0   0   0  0  1  0
  - 1.72s  --------    0  Y   Y  1.00  3.01 1.00 -  |   473.5    436.2  0.00 |  1.0  0.0 0   0   0  0  1  0
  - 1.62s  --------    0  Y   Y  1.00  3.11 1.00 -  |   474.2    436.2  0.00 |  1.0  0.0 0   0   0  0  1  0
  - 1.51s  --------    0  Y   Y  1.00  3.21 1.00 -  |   474.9    436.1  0.00 |  1.0  0.0 0   0   0  0  1  0
  - 1.41s  --------    0  Y   Y  1.00  3.32 1.00 -  |   475.5    436.0  0.00 |  1.0  0.0 0   0   0  0  1  0
  - 1.31s  --------    0  Y   Y  1.00  3.42 1.00 -  |   476.2    435.9  0.00 |  1.0  0.0 0   0   0  0  1  0
  - 1.20s  --------    0  Y   Y  1.00  3.53 1.00 -  |   477.1    435.8  0.00 |  1.0  0.0 0   0   0  0  1  0
  - 1.10s  --------    0  Y   Y  1.00  3.63 1.00 -  |   477.4    435.8  0.00 |  1.0  0.0 0   0   0  0  0  0
  - 1.00s  --------    0  Y   Y  1.00  3.73 1.00 -  |   477.6    435.8  0.00 |  1.0  0.0 0   0   0  0  0  0
  - 0.89s  --------    0  Y   Y  1.00  3.83 1.00 -  |   477.7    435.8  0.00 | -1.0  0.0 0   0   0  0  0  0
  - 0.79s  --------    0  Y   Y  1.00  3.94 1.00 -  |   477.6    435.8  0.00 | -1.0  0.0 0   0   0  0  0  0
  - 0.69s  --------    0  Y   Y  1.00  4.04 1.00 -  |   477.4    435.8  0.00 | -1.0  0.0 0   0   0  0  0  0
  - 0.58s  --------    0  Y   Y  1.00  4.14 1.00 -  |   477.1    435.8  0.00 | -1.0  0.0 0   0   0  0  0  0
  - 0.48s  --------    0  Y   Y  1.00  4.25 1.00 -  |   476.9    435.8  0.00 | -1.0  0.0 0   0   0  0  0  0
  - 0.38s  --------    0  Y   Y  1.00  4.35 1.00 -  |   476.7    435.9  0.00 | -1.0  0.0 0   0   0  0  0  0
  - 0.28s  --------    0  Y   Y  1.00  4.45 1.00 -  |   476.5    435.9  0.00 | -1.0  0.0 0   0   0  0  0  0
  - 0.16s  --------    0  Y   Y  1.00  4.54 1.00 -  |   476.3    435.9  0.00 | -1.0  0.0 0   0   0  0  0  0
  - 0.05s  --------    0  Y   Y  1.00  4.67 1.00 -  |   475.7    436.0  0.00 | -1.0  0.0 0   0   0  0  1  0
=========================================================== END

[  5972   31.513 x1.00] LOG  [OniBoss:ClubPos] Club_Swing at strike: club tip 3.04m up, 1.66m in front, -3.25m to his right (3.65m out from his centre). Club faces -100deg from his forward, pitch 0.41. (the ground wave is born 1.6m in front of him at 0.35m.)
[  5972   31.513 x1.00] LOG  [OniBoss:Layer] Club_Swing: club has not connected — ground wave released ARMED, 1.6m in front, 12m/s x 6.0m = 0.50s, carrying 8 (half of the club's 16).
[  6066   31.996 x1.00] LOG  [OniBoss] Attack → Recovery
[  6066   31.996 x1.00] LOG  [OniBoss] Playing animation: Watch
[  6066   31.996 x1.00] LOG  [OniBoss:Trail] trail END at clip 1.00, fading over 0.40s.
[  6066   31.996 x1.00] LOG  [OniBoss:Touch] Club_Swing: no touch this swing — closest 0.77m at clip 0.37, fastest tip 191m/s (radius 0.70, min speed 50).
[  6066   31.996 x1.00] LOG  [OniBoss:Strike] Club_Swing: club tip closest to Yoru at 1.54m, clip position 1.00 | damage fires at 0.42 | clip 0.84s => damage fires 485 ms BEFORE the club is closest
[  6070   32.016 x1.00] LOG  [OniBoss:Wave] armed wave expired UNTOUCHED — closest 2.01m to Yoru (hit width 1.60), she was grounded at the closest moment.
[  6097   32.149 x1.00] LOG  [OniBoss] Recovery → Attack
[  6097   32.149 x1.00] LOG  [OniBoss] Attack: ClubSwing2 (16 dmg)
[  6097   32.149 x1.00] LOG  [OniBoss:Trail] ClubSwing2 trail START at clip 1.00 (transition still blending).
[  6165   32.489 x1.00] LOG  [CameraGameFeel] Shake: intensity=0.20 duration=0.250s
[  6165   32.489 x1.00] LOG  [Combat] Hit react: Bhit_run_reaction_4 (2.5s)
[  6165   32.489 x1.00] LOG  [HitReactTrace] asked for 'Bhit_run_reaction_4' (2.50s) — blend resolved after 0 ms, now playing a clip 1.00s long at speed 1.00, layer weight 1.00, animator.speed 1.00.
[  6165   32.489 x1.00] LOG  [CameraGameFeel] Shake: intensity=0.60 duration=0.200s
[  6165   32.489 x1.00] LOG  [CameraGameFeel] FOV punch: player damage (-3.0°)
[  6165   32.489 x1.00] LOG  [OniBoss] Hit player for 24 (ClubSwing2) [combo x1.50]
[  6165   32.489 x1.00] LOG  [OniBoss:Touch] ClubSwing2: club TOUCHED Yoru at clip 0.29 — shaft 0.53m from her body line, tip speed 102m/s, ONE FRAME EARLY (predicted). Full club hit delivered this frame.
[  6166   32.494 x1.00] LOG  [OniBoss:Layer] step-in: 'ClubSwing2' closed 0.01m, Yoru now 3.0m away (range 3.5)
[  6174   32.531 x1.00] LOG  [OniBoss:ClubPos] ClubSwing2 at strike: club tip 0.12m up, 1.75m in front, 2.49m to his right (3.04m out from his centre). Club faces 8deg from his forward, pitch -0.88. (the ground wave is born 1.6m in front of him at 0.35m.)
[  6174   32.531 x1.00] LOG  [OniBoss:Layer] ClubSwing2: club already hit — ground wave released as VISUAL only (0 damage), finisher size x2.0.
[  6322   33.313 x1.00] LOG  [OniBoss] Attack → Recovery
[  6322   33.313 x1.00] LOG  [OniBoss] Playing animation: Watch
[  6322   33.313 x1.00] LOG  [OniBoss:Trail] trail END at clip 0.99, fading over 0.40s.
[  6322   33.313 x1.00] LOG  [OniBoss:Strike] ClubSwing2: club tip closest to Yoru at 0.45m, clip position 0.30 | damage fires at 0.32 | clip 1.17s => MATCHED (within one or two frames)
[  6349   33.466 x1.00] LOG  [OniBoss] Recovery → Chase
[  6350   33.470 x1.00] LOG  [OniBoss] hold-ground: BACKSTEP 1.5m (player 3.0m)
[  6499   34.301 x1.00] LOG  [OniBoss] hold-ground: backstep done (1.32m), WATCH (player 4.3m, cooldown 1.0s)
[  6499   34.301 x1.00] LOG  [OniBoss] Playing animation: Watch
[  6591   34.738 x1.00] LOG  [OniBoss] Playing animation: run
[  6697   35.268 x1.00] LOG  [OniBoss] Pull-band decision: RUN-IN (dist 5.2m, pullRange 0m, chance 0.50)
[  6733   35.445 x1.00] LOG  
==================== [FREEZE-DEBUG v3] ====================
  Reason : WASD-NOMOVE: WASD recent + speed 0.00m/s for 0.40s
  Time   : 32.519s   Frame: 6733   Snaps: 60
===========================================================

--- CURRENT STATE ---
  Flags: atk=False hvy=False dod=False dsh=False
         grd=False hit=False aerial=False lockPos=False
         comboStep=0
  Anim : speed=1.00  combatLayer hash=-792875657 normT=1.159 weight=1.00 inTransition=False
  CC   : grounded=True  enabled=True  pos=(481.21, -0.02, 435.87)  vel=(0.00, 0.00, 0.00)
  Move : IsRunning=True
  Input: H=1.00 V=0.00  LMB=False MMB=False Q=False Sp=False Sh=True C=False
         WASD pressed in last 0.5s: True (last 0.00s ago)

--- FLIGHT RECORDER (60 snapshots, oldest first, dt=0.10s) ---
  Legend: flags = A(tk) H(vy) D(od) S(sh) G(rd) R(eact) Y(aerial) L(ock)   gnd/cc: Y/n
  t-now    flags     step gnd cc anSp normT layW tr | posX     posZ     spd   | H    V    LMB MMB Q  Sp Sh C
  ------   --------  ---- --- -- ---- ----- ---- -- | -----    -----    ----  | ---- ---- --- --- -- -- -- -
  - 6.15s  --------    0  Y   Y  1.00  2.60 1.00 -  |   470.5    436.6  0.00 |  1.0  0.0 0   0   0  0  1  0
  - 6.05s  --------    0  Y   Y  1.00  2.70 1.00 -  |   471.2    436.5  0.00 |  1.0  0.0 0   0   0  0  1  0
  - 5.95s  --------    0  Y   Y  1.00  2.81 1.00 -  |   472.1    436.4  0.00 |  1.0  0.0 0   0   0  0  1  0
  - 5.85s  --------    0  Y   Y  1.00  2.91 1.00 -  |   472.8    436.3  0.00 |  1.0  0.0 0   0   0  0  1  0
  - 5.75s  --------    0  Y   Y  1.00  3.01 1.00 -  |   473.5    436.2  0.00 |  1.0  0.0 0   0   0  0  1  0
  - 5.64s  --------    0  Y   Y  1.00  3.11 1.00 -  |   474.2    436.2  0.00 |  1.0  0.0 0   0   0  0  1  0
  - 5.54s  --------    0  Y   Y  1.00  3.21 1.00 -  |   474.9    436.1  0.00 |  1.0  0.0 0   0   0  0  1  0
  - 5.44s  --------    0  Y   Y  1.00  3.32 1.00 -  |   475.5    436.0  0.00 |  1.0  0.0 0   0   0  0  1  0
  - 5.34s  --------    0  Y   Y  1.00  3.42 1.00 -  |   476.2    435.9  0.00 |  1.0  0.0 0   0   0  0  1  0
  - 5.23s  --------    0  Y   Y  1.00  3.53 1.00 -  |   477.1    435.8  0.00 |  1.0  0.0 0   0   0  0  1  0
  - 5.13s  --------    0  Y   Y  1.00  3.63 1.00 -  |   477.4    435.8  0.00 |  1.0  0.0 0   0   0  0  0  0
  - 5.02s  --------    0  Y   Y  1.00  3.73 1.00 -  |   477.6    435.8  0.00 |  1.0  0.0 0   0   0  0  0  0
  - 4.92s  --------    0  Y   Y  1.00  3.83 1.00 -  |   477.7    435.8  0.00 | -1.0  0.0 0   0   0  0  0  0
  - 4.82s  --------    0  Y   Y  1.00  3.94 1.00 -  |   477.6    435.8  0.00 | -1.0  0.0 0   0   0  0  0  0
  - 4.72s  --------    0  Y   Y  1.00  4.04 1.00 -  |   477.4    435.8  0.00 | -1.0  0.0 0   0   0  0  0  0
  - 4.61s  --------    0  Y   Y  1.00  4.14 1.00 -  |   477.1    435.8  0.00 | -1.0  0.0 0   0   0  0  0  0
  - 4.51s  --------    0  Y   Y  1.00  4.25 1.00 -  |   476.9    435.8  0.00 | -1.0  0.0 0   0   0  0  0  0
  - 4.41s  --------    0  Y   Y  1.00  4.35 1.00 -  |   476.7    435.9  0.00 | -1.0  0.0 0   0   0  0  0  0
  - 4.31s  --------    0  Y   Y  1.00  4.45 1.00 -  |   476.5    435.9  0.00 | -1.0  0.0 0   0   0  0  0  0
  - 4.19s  --------    0  Y   Y  1.00  4.54 1.00 -  |   476.3    435.9  0.00 | -1.0  0.0 0   0   0  0  0  0
  - 4.08s  --------    0  Y   Y  1.00  4.67 1.00 -  |   475.7    436.0  0.00 | -1.0  0.0 0   0   0  0  1  0
  - 3.98s  --------    0  Y   Y  1.00  4.78 1.00 -  |   475.0    436.1  0.00 | -1.0  0.0 0   0   0  0  1  0
  - 3.87s  --------    0  Y   Y  1.00  4.88 1.00 -  |   474.3    436.1  0.00 | -1.0  0.0 0   0   0  0  1  0
  - 3.77s  --------    0  Y   Y  1.00  4.98 1.00 -  |   473.6    436.2  0.00 | -1.0  0.0 0   0   0  0  1  0
  - 3.67s  --------    0  Y   Y  1.00  5.08 1.00 -  |   472.8    436.3  0.00 | -1.0  0.0 0   0   0  0  1  0
  - 3.57s  --------    0  Y   Y  1.00  5.19 1.00 -  |   472.4    436.4  0.00 |  1.0  0.0 0   0   0  0  1  0
  - 3.46s  --------    0  Y   Y  1.00  5.29 1.00 -  |   473.1    436.3  0.00 |  1.0  0.0 0   0   0  0  1  0
  - 3.36s  --------    0  Y   Y  1.00  5.40 1.00 -  |   473.8    436.2  0.00 |  1.0  0.0 0   0   0  0  1  0
  - 3.26s  --------    0  Y   Y  1.00  5.50 1.00 -  |   474.5    436.1  0.00 |  1.0  0.0 0   0   0  0  1  0
  - 3.15s  --------    0  Y   Y  1.00  5.60 1.00 -  |   475.2    436.1  0.00 |  1.0  0.0 0   0   0  0  1  0
  - 3.05s  --------    0  Y   Y  1.00  5.70 1.00 -  |   475.9    436.0  0.00 |  1.0  0.0 0   0   0  0  1  0
  - 2.95s  -----R--    0  Y   Y  1.00  5.80 1.00 -  |   476.7    435.9  0.00 |  1.0  0.0 0   0   0  0  1  0
  - 2.85s  -----R--    0  Y   Y  1.00  0.08 1.00 -  |   476.7    435.9  0.00 |  1.0  0.0 0   0   0  0  1  0
  - 2.75s  -----R--    0  Y   Y  1.00  0.12 1.00 -  |   476.7    435.9  0.00 |  1.0  0.0 0   0   0  0  1  0
  - 2.65s  -----R--    0  Y   Y  1.00  0.16 1.00 -  |   476.7    435.9  0.00 |  1.0  0.0 0   0   0  0  1  0
  - 2.54s  -----R--    0  Y   Y  1.00  0.20 1.00 -  |   476.7    435.9  0.00 |  1.0  0.0 0   0   0  0  1  0
  - 2.44s  -----R--    0  Y   Y  1.00  0.24 1.00 -  |   476.7    435.9  0.00 |  1.0  0.0 0   0   0  0  1  0
  - 2.34s  -----R--    0  Y   Y  1.00  0.28 1.00 -  |   476.7    435.9  0.00 |  1.0  0.0 0   0   0  0  1  0
  - 2.24s  -----R--    0  Y   Y  1.00  0.32 1.00 -  |   476.7    435.9  0.00 |  1.0  0.0 0   0   0  0  1  0
  - 2.13s  -----R--    0  Y   Y  1.00  0.36 1.00 -  |   476.7    435.9  0.00 |  1.0  0.0 0   0   0  0  1  0
  - 2.03s  -----R--    0  Y   Y  1.00  0.40 1.00 -  |   476.7    435.9  0.00 |  1.0  0.0 0   0   0  0  1  0
  - 1.93s  -----R--    0  Y   Y  1.00  0.44 1.00 -  |   476.7    435.9  0.00 |  1.0  0.0 0   0   0  0  1  0
  - 1.82s  -----R--    0  Y   Y  1.00  0.48 1.00 -  |   476.7    435.9  0.00 |  1.0  0.0 0   0   0  0  1  0
  - 1.71s  -----R--    0  Y   Y  1.00  0.53 1.00 -  |   476.7    435.9  0.00 |  1.0  0.0 0   0   0  0  1  0
  - 1.61s  -----R--    0  Y   Y  1.00  0.57 1.00 -  |   476.7    435.9  0.00 |  1.0  0.0 0   0   0  0  1  0
  - 1.51s  -----R--    0  Y   Y  1.00  0.61 1.00 -  |   476.7    435.9  0.00 |  1.0  0.0 0   0   0  0  1  0
  - 1.40s  -----R--    0  Y   Y  1.00  0.65 1.00 -  |   476.7    435.9  0.00 |  1.0  0.0 0   0   0  0  1  0
  - 1.30s  -----R--    0  Y   Y  1.00  0.69 1.00 -  |   476.7    435.9  0.00 |  1.0  0.0 0   0   0  0  1  0
  - 1.19s  -----R--    0  Y   Y  1.00  0.73 1.00 -  |   476.7    435.9  0.00 |  1.0  0.0 0   0   0  0  0  0
  - 1.09s  --------    0  Y   Y  1.00  0.77 1.00 T  |   476.8    435.9  0.00 |  1.0  0.0 0   0   0  0  0  0
  - 0.99s  --------    0  Y   Y  1.00  0.17 1.00 -  |   477.0    435.9  0.00 |  1.0  0.0 0   0   0  0  0  0
  - 0.88s  --------    0  Y   Y  1.00  0.27 1.00 -  |   477.2    435.9  0.00 |  1.0  0.0 0   0   0  0  0  0
  - 0.78s  --------    0  Y   Y  1.00  0.38 1.00 -  |   477.4    435.9  0.00 |  1.0  0.0 0   0   0  0  0  0
  - 0.68s  --------    0  Y   Y  1.00  0.48 1.00 -  |   477.6    435.9  0.00 |  1.0  0.0 0   0   0  0  0  0
  - 0.58s  --------    0  Y   Y  1.00  0.58 1.00 -  |   477.8    435.9  0.00 |  1.0  0.0 0   0   0  0  0  0
  - 0.47s  --------    0  Y   Y  1.00  0.69 1.00 -  |   478.0    435.9  0.00 |  1.0  0.0 0   0   0  0  0  0
  - 0.37s  --------    0  Y   Y  1.00  0.79 1.00 -  |   478.5    435.9  0.00 |  1.0  0.0 0   0   0  0  1  0
  - 0.27s  --------    0  Y   Y  1.00  0.89 1.00 -  |   479.4    435.9  0.00 |  1.0  0.0 0   0   0  0  1  0
  - 0.17s  --------    0  Y   Y  1.00  0.99 1.00 -  |   480.1    435.9  0.00 |  1.0  0.0 0   0   0  0  1  0
  - 0.07s  --------    0  Y   Y  1.00  1.09 1.00 -  |   480.8    435.9  0.00 |  1.0  0.0 0   0   0  0  1  0
=========================================================== END

[  6815   35.888 x1.00] LOG  [OniBoss] Playing animation: Watch
[  6815   35.888 x1.00] LOG  [OniBoss] Chase → Attack
[  6815   35.888 x1.00] LOG  [OniBoss] Attack: ClubSwing2 (16 dmg)
[  6815   35.888 x1.00] LOG  [OniBoss:Trail] ClubSwing2 trail START at clip 1.00 (transition done).
[  6885   36.255 x1.00] LOG  [CameraGameFeel] Shake: intensity=0.20 duration=0.250s
[  6885   36.255 x1.00] LOG  [HitReactTrace] 4-leg LIGHT hit at 10.07 m/s (running threshold 3.00) → RUNNING reaction.
[  6885   36.255 x1.00] LOG  [Combat] Hit react: HitReact_Running_4Leg (0.5s)
[  6885   36.255 x1.00] LOG  [HitReactTrace] asked for 'HitReact_Running_4Leg' (0.50s) — blend resolved after 0 ms, now playing a clip 1.00s long at speed 1.00, layer weight 1.00, animator.speed 1.00.
[  6885   36.255 x1.00] LOG  [CameraGameFeel] Shake: intensity=0.30 duration=0.200s
[  6885   36.255 x1.00] LOG  [CameraGameFeel] FOV punch: player damage (-2.0°)
[  6885   36.255 x1.00] LOG  [OniBoss] Hit player for 16 (ClubSwing2)
[  6885   36.255 x1.00] LOG  [OniBoss:Touch] ClubSwing2: club TOUCHED Yoru at clip 0.31 — shaft 0.29m from her body line, tip speed 108m/s, ONE FRAME EARLY (predicted). Full club hit delivered this frame.
[  6887   36.268 x1.00] LOG  [OniBoss:ClubPos] ClubSwing2 at strike: club tip 0.10m up, 1.78m in front, 2.45m to his right (3.03m out from his centre). Club faces 6deg from his forward, pitch -0.88. (the ground wave is born 1.6m in front of him at 0.35m.)
[  6887   36.268 x1.00] LOG  [OniBoss:Layer] ClubSwing2: club already hit — ground wave released as VISUAL only (0 damage).
[  7045   37.051 x1.00] LOG  [OniBoss] Attack → Recovery
[  7045   37.051 x1.00] LOG  [OniBoss] Playing animation: Watch
[  7045   37.051 x1.00] LOG  [OniBoss:Trail] trail END at clip 0.99, fading over 0.40s.
[  7045   37.051 x1.00] LOG  [OniBoss:Strike] ClubSwing2: club tip closest to Yoru at 0.81m, clip position 0.71 | damage fires at 0.32 | clip 1.17s => damage fires 457 ms BEFORE the club is closest
[  7074   37.208 x1.00] LOG  [OniBoss] Recovery → Chase
[  7075   37.217 x1.00] LOG  [OniBoss] hold-ground: BACKSTEP 1.5m (player 3.6m)
[  7094   37.317 x1.00] LOG  [OniBoss] hold-ground: backstep done (0.16m), WATCH (player 4.3m, cooldown 1.7s)
[  7094   37.317 x1.00] LOG  [OniBoss] Playing animation: Idle
[  7095   37.325 x1.00] LOG  [OniBoss] Playing animation: Walk
[  7112   37.394 x1.00] LOG  [OniBoss] Playing animation: run
[  7192   37.808 x1.00] LOG  [OniBoss] Playing animation: Watch
[  7408   38.896 x1.00] LOG  [OniBoss] Playing animation: run
[  7430   39.012 x1.00] LOG  [OniBoss] Pull-band decision: RUN-IN (dist 5.4m, pullRange 0m, chance 0.50)
[  7519   39.471 x1.00] LOG  
==================== [FREEZE-DEBUG v3] ====================
  Reason : WASD-NOMOVE: WASD recent + speed 0.00m/s for 0.40s
  Time   : 36.545s   Frame: 7519   Snaps: 60
===========================================================

--- CURRENT STATE ---
  Flags: atk=False hvy=False dod=False dsh=False
         grd=False hit=False aerial=False lockPos=False
         comboStep=0
  Anim : speed=1.00  combatLayer hash=-792875657 normT=2.707 weight=1.00 inTransition=False
  CC   : grounded=True  enabled=True  pos=(485.99, -0.02, 434.73)  vel=(0.00, 0.00, 0.00)
  Move : IsRunning=True
  Input: H=0.00 V=-1.00  LMB=False MMB=False Q=False Sp=False Sh=True C=False
         WASD pressed in last 0.5s: True (last 0.00s ago)

--- FLIGHT RECORDER (60 snapshots, oldest first, dt=0.10s) ---
  Legend: flags = A(tk) H(vy) D(od) S(sh) G(rd) R(eact) Y(aerial) L(ock)   gnd/cc: Y/n
  t-now    flags     step gnd cc anSp normT layW tr | posX     posZ     spd   | H    V    LMB MMB Q  Sp Sh C
  ------   --------  ---- --- -- ---- ----- ---- -- | -----    -----    ----  | ---- ---- --- --- -- -- -- -
  - 6.16s  -----R--    0  Y   Y  1.00  0.36 1.00 -  |   476.7    435.9  0.00 |  1.0  0.0 0   0   0  0  1  0
  - 6.05s  -----R--    0  Y   Y  1.00  0.40 1.00 -  |   476.7    435.9  0.00 |  1.0  0.0 0   0   0  0  1  0
  - 5.95s  -----R--    0  Y   Y  1.00  0.44 1.00 -  |   476.7    435.9  0.00 |  1.0  0.0 0   0   0  0  1  0
  - 5.84s  -----R--    0  Y   Y  1.00  0.48 1.00 -  |   476.7    435.9  0.00 |  1.0  0.0 0   0   0  0  1  0
  - 5.73s  -----R--    0  Y   Y  1.00  0.53 1.00 -  |   476.7    435.9  0.00 |  1.0  0.0 0   0   0  0  1  0
  - 5.63s  -----R--    0  Y   Y  1.00  0.57 1.00 -  |   476.7    435.9  0.00 |  1.0  0.0 0   0   0  0  1  0
  - 5.53s  -----R--    0  Y   Y  1.00  0.61 1.00 -  |   476.7    435.9  0.00 |  1.0  0.0 0   0   0  0  1  0
  - 5.43s  -----R--    0  Y   Y  1.00  0.65 1.00 -  |   476.7    435.9  0.00 |  1.0  0.0 0   0   0  0  1  0
  - 5.32s  -----R--    0  Y   Y  1.00  0.69 1.00 -  |   476.7    435.9  0.00 |  1.0  0.0 0   0   0  0  1  0
  - 5.22s  -----R--    0  Y   Y  1.00  0.73 1.00 -  |   476.7    435.9  0.00 |  1.0  0.0 0   0   0  0  0  0
  - 5.12s  --------    0  Y   Y  1.00  0.77 1.00 T  |   476.8    435.9  0.00 |  1.0  0.0 0   0   0  0  0  0
  - 5.01s  --------    0  Y   Y  1.00  0.17 1.00 -  |   477.0    435.9  0.00 |  1.0  0.0 0   0   0  0  0  0
  - 4.91s  --------    0  Y   Y  1.00  0.27 1.00 -  |   477.2    435.9  0.00 |  1.0  0.0 0   0   0  0  0  0
  - 4.81s  --------    0  Y   Y  1.00  0.38 1.00 -  |   477.4    435.9  0.00 |  1.0  0.0 0   0   0  0  0  0
  - 4.70s  --------    0  Y   Y  1.00  0.48 1.00 -  |   477.6    435.9  0.00 |  1.0  0.0 0   0   0  0  0  0
  - 4.60s  --------    0  Y   Y  1.00  0.58 1.00 -  |   477.8    435.9  0.00 |  1.0  0.0 0   0   0  0  0  0
  - 4.50s  --------    0  Y   Y  1.00  0.69 1.00 -  |   478.0    435.9  0.00 |  1.0  0.0 0   0   0  0  0  0
  - 4.40s  --------    0  Y   Y  1.00  0.79 1.00 -  |   478.5    435.9  0.00 |  1.0  0.0 0   0   0  0  1  0
  - 4.29s  --------    0  Y   Y  1.00  0.89 1.00 -  |   479.4    435.9  0.00 |  1.0  0.0 0   0   0  0  1  0
  - 4.19s  --------    0  Y   Y  1.00  0.99 1.00 -  |   480.1    435.9  0.00 |  1.0  0.0 0   0   0  0  1  0
  - 4.09s  --------    0  Y   Y  1.00  1.09 1.00 -  |   480.8    435.9  0.00 |  1.0  0.0 0   0   0  0  1  0
  - 3.99s  --------    0  Y   Y  1.00  1.19 1.00 -  |   481.5    435.9  0.00 |  1.0  0.0 0   0   0  0  1  0
  - 3.88s  --------    0  Y   Y  1.00  1.30 1.00 -  |   482.2    435.9  0.00 |  1.0  0.0 0   0   0  0  1  0
  - 3.78s  --------    0  Y   Y  1.00  1.40 1.00 -  |   482.6    435.9  0.00 | -1.0  0.0 0   0   0  0  1  0
  - 3.68s  --------    0  Y   Y  1.00  1.50 1.00 -  |   481.9    435.9  0.00 | -1.0  0.0 0   0   0  0  1  0
  - 3.58s  --------    0  Y   Y  1.00  1.61 1.00 -  |   481.2    435.9  0.00 | -1.0  0.0 0   0   0  0  1  0
  - 3.48s  --------    0  Y   Y  1.00  1.71 1.00 -  |   480.4    435.9  0.00 | -1.0  0.0 0   0   0  0  1  0
  - 3.37s  --------    0  Y   Y  1.00  1.81 1.00 -  |   479.7    435.9  0.00 | -1.0  0.0 0   0   0  0  1  0
  - 3.27s  --------    0  Y   Y  1.00  1.92 1.00 -  |   479.0    435.8  0.00 | -1.0  0.0 0   0   0  0  1  0
  - 3.16s  -----R--    0  Y   Y  1.00  0.22 1.00 -  |   478.6    435.7  0.00 | -1.0  0.0 0   0   0  0  1  0
  - 3.06s  -----R--    0  Y   Y  1.00  0.38 1.00 -  |   478.6    435.7  0.00 | -1.0  0.0 0   0   0  0  1  0
  - 2.95s  -----R--    0  Y   Y  1.00  0.55 1.00 -  |   478.6    435.7  0.00 | -1.0  0.0 0   0   0  0  1  0
  - 2.85s  -----R--    0  Y   Y  1.00  0.71 1.00 -  |   478.6    435.7  0.00 | -1.0  0.0 0   0   0  0  1  0
  - 2.75s  -----R--    0  Y   Y  1.00  0.87 1.00 -  |   478.6    435.7  0.00 | -1.0  0.0 0   0   0  0  1  0
  - 2.64s  --------    0  Y   Y  1.00  1.04 1.00 T  |   478.2    435.7  0.00 | -1.0  0.0 0   0   0  0  1  0
  - 2.54s  --------    0  Y   Y  1.00  0.17 1.00 -  |   477.5    435.7  0.00 | -1.0  0.0 0   0   0  0  1  0
  - 2.43s  --------    0  Y   Y  1.00  0.27 1.00 -  |   476.6    435.8  0.00 | -1.0  0.0 0   0   0  0  1  0
  - 2.33s  --------    0  Y   Y  1.00  0.37 1.00 -  |   475.9    435.8  0.00 | -1.0  0.0 0   0   0  0  1  0
  - 2.23s  --------    0  Y   Y  1.00  0.48 1.00 -  |   475.2    435.8  0.00 | -1.0  0.0 0   0   0  0  1  0
  - 2.13s  --------    0  Y   Y  1.00  0.58 1.00 -  |   474.5    435.8  0.00 | -1.0  0.0 0   0   0  0  1  0
  - 2.03s  --------    0  Y   Y  1.00  0.68 1.00 -  |   473.8    435.8  0.00 | -1.0  0.0 0   0   0  0  1  0
  - 1.93s  --------    0  Y   Y  1.00  0.78 1.00 -  |   473.1    435.8  0.00 |  0.0  0.0 0   0   0  0  1  0
  - 1.82s  --------    0  Y   Y  1.00  0.88 1.00 -  |   473.6    435.8  0.00 |  1.0  0.0 0   0   0  0  1  0
  - 1.72s  --------    0  Y   Y  1.00  0.98 1.00 -  |   474.3    435.8  0.00 |  1.0  0.0 0   0   0  0  1  0
  - 1.62s  --------    0  Y   Y  1.00  1.08 1.00 -  |   475.0    435.8  0.00 |  1.0  0.0 0   0   0  0  1  0
  - 1.52s  --------    0  Y   Y  1.00  1.19 1.00 -  |   475.8    435.8  0.00 |  1.0  0.0 0   0   0  0  1  0
  - 1.41s  --------    0  Y   Y  1.00  1.30 1.00 -  |   476.5    435.8  0.00 |  1.0  0.0 0   0   0  0  1  0
  - 1.31s  --------    0  Y   Y  1.00  1.40 1.00 -  |   477.1    435.5  0.00 |  1.0  0.0 0   0   0  0  1  0
  - 1.21s  --------    0  Y   Y  1.00  1.50 1.00 -  |   477.8    435.4  0.00 |  1.0  0.0 0   0   0  0  1  0
  - 1.11s  --------    0  Y   Y  1.00  1.60 1.00 -  |   478.5    435.4  0.00 |  1.0  0.0 0   0   0  0  1  0
  - 1.00s  --------    0  Y   Y  1.00  1.70 1.00 -  |   479.2    435.4  0.00 |  1.0  0.0 0   0   0  0  1  0
  - 0.90s  --------    0  Y   Y  1.00  1.81 1.00 -  |   479.9    435.4  0.00 |  1.0  0.0 0   0   0  0  1  0
  - 0.80s  --------    0  Y   Y  1.00  1.91 1.00 -  |   480.6    435.4  0.00 |  1.0  0.0 0   0   0  0  1  0
  - 0.70s  --------    0  Y   Y  1.00  2.01 1.00 -  |   481.3    435.4  0.00 |  1.0  0.0 0   0   0  0  1  0
  - 0.60s  --------    0  Y   Y  1.00  2.11 1.00 -  |   482.0    435.3  0.00 |  1.0  0.0 0   0   0  0  1  0
  - 0.49s  --------    0  Y   Y  1.00  2.21 1.00 -  |   482.8    435.3  0.00 |  1.0  0.0 0   0   0  0  1  0
  - 0.39s  --------    0  Y   Y  1.00  2.31 1.00 -  |   483.5    435.3  0.00 |  1.0  0.0 0   0   0  0  1  0
  - 0.29s  --------    0  Y   Y  1.00  2.41 1.00 -  |   484.2    435.3  0.00 |  1.0  0.0 0   0   0  0  1  0
  - 0.19s  --------    0  Y   Y  1.00  2.52 1.00 -  |   484.9    435.3  0.00 |  1.0 -1.0 0   0   0  0  1  0
  - 0.09s  --------    0  Y   Y  1.00  2.62 1.00 -  |   485.6    435.1  0.00 |  0.0 -1.0 0   0   0  0  1  0
=========================================================== END

[  7775   40.774 x1.00] LOG  [OniBoss] Playing animation: Idle
[  7775   40.774 x1.00] LOG  [OniBoss] Chase → Attack
[  7775   40.774 x1.00] LOG  [OniBoss] Attack: ClubSwing2 (16 dmg)
[  7775   40.774 x1.00] LOG  [OniBoss:Trail] ClubSwing2 trail START at clip 1.00 (transition done).
[  7806   40.952 x1.00] LOG  [OniBoss:Layer] step-in: 'ClubSwing2' closed 0.88m, Yoru now 3.0m away (range 3.5)
[  7810   40.967 x1.00] LOG  [OniBoss:Layer] step-in: 'ClubSwing2' closed 0.95m, Yoru now 3.0m away (range 3.5)
[  7814   40.988 x1.00] LOG  [OniBoss:Layer] step-in: 'ClubSwing2' closed 1.02m, Yoru now 3.0m away (range 3.5)
[  7816   41.005 x1.00] LOG  [OniBoss:Layer] step-in: 'ClubSwing2' closed 1.10m, Yoru now 3.0m away (range 3.5)
[  7821   41.032 x1.00] LOG  [OniBoss:Layer] step-in: 'ClubSwing2' closed 1.19m, Yoru now 3.0m away (range 3.5)
[  7826   41.052 x1.00] LOG  [OniBoss:Layer] step-in: 'ClubSwing2' closed 1.27m, Yoru now 3.0m away (range 3.5)
[  7830   41.070 x1.00] LOG  [OniBoss:Layer] step-in: 'ClubSwing2' closed 1.36m, Yoru now 3.0m away (range 3.5)
[  7834   41.090 x1.00] LOG  [OniBoss:Layer] step-in: 'ClubSwing2' closed 1.46m, Yoru now 3.0m away (range 3.5)
[  7839   41.113 x1.00] LOG  [OniBoss:Layer] step-in: 'ClubSwing2' closed 1.56m, Yoru now 3.0m away (range 3.5)
[  7846   41.159 x1.00] LOG  [OniBoss:ClubPos] ClubSwing2 at strike: club tip 0.27m up, 1.46m in front, 2.82m to his right (3.18m out from his centre). Club faces 24deg from his forward, pitch -0.89. (the ground wave is born 1.6m in front of him at 0.35m.)
[  7846   41.159 x1.00] LOG  [OniBoss:Layer] ClubSwing2: club has not connected — ground wave released ARMED, 1.6m in front, 12m/s x 6.0m = 0.50s, carrying 8 (half of the club's 16).
[  7945   41.662 x1.00] LOG  [OniBoss:Wave] armed wave expired UNTOUCHED — closest 2.09m to Yoru (hit width 1.60), she was grounded at the closest moment.
[  8003   41.938 x1.00] LOG  [OniBoss] Attack → Recovery
[  8003   41.938 x1.00] LOG  [OniBoss] Playing animation: Watch
[  8003   41.938 x1.00] LOG  [OniBoss:Trail] trail END at clip 0.99, fading over 0.40s.
[  8003   41.938 x1.00] LOG  [OniBoss:Touch] ClubSwing2: no touch this swing — closest 0.72m at clip 0.31, fastest tip 111m/s (radius 0.70, min speed 50).
[  8003   41.938 x1.00] LOG  [OniBoss:Strike] ClubSwing2: club tip closest to Yoru at 1.20m, clip position 0.31 | damage fires at 0.32 | clip 1.17s => MATCHED (within one or two frames)
[  8033   42.092 x1.00] LOG  [OniBoss] Recovery → Chase
[  8034   42.096 x1.00] LOG  [OniBoss] Playing animation: run
[  8100   42.458 x1.00] LOG  [OniBoss] hold-ground: BACKSTEP 1.5m (player 3.4m)
[  8282   43.398 x1.00] LOG  [OniBoss] hold-ground: backstep done (1.50m), WATCH (player 3.9m, cooldown 0.5s)
[  8282   43.398 x1.00] LOG  [OniBoss] Playing animation: Idle
[  8302   43.508 x1.00] LOG  
==================== [FREEZE-DEBUG v3] ====================
  Reason : WASD-NOMOVE: WASD recent + speed 0.00m/s for 0.41s
  Time   : 40.582s   Frame: 8302   Snaps: 60
===========================================================

--- CURRENT STATE ---
  Flags: atk=False hvy=False dod=False dsh=False
         grd=False hit=False aerial=False lockPos=False
         comboStep=0
  Anim : speed=1.00  combatLayer hash=-792875657 normT=6.743 weight=1.00 inTransition=False
  CC   : grounded=True  enabled=True  pos=(482.57, 0.12, 429.26)  vel=(0.00, 0.00, 0.00)
  Move : IsRunning=True
  Input: H=-1.00 V=0.00  LMB=False MMB=False Q=False Sp=False Sh=True C=False
         WASD pressed in last 0.5s: True (last 0.00s ago)

--- FLIGHT RECORDER (60 snapshots, oldest first, dt=0.10s) ---
  Legend: flags = A(tk) H(vy) D(od) S(sh) G(rd) R(eact) Y(aerial) L(ock)   gnd/cc: Y/n
  t-now    flags     step gnd cc anSp normT layW tr | posX     posZ     spd   | H    V    LMB MMB Q  Sp Sh C
  ------   --------  ---- --- -- ---- ----- ---- -- | -----    -----    ----  | ---- ---- --- --- -- -- -- -
  - 6.06s  --------    0  Y   Y  1.00  0.68 1.00 -  |   473.8    435.8  0.00 | -1.0  0.0 0   0   0  0  1  0
  - 5.96s  --------    0  Y   Y  1.00  0.78 1.00 -  |   473.1    435.8  0.00 |  0.0  0.0 0   0   0  0  1  0
  - 5.86s  --------    0  Y   Y  1.00  0.88 1.00 -  |   473.6    435.8  0.00 |  1.0  0.0 0   0   0  0  1  0
  - 5.76s  --------    0  Y   Y  1.00  0.98 1.00 -  |   474.3    435.8  0.00 |  1.0  0.0 0   0   0  0  1  0
  - 5.66s  --------    0  Y   Y  1.00  1.08 1.00 -  |   475.0    435.8  0.00 |  1.0  0.0 0   0   0  0  1  0
  - 5.55s  --------    0  Y   Y  1.00  1.19 1.00 -  |   475.8    435.8  0.00 |  1.0  0.0 0   0   0  0  1  0
  - 5.45s  --------    0  Y   Y  1.00  1.30 1.00 -  |   476.5    435.8  0.00 |  1.0  0.0 0   0   0  0  1  0
  - 5.35s  --------    0  Y   Y  1.00  1.40 1.00 -  |   477.1    435.5  0.00 |  1.0  0.0 0   0   0  0  1  0
  - 5.25s  --------    0  Y   Y  1.00  1.50 1.00 -  |   477.8    435.4  0.00 |  1.0  0.0 0   0   0  0  1  0
  - 5.14s  --------    0  Y   Y  1.00  1.60 1.00 -  |   478.5    435.4  0.00 |  1.0  0.0 0   0   0  0  1  0
  - 5.04s  --------    0  Y   Y  1.00  1.70 1.00 -  |   479.2    435.4  0.00 |  1.0  0.0 0   0   0  0  1  0
  - 4.94s  --------    0  Y   Y  1.00  1.81 1.00 -  |   479.9    435.4  0.00 |  1.0  0.0 0   0   0  0  1  0
  - 4.84s  --------    0  Y   Y  1.00  1.91 1.00 -  |   480.6    435.4  0.00 |  1.0  0.0 0   0   0  0  1  0
  - 4.74s  --------    0  Y   Y  1.00  2.01 1.00 -  |   481.3    435.4  0.00 |  1.0  0.0 0   0   0  0  1  0
  - 4.63s  --------    0  Y   Y  1.00  2.11 1.00 -  |   482.0    435.3  0.00 |  1.0  0.0 0   0   0  0  1  0
  - 4.53s  --------    0  Y   Y  1.00  2.21 1.00 -  |   482.8    435.3  0.00 |  1.0  0.0 0   0   0  0  1  0
  - 4.43s  --------    0  Y   Y  1.00  2.31 1.00 -  |   483.5    435.3  0.00 |  1.0  0.0 0   0   0  0  1  0
  - 4.33s  --------    0  Y   Y  1.00  2.41 1.00 -  |   484.2    435.3  0.00 |  1.0  0.0 0   0   0  0  1  0
  - 4.23s  --------    0  Y   Y  1.00  2.52 1.00 -  |   484.9    435.3  0.00 |  1.0 -1.0 0   0   0  0  1  0
  - 4.13s  --------    0  Y   Y  1.00  2.62 1.00 -  |   485.6    435.1  0.00 |  0.0 -1.0 0   0   0  0  1  0
  - 4.02s  --------    0  Y   Y  1.00  2.72 1.00 -  |   486.1    434.6  0.00 |  0.0 -1.0 0   0   0  0  1  0
  - 3.92s  --------    0  Y   Y  1.00  2.83 1.00 -  |   486.4    434.0  0.00 |  0.0 -1.0 0   0   0  0  1  0
  - 3.81s  --------    0  Y   Y  1.00  2.93 1.00 -  |   486.4    433.2  0.00 |  0.0 -1.0 0   0   0  0  1  0
  - 3.71s  --------    0  Y   Y  1.00  3.04 1.00 -  |   486.4    432.5  0.00 |  0.0 -1.0 0   0   0  0  1  0
  - 3.61s  --------    0  Y   Y  1.00  3.14 1.00 -  |   486.4    431.8  0.00 |  0.0 -1.0 0   0   0  0  1  0
  - 3.50s  --------    0  Y   Y  1.00  3.24 1.00 -  |   486.4    431.1  0.00 | -1.0 -1.0 0   0   0  0  1  0
  - 3.40s  --------    0  Y   Y  1.00  3.35 1.00 -  |   486.2    430.4  0.00 | -1.0 -1.0 0   0   0  0  1  0
  - 3.29s  --------    0  Y   Y  1.00  3.45 1.00 -  |   485.7    429.7  0.00 | -1.0  0.0 0   0   0  0  1  0
  - 3.19s  --------    0  Y   Y  1.00  3.55 1.00 -  |   485.1    429.4  0.00 | -1.0  0.0 0   0   0  0  1  0
  - 3.09s  --------    0  Y   Y  1.00  3.65 1.00 -  |   484.4    429.2  0.00 | -1.0  0.0 0   0   0  0  1  0
  - 2.99s  --------    0  Y   Y  1.00  3.76 1.00 -  |   483.7    429.2  0.00 | -1.0  0.0 0   0   0  0  1  0
  - 2.88s  --------    0  Y   Y  1.00  3.86 1.00 -  |   483.0    429.3  0.00 | -1.0  0.0 0   0   0  0  1  0
  - 2.78s  --------    0  Y   Y  1.00  3.96 1.00 -  |   482.3    429.3  0.00 | -1.0  0.0 0   0   0  0  1  0
  - 2.68s  --------    0  Y   Y  1.00  4.06 1.00 -  |   481.6    429.3  0.00 | -1.0  0.0 0   0   0  0  1  0
  - 2.58s  --------    0  Y   Y  1.00  4.16 1.00 -  |   480.9    429.3  0.00 | -1.0  0.0 0   0   0  0  1  0
  - 2.48s  --------    0  Y   Y  1.00  4.26 1.00 -  |   480.2    429.3  0.00 | -1.0  0.0 0   0   0  0  1  0
  - 2.37s  --------    0  Y   Y  1.00  4.37 1.00 -  |   479.4    429.3  0.00 | -1.0  0.0 0   0   0  0  1  0
  - 2.27s  --------    0  Y   Y  1.00  4.47 1.00 -  |   478.7    429.3  0.00 | -1.0  0.0 0   0   0  0  1  0
  - 2.17s  --------    0  Y   Y  1.00  4.58 1.00 -  |   478.0    429.3  0.00 | -1.0  0.0 0   0   0  0  1  0
  - 2.06s  --------    0  Y   Y  1.00  4.68 1.00 -  |   477.3    429.3  0.00 | -1.0  0.0 0   0   0  0  1  0
  - 1.96s  --------    0  Y   Y  1.00  4.79 1.00 -  |   476.6    429.4  0.00 | -1.0  0.0 0   0   0  0  1  0
  - 1.85s  --------    0  Y   Y  1.00  4.89 1.00 -  |   475.7    429.4  0.00 | -1.0  0.0 0   0   0  0  1  0
  - 1.75s  --------    0  Y   Y  1.00  4.99 1.00 -  |   475.0    429.4  0.00 | -1.0  0.0 0   0   0  0  1  0
  - 1.65s  --------    0  Y   Y  1.00  5.10 1.00 -  |   474.3    429.4  0.00 |  1.0  0.0 0   0   0  0  1  0
  - 1.55s  --------    0  Y   Y  1.00  5.20 1.00 -  |   474.9    429.4  0.00 |  1.0  0.0 0   0   0  0  1  0
  - 1.44s  --------    0  Y   Y  1.00  5.30 1.00 -  |   475.6    429.4  0.00 |  1.0  0.0 0   0   0  0  1  0
  - 1.34s  --------    0  Y   Y  1.00  5.41 1.00 -  |   476.3    429.4  0.00 |  1.0  0.0 0   0   0  0  1  0
  - 1.23s  --------    0  Y   Y  1.00  5.51 1.00 -  |   477.1    429.3  0.00 |  1.0  0.0 0   0   0  0  1  0
  - 1.13s  --------    0  Y   Y  1.00  5.62 1.00 -  |   477.8    429.3  0.00 |  1.0  0.0 0   0   0  0  1  0
  - 1.03s  --------    0  Y   Y  1.00  5.72 1.00 -  |   478.5    429.3  0.00 |  1.0  0.0 0   0   0  0  1  0
  - 0.92s  --------    0  Y   Y  1.00  5.82 1.00 -  |   479.2    429.3  0.00 |  1.0  0.0 0   0   0  0  1  0
  - 0.82s  --------    0  Y   Y  1.00  5.93 1.00 -  |   479.9    429.3  0.00 |  1.0  0.0 0   0   0  0  1  0
  - 0.72s  --------    0  Y   Y  1.00  6.03 1.00 -  |   480.6    429.3  0.00 |  1.0  0.0 0   0   0  0  1  0
  - 0.61s  --------    0  Y   Y  1.00  6.13 1.00 -  |   481.5    429.3  0.00 |  1.0  0.0 0   0   0  0  1  0
  - 0.51s  --------    0  Y   Y  1.00  6.23 1.00 -  |   482.2    429.3  0.00 |  1.0  0.0 0   0   0  0  1  0
  - 0.41s  --------    0  Y   Y  1.00  6.33 1.00 -  |   482.9    429.3  0.00 |  1.0  0.0 0   0   0  0  1  0
  - 0.31s  --------    0  Y   Y  1.00  6.44 1.00 -  |   483.6    429.2  0.00 |  0.0  0.0 0   0   0  0  1  0
  - 0.20s  --------    0  Y   Y  1.00  6.54 1.00 -  |   484.0    429.2  0.00 | -1.0  0.0 0   0   0  0  1  0
  - 0.10s  --------    0  Y   Y  1.00  6.64 1.00 -  |   483.3    429.2  0.00 | -1.0  0.0 0   0   0  0  1  0
  - 0.00s  --------    0  Y   Y  1.00  6.74 1.00 -  |   482.6    429.3  0.00 | -1.0  0.0 0   0   0  0  1  0
=========================================================== END

[  8374   43.897 x1.00] LOG  [OniBoss] Combo started: ClubSwing1 → ClubSwing2 → ClubSlam (3 steps remaining)
[  8374   43.897 x1.00] LOG  [OniBoss] Chase → Attack
[  8374   43.897 x1.00] LOG  [OniBoss] Attack: Club_Swing (16 dmg)
[  8374   43.897 x1.00] LOG  [OniBoss:Trail] Club_Swing trail START at clip 0.32 (transition done).
[  8398   44.018 x1.00] LOG  [OniBoss:Layer] step-in: 'Club_Swing' closed 0.02m, Yoru now 3.0m away (range 3.5)
[  8402   44.047 x1.00] LOG  [OniBoss:Layer] step-in: 'Club_Swing' closed 0.08m, Yoru now 3.0m away (range 3.5)
[  8404   44.062 x1.00] LOG  [OniBoss:Layer] step-in: 'Club_Swing' closed 0.13m, Yoru now 3.0m away (range 3.5)
[  8407   44.078 x1.00] LOG  [OniBoss:Layer] step-in: 'Club_Swing' closed 0.15m, Yoru now 3.0m away (range 3.5)
[  8411   44.100 x1.00] LOG  [OniBoss:Layer] step-in: 'Club_Swing' closed 0.17m, Yoru now 3.0m away (range 3.5)
[  8416   44.119 x1.00] LOG  [OniBoss:Layer] step-in: 'Club_Swing' closed 0.19m, Yoru now 3.0m away (range 3.5)
[  8420   44.135 x1.00] LOG  [OniBoss:Layer] step-in: 'Club_Swing' closed 0.21m, Yoru now 3.0m away (range 3.5)
[  8439   44.237 x1.00] LOG  [CameraGameFeel] Shake: intensity=0.20 duration=0.250s
[  8439   44.237 x1.00] LOG  [HitReactTrace] 4-leg LIGHT hit at 17.65 m/s (running threshold 3.00) → RUNNING reaction.
[  8439   44.237 x1.00] LOG  [Combat] Hit react: HitReact_Running_4Leg (0.5s)
[  8439   44.237 x1.00] LOG  [HitReactTrace] asked for 'HitReact_Running_4Leg' (0.50s) — blend resolved after 0 ms, now playing a clip 1.00s long at speed 1.00, layer weight 1.00, animator.speed 1.00.
[  8439   44.237 x1.00] LOG  [CameraGameFeel] Shake: intensity=0.30 duration=0.200s
[  8439   44.237 x1.00] LOG  [CameraGameFeel] FOV punch: player damage (-2.0°)
[  8439   44.237 x1.00] LOG  [OniBoss] Hit player for 16 (Club_Swing)
[  8439   44.237 x1.00] LOG  [OniBoss:Touch] Club_Swing: club TOUCHED Yoru at clip 0.41 — shaft 0.64m from her body line, tip speed 155m/s. Full club hit delivered this frame.
[  8443   44.258 x1.00] LOG  [OniBoss:ClubPos] Club_Swing at strike: club tip 3.02m up, 2.43m in front, -3.00m to his right (3.85m out from his centre). Club faces -84deg from his forward, pitch 0.41. (the ground wave is born 1.6m in front of him at 0.35m.)
[  8443   44.258 x1.00] LOG  [OniBoss:Layer] Club_Swing: club already hit — ground wave released as VISUAL only (0 damage).
[  8536   44.735 x1.00] LOG  [OniBoss] Attack → Recovery
[  8536   44.735 x1.00] LOG  [OniBoss] Playing animation: Watch
[  8536   44.735 x1.00] LOG  [OniBoss:Trail] trail END at clip 1.00, fading over 0.40s.
[  8536   44.735 x1.00] LOG  [OniBoss:Strike] Club_Swing: club tip closest to Yoru at 1.48m, clip position 0.89 | damage fires at 0.42 | clip 0.84s => damage fires 390 ms BEFORE the club is closest
[  8567   44.890 x1.00] LOG  [OniBoss] Recovery → Attack
[  8567   44.890 x1.00] LOG  [OniBoss] Attack: ClubSwing2 (16 dmg)
[  8567   44.890 x1.00] LOG  [OniBoss:Trail] ClubSwing2 trail START at clip 1.00 (transition still blending).
[  8636   45.252 x1.00] LOG  [CameraGameFeel] Shake: intensity=0.20 duration=0.250s
[  8636   45.252 x1.00] LOG  [Combat] Hit react: HitReact_Light_2Leg (0.5s)
[  8636   45.252 x1.00] LOG  [HitReactTrace] asked for 'HitReact_Light_2Leg' (0.50s) — blend resolved after 0 ms, now playing a clip 1.00s long at speed 1.00, layer weight 1.00, animator.speed 1.00.
[  8636   45.252 x1.00] LOG  [CameraGameFeel] Shake: intensity=0.30 duration=0.200s
[  8636   45.252 x1.00] LOG  [CameraGameFeel] FOV punch: player damage (-2.0°)
[  8636   45.252 x1.00] LOG  [OniBoss] Hit player for 20 (ClubSwing2) [combo x1.25]
[  8636   45.252 x1.00] LOG  [OniBoss:Touch] ClubSwing2: club TOUCHED Yoru at clip 0.31 — shaft 0.70m from her body line, tip speed 109m/s. Full club hit delivered this frame.
[  8639   45.279 x1.00] LOG  [OniBoss:ClubPos] ClubSwing2 at strike: club tip 0.29m up, 1.43m in front, 2.85m to his right (3.19m out from his centre). Club faces 26deg from his forward, pitch -0.89. (the ground wave is born 1.6m in front of him at 0.35m.)
[  8639   45.279 x1.00] LOG  [OniBoss:Layer] ClubSwing2: club already hit — ground wave released as VISUAL only (0 damage).
[  8786   46.051 x1.00] LOG  [OniBoss] Attack → Recovery
[  8786   46.051 x1.00] LOG  [OniBoss] Playing animation: Watch
[  8786   46.051 x1.00] LOG  [OniBoss:Trail] trail END at clip 0.99, fading over 0.40s.
[  8786   46.051 x1.00] LOG  [OniBoss:Strike] ClubSwing2: club tip closest to Yoru at 0.86m, clip position 0.75 | damage fires at 0.32 | clip 1.17s => damage fires 505 ms BEFORE the club is closest
[  8811   46.200 x1.00] LOG  [StormWeather] ⚡ strike at (476.76, 45.00, 444.21)
[  8812   46.209 x1.00] LOG  [OniBoss] Recovery → Attack
[  8812   46.209 x1.00] LOG  [OniBoss] Attack: ClubSlam (20 dmg)
[  8812   46.209 x1.00] LOG  [OniBoss:Trail] ClubSlam trail START at clip 1.00 (transition still blending).
[  8968   47.009 x1.00] LOG  [OniBoss:ClubPos] ClubSlam at strike: club tip 0.59m up, 2.90m in front, -0.23m to his right (2.91m out from his centre). Club faces 4deg from his forward, pitch -0.25. (the ground wave is born 1.6m in front of him at 0.35m.)
[  8968   47.009 x1.00] LOG  [OniBoss:Layer] ClubSlam: club has not connected — ground wave released ARMED, 1.6m in front, 12m/s x 12.0m = 1.00s, COMBO FINISHER: FULL 30 damage, x2.0 size, x2.0 travel.
[  8968   47.009 x1.00] LOG  [CameraGameFeel] Shake: intensity=0.50 duration=0.400s
[  8968   47.009 x1.00] LOG  [Combat] Hit react: HitReact_Heavy_2Leg (0.9s)
[  8968   47.009 x1.00] LOG  [HitReactTrace] asked for 'HitReact_Heavy_2Leg' (0.90s) — blend resolved after 0 ms, now playing a clip 1.00s long at speed 1.00, layer weight 1.00, animator.speed 1.00.
[  8968   47.009 x1.00] LOG  [CameraGameFeel] Shake: intensity=0.60 duration=0.200s
[  8968   47.009 x1.00] LOG  [CameraGameFeel] FOV punch: player damage (-3.0°)
[  8968   47.009 x1.00] LOG  [OniBoss] Hit player for 30 (ClubSlam) [combo x1.50]
[  8968   47.009 x1.00] LOG  [OniBoss:Touch] ClubSlam: club TOUCHED Yoru at clip 0.86 — shaft 0.44m from her body line, tip speed 58m/s. Full club hit delivered this frame. This swing's wave is disarmed and flies on as visual.
[  8991   47.130 x1.00] LOG  [OniBoss] Attack → Recovery
[  8991   47.130 x1.00] LOG  [OniBoss] Playing animation: Watch
[  8991   47.130 x1.00] LOG  [OniBoss:Trail] trail END at clip 0.99, fading over 0.40s.
[  8991   47.130 x1.00] LOG  [OniBoss:Strike] ClubSlam: club tip closest to Yoru at 0.45m, clip position 0.86 | damage fires at 0.85 | clip 0.93s => MATCHED (within one or two frames)
[  9021   47.284 x1.00] LOG  [OniBoss] Recovery → Chase
[  9022   47.288 x1.00] LOG  [OniBoss] hold-ground: BACKSTEP 1.5m (player 3.2m)
[  9146   47.975 x1.00] LOG  [OniBoss] hold-ground: backstep done (1.10m), WATCH (player 4.3m, cooldown 1.1s)
[  9146   47.975 x1.00] LOG  [OniBoss] Playing animation: Watch
[  9348   49.088 x1.00] LOG  [OniBoss] hold-ground: cooldown over, player 3.9m > 3.5m — APPROACH
[  9348   49.088 x1.00] LOG  [OniBoss] Playing animation: Walk
[  9367   49.184 x1.00] LOG  🚶 2-LEG JUMP
[  9367   49.184 x1.00] LOG  🐾 Jump 1 VFX spawned!
[  9377   49.242 x1.00] LOG  
==================== [FREEZE-DEBUG v3] ====================
  Reason : WASD-NOMOVE: WASD recent + speed 0.00m/s for 0.40s
  Time   : 46.316s   Frame: 9377   Snaps: 60
===========================================================

--- CURRENT STATE ---
  Flags: atk=False hvy=False dod=False dsh=False
         grd=False hit=False aerial=False lockPos=False
         comboStep=0
  Anim : speed=1.00  combatLayer hash=-792875657 normT=1.322 weight=1.00 inTransition=False
  CC   : grounded=False  enabled=True  pos=(481.58, 0.63, 429.56)  vel=(0.00, 6.85, 0.00)
  Move : IsRunning=False
  Input: H=0.00 V=0.00  LMB=False MMB=False Q=False Sp=True Sh=False C=False
         WASD pressed in last 0.5s: True (last 0.13s ago)

--- FLIGHT RECORDER (60 snapshots, oldest first, dt=0.10s) ---
  Legend: flags = A(tk) H(vy) D(od) S(sh) G(rd) R(eact) Y(aerial) L(ock)   gnd/cc: Y/n
  t-now    flags     step gnd cc anSp normT layW tr | posX     posZ     spd   | H    V    LMB MMB Q  Sp Sh C
  ------   --------  ---- --- -- ---- ----- ---- -- | -----    -----    ----  | ---- ---- --- --- -- -- -- -
  - 6.14s  --------    0  Y   Y  1.00  6.33 1.00 -  |   482.9    429.3  0.00 |  1.0  0.0 0   0   0  0  1  0
  - 6.04s  --------    0  Y   Y  1.00  6.44 1.00 -  |   483.6    429.2  0.00 |  0.0  0.0 0   0   0  0  1  0
  - 5.93s  --------    0  Y   Y  1.00  6.54 1.00 -  |   484.0    429.2  0.00 | -1.0  0.0 0   0   0  0  1  0
  - 5.83s  --------    0  Y   Y  1.00  6.64 1.00 -  |   483.3    429.2  0.00 | -1.0  0.0 0   0   0  0  1  0
  - 5.73s  --------    0  Y   Y  1.00  6.74 1.00 -  |   482.6    429.3  0.00 | -1.0  0.0 0   0   0  0  1  0
  - 5.63s  --------    0  Y   Y  1.00  6.85 1.00 -  |   481.9    429.3  0.00 | -1.0  0.0 0   0   0  0  1  0
  - 5.53s  --------    0  Y   Y  1.00  6.95 1.00 -  |   481.2    429.3  0.00 | -1.0  0.0 0   0   0  0  1  0
  - 5.43s  --------    0  Y   Y  1.00  7.05 1.00 -  |   480.5    429.3  0.00 |  1.0  0.0 0   0   0  0  1  0
  - 5.33s  --------    0  Y   Y  1.00  7.15 1.00 -  |   481.0    429.3  0.00 |  1.0  0.0 0   0   0  0  1  0
  - 5.22s  --------    0  Y   Y  1.00  7.25 1.00 -  |   481.7    429.3  0.00 |  1.0  0.0 0   0   0  0  1  0
  - 5.12s  --------    0  Y   Y  1.00  7.36 1.00 -  |   482.1    429.3  0.00 |  1.0  0.0 0   0   0  0  0  0
  - 5.02s  --------    0  Y   Y  1.00  7.46 1.00 -  |   482.3    429.3  0.00 | -1.0  0.0 0   0   0  0  0  0
  - 4.92s  -----R--    0  Y   Y  1.00  0.28 1.00 -  |   482.1    429.3  0.00 | -1.0  0.0 0   0   0  0  1  0
  - 4.82s  -----R--    0  Y   Y  1.00  0.44 1.00 -  |   482.1    429.3  0.00 | -1.0  0.0 0   0   0  0  1  0
  - 4.72s  -----R--    0  Y   Y  1.00  0.59 1.00 -  |   482.1    429.3  0.00 | -1.0  0.0 0   0   0  0  1  0
  - 4.62s  -----R--    0  Y   Y  1.00  0.75 1.00 -  |   482.1    429.3  0.00 | -1.0  0.0 0   0   0  0  1  0
  - 4.52s  -----R--    0  Y   Y  1.00  0.91 1.00 -  |   482.1    429.3  0.00 | -1.0  0.0 0   0   0  0  1  0
  - 4.41s  --------    0  Y   Y  1.00  1.08 1.00 T  |   481.6    429.3  0.00 | -1.0  0.0 0   0   0  0  1  0
  - 4.31s  --------    0  Y   Y  1.00  0.19 1.00 -  |   480.9    429.3  0.00 | -1.0  0.0 0   0   0  0  1  0
  - 4.21s  --------    0  Y   Y  1.00  0.29 1.00 -  |   480.2    429.3  0.00 | -1.0  0.0 0   0   0  0  1  0
  - 4.11s  --------    0  Y   Y  1.00  0.39 1.00 -  |   479.7    429.3  0.00 |  0.0  0.0 0   0   0  0  0  0
  - 4.00s  --------    0  Y   Y  1.00  0.49 1.00 -  |   479.4    429.3  0.00 |  0.0  0.0 0   0   0  0  0  0
  - 3.90s  -----R--    0  Y   Y  1.00  0.14 1.00 -  |   479.4    429.3  0.00 |  0.0  0.0 0   0   0  0  0  0
  - 3.80s  -----R--    0  Y   Y  1.00  0.23 1.00 -  |   479.4    429.3  0.00 |  1.0  0.0 0   0   0  0  0  0
  - 3.70s  -----R--    0  Y   Y  1.00  0.31 1.00 -  |   479.4    429.3  0.00 |  1.0  0.0 0   0   0  0  0  0
  - 3.59s  -----R--    0  Y   Y  1.00  0.40 1.00 -  |   479.4    429.3  0.00 |  1.0  0.0 0   0   0  0  0  0
  - 3.49s  -----R--    0  Y   Y  1.00  0.48 1.00 -  |   479.4    429.3  0.00 |  1.0  0.0 0   0   0  0  1  0
  - 3.39s  --------    0  Y   Y  1.00  0.57 1.00 T  |   479.9    429.3  0.00 |  1.0  0.0 0   0   0  0  1  0
  - 3.29s  --------    0  Y   Y  1.00  0.19 1.00 -  |   480.8    429.3  0.00 |  1.0  0.0 0   0   0  0  0  0
  - 3.19s  --------    0  Y   Y  1.00  0.30 1.00 -  |   481.0    429.3  0.00 |  1.0  0.0 0   0   0  0  0  0
  - 3.08s  --------    0  Y   Y  1.00  0.39 1.00 -  |   481.2    429.3  0.00 |  0.0  0.0 0   0   0  0  0  0
  - 2.98s  --------    0  Y   Y  1.00  0.50 1.00 -  |   481.4    429.3  0.00 |  0.0  0.0 0   0   0  0  0  0
  - 2.88s  --------    0  Y   Y  1.00  0.60 1.00 -  |   481.6    429.3  0.00 |  0.0  0.0 0   0   0  0  0  0
  - 2.78s  --------    0  Y   Y  1.00  0.70 1.00 -  |   481.6    429.3  0.00 |  0.0  0.0 0   0   0  0  0  0
  - 2.68s  --------    0  Y   Y  1.00  0.80 1.00 -  |   481.6    429.2  0.00 |  0.0 -1.0 0   0   0  0  0  0
  - 2.58s  --------    0  Y   Y  1.00  0.90 1.00 -  |   481.6    429.0  0.00 |  0.0  0.0 0   0   0  0  0  0
  - 2.48s  --------    0  Y   Y  1.00  1.00 1.00 -  |   481.6    428.8  0.00 |  0.0  0.0 0   0   0  0  0  0
  - 2.38s  --------    0  Y   Y  1.00  1.11 1.00 -  |   481.6    428.8  0.00 |  0.0  0.0 0   0   0  0  0  0
  - 2.27s  --------    0  Y   Y  1.00  1.21 1.00 -  |   481.6    428.8  0.00 |  0.0  0.0 0   0   0  0  0  0
  - 2.17s  -----R--    0  Y   Y  1.00  0.13 1.00 -  |   481.6    428.8  0.00 |  0.0  0.0 0   0   0  0  0  0
  - 2.07s  -----R--    0  Y   Y  1.00  0.21 1.00 -  |   481.6    428.8  0.00 |  0.0  0.0 0   0   0  0  0  0
  - 1.96s  -----R--    0  Y   Y  1.00  0.30 1.00 -  |   481.6    428.8  0.00 |  0.0  0.0 0   0   0  0  0  0
  - 1.86s  -----R--    0  Y   Y  1.00  0.39 1.00 -  |   481.6    428.8  0.00 |  0.0  0.0 0   0   0  0  0  0
  - 1.76s  -----R--    0  Y   Y  1.00  0.47 1.00 -  |   481.6    428.8  0.00 |  0.0  0.0 0   0   0  0  0  0
  - 1.65s  -----R--    0  Y   Y  1.00  0.55 1.00 -  |   481.6    428.8  0.00 |  0.0  0.0 0   0   0  0  0  0
  - 1.55s  -----R--    0  Y   Y  1.00  0.64 1.00 -  |   481.6    428.8  0.00 |  0.0  0.0 0   0   0  0  0  0
  - 1.45s  -----R--    0  Y   Y  1.00  0.72 1.00 -  |   481.6    428.8  0.00 |  0.0  0.0 0   0   0  0  0  0
  - 1.34s  -----R--    0  Y   Y  1.00  0.81 1.00 -  |   481.6    428.8  0.00 |  0.0  0.0 0   0   0  0  0  0
  - 1.24s  --------    0  Y   Y  1.00  0.90 1.00 T  |   481.6    428.8  0.00 |  0.0  0.0 0   0   0  0  0  0
  - 1.13s  --------    0  Y   Y  1.00  0.19 1.00 -  |   481.6    428.8  0.00 |  0.0  0.0 0   0   0  0  0  0
  - 1.03s  --------    0  Y   Y  1.00  0.30 1.00 -  |   481.6    428.8  0.00 |  0.0  0.0 0   0   0  0  0  0
  - 0.93s  --------    0  Y   Y  1.00  0.40 1.00 -  |   481.6    428.8  0.00 |  0.0  0.0 0   0   0  0  0  0
  - 0.82s  --------    0  Y   Y  1.00  0.50 1.00 -  |   481.6    428.8  0.00 |  0.0  0.0 0   0   0  0  0  0
  - 0.72s  --------    0  Y   Y  1.00  0.61 1.00 -  |   481.6    428.8  0.00 |  0.0  0.0 0   0   0  0  0  0
  - 0.61s  --------    0  Y   Y  1.00  0.70 1.00 -  |   481.6    428.8  0.00 |  0.0  0.0 0   0   0  0  0  0
  - 0.51s  --------    0  Y   Y  1.00  0.81 1.00 -  |   481.6    428.8  0.00 |  0.0  0.0 0   0   0  0  0  0
  - 0.41s  --------    0  Y   Y  1.00  0.92 1.00 -  |   481.6    428.8  0.00 |  0.0  0.0 0   0   0  0  0  0
  - 0.30s  --------    0  Y   Y  1.00  1.02 1.00 -  |   481.6    428.9  0.00 |  0.0  1.0 0   0   0  0  0  0
  - 0.20s  --------    0  Y   Y  1.00  1.13 1.00 -  |   481.6    429.1  0.00 |  0.0  1.0 0   0   0  0  0  0
  - 0.09s  --------    0  Y   Y  1.00  1.23 1.00 -  |   481.6    429.3  0.00 |  0.0  0.0 0   0   0  0  0  0
=========================================================== END

[  9402   49.389 x1.00] LOG  [OniBoss] Chase → Attack
[  9402   49.389 x1.00] LOG  [OniBoss] Attack: Club_Swing (16 dmg)
[  9402   49.389 x1.00] LOG  [OniBoss:Trail] Club_Swing trail START at clip 0.16 (transition done).
[  9408   49.422 x1.00] LOG  [ComboTrace] LAUNCH OniBoss at 1.3m dist=1.32m in 0.13s [AIRBORNE]
[  9408   49.422 x1.00] LOG  [Combat] Aerial spin — 25 dmg
[  9408   49.422 x1.00] LOG  OniBoss took 10 damage. HP: 440/500
[  9408   49.422 x1.00] LOG  [OniBoss] 🤕 Hit during Attack — flash only
[  9408   49.422 x1.00] LOG  [CameraGameFeel] Shake: intensity=0.50 duration=0.200s
[  9408   49.422 x1.00] LOG  [CameraGameFeel] FOV punch: hit light (+1.5°)
[  9408   49.422 x1.00] LOG  [AirPosePin] engaged, holding body at 1.234m above the transform
[  9430   49.557 x1.00] LOG  [ComboTrace] LAUNCH RESULT wanted=1.32m actually moved=0.79m — completed
[  9433   49.576 x1.00] LOG  OniBoss took 10 damage. HP: 430/500
[  9433   49.576 x1.00] LOG  [OniBoss] 🤕 Hit during Attack — flash only
[  9433   49.576 x1.00] LOG  [CameraGameFeel] Shake: intensity=0.18 duration=0.200s
[  9459   49.728 x1.00] LOG  OniBoss took 10 damage. HP: 420/500
[  9459   49.728 x1.00] LOG  [OniBoss] 🤕 Hit during Attack — flash only
[  9459   49.728 x1.00] LOG  [OniBoss] Attack → Stagger
[  9459   49.728 x1.00] LOG  [OniBoss] Playing animation: Stagger
[  9459   49.728 x1.00] LOG  [OniBoss] STAGGERED for 2.5s
[  9459   49.728 x1.00] LOG  [OniBoss:Layer] heavy knock-back react (swirl burst, 3 hits / 30 dmg) → 'HitReact_Heavy', down for 1.80s
[  9459   49.728 x1.00] LOG  [OniBoss:Layer] burst: 3 hits / 30 dmg inside 0.8s → knock-back + 0.90m push
[  9459   49.728 x1.00] LOG  [CameraGameFeel] Shake: intensity=0.18 duration=0.200s
[  9459   49.728 x1.00] LOG  [OniBoss:Touch] Club_Swing: no touch this swing — closest 2.60m at clip 0.20, fastest tip 156m/s (radius 0.70, min speed 50).
[  9459   49.728 x1.00] LOG  [OniBoss:Strike] Club_Swing: club tip closest to Yoru at 5.07m, clip position 0.13 | damage fires at 0.42 | clip 0.84s => damage fires 244 ms AFTER the club is closest — it lands once the club has passed her
[  9460   49.733 x1.00] LOG  [OniBoss:Trail] trail END at clip 0.35, fading over 0.40s.
[  9485   49.882 x1.00] LOG  OniBoss punish window! 10 → 15 (x1.5)
[  9485   49.882 x1.00] LOG  OniBoss took 15 damage. HP: 405/500
[  9485   49.882 x1.00] LOG  [CameraGameFeel] Shake: intensity=0.18 duration=0.200s
[  9512   50.037 x1.00] LOG  OniBoss punish window! 10 → 15 (x1.5)
[  9512   50.037 x1.00] LOG  OniBoss took 15 damage. HP: 390/500
[  9512   50.037 x1.00] LOG  [CameraGameFeel] Shake: intensity=0.18 duration=0.200s
[  9531   50.138 x1.00] LOG  💨 Landing VFX spawned!
[  9531   50.138 x1.00] LOG  ✅ LANDED! (was jump #1)
[  9531   50.138 x1.00] LOG  [AirPosePin] released, peak correction was 0.515m
[  9537   50.174 x1.00] LOG  [ComboTrace] END step=3 clipProgress=0.90 clipLen=0.79s queued=0 elapsed=0.75s
[  9790   51.490 x1.00] LOG  🚶 2-LEG JUMP
[  9790   51.490 x1.00] LOG  🐾 Jump 1 VFX spawned!
[  9798   51.531 x1.00] LOG  [OniBoss] Stagger → Chase
[  9799   51.535 x1.00] LOG  [OniBoss] Playing animation: Watch
[  9799   51.535 x1.00] LOG  [OniBoss] hold-ground: cooldown over, player 4.0m > 3.5m — APPROACH
[  9799   51.535 x1.00] LOG  [OniBoss] Playing animation: Walk
[  9867   51.900 x1.00] LOG  [ComboTrace] LAUNCH OniBoss at 2.2m dist=2.22m in 0.22s [AIRBORNE]
[  9867   51.900 x1.00] LOG  [Combat] Aerial spin — 25 dmg
[  9867   51.900 x1.00] LOG  [AirPosePin] engaged, holding body at 1.819m above the transform
[  9877   51.954 x1.00] LOG  [OniBoss] Combo started: ClubSwing1 → ClubSwing2 → ClubSlam (3 steps remaining)
[  9877   51.954 x1.00] LOG  [OniBoss] Chase → Attack
[  9877   51.954 x1.00] LOG  [OniBoss] Attack: Club_Swing (16 dmg)
[  9877   51.954 x1.00] LOG  [OniBoss:Trail] Club_Swing trail START at clip 0.22 (transition done).
[  9897   52.060 x1.00] LOG  OniBoss took 10 damage. HP: 380/500
[  9897   52.060 x1.00] LOG  [OniBoss] 🤕 Hit during Attack — flash only
[  9897   52.060 x1.00] LOG  [CameraGameFeel] Shake: intensity=0.50 duration=0.200s
[  9897   52.060 x1.00] LOG  [CameraGameFeel] FOV punch: hit light (+1.5°)
[  9909   52.120 x1.00] LOG  [ComboTrace] LAUNCH RESULT wanted=2.22m actually moved=1.50m — completed
[  9927   52.214 x1.00] LOG  OniBoss took 10 damage. HP: 370/500
[  9927   52.214 x1.00] LOG  [OniBoss] 🤕 Hit during Attack — flash only
[  9927   52.214 x1.00] LOG  [CameraGameFeel] Shake: intensity=0.18 duration=0.200s
[  9942   52.318 x1.00] LOG  [CameraGameFeel] Shake: intensity=0.20 duration=0.250s
[  9942   52.318 x1.00] LOG  [Combat] Hit react: HitReact_Light_2Leg (0.5s)
[  9942   52.318 x1.00] LOG  [HitReactTrace] asked for 'HitReact_Light_2Leg' (0.50s) — blend resolved after 0 ms, now playing a clip 0.79s long at speed 0.80, layer weight 1.00, animator.speed 1.00.
[  9942   52.318 x1.00] LOG  [CameraGameFeel] Shake: intensity=0.30 duration=0.200s
[  9942   52.318 x1.00] LOG  [CameraGameFeel] FOV punch: player damage (-2.0°)
[  9942   52.318 x1.00] LOG  [OniBoss] Hit player for 16 (Club_Swing)
[  9942   52.318 x1.00] LOG  [OniBoss:Touch] Club_Swing: club TOUCHED Yoru at clip 0.38 — shaft 0.23m from her body line, tip speed 172m/s, ONE FRAME EARLY (predicted). Full club hit delivered this frame.
[  9951   52.359 x1.00] LOG  [OniBoss:ClubPos] Club_Swing at strike: club tip 3.02m up, 2.71m in front, -2.84m to his right (3.92m out from his centre). Club faces -78deg from his forward, pitch 0.40. (the ground wave is born 1.6m in front of him at 0.35m.)
[  9951   52.359 x1.00] LOG  [OniBoss:Layer] Club_Swing: club already hit — ground wave released as VISUAL only (0 damage).
[  9961   52.420 x1.00] LOG  💨 Landing VFX spawned!
[  9961   52.420 x1.00] LOG  [AirPosePin] released, peak correction was 1.204m
[ 10044   52.819 x1.00] LOG  ✅ LANDED! (was jump #0)
[ 10048   52.839 x1.00] LOG  [OniBoss] Attack → Recovery
[ 10048   52.839 x1.00] LOG  [OniBoss] Playing animation: Watch
[ 10048   52.839 x1.00] LOG  [OniBoss:Trail] trail END at clip 0.99, fading over 0.40s.
[ 10048   52.839 x1.00] LOG  [OniBoss:Strike] Club_Swing: club tip closest to Yoru at 0.59m, clip position 0.91 | damage fires at 0.42 | clip 0.84s => damage fires 412 ms BEFORE the club is closest
[ 10075   52.978 x1.00] LOG  🚶 2-LEG JUMP
[ 10075   52.978 x1.00] LOG  🐾 Jump 1 VFX spawned!
[ 10078   52.993 x1.00] LOG  [OniBoss] Recovery → Attack
[ 10078   52.993 x1.00] LOG  [OniBoss] Attack: ClubSwing2 (16 dmg)
[ 10078   52.993 x1.00] LOG  [OniBoss:Trail] ClubSwing2 trail START at clip 1.00 (transition still blending).
[ 10152   53.374 x1.00] LOG  [OniBoss:ClubPos] ClubSwing2 at strike: club tip 0.12m up, 1.75m in front, 2.49m to his right (3.04m out from his centre). Club faces 8deg from his forward, pitch -0.88. (the ground wave is born 1.6m in front of him at 0.35m.)
[ 10152   53.374 x1.00] LOG  [OniBoss:Layer] ClubSwing2: club has not connected — ground wave released ARMED, 1.6m in front, 12m/s x 6.0m = 0.50s, carrying 10 (half of the club's 20).
[ 10156   53.390 x1.00] LOG  [ComboTrace] LAUNCH OniBoss at 0.6m dist=0.58m in 0.13s [AIRBORNE]
[ 10156   53.390 x1.00] LOG  [Combat] Aerial spin — 25 dmg
[ 10156   53.390 x1.00] LOG  OniBoss took 10 damage. HP: 360/500
[ 10156   53.390 x1.00] LOG  [OniBoss] 🤕 Hit during Attack — flash only
[ 10156   53.390 x1.00] LOG  [CameraGameFeel] Shake: intensity=0.50 duration=0.200s
[ 10156   53.390 x1.00] LOG  [CameraGameFeel] FOV punch: hit light (+1.5°)
[ 10156   53.390 x1.00] LOG  [AirPosePin] engaged, holding body at 2.121m above the transform
[ 10185   53.525 x1.00] LOG  [ComboTrace] LAUNCH RESULT wanted=0.58m actually moved=0.00m — completed
[ 10189   53.540 x1.00] LOG  OniBoss took 10 damage. HP: 350/500
[ 10189   53.540 x1.00] LOG  [OniBoss] 🤕 Hit during Attack — flash only
[ 10189   53.540 x1.00] LOG  [CameraGameFeel] Shake: intensity=0.18 duration=0.200s
[ 10221   53.694 x1.00] LOG  OniBoss took 10 damage. HP: 340/500
[ 10221   53.694 x1.00] LOG  [OniBoss] 🤕 Hit during Attack — flash only
[ 10221   53.694 x1.00] LOG  [OniBoss] Attack → Stagger
[ 10221   53.694 x1.00] LOG  [OniBoss] Playing animation: Stagger
[ 10221   53.694 x1.00] LOG  [OniBoss] STAGGERED for 2.5s
[ 10221   53.694 x1.00] LOG  [OniBoss:Layer] heavy knock-back react (swirl burst, 3 hits / 30 dmg) → 'HitReact_Heavy', down for 1.80s
[ 10221   53.694 x1.00] LOG  [OniBoss:Layer] burst: 3 hits / 30 dmg inside 0.8s → knock-back + 0.90m push
[ 10221   53.694 x1.00] LOG  [CameraGameFeel] Shake: intensity=0.18 duration=0.200s
[ 10221   53.694 x1.00] LOG  [OniBoss:Touch] ClubSwing2: no touch this swing — closest 1.40m at clip 0.28, fastest tip 109m/s (radius 0.70, min speed 50).
[ 10221   53.694 x1.00] LOG  [OniBoss:Strike] ClubSwing2: club tip closest to Yoru at 2.40m, clip position 0.29 | damage fires at 0.32 | clip 1.17s => damage fires 36 ms AFTER the club is closest — it lands once the club has passed her
[ 10222   53.700 x1.00] LOG  [OniBoss:Trail] trail END at clip 0.56, fading over 0.40s.
[ 10248   53.848 x1.00] LOG  OniBoss punish window! 10 → 15 (x1.5)
[ 10248   53.848 x1.00] LOG  OniBoss took 15 damage. HP: 325/500
[ 10248   53.848 x1.00] LOG  [CameraGameFeel] Shake: intensity=0.18 duration=0.200s
[ 10253   53.880 x1.00] LOG  [OniBoss:Wave] armed wave expired UNTOUCHED — closest 0.07m to Yoru (hit width 1.60), she was AIRBORNE at the closest moment.
[ 10260   53.920 x1.00] LOG  💨 Landing VFX spawned!
[ 10260   53.920 x1.00] LOG  ✅ LANDED! (was jump #1)
[ 10260   53.920 x1.00] LOG  [AirPosePin] released, peak correction was 1.336m
[ 10290   54.090 x1.00] LOG  [ComboTrace] CLICK IGNORED (step=3 queued=0)
[ 10299   54.143 x1.00] LOG  [ComboTrace] END step=3 clipProgress=0.90 clipLen=0.79s queued=0 elapsed=0.75s
[ 10308   54.185 x1.00] LOG  🚶 2-LEG JUMP
[ 10308   54.185 x1.00] LOG  🐾 Jump 1 VFX spawned!
[ 10386   54.584 x1.00] LOG  [ComboTrace] LAUNCH OniBoss at 1.2m dist=1.22m in 0.13s [AIRBORNE]
[ 10386   54.584 x1.00] LOG  [Combat] Aerial spin — 25 dmg
[ 10386   54.584 x1.00] LOG  OniBoss punish window! 10 → 15 (x1.5)
[ 10386   54.584 x1.00] LOG  OniBoss took 15 damage. HP: 310/500
[ 10386   54.584 x1.00] LOG  [CameraGameFeel] Shake: intensity=0.50 duration=0.200s
[ 10386   54.584 x1.00] LOG  [CameraGameFeel] FOV punch: hit light (+1.5°)
[ 10386   54.584 x1.00] LOG  [AirPosePin] engaged, holding body at 2.050m above the transform
[ 10411   54.719 x1.00] LOG  [ComboTrace] LAUNCH RESULT wanted=1.22m actually moved=1.28m — completed
[ 10414   54.739 x1.00] LOG  OniBoss punish window! 10 → 15 (x1.5)
[ 10414   54.739 x1.00] LOG  OniBoss took 15 damage. HP: 295/500
[ 10414   54.739 x1.00] LOG  [CameraGameFeel] Shake: intensity=0.18 duration=0.200s
[ 10442   54.892 x1.00] LOG  OniBoss punish window! 10 → 15 (x1.5)
[ 10442   54.892 x1.00] LOG  OniBoss took 15 damage. HP: 280/500
[ 10442   54.892 x1.00] LOG  [CameraGameFeel] Shake: intensity=0.18 duration=0.200s
[ 10480   55.120 x1.00] LOG  💨 Landing VFX spawned!
[ 10480   55.120 x1.00] LOG  ✅ LANDED! (was jump #1)
[ 10480   55.120 x1.00] LOG  [AirPosePin] released, peak correction was 1.266m
[ 10496   55.220 x1.00] LOG  🚶 2-LEG JUMP
[ 10496   55.220 x1.00] LOG  🐾 Jump 1 VFX spawned!
[ 10500   55.240 x1.00] LOG  [AirPosePin] engaged, holding body at 0.757m above the transform
[ 10518   55.339 x1.00] LOG  [ComboTrace] END step=3 clipProgress=0.91 clipLen=0.79s queued=0 elapsed=0.75s
[ 10519   55.342 x1.00] LOG  [AirPosePin] released, peak correction was 0.073m
[ 10547   55.496 x1.00] LOG  [OniBoss] Stagger → Chase
[ 10548   55.500 x1.00] LOG  [OniBoss] Playing animation: Idle
[ 10548   55.500 x1.00] LOG  [OniBoss] Combo started: swing1-2 (2 steps remaining)
[ 10548   55.500 x1.00] LOG  [OniBoss] Chase → Attack
[ 10548   55.500 x1.00] LOG  [OniBoss] Attack: Club_Swing (16 dmg)
[ 10548   55.500 x1.00] LOG  [OniBoss:Trail] Club_Swing trail START at clip 1.00 (transition done).
[ 10612   55.821 x1.00] LOG  [CameraGameFeel] Shake: intensity=0.20 duration=0.250s
[ 10612   55.821 x1.00] LOG  [Combat] Hit react: HitReact_Light_2Leg (0.5s)
[ 10612   55.821 x1.00] LOG  [HitReactTrace] asked for 'HitReact_Light_2Leg' (0.50s) — blend resolved after 0 ms, now playing a clip 1.00s long at speed 1.00, layer weight 1.00, animator.speed 1.00.
[ 10612   55.821 x1.00] LOG  [CameraGameFeel] Shake: intensity=0.30 duration=0.200s
[ 10612   55.821 x1.00] LOG  [CameraGameFeel] FOV punch: player damage (-2.0°)
[ 10612   55.821 x1.00] LOG  [OniBoss] Hit player for 16 (Club_Swing)
[ 10612   55.821 x1.00] LOG  [OniBoss:Touch] Club_Swing: club TOUCHED Yoru at clip 0.38 — shaft 0.19m from her body line, tip speed 170m/s, ONE FRAME EARLY (predicted). Full club hit delivered this frame.
[ 10613   55.830 x1.00] LOG  [AirPosePin] engaged, holding body at 1.660m above the transform
[ 10619   55.860 x1.00] LOG  [OniBoss:ClubPos] Club_Swing at strike: club tip 3.02m up, 2.66m in front, -2.87m to his right (3.91m out from his centre). Club faces -79deg from his forward, pitch 0.40. (the ground wave is born 1.6m in front of him at 0.35m.)
[ 10619   55.860 x1.00] LOG  [OniBoss:Layer] Club_Swing: club already hit — ground wave released as VISUAL only (0 damage).
[ 10675   56.154 x1.00] LOG  💨 Landing VFX spawned!
[ 10675   56.154 x1.00] LOG  [AirPosePin] released, peak correction was 0.974m
[ 10707   56.324 x1.00] LOG  ✅ LANDED! (was jump #0)
[ 10709   56.334 x1.00] LOG  [OniBoss] Attack → Recovery
[ 10709   56.334 x1.00] LOG  [OniBoss] Playing animation: Watch
[ 10709   56.334 x1.00] LOG  [OniBoss:Trail] trail END at clip 0.99, fading over 0.40s.
[ 10709   56.334 x1.00] LOG  [OniBoss:Strike] Club_Swing: club tip closest to Yoru at 1.04m, clip position 0.91 | damage fires at 0.42 | clip 0.84s => damage fires 409 ms BEFORE the club is closest
[ 10739   56.485 x1.00] LOG  [OniBoss] Recovery → Attack
[ 10739   56.485 x1.00] LOG  [OniBoss] Attack: ClubSwing2 (16 dmg)
[ 10739   56.485 x1.00] LOG  [OniBoss:Trail] ClubSwing2 trail START at clip 1.00 (transition still blending).
[ 10776   56.680 x1.00] LOG  [OniBoss:Layer] step-in: 'ClubSwing2' closed 0.03m, Yoru now 3.0m away (range 3.5)
[ 10781   56.709 x1.00] LOG  [OniBoss:Layer] step-in: 'ClubSwing2' closed 0.06m, Yoru now 3.0m away (range 3.5)
[ 10782   56.720 x1.00] LOG  [Combat] Combo 1: 10 dmg
[ 10782   56.720 x1.00] LOG  [ComboTrace] START step=1 state='Combo1' queued=0 target='OniBoss' at 6.5m
[ 10782   56.720 x1.00] LOG  [ComboTrace] LAUNCH OniBoss at 1.8m dist=1.75m in 0.18s
[ 10802   56.818 x1.00] LOG  [CameraGameFeel] Shake: intensity=0.20 duration=0.250s
[ 10802   56.818 x1.00] LOG  [Combat] Hit react: HitReact_Heavy_2Leg (0.9s)
[ 10802   56.818 x1.00] LOG  [HitReactTrace] asked for 'HitReact_Heavy_2Leg' (0.90s) — blend resolved after 0 ms, now playing a clip 1.23s long at speed 1.60, layer weight 1.00, animator.speed 1.00.
[ 10802   56.818 x1.00] LOG  [CameraGameFeel] Shake: intensity=0.60 duration=0.200s
[ 10802   56.818 x1.00] LOG  [CameraGameFeel] FOV punch: player damage (-3.0°)
[ 10802   56.818 x1.00] LOG  [OniBoss] Hit player for 24 (ClubSwing2) [combo x1.50]
[ 10802   56.818 x1.00] LOG  [OniBoss:Touch] ClubSwing2: club TOUCHED Yoru at clip 0.28 — shaft 0.65m from her body line, tip speed 94m/s, ONE FRAME EARLY (predicted). Full club hit delivered this frame.
[ 10811   56.871 x1.00] LOG  [OniBoss:ClubPos] ClubSwing2 at strike: club tip 0.08m up, 1.84m in front, 2.39m to his right (3.01m out from his centre). Club faces 4deg from his forward, pitch -0.88. (the ground wave is born 1.6m in front of him at 0.35m.)
[ 10811   56.871 x1.00] LOG  [OniBoss:Layer] ClubSwing2: club already hit — ground wave released as VISUAL only (0 damage), finisher size x2.0.
[ 10873   57.183 x1.00] LOG  
==================== [FREEZE-DEBUG v3] ====================
  Reason : WASD-NOMOVE: WASD recent + speed 0.00m/s for 0.40s
  Time   : 54.257s   Frame: 10873   Snaps: 60
===========================================================

--- CURRENT STATE ---
  Flags: atk=False hvy=False dod=False dsh=False
         grd=False hit=True aerial=False lockPos=False
         comboStep=0
  Anim : speed=1.00  combatLayer hash=1755030216 normT=0.377 weight=1.00 inTransition=False
  CC   : grounded=True  enabled=True  pos=(479.42, 0.00, 434.01)  vel=(0.00, 0.00, 0.00)
  Move : IsRunning=False
  Input: H=0.00 V=0.00  LMB=False MMB=False Q=False Sp=False Sh=False C=False
         WASD pressed in last 0.5s: True (last 0.47s ago)

--- FLIGHT RECORDER (60 snapshots, oldest first, dt=0.10s) ---
  Legend: flags = A(tk) H(vy) D(od) S(sh) G(rd) R(eact) Y(aerial) L(ock)   gnd/cc: Y/n
  t-now    flags     step gnd cc anSp normT layW tr | posX     posZ     spd   | H    V    LMB MMB Q  Sp Sh C
  ------   --------  ---- --- -- ---- ----- ---- -- | -----    -----    ----  | ---- ---- --- --- -- -- -- -
  - 6.09s  --------    3  Y   Y  1.00  0.91 1.00 -  |   481.8    431.2  0.00 |  0.0  0.0 0   0   0  0  0  0
  - 5.99s  --------    3  Y   Y  1.00  1.01 1.00 -  |   481.7    430.9  0.00 |  0.0  0.0 0   0   0  0  0  0
  - 5.89s  --------    3  Y   Y  1.00  1.11 1.00 -  |   481.7    430.8  0.00 |  0.0  0.0 0   0   0  0  0  0
  - 5.78s  --------    3  Y   Y  1.00  1.21 1.00 -  |   481.7    430.8  0.00 |  0.0  0.0 0   0   0  0  0  0
  - 5.68s  --------    3  n   Y  1.00  1.32 1.00 -  |   481.7    430.8  0.00 |  0.0  0.0 0   0   0  1  0  0
  - 5.58s  --------    3  n   Y  1.00  1.42 1.00 -  |   481.7    430.7  0.00 |  0.0  0.0 0   0   0  1  0  0
  - 5.48s  --------    3  n   Y  1.00  1.52 1.00 -  |   481.7    430.7  0.00 |  0.0  0.0 0   0   0  0  0  0
  - 5.37s  --------    3  n   Y  1.00  1.62 1.00 -  |   481.7    430.6  0.00 |  0.0  0.0 1   0   0  0  0  0
  - 5.27s  A-----Y-    3  n   Y  1.00  1.73 1.00 T  |   481.5    430.9  0.00 |  0.0  0.0 0   0   0  0  0  0
  - 5.17s  A-----Y-    3  n   Y  1.00  0.14 1.00 -  |   480.9    431.8  0.00 |  0.0  0.0 0   0   0  0  0  0
  - 5.07s  A-----Y-    3  n   Y  1.00  0.21 1.00 -  |   480.9    431.8  0.00 |  0.0  0.0 0   0   0  0  0  0
  - 4.96s  A-----Y-    3  n   Y  1.00  0.34 1.00 -  |   480.9    431.7  0.00 |  0.0  0.0 0   0   0  0  0  0
  - 4.86s  -----R--    0  n   Y  1.00  0.47 1.00 -  |   480.9    431.7  0.00 |  0.0  0.0 0   0   0  0  0  0
  - 4.76s  -----R--    0  Y   Y  1.00  0.16 1.00 -  |   480.9    431.7  0.00 |  0.0  0.0 0   0   0  0  0  0
  - 4.66s  -----R--    0  Y   Y  1.00  0.25 1.00 -  |   480.9    431.7  0.00 |  0.0  0.0 0   0   0  0  0  0
  - 4.56s  -----R--    0  Y   Y  1.00  0.33 1.00 -  |   480.9    431.7  0.00 |  0.0  0.0 0   0   0  0  0  0
  - 4.46s  -----R--    0  Y   Y  1.00  0.41 1.00 -  |   480.9    431.7  0.00 |  0.0  0.0 0   0   0  0  0  0
  - 4.35s  --------    0  Y   Y  1.00  0.50 1.00 T  |   480.9    431.7  0.00 |  0.0  0.0 0   0   0  0  0  0
  - 4.25s  --------    0  Y   Y  1.00  0.11 1.00 -  |   480.9    431.7  0.00 |  0.0  0.0 0   0   0  0  0  0
  - 4.15s  --------    0  n   Y  1.00  0.21 1.00 -  |   480.9    431.7  0.00 |  0.0  0.0 0   0   0  1  0  0
  - 4.05s  --------    0  n   Y  1.00  0.31 1.00 -  |   480.8    431.7  0.00 |  0.0  0.0 0   0   0  1  0  0
  - 3.95s  --------    0  n   Y  1.00  0.41 1.00 -  |   480.8    431.7  0.00 |  0.0  0.0 0   0   0  0  0  0
  - 3.84s  --------    0  n   Y  1.00  0.52 1.00 -  |   480.8    431.8  0.00 |  0.0  0.0 1   0   0  0  0  0
  - 3.74s  A-----Y-    3  n   Y  1.00  0.57 1.00 T  |   480.8    431.8  0.00 |  0.0  0.0 0   0   0  0  0  0
  - 3.64s  A-----Y-    3  n   Y  1.00  0.14 1.00 -  |   480.8    431.8  0.00 |  0.0  0.0 1   0   0  0  0  0
  - 3.53s  A-----Y-    3  n   Y  1.00  0.27 1.00 -  |   480.8    431.8  0.00 |  0.0  0.0 1   0   0  0  0  0
  - 3.43s  A-----Y-    3  n   Y  1.00  0.40 1.00 -  |   480.8    431.8  0.00 |  0.0  0.0 1   0   0  0  0  0
  - 3.32s  A-----Y-    3  n   Y  1.00  0.54 1.00 -  |   480.8    431.8  0.00 |  0.0  0.0 0   0   0  0  0  0
  - 3.22s  ------Y-    3  Y   Y  1.00  0.66 1.00 -  |   480.7    431.8  0.00 |  0.0  0.0 1   0   0  0  0  0
  - 3.12s  ------Y-    3  Y   Y  1.00  0.79 1.00 -  |   480.7    431.8  0.00 |  0.0  0.0 1   0   0  0  0  0
  - 3.01s  --------    3  Y   Y  1.00  0.92 1.00 T  |   480.7    431.8  0.00 |  0.0  0.0 0   0   0  0  0  0
  - 2.91s  --------    3  n   Y  1.00  0.11 1.00 -  |   480.7    431.9  0.00 |  0.0  0.0 0   0   0  1  0  0
  - 2.81s  --------    3  n   Y  1.00  0.22 1.00 -  |   480.7    431.9  0.00 |  0.0  0.0 0   0   0  0  0  0
  - 2.71s  --------    3  n   Y  1.00  0.32 1.00 -  |   480.7    431.9  0.00 |  0.0  0.0 1   0   0  0  0  0
  - 2.61s  --------    3  n   Y  1.00  0.42 1.00 -  |   480.7    432.0  0.00 |  0.0  0.0 1   0   0  0  0  0
  - 2.50s  A-----Y-    3  n   Y  1.00  0.07 1.00 -  |   480.1    433.0  5.10 |  0.0  0.0 0   0   0  0  0  0
  - 2.40s  A-----Y-    3  n   Y  1.00  0.20 1.00 -  |   480.0    433.1  0.00 |  0.0  0.0 0   0   0  0  0  0
  - 2.29s  A-----Y-    3  n   Y  1.00  0.33 1.00 -  |   480.0    433.2  0.00 |  0.0  0.0 0   0   0  0  0  0
  - 2.19s  A-----Y-    3  n   Y  1.00  0.46 1.00 -  |   480.0    433.2  0.00 |  0.0  0.0 0   0   0  0  0  0
  - 2.09s  A-----Y-    3  n   Y  1.00  0.59 1.00 -  |   479.9    433.2  0.00 |  0.0  0.0 0   0   0  0  0  0
  - 1.98s  ------Y-    3  Y   Y  1.00  0.72 1.00 -  |   479.9    433.3  0.00 |  0.0  0.0 0   0   0  0  0  0
  - 1.88s  A-----Y-    3  n   Y  1.00  0.85 1.00 -  |   479.9    433.3  0.00 |  0.0  0.0 0   0   0  1  0  0
  - 1.78s  --------    3  n   Y  1.00  0.98 1.00 T  |   479.9    433.3  0.00 |  0.0  0.0 0   0   0  1  0  0
  - 1.68s  --------    3  n   Y  1.00  0.16 1.00 -  |   479.9    433.4  0.00 |  0.0  0.0 1   0   0  0  0  0
  - 1.57s  --------    3  n   Y  1.00  0.26 1.00 -  |   479.9    433.4  0.00 |  0.0  0.0 0   0   0  0  0  0
  - 1.47s  --------    3  n   Y  1.00  0.36 1.00 -  |   479.8    433.4  0.00 |  0.0  0.0 0   0   0  0  0  0
  - 1.37s  --------    3  n   Y  1.00  0.47 1.00 -  |   479.8    433.5  0.00 |  0.0  0.0 0   0   0  0  0  0
  - 1.26s  -----R--    0  n   Y  1.00  0.15 1.00 -  |   479.8    433.5  0.00 |  0.0  0.0 0   0   0  0  0  0
  - 1.16s  -----R--    0  n   Y  1.00  0.24 1.00 -  |   479.8    433.6  0.00 |  0.0  0.0 0   0   0  0  0  0
  - 1.06s  -----R--    0  n   Y  1.00  0.32 1.00 -  |   479.7    433.6  0.00 |  0.0  0.0 0   0   0  0  0  0
  - 0.96s  -----R--    0  Y   Y  1.00  0.41 1.00 -  |   479.7    433.6  0.00 |  0.0  0.0 0   0   0  0  0  0
  - 0.85s  --------    0  Y   Y  1.00  0.49 1.00 T  |   479.7    433.6  0.00 |  0.0  0.0 0   0   0  0  0  0
  - 0.75s  --------    0  Y   Y  1.00  0.10 1.00 -  |   479.7    433.6  0.00 |  0.0 -1.0 0   0   0  0  0  0
  - 0.65s  --------    0  Y   Y  1.00  0.20 1.00 -  |   479.7    433.4  0.00 |  1.0 -1.0 0   0   0  0  0  0
  - 0.54s  --------    0  Y   Y  1.00  0.31 1.00 -  |   479.8    433.2  0.00 |  1.0  0.0 1   0   0  0  0  0
  - 0.44s  A-------    1  Y   Y  1.00  0.41 1.00 T  |   479.7    433.5  17.38 |  0.0  0.0 0   0   0  0  0  0
  - 0.34s  -----R--    0  Y   Y  1.00  0.10 1.00 T  |   479.4    434.0  0.00 |  0.0  0.0 1   0   0  0  0  0
  - 0.24s  -----R--    0  Y   Y  1.00  0.18 1.00 -  |   479.4    434.0  0.00 |  0.0  0.0 0   0   0  0  0  0
  - 0.14s  -----R--    0  Y   Y  1.00  0.26 1.00 -  |   479.4    434.0  0.00 |  0.0  0.0 1   0   0  0  0  0
  - 0.04s  -----R--    0  Y   Y  1.00  0.35 1.00 -  |   479.4    434.0  0.00 |  0.0  0.0 0   0   0  0  0  0
=========================================================== END

[ 10964   57.651 x1.00] LOG  [OniBoss] Attack → Recovery
[ 10964   57.651 x1.00] LOG  [OniBoss] Playing animation: Watch
[ 10964   57.651 x1.00] LOG  [OniBoss:Trail] trail END at clip 0.99, fading over 0.40s.
[ 10964   57.651 x1.00] LOG  [OniBoss:Strike] ClubSwing2: club tip closest to Yoru at 1.29m, clip position 0.30 | damage fires at 0.32 | clip 1.17s => MATCHED (within one or two frames)
[ 10990   57.801 x1.00] LOG  [OniBoss] Recovery → Chase
[ 10991   57.805 x1.00] LOG  [OniBoss] hold-ground: BACKSTEP 1.5m (player 2.0m)
[ 11034   58.034 x1.00] LOG  🐾⚡ Heavy charge buildup spawned at LeftPawVFX (pos (479.77, 0.57, 434.20)). PS found: True
[ 11034   58.034 x1.00] LOG  [Combat] Charging heavy...
[ 11179   58.744 x1.00] LOG  [OniBoss] hold-ground: backstep done (1.50m), WATCH (player 3.5m, cooldown 0.9s)
[ 11179   58.744 x1.00] LOG  [OniBoss] Playing animation: Idle
[ 11221   58.957 x1.00] LOG  [Combat] WindUp clip ended — crossfaded to Hold
[ 11346   59.603 x1.00] LOG  [OniBoss] Combo started: ClubSwing1 → ClubSwing2 → ClubSlam (3 steps remaining)
[ 11346   59.603 x1.00] LOG  [OniBoss] Chase → Attack
[ 11346   59.603 x1.00] LOG  [OniBoss] Attack: Club_Swing (16 dmg)
[ 11346   59.603 x1.00] LOG  [OniBoss:Trail] Club_Swing trail START at clip 0.55 (transition done).
[ 11367   59.704 x1.00] LOG  [OniBoss:Layer] step-in: 'Club_Swing' closed 0.48m, Yoru now 3.0m away (range 3.5)
[ 11377   59.759 x1.00] LOG  [Combat] Heavy 82% = 92 dmg
[ 11377   59.759 x1.00] LOG  [ComboTrace] LAUNCH OniBoss at 1.7m dist=1.72m in 0.17s
[ 11377   59.759 x1.00] LOG  🐾⚡ Heavy charge buildup stopped
[ 11377   59.759 x1.00] LOG  🐾⚡ Heavy release VFX spawned at RightPawVFX. PS found: True
[ 11407   59.922 x1.00] LOG  [CameraGameFeel] Shake: intensity=0.20 duration=0.250s
[ 11407   59.922 x1.00] LOG  [Combat] Hit react: HitReact_Light_2Leg (0.5s)
[ 11407   59.922 x1.00] LOG  [HitReactTrace] asked for 'HitReact_Light_2Leg' (0.50s) — blend resolved after 0 ms, now playing a clip 0.60s long at speed 2.00, layer weight 1.00, animator.speed 1.00.
[ 11407   59.922 x1.00] LOG  [CameraGameFeel] Shake: intensity=0.30 duration=0.200s
[ 11407   59.922 x1.00] LOG  [CameraGameFeel] FOV punch: player damage (-2.0°)
[ 11407   59.922 x1.00] LOG  [OniBoss] Hit player for 16 (Club_Swing)
[ 11407   59.922 x1.00] LOG  [OniBoss:Touch] Club_Swing: club TOUCHED Yoru at clip 0.38 — shaft 0.13m from her body line, tip speed 171m/s, ONE FRAME EARLY (predicted). Full club hit delivered this frame.
[ 11417   59.964 x1.00] LOG  [OniBoss:ClubPos] Club_Swing at strike: club tip 3.02m up, 2.44m in front, -2.99m to his right (3.86m out from his centre). Club faces -84deg from his forward, pitch 0.41. (the ground wave is born 1.6m in front of him at 0.35m.)
[ 11417   59.964 x1.00] LOG  [OniBoss:Layer] Club_Swing: club already hit — ground wave released as VISUAL only (0 damage).
[ 11503   60.441 x1.00] LOG  [OniBoss] Attack → Recovery
[ 11503   60.441 x1.00] LOG  [OniBoss] Playing animation: Watch
[ 11503   60.441 x1.00] LOG  [OniBoss:Trail] trail END at clip 0.99, fading over 0.40s.
[ 11503   60.441 x1.00] LOG  [OniBoss:Strike] Club_Swing: club tip closest to Yoru at 0.50m, clip position 0.92 | damage fires at 0.42 | clip 0.84s => damage fires 415 ms BEFORE the club is closest
[ 11532   60.591 x1.00] LOG  [OniBoss] Recovery → Attack
[ 11532   60.591 x1.00] LOG  [OniBoss] Attack: ClubSwing2 (16 dmg)
[ 11532   60.591 x1.00] LOG  [OniBoss:Trail] ClubSwing2 trail START at clip 1.00 (transition still blending).
[ 11596   60.924 x1.00] LOG  [CameraGameFeel] Shake: intensity=0.20 duration=0.250s
[ 11596   60.924 x1.00] LOG  [Combat] Hit react: HitReact_Light_2Leg (0.5s)
[ 11596   60.924 x1.00] LOG  [HitReactTrace] asked for 'HitReact_Light_2Leg' (0.50s) — blend resolved after 0 ms, now playing a clip 1.00s long at speed 1.00, layer weight 1.00, animator.speed 1.00.
[ 11596   60.924 x1.00] LOG  [CameraGameFeel] Shake: intensity=0.30 duration=0.200s
[ 11596   60.924 x1.00] LOG  [CameraGameFeel] FOV punch: player damage (-2.0°)
[ 11596   60.924 x1.00] LOG  [OniBoss] Hit player for 20 (ClubSwing2) [combo x1.25]
[ 11596   60.924 x1.00] LOG  [OniBoss:Touch] ClubSwing2: club TOUCHED Yoru at clip 0.28 — shaft 0.43m from her body line, tip speed 93m/s, ONE FRAME EARLY (predicted). Full club hit delivered this frame.
[ 11607   60.975 x1.00] LOG  [OniBoss:ClubPos] ClubSwing2 at strike: club tip 0.20m up, 1.58m in front, 2.69m to his right (3.12m out from his centre). Club faces 17deg from his forward, pitch -0.89. (the ground wave is born 1.6m in front of him at 0.35m.)
[ 11607   60.975 x1.00] LOG  [OniBoss:Layer] ClubSwing2: club already hit — ground wave released as VISUAL only (0 damage).
[ 11753   61.721 x1.00] LOG  🐾⚡ Heavy charge buildup spawned at LeftPawVFX (pos (479.29, 0.55, 435.10)). PS found: True
[ 11753   61.721 x1.00] LOG  [Combat] Charging heavy...
[ 11760   61.760 x1.00] LOG  [OniBoss] Attack → Recovery
[ 11760   61.760 x1.00] LOG  [OniBoss] Playing animation: Watch
[ 11760   61.760 x1.00] LOG  [OniBoss:Trail] trail END at clip 0.99, fading over 0.40s.
[ 11760   61.760 x1.00] LOG  [OniBoss:Strike] ClubSwing2: club tip closest to Yoru at 1.30m, clip position 0.30 | damage fires at 0.32 | clip 1.17s => MATCHED (within one or two frames)
[ 11788   61.910 x1.00] LOG  [OniBoss] Recovery → Attack
[ 11788   61.910 x1.00] LOG  [OniBoss] Attack: ClubSlam (20 dmg)
[ 11788   61.910 x1.00] LOG  [OniBoss:Trail] ClubSlam trail START at clip 1.00 (transition still blending).
[ 11818   62.062 x1.00] LOG  [StormWeather] ⚡ strike at (490.25, 45.00, 437.44)
[ 11868   62.307 x1.00] LOG  [CameraGameFeel] Shake: intensity=0.50 duration=0.400s
[ 11868   62.307 x1.00] LOG  🐾⚡ Heavy charge buildup stopped
[ 11868   62.307 x1.00] LOG  [Combat] Hit react: HitReact_Heavy_2Leg (0.9s)
[ 11868   62.307 x1.00] LOG  [HitReactTrace] asked for 'HitReact_Heavy_2Leg' (0.90s) — blend resolved after 0 ms, now playing a clip 0.92s long at speed 1.00, layer weight 1.00, animator.speed 1.00.
[ 11868   62.307 x1.00] LOG  [CameraGameFeel] Shake: intensity=0.60 duration=0.200s
[ 11868   62.307 x1.00] LOG  [CameraGameFeel] FOV punch: player damage (-3.0°)
[ 11868   62.307 x1.00] LOG  [OniBoss] Hit player for 30 (ClubSlam) [combo x1.50]
[ 11868   62.307 x1.00] LOG  [OniBoss:Touch] ClubSlam: club TOUCHED Yoru at clip 0.43 — shaft 0.65m from her body line, tip speed 121m/s, ONE FRAME EARLY (predicted). Full club hit delivered this frame.
[ 11947   62.707 x1.00] LOG  [OniBoss:ClubPos] ClubSlam at strike: club tip 0.60m up, 2.90m in front, -0.26m to his right (2.91m out from his centre). Club faces 4deg from his forward, pitch -0.24. (the ground wave is born 1.6m in front of him at 0.35m.)
[ 11947   62.707 x1.00] LOG  [OniBoss:Layer] ClubSlam: club already hit — ground wave released as VISUAL only (0 damage), finisher size x2.0.
[ 11971   62.838 x1.00] LOG  [OniBoss] Attack → Recovery
[ 11971   62.838 x1.00] LOG  [OniBoss] Playing animation: Watch
[ 11971   62.838 x1.00] LOG  [OniBoss:Trail] trail END at clip 0.99, fading over 0.40s.
[ 11971   62.838 x1.00] LOG  [OniBoss:Strike] ClubSlam: club tip closest to Yoru at 0.19m, clip position 0.94 | damage fires at 0.85 | clip 0.93s => damage fires 79 ms BEFORE the club is closest
[ 12001   62.993 x1.00] LOG  [OniBoss] Recovery → Chase
[ 12002   62.996 x1.00] LOG  [OniBoss] hold-ground: BACKSTEP 1.5m (player 2.0m)
[ 12081   63.402 x1.00] LOG  [Combat] Combo 1: 10 dmg
[ 12081   63.402 x1.00] LOG  [ComboTrace] START step=1 state='Combo1' queued=0 target='OniBoss' at 2.6m
[ 12081   63.402 x1.00] LOG  [ComboTrace] LAUNCH OniBoss at 1.4m dist=1.38m in 0.14s
[ 12107   63.542 x1.00] LOG  [ComboTrace] LAUNCH RESULT wanted=1.38m actually moved=0.82m — completed
[ 12182   63.936 x1.00] LOG  [OniBoss] hold-ground: backstep done (1.50m), WATCH (player 2.7m, cooldown 0.9s)
[ 12182   63.936 x1.00] LOG  [OniBoss] Playing animation: Watch
[ 12197   64.012 x1.00] LOG  OniBoss took 10 damage. HP: 270/500
[ 12197   64.012 x1.00] LOG  [OniBoss] Chase → HitReact
[ 12197   64.012 x1.00] LOG  [OniBoss:Layer] react tier: LIGHT (10 dmg) → 'Hit_react_light'
[ 12197   64.012 x1.00] LOG  [Combat] Hit OniBoss for 10
[ 12197   64.012 x1.00] LOG  [CameraGameFeel] Shake: intensity=0.50 duration=0.200s
[ 12197   64.012 x1.00] LOG  [CameraGameFeel] FOV punch: hit light (+1.5°)
[ 12233   64.212 x1.00] LOG  🐾 VFX_AttackPaw triggered!
[ 12286   64.485 x1.00] LOG  [ComboTrace] END step=1 clipProgress=0.85 clipLen=1.23s queued=0 elapsed=1.08s
[ 12287   64.492 x1.00] LOG  🐾⚡ Heavy charge buildup spawned at LeftPawVFX (pos (478.90, 0.55, 435.82)). PS found: True
[ 12287   64.492 x1.00] LOG  [Combat] Charging heavy...
[ 12351   64.813 x1.00] LOG  [OniBoss] HitReact → Chase
[ 12352   64.818 x1.00] LOG  [OniBoss] Playing animation: Watch
[ 12352   64.818 x1.00] LOG  [OniBoss] Chase → Attack
[ 12352   64.818 x1.00] LOG  [OniBoss] Attack: ClubSlam (20 dmg)
[ 12352   64.818 x1.00] LOG  [OniBoss:Trail] ClubSlam trail START at clip 1.00 (transition done).
[ 12431   65.226 x1.00] LOG  [CameraGameFeel] Shake: intensity=0.50 duration=0.400s
[ 12431   65.226 x1.00] LOG  🐾⚡ Heavy charge buildup stopped
[ 12431   65.226 x1.00] LOG  [Combat] Hit react: HitReact_Heavy_2Leg (0.9s)
[ 12431   65.226 x1.00] LOG  [HitReactTrace] asked for 'HitReact_Heavy_2Leg' (0.90s) — blend resolved after 0 ms, now playing a clip 0.92s long at speed 1.00, layer weight 1.00, animator.speed 1.00.
[ 12431   65.226 x1.00] LOG  [CameraGameFeel] Shake: intensity=0.60 duration=0.200s
[ 12431   65.226 x1.00] LOG  [CameraGameFeel] FOV punch: player damage (-3.0°)
[ 12431   65.226 x1.00] LOG  [OniBoss] Hit player for 20 (ClubSlam)
[ 12431   65.226 x1.00] LOG  [OniBoss:Touch] ClubSlam: club TOUCHED Yoru at clip 0.44 — shaft 0.61m from her body line, tip speed 116m/s, ONE FRAME EARLY (predicted). Full club hit delivered this frame.
[ 12507   65.612 x1.00] LOG  [OniBoss:ClubPos] ClubSlam at strike: club tip 0.53m up, 2.91m in front, -0.10m to his right (2.91m out from his centre). Club faces 8deg from his forward, pitch -0.26. (the ground wave is born 1.6m in front of him at 0.35m.)
[ 12507   65.612 x1.00] LOG  [OniBoss:Layer] ClubSlam: club already hit — ground wave released as VISUAL only (0 damage).
[ 12532   65.742 x1.00] LOG  [OniBoss] Attack → Recovery
[ 12532   65.742 x1.00] LOG  [OniBoss] Playing animation: Watch
[ 12532   65.742 x1.00] LOG  [OniBoss:Trail] trail END at clip 0.99, fading over 0.40s.
[ 12532   65.742 x1.00] LOG  [OniBoss:Strike] ClubSlam: club tip closest to Yoru at 0.30m, clip position 0.85 | damage fires at 0.85 | clip 0.93s => MATCHED (within one or two frames)
[ 12561   65.894 x1.00] LOG  [OniBoss] Recovery → Chase
[ 12562   65.898 x1.00] LOG  [OniBoss] hold-ground: BACKSTEP 1.5m (player 2.7m)
[ 12650   66.350 x1.00] LOG  [Combat] Combo 1: 10 dmg
[ 12650   66.350 x1.00] LOG  [ComboTrace] START step=1 state='Combo1' queued=0 target='OniBoss' at 3.4m
[ 12650   66.350 x1.00] LOG  [ComboTrace] LAUNCH OniBoss at 2.1m dist=2.07m in 0.21s
[ 12690   66.557 x1.00] LOG  [ComboTrace] LAUNCH RESULT wanted=2.07m actually moved=1.69m — completed
[ 12746   66.837 x1.00] LOG  [OniBoss] hold-ground: backstep done (1.50m), WATCH (player 2.5m, cooldown 0.9s)
[ 12746   66.837 x1.00] LOG  [OniBoss] Playing animation: Watch
[ 12769   66.962 x1.00] LOG  OniBoss took 10 damage. HP: 260/500
[ 12769   66.962 x1.00] LOG  [OniBoss] Chase → HitReact
[ 12769   66.962 x1.00] LOG  [OniBoss:Layer] react tier: LIGHT (10 dmg) → 'Hit_react_light'
[ 12769   66.962 x1.00] LOG  [Combat] Hit OniBoss for 10
[ 12769   66.962 x1.00] LOG  [CameraGameFeel] Shake: intensity=0.50 duration=0.200s
[ 12769   66.962 x1.00] LOG  [CameraGameFeel] FOV punch: hit light (+1.5°)
[ 12808   67.161 x1.00] LOG  🐾 VFX_AttackPaw triggered!
[ 12860   67.433 x1.00] LOG  [ComboTrace] END step=1 clipProgress=0.85 clipLen=1.23s queued=0 elapsed=1.08s
[ 12861   67.438 x1.00] LOG  🐾⚡ Heavy charge buildup spawned at LeftPawVFX (pos (478.10, 0.55, 437.31)). PS found: True
[ 12861   67.438 x1.00] LOG  [Combat] Charging heavy...
[ 12926   67.764 x1.00] LOG  [OniBoss] HitReact → Chase
[ 12927   67.769 x1.00] LOG  [OniBoss] Playing animation: Watch
[ 12927   67.769 x1.00] LOG  [OniBoss] Combo started: ClubSwing1 → ClubSwing2 → ClubSlam (3 steps remaining)
[ 12927   67.769 x1.00] LOG  [OniBoss] Chase → Attack
[ 12927   67.769 x1.00] LOG  [OniBoss] Attack: Club_Swing (16 dmg)
[ 12927   67.769 x1.00] LOG  [OniBoss:Trail] Club_Swing trail START at clip 1.00 (transition done).
[ 12988   68.069 x1.00] LOG  [Combat] Heavy 30% = 40 dmg
[ 12988   68.069 x1.00] LOG  [ComboTrace] LAUNCH OniBoss at 1.2m dist=1.23m in 0.13s
[ 12988   68.069 x1.00] LOG  🐾⚡ Heavy charge buildup stopped
[ 12988   68.069 x1.00] LOG  🐾⚡ Heavy release VFX spawned at RightPawVFX. PS found: True
[ 12992   68.088 x1.00] LOG  [CameraGameFeel] Shake: intensity=0.20 duration=0.250s
[ 12992   68.088 x1.00] LOG  [Combat] Hit react: HitReact_Light_2Leg (0.5s)
[ 12992   68.088 x1.00] LOG  [CameraGameFeel] Shake: intensity=0.30 duration=0.200s
[ 12992   68.088 x1.00] LOG  [CameraGameFeel] FOV punch: player damage (-2.0°)
[ 12992   68.088 x1.00] LOG  [OniBoss] Hit player for 16 (Club_Swing)
[ 12992   68.088 x1.00] LOG  [OniBoss:Touch] Club_Swing: club TOUCHED Yoru at clip 0.38 — shaft 0.46m from her body line, tip speed 171m/s, ONE FRAME EARLY (predicted). Full club hit delivered this frame.
[ 12997   68.113 x1.00] LOG  [HitReactTrace] asked for 'HitReact_Light_2Leg' (0.50s) — blend resolved after 25 ms, now playing a clip 1.21s long at speed 1.00, layer weight 1.00, animator.speed 1.00.
[ 12999   68.126 x1.00] LOG  [OniBoss:ClubPos] Club_Swing at strike: club tip 3.02m up, 2.63m in front, -2.89m to his right (3.90m out from his centre). Club faces -80deg from his forward, pitch 0.40. (the ground wave is born 1.6m in front of him at 0.35m.)
[ 12999   68.126 x1.00] LOG  [OniBoss:Layer] Club_Swing: club already hit — ground wave released as VISUAL only (0 damage).
[ 13093   68.606 x1.00] LOG  [OniBoss] Attack → Recovery
[ 13093   68.606 x1.00] LOG  [OniBoss] Playing animation: Watch
[ 13093   68.606 x1.00] LOG  [OniBoss:Trail] trail END at clip 0.99, fading over 0.40s.
[ 13093   68.606 x1.00] LOG  [OniBoss:Strike] Club_Swing: club tip closest to Yoru at 0.57m, clip position 0.91 | damage fires at 0.42 | clip 0.84s => damage fires 413 ms BEFORE the club is closest
[ 13122   68.762 x1.00] LOG  [OniBoss] Recovery → Attack
[ 13122   68.762 x1.00] LOG  [OniBoss] Attack: ClubSwing2 (16 dmg)
[ 13122   68.762 x1.00] LOG  [OniBoss:Trail] ClubSwing2 trail START at clip 1.00 (transition still blending).
[ 13154   68.938 x1.00] LOG  [Combat] Combo 1: 10 dmg
[ 13154   68.938 x1.00] LOG  [ComboTrace] START step=1 state='Combo1' queued=0 target='OniBoss' at 2.1m
[ 13154   68.938 x1.00] LOG  [ComboTrace] LAUNCH OniBoss at 0.9m dist=0.88m in 0.13s
[ 13164   68.984 x1.00] LOG  [ComboTrace] END step=1 clipProgress=0.39 clipLen=1.00s queued=0 elapsed=0.05s
[ 13181   69.075 x1.00] LOG  [ComboTrace] LAUNCH RESULT wanted=0.88m actually moved=0.08m — completed
[ 13183   69.091 x1.00] LOG  [CameraGameFeel] Shake: intensity=0.20 duration=0.250s
[ 13183   69.091 x1.00] LOG  [Combat] Hit react: HitReact_Light_2Leg (0.5s)
[ 13183   69.091 x1.00] LOG  [HitReactTrace] asked for 'HitReact_Light_2Leg' (0.50s) — blend resolved after 0 ms, now playing a clip 1.00s long at speed 1.00, layer weight 1.00, animator.speed 1.00.
[ 13183   69.091 x1.00] LOG  [CameraGameFeel] Shake: intensity=0.30 duration=0.200s
[ 13183   69.091 x1.00] LOG  [CameraGameFeel] FOV punch: player damage (-2.0°)
[ 13183   69.091 x1.00] LOG  [OniBoss] Hit player for 20 (ClubSwing2) [combo x1.25]
[ 13183   69.091 x1.00] LOG  [OniBoss:Touch] ClubSwing2: club TOUCHED Yoru at clip 0.28 — shaft 0.68m from her body line, tip speed 92m/s, ONE FRAME EARLY (predicted). Full club hit delivered this frame.
[ 13192   69.143 x1.00] LOG  [OniBoss:ClubPos] ClubSwing2 at strike: club tip 0.04m up, 1.97m in front, 2.22m to his right (2.97m out from his centre). Club faces -3deg from his forward, pitch -0.86. (the ground wave is born 1.6m in front of him at 0.35m.)
[ 13192   69.143 x1.00] LOG  [OniBoss:Layer] ClubSwing2: club already hit — ground wave released as VISUAL only (0 damage).
[ 13350   69.927 x1.00] LOG  [OniBoss] Attack → Recovery
[ 13350   69.927 x1.00] LOG  [OniBoss] Playing animation: Watch
[ 13350   69.927 x1.00] LOG  [OniBoss:Trail] trail END at clip 0.99, fading over 0.40s.
[ 13350   69.927 x1.00] LOG  [OniBoss:Strike] ClubSwing2: club tip closest to Yoru at 1.31m, clip position 0.30 | damage fires at 0.32 | clip 1.17s => MATCHED (within one or two frames)
[ 13357   69.963 x1.00] LOG  🐾⚡ Heavy charge buildup spawned at LeftPawVFX (pos (477.87, 0.55, 437.74)). PS found: True
[ 13357   69.963 x1.00] LOG  [Combat] Charging heavy...
[ 13360   69.986 x1.00] LOG  [Combat] Heavy 1% = 11 dmg
[ 13360   69.986 x1.00] LOG  [ComboTrace] LAUNCH OniBoss at 0.8m dist=0.80m in 0.13s
[ 13360   69.986 x1.00] LOG  🐾⚡ Heavy charge buildup stopped
[ 13360   69.986 x1.00] LOG  🐾⚡ Heavy release VFX spawned at RightPawVFX. PS found: True
[ 13380   70.081 x1.00] LOG  [OniBoss] Recovery → Attack
[ 13380   70.081 x1.00] LOG  [OniBoss] Attack: ClubSlam (20 dmg)
[ 13380   70.081 x1.00] LOG  [OniBoss:Trail] ClubSlam trail START at clip 1.00 (transition still blending).
[ 13386   70.111 x1.00] LOG  [ComboTrace] LAUNCH RESULT wanted=0.80m actually moved=0.00m — completed
[ 13400   70.192 x1.00] LOG  OniBoss took 11 damage (HEAVY). HP: 249/500
[ 13400   70.192 x1.00] LOG  [OniBoss] Attack → Stagger
[ 13400   70.192 x1.00] LOG  [OniBoss] Playing animation: Stagger
[ 13400   70.192 x1.00] LOG  [OniBoss] STAGGERED for 2.5s
[ 13400   70.192 x1.00] LOG  [OniBoss:Layer] heavy knock-back react (11 dmg HEAVY) → 'HitReact_Heavy', down for 1.80s
[ 13400   70.192 x1.00] LOG  [Combat] Hit OniBoss for 11 (heavy)
[ 13400   70.192 x1.00] LOG  [CameraGameFeel] Shake: intensity=0.75 duration=0.200s
[ 13400   70.192 x1.00] LOG  [CameraGameFeel] FOV punch: hit heavy (+4.0°)
[ 13401   70.198 x1.00] LOG  [OniBoss] ⚡ PHASE 2 ACTIVATED
[ 13401   70.198 x1.00] LOG  [OniBoss:Trail] trail END at clip 0.12, fading over 0.40s.
[ 13401   70.198 x1.00] LOG  [OniBoss] STAGGERED (parry) for 3s
[ 13401   70.198 x1.00] LOG  [OniBoss:Layer] PHASE 2: transition 'Phase_Transition' driven at x0.60 + 0.6s hold — untouchable, roar at 0.60
[ 13402   70.202 x1.00] LOG  [StormWeather] ⚡ strike at (489.75, 45.00, 438.50)
[ 13402   70.202 x1.00] LOG  [StormWeather] PHASE 2 - storm breaking.
[ 13402   70.202 x1.00] LOG  [OniBoss:Layer] PHASE 2: clip is 2.42s → 4.63s on screen
[ 13403   70.208 x1.00] LOG  [Combat] Queued click #1 (combo 0)
[ 13403   70.208 x1.00] LOG  [ComboTrace] QUEUED #1 during step 0
[ 13467   70.549 x1.00] LOG  [ComboTrace] END step=0 clipProgress=0.81 clipLen=0.60s queued=0 elapsed=0.56s
[ 13481   70.628 x1.00] LOG  [ComboTrace] CLICK DROPPED by attackCooldown (0.10s, 0.08s since last attack) step=0
[ 13542   70.950 x1.00] LOG  [Combat] Combo 1: 10 dmg
[ 13542   70.950 x1.00] LOG  [ComboTrace] START step=1 state='Combo1' queued=0 target='OniBoss' at 2.9m
[ 13542   70.950 x1.00] LOG  [ComboTrace] LAUNCH OniBoss at 1.6m dist=1.60m in 0.16s
[ 13574   71.112 x1.00] LOG  [ComboTrace] LAUNCH RESULT wanted=1.60m actually moved=0.90m — completed
[ 13581   71.154 x1.00] LOG  [Combat] Queued click #1 (combo 1)
[ 13581   71.154 x1.00] LOG  [ComboTrace] QUEUED #1 during step 1
[ 13660   71.563 x1.00] LOG  [Combat] Hit OniBoss for 10
[ 13660   71.563 x1.00] LOG  [CameraGameFeel] Shake: intensity=0.50 duration=0.200s
[ 13660   71.563 x1.00] LOG  [CameraGameFeel] FOV punch: hit light (+1.5°)
[ 13697   71.761 x1.00] LOG  🐾 VFX_AttackPaw triggered!
[ 13723   71.903 x1.00] LOG  [Combat] Combo 2: 20 dmg
[ 13723   71.903 x1.00] LOG  [ComboTrace] START step=2 state='Combo2' queued=0 target='OniBoss' at 2.0m
[ 13723   71.903 x1.00] LOG  [ComboTrace] LAUNCH OniBoss at 0.8m dist=0.80m in 0.13s
[ 13748   72.037 x1.00] LOG  [ComboTrace] LAUNCH RESULT wanted=0.80m actually moved=0.00m — completed
[ 13862   72.617 x1.00] LOG  [CameraGameFeel] Shake: intensity=0.60 duration=0.500s
[ 13862   72.617 x1.00] LOG  [OniBoss:Layer] PHASE 2: roar at 2.42s
[ 13863   72.624 x1.00] LOG  [BossBar] Bar switched to phase 2
[ 13863   72.624 x1.00] LOG  [OniBoss:Layer] boss bar → phase 2 crimson
[ 13880   72.714 x1.00] LOG  🐾🐾 VFX_TowPaw triggered!
[ 13885   72.742 x1.00] LOG  [Combat] Hit OniBoss for 20
[ 13885   72.742 x1.00] LOG  [CameraGameFeel] Shake: intensity=0.50 duration=0.200s
[ 13885   72.742 x1.00] LOG  [CameraGameFeel] FOV punch: hit light (+1.5°)
[ 13908   72.858 x1.00] LOG  
==================== [FREEZE-DEBUG v3] ====================
  Reason : WASD-NOMOVE: WASD recent + speed 0.00m/s for 0.40s
  Time   : 69.932s   Frame: 13908   Snaps: 60
===========================================================

--- CURRENT STATE ---
  Flags: atk=True hvy=False dod=False dsh=False
         grd=False hit=False aerial=False lockPos=False
         comboStep=2
  Anim : speed=1.00  combatLayer hash=-1303381580 normT=0.517 weight=1.00 inTransition=False
  CC   : grounded=True  enabled=True  pos=(477.09, -0.02, 438.35)  vel=(0.00, 0.00, 0.00)
  Move : IsRunning=False
  Input: H=0.00 V=0.00  LMB=False MMB=False Q=False Sp=False Sh=False C=False
         WASD pressed in last 0.5s: True (last 0.20s ago)

--- FLIGHT RECORDER (60 snapshots, oldest first, dt=0.10s) ---
  Legend: flags = A(tk) H(vy) D(od) S(sh) G(rd) R(eact) Y(aerial) L(ock)   gnd/cc: Y/n
  t-now    flags     step gnd cc anSp normT layW tr | posX     posZ     spd   | H    V    LMB MMB Q  Sp Sh C
  ------   --------  ---- --- -- ---- ----- ---- -- | -----    -----    ----  | ---- ---- --- --- -- -- -- -
  - 6.09s  A-------    1  Y   Y  1.00  0.34 1.00 -  |   477.7    437.1  0.00 |  0.0  0.0 1   0   0  0  0  0
  - 5.99s  A-------    1  Y   Y  1.00  0.42 1.00 -  |   477.7    437.1  0.00 |  0.0  0.0 1   0   0  0  0  0
  - 5.89s  A-------    1  Y   Y  0.00  0.50 1.00 -  |   477.7    437.1  0.00 |  0.0  0.0 1   0   0  0  0  0
  - 5.78s  A-------    1  Y   Y  1.00  0.56 1.00 -  |   477.7    437.1  0.00 |  0.0  0.0 1   0   0  0  0  0
  - 5.68s  A-------    1  Y   Y  1.00  0.64 1.00 -  |   477.7    437.1  0.00 |  0.0  0.0 1   0   0  0  0  0
  - 5.58s  A-------    1  Y   Y  1.00  0.72 1.00 -  |   477.7    437.1  0.00 |  0.0  0.0 1   0   0  0  0  0
  - 5.48s  A-------    1  Y   Y  1.00  0.80 1.00 -  |   477.7    437.1  0.00 |  0.0  0.0 1   0   0  0  0  0
  - 5.37s  -H------    0  Y   Y  1.00  0.89 1.00 T  |   477.7    437.1  0.00 |  0.0  0.0 1   0   0  0  0  0
  - 5.27s  -H------    0  Y   Y  1.00  0.16 1.00 -  |   477.7    437.1  0.00 |  0.0  0.0 1   0   0  0  0  0
  - 5.16s  -H------    0  Y   Y  1.00  0.27 1.00 -  |   477.7    437.1  0.00 |  0.0  0.0 1   0   0  0  0  0
  - 5.06s  -H------    0  Y   Y  1.00  0.39 1.00 -  |   477.7    437.1  0.00 |  0.0  0.0 1   0   0  0  0  0
  - 4.96s  -H------    0  Y   Y  1.00  0.50 1.00 -  |   477.7    437.1  0.00 |  0.0  0.0 1   0   0  0  0  0
  - 4.86s  -H------    0  Y   Y  1.00  0.61 1.00 -  |   477.7    437.1  0.00 |  0.0  0.0 1   0   0  0  0  0
  - 4.75s  -----R--    0  Y   Y  1.00  0.71 1.00 T  |   477.6    437.5  0.00 |  0.0  0.0 0   0   0  0  0  0
  - 4.65s  -----R--    0  Y   Y  1.00  0.17 1.00 -  |   477.6    437.5  0.00 |  0.0  0.0 0   0   0  0  0  0
  - 4.55s  -----R--    0  Y   Y  1.00  0.26 1.00 -  |   477.6    437.5  0.00 |  0.0  0.0 0   0   0  0  0  0
  - 4.45s  -----R--    0  Y   Y  1.00  0.34 1.00 -  |   477.6    437.5  0.00 |  0.0  0.0 0   0   0  0  0  0
  - 4.34s  -----R--    0  Y   Y  1.00  0.43 1.00 -  |   477.6    437.5  0.00 |  0.0  0.0 0   0   0  0  0  0
  - 4.23s  --------    0  Y   Y  1.00  0.51 1.00 T  |   477.6    437.5  0.00 |  0.0  0.0 0   0   0  0  0  0
  - 4.13s  --------    0  Y   Y  1.00  0.13 1.00 -  |   477.6    437.5  0.00 |  0.0  0.0 0   0   0  0  0  0
  - 4.03s  --------    0  Y   Y  1.00  0.24 1.00 -  |   477.6    437.5  0.00 |  0.0  0.0 1   0   0  0  0  0
  - 3.92s  --------    0  Y   Y  1.00  0.34 1.00 -  |   477.6    437.5  0.00 |  0.0  0.0 1   0   0  0  0  0
  - 3.82s  --------    1  Y   Y  1.00  0.39 1.00 T  |   477.5    437.6  0.00 |  0.0  0.0 0   0   0  0  0  0
  - 3.72s  -----R--    0  Y   Y  1.00  0.11 1.00 -  |   477.5    437.6  0.00 |  0.0  0.0 0   0   0  0  0  0
  - 3.61s  -----R--    0  Y   Y  1.00  0.20 1.00 -  |   477.5    437.6  0.00 |  0.0  0.0 0   0   0  0  0  0
  - 3.51s  -----R--    0  Y   Y  1.00  0.29 1.00 -  |   477.5    437.6  0.00 |  0.0  0.0 0   0   0  0  0  0
  - 3.40s  -----R--    0  Y   Y  1.00  0.37 1.00 -  |   477.5    437.6  0.00 |  0.0  0.0 1   0   0  0  0  0
  - 3.30s  -----R--    0  Y   Y  1.00  0.46 1.00 -  |   477.5    437.6  0.00 |  0.0  0.0 1   0   0  0  0  0
  - 3.20s  --------    0  Y   Y  1.00  0.54 1.00 T  |   477.5    437.6  0.00 |  0.0  0.0 0   0   0  0  0  0
  - 3.10s  --------    0  Y   Y  1.00  0.16 1.00 -  |   477.5    437.6  0.00 |  0.0  0.0 1   0   0  0  0  0
  - 2.99s  --------    0  Y   Y  1.00  0.26 1.00 -  |   477.5    437.6  0.00 |  0.0  0.0 1   0   0  0  0  0
  - 2.89s  -H------    0  Y   Y  1.00  0.37 1.00 T  |   477.5    437.6  0.00 |  0.0  0.0 1   0   0  0  0  0
  - 2.79s  A-------    0  Y   Y  1.00  0.13 1.00 -  |   477.5    437.6  0.00 |  0.0  0.0 0   0   0  0  0  0
  - 2.68s  A-------    0  Y   Y  1.00  0.30 1.00 -  |   477.5    437.6  0.00 |  0.0  0.0 1   0   0  0  0  0
  - 2.58s  A-------    0  Y   Y  1.00  0.36 1.00 -  |   477.5    437.6  0.00 |  0.0  0.0 0   0   0  1  0  0
  - 2.48s  A-------    0  Y   Y  1.00  0.52 1.00 -  |   477.5    437.6  0.00 |  0.0  0.0 0   0   0  1  0  0
  - 2.37s  A-------    0  Y   Y  1.00  0.70 1.00 -  |   477.5    437.6  0.00 |  0.0  0.0 1   0   0  0  0  0
  - 2.27s  --------    0  Y   Y  1.00  0.86 1.00 T  |   477.5    437.6  0.00 |  0.0  0.0 1   0   0  0  0  0
  - 2.17s  --------    0  Y   Y  1.00  0.13 1.00 -  |   477.5    437.6  0.00 |  0.0  0.0 0   0   0  0  0  0
  - 2.07s  --------    0  Y   Y  1.00  0.23 1.00 -  |   477.5    437.6  0.00 |  0.0  0.0 1   0   0  0  0  0
  - 1.96s  --------    0  Y   Y  1.00  0.33 1.00 -  |   477.5    437.6  0.00 |  0.0  0.0 1   0   0  0  0  0
  - 1.86s  A-------    1  Y   Y  1.00  0.43 1.00 T  |   477.2    438.2  0.00 |  0.0  0.0 0   0   0  0  0  0
  - 1.76s  A-------    1  Y   Y  1.00  0.12 1.00 -  |   477.1    438.3  0.00 |  0.0  0.0 1   0   0  0  0  0
  - 1.66s  A-------    1  Y   Y  1.00  0.20 1.00 -  |   477.1    438.3  0.00 |  0.0  0.0 0   0   0  0  0  0
  - 1.55s  A-------    1  Y   Y  1.00  0.28 1.00 -  |   477.1    438.3  0.00 |  0.0  0.0 0   0   0  0  0  0
  - 1.45s  A-------    1  Y   Y  1.00  0.37 1.00 -  |   477.1    438.3  0.00 |  0.0  0.0 0   0   0  0  0  0
  - 1.35s  A-------    1  Y   Y  1.00  0.45 1.00 -  |   477.1    438.3  0.00 |  0.0  0.0 0   0   0  0  0  0
  - 1.24s  A-------    1  Y   Y  1.00  0.50 1.00 -  |   477.1    438.3  0.00 |  0.0  0.0 0   0   0  0  0  0
  - 1.14s  A-------    1  Y   Y  1.00  0.59 1.00 -  |   477.1    438.3  0.00 |  0.0  0.0 0   0   0  0  0  0
  - 1.04s  A-------    1  Y   Y  1.00  0.67 1.00 -  |   477.1    438.3  0.00 |  0.0  0.0 0   0   0  0  0  0
  - 0.93s  A-------    2  Y   Y  1.00  0.75 1.00 T  |   477.1    438.3  0.00 |  0.0  0.0 0   0   0  0  0  0
  - 0.83s  A-------    2  Y   Y  1.00  0.07 1.00 -  |   477.1    438.3  0.00 |  0.0  0.0 0   0   0  0  0  0
  - 0.73s  A-------    2  Y   Y  1.00  0.12 1.00 -  |   477.1    438.3  0.00 |  0.0  0.0 0   0   0  0  0  0
  - 0.63s  A-------    2  Y   Y  1.00  0.18 1.00 -  |   477.1    438.3  0.00 |  0.0  0.0 0   0   0  0  0  0
  - 0.52s  A-------    2  Y   Y  1.00  0.24 1.00 -  |   477.1    438.3  0.00 |  0.0  0.0 0   0   0  0  0  0
  - 0.42s  A-------    2  Y   Y  1.00  0.30 1.00 -  |   477.1    438.3  0.00 |  0.0  0.0 0   0   0  0  0  0
  - 0.31s  A-------    2  Y   Y  1.00  0.36 1.00 -  |   477.1    438.3  0.00 |  0.0 -1.0 0   0   0  0  0  0
  - 0.21s  A-------    2  Y   Y  1.00  0.42 1.00 -  |   477.1    438.3  0.00 |  0.0 -1.0 0   0   0  0  0  0
  - 0.11s  A-------    2  Y   Y  0.00  0.48 1.00 -  |   477.1    438.3  0.00 |  0.0  0.0 0   0   0  0  0  0
  - 0.01s  A-------    2  Y   Y  1.00  0.51 1.00 -  |   477.1    438.3  0.00 |  0.0  0.0 0   0   0  0  0  0
=========================================================== END

[ 13978   73.238 x1.00] LOG  🐾🐾 VFX_TowPaw triggered!
[ 14013   73.406 x1.00] LOG  [ComboTrace] END step=2 clipProgress=0.83 clipLen=1.75s queued=0 elapsed=1.50s
[ 14284   74.828 x1.00] LOG  [OniBoss] Stagger → Chase
[ 14284   74.828 x1.00] LOG  [OniBoss:Layer] PHASE 2: transition over after 4.63s real — he is back, and angrier
[ 14285   74.834 x1.00] LOG  [OniBoss] Playing animation: Idle
[ 14285   74.834 x1.00] LOG  [OniBoss] Combo started: ClubSwing1 → ClubSwing2 → ClubSlam (3 steps remaining)
[ 14285   74.834 x1.00] LOG  [OniBoss] Chase → Attack
[ 14285   74.834 x1.00] LOG  [OniBoss] Attack: Club_Swing (16 dmg)
[ 14285   74.834 x1.00] LOG  [OniBoss:Trail] Club_Swing trail START at clip 1.00 (transition done).
[ 14342   75.154 x1.00] LOG  [CameraGameFeel] Shake: intensity=0.20 duration=0.250s
[ 14342   75.154 x1.00] LOG  [Combat] Hit react: HitReact_Light_2Leg (0.5s)
[ 14342   75.154 x1.00] LOG  [HitReactTrace] asked for 'HitReact_Light_2Leg' (0.50s) — blend resolved after 0 ms, now playing a clip 1.00s long at speed 1.00, layer weight 1.00, animator.speed 1.00.
[ 14342   75.154 x1.00] LOG  [CameraGameFeel] Shake: intensity=0.30 duration=0.200s
[ 14342   75.154 x1.00] LOG  [CameraGameFeel] FOV punch: player damage (-2.0°)
[ 14342   75.154 x1.00] LOG  [OniBoss] Hit player for 16 (Club_Swing)
[ 14342   75.154 x1.00] LOG  [OniBoss:Touch] Club_Swing: club TOUCHED Yoru at clip 0.38 — shaft 0.63m from her body line, tip speed 170m/s. Full club hit delivered this frame.
[ 14349   75.202 x1.00] LOG  [OniBoss:ClubPos] Club_Swing at strike: club tip 3.04m up, 1.58m in front, -3.26m to his right (3.62m out from his centre). Club faces -102deg from his forward, pitch 0.41. (the ground wave is born 1.6m in front of him at 0.35m.)
[ 14349   75.202 x1.00] LOG  [OniBoss:Layer] Club_Swing: club already hit — ground wave released as VISUAL only (0 damage).
[ 14434   75.674 x1.00] LOG  [OniBoss] Attack → Recovery
[ 14434   75.674 x1.00] LOG  [OniBoss] Playing animation: Watch
[ 14434   75.674 x1.00] LOG  [OniBoss:Trail] trail END at clip 0.99, fading over 0.40s.
[ 14434   75.674 x1.00] LOG  [OniBoss:Strike] Club_Swing: club tip closest to Yoru at 0.99m, clip position 0.92 | damage fires at 0.42 | clip 0.84s => damage fires 418 ms BEFORE the club is closest
[ 14459   75.824 x1.00] LOG  [OniBoss] Recovery → Attack
[ 14459   75.824 x1.00] LOG  [OniBoss] Attack: ClubSwing2 (16 dmg)
[ 14459   75.824 x1.00] LOG  [OniBoss:Trail] ClubSwing2 trail START at clip 1.00 (transition still blending).
[ 14521   76.174 x1.00] LOG  [CameraGameFeel] Shake: intensity=0.20 duration=0.250s
[ 14521   76.174 x1.00] LOG  [Combat] Hit react: HitReact_Light_2Leg (0.5s)
[ 14521   76.174 x1.00] LOG  [HitReactTrace] asked for 'HitReact_Light_2Leg' (0.50s) — blend resolved after 0 ms, now playing a clip 1.00s long at speed 1.00, layer weight 1.00, animator.speed 1.00.
[ 14521   76.174 x1.00] LOG  [CameraGameFeel] Shake: intensity=0.30 duration=0.200s
[ 14521   76.174 x1.00] LOG  [CameraGameFeel] FOV punch: player damage (-2.0°)
[ 14521   76.174 x1.00] LOG  [OniBoss] Hit player for 20 (ClubSwing2) [combo x1.25]
[ 14521   76.174 x1.00] LOG  [OniBoss:Touch] ClubSwing2: club TOUCHED Yoru at clip 0.30 — shaft 0.48m from her body line, tip speed 106m/s. Full club hit delivered this frame.
[ 14526   76.204 x1.00] LOG  [OniBoss:ClubPos] ClubSwing2 at strike: club tip 0.04m up, 1.97m in front, 2.23m to his right (2.97m out from his centre). Club faces -3deg from his forward, pitch -0.86. (the ground wave is born 1.6m in front of him at 0.35m.)
[ 14526   76.204 x1.00] LOG  [OniBoss:Layer] ClubSwing2: club already hit — ground wave released as VISUAL only (0 damage).
[ 14647   76.864 x1.00] LOG  
==================== [FREEZE-DEBUG v3] ====================
  Reason : WASD-NOMOVE: WASD recent + speed 0.00m/s for 0.40s
  Time   : 73.939s   Frame: 14647   Snaps: 60
===========================================================

--- CURRENT STATE ---
  Flags: atk=False hvy=False dod=False dsh=False
         grd=False hit=False aerial=False lockPos=False
         comboStep=0
  Anim : speed=1.00  combatLayer hash=-792875657 normT=0.176 weight=1.00 inTransition=False
  CC   : grounded=True  enabled=True  pos=(476.84, -0.02, 437.17)  vel=(0.00, 0.00, 0.00)
  Move : IsRunning=False
  Input: H=0.00 V=-1.00  LMB=False MMB=False Q=False Sp=False Sh=False C=False
         WASD pressed in last 0.5s: True (last 0.00s ago)

--- FLIGHT RECORDER (60 snapshots, oldest first, dt=0.10s) ---
  Legend: flags = A(tk) H(vy) D(od) S(sh) G(rd) R(eact) Y(aerial) L(ock)   gnd/cc: Y/n
  t-now    flags     step gnd cc anSp normT layW tr | posX     posZ     spd   | H    V    LMB MMB Q  Sp Sh C
  ------   --------  ---- --- -- ---- ----- ---- -- | -----    -----    ----  | ---- ---- --- --- -- -- -- -
  - 6.08s  --------    0  Y   Y  1.00  0.23 1.00 -  |   477.5    437.6  0.00 |  0.0  0.0 1   0   0  0  0  0
  - 5.97s  --------    0  Y   Y  1.00  0.33 1.00 -  |   477.5    437.6  0.00 |  0.0  0.0 1   0   0  0  0  0
  - 5.87s  A-------    1  Y   Y  1.00  0.43 1.00 T  |   477.2    438.2  0.00 |  0.0  0.0 0   0   0  0  0  0
  - 5.76s  A-------    1  Y   Y  1.00  0.12 1.00 -  |   477.1    438.3  0.00 |  0.0  0.0 1   0   0  0  0  0
  - 5.66s  A-------    1  Y   Y  1.00  0.20 1.00 -  |   477.1    438.3  0.00 |  0.0  0.0 0   0   0  0  0  0
  - 5.56s  A-------    1  Y   Y  1.00  0.28 1.00 -  |   477.1    438.3  0.00 |  0.0  0.0 0   0   0  0  0  0
  - 5.46s  A-------    1  Y   Y  1.00  0.37 1.00 -  |   477.1    438.3  0.00 |  0.0  0.0 0   0   0  0  0  0
  - 5.36s  A-------    1  Y   Y  1.00  0.45 1.00 -  |   477.1    438.3  0.00 |  0.0  0.0 0   0   0  0  0  0
  - 5.25s  A-------    1  Y   Y  1.00  0.50 1.00 -  |   477.1    438.3  0.00 |  0.0  0.0 0   0   0  0  0  0
  - 5.15s  A-------    1  Y   Y  1.00  0.59 1.00 -  |   477.1    438.3  0.00 |  0.0  0.0 0   0   0  0  0  0
  - 5.05s  A-------    1  Y   Y  1.00  0.67 1.00 -  |   477.1    438.3  0.00 |  0.0  0.0 0   0   0  0  0  0
  - 4.94s  A-------    2  Y   Y  1.00  0.75 1.00 T  |   477.1    438.3  0.00 |  0.0  0.0 0   0   0  0  0  0
  - 4.84s  A-------    2  Y   Y  1.00  0.07 1.00 -  |   477.1    438.3  0.00 |  0.0  0.0 0   0   0  0  0  0
  - 4.74s  A-------    2  Y   Y  1.00  0.12 1.00 -  |   477.1    438.3  0.00 |  0.0  0.0 0   0   0  0  0  0
  - 4.63s  A-------    2  Y   Y  1.00  0.18 1.00 -  |   477.1    438.3  0.00 |  0.0  0.0 0   0   0  0  0  0
  - 4.53s  A-------    2  Y   Y  1.00  0.24 1.00 -  |   477.1    438.3  0.00 |  0.0  0.0 0   0   0  0  0  0
  - 4.43s  A-------    2  Y   Y  1.00  0.30 1.00 -  |   477.1    438.3  0.00 |  0.0  0.0 0   0   0  0  0  0
  - 4.32s  A-------    2  Y   Y  1.00  0.36 1.00 -  |   477.1    438.3  0.00 |  0.0 -1.0 0   0   0  0  0  0
  - 4.22s  A-------    2  Y   Y  1.00  0.42 1.00 -  |   477.1    438.3  0.00 |  0.0 -1.0 0   0   0  0  0  0
  - 4.12s  A-------    2  Y   Y  0.00  0.48 1.00 -  |   477.1    438.3  0.00 |  0.0  0.0 0   0   0  0  0  0
  - 4.02s  A-------    2  Y   Y  1.00  0.51 1.00 -  |   477.1    438.3  0.00 |  0.0  0.0 0   0   0  0  0  0
  - 3.91s  A-------    2  Y   Y  1.00  0.57 1.00 -  |   477.1    438.3  0.00 |  0.0  0.0 0   0   0  0  0  0
  - 3.81s  A-------    2  Y   Y  1.00  0.63 1.00 -  |   477.1    438.3  0.00 |  0.0  0.0 0   0   0  0  0  0
  - 3.71s  A-------    2  Y   Y  1.00  0.69 1.00 -  |   477.1    438.3  0.00 |  0.0  0.0 0   0   0  0  0  0
  - 3.61s  A-------    2  Y   Y  1.00  0.74 1.00 -  |   477.1    438.3  0.00 |  0.0  0.0 0   0   0  0  0  0
  - 3.51s  A-------    2  Y   Y  1.00  0.80 1.00 -  |   477.1    438.3  0.00 |  0.0  0.0 0   0   0  0  0  0
  - 3.40s  --------    2  Y   Y  1.00  0.86 1.00 T  |   477.1    438.3  0.00 |  0.0  0.0 0   0   0  0  0  0
  - 3.30s  --------    2  Y   Y  1.00  0.15 1.00 -  |   477.1    438.3  0.00 |  0.0  0.0 0   0   0  0  0  0
  - 3.20s  --------    2  Y   Y  1.00  0.24 1.00 -  |   477.1    438.3  0.00 |  0.0  0.0 0   0   0  0  0  0
  - 3.10s  --------    2  Y   Y  1.00  0.35 1.00 -  |   477.1    438.3  0.00 |  0.0  0.0 0   0   0  0  0  0
  - 2.99s  --------    2  Y   Y  1.00  0.46 1.00 -  |   477.1    438.3  0.00 |  0.0  0.0 0   0   0  0  0  0
  - 2.89s  --------    2  Y   Y  1.00  0.56 1.00 -  |   477.1    438.3  0.00 |  0.0  0.0 0   0   0  0  0  0
  - 2.79s  --------    2  Y   Y  1.00  0.66 1.00 -  |   477.1    438.3  0.00 |  0.0  0.0 0   0   0  0  0  0
  - 2.69s  --------    2  Y   Y  1.00  0.76 1.00 -  |   477.1    438.3  0.00 |  0.0  0.0 0   0   0  0  0  0
  - 2.59s  --------    2  Y   Y  1.00  0.86 1.00 -  |   477.1    438.3  0.00 |  0.0  0.0 0   0   0  0  0  0
  - 2.48s  --------    2  Y   Y  1.00  0.96 1.00 -  |   477.1    438.3  0.00 |  0.0  0.0 0   0   0  0  0  0
  - 2.38s  --------    2  Y   Y  1.00  1.07 1.00 -  |   477.1    438.3  0.00 |  0.0  0.0 0   0   0  0  0  0
  - 2.28s  --------    2  Y   Y  1.00  1.17 1.00 -  |   477.1    438.3  0.00 |  0.0  0.0 0   0   0  0  0  0
  - 2.18s  --------    2  Y   Y  1.00  1.27 1.00 -  |   477.1    438.3  0.00 |  0.0  0.0 0   0   0  0  0  0
  - 2.08s  --------    2  Y   Y  1.00  1.37 1.00 -  |   477.1    438.3  0.00 |  0.0  0.0 0   0   0  0  0  0
  - 1.97s  --------    2  Y   Y  1.00  1.47 1.00 -  |   477.1    438.2  0.00 |  0.0 -1.0 0   0   0  0  0  0
  - 1.87s  --------    2  Y   Y  1.00  1.58 1.00 -  |   477.0    438.0  0.00 |  0.0 -1.0 0   0   0  0  0  0
  - 1.77s  --------    2  Y   Y  1.00  1.68 1.00 -  |   477.0    437.8  0.00 |  0.0 -1.0 0   0   0  0  0  0
  - 1.67s  -----R--    0  Y   Y  1.00  0.10 1.00 -  |   476.9    437.7  0.00 |  0.0 -1.0 0   0   0  0  0  0
  - 1.57s  -----R--    0  Y   Y  1.00  0.19 1.00 -  |   476.9    437.7  0.00 |  0.0 -1.0 0   0   0  0  0  0
  - 1.46s  -----R--    0  Y   Y  1.00  0.28 1.00 -  |   476.9    437.7  0.00 |  0.0  0.0 0   0   0  0  0  0
  - 1.36s  -----R--    0  Y   Y  1.00  0.36 1.00 -  |   476.9    437.7  0.00 |  0.0  0.0 0   0   0  0  0  0
  - 1.26s  -----R--    0  Y   Y  1.00  0.45 1.00 -  |   476.9    437.7  0.00 |  0.0  0.0 0   0   0  0  0  0
  - 1.15s  --------    0  Y   Y  1.00  0.53 1.00 T  |   476.9    437.7  0.00 |  0.0  0.0 0   0   0  0  0  0
  - 1.05s  --------    0  Y   Y  1.00  0.14 1.00 -  |   476.9    437.7  0.00 |  0.0  0.0 0   0   0  0  0  0
  - 0.95s  --------    0  Y   Y  1.00  0.25 1.00 -  |   476.9    437.7  0.00 |  0.0  0.0 0   0   0  0  0  0
  - 0.85s  --------    0  Y   Y  1.00  0.35 1.00 -  |   476.9    437.7  0.00 |  0.0  0.0 0   0   0  0  0  0
  - 0.75s  --------    0  Y   Y  1.00  0.45 1.00 -  |   476.9    437.6  0.00 |  0.0 -1.0 0   0   0  0  0  0
  - 0.64s  -----R--    0  Y   Y  1.00  0.11 1.00 -  |   476.9    437.5  0.00 |  0.0 -1.0 0   0   0  0  0  0
  - 0.54s  -----R--    0  Y   Y  1.00  0.20 1.00 -  |   476.9    437.5  0.00 |  0.0 -1.0 0   0   0  0  0  0
  - 0.44s  -----R--    0  Y   Y  1.00  0.28 1.00 -  |   476.9    437.5  0.00 |  0.0 -1.0 0   0   0  0  0  0
  - 0.34s  -----R--    0  Y   Y  1.00  0.37 1.00 -  |   476.9    437.5  0.00 |  0.0 -1.0 0   0   0  0  0  0
  - 0.23s  -----R--    0  Y   Y  1.00  0.45 1.00 -  |   476.9    437.5  0.00 |  0.0 -1.0 0   0   0  0  0  0
  - 0.13s  --------    0  Y   Y  1.00  0.54 1.00 T  |   476.9    437.4  0.00 |  0.0 -1.0 0   0   0  0  0  0
  - 0.03s  --------    0  Y   Y  1.00  0.16 1.00 -  |   476.8    437.2  0.00 |  0.0 -1.0 0   0   0  0  0  0
=========================================================== END

[ 14671   76.989 x1.00] LOG  [OniBoss] Attack → Recovery
[ 14671   76.989 x1.00] LOG  [OniBoss] Playing animation: Watch
[ 14671   76.989 x1.00] LOG  [OniBoss:Trail] trail END at clip 0.99, fading over 0.40s.
[ 14671   76.989 x1.00] LOG  [OniBoss:Strike] ClubSwing2: club tip closest to Yoru at 0.72m, clip position 0.30 | damage fires at 0.32 | clip 1.17s => MATCHED (within one or two frames)
[ 14694   77.145 x1.00] LOG  [OniBoss] Recovery → Attack
[ 14694   77.145 x1.00] LOG  [OniBoss] Attack: ClubSlam (20 dmg)
[ 14694   77.145 x1.00] LOG  [OniBoss:Trail] ClubSlam trail START at clip 1.00 (transition still blending).
[ 14724   77.305 x1.00] LOG  [OniBoss:Layer] step-in: 'ClubSlam' closed 0.81m, Yoru now 3.0m away (range 3.5)
[ 14727   77.319 x1.00] LOG  [OniBoss:Layer] step-in: 'ClubSlam' closed 0.85m, Yoru now 3.0m away (range 3.5)
[ 14731   77.338 x1.00] LOG  [OniBoss:Layer] step-in: 'ClubSlam' closed 0.89m, Yoru now 3.0m away (range 3.5)
[ 14735   77.359 x1.00] LOG  [OniBoss:Layer] step-in: 'ClubSlam' closed 0.93m, Yoru now 3.0m away (range 3.5)
[ 14740   77.378 x1.00] LOG  [OniBoss:Layer] step-in: 'ClubSlam' closed 0.97m, Yoru now 3.0m away (range 3.5)
[ 14745   77.403 x1.00] LOG  [OniBoss:Layer] step-in: 'ClubSlam' closed 1.00m, Yoru now 3.0m away (range 3.5)
[ 14748   77.425 x1.00] LOG  [OniBoss:Layer] step-in: 'ClubSlam' closed 1.04m, Yoru now 3.0m away (range 3.5)
[ 14774   77.560 x1.00] LOG  [CameraGameFeel] Shake: intensity=0.50 duration=0.400s
[ 14774   77.560 x1.00] LOG  [Combat] Hit react: HitReact_Heavy_2Leg (0.9s)
[ 14774   77.560 x1.00] LOG  [HitReactTrace] asked for 'HitReact_Heavy_2Leg' (0.90s) — blend resolved after 0 ms, now playing a clip 1.00s long at speed 1.00, layer weight 1.00, animator.speed 1.00.
[ 14774   77.560 x1.00] LOG  [CameraGameFeel] Shake: intensity=0.60 duration=0.200s
[ 14774   77.560 x1.00] LOG  [CameraGameFeel] FOV punch: player damage (-3.0°)
[ 14774   77.560 x1.00] LOG  [OniBoss] Hit player for 30 (ClubSlam) [combo x1.50]
[ 14774   77.560 x1.00] LOG  [OniBoss:Touch] ClubSlam: club TOUCHED Yoru at clip 0.45 — shaft 0.70m from her body line, tip speed 113m/s, ONE FRAME EARLY (predicted). Full club hit delivered this frame.
[ 14841   77.947 x1.00] LOG  [OniBoss:ClubPos] ClubSlam at strike: club tip 0.59m up, 2.90m in front, -0.24m to his right (2.91m out from his centre). Club faces 4deg from his forward, pitch -0.25. (the ground wave is born 1.6m in front of him at 0.35m.)
[ 14841   77.947 x1.00] LOG  [OniBoss:Layer] ClubSlam: club already hit — ground wave released as VISUAL only (0 damage), finisher size x2.0.
[ 14862   78.075 x1.00] LOG  [OniBoss] Attack → Recovery
[ 14862   78.075 x1.00] LOG  [OniBoss] Playing animation: Watch
[ 14862   78.075 x1.00] LOG  [OniBoss:Trail] trail END at clip 0.99, fading over 0.40s.
[ 14862   78.075 x1.00] LOG  [OniBoss:Strike] ClubSlam: club tip closest to Yoru at 0.65m, clip position 0.83 | damage fires at 0.85 | clip 0.93s => MATCHED (within one or two frames)
[ 14887   78.225 x1.00] LOG  [OniBoss] Recovery → Chase
[ 14888   78.229 x1.00] LOG  [OniBoss] hold-ground: BACKSTEP 1.5m (player 3.2m)
[ 15007   78.914 x1.00] LOG  [OniBoss] hold-ground: backstep done (1.09m), WATCH (player 4.3m, cooldown 0.5s)
[ 15007   78.914 x1.00] LOG  [OniBoss] Playing animation: Watch
[ 15071   79.292 x1.00] LOG  [StormWeather] terrain layers restored to dry values.
# end — 901 lines
