# Oni combat log — 2026-09-07 16:17:00
# Unity 6000.2.7f2 | scene 'CaveScene_Oni_Boss1' | platform OSXEditor
# columns: [frame realSeconds timeScale] KIND message      (KIND: LOG WARN ERR EXC TEL)
#
[     0    0.000 x1.00] LOG  [OniLog] console + telemetry → /Users/asenahazal/Documents/Yoru/OniLogs/oni_2026-09-07_16-17-00.log
[     0    0.000 x1.00] LOG  [RingMesh] Auto-found 11/11 left, 11/11 right meshes
[     1    0.000 x1.00] LOG  [BossBar] BossHealthBarUI initialized
[     1    0.000 x1.00] LOG  [StormWeather] layer 'TerrainLayer_Dirt_01' dry smoothness=0.00 (restore to this if a crash ever leaves it wet)
[     1    0.000 x1.00] LOG  [StormWeather] post volumes ready on layer 9 (storm priority 10, flash priority 11).
[     1    0.000 x1.00] LOG  [StormWeather] COZY bridge: Rain_Cave retired — COZY owns the rain now.
[     1    0.000 x1.00] LOG  [StormWeather] COZY → 'Clear' (pre-fight - open sky, 0 s)
[     1    0.000 x1.00] LOG  [StormWeather] Ready. Open sky, dry floor. Waiting for the fight.
[     1    0.000 x1.00] LOG  [FreezeDebug v3] Armed. Manual=L. Auto=True. Buffer=60 snaps @ 0.1s = 6.0s history.
[     1    0.000 x1.00] LOG  OniBoss initialized with 500 HP
[     1    0.000 x1.00] LOG  [OniBoss] ANIMATOR SETUP: cullingMode=CullUpdateTransforms updateMode=Normal applyRootMotion=False speed=1
[     1    0.000 x1.00] LOG  [OniBoss] Initialized
[     1    0.000 x1.00] LOG  [OniBoss:Layer] facing: minFlat 1m, snapOnAttack off, trackInHitReact off
[     1    0.000 x1.00] LOG  [OniBoss:Layer] Yoru launch model ON: launches ALL THE WAY to an enemy within 4.7m of its surface at 10m/s (stop gap 0.00m, NO minimum distance), else steps 0.90m forward. Targeting cone left exactly as her prefab has it.
[     1    0.000 x1.00] LOG  [OniBoss:Layer] Yoru launch ROUND 9: airborne attacks launch too (ON), edge probe now runs on its OWN layer mask (Everything) instead of the line-of-sight mask - the Ground-only mask found no floor in this cave and was cancelling 100% of launches at 0.00m travelled.
[     1    0.000 x1.00] LOG  [OniBoss:Layer] animator speed x1.35 — his 1.13s swing now plays in 0.84s.
[     1    0.000 x1.00] LOG  [OniBoss:Layer] chase speed pushed: phase1 4.5, phase2 5.5 (Yoru runs at 7).
[     1    0.000 x1.00] LOG  [OniBoss:Layer] ground wave ON (round 38): half the club's damage on TOUCH, 12m/s x 6.0m from 1.6m in front at 0.35m height — a club hit cancels that swing's wave, jumping clears it. Per-attack effects come from the Swing Wave VFX By Attack rows. PlayerHealth found, PlayerMovement found.
[     1    0.000 x1.00] LOG  [StormWeather] storm break HELD (waiting for the lightning beat)
[     1    0.000 x1.00] LOG  [OniBoss:Layer] storm break HELD — it releases at the lightning-on-the-club beat.
[     1    0.000 x1.00] LOG  [OniBoss:Layer] club tracking ON — tip 'Kanabo3' (depth 4), shaft root 'kanabo'.
[     1    0.000 x1.00] LOG  [OniBoss:Layer] skinned meshes: 46 renderer(s), updateWhenOffscreen ON, body renderer 'Body' rootBone 'Hips'
[     1    0.000 x1.00] LOG  [OniBoss:Layer] charge travel bone: 'Hips' at depth 1 under 'OniBoss', rest local (0.00, 3.24, -0.24)
[     1    0.000 x1.00] LOG  [OniBoss:Layer] anti-kite ON: thrown swing after 4s of failed chase (within 7.6m), charge after 6s.
[     1    0.000 x1.00] LOG  [OniBoss:Layer] charge drive ON (windup to 0.40 at x1.3, rush 14m/s stops at 2.6m, steers 0.35s then commits, strike section from 0.58, strike moment 0.76, trail VFX off)
[     1    0.000 x1.00] LOG  [OniBoss:Layer] attack armor ON (his swings are not interrupted by light/medium hits; heavy hits and rapid-hit bursts still stop him)
[     1    0.000 x1.00] LOG  [OniBoss:Layer] strike moments overridden: Club_Swing=0.42 ClubSwing2=0.32 ClubSlam=0.85 KanaboSweep=0.48
[     1    0.000 x1.00] LOG  [OniBoss:Layer] club TOUCH hits ON (radius 0.70m, min tip speed 50m/s, armed from 0.20 of the clip): Club_Swing ClubSwing2 ClubSlam KanaboSweep. First touch wins — club full damage, wave half, one hit per swing.
[     1    0.000 x1.00] LOG  [OniBoss:Layer] combo damage ramp ON: mid x1.25, finisher x1.50 — finisher wave carries FULL damage at x2.0 size, x2.0 travel.
[     1    0.000 x1.00] LOG  [OniBoss:Layer] charge follow-up ON: 90 % of solo charges chain into a random melee finisher.
[     1    0.000 x1.00] LOG  [OniBoss:Layer] hold-ground ON (backstep 1.5m @ 1.6m/s after own attacks, watch 'Watch', attack facing LOCKED)
[     1    0.000 x1.00] LOG  [OniBoss:Layer] OniBoss layer ready (reactions, wake-on-hit, watch stance, boss bar). player=found
[     1    0.000 x1.00] LOG  [OniBoss:Layer] charge clip 'Oni Charge.fbx' imports with Root Motion Node = None (in place) — good.
[     1    0.000 x1.00] LOG  [OniBoss:Layer] clips importing with Root Transform Position (Y) NOT baked into pose (12): Oni_Alert(Oni Alert), Club_Slam(Oni Club Slam), Club_Swing(Oni Club Swing), Club_swing2(Oni Club Swing 2), Death(Oni Death Kneel), Hit_react_light(Oni Hit react lighter light), KanaboSweep(Oni Kanabo sweep), Phase_Transition(Oni Phase transition), run(Oni Run), Walk(Oni Walk), Watch(Oni Watch), Idle(Oni Idle) — their hips' up/down motion is stripped (see round notes; optional).
[     1    0.000 x1.00] LOG  === VFX MANAGER INITIALIZED ===
[     1    0.000 x1.00] LOG  Auto-detect animations: False
[     1    0.000 x1.00] LOG  Parent effects to tail: True
[     1    0.000 x1.00] LOG  Prefabs: Jump=True, Land=True, LTail=True, RTail=True
[     1    0.000 x1.00] LOG  ✅ Left Tail Tip: LeftTailVFX
[     1    0.000 x1.00] LOG  ✅ Right Tail Tip: RightTailTip_Anchor
[     1    0.000 x1.00] LOG  [VolumetricFogController] applyPresets is OFF in this scene. The Volumetric Fog component keeps its hand-set inspector values.
[     1    0.000 x1.00] LOG  [TailAirShot] Ready. drawState=RightTail_Fast castParam=TailCastSpeed (found)
  arrow leaves: PlayerYoru_1.1/Cat_All_10_Tails_v4/Group/DeformationSystem/root/Root_M/Tail15_R/Tail151_R/Tail152_R/Tail153_R/Tail154_R/Tail155_R/Tail156_R/Tail157_R/Tail158_R/Tail159_R/Tail1510_R/Tail1511_R/Tail1512_R/Tail6_R/Tail6_R_end/Tail6_R_end_end/Tail6_R_end_end_end/RightTailTip_Anchor
  aim VFX: PlayerYoru_1.1/Cat_All_10_Tails_v4/Group/DeformationSystem/root/Root_M/Tail15_R/Tail151_R/Tail152_R/Tail153_R/Tail154_R/Tail155_R/Tail156_R/Tail157_R/Tail158_R/Tail159_R/Tail1510_R/Tail1511_R/Tail1512_R/Tail6_R/Tail6_R_end/Tail6_R_end_end/Tail6_R_end_end_end/RightTailTip_Anchor/vfx_Muzzle_Fireball01Blue
[     1    0.000 x1.00] LOG  [RingMesh] VFX Status:
[     1    0.000 x1.00] LOG    Left: Prefab=✓, Spawn=Tail6_L_end_end_end
[     1    0.000 x1.00] LOG    Right: Prefab=✓, Spawn=Tail6_R_end_end_end
[     1    0.000 x1.00] LOG  [TailAirShot4Leg] Ready. drawState=shoot_4Leg castParam=Shoot4LegSpeed (found) readyFrame=5 fireFrame=10 frames=24 slowBudget=3s real damageMultiplier=2.00
  arrow leaves: PlayerYoru_1.1/Cat_All_10_Tails_v4/Group/DeformationSystem/root/Root_M/Tail15_R/Tail151_R/Tail152_R/Tail153_R/Tail154_R/Tail155_R/Tail156_R/Tail157_R/Tail158_R/Tail159_R/Tail1510_R/Tail1511_R/Tail1512_R/Tail6_R/Tail6_R_end/Tail6_R_end_end/Tail6_R_end_end_end/RightTailTip_Anchor
  aim VFX left:  PlayerYoru_1.1/Cat_All_10_Tails_v4/Group/DeformationSystem/root/Root_M/Tail15_L/Tail151_L/Tail152_L/Tail153_L/Tail154_L/Tail155_L/Tail156_L/Tail157_L/Tail158_L/Tail159_L/Tail1510_L/Tail1511_L/Tail1512_L/Tail6_L/Tail6_L_end/Tail6_L_end_end/Tail6_L_end_end_end/LeftTailTip_Anchor/Glow_4Leg_L
  aim VFX right: PlayerYoru_1.1/Cat_All_10_Tails_v4/Group/DeformationSystem/root/Root_M/Tail15_R/Tail151_R/Tail152_R/Tail153_R/Tail154_R/Tail155_R/Tail156_R/Tail157_R/Tail158_R/Tail159_R/Tail1510_R/Tail1511_R/Tail1512_R/Tail6_R/Tail6_R_end/Tail6_R_end_end/Tail6_R_end_end_end/RightTailTip_Anchor/Glow_4Leg_R
[     1    0.000 x1.00] LOG  [PlayerCombat] Phase 2 form gate CONNECTED (FormController found on this GameObject).
[     1    0.000 x1.00] LOG  [Combat] PlayerCombat initialized — Phase 3C v27
[     1    0.000 x1.00] LOG  [CameraGameFeel] CameraGameFeel initialized (shake + FOV)
[     1    2.274 x1.00] LOG  [OniBoss] Playing animation: Idle
[     1    2.274 x1.00] LOG  [OniBoss:Layer] watch stance ON (player 13.4m)
[    40    3.093 x1.00] LOG  💨 Landing VFX spawned!
[    40    3.093 x1.00] LOG  ✅ LANDED! (was jump #0)
[    91    3.586 x1.00] LOG  
==================== [FREEZE-DEBUG v3] ====================
  Reason : WASD-NOMOVE: WASD recent + speed 0.00m/s for 0.41s
  Time   : 0.916s   Frame: 91   Snaps: 9
===========================================================

--- CURRENT STATE ---
  Flags: atk=False hvy=False dod=False dsh=False
         grd=False hit=False aerial=False lockPos=False
         comboStep=0
  Anim : speed=1.00  combatLayer hash=-792875657 normT=0.905 weight=1.00 inTransition=False
  CC   : grounded=True  enabled=True  pos=(474.50, -0.02, 426.51)  vel=(0.00, 0.00, 0.00)
  Move : IsRunning=False
  Input: H=0.00 V=-1.00  LMB=False MMB=False Q=False Sp=False Sh=False C=False
         WASD pressed in last 0.5s: True (last 0.00s ago)

--- FLIGHT RECORDER (9 snapshots, oldest first, dt=0.10s) ---
  Legend: flags = A(tk) H(vy) D(od) S(sh) G(rd) R(eact) Y(aerial) L(ock)   gnd/cc: Y/n
  t-now    flags     step gnd cc anSp normT layW tr | posX     posZ     spd   | H    V    LMB MMB Q  Sp Sh C
  ------   --------  ---- --- -- ---- ----- ---- -- | -----    -----    ----  | ---- ---- --- --- -- -- -- -
  - 0.92s  --------    0  n   Y  1.00  0.00 1.00 -  |   474.5    427.2  0.00 |  0.0  0.0 0   0   0  0  0  0
  - 0.81s  --------    0  n   Y  1.00  0.10 1.00 -  |   474.5    427.2  0.00 |  0.0  0.0 0   0   0  0  0  0
  - 0.70s  --------    0  n   Y  1.00  0.20 1.00 -  |   474.5    427.2  0.00 |  0.0  0.0 0   0   0  0  0  0
  - 0.60s  --------    0  n   Y  1.00  0.30 1.00 -  |   474.5    427.2  0.00 |  0.0  0.0 0   0   0  0  0  0
  - 0.50s  --------    0  n   Y  1.00  0.40 1.00 -  |   474.5    427.2  0.00 |  0.0  0.0 0   0   0  0  0  0
  - 0.40s  --------    0  Y   Y  1.00  0.51 1.00 -  |   474.5    427.2  0.00 |  0.0 -1.0 0   0   0  0  0  0
  - 0.29s  --------    0  Y   Y  1.00  0.62 1.00 -  |   474.5    427.1  0.00 |  0.0 -1.0 0   0   0  0  0  0
  - 0.19s  --------    0  Y   Y  1.00  0.72 1.00 -  |   474.5    426.9  0.00 |  0.0 -1.0 0   0   0  0  0  0
  - 0.08s  --------    0  Y   Y  1.00  0.82 1.00 -  |   474.5    426.7  0.00 |  0.0 -1.0 0   0   0  0  0  0
=========================================================== END

[   134    4.018 x1.00] LOG  [OniBoss:Layer] watch stance OFF, back to Idle (player 16.5m)
[  1734   19.906 x1.00] LOG  
==================== [FREEZE-DEBUG v3] ====================
  Reason : WASD-NOMOVE: WASD recent + speed 0.00m/s for 0.40s
  Time   : 17.235s   Frame: 1734   Snaps: 60
===========================================================

--- CURRENT STATE ---
  Flags: atk=False hvy=False dod=False dsh=False
         grd=False hit=False aerial=False lockPos=False
         comboStep=0
  Anim : speed=1.00  combatLayer hash=-792875657 normT=17.226 weight=1.00 inTransition=False
  CC   : grounded=True  enabled=True  pos=(474.25, -0.02, 419.74)  vel=(0.00, 0.00, 0.00)
  Move : IsRunning=False
  Input: H=0.00 V=0.00  LMB=False MMB=False Q=False Sp=False Sh=False C=False
         WASD pressed in last 0.5s: True (last 0.06s ago)

--- FLIGHT RECORDER (60 snapshots, oldest first, dt=0.10s) ---
  Legend: flags = A(tk) H(vy) D(od) S(sh) G(rd) R(eact) Y(aerial) L(ock)   gnd/cc: Y/n
  t-now    flags     step gnd cc anSp normT layW tr | posX     posZ     spd   | H    V    LMB MMB Q  Sp Sh C
  ------   --------  ---- --- -- ---- ----- ---- -- | -----    -----    ----  | ---- ---- --- --- -- -- -- -
  - 6.17s  --------    0  Y   Y  1.00 11.06 1.00 -  |   473.7    419.3  0.00 |  0.0  0.0 0   0   0  0  1  0
  - 6.06s  --------    0  Y   Y  1.00 11.16 1.00 -  |   473.7    419.3  0.00 |  0.0  0.0 0   0   0  0  1  0
  - 5.96s  --------    0  Y   Y  1.00 11.27 1.00 -  |   473.7    419.3  0.00 |  0.0  0.0 0   0   0  0  1  0
  - 5.86s  --------    0  Y   Y  1.00 11.37 1.00 -  |   473.7    419.3  0.00 |  0.0  0.0 0   0   0  0  1  0
  - 5.75s  --------    0  Y   Y  1.00 11.47 1.00 -  |   473.7    419.3  0.00 |  0.0  0.0 0   0   0  0  1  0
  - 5.65s  --------    0  Y   Y  1.00 11.57 1.00 -  |   473.7    419.3  0.00 |  0.0  0.0 0   0   0  0  1  0
  - 5.55s  --------    0  Y   Y  1.00 11.67 1.00 -  |   473.7    419.3  0.00 |  0.0  0.0 0   0   0  0  1  0
  - 5.45s  --------    0  Y   Y  1.00 11.78 1.00 -  |   473.7    419.3  0.00 |  0.0  0.0 0   0   0  0  1  0
  - 5.35s  --------    0  Y   Y  1.00 11.88 1.00 -  |   473.7    419.3  0.00 |  0.0  0.0 0   0   0  0  1  0
  - 5.24s  --------    0  Y   Y  1.00 11.98 1.00 -  |   473.7    419.3  0.00 |  0.0  0.0 0   0   0  0  1  0
  - 5.14s  --------    0  Y   Y  1.00 12.08 1.00 -  |   473.7    419.3  0.00 |  0.0  0.0 0   0   0  0  1  0
  - 5.04s  --------    0  Y   Y  1.00 12.19 1.00 -  |   473.7    419.3  0.00 |  0.0  0.0 0   0   0  0  1  0
  - 4.93s  --------    0  Y   Y  1.00 12.29 1.00 -  |   473.7    419.3  0.00 |  0.0  0.0 0   0   0  0  0  0
  - 4.83s  --------    0  Y   Y  1.00 12.40 1.00 -  |   473.7    419.3  0.00 |  0.0  0.0 0   0   0  0  0  0
  - 4.72s  --------    0  Y   Y  1.00 12.51 1.00 -  |   473.7    419.3  0.00 |  0.0  0.0 0   0   0  0  0  0
  - 4.61s  --------    0  Y   Y  1.00 12.61 1.00 -  |   473.7    419.3  0.00 |  0.0  0.0 0   0   0  0  0  0
  - 4.51s  --------    0  Y   Y  1.00 12.72 1.00 -  |   473.7    419.3  0.00 |  0.0  0.0 0   0   0  0  0  0
  - 4.40s  --------    0  Y   Y  1.00 12.82 1.00 -  |   473.7    419.3  0.00 |  0.0  0.0 0   0   0  0  0  0
  - 4.30s  --------    0  Y   Y  1.00 12.93 1.00 -  |   473.7    419.3  0.00 |  0.0  0.0 0   0   0  0  0  0
  - 4.19s  --------    0  Y   Y  1.00 13.03 1.00 -  |   473.7    419.3  0.00 |  0.0  0.0 0   0   0  0  0  0
  - 4.09s  --------    0  Y   Y  1.00 13.14 1.00 -  |   473.7    419.3  0.00 |  0.0  0.0 0   0   0  0  0  0
  - 3.98s  --------    0  Y   Y  1.00 13.24 1.00 -  |   473.7    419.3  0.00 |  0.0  0.0 0   0   0  0  0  0
  - 3.88s  --------    0  Y   Y  1.00 13.34 1.00 -  |   473.7    419.3  0.00 |  0.0  0.0 0   0   0  0  0  0
  - 3.77s  --------    0  Y   Y  1.00 13.45 1.00 -  |   473.7    419.3  0.00 |  0.0  0.0 0   0   0  0  0  0
  - 3.67s  --------    0  Y   Y  1.00 13.55 1.00 -  |   473.7    419.3  0.00 |  0.0  0.0 0   0   0  0  0  0
  - 3.57s  --------    0  Y   Y  1.00 13.65 1.00 -  |   473.7    419.3  0.00 |  0.0  0.0 0   0   0  0  0  0
  - 3.46s  --------    0  Y   Y  1.00 13.76 1.00 -  |   473.7    419.3  0.00 |  0.0  0.0 0   0   0  0  0  0
  - 3.36s  --------    0  Y   Y  1.00 13.87 1.00 -  |   473.7    419.3  0.00 |  0.0  0.0 0   0   0  0  0  0
  - 3.25s  --------    0  Y   Y  1.00 13.97 1.00 -  |   473.7    419.3  0.00 |  0.0  0.0 0   0   0  0  0  0
  - 3.15s  --------    0  Y   Y  1.00 14.08 1.00 -  |   473.7    419.3  0.00 |  0.0  0.0 0   0   0  0  0  0
  - 3.05s  --------    0  Y   Y  1.00 14.18 1.00 -  |   473.7    419.3  0.00 |  0.0  0.0 0   0   0  0  0  0
  - 2.95s  --------    0  Y   Y  1.00 14.28 1.00 -  |   473.7    419.3  0.00 |  0.0  0.0 0   0   0  0  0  0
  - 2.84s  --------    0  Y   Y  1.00 14.38 1.00 -  |   473.7    419.3  0.00 |  0.0  0.0 0   0   0  0  0  0
  - 2.74s  --------    0  Y   Y  1.00 14.49 1.00 -  |   473.7    419.3  0.00 |  0.0  0.0 0   0   0  0  0  0
  - 2.63s  --------    0  Y   Y  1.00 14.60 1.00 -  |   473.7    419.3  0.00 |  0.0  0.0 0   0   0  0  0  0
  - 2.52s  --------    0  Y   Y  1.00 14.71 1.00 -  |   473.7    419.3  0.00 |  0.0  0.0 0   0   0  0  0  0
  - 2.41s  --------    0  Y   Y  1.00 14.81 1.00 -  |   473.7    419.3  0.00 |  0.0  0.0 0   0   0  0  0  0
  - 2.31s  --------    0  Y   Y  1.00 14.92 1.00 -  |   473.7    419.3  0.00 |  0.0  0.0 0   0   0  0  0  0
  - 2.21s  --------    0  Y   Y  1.00 15.02 1.00 -  |   473.7    419.3  0.00 |  0.0  0.0 0   0   0  0  0  0
  - 2.10s  --------    0  Y   Y  1.00 15.12 1.00 -  |   473.7    419.3  0.00 |  0.0  0.0 0   0   0  0  0  0
  - 2.00s  --------    0  Y   Y  1.00 15.23 1.00 -  |   473.7    419.3  0.00 |  0.0  0.0 0   0   0  0  0  0
  - 1.89s  --------    0  Y   Y  1.00 15.33 1.00 -  |   473.7    419.3  0.00 |  0.0  0.0 0   0   0  0  0  0
  - 1.79s  --------    0  Y   Y  1.00 15.44 1.00 -  |   473.7    419.3  0.00 |  0.0  0.0 0   0   0  0  0  0
  - 1.68s  --------    0  Y   Y  1.00 15.55 1.00 -  |   473.7    419.3  0.00 |  0.0  0.0 0   0   0  0  0  0
  - 1.58s  --------    0  Y   Y  1.00 15.65 1.00 -  |   473.7    419.3  0.00 |  0.0  0.0 0   0   0  0  0  0
  - 1.47s  --------    0  Y   Y  1.00 15.76 1.00 -  |   473.7    419.3  0.00 |  0.0  0.0 0   0   0  0  0  0
  - 1.36s  --------    0  Y   Y  1.00 15.86 1.00 -  |   473.7    419.3  0.00 |  0.0  0.0 0   0   0  0  0  0
  - 1.26s  --------    0  Y   Y  1.00 15.97 1.00 -  |   473.7    419.3  0.00 |  0.0  0.0 0   0   0  0  0  0
  - 1.16s  --------    0  Y   Y  1.00 16.06 1.00 -  |   473.7    419.3  0.00 |  0.0  0.0 0   0   0  0  0  0
  - 1.06s  --------    0  Y   Y  1.00 16.17 1.00 -  |   473.7    419.3  0.00 |  0.0  0.0 0   0   0  0  0  0
  - 0.95s  --------    0  Y   Y  1.00 16.28 1.00 -  |   473.7    419.3  0.00 |  0.0  0.0 0   0   0  0  0  0
  - 0.85s  --------    0  Y   Y  1.00 16.38 1.00 -  |   473.7    419.3  0.00 |  0.0  0.0 0   0   0  0  0  0
  - 0.74s  --------    0  Y   Y  1.00 16.49 1.00 -  |   473.7    419.3  0.00 |  0.0  0.0 0   0   0  0  0  0
  - 0.64s  --------    0  Y   Y  1.00 16.59 1.00 -  |   473.7    419.3  0.00 |  0.0  0.0 0   0   0  0  0  0
  - 0.53s  --------    0  Y   Y  1.00 16.69 1.00 -  |   473.7    419.3  0.00 |  0.0  0.0 0   0   0  0  0  0
  - 0.43s  --------    0  Y   Y  1.00 16.80 1.00 -  |   473.7    419.3  0.00 |  0.0  0.0 0   0   0  0  0  0
  - 0.32s  --------    0  Y   Y  1.00 16.91 1.00 -  |   473.8    419.3  0.00 |  1.0  0.0 0   0   0  0  0  0
  - 0.21s  --------    0  Y   Y  1.00 17.01 1.00 -  |   473.9    419.5  0.00 |  1.0  0.0 0   0   0  0  0  0
  - 0.11s  --------    0  Y   Y  1.00 17.12 1.00 -  |   474.1    419.6  0.00 |  1.0  0.0 0   0   0  0  0  0
  - 0.00s  --------    0  Y   Y  1.00 17.23 1.00 -  |   474.2    419.7  0.00 |  0.0  0.0 0   0   0  0  0  0
=========================================================== END

[  1816   20.779 x1.00] LOG  🐾 4-LEG JUMP #0
[  1816   20.779 x1.00] LOG  🐾 Jump 1 VFX spawned!
[  1842   21.051 x1.00] LOG  [TailAirShot] entry refused: this airtime is not a 2 leg jump | y=1.52 ts=1.00 fdt=0.0200
[  1842   21.051 x0.10] LOG  [TailAirShot4Leg] ENTER 4 leg, slow on for up to 3s real, waiting for the fire button, drawState=shoot_4Leg | y=1.52 ts=0.10 fdt=0.0020
[  1842   21.051 x0.10] LOG  [AirPosePin] engaged, holding body at 0.717m above the transform
[  1845   21.086 x0.10] LOG  [TailAirShot4Leg] DRAW started | y=1.53 ts=0.10 fdt=0.0020
[  1862   21.269 x0.10] LOG  [TailAirShot4Leg] READY, frozen on frame 5 | y=1.59 ts=0.10 fdt=0.0020
[  1914   21.812 x0.10] LOG  [TailAirShot4Leg] SHOT released (released from ready pose) | y=1.74 ts=0.10 fdt=0.0020
[  1915   21.823 x1.00] LOG  [TailAirShot4Leg] FINISHER (R released mid motion), motion completes and fires | y=1.75 ts=1.00 fdt=0.0200
[  1931   21.995 x1.00] LOG  [TailAirShot4Leg] FIRE, arrow away, dir=(-0.30, -0.05, 0.95) damage=40 (20 x 2.00) | y=1.91 ts=1.00 fdt=0.0200
[  1936   22.051 x1.00] LOG  [OniBoss:Layer] watch stance ON (player 15.0m)
[  1971   22.407 x1.00] LOG  💨 Landing VFX spawned!
[  1971   22.407 x1.00] LOG  ✅ LANDED! (was jump #1)
[  1971   22.407 x1.00] LOG  [AirPosePin] released, peak correction was 0.032m
[  1975   22.448 x1.00] LOG  [TailAirShot4Leg] finisher done, fully idle | y=-0.02 ts=1.00 fdt=0.0200
[  1990   22.604 x1.00] LOG  OniBoss took 40 damage. HP: 460/500
[  1990   22.604 x1.00] LOG  [OniBoss] LostSoul → Stagger
[  1990   22.604 x1.00] LOG  [OniBoss] Playing animation: Stagger
[  1990   22.604 x1.00] LOG  [OniBoss] STAGGERED for 2.5s
[  1990   22.604 x1.00] LOG  [OniBoss:Layer] heavy knock-back react (40 dmg) → 'HitReact_Heavy', down for 1.80s
[  1991   22.619 x1.00] LOG  [BossBar] Showing bar for: Oni (460/500)
[  1991   22.619 x1.00] LOG  [OniBoss:Layer] boss bar shown
[  2155   24.413 x1.00] LOG  [OniBoss] Stagger → Chase
[  2156   24.424 x1.00] LOG  [StormWeather] COZY → 'Yoru_Oni_Phase1_Storm' (fight engaged - storm rolls in, 0 s)
[  2156   24.424 x1.00] LOG  [StormWeather] FIGHT STARTED (he engaged) - storm on, floor starts to soak.
[  2156   24.424 x1.00] LOG  [OniBoss] Ranged combo started: Charge→Slam: (2 steps, dist 18.4m)
[  2156   24.424 x1.00] LOG  [OniBoss] Chase → Attack
[  2156   24.424 x1.00] LOG  [OniBoss] Attack: Oni_Charge (18 dmg)

[  2156   24.424 x1.00] TEL ────────── CHARGE ──────────
[  2156   24.424 x1.00] LOG  [OniBoss:Layer] charge begin: travel bone 'Hips' depth 1, local now (0.00, 3.24, -0.24) vs rest (0.00, 3.24, -0.24); pin ON; drive windup→rush→strike; engine Attack, AnimSpeed 1.30, clip at 0.00, dist 18.4m
[  2156   24.424 x1.00] TEL charge Windup n=0.00 spd=1.30 mult=1.00 st=Attack anim=h-1757638897/Charge drift=0.00 cut=0.00 meshOff=0.24m vis bounds+0.1m pos=(467.5,439.5) dist=18.4 vel=0.0
[  2157   24.439 x1.00] WARN The referenced script on this Behaviour (Game Object '<null>') is missing!
[  2157   24.439 x1.00] WARN The referenced script on this Behaviour (Game Object 'Lightning Light') is missing!
[  2157   24.439 x1.00] WARN The referenced script on this Behaviour (Game Object 'Lightning Light') is missing!
[  2163   24.509 x1.00] TEL charge Windup n=0.07 spd=1.30 mult=1.00 st=Attack anim=h-1757638897/Charge drift=0.28 cut=0.28 meshOff=0.24m vis bounds+0.1m pos=(467.5,439.5) dist=18.4 vel=0.0
[  2171   24.602 x1.00] TEL charge Windup n=0.15 spd=1.30 mult=1.30 st=Attack anim=Charge/- drift=0.96 cut=0.96 meshOff=0.24m vis bounds+0.3m pos=(467.5,439.5) dist=18.4 vel=0.0
[  2176   24.661 x1.00] LOG  
==================== [FREEZE-DEBUG v3] ====================
  Reason : WASD-NOMOVE: WASD recent + speed 0.00m/s for 0.41s
  Time   : 21.296s   Frame: 2176   Snaps: 60
===========================================================

--- CURRENT STATE ---
  Flags: atk=False hvy=False dod=False dsh=False
         grd=False hit=False aerial=False lockPos=False
         comboStep=0
  Anim : speed=1.00  combatLayer hash=-792875657 normT=2.201 weight=1.00 inTransition=False
  CC   : grounded=True  enabled=True  pos=(461.55, -0.02, 422.12)  vel=(0.00, 0.00, 0.00)
  Move : IsRunning=True
  Input: H=-1.00 V=0.00  LMB=False MMB=False Q=False Sp=False Sh=True C=False
         WASD pressed in last 0.5s: True (last 0.00s ago)

--- FLIGHT RECORDER (60 snapshots, oldest first, dt=0.10s) ---
  Legend: flags = A(tk) H(vy) D(od) S(sh) G(rd) R(eact) Y(aerial) L(ock)   gnd/cc: Y/n
  t-now    flags     step gnd cc anSp normT layW tr | posX     posZ     spd   | H    V    LMB MMB Q  Sp Sh C
  ------   --------  ---- --- -- ---- ----- ---- -- | -----    -----    ----  | ---- ---- --- --- -- -- -- -
  - 6.27s  --------    0  Y   Y  1.00 15.02 1.00 -  |   473.7    419.3  0.00 |  0.0  0.0 0   0   0  0  0  0
  - 6.16s  --------    0  Y   Y  1.00 15.12 1.00 -  |   473.7    419.3  0.00 |  0.0  0.0 0   0   0  0  0  0
  - 6.06s  --------    0  Y   Y  1.00 15.23 1.00 -  |   473.7    419.3  0.00 |  0.0  0.0 0   0   0  0  0  0
  - 5.95s  --------    0  Y   Y  1.00 15.33 1.00 -  |   473.7    419.3  0.00 |  0.0  0.0 0   0   0  0  0  0
  - 5.85s  --------    0  Y   Y  1.00 15.44 1.00 -  |   473.7    419.3  0.00 |  0.0  0.0 0   0   0  0  0  0
  - 5.74s  --------    0  Y   Y  1.00 15.55 1.00 -  |   473.7    419.3  0.00 |  0.0  0.0 0   0   0  0  0  0
  - 5.64s  --------    0  Y   Y  1.00 15.65 1.00 -  |   473.7    419.3  0.00 |  0.0  0.0 0   0   0  0  0  0
  - 5.53s  --------    0  Y   Y  1.00 15.76 1.00 -  |   473.7    419.3  0.00 |  0.0  0.0 0   0   0  0  0  0
  - 5.42s  --------    0  Y   Y  1.00 15.86 1.00 -  |   473.7    419.3  0.00 |  0.0  0.0 0   0   0  0  0  0
  - 5.32s  --------    0  Y   Y  1.00 15.97 1.00 -  |   473.7    419.3  0.00 |  0.0  0.0 0   0   0  0  0  0
  - 5.22s  --------    0  Y   Y  1.00 16.06 1.00 -  |   473.7    419.3  0.00 |  0.0  0.0 0   0   0  0  0  0
  - 5.12s  --------    0  Y   Y  1.00 16.17 1.00 -  |   473.7    419.3  0.00 |  0.0  0.0 0   0   0  0  0  0
  - 5.01s  --------    0  Y   Y  1.00 16.28 1.00 -  |   473.7    419.3  0.00 |  0.0  0.0 0   0   0  0  0  0
  - 4.91s  --------    0  Y   Y  1.00 16.38 1.00 -  |   473.7    419.3  0.00 |  0.0  0.0 0   0   0  0  0  0
  - 4.80s  --------    0  Y   Y  1.00 16.49 1.00 -  |   473.7    419.3  0.00 |  0.0  0.0 0   0   0  0  0  0
  - 4.70s  --------    0  Y   Y  1.00 16.59 1.00 -  |   473.7    419.3  0.00 |  0.0  0.0 0   0   0  0  0  0
  - 4.59s  --------    0  Y   Y  1.00 16.69 1.00 -  |   473.7    419.3  0.00 |  0.0  0.0 0   0   0  0  0  0
  - 4.49s  --------    0  Y   Y  1.00 16.80 1.00 -  |   473.7    419.3  0.00 |  0.0  0.0 0   0   0  0  0  0
  - 4.38s  --------    0  Y   Y  1.00 16.91 1.00 -  |   473.8    419.3  0.00 |  1.0  0.0 0   0   0  0  0  0
  - 4.27s  --------    0  Y   Y  1.00 17.01 1.00 -  |   473.9    419.5  0.00 |  1.0  0.0 0   0   0  0  0  0
  - 4.17s  --------    0  Y   Y  1.00 17.12 1.00 -  |   474.1    419.6  0.00 |  1.0  0.0 0   0   0  0  0  0
  - 4.06s  --------    0  Y   Y  1.00 17.23 1.00 -  |   474.2    419.7  0.00 |  0.0  0.0 0   0   0  0  0  0
  - 3.95s  --------    0  Y   Y  1.00 17.34 1.00 -  |   474.4    419.9  0.00 |  0.0  0.0 0   0   0  0  0  0
  - 3.84s  --------    0  Y   Y  1.00 17.44 1.00 -  |   474.6    420.0  0.00 |  0.0  1.0 0   0   0  0  0  0
  - 3.74s  --------    0  Y   Y  1.00 17.55 1.00 -  |   474.5    420.2  0.00 |  0.0  1.0 0   0   0  0  0  0
  - 3.63s  --------    0  Y   Y  1.00 17.65 1.00 -  |   474.3    420.4  0.00 |  0.0  1.0 0   0   0  0  0  0
  - 3.52s  --------    0  Y   Y  1.00 17.76 1.00 -  |   474.2    420.5  0.00 |  0.0  1.0 0   0   0  0  0  0
  - 3.42s  --------    0  Y   Y  1.00 17.87 1.00 -  |   474.0    420.8  0.00 |  0.0  1.0 0   0   0  0  1  0
  - 3.31s  --------    0  Y   Y  1.00 17.98 1.00 -  |   473.4    421.4  0.00 |  0.0  1.0 0   0   0  0  1  0
  - 3.20s  --------    0  Y   Y  1.00 18.09 1.00 -  |   472.9    421.9  0.00 |  0.0  1.0 0   0   0  0  1  0
  - 3.09s  --------    0  n   Y  1.00 18.19 1.00 -  |   472.5    422.4  0.00 |  0.0  1.0 0   0   0  1  1  0
  - 2.98s  --------    0  n   Y  1.00 18.30 1.00 -  |   472.2    422.7  0.00 |  0.0  1.0 0   0   0  1  1  0
  - 2.88s  --------    0  n   Y  1.00  0.21 1.00 -  |   471.9    423.1  0.00 |  0.0  1.0 0   0   0  1  1  0
  - 2.78s  --------    0  n   Y  1.00  0.28 1.00 -  |   471.7    423.5  0.00 |  0.0  0.0 0   0   0  0  0  0
  - 2.68s  --------    0  n   Y  1.00  0.41 1.00 -  |   471.6    424.0  0.00 |  0.0  0.0 0   0   0  0  0  0
  - 2.57s  --------    0  n   Y  1.00  0.55 1.00 -  |   471.4    424.4  0.00 |  0.0  0.0 0   0   0  0  0  0
  - 2.46s  --------    0  n   Y  1.00  0.68 1.00 -  |   471.3    424.8  0.00 |  0.0  0.0 0   0   0  0  0  0
  - 2.35s  --------    0  n   Y  1.00  0.82 1.00 -  |   471.1    425.3  0.00 |  0.0 -1.0 0   0   0  0  0  0
  - 2.24s  --------    0  Y   Y  1.00  0.95 1.00 -  |   471.1    425.4  0.00 |  0.0 -1.0 0   0   0  0  0  0
  - 2.14s  --------    0  Y   Y  1.00  1.08 1.00 T  |   471.1    425.3  0.00 |  0.0 -1.0 0   0   0  0  0  0
  - 2.03s  --------    0  Y   Y  1.00  0.17 1.00 -  |   471.2    425.0  0.00 | -1.0 -1.0 0   0   0  0  0  0
  - 1.92s  --------    0  Y   Y  1.00  0.28 1.00 -  |   471.2    424.8  0.00 |  0.0 -1.0 0   0   0  0  0  0
  - 1.82s  --------    0  Y   Y  1.00  0.38 1.00 -  |   471.3    424.6  0.00 |  0.0 -1.0 0   0   0  0  0  0
  - 1.71s  --------    0  Y   Y  1.00  0.49 1.00 -  |   471.3    424.4  0.00 | -1.0 -1.0 0   0   0  0  0  0
  - 1.61s  --------    0  Y   Y  1.00  0.59 1.00 -  |   471.3    424.2  0.00 | -1.0  0.0 0   0   0  0  0  0
  - 1.51s  --------    0  Y   Y  1.00  0.69 1.00 -  |   471.3    424.0  0.00 | -1.0  0.0 0   0   0  0  0  0
  - 1.40s  --------    0  Y   Y  1.00  0.80 1.00 -  |   470.9    423.7  0.00 | -1.0  0.0 0   0   0  0  1  0
  - 1.30s  --------    0  Y   Y  1.00  0.90 1.00 -  |   470.2    423.4  0.00 | -1.0  0.0 0   0   0  0  1  0
  - 1.20s  --------    0  Y   Y  1.00  1.00 1.00 -  |   469.4    423.1  0.00 | -1.0  0.0 0   0   0  0  1  0
  - 1.09s  --------    0  Y   Y  1.00  1.11 1.00 -  |   468.8    422.9  0.00 | -1.0  0.0 0   0   0  0  1  0
  - 0.98s  --------    0  Y   Y  1.00  1.22 1.00 -  |   468.1    422.7  0.00 | -1.0  0.0 0   0   0  0  1  0
  - 0.88s  --------    0  Y   Y  1.00  1.33 1.00 -  |   467.3    422.4  0.00 | -1.0  0.0 0   0   0  0  1  0
  - 0.77s  --------    0  Y   Y  1.00  1.43 1.00 -  |   466.7    422.2  0.00 | -1.0  0.0 0   0   0  0  1  0
  - 0.67s  --------    0  Y   Y  1.00  1.53 1.00 -  |   466.0    422.0  0.00 | -1.0  0.0 0   0   0  0  1  0
  - 0.57s  --------    0  Y   Y  1.00  1.63 1.00 -  |   465.3    421.8  0.00 | -1.0  0.0 0   0   0  0  1  0
  - 0.46s  --------    0  Y   Y  1.00  1.74 1.00 -  |   464.7    421.6  0.00 | -1.0  0.0 0   0   0  0  1  0
  - 0.36s  --------    0  Y   Y  1.00  1.85 1.00 -  |   463.8    421.5  0.00 | -1.0  0.0 0   0   0  0  1  0
  - 0.25s  --------    0  Y   Y  1.00  1.95 1.00 -  |   463.1    421.6  0.00 | -1.0  0.0 0   0   0  0  1  0
  - 0.14s  --------    0  Y   Y  1.00  2.06 1.00 -  |   462.5    421.8  0.00 | -1.0  0.0 0   0   0  0  1  0
  - 0.04s  --------    0  Y   Y  1.00  2.17 1.00 -  |   461.7    422.1  0.00 | -1.0  0.0 0   0   0  0  1  0
=========================================================== END

[  2179   24.694 x1.00] TEL charge Windup n=0.23 spd=1.30 mult=1.30 st=Attack anim=Charge/- drift=1.13 cut=1.13 meshOff=0.24m vis bounds+0.3m pos=(467.5,439.5) dist=18.3 vel=0.0
[  2187   24.785 x1.00] TEL charge Windup n=0.30 spd=1.30 mult=1.30 st=Attack anim=Charge/- drift=0.18 cut=0.18 meshOff=0.24m vis bounds+0.4m pos=(467.5,439.5) dist=18.3 vel=0.0
[  2195   24.880 x1.00] TEL charge Windup n=0.38 spd=1.30 mult=1.30 st=Attack anim=Charge/- drift=6.38 cut=6.38 meshOff=0.24m vis bounds+0.1m pos=(467.5,439.5) dist=18.3 vel=0.0
[  2197   24.903 x1.00] LOG  [OniBoss:Layer] charge RUSH: clip frozen at 0.40, 18.3m to go at 14m/s
[  2198   24.915 x1.00] LOG  [OniBoss:Layer] charge fire trail: 'ToonFireTrail' attached to his feet for the rush.
[  2203   24.971 x1.00] TEL charge Rush   n=0.40 spd=0.00 mult=0.00 st=Attack anim=Charge/- drift=7.61 cut=7.61 meshOff=0.24m vis bounds+0.2m pos=(467.1,438.6) dist=17.4 vel=0.0
[  2211   25.057 x1.00] TEL charge Rush   n=0.40 spd=0.00 mult=0.00 st=Attack anim=Charge/- drift=7.61 cut=7.61 meshOff=0.24m vis bounds+0.2m pos=(466.6,437.5) dist=16.2 vel=0.0
[  2219   25.142 x1.00] TEL charge Rush   n=0.40 spd=0.00 mult=0.00 st=Attack anim=Charge/- drift=7.61 cut=7.61 meshOff=0.24m vis bounds+0.2m pos=(466.1,436.4) dist=15.0 vel=0.0
[  2227   25.223 x1.00] LOG  [StormWeather] storm post weight -> 0.40
[  2228   25.234 x1.00] TEL charge Rush   n=0.40 spd=0.00 mult=0.00 st=Attack anim=Charge/- drift=7.61 cut=7.61 meshOff=0.24m vis bounds+0.2m pos=(465.6,435.2) dist=13.7 vel=0.0
[  2237   25.323 x1.00] TEL charge Rush   n=0.40 spd=0.00 mult=0.00 st=Attack anim=Charge/- drift=7.61 cut=7.61 meshOff=0.24m vis bounds+0.2m pos=(465.1,434.1) dist=12.4 vel=0.0
[  2246   25.415 x1.00] TEL charge Rush   n=0.40 spd=0.00 mult=0.00 st=Attack anim=Charge/- drift=7.61 cut=7.61 meshOff=0.24m vis bounds+0.2m pos=(464.5,432.9) dist=11.2 vel=0.0
[  2255   25.506 x1.00] TEL charge Rush   n=0.40 spd=0.00 mult=0.00 st=Attack anim=Charge/- drift=7.61 cut=7.61 meshOff=0.24m vis bounds+0.2m pos=(464.0,431.8) dist=9.9 vel=0.0
[  2263   25.597 x1.00] TEL charge Rush   n=0.40 spd=0.00 mult=0.00 st=Attack anim=Charge/- drift=7.61 cut=7.61 meshOff=0.24m vis bounds+0.2m pos=(463.5,430.6) dist=8.6 vel=0.0
[  2271   25.686 x1.00] TEL charge Rush   n=0.40 spd=0.00 mult=0.00 st=Attack anim=Charge/- drift=7.61 cut=7.61 meshOff=0.24m vis bounds+0.2m pos=(463.0,429.5) dist=7.4 vel=0.0
[  2279   25.776 x1.00] LOG  🚶 2-LEG JUMP
[  2279   25.776 x1.00] LOG  🐾 Jump 1 VFX spawned!
[  2279   25.776 x1.00] TEL charge Rush   n=0.40 spd=0.00 mult=0.00 st=Attack anim=Charge/- drift=7.61 cut=7.61 meshOff=0.24m vis bounds+0.2m pos=(462.5,428.3) dist=6.1 vel=0.0
[  2287   25.866 x1.00] TEL charge Rush   n=0.40 spd=0.00 mult=0.00 st=Attack anim=Charge/- drift=7.61 cut=7.61 meshOff=0.24m vis bounds+0.2m pos=(461.9,427.2) dist=4.8 vel=0.0
[  2295   25.958 x1.00] TEL charge Rush   n=0.40 spd=0.00 mult=0.00 st=Attack anim=Charge/- drift=7.61 cut=7.61 meshOff=0.24m vis bounds+0.2m pos=(461.4,426.0) dist=3.6 vel=0.0
[  2303   26.042 x1.00] LOG  [OniBoss:Layer] charge STRIKE: arrived 2.6m from the lock point after 1.14s real — clip 0.40 → 0.58 (blend 0.10s), strike moment 0.76, Yoru 2.6m away
[  2303   26.042 x1.00] TEL charge Strike n=0.40 spd=1.00 mult=0.00 st=Attack anim=Charge/- drift=7.61 cut=7.61 meshOff=0.24m vis bounds+0.2m pos=(461.0,425.1) dist=2.6 vel=0.0
[  2305   26.066 x1.00] LOG  [ComboTrace] LAUNCH OniBoss at 1.2m dist=1.21m in 0.13s [AIRBORNE]
[  2305   26.066 x1.00] LOG  [Combat] Aerial spin — 25 dmg
[  2305   26.066 x1.00] LOG  OniBoss took 10 damage. HP: 450/500
[  2305   26.066 x1.00] LOG  [OniBoss] 🤕 Hit during Attack — flash only
[  2305   26.066 x1.00] LOG  [CameraGameFeel] Shake: intensity=0.50 duration=0.200s
[  2305   26.066 x1.00] LOG  [CameraGameFeel] FOV punch: hit light (+1.5°)
[  2305   26.066 x1.00] LOG  [AirPosePin] engaged, holding body at 1.472m above the transform
[  2310   26.127 x1.00] TEL charge Strike n=0.59 spd=1.00 mult=1.00 st=Attack anim=Charge/Charge drift=11.27 cut=11.27 meshOff=0.24m vis bounds+0.2m pos=(461.0,425.1) dist=2.0 vel=0.0
[  2316   26.198 x1.00] LOG  [ComboTrace] LAUNCH RESULT wanted=1.21m actually moved=0.63m — completed
[  2318   26.222 x1.00] LOG  OniBoss took 10 damage. HP: 440/500
[  2318   26.222 x1.00] LOG  [OniBoss] 🤕 Hit during Attack — flash only
[  2318   26.222 x1.00] LOG  [CameraGameFeel] Shake: intensity=0.18 duration=0.200s
[  2318   26.222 x1.00] TEL charge Strike n=0.66 spd=1.00 mult=1.00 st=Attack anim=Charge/- drift=15.64 cut=15.64 meshOff=0.24m vis bounds+0.5m pos=(461.0,425.1) dist=2.0 vel=0.0
[  2326   26.309 x1.00] TEL charge Strike n=0.71 spd=1.00 mult=1.00 st=Attack anim=Charge/- drift=16.39 cut=16.39 meshOff=0.24m vis bounds+0.6m pos=(461.0,425.1) dist=2.0 vel=0.0
[  2332   26.376 x1.00] LOG  OniBoss took 10 damage. HP: 430/500
[  2332   26.376 x1.00] LOG  [OniBoss] 🤕 Hit during Attack — flash only
[  2332   26.376 x1.00] LOG  [OniBoss] Attack → Stagger
[  2332   26.376 x1.00] LOG  [OniBoss] Playing animation: Stagger
[  2332   26.376 x1.00] LOG  [OniBoss] STAGGERED for 2.5s
[  2332   26.376 x1.00] LOG  [OniBoss:Layer] heavy knock-back react (swirl burst, 3 hits / 30 dmg) → 'HitReact_Heavy', down for 1.80s
[  2332   26.376 x1.00] LOG  [OniBoss:Layer] burst: 3 hits / 30 dmg inside 0.8s → knock-back + 0.90m push
[  2332   26.376 x1.00] LOG  [CameraGameFeel] Shake: intensity=0.18 duration=0.200s
[  2332   26.376 x1.00] LOG  [OniBoss:Layer] charge complete: engine left Attack (now Stagger) during Strike
[  2333   26.388 x1.00] LOG  [OniBoss:Layer] charge fire trail: released — burns out over 3.8s where the rush ended.
[  2334   26.399 x1.00] TEL charge None   n=0.77 spd=1.00 mult=1.00 st=Stagger anim=Charge/h-1757638897 drift=3.51 cut=3.51 meshOff=0.24m vis bounds+0.1m pos=(461.2,425.5) dist=2.4 vel=0.0
[  2335   26.410 x1.00] LOG  [OniBoss:Layer] charge end (clip left the animator) after 1.99s real: pin measured 179 frames, cancelled on 177, max raw drift 16.74m, max cancelled 16.74m — travel WAS baked in, pin held it
[  2363   26.707 x1.00] LOG  💨 Landing VFX spawned!
[  2363   26.707 x1.00] LOG  ✅ LANDED! (was jump #1)
[  2363   26.707 x1.00] LOG  [AirPosePin] released, peak correction was 0.700m
[  2374   26.820 x1.00] LOG  [ComboTrace] END step=3 clipProgress=0.90 clipLen=0.79s queued=0 elapsed=0.75s
[  2498   28.176 x1.00] LOG  [OniBoss] Stagger → Chase
[  2499   28.187 x1.00] LOG  [OniBoss] Playing animation: Watch
[  2499   28.187 x1.00] LOG  [OniBoss] Chase → Attack
[  2499   28.187 x1.00] LOG  [OniBoss] Attack: Club_Swing (16 dmg)
[  2499   28.187 x1.00] LOG  [OniBoss:Trail] Club_Swing trail START at clip 1.00 (transition done).
[  2527   28.499 x1.00] LOG  [CameraGameFeel] Shake: intensity=0.20 duration=0.250s
[  2527   28.499 x1.00] LOG  [Combat] Hit react: HitReact_Light_2Leg (0.5s)
[  2527   28.499 x1.00] LOG  [HitReactTrace] asked for 'HitReact_Light_2Leg' (0.50s) — blend resolved after 0 ms, now playing a clip 1.00s long at speed 1.00, layer weight 1.00, animator.speed 1.00.
[  2527   28.499 x1.00] LOG  [CameraGameFeel] Shake: intensity=0.30 duration=0.200s
[  2527   28.499 x1.00] LOG  [CameraGameFeel] FOV punch: player damage (-2.0°)
[  2527   28.499 x1.00] LOG  [OniBoss] Hit player for 16 (Club_Swing)
[  2527   28.499 x1.00] LOG  [OniBoss:Touch] Club_Swing: club TOUCHED Yoru at clip 0.37 — shaft 0.55m from her body line, tip speed 180m/s, ONE FRAME EARLY (predicted). Full club hit delivered this frame.
[  2532   28.564 x1.00] LOG  [OniBoss:ClubPos] Club_Swing at strike: club tip 3.05m up, 1.35m in front, -3.29m to his right (3.56m out from his centre). Club faces -107deg from his forward, pitch 0.41. (the ground wave is born 1.6m in front of him at 0.35m.)
[  2532   28.564 x1.00] LOG  [OniBoss:Layer] Club_Swing: club already hit — ground wave released as VISUAL only (0 damage).
[  2575   29.029 x1.00] LOG  [OniBoss] Attack → Recovery
[  2575   29.029 x1.00] LOG  [OniBoss] Playing animation: Watch
[  2575   29.029 x1.00] LOG  [OniBoss:Trail] trail END at clip 0.99, fading over 0.40s.
[  2575   29.029 x1.00] LOG  [OniBoss:Strike] Club_Swing: club tip closest to Yoru at 1.37m, clip position 0.92 | damage fires at 0.42 | clip 0.84s => damage fires 420 ms BEFORE the club is closest
[  2590   29.187 x1.00] LOG  [OniBoss] Recovery → Chase
[  2591   29.198 x1.00] LOG  [OniBoss] hold-ground: BACKSTEP 1.5m (player 3.0m)
[  2616   29.481 x1.00] LOG  
==================== [FREEZE-DEBUG v3] ====================
  Reason : WASD-NOMOVE: WASD recent + speed 0.00m/s for 0.41s
  Time   : 26.117s   Frame: 2616   Snaps: 60
===========================================================

--- CURRENT STATE ---
  Flags: atk=False hvy=False dod=False dsh=False
         grd=False hit=False aerial=False lockPos=False
         comboStep=0
  Anim : speed=1.00  combatLayer hash=-792875657 normT=0.466 weight=1.00 inTransition=False
  CC   : grounded=True  enabled=True  pos=(459.99, -0.02, 422.79)  vel=(0.00, 0.00, 0.00)
  Move : IsRunning=False
  Input: H=0.00 V=-1.00  LMB=False MMB=False Q=False Sp=False Sh=False C=False
         WASD pressed in last 0.5s: True (last 0.00s ago)

--- FLIGHT RECORDER (60 snapshots, oldest first, dt=0.10s) ---
  Legend: flags = A(tk) H(vy) D(od) S(sh) G(rd) R(eact) Y(aerial) L(ock)   gnd/cc: Y/n
  t-now    flags     step gnd cc anSp normT layW tr | posX     posZ     spd   | H    V    LMB MMB Q  Sp Sh C
  ------   --------  ---- --- -- ---- ----- ---- -- | -----    -----    ----  | ---- ---- --- --- -- -- -- -
  - 6.22s  --------    0  Y   Y  1.00  0.80 1.00 -  |   470.9    423.7  0.00 | -1.0  0.0 0   0   0  0  1  0
  - 6.12s  --------    0  Y   Y  1.00  0.90 1.00 -  |   470.2    423.4  0.00 | -1.0  0.0 0   0   0  0  1  0
  - 6.02s  --------    0  Y   Y  1.00  1.00 1.00 -  |   469.4    423.1  0.00 | -1.0  0.0 0   0   0  0  1  0
  - 5.91s  --------    0  Y   Y  1.00  1.11 1.00 -  |   468.8    422.9  0.00 | -1.0  0.0 0   0   0  0  1  0
  - 5.80s  --------    0  Y   Y  1.00  1.22 1.00 -  |   468.1    422.7  0.00 | -1.0  0.0 0   0   0  0  1  0
  - 5.70s  --------    0  Y   Y  1.00  1.33 1.00 -  |   467.3    422.4  0.00 | -1.0  0.0 0   0   0  0  1  0
  - 5.60s  --------    0  Y   Y  1.00  1.43 1.00 -  |   466.7    422.2  0.00 | -1.0  0.0 0   0   0  0  1  0
  - 5.49s  --------    0  Y   Y  1.00  1.53 1.00 -  |   466.0    422.0  0.00 | -1.0  0.0 0   0   0  0  1  0
  - 5.39s  --------    0  Y   Y  1.00  1.63 1.00 -  |   465.3    421.8  0.00 | -1.0  0.0 0   0   0  0  1  0
  - 5.28s  --------    0  Y   Y  1.00  1.74 1.00 -  |   464.7    421.6  0.00 | -1.0  0.0 0   0   0  0  1  0
  - 5.18s  --------    0  Y   Y  1.00  1.85 1.00 -  |   463.8    421.5  0.00 | -1.0  0.0 0   0   0  0  1  0
  - 5.07s  --------    0  Y   Y  1.00  1.95 1.00 -  |   463.1    421.6  0.00 | -1.0  0.0 0   0   0  0  1  0
  - 4.96s  --------    0  Y   Y  1.00  2.06 1.00 -  |   462.5    421.8  0.00 | -1.0  0.0 0   0   0  0  1  0
  - 4.86s  --------    0  Y   Y  1.00  2.17 1.00 -  |   461.7    422.1  0.00 | -1.0  0.0 0   0   0  0  1  0
  - 4.75s  --------    0  Y   Y  1.00  2.27 1.00 -  |   461.0    422.3  0.00 | -1.0  0.0 0   0   0  0  1  0
  - 4.65s  --------    0  Y   Y  1.00  2.37 1.00 -  |   460.4    422.6  0.00 |  0.0  0.0 0   0   0  0  0  0
  - 4.54s  --------    0  Y   Y  1.00  2.48 1.00 -  |   460.2    422.7  0.00 |  0.0  0.0 0   0   0  0  0  0
  - 4.43s  --------    0  Y   Y  1.00  2.59 1.00 -  |   460.0    422.7  0.00 |  0.0  0.0 0   0   0  0  0  0
  - 4.33s  --------    0  Y   Y  1.00  2.69 1.00 -  |   459.9    422.8  0.00 |  0.0  0.0 0   0   0  0  0  0
  - 4.23s  --------    0  Y   Y  1.00  2.80 1.00 -  |   459.9    422.8  0.00 |  0.0  0.0 0   0   0  0  0  0
  - 4.13s  --------    0  Y   Y  1.00  2.90 1.00 -  |   459.9    422.8  0.00 |  0.0  0.0 0   0   0  0  0  0
  - 4.03s  --------    0  Y   Y  1.00  3.00 1.00 -  |   459.9    422.8  0.00 |  0.0  0.0 0   0   0  0  0  0
  - 3.92s  --------    0  Y   Y  1.00  3.10 1.00 -  |   459.9    422.8  0.00 |  0.0  0.0 0   0   0  0  0  0
  - 3.82s  --------    0  Y   Y  1.00  3.20 1.00 -  |   459.9    422.8  0.00 |  0.0  0.0 0   0   0  0  0  0
  - 3.72s  --------    0  Y   Y  1.00  3.31 1.00 -  |   459.9    422.8  0.00 |  0.0  0.0 0   0   0  0  0  0
  - 3.62s  --------    0  n   Y  1.00  3.41 1.00 -  |   459.9    422.8  0.00 |  0.0  0.0 0   0   0  1  0  0
  - 3.51s  --------    0  n   Y  1.00  3.51 1.00 -  |   459.9    422.8  0.00 |  0.0  0.0 1   0   0  0  0  0
  - 3.40s  A-----Y-    3  n   Y  0.00  3.61 1.00 T  |   459.9    423.0  17.70 |  0.0  0.0 0   0   0  0  0  0
  - 3.30s  A-----Y-    3  n   Y  1.00  0.09 1.00 -  |   460.1    423.4  0.00 |  0.0  0.0 1   0   0  0  0  0
  - 3.19s  A-----Y-    3  n   Y  1.00  0.22 1.00 -  |   460.0    423.4  0.00 |  0.0  0.0 0   0   0  0  0  0
  - 3.09s  A-----Y-    3  n   Y  1.00  0.34 1.00 -  |   460.0    423.4  0.00 |  0.0  0.0 0   0   0  0  0  0
  - 2.99s  A-----Y-    3  n   Y  1.00  0.48 1.00 -  |   459.9    423.5  0.00 |  0.0  0.0 0   0   0  0  0  0
  - 2.88s  A-----Y-    3  n   Y  1.00  0.61 1.00 -  |   459.9    423.5  0.00 |  0.0  0.0 0   0   0  0  0  0
  - 2.77s  ------Y-    3  Y   Y  1.00  0.75 1.00 -  |   459.8    423.5  0.00 |  0.0  0.0 0   0   0  0  0  0
  - 2.67s  ------Y-    3  Y   Y  1.00  0.88 1.00 -  |   459.8    423.5  0.00 |  0.0  0.0 0   0   0  0  0  0
  - 2.57s  --------    3  Y   Y  1.00  1.00 1.00 T  |   459.8    423.5  0.00 |  0.0  0.0 0   0   0  0  0  0
  - 2.46s  --------    3  Y   Y  1.00  0.17 1.00 -  |   459.8    423.5  0.00 |  0.0  0.0 0   0   0  0  0  0
  - 2.36s  --------    3  Y   Y  1.00  0.28 1.00 -  |   459.8    423.5  0.00 |  0.0  0.0 0   0   0  0  0  0
  - 2.25s  --------    3  Y   Y  1.00  0.38 1.00 -  |   459.8    423.5  0.00 |  0.0  0.0 0   0   0  0  0  0
  - 2.14s  --------    3  Y   Y  1.00  0.49 1.00 -  |   459.8    423.5  0.00 |  0.0  0.0 0   0   0  0  0  0
  - 2.03s  --------    3  Y   Y  1.00  0.60 1.00 -  |   459.8    423.5  0.00 |  0.0  0.0 0   0   0  0  0  0
  - 1.93s  --------    3  Y   Y  1.00  0.71 1.00 -  |   459.8    423.5  0.00 |  0.0  0.0 0   0   0  0  0  0
  - 1.83s  --------    3  Y   Y  1.00  0.81 1.00 -  |   459.8    423.5  0.00 |  0.0  0.0 0   0   0  0  0  0
  - 1.72s  --------    3  Y   Y  1.00  0.92 1.00 -  |   459.8    423.5  0.00 |  0.0  0.0 0   0   0  0  0  0
  - 1.61s  --------    3  Y   Y  1.00  1.03 1.00 -  |   459.8    423.5  0.00 |  0.0  0.0 0   0   0  0  0  0
  - 1.51s  --------    3  Y   Y  1.00  1.13 1.00 -  |   459.8    423.5  0.00 |  0.0  0.0 0   0   0  0  0  0
  - 1.40s  --------    3  Y   Y  1.00  1.24 1.00 -  |   459.8    423.5  0.00 |  0.0  0.0 0   0   0  0  0  0
  - 1.29s  --------    3  Y   Y  1.00  1.34 1.00 -  |   459.8    423.5  0.00 |  0.0  0.0 0   0   0  0  0  0
  - 1.19s  --------    3  Y   Y  1.00  1.44 1.00 -  |   459.8    423.5  0.00 |  0.0  0.0 0   0   0  0  0  0
  - 1.08s  --------    3  Y   Y  1.00  1.55 1.00 -  |   459.8    423.5  0.00 |  0.0  0.0 0   0   0  0  0  0
  - 0.97s  -----R--    0  Y   Y  1.00  1.66 1.00 -  |   459.8    423.5  0.00 |  0.0  0.0 0   0   0  0  0  0
  - 0.86s  -----R--    0  Y   Y  1.00  0.16 1.00 -  |   459.8    423.5  0.00 |  0.0  0.0 0   0   0  0  0  0
  - 0.76s  -----R--    0  Y   Y  1.00  0.25 1.00 -  |   459.8    423.5  0.00 |  0.0  0.0 0   0   0  0  0  0
  - 0.65s  -----R--    0  Y   Y  1.00  0.34 1.00 -  |   459.8    423.5  0.00 |  0.0  0.0 0   0   0  0  0  0
  - 0.54s  -----R--    0  Y   Y  1.00  0.43 1.00 -  |   459.8    423.5  0.00 |  0.0  0.0 0   0   0  0  0  0
  - 0.44s  --------    0  Y   Y  1.00  0.51 1.00 T  |   459.8    423.5  0.00 |  0.0  0.0 0   0   0  0  0  0
  - 0.34s  --------    0  Y   Y  1.00  0.14 1.00 -  |   459.9    423.4  0.00 |  0.0 -1.0 0   0   0  0  0  0
  - 0.23s  --------    0  Y   Y  1.00  0.24 1.00 -  |   459.9    423.2  0.00 |  0.0 -1.0 0   0   0  0  0  0
  - 0.12s  --------    0  Y   Y  1.00  0.35 1.00 -  |   459.9    423.0  0.00 |  0.0 -1.0 0   0   0  0  0  0
  - 0.02s  --------    0  Y   Y  1.00  0.45 1.00 -  |   460.0    422.8  0.00 |  0.0 -1.0 0   0   0  0  0  0
=========================================================== END

[  2625   29.611 x1.00] LOG  [OniBoss] hold-ground: backstep done (0.66m), WATCH (player 4.4m, cooldown 1.4s)
[  2625   29.611 x1.00] LOG  [OniBoss] Playing animation: Idle
[  2626   29.623 x1.00] LOG  [OniBoss] Playing animation: Walk
[  2630   29.666 x1.00] LOG  [OniBoss] Playing animation: run
[  2757   30.989 x1.00] LOG  [OniBoss] Pull-band decision: RUN-IN (dist 3.7m, pullRange 0m, chance 0.50)
[  2763   31.041 x1.00] LOG  [OniBoss] Playing animation: Watch
[  2763   31.041 x1.00] LOG  [OniBoss] Chase → Attack
[  2763   31.041 x1.00] LOG  [OniBoss] Attack: ClubSwing2 (16 dmg)
[  2763   31.041 x1.00] LOG  [OniBoss:Trail] ClubSwing2 trail START at clip 1.00 (transition done).
[  2775   31.141 x1.00] LOG  [OniBoss:Layer] step-in: 'ClubSwing2' closed 0.48m, Yoru now 3.0m away (range 3.5)
[  2808   31.425 x1.00] LOG  [OniBoss:ClubPos] ClubSwing2 at strike: club tip 0.66m up, -1.83m in front, 2.40m to his right (3.02m out from his centre). Club faces 106deg from his forward, pitch -0.70. (the ground wave is born 1.6m in front of him at 0.35m.)
[  2808   31.425 x1.00] LOG  [OniBoss:Layer] ClubSwing2: club has not connected — ground wave released ARMED, 1.6m in front, 12m/s x 6.0m = 0.50s, carrying 8 (half of the club's 16).
[  2809   31.434 x1.00] LOG  [Combat] Hit react: HitReact_Light_2Leg (0.5s)
[  2809   31.434 x1.00] LOG  [HitReactTrace] asked for 'HitReact_Light_2Leg' (0.50s) — blend resolved after 0 ms, now playing a clip 1.00s long at speed 1.00, layer weight 1.00, animator.speed 1.00.
[  2809   31.434 x1.00] LOG  [CameraGameFeel] Shake: intensity=0.30 duration=0.200s
[  2809   31.434 x1.00] LOG  [CameraGameFeel] FOV punch: player damage (-2.0°)
[  2809   31.434 x1.00] LOG  [OniBoss:Wave] wave TOUCHED Yoru (grounded) for 8 after 0.1m / 0.01s of travel.
[  2892   32.138 x1.00] WARN The referenced script on this Behaviour (Game Object '<null>') is missing!
[  2892   32.138 x1.00] WARN The referenced script on this Behaviour (Game Object 'Lightning Light') is missing!
[  2892   32.138 x1.00] WARN The referenced script on this Behaviour (Game Object 'Lightning Light') is missing!
[  2900   32.208 x1.00] LOG  [OniBoss] Attack → Recovery
[  2900   32.208 x1.00] LOG  [OniBoss] Playing animation: Watch
[  2900   32.208 x1.00] LOG  [OniBoss:Trail] trail END at clip 0.99, fading over 0.40s.
[  2900   32.208 x1.00] LOG  [OniBoss:Strike] ClubSwing2: club tip closest to Yoru at 5.40m, clip position 0.31 | damage fires at 0.32 | clip 1.17s => MATCHED (within one or two frames)
[  2919   32.367 x1.00] LOG  [OniBoss] Recovery → Chase
[  2920   32.376 x1.00] LOG  [OniBoss] hold-ground: BACKSTEP 1.5m (player 3.0m)
[  3018   33.202 x1.00] LOG  [OniBoss] hold-ground: backstep done (1.32m), WATCH (player 4.3m, cooldown 1.0s)
[  3018   33.202 x1.00] LOG  [OniBoss] Playing animation: Idle
[  3114   34.176 x1.00] LOG  [OniBoss] hold-ground: cooldown over, player 4.3m > 3.5m — APPROACH
[  3114   34.176 x1.00] LOG  [OniBoss] Playing animation: Walk
[  3182   34.879 x1.00] LOG  [OniBoss] Combo started: swing1-2 (2 steps remaining)
[  3182   34.879 x1.00] LOG  [OniBoss] Chase → Attack
[  3182   34.879 x1.00] LOG  [OniBoss] Attack: Club_Swing (16 dmg)
[  3182   34.879 x1.00] LOG  [OniBoss:Trail] Club_Swing trail START at clip 0.37 (transition done).
[  3184   34.902 x1.00] LOG  [OniBoss:Layer] step-in: 'Club_Swing' closed 0.06m, Yoru now 3.0m away (range 3.5)
[  3212   35.197 x1.00] LOG  [CameraGameFeel] Shake: intensity=0.20 duration=0.250s
[  3212   35.197 x1.00] LOG  [Combat] Hit react: HitReact_Light_2Leg (0.5s)
[  3212   35.197 x1.00] LOG  [HitReactTrace] asked for 'HitReact_Light_2Leg' (0.50s) — blend resolved after 0 ms, now playing a clip 1.00s long at speed 1.00, layer weight 1.00, animator.speed 1.00.
[  3212   35.197 x1.00] LOG  [CameraGameFeel] Shake: intensity=0.30 duration=0.200s
[  3212   35.197 x1.00] LOG  [CameraGameFeel] FOV punch: player damage (-2.0°)
[  3212   35.197 x1.00] LOG  [OniBoss] Hit player for 16 (Club_Swing)
[  3212   35.197 x1.00] LOG  [OniBoss:Touch] Club_Swing: club TOUCHED Yoru at clip 0.38 — shaft 0.56m from her body line, tip speed 171m/s, ONE FRAME EARLY (predicted). Full club hit delivered this frame.
[  3217   35.252 x1.00] LOG  [OniBoss:ClubPos] Club_Swing at strike: club tip 3.04m up, 1.57m in front, -3.26m to his right (3.62m out from his centre). Club faces -102deg from his forward, pitch 0.41. (the ground wave is born 1.6m in front of him at 0.35m.)
[  3217   35.252 x1.00] LOG  [OniBoss:Layer] Club_Swing: club already hit — ground wave released as VISUAL only (0 damage).
[  3257   35.721 x1.00] LOG  [OniBoss] Attack → Recovery
[  3257   35.721 x1.00] LOG  [OniBoss] Playing animation: Watch
[  3257   35.721 x1.00] LOG  [OniBoss:Trail] trail END at clip 0.99, fading over 0.40s.
[  3257   35.721 x1.00] LOG  [OniBoss:Strike] Club_Swing: club tip closest to Yoru at 1.50m, clip position 0.91 | damage fires at 0.42 | clip 0.84s => damage fires 409 ms BEFORE the club is closest
[  3272   35.877 x1.00] LOG  [OniBoss] Recovery → Attack
[  3272   35.877 x1.00] LOG  [OniBoss] Attack: ClubSwing2 (16 dmg)
[  3272   35.877 x1.00] LOG  [OniBoss:Trail] ClubSwing2 trail START at clip 1.00 (transition still blending).
[  3305   36.212 x1.00] LOG  [CameraGameFeel] Shake: intensity=0.20 duration=0.250s
[  3305   36.212 x1.00] LOG  [Combat] Hit react: HitReact_Heavy_2Leg (0.9s)
[  3305   36.212 x1.00] LOG  [HitReactTrace] asked for 'HitReact_Heavy_2Leg' (0.90s) — blend resolved after 0 ms, now playing a clip 1.00s long at speed 1.00, layer weight 1.00, animator.speed 1.00.
[  3305   36.212 x1.00] LOG  [CameraGameFeel] Shake: intensity=0.60 duration=0.200s
[  3305   36.212 x1.00] LOG  [CameraGameFeel] FOV punch: player damage (-3.0°)
[  3305   36.212 x1.00] LOG  [OniBoss] Hit player for 24 (ClubSwing2) [combo x1.50]
[  3305   36.212 x1.00] LOG  [OniBoss:Touch] ClubSwing2: club TOUCHED Yoru at clip 0.29 — shaft 0.42m from her body line, tip speed 95m/s, ONE FRAME EARLY (predicted). Full club hit delivered this frame.
[  3310   36.272 x1.00] LOG  [OniBoss:ClubPos] ClubSwing2 at strike: club tip 0.20m up, 1.57m in front, 2.69m to his right (3.12m out from his centre). Club faces 17deg from his forward, pitch -0.89. (the ground wave is born 1.6m in front of him at 0.35m.)
[  3310   36.272 x1.00] LOG  [OniBoss:Layer] ClubSwing2: club already hit — ground wave released as VISUAL only (0 damage), finisher size x2.0.
[  3381   37.047 x1.00] LOG  [OniBoss] Attack → Recovery
[  3381   37.047 x1.00] LOG  [OniBoss] Playing animation: Watch
[  3381   37.047 x1.00] LOG  [OniBoss:Trail] trail END at clip 0.99, fading over 0.40s.
[  3381   37.047 x1.00] LOG  [OniBoss:Strike] ClubSwing2: club tip closest to Yoru at 0.47m, clip position 0.30 | damage fires at 0.32 | clip 1.17s => MATCHED (within one or two frames)
[  3395   37.201 x1.00] LOG  [OniBoss] Recovery → Chase
[  3396   37.212 x1.00] LOG  [OniBoss] hold-ground: BACKSTEP 1.5m (player 3.0m)
[  3470   38.040 x1.00] LOG  [OniBoss] hold-ground: backstep done (1.33m), WATCH (player 4.3m, cooldown 1.0s)
[  3470   38.040 x1.00] LOG  [OniBoss] Playing animation: Watch
[  3564   39.011 x1.00] LOG  [OniBoss] hold-ground: cooldown over, player 4.3m > 3.5m — APPROACH
[  3564   39.011 x1.00] LOG  [OniBoss] Playing animation: Walk
[  3634   39.721 x1.00] LOG  [OniBoss] Combo started: ClubSwing1 → ClubSwing2 → ClubSlam (3 steps remaining)
[  3634   39.721 x1.00] LOG  [OniBoss] Chase → Attack
[  3634   39.721 x1.00] LOG  [OniBoss] Attack: Club_Swing (16 dmg)
[  3634   39.721 x1.00] LOG  [OniBoss:Trail] Club_Swing trail START at clip 0.38 (transition done).
[  3636   39.742 x1.00] LOG  [OniBoss:Layer] step-in: 'Club_Swing' closed 0.05m, Yoru now 3.0m away (range 3.5)
[  3665   40.037 x1.00] LOG  [CameraGameFeel] Shake: intensity=0.20 duration=0.250s
[  3665   40.037 x1.00] LOG  [Combat] Hit react: HitReact_Light_2Leg (0.5s)
[  3665   40.037 x1.00] LOG  [HitReactTrace] asked for 'HitReact_Light_2Leg' (0.50s) — blend resolved after 0 ms, now playing a clip 1.00s long at speed 1.00, layer weight 1.00, animator.speed 1.00.
[  3665   40.037 x1.00] LOG  [CameraGameFeel] Shake: intensity=0.30 duration=0.200s
[  3665   40.037 x1.00] LOG  [CameraGameFeel] FOV punch: player damage (-2.0°)
[  3665   40.037 x1.00] LOG  [OniBoss] Hit player for 16 (Club_Swing)
[  3665   40.037 x1.00] LOG  [OniBoss:Touch] Club_Swing: club TOUCHED Yoru at clip 0.38 — shaft 0.69m from her body line, tip speed 173m/s, ONE FRAME EARLY (predicted). Full club hit delivered this frame.
[  3670   40.090 x1.00] LOG  [OniBoss:ClubPos] Club_Swing at strike: club tip 3.03m up, 2.03m in front, -3.15m to his right (3.75m out from his centre). Club faces -92deg from his forward, pitch 0.41. (the ground wave is born 1.6m in front of him at 0.35m.)
[  3670   40.090 x1.00] LOG  [OniBoss:Layer] Club_Swing: club already hit — ground wave released as VISUAL only (0 damage).
[  3713   40.563 x1.00] LOG  [OniBoss] Attack → Recovery
[  3713   40.563 x1.00] LOG  [OniBoss] Playing animation: Watch
[  3713   40.563 x1.00] LOG  [OniBoss:Trail] trail END at clip 0.99, fading over 0.40s.
[  3713   40.563 x1.00] LOG  [OniBoss:Strike] Club_Swing: club tip closest to Yoru at 1.50m, clip position 0.92 | damage fires at 0.42 | clip 0.84s => damage fires 415 ms BEFORE the club is closest
[  3728   40.723 x1.00] LOG  [OniBoss] Recovery → Attack
[  3728   40.723 x1.00] LOG  [OniBoss] Attack: ClubSwing2 (16 dmg)
[  3728   40.723 x1.00] LOG  [OniBoss:Trail] ClubSwing2 trail START at clip 1.00 (transition still blending).
[  3760   41.059 x1.00] LOG  [CameraGameFeel] Shake: intensity=0.20 duration=0.250s
[  3760   41.059 x1.00] LOG  [Combat] Hit react: HitReact_Light_2Leg (0.5s)
[  3760   41.059 x1.00] LOG  [HitReactTrace] asked for 'HitReact_Light_2Leg' (0.50s) — blend resolved after 0 ms, now playing a clip 1.00s long at speed 1.00, layer weight 1.00, animator.speed 1.00.
[  3760   41.059 x1.00] LOG  [CameraGameFeel] Shake: intensity=0.30 duration=0.200s
[  3760   41.059 x1.00] LOG  [CameraGameFeel] FOV punch: player damage (-2.0°)
[  3760   41.059 x1.00] LOG  [OniBoss] Hit player for 20 (ClubSwing2) [combo x1.25]
[  3760   41.059 x1.00] LOG  [OniBoss:Touch] ClubSwing2: club TOUCHED Yoru at clip 0.29 — shaft 0.32m from her body line, tip speed 95m/s, ONE FRAME EARLY (predicted). Full club hit delivered this frame.
[  3765   41.117 x1.00] LOG  [OniBoss:ClubPos] ClubSwing2 at strike: club tip 0.31m up, 1.39m in front, 2.89m to his right (3.21m out from his centre). Club faces 28deg from his forward, pitch -0.89. (the ground wave is born 1.6m in front of him at 0.35m.)
[  3765   41.117 x1.00] LOG  [OniBoss:Layer] ClubSwing2: club already hit — ground wave released as VISUAL only (0 damage).
[  3819   41.680 x1.00] WARN The referenced script on this Behaviour (Game Object '<null>') is missing!
[  3819   41.680 x1.00] WARN The referenced script on this Behaviour (Game Object 'Lightning Light') is missing!
[  3819   41.680 x1.00] WARN The referenced script on this Behaviour (Game Object 'Lightning Light') is missing!
[  3839   41.899 x1.00] LOG  [OniBoss] Attack → Recovery
[  3839   41.899 x1.00] LOG  [OniBoss] Playing animation: Watch
[  3839   41.899 x1.00] LOG  [OniBoss:Trail] trail END at clip 1.00, fading over 0.40s.
[  3839   41.899 x1.00] LOG  [OniBoss:Strike] ClubSwing2: club tip closest to Yoru at 0.44m, clip position 0.30 | damage fires at 0.32 | clip 1.17s => MATCHED (within one or two frames)
[  3852   42.050 x1.00] LOG  [OniBoss] Recovery → Attack
[  3852   42.050 x1.00] LOG  [OniBoss] Attack: ClubSlam (20 dmg)
[  3852   42.050 x1.00] LOG  [OniBoss:Trail] ClubSlam trail START at clip 1.00 (transition still blending).
[  3887   42.452 x1.00] LOG  [CameraGameFeel] Shake: intensity=0.50 duration=0.400s
[  3887   42.452 x1.00] LOG  [Combat] Hit react: HitReact_Heavy_2Leg (0.9s)
[  3887   42.452 x1.00] LOG  [HitReactTrace] asked for 'HitReact_Heavy_2Leg' (0.90s) — blend resolved after 0 ms, now playing a clip 1.00s long at speed 1.00, layer weight 1.00, animator.speed 1.00.
[  3887   42.452 x1.00] LOG  [CameraGameFeel] Shake: intensity=0.60 duration=0.200s
[  3887   42.452 x1.00] LOG  [CameraGameFeel] FOV punch: player damage (-3.0°)
[  3887   42.452 x1.00] LOG  [OniBoss] Hit player for 30 (ClubSlam) [combo x1.50]
[  3887   42.452 x1.00] LOG  [OniBoss:Touch] ClubSlam: club TOUCHED Yoru at clip 0.43 — shaft 0.51m from her body line, tip speed 120m/s, ONE FRAME EARLY (predicted). Full club hit delivered this frame.
[  3912   42.863 x1.00] LOG  [OniBoss:ClubPos] ClubSlam at strike: club tip 0.73m up, 2.82m in front, -0.58m to his right (2.88m out from his centre). Club faces -5deg from his forward, pitch -0.20. (the ground wave is born 1.6m in front of him at 0.35m.)
[  3912   42.863 x1.00] LOG  [OniBoss:Layer] ClubSlam: club already hit — ground wave released as VISUAL only (0 damage), finisher size x2.0.
[  3919   42.982 x1.00] LOG  [OniBoss] Attack → Recovery
[  3919   42.982 x1.00] LOG  [OniBoss] Playing animation: Watch
[  3919   42.982 x1.00] LOG  [OniBoss:Trail] trail END at clip 0.99, fading over 0.40s.
[  3919   42.982 x1.00] LOG  [OniBoss:Strike] ClubSlam: club tip closest to Yoru at 0.26m, clip position 0.84 | damage fires at 0.85 | clip 0.93s => MATCHED (within one or two frames)
[  3931   43.140 x1.00] LOG  [OniBoss] Recovery → Chase
[  3932   43.151 x1.00] LOG  [OniBoss] hold-ground: BACKSTEP 1.5m (player 3.0m)
[  4004   43.983 x1.00] LOG  [OniBoss] hold-ground: backstep done (1.33m), WATCH (player 4.3m, cooldown 1.0s)
[  4004   43.983 x1.00] LOG  [OniBoss] Playing animation: Watch
[  4092   44.952 x1.00] LOG  [OniBoss] hold-ground: cooldown over, player 4.3m > 3.5m — APPROACH
[  4092   44.952 x1.00] LOG  [OniBoss] Playing animation: Walk
[  4150   45.602 x1.00] LOG  [OniBoss] Chase → Attack
[  4150   45.602 x1.00] LOG  [OniBoss] Attack: Club_Swing (16 dmg)
[  4150   45.602 x1.00] LOG  [OniBoss:Trail] Club_Swing trail START at clip 0.34 (transition done).
[  4151   45.614 x1.00] LOG  
==================== [FREEZE-DEBUG v3] ====================
  Reason : WASD-NOMOVE: WASD recent + speed 0.00m/s for 0.41s
  Time   : 42.249s   Frame: 4151   Snaps: 60
===========================================================

--- CURRENT STATE ---
  Flags: atk=False hvy=False dod=False dsh=False
         grd=False hit=False aerial=False lockPos=False
         comboStep=0
  Anim : speed=1.00  combatLayer hash=-792875657 normT=2.242 weight=1.00 inTransition=False
  CC   : grounded=True  enabled=True  pos=(461.75, -0.02, 418.20)  vel=(0.00, 0.00, 0.00)
  Move : IsRunning=False
  Input: H=1.00 V=0.00  LMB=True MMB=False Q=False Sp=False Sh=False C=False
         WASD pressed in last 0.5s: True (last 0.00s ago)

--- FLIGHT RECORDER (60 snapshots, oldest first, dt=0.10s) ---
  Legend: flags = A(tk) H(vy) D(od) S(sh) G(rd) R(eact) Y(aerial) L(ock)   gnd/cc: Y/n
  t-now    flags     step gnd cc anSp normT layW tr | posX     posZ     spd   | H    V    LMB MMB Q  Sp Sh C
  ------   --------  ---- --- -- ---- ----- ---- -- | -----    -----    ----  | ---- ---- --- --- -- -- -- -
  - 6.25s  --------    0  Y   Y  1.00  2.23 1.00 -  |   461.0    418.0  0.00 |  0.0  0.0 0   0   0  0  1  0
  - 6.15s  --------    0  Y   Y  1.00  2.33 1.00 -  |   461.0    418.0  0.00 |  0.0  0.0 0   0   0  0  1  0
  - 6.04s  --------    0  Y   Y  1.00  2.44 1.00 -  |   461.0    418.0  0.00 |  0.0  0.0 0   0   0  0  1  0
  - 5.93s  --------    0  Y   Y  1.00  2.55 1.00 -  |   461.0    418.0  0.00 |  0.0  0.0 0   0   0  0  1  0
  - 5.83s  --------    0  Y   Y  1.00  2.65 1.00 -  |   461.0    418.0  0.00 |  0.0  0.0 0   0   0  0  1  0
  - 5.73s  --------    0  Y   Y  1.00  2.75 1.00 -  |   461.0    418.0  0.00 |  0.0  0.0 0   0   0  0  1  0
  - 5.63s  --------    0  Y   Y  1.00  2.85 1.00 -  |   461.0    418.0  0.00 |  0.0  0.0 0   0   0  0  1  0
  - 5.52s  -----R--    0  Y   Y  1.00  0.11 1.00 -  |   461.0    418.0  0.00 |  0.0  0.0 0   0   0  0  1  0
  - 5.42s  -----R--    0  Y   Y  1.00  0.19 1.00 -  |   461.0    418.0  0.00 |  0.0  0.0 0   0   0  0  1  0
  - 5.31s  -----R--    0  Y   Y  1.00  0.28 1.00 -  |   461.0    418.0  0.00 |  0.0  0.0 0   0   0  0  1  0
  - 5.20s  -----R--    0  Y   Y  1.00  0.38 1.00 -  |   461.0    418.0  0.00 |  0.0  0.0 0   0   0  0  1  0
  - 5.09s  -----R--    0  Y   Y  1.00  0.47 1.00 -  |   461.0    418.0  0.00 |  0.0  0.0 0   0   0  0  1  0
  - 4.99s  --------    0  Y   Y  1.00  0.55 1.00 T  |   461.0    418.0  0.00 |  0.0  0.0 0   0   0  0  1  0
  - 4.88s  --------    0  Y   Y  1.00  0.18 1.00 -  |   461.0    418.0  0.00 |  0.0  0.0 0   0   0  0  1  0
  - 4.77s  --------    0  Y   Y  1.00  0.29 1.00 -  |   461.0    418.0  0.00 |  0.0  0.0 0   0   0  0  1  0
  - 4.67s  --------    0  Y   Y  1.00  0.39 1.00 -  |   461.0    418.0  0.00 |  0.0  0.0 0   0   0  0  1  0
  - 4.56s  --------    0  Y   Y  1.00  0.50 1.00 -  |   461.0    418.0  0.00 |  0.0  0.0 0   0   0  0  1  0
  - 4.46s  -----R--    0  Y   Y  1.00  0.14 1.00 -  |   461.0    418.0  0.00 |  0.0  0.0 0   0   0  0  1  0
  - 4.36s  -----R--    0  Y   Y  1.00  0.22 1.00 -  |   461.0    418.0  0.00 |  0.0  0.0 0   0   0  0  1  0
  - 4.26s  -----R--    0  Y   Y  1.00  0.31 1.00 -  |   461.0    418.0  0.00 |  0.0  0.0 0   0   0  0  1  0
  - 4.16s  -----R--    0  Y   Y  1.00  0.39 1.00 -  |   461.0    418.0  0.00 |  0.0  0.0 0   0   0  0  1  0
  - 4.06s  -----R--    0  Y   Y  1.00  0.48 1.00 -  |   461.0    418.0  0.00 |  0.0  0.0 0   0   0  0  1  0
  - 3.95s  --------    0  Y   Y  1.00  0.56 1.00 T  |   461.0    418.0  0.00 |  0.0  0.0 0   0   0  0  1  0
  - 3.85s  --------    0  Y   Y  1.00  0.18 1.00 -  |   461.0    418.0  0.00 |  0.0  0.0 0   0   0  0  1  0
  - 3.75s  --------    0  Y   Y  1.00  0.28 1.00 -  |   461.0    418.0  0.00 |  0.0  0.0 0   0   0  0  1  0
  - 3.65s  --------    0  Y   Y  1.00  0.39 1.00 -  |   461.0    418.0  0.00 |  0.0  0.0 0   0   0  0  1  0
  - 3.54s  --------    0  Y   Y  1.00  0.49 1.00 -  |   461.0    418.0  0.00 |  0.0  0.0 0   0   0  0  1  0
  - 3.43s  --------    0  Y   Y  1.00  0.60 1.00 -  |   461.0    418.0  0.00 |  0.0  0.0 0   0   0  0  1  0
  - 3.33s  --------    0  Y   Y  1.00  0.70 1.00 -  |   461.0    418.0  0.00 |  0.0  0.0 0   0   0  0  1  0
  - 3.22s  --------    0  Y   Y  1.00  0.81 1.00 -  |   461.0    418.0  0.00 |  0.0  0.0 0   0   0  0  1  0
  - 3.11s  -----R--    0  Y   Y  1.00  0.10 1.00 -  |   461.0    418.0  0.00 |  0.0  0.0 0   0   0  0  0  0
  - 3.00s  -----R--    0  Y   Y  1.00  0.19 1.00 -  |   461.0    418.0  0.00 |  0.0  0.0 0   0   0  0  0  0
  - 2.89s  -----R--    0  Y   Y  1.00  0.27 1.00 -  |   461.0    418.0  0.00 |  0.0  0.0 0   0   0  0  0  0
  - 2.78s  -----R--    0  Y   Y  1.00  0.37 1.00 -  |   461.0    418.0  0.00 |  0.0  0.0 0   0   0  0  0  0
  - 2.67s  -----R--    0  Y   Y  1.00  0.46 1.00 -  |   461.0    418.0  0.00 |  0.0  0.0 0   0   0  0  0  0
  - 2.57s  -----R--    0  Y   Y  1.00  0.55 1.00 -  |   461.0    418.0  0.00 |  0.0  0.0 0   0   0  0  0  0
  - 2.46s  -----R--    0  Y   Y  1.00  0.64 1.00 -  |   461.0    418.0  0.00 |  0.0  0.0 0   0   0  0  0  0
  - 2.36s  -----R--    0  Y   Y  1.00  0.72 1.00 -  |   461.0    418.0  0.00 |  0.0  0.0 0   0   0  0  0  0
  - 2.25s  -----R--    0  Y   Y  1.00  0.81 1.00 -  |   461.0    418.0  0.00 |  0.0  0.0 0   0   0  0  0  0
  - 2.15s  --------    0  Y   Y  1.00  0.09 1.00 -  |   461.0    418.0  0.00 |  0.0  0.0 0   0   0  0  0  0
  - 2.04s  --------    0  Y   Y  1.00  0.20 1.00 -  |   461.0    418.0  0.00 |  0.0  0.0 0   0   0  0  0  0
  - 1.94s  --------    0  Y   Y  1.00  0.30 1.00 -  |   461.0    418.0  0.00 |  0.0  0.0 0   0   0  0  0  0
  - 1.84s  --------    0  Y   Y  1.00  0.41 1.00 -  |   461.0    418.0  0.00 |  0.0  0.0 0   0   0  0  0  0
  - 1.73s  --------    0  Y   Y  1.00  0.51 1.00 -  |   461.0    418.0  0.00 |  0.0  0.0 0   0   0  0  0  0
  - 1.63s  --------    0  Y   Y  1.00  0.61 1.00 -  |   461.0    418.0  0.00 |  0.0  0.0 0   0   0  0  0  0
  - 1.53s  --------    0  Y   Y  1.00  0.71 1.00 -  |   461.0    418.0  0.00 |  0.0  0.0 0   0   0  0  0  0
  - 1.42s  --------    0  Y   Y  1.00  0.82 1.00 -  |   461.0    418.0  0.00 |  0.0  0.0 0   0   0  0  0  0
  - 1.32s  --------    0  Y   Y  1.00  0.92 1.00 -  |   461.0    418.0  0.00 |  0.0  0.0 0   0   0  0  0  0
  - 1.21s  --------    0  Y   Y  1.00  1.03 1.00 -  |   461.0    418.0  0.00 |  0.0  0.0 0   0   0  0  0  0
  - 1.10s  --------    0  Y   Y  1.00  1.14 1.00 -  |   461.0    418.0  0.00 |  0.0  0.0 0   0   0  0  0  0
  - 0.99s  --------    0  Y   Y  1.00  1.25 1.00 -  |   461.0    418.0  0.00 |  0.0  0.0 0   0   0  0  0  0
  - 0.89s  --------    0  Y   Y  1.00  1.36 1.00 -  |   461.0    418.0  0.00 |  0.0  0.0 0   0   0  0  0  0
  - 0.78s  --------    0  Y   Y  1.00  1.46 1.00 -  |   461.0    418.0  0.00 |  0.0  0.0 0   0   0  0  0  0
  - 0.67s  --------    0  Y   Y  1.00  1.57 1.00 -  |   461.0    418.0  0.00 |  0.0  0.0 0   0   0  0  0  0
  - 0.57s  --------    0  Y   Y  1.00  1.68 1.00 -  |   461.0    418.0  0.00 |  0.0  0.0 0   0   0  0  0  0
  - 0.47s  --------    0  Y   Y  1.00  1.78 1.00 -  |   461.0    418.0  0.00 |  0.0  0.0 0   0   0  0  0  0
  - 0.36s  --------    0  Y   Y  1.00  1.89 1.00 -  |   461.0    418.0  0.00 |  1.0  0.0 0   0   0  0  0  0
  - 0.25s  --------    0  Y   Y  1.00  1.99 1.00 -  |   461.3    418.1  0.00 |  1.0  0.0 0   0   0  0  0  0
  - 0.15s  --------    0  Y   Y  1.00  2.09 1.00 -  |   461.5    418.1  0.00 |  1.0  0.0 0   0   0  0  0  0
  - 0.05s  --------    0  Y   Y  1.00  2.20 1.00 -  |   461.7    418.2  0.00 |  1.0  0.0 0   0   0  0  0  0
=========================================================== END

[  4152   45.626 x1.00] LOG  [OniBoss:Layer] step-in: 'Club_Swing' closed 0.06m, Yoru now 3.0m away (range 3.5)
[  4159   45.703 x1.00] LOG  [Combat] Combo 1: 10 dmg
[  4159   45.703 x1.00] LOG  [ComboTrace] START step=1 state='Combo1' queued=0 target='OniBoss' at 4.8m
[  4159   45.703 x1.00] LOG  [ComboTrace] LAUNCH OniBoss at 1.7m dist=1.71m in 0.17s
[  4174   45.878 x1.00] LOG  [ComboTrace] LAUNCH RESULT wanted=1.71m actually moved=1.02m — completed
[  4178   45.927 x1.00] LOG  [CameraGameFeel] Shake: intensity=0.20 duration=0.250s
[  4178   45.927 x1.00] LOG  [Combat] Hit react: HitReact_Light_2Leg (0.5s)
[  4178   45.927 x1.00] LOG  [HitReactTrace] asked for 'HitReact_Light_2Leg' (0.50s) — blend resolved after 0 ms, now playing a clip 1.23s long at speed 1.60, layer weight 1.00, animator.speed 1.00.
[  4178   45.927 x1.00] LOG  [CameraGameFeel] Shake: intensity=0.30 duration=0.200s
[  4178   45.927 x1.00] LOG  [CameraGameFeel] FOV punch: player damage (-2.0°)
[  4178   45.927 x1.00] LOG  [OniBoss] Hit player for 16 (Club_Swing)
[  4178   45.927 x1.00] LOG  [OniBoss:Touch] Club_Swing: club TOUCHED Yoru at clip 0.39 — shaft 0.61m from her body line, tip speed 167m/s. Full club hit delivered this frame.
[  4182   45.974 x1.00] LOG  [OniBoss:ClubPos] Club_Swing at strike: club tip 3.04m up, 1.72m in front, -3.23m to his right (3.66m out from his centre). Club faces -99deg from his forward, pitch 0.41. (the ground wave is born 1.6m in front of him at 0.35m.)
[  4182   45.974 x1.00] LOG  [OniBoss:Layer] Club_Swing: club already hit — ground wave released as VISUAL only (0 damage).
[  4225   46.450 x1.00] LOG  [OniBoss] Attack → Recovery
[  4225   46.450 x1.00] LOG  [OniBoss] Playing animation: Watch
[  4225   46.450 x1.00] LOG  [OniBoss:Trail] trail END at clip 1.00, fading over 0.40s.
[  4225   46.450 x1.00] LOG  [OniBoss:Strike] Club_Swing: club tip closest to Yoru at 0.50m, clip position 0.90 | damage fires at 0.42 | clip 0.84s => damage fires 403 ms BEFORE the club is closest
[  4240   46.607 x1.00] LOG  [OniBoss] Recovery → Chase
[  4241   46.617 x1.00] LOG  [OniBoss] hold-ground: BACKSTEP 1.5m (player 2.0m)
[  4245   46.658 x1.00] LOG  🚶 2-LEG JUMP
[  4245   46.658 x1.00] LOG  🐾 Jump 1 VFX spawned!
[  4279   47.023 x1.00] LOG  [ComboTrace] LAUNCH OniBoss at 1.1m dist=1.08m in 0.13s [AIRBORNE]
[  4279   47.023 x1.00] LOG  [Combat] Aerial spin — 25 dmg
[  4279   47.023 x1.00] LOG  OniBoss took 10 damage. HP: 420/500
[  4279   47.023 x1.00] LOG  [OniBoss] Chase → HitReact
[  4279   47.023 x1.00] LOG  [OniBoss:Layer] react tier: LIGHT (10 dmg) → 'Hit_react_light'
[  4279   47.023 x1.00] LOG  [CameraGameFeel] Shake: intensity=0.50 duration=0.200s
[  4279   47.023 x1.00] LOG  [CameraGameFeel] FOV punch: hit light (+1.5°)
[  4279   47.023 x1.00] LOG  [AirPosePin] engaged, holding body at 1.867m above the transform
[  4291   47.161 x1.00] LOG  [ComboTrace] LAUNCH RESULT wanted=1.08m actually moved=0.50m — completed
[  4293   47.185 x1.00] LOG  OniBoss took 10 damage. HP: 410/500
[  4293   47.185 x1.00] LOG  [OniBoss:Layer] burst: 2 hits / 20 dmg → flinch upgraded to 'HitReact_medium'
[  4293   47.185 x1.00] LOG  [CameraGameFeel] Shake: intensity=0.18 duration=0.200s
[  4296   47.218 x1.00] LOG  [StormWeather] ⚡ strike at (471.96, 45.00, 443.71)
[  4307   47.340 x1.00] LOG  OniBoss took 10 damage. HP: 400/500
[  4307   47.340 x1.00] LOG  [OniBoss] HitReact → Stagger
[  4307   47.340 x1.00] LOG  [OniBoss] Playing animation: Stagger
[  4307   47.340 x1.00] LOG  [OniBoss] STAGGERED for 2.5s
[  4307   47.340 x1.00] LOG  [OniBoss:Layer] heavy knock-back react (swirl burst, 3 hits / 30 dmg) → 'HitReact_Heavy', down for 1.80s
[  4307   47.340 x1.00] LOG  [OniBoss:Layer] burst: 3 hits / 30 dmg inside 0.8s → knock-back + 0.90m push
[  4307   47.340 x1.00] LOG  [CameraGameFeel] Shake: intensity=0.18 duration=0.200s
[  4322   47.502 x1.00] LOG  OniBoss punish window! 10 → 15 (x1.5)
[  4322   47.502 x1.00] LOG  OniBoss took 15 damage. HP: 385/500
[  4322   47.502 x1.00] LOG  [CameraGameFeel] Shake: intensity=0.18 duration=0.200s
[  4330   47.586 x1.00] LOG  💨 Landing VFX spawned!
[  4330   47.586 x1.00] LOG  ✅ LANDED! (was jump #1)
[  4330   47.586 x1.00] LOG  [AirPosePin] released, peak correction was 1.082m
[  4331   47.597 x1.00] LOG  [ComboTrace] CLICK IGNORED (step=3 queued=0)
[  4336   47.651 x1.00] LOG  🚶 2-LEG JUMP
[  4336   47.651 x1.00] LOG  🐾 Jump 1 VFX spawned!
[  4337   47.662 x1.00] LOG  OniBoss punish window! 10 → 15 (x1.5)
[  4337   47.662 x1.00] LOG  OniBoss took 15 damage. HP: 370/500
[  4337   47.662 x1.00] LOG  [CameraGameFeel] Shake: intensity=0.18 duration=0.200s
[  4338   47.673 x1.00] LOG  [AirPosePin] engaged, holding body at 0.759m above the transform
[  4347   47.770 x1.00] LOG  [ComboTrace] END step=3 clipProgress=0.90 clipLen=0.79s queued=0 elapsed=0.75s
[  4348   47.782 x1.00] LOG  [AirPosePin] released, peak correction was 0.072m
[  4419   48.593 x1.00] LOG  💨 Landing VFX spawned!
[  4419   48.593 x1.00] LOG  ✅ LANDED! (was jump #1)
[  4421   48.613 x1.00] LOG  [Combat] Combo 1: 10 dmg
[  4421   48.613 x1.00] LOG  [ComboTrace] START step=1 state='Combo1' queued=0 target='OniBoss' at 3.3m
[  4421   48.613 x1.00] LOG  [ComboTrace] LAUNCH OniBoss at 2.0m dist=1.96m in 0.20s
[  4440   48.815 x1.00] LOG  [ComboTrace] LAUNCH RESULT wanted=1.96m actually moved=1.28m — completed
[  4444   48.859 x1.00] LOG  [Combat] Queued click #1 (combo 1)
[  4444   48.859 x1.00] LOG  [ComboTrace] QUEUED #1 during step 1
[  4471   49.143 x1.00] LOG  [OniBoss] Stagger → Chase
[  4472   49.154 x1.00] LOG  [OniBoss] Playing animation: Watch
[  4472   49.154 x1.00] LOG  [OniBoss] Combo started: ClubSwing1 → ClubSwing2 → ClubSlam (3 steps remaining)
[  4472   49.154 x1.00] LOG  [OniBoss] Chase → Attack
[  4472   49.154 x1.00] LOG  [OniBoss] Attack: Club_Swing (16 dmg)
[  4472   49.154 x1.00] LOG  [OniBoss:Trail] Club_Swing trail START at clip 1.00 (transition done).
[  4472   49.154 x1.00] LOG  [Combat] Queued click #2 (combo 1)
[  4472   49.154 x1.00] LOG  [ComboTrace] QUEUED #2 during step 1
[  4479   49.230 x1.00] LOG  OniBoss took 10 damage. HP: 360/500
[  4479   49.230 x1.00] LOG  [OniBoss] 🤕 Hit during Attack — flash only
[  4479   49.230 x1.00] LOG  [Combat] Hit OniBoss for 10
[  4479   49.230 x1.00] LOG  [CameraGameFeel] Shake: intensity=0.50 duration=0.200s
[  4479   49.230 x1.00] LOG  [CameraGameFeel] FOV punch: hit light (+1.5°)
[  4494   49.396 x1.00] LOG  [ComboTrace] CLICK IGNORED (step=1 queued=2)
[  4496   49.420 x1.00] LOG  🐾 VFX_AttackPaw triggered!
[  4504   49.505 x1.00] LOG  [CameraGameFeel] Shake: intensity=0.20 duration=0.250s
[  4504   49.505 x1.00] LOG  [Combat] Hit react: HitReact_Light_2Leg (0.5s)
[  4504   49.505 x1.00] LOG  [HitReactTrace] asked for 'HitReact_Light_2Leg' (0.50s) — blend resolved after 0 ms, now playing a clip 1.23s long at speed 1.60, layer weight 1.00, animator.speed 1.00.
[  4504   49.505 x1.00] LOG  [CameraGameFeel] Shake: intensity=0.30 duration=0.200s
[  4504   49.505 x1.00] LOG  [CameraGameFeel] FOV punch: player damage (-2.0°)
[  4504   49.505 x1.00] LOG  [OniBoss] Hit player for 16 (Club_Swing)
[  4504   49.505 x1.00] LOG  [OniBoss:Touch] Club_Swing: club TOUCHED Yoru at clip 0.38 — shaft 0.48m from her body line, tip speed 171m/s, ONE FRAME EARLY (predicted). Full club hit delivered this frame.
[  4509   49.561 x1.00] LOG  [OniBoss:ClubPos] Club_Swing at strike: club tip 3.04m up, 1.69m in front, -3.24m to his right (3.65m out from his centre). Club faces -99deg from his forward, pitch 0.41. (the ground wave is born 1.6m in front of him at 0.35m.)
[  4509   49.561 x1.00] LOG  [OniBoss:Layer] Club_Swing: club already hit — ground wave released as VISUAL only (0 damage).
[  4553   50.031 x1.00] LOG  [OniBoss] Attack → Recovery
[  4553   50.031 x1.00] LOG  [OniBoss] Playing animation: Watch
[  4553   50.031 x1.00] LOG  [OniBoss:Trail] trail END at clip 0.99, fading over 0.40s.
[  4553   50.031 x1.00] LOG  [Combat] Combo 1: 10 dmg
[  4553   50.031 x1.00] LOG  [ComboTrace] START step=1 state='Combo1' queued=0 target='OniBoss' at 2.0m
[  4553   50.031 x1.00] LOG  [ComboTrace] LAUNCH OniBoss at 0.8m dist=0.81m in 0.13s
[  4553   50.031 x1.00] LOG  [OniBoss:Strike] Club_Swing: club tip closest to Yoru at 0.50m, clip position 0.91 | damage fires at 0.42 | clip 0.84s => damage fires 407 ms BEFORE the club is closest
[  4566   50.170 x1.00] LOG  [ComboTrace] LAUNCH RESULT wanted=0.81m actually moved=0.00m — completed
[  4567   50.181 x1.00] LOG  [OniBoss] Recovery → Attack
[  4567   50.181 x1.00] LOG  [OniBoss] Attack: ClubSwing2 (16 dmg)
[  4567   50.181 x1.00] LOG  [OniBoss:Trail] ClubSwing2 trail START at clip 1.00 (transition still blending).
[  4570   50.212 x1.00] LOG  [Combat] Queued click #1 (combo 1)
[  4570   50.212 x1.00] LOG  [ComboTrace] QUEUED #1 during step 1
[  4588   50.408 x1.00] LOG  [Combat] Queued click #2 (combo 1)
[  4588   50.408 x1.00] LOG  [ComboTrace] QUEUED #2 during step 1
[  4597   50.503 x1.00] LOG  [CameraGameFeel] Shake: intensity=0.20 duration=0.250s
[  4597   50.503 x1.00] LOG  [Combat] Hit react: HitReact_Light_2Leg (0.5s)
[  4597   50.503 x1.00] LOG  [HitReactTrace] asked for 'HitReact_Light_2Leg' (0.50s) — blend resolved after 0 ms, now playing a clip 1.23s long at speed 1.60, layer weight 1.00, animator.speed 1.00.
[  4597   50.503 x1.00] LOG  [CameraGameFeel] Shake: intensity=0.30 duration=0.200s
[  4597   50.503 x1.00] LOG  [CameraGameFeel] FOV punch: player damage (-2.0°)
[  4597   50.503 x1.00] LOG  [OniBoss] Hit player for 20 (ClubSwing2) [combo x1.25]
[  4597   50.503 x1.00] LOG  [OniBoss:Touch] ClubSwing2: club TOUCHED Yoru at clip 0.28 — shaft 0.54m from her body line, tip speed 85m/s, ONE FRAME EARLY (predicted). Full club hit delivered this frame.
[  4603   50.572 x1.00] LOG  [OniBoss:ClubPos] ClubSwing2 at strike: club tip 0.17m up, 1.63m in front, 2.63m to his right (3.09m out from his centre). Club faces 14deg from his forward, pitch -0.89. (the ground wave is born 1.6m in front of him at 0.35m.)
[  4603   50.572 x1.00] LOG  [OniBoss:Layer] ClubSwing2: club already hit — ground wave released as VISUAL only (0 damage).
[  4644   51.025 x1.00] LOG  [Combat] Combo 1: 10 dmg
[  4644   51.025 x1.00] LOG  [ComboTrace] START step=1 state='Combo1' queued=0 target='OniBoss' at 2.0m
[  4644   51.025 x1.00] LOG  [ComboTrace] LAUNCH OniBoss at 0.8m dist=0.81m in 0.13s
[  4657   51.161 x1.00] LOG  [ComboTrace] LAUNCH RESULT wanted=0.81m actually moved=0.00m — completed
[  4665   51.245 x1.00] LOG  [Combat] Queued click #1 (combo 1)
[  4665   51.245 x1.00] LOG  [ComboTrace] QUEUED #1 during step 1
[  4676   51.357 x1.00] LOG  [OniBoss] Attack → Recovery
[  4676   51.357 x1.00] LOG  [OniBoss] Playing animation: Watch
[  4676   51.357 x1.00] LOG  [OniBoss:Trail] trail END at clip 1.00, fading over 0.40s.
[  4676   51.357 x1.00] LOG  [OniBoss:Strike] ClubSwing2: club tip closest to Yoru at 1.45m, clip position 0.30 | damage fires at 0.32 | clip 1.17s => MATCHED (within one or two frames)
[  4688   51.481 x1.00] LOG  [Combat] Queued click #2 (combo 1)
[  4688   51.481 x1.00] LOG  [ComboTrace] QUEUED #2 during step 1
[  4691   51.515 x1.00] LOG  [OniBoss] Recovery → Attack
[  4691   51.515 x1.00] LOG  [OniBoss] Attack: ClubSlam (20 dmg)
[  4691   51.515 x1.00] LOG  [OniBoss:Trail] ClubSlam trail START at clip 1.00 (transition still blending).
[  4703   51.636 x1.00] LOG  OniBoss took 10 damage. HP: 350/500
[  4703   51.636 x1.00] LOG  [OniBoss] 🤕 Hit during Attack — flash only
[  4703   51.636 x1.00] LOG  [Combat] Hit OniBoss for 10
[  4703   51.636 x1.00] LOG  [CameraGameFeel] Shake: intensity=0.50 duration=0.200s
[  4703   51.636 x1.00] LOG  [CameraGameFeel] FOV punch: hit light (+1.5°)
[  4721   51.834 x1.00] LOG  🐾 VFX_AttackPaw triggered!
[  4732   51.947 x1.00] LOG  [CameraGameFeel] Shake: intensity=0.50 duration=0.400s
[  4732   51.947 x1.00] LOG  [Combat] Hit react: HitReact_Heavy_2Leg (0.9s)
[  4732   51.947 x1.00] LOG  [HitReactTrace] asked for 'HitReact_Heavy_2Leg' (0.90s) — blend resolved after 0 ms, now playing a clip 1.23s long at speed 1.60, layer weight 1.00, animator.speed 1.00.
[  4732   51.947 x1.00] LOG  [CameraGameFeel] Shake: intensity=0.60 duration=0.200s
[  4732   51.947 x1.00] LOG  [CameraGameFeel] FOV punch: player damage (-3.0°)
[  4732   51.947 x1.00] LOG  [OniBoss] Hit player for 30 (ClubSlam) [combo x1.50]
[  4732   51.947 x1.00] LOG  [OniBoss:Touch] ClubSlam: club TOUCHED Yoru at clip 0.43 — shaft 0.48m from her body line, tip speed 121m/s, ONE FRAME EARLY (predicted). Full club hit delivered this frame.
[  4737   52.003 x1.00] WARN The referenced script on this Behaviour (Game Object '<null>') is missing!
[  4737   52.003 x1.00] WARN The referenced script on this Behaviour (Game Object 'Lightning Light') is missing!
[  4737   52.003 x1.00] WARN The referenced script on this Behaviour (Game Object 'Lightning Light') is missing!
[  4768   52.352 x1.00] LOG  [OniBoss:ClubPos] ClubSlam at strike: club tip 0.58m up, 2.90m in front, -0.22m to his right (2.91m out from his centre). Club faces 5deg from his forward, pitch -0.25. (the ground wave is born 1.6m in front of him at 0.35m.)
[  4768   52.352 x1.00] LOG  [OniBoss:Layer] ClubSlam: club already hit — ground wave released as VISUAL only (0 damage), finisher size x2.0.
[  4780   52.488 x1.00] LOG  [OniBoss] Attack → Recovery
[  4780   52.488 x1.00] LOG  [OniBoss] Playing animation: Watch
[  4780   52.488 x1.00] LOG  [OniBoss:Trail] trail END at clip 1.00, fading over 0.40s.
[  4780   52.488 x1.00] LOG  [OniBoss:Strike] ClubSlam: club tip closest to Yoru at 0.35m, clip position 0.93 | damage fires at 0.85 | clip 0.93s => damage fires 71 ms BEFORE the club is closest
[  4795   52.643 x1.00] LOG  [OniBoss] Recovery → Chase
[  4796   52.654 x1.00] LOG  [OniBoss] hold-ground: BACKSTEP 1.5m (player 2.0m)
[  4830   53.010 x1.00] LOG  🚶 2-LEG JUMP
[  4830   53.010 x1.00] LOG  🐾 Jump 1 VFX spawned!
[  4877   53.521 x1.00] LOG  [ComboTrace] LAUNCH OniBoss at 1.8m dist=1.77m in 0.18s [AIRBORNE]
[  4877   53.521 x1.00] LOG  [Combat] Aerial spin — 25 dmg
[  4877   53.521 x1.00] LOG  [AirPosePin] engaged, holding body at 2.082m above the transform
[  4884   53.596 x1.00] LOG  [OniBoss] hold-ground: backstep done (1.51m), WATCH (player 2.7m, cooldown 0.8s)
[  4884   53.596 x1.00] LOG  [OniBoss] Playing animation: Idle
[  4891   53.671 x1.00] LOG  OniBoss took 10 damage. HP: 340/500
[  4891   53.671 x1.00] LOG  [OniBoss] Chase → HitReact
[  4891   53.671 x1.00] LOG  [OniBoss:Layer] react tier: LIGHT (10 dmg) → 'Hit_react_light'
[  4891   53.671 x1.00] LOG  [CameraGameFeel] Shake: intensity=0.50 duration=0.200s
[  4891   53.671 x1.00] LOG  [CameraGameFeel] FOV punch: hit light (+1.5°)
[  4894   53.705 x1.00] LOG  [ComboTrace] LAUNCH RESULT wanted=1.77m actually moved=1.29m — completed
[  4905   53.827 x1.00] LOG  OniBoss took 10 damage. HP: 330/500
[  4905   53.827 x1.00] LOG  [OniBoss:Layer] burst: 2 hits / 20 dmg → flinch upgraded to 'HitReact_medium'
[  4905   53.827 x1.00] LOG  [CameraGameFeel] Shake: intensity=0.18 duration=0.200s
[  4917   53.952 x1.00] LOG  💨 Landing VFX spawned!
[  4917   53.952 x1.00] LOG  ✅ LANDED! (was jump #1)
[  4917   53.952 x1.00] LOG  [AirPosePin] released, peak correction was 1.299m
[  4918   53.963 x1.00] LOG  🚶 2-LEG JUMP
[  4918   53.963 x1.00] LOG  🐾 Jump 1 VFX spawned!
[  4920   53.985 x1.00] LOG  OniBoss took 10 damage. HP: 320/500
[  4920   53.985 x1.00] LOG  [OniBoss] HitReact → Stagger
[  4920   53.985 x1.00] LOG  [OniBoss] Playing animation: Stagger
[  4920   53.985 x1.00] LOG  [OniBoss] STAGGERED for 2.5s
[  4920   53.985 x1.00] LOG  [OniBoss:Layer] heavy knock-back react (swirl burst, 3 hits / 30 dmg) → 'HitReact_Heavy', down for 1.80s
[  4920   53.985 x1.00] LOG  [OniBoss:Layer] burst: 3 hits / 30 dmg inside 0.8s → knock-back + 0.90m push
[  4920   53.985 x1.00] LOG  [CameraGameFeel] Shake: intensity=0.18 duration=0.200s
[  4920   53.985 x1.00] LOG  [AirPosePin] engaged, holding body at 0.784m above the transform
[  4929   54.137 x1.00] LOG  OniBoss punish window! 10 → 15 (x1.5)
[  4929   54.137 x1.00] LOG  OniBoss took 15 damage. HP: 305/500
[  4929   54.137 x1.00] LOG  [CameraGameFeel] Shake: intensity=0.18 duration=0.200s
[  4941   54.277 x1.00] LOG  [ComboTrace] END step=3 clipProgress=0.90 clipLen=0.79s queued=0 elapsed=0.76s
[  4942   54.289 x1.00] LOG  [AirPosePin] released, peak correction was 0.097m
[  5000   54.904 x1.00] LOG  💨 Landing VFX spawned!
[  5000   54.904 x1.00] LOG  ✅ LANDED! (was jump #1)
[  5001   54.916 x1.00] LOG  [Combat] Combo 1: 10 dmg
[  5001   54.916 x1.00] LOG  [ComboTrace] START step=1 state='Combo1' queued=0 target='OniBoss' at 2.5m
[  5001   54.916 x1.00] LOG  [ComboTrace] LAUNCH OniBoss at 1.2m dist=1.23m in 0.13s
[  5014   55.050 x1.00] LOG  [ComboTrace] LAUNCH RESULT wanted=1.23m actually moved=0.49m — completed
[  5061   55.526 x1.00] LOG  OniBoss punish window! 10 → 15 (x1.5)
[  5061   55.526 x1.00] LOG  OniBoss took 15 damage. HP: 290/500
[  5061   55.526 x1.00] LOG  [Combat] Hit OniBoss for 10
[  5061   55.526 x1.00] LOG  [CameraGameFeel] Shake: intensity=0.50 duration=0.200s
[  5061   55.526 x1.00] LOG  [CameraGameFeel] FOV punch: hit light (+1.5°)
[  5079   55.721 x1.00] LOG  🐾 VFX_AttackPaw triggered!
[  5086   55.793 x1.00] LOG  [OniBoss] Stagger → Chase
[  5087   55.803 x1.00] LOG  [OniBoss] Playing animation: Idle
[  5087   55.803 x1.00] LOG  [OniBoss] Combo started: ClubSwing1 → ClubSwing2 → ClubSlam (3 steps remaining)
[  5087   55.803 x1.00] LOG  [OniBoss] Chase → Attack
[  5087   55.803 x1.00] LOG  [OniBoss] Attack: Club_Swing (16 dmg)
[  5087   55.803 x1.00] LOG  [OniBoss:Trail] Club_Swing trail START at clip 1.00 (transition done).
[  5106   56.003 x1.00] LOG  [ComboTrace] END step=1 clipProgress=0.86 clipLen=1.23s queued=0 elapsed=1.09s
[  5116   56.107 x1.00] LOG  [Combat] Combo 2: 20 dmg
[  5116   56.107 x1.00] LOG  [ComboTrace] START step=2 state='Combo2' queued=0 target='OniBoss' at 2.9m
[  5116   56.107 x1.00] LOG  [ComboTrace] LAUNCH OniBoss at 1.6m dist=1.60m in 0.16s
[  5118   56.129 x1.00] LOG  [CameraGameFeel] Shake: intensity=0.20 duration=0.250s
[  5118   56.129 x1.00] LOG  [Combat] Hit react: HitReact_Light_2Leg (0.5s)
[  5118   56.129 x1.00] LOG  [CameraGameFeel] Shake: intensity=0.30 duration=0.200s
[  5118   56.129 x1.00] LOG  [CameraGameFeel] FOV punch: player damage (-2.0°)
[  5118   56.129 x1.00] LOG  [OniBoss] Hit player for 16 (Club_Swing)
[  5118   56.129 x1.00] LOG  [OniBoss:Touch] Club_Swing: club TOUCHED Yoru at clip 0.39 — shaft 0.67m from her body line, tip speed 166m/s. Full club hit delivered this frame.
[  5121   56.164 x1.00] LOG  [HitReactTrace] asked for 'HitReact_Light_2Leg' (0.50s) — blend resolved after 35 ms, now playing a clip 1.21s long at speed 1.00, layer weight 1.00, animator.speed 1.00.
[  5122   56.175 x1.00] LOG  [OniBoss:ClubPos] Club_Swing at strike: club tip 3.04m up, 1.77m in front, -3.22m to his right (3.68m out from his centre). Club faces -98deg from his forward, pitch 0.41. (the ground wave is born 1.6m in front of him at 0.35m.)
[  5122   56.175 x1.00] LOG  [OniBoss:Layer] Club_Swing: club already hit — ground wave released as VISUAL only (0 damage).
[  5167   56.651 x1.00] LOG  [OniBoss] Attack → Recovery
[  5167   56.651 x1.00] LOG  [OniBoss] Playing animation: Watch
[  5167   56.651 x1.00] LOG  [OniBoss:Trail] trail END at clip 1.00, fading over 0.40s.
[  5167   56.651 x1.00] LOG  [OniBoss:Strike] Club_Swing: club tip closest to Yoru at 0.83m, clip position 0.90 | damage fires at 0.42 | clip 0.84s => damage fires 401 ms BEFORE the club is closest
[  5172   56.704 x1.00] LOG  🚶 2-LEG JUMP
[  5172   56.704 x1.00] LOG  🐾 Jump 1 VFX spawned!
[  5181   56.801 x1.00] LOG  [OniBoss] Recovery → Attack
[  5181   56.801 x1.00] LOG  [OniBoss] Attack: ClubSwing2 (16 dmg)
[  5181   56.801 x1.00] LOG  [OniBoss:Trail] ClubSwing2 trail START at clip 1.00 (transition still blending).
[  5208   57.103 x1.00] LOG  [ComboTrace] LAUNCH OniBoss at 0.7m dist=0.73m in 0.13s [AIRBORNE]
[  5208   57.103 x1.00] LOG  [Combat] Aerial spin — 25 dmg
[  5208   57.103 x1.00] LOG  OniBoss took 10 damage. HP: 280/500
[  5208   57.103 x1.00] LOG  [OniBoss] 🤕 Hit during Attack — flash only
[  5208   57.103 x1.00] LOG  [CameraGameFeel] Shake: intensity=0.50 duration=0.200s
[  5208   57.103 x1.00] LOG  [CameraGameFeel] FOV punch: hit light (+1.5°)
[  5208   57.103 x1.00] LOG  [AirPosePin] engaged, holding body at 2.027m above the transform
[  5220   57.238 x1.00] LOG  [OniBoss:ClubPos] ClubSwing2 at strike: club tip 0.21m up, 1.57m in front, 2.70m to his right (3.12m out from his centre). Club faces 18deg from his forward, pitch -0.89. (the ground wave is born 1.6m in front of him at 0.35m.)
[  5220   57.238 x1.00] LOG  [OniBoss:Layer] ClubSwing2: club has not connected — ground wave released ARMED, 1.6m in front, 12m/s x 6.0m = 0.50s, carrying 10 (half of the club's 20).
[  5220   57.238 x1.00] LOG  [ComboTrace] LAUNCH RESULT wanted=0.73m actually moved=0.15m — completed
[  5222   57.262 x1.00] LOG  OniBoss took 10 damage. HP: 270/500
[  5222   57.262 x1.00] LOG  [OniBoss] 🤕 Hit during Attack — flash only
[  5222   57.262 x1.00] LOG  [CameraGameFeel] Shake: intensity=0.18 duration=0.200s
[  5236   57.416 x1.00] LOG  OniBoss took 10 damage. HP: 260/500
[  5236   57.416 x1.00] LOG  [OniBoss] 🤕 Hit during Attack — flash only
[  5236   57.416 x1.00] LOG  [OniBoss] Attack → Stagger
[  5236   57.416 x1.00] LOG  [OniBoss] Playing animation: Stagger
[  5236   57.416 x1.00] LOG  [OniBoss] STAGGERED for 2.5s
[  5236   57.416 x1.00] LOG  [OniBoss:Layer] heavy knock-back react (swirl burst, 3 hits / 30 dmg) → 'HitReact_Heavy', down for 1.80s
[  5236   57.416 x1.00] LOG  [OniBoss:Layer] burst: 3 hits / 30 dmg inside 0.8s → knock-back + 0.90m push
[  5236   57.416 x1.00] LOG  [CameraGameFeel] Shake: intensity=0.18 duration=0.200s
[  5236   57.416 x1.00] LOG  [OniBoss:Touch] ClubSwing2: no touch this swing — closest 1.30m at clip 0.27, fastest tip 109m/s (radius 0.70, min speed 50).
[  5236   57.416 x1.00] LOG  [OniBoss:Strike] ClubSwing2: club tip closest to Yoru at 2.38m, clip position 0.29 | damage fires at 0.32 | clip 1.17s => damage fires 41 ms AFTER the club is closest — it lands once the club has passed her
[  5237   57.429 x1.00] LOG  [OniBoss:Trail] trail END at clip 0.48, fading over 0.40s.
[  5250   57.570 x1.00] LOG  OniBoss punish window! 10 → 15 (x1.5)
[  5250   57.570 x1.00] LOG  OniBoss took 15 damage. HP: 245/500
[  5250   57.570 x1.00] LOG  [CameraGameFeel] Shake: intensity=0.18 duration=0.200s
[  5251   57.581 x1.00] LOG  [OniBoss] ⚡ PHASE 2 ACTIVATED
[  5251   57.581 x1.00] LOG  [OniBoss:Layer] PHASE 2: health snapped 245 → 250 (exactly half) for the phase-2 start.
[  5251   57.581 x1.00] LOG  [OniBoss] STAGGERED (parry) for 3s
[  5251   57.581 x0.45] LOG  [Combat] Combat reset
[  5251   57.581 x0.45] LOG  [OniBoss:Cine] CINEMATIC ON — hard cut, bars in, world at x0.45, roar at x0.80 + 0.9s linger, rise at x0.45, beat frames 27-37/94 at x0.20, hang 2.0s, orbit roar 120° / rise 40° / drop 30°, lens 65° locked, fill 0.70, screen-y 0.40/0.33, apex at clip 0.40.
[  5251   57.581 x0.45] LOG  [OniBoss:Layer] PHASE 2: transition 'Phase_Transition' driven at x0.60 + 0.6s hold — untouchable, roar at 0.60
[  5251   57.581 x0.45] LOG  [BossBar] Hiding bar INSTANTLY (cinematic)
[  5251   57.581 x0.45] LOG  [OniBoss:Layer] boss bar hidden (cinematic)
[  5251   57.581 x0.45] LOG  [AirPosePin] released, peak correction was 1.243m
[  5252   57.595 x0.45] LOG  [OniBoss:Layer] PHASE 2: clip is 2.42s — cinematic: scream ~1.81s in + 0.9s linger
[  5263   57.719 x0.45] LOG  💨 Landing VFX spawned!
[  5263   57.719 x0.45] LOG  ✅ LANDED! (was jump #1)
[  5283   57.939 x0.45] LOG  [OniBoss:Wave] armed wave expired UNTOUCHED — closest 0.23m to Yoru (hit width 1.60), she was AIRBORNE at the closest moment.
[  5420   59.395 x0.45] LOG  [CameraGameFeel] Shake: intensity=0.60 duration=0.500s
[  5420   59.395 x0.45] LOG  [OniBoss:Layer] PHASE 2: roar at 1.45 clip-s
[  5505   60.296 x0.45] LOG  [OniBoss:Layer] PHASE 2: transition over after 2.71s real — he is back, and angrier
[  5505   60.296 x0.45] LOG  [OniBoss:Layer] PHASE 2: chaining into the GROUND POUND — no pause. The cinematic rides along until the top of the jump.
[  5505   60.296 x0.45] LOG  [OniBoss] STAGGERED (parry) for 3s
[  5505   60.296 x0.45] LOG  [OniBoss:Layer] GROUND POUND (phase-2 entrance): driving 'Ground_Pound' at x1.00, slam at 0.60, cinematic until the apex at 0.40
[  5506   60.307 x0.45] LOG  [OniBoss:Layer] GROUND POUND: clip is 3.13s
[  5710   62.308 x0.45] LOG  [StormWeather] storm break released
[  5710   62.308 x0.45] LOG  [CameraGameFeel] Shake: intensity=0.90 duration=0.500s
[  5710   62.308 x0.45] LOG  [OniBoss:Cine] LIGHTNING BEAT — sky show off, single strike 'LightningOrbSoftYellow'.
[  5711   62.319 x0.20] LOG  [StormWeather] ⚡ strike at (482.67, 45.00, 440.03)
[  5711   62.319 x0.20] LOG  [StormWeather] COZY → 'Yoru_Oni_Phase2_Storm' (the sky answers — storm chaos)
[  5711   62.319 x0.20] LOG  [StormWeather] PHASE 2 - storm breaking.
[  6053   66.002 x1.00] LOG  [OniBoss:Cine] the DROP at clip 0.40 (hung 2.0s) — full speed, the camera rides him DOWN.
[  6107   66.636 x1.00] LOG  [CameraGameFeel] FOV punch: hit light (+1.5°)
[  6107   66.636 x1.00] LOG  [StormWeather] storm break released
[  6107   66.636 x1.00] LOG  [OniBoss:Cine] CINEMATIC OFF (he LANDS at clip 0.60) — control returned, bars out, camera hands over in 0.30s. Lens locked at 65°; the camera stepped back to 23.1m at the farthest.
[  6107   66.636 x1.00] LOG  [CameraGameFeel] Shake: intensity=1.10 duration=0.800s
[  6107   66.636 x1.00] LOG  [OniBoss:Pound] SLAM at clip 0.60 (1.88 clip-s) — ring 12m/s out to 12m, 45 damage, jumpable.
[  6108   66.649 x1.00] LOG  [BossBar] Showing bar for: Oni (250/500)
[  6108   66.649 x1.00] LOG  [OniBoss:Layer] boss bar shown
[  6108   66.649 x1.00] LOG  [BossBar] Bar switched to phase 2
[  6108   66.649 x1.00] LOG  [OniBoss:Layer] boss bar → phase 2 crimson
[  6122   66.809 x1.00] LOG  [Combat] Hit react: HitReact_Heavy_2Leg (0.9s)
[  6122   66.809 x1.00] LOG  [HitReactTrace] asked for 'HitReact_Heavy_2Leg' (0.90s) — blend resolved after 0 ms, now playing a clip 1.00s long at speed 1.00, layer weight 1.00, animator.speed 1.00.
[  6122   66.809 x1.00] LOG  [CameraGameFeel] Shake: intensity=0.60 duration=0.200s
[  6122   66.809 x1.00] LOG  [CameraGameFeel] FOV punch: player damage (-3.0°)
[  6122   66.809 x1.00] LOG  [OniBoss:Pound] shockwave CAUGHT Yoru (grounded) at 2.8m for 45.
[  6163   67.273 x1.00] LOG  [StormWeather] storm post weight -> 1.00
[  6221   67.884 x1.00] LOG  [OniBoss] Stagger → Chase
[  6221   67.884 x1.00] LOG  [OniBoss:Cine] first-attack GRACE — at least 2.0s before he may swing.
[  6221   67.884 x1.00] LOG  [OniBoss:Layer] GROUND POUND: done — the engine is his again.
[  6222   67.895 x1.00] LOG  [OniBoss] Playing animation: Watch
[  6230   67.982 x1.00] WARN The referenced script on this Behaviour (Game Object '<null>') is missing!
[  6230   67.982 x1.00] WARN The referenced script on this Behaviour (Game Object 'Lightning Light') is missing!
[  6230   67.982 x1.00] WARN The referenced script on this Behaviour (Game Object 'Lightning Light') is missing!
[  6404   69.886 x1.00] LOG  [OniBoss] Combo started: ClubSwing1 → ClubSwing2 → ClubSlam (3 steps remaining)
[  6404   69.886 x1.00] LOG  [OniBoss] Chase → Attack
[  6404   69.886 x1.00] LOG  [OniBoss] Attack: Club_Swing (16 dmg)
[  6404   69.886 x1.00] LOG  [OniBoss:Trail] Club_Swing trail START at clip 1.00 (transition done).
[  6416   70.015 x1.00] LOG  [OniBoss:Layer] step-in: 'Club_Swing' closed 0.02m, Yoru now 3.0m away (range 3.5)
[  6418   70.036 x1.00] LOG  [OniBoss:Layer] step-in: 'Club_Swing' closed 0.06m, Yoru now 3.0m away (range 3.5)
[  6419   70.047 x1.00] LOG  [OniBoss:Layer] step-in: 'Club_Swing' closed 0.10m, Yoru now 3.0m away (range 3.5)
[  6421   70.069 x1.00] LOG  [OniBoss:Layer] step-in: 'Club_Swing' closed 0.14m, Yoru now 3.0m away (range 3.5)
[  6423   70.090 x1.00] LOG  [OniBoss:Layer] step-in: 'Club_Swing' closed 0.18m, Yoru now 3.0m away (range 3.5)
[  6425   70.111 x1.00] LOG  [OniBoss:Layer] step-in: 'Club_Swing' closed 0.22m, Yoru now 3.0m away (range 3.5)
[  6438   70.259 x1.00] LOG  
==================== [FREEZE-DEBUG v3] ====================
  Reason : WASD-NOMOVE: WASD recent + speed 0.00m/s for 0.40s
  Time   : 61.850s   Frame: 6438   Snaps: 60
===========================================================

--- CURRENT STATE ---
  Flags: atk=False hvy=False dod=False dsh=False
         grd=False hit=False aerial=False lockPos=False
         comboStep=0
  Anim : speed=1.00  combatLayer hash=-792875657 normT=2.538 weight=1.00 inTransition=False
  CC   : grounded=True  enabled=True  pos=(460.81, -0.02, 423.59)  vel=(0.00, 0.00, 0.00)
  Move : IsRunning=True
  Input: H=0.00 V=-1.00  LMB=False MMB=False Q=False Sp=False Sh=True C=False
         WASD pressed in last 0.5s: True (last 0.00s ago)

--- FLIGHT RECORDER (60 snapshots, oldest first, dt=0.10s) ---
  Legend: flags = A(tk) H(vy) D(od) S(sh) G(rd) R(eact) Y(aerial) L(ock)   gnd/cc: Y/n
  t-now    flags     step gnd cc anSp normT layW tr | posX     posZ     spd   | H    V    LMB MMB Q  Sp Sh C
  ------   --------  ---- --- -- ---- ----- ---- -- | -----    -----    ----  | ---- ---- --- --- -- -- -- -
  - 6.28s  --------    0  Y   Y  1.00  1.35 1.00 -  |   460.5    425.0  0.00 |  0.0  0.0 0   0   0  0  0  0
  - 6.17s  --------    0  Y   Y  1.00  1.45 1.00 -  |   460.5    425.0  0.00 |  0.0  0.0 0   0   0  0  0  0
  - 6.07s  --------    0  Y   Y  1.00  1.56 1.00 -  |   460.5    425.0  0.00 |  0.0  0.0 0   0   0  0  0  0
  - 5.97s  --------    0  Y   Y  1.00  1.66 1.00 -  |   460.5    425.0  0.00 |  0.0  0.0 0   0   0  0  0  0
  - 5.86s  --------    0  Y   Y  1.00  1.76 1.00 -  |   460.5    425.0  0.00 |  0.0  0.0 0   0   0  0  0  0
  - 5.76s  --------    0  Y   Y  1.00  1.86 1.00 -  |   460.5    425.0  0.00 |  0.0  0.0 0   0   0  0  0  0
  - 5.66s  --------    0  Y   Y  1.00  1.97 1.00 -  |   460.5    425.0  0.00 |  0.0  0.0 0   0   0  0  0  0
  - 5.56s  --------    0  Y   Y  1.00  2.07 1.00 -  |   460.5    425.0  0.00 |  0.0  0.0 0   0   0  0  0  0
  - 5.46s  --------    0  Y   Y  1.00  2.17 1.00 -  |   460.5    425.0  0.00 |  0.0  0.0 0   0   0  0  0  0
  - 5.36s  --------    0  Y   Y  1.00  2.27 1.00 -  |   460.5    425.0  0.00 |  0.0  0.0 0   0   0  0  0  0
  - 5.26s  --------    0  Y   Y  1.00  2.37 1.00 -  |   460.5    425.0  0.00 |  0.0  0.0 0   0   0  0  0  0
  - 5.16s  --------    0  Y   Y  1.00  2.47 1.00 -  |   460.5    425.0  0.00 |  0.0  0.0 0   0   0  0  0  0
  - 5.06s  --------    0  Y   Y  1.00  2.57 1.00 -  |   460.5    425.0  0.00 |  0.0  0.0 0   0   0  0  0  0
  - 4.95s  --------    0  Y   Y  1.00  2.67 1.00 -  |   460.5    425.0  0.00 |  0.0  0.0 0   0   0  0  0  0
  - 4.85s  --------    0  Y   Y  1.00  2.77 1.00 -  |   460.5    425.0  0.00 |  0.0  0.0 0   0   0  0  0  0
  - 4.75s  --------    0  Y   Y  1.00  2.87 1.00 -  |   460.5    425.0  0.00 |  0.0  0.0 0   0   0  0  0  0
  - 4.65s  --------    0  Y   Y  1.00  2.98 1.00 -  |   460.5    425.0  0.00 |  0.0  0.0 0   0   0  0  0  0
  - 4.55s  --------    0  Y   Y  1.00  3.08 1.00 -  |   460.5    425.0  0.00 |  0.0  0.0 0   0   0  0  0  0
  - 4.45s  --------    0  Y   Y  1.00  3.18 1.00 -  |   460.5    425.0  0.00 |  0.0  0.0 0   0   0  0  0  0
  - 4.35s  --------    0  Y   Y  1.00  3.28 1.00 -  |   460.5    425.0  0.00 |  0.0  0.0 0   0   0  0  0  0
  - 4.24s  --------    0  Y   Y  1.00  3.38 1.00 -  |   460.5    425.0  0.00 |  0.0  0.0 0   0   0  0  0  0
  - 4.14s  --------    0  Y   Y  1.00  3.48 1.00 -  |   460.5    425.0  0.00 |  0.0  0.0 0   0   0  0  0  0
  - 4.03s  --------    0  Y   Y  1.00  3.59 1.00 -  |   460.5    425.0  0.00 |  0.0  0.0 0   0   0  0  0  0
  - 3.92s  --------    0  Y   Y  1.00  3.70 1.00 -  |   460.5    425.0  0.00 |  0.0  0.0 0   0   0  0  0  0
  - 3.82s  --------    0  Y   Y  1.00  3.81 1.00 -  |   460.5    425.0  0.00 |  0.0  0.0 0   0   0  0  0  0
  - 3.71s  --------    0  Y   Y  1.00  3.91 1.00 -  |   460.5    425.0  0.00 |  0.0  0.0 0   0   0  0  0  0
  - 3.60s  --------    0  Y   Y  1.00  4.02 1.00 -  |   460.5    425.0  0.00 |  0.0  0.0 0   0   0  0  0  0
  - 3.49s  --------    0  Y   Y  1.00  4.13 1.00 -  |   460.5    425.0  0.00 |  0.0  0.0 0   0   0  0  0  0
  - 3.38s  -----R--    0  Y   Y  1.00  0.13 1.00 -  |   460.5    425.0  0.00 |  0.0  0.0 0   0   0  0  0  0
  - 3.28s  -----R--    0  Y   Y  1.00  0.22 1.00 -  |   460.5    425.0  0.00 |  0.0  0.0 0   0   0  0  0  0
  - 3.17s  -----R--    0  Y   Y  1.00  0.30 1.00 -  |   460.5    425.0  0.00 |  0.0  0.0 0   0   0  0  0  0
  - 3.06s  -----R--    0  Y   Y  1.00  0.39 1.00 -  |   460.5    425.0  0.00 |  0.0  0.0 0   0   0  0  0  0
  - 2.95s  -----R--    0  Y   Y  1.00  0.48 1.00 -  |   460.5    425.0  0.00 |  0.0  0.0 0   0   0  0  0  0
  - 2.85s  -----R--    0  Y   Y  1.00  0.57 1.00 -  |   460.5    425.0  0.00 |  0.0  0.0 0   0   0  0  0  0
  - 2.75s  -----R--    0  Y   Y  1.00  0.66 1.00 -  |   460.5    425.0  0.00 |  0.0  0.0 0   0   0  0  0  0
  - 2.64s  -----R--    0  Y   Y  1.00  0.74 1.00 -  |   460.5    425.0  0.00 |  0.0  0.0 0   0   0  0  0  0
  - 2.54s  --------    0  Y   Y  1.00  0.83 1.00 T  |   460.5    425.0  0.00 |  0.0  0.0 0   0   0  0  0  0
  - 2.43s  --------    0  Y   Y  1.00  0.11 1.00 -  |   460.5    425.0  0.00 |  0.0  0.0 0   0   0  0  0  0
  - 2.32s  --------    0  Y   Y  1.00  0.22 1.00 -  |   460.5    425.0  0.00 |  0.0  0.0 0   0   0  0  0  0
  - 2.21s  --------    0  Y   Y  1.00  0.33 1.00 -  |   460.5    425.0  0.00 |  0.0  0.0 0   0   0  0  0  0
  - 2.10s  --------    0  Y   Y  1.00  0.44 1.00 -  |   460.5    425.0  0.00 |  0.0  0.0 0   0   0  0  0  0
  - 2.00s  --------    0  Y   Y  1.00  0.54 1.00 -  |   460.5    425.0  0.00 |  0.0  0.0 0   0   0  0  0  0
  - 1.89s  --------    0  Y   Y  1.00  0.65 1.00 -  |   460.5    425.0  0.00 |  0.0  0.0 0   0   0  0  0  0
  - 1.78s  --------    0  Y   Y  1.00  0.75 1.00 -  |   460.5    425.0  0.00 |  0.0  0.0 0   0   0  0  0  0
  - 1.68s  --------    0  Y   Y  1.00  0.85 1.00 -  |   460.5    425.0  0.00 |  0.0  0.0 0   0   0  0  0  0
  - 1.57s  --------    0  Y   Y  1.00  0.96 1.00 -  |   460.5    425.0  0.00 |  0.0  0.0 0   0   0  0  0  0
  - 1.47s  --------    0  Y   Y  1.00  1.07 1.00 -  |   460.5    425.0  0.00 |  0.0  0.0 0   0   0  0  0  0
  - 1.36s  --------    0  Y   Y  1.00  1.17 1.00 -  |   460.5    425.0  0.00 |  0.0  0.0 0   0   0  0  0  0
  - 1.25s  --------    0  Y   Y  1.00  1.28 1.00 -  |   460.5    425.0  0.00 |  0.0  0.0 0   0   0  0  0  0
  - 1.15s  --------    0  Y   Y  1.00  1.39 1.00 -  |   460.5    425.0  0.00 |  0.0  0.0 0   0   0  0  0  0
  - 1.04s  --------    0  Y   Y  1.00  1.50 1.00 -  |   460.5    425.0  0.00 |  0.0  0.0 0   0   0  0  0  0
  - 0.93s  --------    0  Y   Y  1.00  1.61 1.00 -  |   460.5    425.0  0.00 |  0.0  0.0 0   0   0  0  0  0
  - 0.82s  --------    0  Y   Y  1.00  1.72 1.00 -  |   460.5    425.0  0.00 |  0.0  0.0 0   0   0  0  0  0
  - 0.71s  --------    0  Y   Y  1.00  1.82 1.00 -  |   460.5    425.0  0.00 |  0.0  0.0 0   0   0  0  0  0
  - 0.61s  --------    0  Y   Y  1.00  1.93 1.00 -  |   460.5    425.0  0.00 |  0.0  0.0 0   0   0  0  0  0
  - 0.51s  --------    0  Y   Y  1.00  2.03 1.00 -  |   460.5    425.0  0.00 |  0.0  0.0 0   0   0  0  0  0
  - 0.40s  --------    0  Y   Y  1.00  2.14 1.00 -  |   460.5    425.0  0.00 |  0.0  0.0 0   0   0  0  0  0
  - 0.30s  --------    0  Y   Y  1.00  2.24 1.00 -  |   460.5    424.9  0.00 |  0.0 -1.0 0   0   0  0  0  0
  - 0.19s  --------    0  Y   Y  1.00  2.35 1.00 -  |   460.6    424.6  0.00 |  0.0 -1.0 0   0   0  0  0  0
  - 0.09s  --------    0  Y   Y  1.00  2.45 1.00 -  |   460.7    424.1  0.00 |  0.0 -1.0 0   0   0  0  1  0
=========================================================== END

[  6438   70.259 x1.00] LOG  [OniBoss:ClubPos] Club_Swing at strike: club tip 3.04m up, 1.72m in front, -3.23m to his right (3.66m out from his centre). Club faces -99deg from his forward, pitch 0.41. (the ground wave is born 1.6m in front of him at 0.35m.)
[  6438   70.259 x1.00] LOG  [OniBoss:Layer] Club_Swing: club has not connected — ground wave released ARMED, 1.6m in front, 12m/s x 6.0m = 0.50s, carrying 8 (half of the club's 16).
[  6449   70.389 x1.00] LOG  🐾 4-LEG JUMP #0
[  6449   70.389 x1.00] LOG  🐾 Jump 1 VFX spawned!
[  6450   70.403 x1.00] LOG  [HitReactTrace] 4-leg LIGHT hit at 0.00 m/s (running threshold 3.00) → standing reaction.
[  6450   70.403 x1.00] LOG  [Combat] Hit react: HitReact_Light_4Leg (0.5s)
[  6450   70.403 x1.00] LOG  [HitReactTrace] asked for 'HitReact_Light_4Leg' (0.50s) — blend resolved after 0 ms, now playing a clip 1.00s long at speed 1.00, layer weight 1.00, animator.speed 1.00.
[  6450   70.403 x1.00] LOG  [CameraGameFeel] Shake: intensity=0.30 duration=0.200s
[  6450   70.403 x1.00] LOG  [CameraGameFeel] FOV punch: player damage (-2.0°)
[  6450   70.403 x1.00] LOG  [OniBoss:Wave] wave TOUCHED Yoru (grounded) for 8 after 1.7m / 0.14s of travel.
[  6451   70.417 x1.00] LOG  [AirPosePin] engaged, holding body at 0.600m above the transform
[  6478   70.728 x1.00] LOG  [OniBoss] Attack → Recovery
[  6478   70.728 x1.00] LOG  [OniBoss] Playing animation: Watch
[  6478   70.728 x1.00] LOG  [OniBoss:Trail] trail END at clip 0.99, fading over 0.40s.
[  6478   70.728 x1.00] LOG  [OniBoss:Strike] Club_Swing: club tip closest to Yoru at 2.94m, clip position 0.40 | damage fires at 0.42 | clip 0.84s => MATCHED (within one or two frames)
[  6492   70.887 x1.00] LOG  [OniBoss] Recovery → Attack
[  6492   70.887 x1.00] LOG  [OniBoss] Attack: ClubSwing2 (16 dmg)
[  6492   70.887 x1.00] LOG  [OniBoss:Trail] ClubSwing2 trail START at clip 1.00 (transition still blending).
[  6494   70.909 x1.00] LOG  [AirPosePin] released, peak correction was 0.001m
[  6498   70.957 x1.00] LOG  [ComboTrace] LAUNCH STEP (too far: OniBoss at 5.6m > engage 4.7m) dist=0.90m in 0.13s [AIRBORNE]
[  6498   70.957 x1.00] LOG  [Combat] Aerial spin — 25 dmg
[  6498   70.957 x1.00] LOG  [AirPosePin] engaged, holding body at 1.164m above the transform
[  6510   71.089 x1.00] LOG  [ComboTrace] LAUNCH RESULT wanted=0.90m actually moved=0.27m — completed
[  6523   71.232 x1.00] LOG  [StormWeather] ⚡ strike at (481.16, 45.00, 438.95)
[  6527   71.275 x1.00] LOG  [OniBoss:ClubPos] ClubSwing2 at strike: club tip 0.12m up, 1.74m in front, 2.50m to his right (3.05m out from his centre). Club faces 8deg from his forward, pitch -0.88. (the ground wave is born 1.6m in front of him at 0.35m.)
[  6527   71.275 x1.00] LOG  [OniBoss:Layer] ClubSwing2: club has not connected — ground wave released ARMED, 1.6m in front, 12m/s x 6.0m = 0.50s, carrying 10 (half of the club's 20).
[  6532   71.328 x1.00] LOG  💨 Landing VFX spawned!
[  6532   71.328 x1.00] LOG  ✅ LANDED! (was jump #1)
[  6532   71.328 x1.00] LOG  [AirPosePin] released, peak correction was 0.381m
[  6561   71.641 x1.00] LOG  [HitReactTrace] 4-leg LIGHT hit at 0.00 m/s (running threshold 3.00) → standing reaction.
[  6561   71.641 x1.00] LOG  [Combat] Hit react: HitReact_Light_4Leg (0.5s)
[  6561   71.641 x1.00] LOG  [HitReactTrace] asked for 'HitReact_Light_4Leg' (0.50s) — blend resolved after 0 ms, now playing a clip 0.79s long at speed 0.80, layer weight 1.00, animator.speed 1.00.
[  6561   71.641 x1.00] LOG  [CameraGameFeel] Shake: intensity=0.30 duration=0.200s
[  6561   71.641 x1.00] LOG  [CameraGameFeel] FOV punch: player damage (-2.0°)
[  6561   71.641 x1.00] LOG  [OniBoss:Wave] wave TOUCHED Yoru (grounded) for 10 after 4.4m / 0.37s of travel.
[  6599   72.065 x1.00] LOG  [OniBoss] Attack → Recovery
[  6599   72.065 x1.00] LOG  [OniBoss] Playing animation: Watch
[  6599   72.065 x1.00] LOG  [OniBoss:Trail] trail END at clip 1.00, fading over 0.40s.
[  6599   72.065 x1.00] LOG  [OniBoss:Strike] ClubSwing2: club tip closest to Yoru at 2.73m, clip position 0.30 | damage fires at 0.32 | clip 1.17s => MATCHED (within one or two frames)
[  6613   72.217 x1.00] LOG  [OniBoss] Recovery → Attack
[  6613   72.217 x1.00] LOG  [OniBoss] Attack: ClubSlam (20 dmg)
[  6613   72.217 x1.00] LOG  [OniBoss:Trail] ClubSlam trail START at clip 1.00 (transition still blending).
[  6619   72.282 x1.00] WARN The referenced script on this Behaviour (Game Object '<null>') is missing!
[  6619   72.282 x1.00] WARN The referenced script on this Behaviour (Game Object 'Lightning Light') is missing!
[  6619   72.282 x1.00] WARN The referenced script on this Behaviour (Game Object 'Lightning Light') is missing!
[  6679   73.019 x1.00] LOG  [OniBoss:ClubPos] ClubSlam at strike: club tip 0.61m up, 2.89m in front, -0.28m to his right (2.91m out from his centre). Club faces 3deg from his forward, pitch -0.24. (the ground wave is born 1.6m in front of him at 0.35m.)
[  6679   73.019 x1.00] LOG  [OniBoss:Layer] ClubSlam: club has not connected — ground wave released ARMED, 1.6m in front, 12m/s x 12.0m = 1.00s, COMBO FINISHER: FULL 30 damage, x2.0 size, x2.0 travel.
[  6691   73.147 x1.00] LOG  [OniBoss] Attack → Recovery
[  6691   73.147 x1.00] LOG  [OniBoss] Playing animation: Watch
[  6691   73.147 x1.00] LOG  [OniBoss:Trail] trail END at clip 0.99, fading over 0.40s.
[  6691   73.147 x1.00] LOG  [OniBoss:Touch] ClubSlam: no touch this swing — closest 3.42m at clip 0.47, fastest tip 228m/s (radius 0.70, min speed 50).
[  6691   73.147 x1.00] LOG  [OniBoss:Strike] ClubSlam: club tip closest to Yoru at 3.56m, clip position 0.47 | damage fires at 0.85 | clip 0.93s => damage fires 355 ms AFTER the club is closest — it lands once the club has passed her
[  6694   73.178 x1.00] WARN The referenced script on this Behaviour (Game Object '<null>') is missing!
[  6694   73.178 x1.00] WARN The referenced script on this Behaviour (Game Object 'Lightning Light') is missing!
[  6694   73.178 x1.00] WARN The referenced script on this Behaviour (Game Object 'Lightning Light') is missing!
[  6706   73.308 x1.00] LOG  [OniBoss] Recovery → Chase
[  6707   73.319 x1.00] LOG  [OniBoss] Playing animation: run
[  6775   74.026 x1.00] LOG  [OniBoss:Wave] armed wave expired UNTOUCHED — closest 7.46m to Yoru (hit width 3.20), she was grounded at the closest moment.
[  6822   74.530 x1.00] LOG  
==================== [FREEZE-DEBUG v3] ====================
  Reason : WASD-NOMOVE: WASD recent + speed 0.00m/s for 0.41s
  Time   : 66.121s   Frame: 6822   Snaps: 60
===========================================================

--- CURRENT STATE ---
  Flags: atk=False hvy=False dod=False dsh=False
         grd=False hit=False aerial=False lockPos=False
         comboStep=0
  Anim : speed=1.00  combatLayer hash=-792875657 normT=2.368 weight=1.00 inTransition=False
  CC   : grounded=True  enabled=True  pos=(449.14, -0.02, 415.76)  vel=(0.00, 0.00, 0.00)
  Move : IsRunning=True
  Input: H=1.00 V=0.00  LMB=False MMB=False Q=False Sp=False Sh=True C=False
         WASD pressed in last 0.5s: True (last 0.00s ago)

--- FLIGHT RECORDER (60 snapshots, oldest first, dt=0.10s) ---
  Legend: flags = A(tk) H(vy) D(od) S(sh) G(rd) R(eact) Y(aerial) L(ock)   gnd/cc: Y/n
  t-now    flags     step gnd cc anSp normT layW tr | posX     posZ     spd   | H    V    LMB MMB Q  Sp Sh C
  ------   --------  ---- --- -- ---- ----- ---- -- | -----    -----    ----  | ---- ---- --- --- -- -- -- -
  - 6.27s  --------    0  Y   Y  1.00  0.54 1.00 -  |   460.5    425.0  0.00 |  0.0  0.0 0   0   0  0  0  0
  - 6.16s  --------    0  Y   Y  1.00  0.65 1.00 -  |   460.5    425.0  0.00 |  0.0  0.0 0   0   0  0  0  0
  - 6.05s  --------    0  Y   Y  1.00  0.75 1.00 -  |   460.5    425.0  0.00 |  0.0  0.0 0   0   0  0  0  0
  - 5.95s  --------    0  Y   Y  1.00  0.85 1.00 -  |   460.5    425.0  0.00 |  0.0  0.0 0   0   0  0  0  0
  - 5.84s  --------    0  Y   Y  1.00  0.96 1.00 -  |   460.5    425.0  0.00 |  0.0  0.0 0   0   0  0  0  0
  - 5.74s  --------    0  Y   Y  1.00  1.07 1.00 -  |   460.5    425.0  0.00 |  0.0  0.0 0   0   0  0  0  0
  - 5.64s  --------    0  Y   Y  1.00  1.17 1.00 -  |   460.5    425.0  0.00 |  0.0  0.0 0   0   0  0  0  0
  - 5.52s  --------    0  Y   Y  1.00  1.28 1.00 -  |   460.5    425.0  0.00 |  0.0  0.0 0   0   0  0  0  0
  - 5.42s  --------    0  Y   Y  1.00  1.39 1.00 -  |   460.5    425.0  0.00 |  0.0  0.0 0   0   0  0  0  0
  - 5.31s  --------    0  Y   Y  1.00  1.50 1.00 -  |   460.5    425.0  0.00 |  0.0  0.0 0   0   0  0  0  0
  - 5.20s  --------    0  Y   Y  1.00  1.61 1.00 -  |   460.5    425.0  0.00 |  0.0  0.0 0   0   0  0  0  0
  - 5.09s  --------    0  Y   Y  1.00  1.72 1.00 -  |   460.5    425.0  0.00 |  0.0  0.0 0   0   0  0  0  0
  - 4.99s  --------    0  Y   Y  1.00  1.82 1.00 -  |   460.5    425.0  0.00 |  0.0  0.0 0   0   0  0  0  0
  - 4.88s  --------    0  Y   Y  1.00  1.93 1.00 -  |   460.5    425.0  0.00 |  0.0  0.0 0   0   0  0  0  0
  - 4.78s  --------    0  Y   Y  1.00  2.03 1.00 -  |   460.5    425.0  0.00 |  0.0  0.0 0   0   0  0  0  0
  - 4.67s  --------    0  Y   Y  1.00  2.14 1.00 -  |   460.5    425.0  0.00 |  0.0  0.0 0   0   0  0  0  0
  - 4.57s  --------    0  Y   Y  1.00  2.24 1.00 -  |   460.5    424.9  0.00 |  0.0 -1.0 0   0   0  0  0  0
  - 4.46s  --------    0  Y   Y  1.00  2.35 1.00 -  |   460.6    424.6  0.00 |  0.0 -1.0 0   0   0  0  0  0
  - 4.36s  --------    0  Y   Y  1.00  2.45 1.00 -  |   460.7    424.1  0.00 |  0.0 -1.0 0   0   0  0  1  0
  - 4.25s  --------    0  Y   Y  1.00  2.56 1.00 -  |   460.8    423.5  0.00 |  0.0 -1.0 0   0   0  0  1  0
  - 4.14s  --------    0  Y   Y  1.00  2.67 1.00 -  |   461.0    422.6  0.00 |  0.0 -1.0 0   0   0  1  1  0
  - 4.03s  -----R--    0  n   Y  1.00  0.09 1.00 -  |   461.1    422.1  0.00 |  0.0 -1.0 1   0   0  1  1  0
  - 3.92s  -----R--    0  n   Y  1.00  0.15 1.00 -  |   461.2    421.7  0.00 |  0.0 -1.0 0   0   0  0  0  0
  - 3.82s  -----R--    0  n   Y  1.00  0.20 1.00 -  |   461.3    421.3  0.00 |  0.0  0.0 1   0   0  0  0  0
  - 3.72s  -----R--    0  n   Y  1.00  0.25 1.00 -  |   461.4    420.7  0.00 |  0.0  0.0 0   0   0  0  0  0
  - 3.62s  -----R--    0  n   Y  1.00  0.30 1.00 -  |   461.5    420.3  0.00 |  0.0  0.0 1   0   0  0  0  0
  - 3.52s  A-----Y-    3  n   Y  1.00  0.06 1.00 -  |   461.5    420.5  0.00 |  0.0  0.0 0   0   0  0  0  0
  - 3.41s  A-----Y-    3  n   Y  1.00  0.20 1.00 -  |   461.5    420.3  0.00 |  0.0  0.0 0   0   0  0  0  0
  - 3.30s  A-----Y-    3  n   Y  1.00  0.33 1.00 -  |   461.7    419.8  0.00 |  0.0  0.0 0   0   0  0  0  0
  - 3.19s  ------Y-    3  Y   Y  1.00  0.47 1.00 -  |   461.8    419.3  0.00 |  0.0 -1.0 0   0   0  0  0  0
  - 3.08s  ------Y-    3  Y   Y  1.00  0.60 1.00 -  |   461.8    419.1  0.00 | -1.0  0.0 0   0   0  0  1  0
  - 2.97s  ------Y-    3  Y   Y  1.00  0.74 1.00 -  |   461.5    418.5  0.00 | -1.0  0.0 0   0   0  0  1  0
  - 2.87s  -----R--    0  Y   Y  1.00  0.06 1.00 -  |   460.8    418.3  0.00 | -1.0  0.0 0   0   0  0  1  0
  - 2.77s  -----R--    0  Y   Y  1.00  0.11 1.00 -  |   460.8    418.3  0.00 | -1.0  0.0 0   0   0  0  1  0
  - 2.66s  -----R--    0  Y   Y  1.00  0.16 1.00 -  |   460.8    418.3  0.00 | -1.0  0.0 0   0   0  0  1  0
  - 2.56s  -----R--    0  Y   Y  1.00  0.21 1.00 -  |   460.8    418.3  0.00 | -1.0  0.0 0   0   0  0  1  0
  - 2.45s  -----R--    0  Y   Y  1.00  0.27 1.00 -  |   460.8    418.3  0.00 | -1.0  0.0 0   0   0  0  1  0
  - 2.35s  --------    0  Y   Y  1.00  0.32 1.00 T  |   460.6    418.3  0.00 | -1.0  0.0 0   0   0  0  1  0
  - 2.24s  --------    0  Y   Y  1.00  0.13 1.00 -  |   459.8    418.1  0.00 | -1.0  0.0 0   0   0  0  1  0
  - 2.12s  --------    0  Y   Y  1.00  0.24 1.00 -  |   459.1    418.0  0.00 | -1.0  0.0 0   0   0  0  1  0
  - 2.02s  --------    0  Y   Y  1.00  0.35 1.00 -  |   458.3    417.8  0.00 | -1.0  0.0 0   0   0  0  1  0
  - 1.92s  --------    0  Y   Y  1.00  0.45 1.00 -  |   457.6    417.6  0.00 | -1.0  0.0 0   0   0  0  1  0
  - 1.81s  --------    0  Y   Y  1.00  0.56 1.00 -  |   457.0    417.5  0.00 | -1.0  0.0 0   0   0  0  1  0
  - 1.70s  --------    0  Y   Y  1.00  0.66 1.00 -  |   456.3    417.3  0.00 | -1.0  0.0 0   0   0  0  1  0
  - 1.60s  --------    0  Y   Y  1.00  0.77 1.00 -  |   455.5    417.1  0.00 | -1.0  0.0 0   0   0  0  1  0
  - 1.50s  --------    0  Y   Y  1.00  0.87 1.00 -  |   454.8    417.0  0.00 | -1.0  0.0 0   0   0  0  1  0
  - 1.39s  --------    0  Y   Y  1.00  0.98 1.00 -  |   454.1    416.8  0.00 | -1.0  0.0 0   0   0  0  1  0
  - 1.29s  --------    0  Y   Y  1.00  1.08 1.00 -  |   453.4    416.7  0.00 | -1.0  0.0 0   0   0  0  1  0
  - 1.18s  --------    0  Y   Y  1.00  1.19 1.00 -  |   452.6    416.5  0.00 | -1.0  0.0 0   0   0  0  1  0
  - 1.07s  --------    0  Y   Y  1.00  1.29 1.00 -  |   451.9    416.4  0.00 | -1.0  0.0 0   0   0  0  1  0
  - 0.96s  --------    0  Y   Y  1.00  1.40 1.00 -  |   451.1    416.2  0.00 | -1.0  0.0 0   0   0  0  1  0
  - 0.86s  --------    0  Y   Y  1.00  1.51 1.00 -  |   450.4    416.0  0.00 | -1.0  0.0 0   0   0  0  1  0
  - 0.75s  --------    0  Y   Y  1.00  1.62 1.00 -  |   449.7    415.9  0.00 | -1.0  0.0 0   0   0  0  1  0
  - 0.64s  --------    0  Y   Y  1.00  1.73 1.00 -  |   448.9    415.7  0.00 | -1.0  0.0 0   0   0  0  1  0
  - 0.53s  --------    0  Y   Y  1.00  1.84 1.00 -  |   448.2    415.5  0.00 | -1.0  0.0 0   0   0  0  1  0
  - 0.43s  --------    0  Y   Y  1.00  1.94 1.00 -  |   447.5    415.4  0.00 | -1.0  0.0 0   0   0  0  1  0
  - 0.32s  --------    0  Y   Y  1.00  2.05 1.00 -  |   447.2    415.3  0.00 |  1.0  0.0 0   0   0  0  0  0
  - 0.21s  --------    0  Y   Y  1.00  2.16 1.00 -  |   447.6    415.4  0.00 |  1.0  0.0 0   0   0  0  1  0
  - 0.10s  --------    0  Y   Y  1.00  2.27 1.00 -  |   448.5    415.6  0.00 |  1.0  0.0 0   0   0  0  1  0
  - 0.00s  --------    0  Y   Y  1.00  2.37 1.00 -  |   449.1    415.8  0.00 |  1.0  0.0 0   0   0  0  1  0
=========================================================== END

[  6824   74.552 x1.00] LOG  [OniBoss] Pull-band decision: RUN-IN (dist 8.9m, pullRange 0m, chance 0.70)
[  6846   74.793 x1.00] WARN The referenced script on this Behaviour (Game Object '<null>') is missing!
[  6846   74.793 x1.00] WARN The referenced script on this Behaviour (Game Object 'Lightning Light') is missing!
[  6846   74.793 x1.00] WARN The referenced script on this Behaviour (Game Object 'Lightning Light') is missing!
[  6854   74.881 x1.00] LOG  [StormWeather] ⚡ strike at (483.67, 45.00, 453.97)
[  6864   74.999 x1.00] LOG  [OniBoss] hold-ground: BACKSTEP 1.5m (player 3.4m)
[  6951   75.941 x1.00] LOG  [OniBoss] hold-ground: backstep done (1.51m), WATCH (player 2.6m, cooldown 0.0s)
[  6951   75.941 x1.00] LOG  [OniBoss] Playing animation: Watch
[  6952   75.951 x1.00] LOG  [OniBoss] Combo started: swing1-2 (2 steps remaining)
[  6952   75.951 x1.00] LOG  [OniBoss] Chase → Attack
[  6952   75.951 x1.00] LOG  [OniBoss] Attack: Club_Swing (16 dmg)
[  6952   75.951 x1.00] LOG  [OniBoss:Trail] Club_Swing trail START at clip 0.95 (transition still blending).
[  6981   76.247 x1.00] LOG  [CameraGameFeel] Shake: intensity=0.20 duration=0.250s
[  6981   76.247 x1.00] LOG  [Combat] Hit react: HitReact_Light_2Leg (0.5s)
[  6981   76.247 x1.00] LOG  [HitReactTrace] asked for 'HitReact_Light_2Leg' (0.50s) — blend resolved after 0 ms, now playing a clip 1.00s long at speed 1.00, layer weight 1.00, animator.speed 1.00.
[  6981   76.247 x1.00] LOG  [CameraGameFeel] Shake: intensity=0.30 duration=0.200s
[  6981   76.247 x1.00] LOG  [CameraGameFeel] FOV punch: player damage (-2.0°)
[  6981   76.247 x1.00] LOG  [OniBoss] Hit player for 16 (Club_Swing)
[  6981   76.247 x1.00] LOG  [OniBoss:Touch] Club_Swing: club TOUCHED Yoru at clip 0.35 — shaft 0.59m from her body line, tip speed 168m/s, ONE FRAME EARLY (predicted). Full club hit delivered this frame.
[  6988   76.324 x1.00] LOG  [OniBoss:ClubPos] Club_Swing at strike: club tip 3.04m up, 1.65m in front, -3.25m to his right (3.64m out from his centre). Club faces -100deg from his forward, pitch 0.41. (the ground wave is born 1.6m in front of him at 0.35m.)
[  6988   76.324 x1.00] LOG  [OniBoss:Layer] Club_Swing: club already hit — ground wave released as VISUAL only (0 damage).
[  6998   76.432 x1.00] LOG  [StormWeather] ⚡ strike at (484.93, 45.00, 452.77)
[  7008   76.537 x1.00] WARN The referenced script on this Behaviour (Game Object '<null>') is missing!
[  7008   76.537 x1.00] WARN The referenced script on this Behaviour (Game Object 'Lightning Light') is missing!
[  7008   76.537 x1.00] WARN The referenced script on this Behaviour (Game Object 'Lightning Light') is missing!
[  7032   76.803 x1.00] LOG  [OniBoss] Attack → Recovery
[  7032   76.803 x1.00] LOG  [OniBoss] Playing animation: Watch
[  7032   76.803 x1.00] LOG  [OniBoss:Trail] trail END at clip 1.00, fading over 0.40s.
[  7032   76.803 x1.00] LOG  [OniBoss:Strike] Club_Swing: club tip closest to Yoru at 0.56m, clip position 0.99 | damage fires at 0.42 | clip 0.84s => damage fires 476 ms BEFORE the club is closest
[  7046   76.960 x1.00] LOG  [OniBoss] Recovery → Attack
[  7046   76.960 x1.00] LOG  [OniBoss] Attack: ClubSwing2 (16 dmg)
[  7046   76.960 x1.00] LOG  [OniBoss:Trail] ClubSwing2 trail START at clip 1.00 (transition still blending).
[  7051   77.016 x1.00] LOG  [OniBoss:Layer] step-in: 'ClubSwing2' closed 0.03m, Yoru now 3.0m away (range 3.5)
[  7052   77.027 x1.00] LOG  [OniBoss:Layer] step-in: 'ClubSwing2' closed 0.06m, Yoru now 3.0m away (range 3.5)
[  7054   77.048 x1.00] LOG  [OniBoss:Layer] step-in: 'ClubSwing2' closed 0.10m, Yoru now 3.0m away (range 3.5)
[  7080   77.325 x1.00] LOG  [CameraGameFeel] Shake: intensity=0.20 duration=0.250s
[  7080   77.325 x1.00] LOG  [Combat] Hit react: HitReact_Heavy_2Leg (0.9s)
[  7080   77.325 x1.00] LOG  [HitReactTrace] asked for 'HitReact_Heavy_2Leg' (0.90s) — blend resolved after 0 ms, now playing a clip 1.00s long at speed 1.00, layer weight 1.00, animator.speed 1.00.
[  7080   77.325 x1.00] LOG  [CameraGameFeel] Shake: intensity=0.60 duration=0.200s
[  7080   77.325 x1.00] LOG  [CameraGameFeel] FOV punch: player damage (-3.0°)
[  7080   77.325 x1.00] LOG  [OniBoss] Hit player for 24 (ClubSwing2) [combo x1.50]
[  7080   77.325 x1.00] LOG  [OniBoss:Touch] ClubSwing2: club TOUCHED Yoru at clip 0.31 — shaft 0.43m from her body line, tip speed 109m/s, ONE FRAME EARLY (predicted). Full club hit delivered this frame.
[  7082   77.347 x1.00] LOG  [OniBoss:ClubPos] ClubSwing2 at strike: club tip 0.08m up, 1.85m in front, 2.37m to his right (3.01m out from his centre). Club faces 3deg from his forward, pitch -0.87. (the ground wave is born 1.6m in front of him at 0.35m.)
[  7082   77.347 x1.00] LOG  [OniBoss:Layer] ClubSwing2: club already hit — ground wave released as VISUAL only (0 damage), finisher size x2.0.
[  7153   78.132 x1.00] LOG  [OniBoss] Attack → Recovery
[  7153   78.132 x1.00] LOG  [OniBoss] Playing animation: Watch
[  7153   78.132 x1.00] LOG  [OniBoss:Trail] trail END at clip 0.99, fading over 0.40s.
[  7153   78.132 x1.00] LOG  [OniBoss:Strike] ClubSwing2: club tip closest to Yoru at 0.23m, clip position 0.76 | damage fires at 0.32 | clip 1.17s => damage fires 512 ms BEFORE the club is closest
[  7156   78.164 x1.00] WARN The referenced script on this Behaviour (Game Object '<null>') is missing!
[  7156   78.164 x1.00] WARN The referenced script on this Behaviour (Game Object 'Lightning Light') is missing!
[  7156   78.164 x1.00] WARN The referenced script on this Behaviour (Game Object 'Lightning Light') is missing!
[  7167   78.285 x1.00] LOG  [OniBoss] Recovery → Chase
[  7168   78.297 x1.00] LOG  [OniBoss] hold-ground: BACKSTEP 1.5m (player 3.0m)
[  7243   79.126 x1.00] LOG  [OniBoss] hold-ground: backstep done (1.33m), WATCH (player 4.3m, cooldown 0.4s)
[  7243   79.126 x1.00] LOG  [OniBoss] Playing animation: Idle
[  7279   79.484 x1.00] LOG  [StormWeather] ⚡ strike at (489.58, 45.00, 438.92)
[  7280   79.494 x1.00] LOG  [OniBoss] hold-ground: cooldown over, player 4.3m > 3.5m — APPROACH
[  7280   79.494 x1.00] LOG  [OniBoss] Playing animation: Walk
[  7342   80.201 x1.00] LOG  [OniBoss] Combo started: ClubSwing1 → ClubSwing2 → ClubSlam (3 steps remaining)
[  7342   80.201 x1.00] LOG  [OniBoss] Chase → Attack
[  7342   80.201 x1.00] LOG  [OniBoss] Attack: Club_Swing (16 dmg)
[  7342   80.201 x1.00] LOG  [OniBoss:Trail] Club_Swing trail START at clip 0.38 (transition done).
[  7344   80.223 x1.00] LOG  [OniBoss:Layer] step-in: 'Club_Swing' closed 0.07m, Yoru now 3.0m away (range 3.5)
[  7371   80.517 x1.00] LOG  [CameraGameFeel] Shake: intensity=0.20 duration=0.250s
[  7371   80.517 x1.00] LOG  [Combat] Hit react: HitReact_Light_2Leg (0.5s)
[  7371   80.517 x1.00] LOG  [HitReactTrace] asked for 'HitReact_Light_2Leg' (0.50s) — blend resolved after 0 ms, now playing a clip 1.00s long at speed 1.00, layer weight 1.00, animator.speed 1.00.
[  7371   80.517 x1.00] LOG  [CameraGameFeel] Shake: intensity=0.30 duration=0.200s
[  7371   80.517 x1.00] LOG  [CameraGameFeel] FOV punch: player damage (-2.0°)
[  7371   80.517 x1.00] LOG  [OniBoss] Hit player for 16 (Club_Swing)
[  7371   80.517 x1.00] LOG  [OniBoss:Touch] Club_Swing: club TOUCHED Yoru at clip 0.38 — shaft 0.67m from her body line, tip speed 172m/s, ONE FRAME EARLY (predicted). Full club hit delivered this frame.
[  7375   80.560 x1.00] WARN The referenced script on this Behaviour (Game Object '<null>') is missing!
[  7375   80.560 x1.00] WARN The referenced script on this Behaviour (Game Object 'Lightning Light') is missing!
[  7375   80.560 x1.00] WARN The referenced script on this Behaviour (Game Object 'Lightning Light') is missing!
[  7376   80.572 x1.00] LOG  [OniBoss:ClubPos] Club_Swing at strike: club tip 3.04m up, 1.85m in front, -3.20m to his right (3.70m out from his centre). Club faces -96deg from his forward, pitch 0.41. (the ground wave is born 1.6m in front of him at 0.35m.)
[  7376   80.572 x1.00] LOG  [OniBoss:Layer] Club_Swing: club already hit — ground wave released as VISUAL only (0 damage).
[  7414   81.051 x1.00] LOG  [OniBoss] Attack → Recovery
[  7414   81.051 x1.00] LOG  [OniBoss] Playing animation: Watch
[  7414   81.051 x1.00] LOG  [OniBoss:Trail] trail END at clip 1.00, fading over 0.40s.
[  7414   81.051 x1.00] LOG  [OniBoss:Strike] Club_Swing: club tip closest to Yoru at 1.50m, clip position 0.91 | damage fires at 0.42 | clip 0.84s => damage fires 409 ms BEFORE the club is closest
[  7429   81.205 x1.00] LOG  [OniBoss] Recovery → Attack
[  7429   81.205 x1.00] LOG  [OniBoss] Attack: ClubSwing2 (16 dmg)
[  7429   81.205 x1.00] LOG  [OniBoss:Trail] ClubSwing2 trail START at clip 1.00 (transition still blending).
[  7461   81.537 x1.00] LOG  [CameraGameFeel] Shake: intensity=0.20 duration=0.250s
[  7461   81.537 x1.00] LOG  [Combat] Hit react: HitReact_Light_2Leg (0.5s)
[  7461   81.537 x1.00] LOG  [HitReactTrace] asked for 'HitReact_Light_2Leg' (0.50s) — blend resolved after 0 ms, now playing a clip 1.00s long at speed 1.00, layer weight 1.00, animator.speed 1.00.
[  7461   81.537 x1.00] LOG  [CameraGameFeel] Shake: intensity=0.30 duration=0.200s
[  7461   81.537 x1.00] LOG  [CameraGameFeel] FOV punch: player damage (-2.0°)
[  7461   81.537 x1.00] LOG  [OniBoss] Hit player for 20 (ClubSwing2) [combo x1.25]
[  7461   81.537 x1.00] LOG  [OniBoss:Touch] ClubSwing2: club TOUCHED Yoru at clip 0.28 — shaft 0.66m from her body line, tip speed 92m/s, ONE FRAME EARLY (predicted). Full club hit delivered this frame.
[  7466   81.592 x1.00] LOG  [OniBoss:ClubPos] ClubSwing2 at strike: club tip 0.10m up, 1.80m in front, 2.43m to his right (3.03m out from his centre). Club faces 6deg from his forward, pitch -0.88. (the ground wave is born 1.6m in front of him at 0.35m.)
[  7466   81.592 x1.00] LOG  [OniBoss:Layer] ClubSwing2: club already hit — ground wave released as VISUAL only (0 damage).
[  7503   81.991 x1.00] LOG  [StormWeather] ⚡ strike at (481.31, 45.00, 439.89)
[  7540   82.375 x1.00] LOG  [OniBoss] Attack → Recovery
[  7540   82.375 x1.00] LOG  [OniBoss] Playing animation: Watch
[  7540   82.375 x1.00] LOG  [OniBoss:Trail] trail END at clip 0.99, fading over 0.40s.
[  7540   82.375 x1.00] LOG  [OniBoss:Strike] ClubSwing2: club tip closest to Yoru at 0.69m, clip position 0.29 | damage fires at 0.32 | clip 1.17s => damage fires 30 ms AFTER the club is closest — it lands once the club has passed her
[  7555   82.530 x1.00] LOG  [OniBoss] Recovery → Attack
[  7555   82.530 x1.00] LOG  [OniBoss] Attack: ClubSlam (20 dmg)
[  7555   82.530 x1.00] LOG  [OniBoss:Trail] ClubSlam trail START at clip 1.00 (transition still blending).
[  7596   82.940 x1.00] LOG  [CameraGameFeel] Shake: intensity=0.50 duration=0.400s
[  7596   82.940 x1.00] LOG  [Combat] Hit react: HitReact_Heavy_2Leg (0.9s)
[  7596   82.940 x1.00] LOG  [HitReactTrace] asked for 'HitReact_Heavy_2Leg' (0.90s) — blend resolved after 0 ms, now playing a clip 1.00s long at speed 1.00, layer weight 1.00, animator.speed 1.00.
[  7596   82.940 x1.00] LOG  [CameraGameFeel] Shake: intensity=0.60 duration=0.200s
[  7596   82.940 x1.00] LOG  [CameraGameFeel] FOV punch: player damage (-3.0°)
[  7596   82.940 x1.00] LOG  [OniBoss] Hit player for 30 (ClubSlam) [combo x1.50]
[  7596   82.940 x1.00] LOG  [OniBoss:Touch] ClubSlam: club TOUCHED Yoru at clip 0.44 — shaft 0.35m from her body line, tip speed 116m/s, ONE FRAME EARLY (predicted). Full club hit delivered this frame.
[  7609   83.081 x1.00] WARN The referenced script on this Behaviour (Game Object '<null>') is missing!
[  7609   83.081 x1.00] WARN The referenced script on this Behaviour (Game Object 'Lightning Light') is missing!
[  7609   83.081 x1.00] WARN The referenced script on this Behaviour (Game Object 'Lightning Light') is missing!
[  7632   83.331 x1.00] LOG  [OniBoss:ClubPos] ClubSlam at strike: club tip 0.58m up, 2.90m in front, -0.22m to his right (2.91m out from his centre). Club faces 5deg from his forward, pitch -0.25. (the ground wave is born 1.6m in front of him at 0.35m.)
[  7632   83.331 x1.00] LOG  [OniBoss:Layer] ClubSlam: club already hit — ground wave released as VISUAL only (0 damage), finisher size x2.0.
[  7644   83.459 x1.00] LOG  [OniBoss] Attack → Recovery
[  7644   83.459 x1.00] LOG  [OniBoss] Playing animation: Watch
[  7644   83.459 x1.00] LOG  [OniBoss:Trail] trail END at clip 0.99, fading over 0.40s.
[  7644   83.459 x1.00] LOG  [OniBoss:Strike] ClubSlam: club tip closest to Yoru at 0.26m, clip position 0.85 | damage fires at 0.85 | clip 0.93s => MATCHED (within one or two frames)
[  7659   83.615 x1.00] LOG  [OniBoss] Recovery → Chase
[  7660   83.625 x1.00] LOG  [OniBoss] hold-ground: BACKSTEP 1.5m (player 3.0m)
[  7679   83.816 x1.00] LOG  [StormWeather] ⚡ strike at (483.27, 45.00, 447.58)
[  7710   84.129 x1.00] WARN The referenced script on this Behaviour (Game Object '<null>') is missing!
[  7710   84.129 x1.00] WARN The referenced script on this Behaviour (Game Object 'Lightning Light') is missing!
[  7710   84.129 x1.00] WARN The referenced script on this Behaviour (Game Object 'Lightning Light') is missing!
[  7741   84.454 x1.00] LOG  [OniBoss] hold-ground: backstep done (1.33m), WATCH (player 4.3m, cooldown 0.4s)
[  7741   84.454 x1.00] LOG  [OniBoss] Playing animation: Idle
[  7774   84.820 x1.00] LOG  [OniBoss] hold-ground: cooldown over, player 4.3m > 3.5m — APPROACH
[  7774   84.820 x1.00] LOG  [OniBoss] Playing animation: Walk
[  7835   85.523 x1.00] LOG  [OniBoss] Combo started: swing1-2 (2 steps remaining)
[  7835   85.523 x1.00] LOG  [OniBoss] Chase → Attack
[  7835   85.523 x1.00] LOG  [OniBoss] Attack: Club_Swing (16 dmg)
[  7835   85.523 x1.00] LOG  [OniBoss:Trail] Club_Swing trail START at clip 0.37 (transition done).
[  7837   85.545 x1.00] LOG  [OniBoss:Layer] step-in: 'Club_Swing' closed 0.07m, Yoru now 3.0m away (range 3.5)
[  7863   85.847 x1.00] LOG  [CameraGameFeel] Shake: intensity=0.20 duration=0.250s
[  7863   85.847 x1.00] LOG  [Combat] Hit react: HitReact_Light_2Leg (0.5s)
[  7863   85.847 x1.00] LOG  [HitReactTrace] asked for 'HitReact_Light_2Leg' (0.50s) — blend resolved after 0 ms, now playing a clip 1.00s long at speed 1.00, layer weight 1.00, animator.speed 1.00.
[  7863   85.847 x1.00] LOG  [CameraGameFeel] Shake: intensity=0.30 duration=0.200s
[  7863   85.847 x1.00] LOG  [CameraGameFeel] FOV punch: player damage (-2.0°)
[  7863   85.847 x1.00] LOG  [OniBoss] Hit player for 16 (Club_Swing)
[  7863   85.847 x1.00] LOG  [OniBoss:Touch] Club_Swing: club TOUCHED Yoru at clip 0.39 — shaft 0.69m from her body line, tip speed 167m/s, ONE FRAME EARLY (predicted). Full club hit delivered this frame.
[  7866   85.889 x1.00] LOG  [OniBoss:ClubPos] Club_Swing at strike: club tip 3.02m up, 2.64m in front, -2.88m to his right (3.91m out from his centre). Club faces -79deg from his forward, pitch 0.40. (the ground wave is born 1.6m in front of him at 0.35m.)
[  7866   85.889 x1.00] LOG  [OniBoss:Layer] Club_Swing: club already hit — ground wave released as VISUAL only (0 damage).
[  7878   86.048 x1.00] LOG  [StormWeather] ⚡ strike at (475.66, 45.00, 439.69)
[  7881   86.082 x1.00] WARN The referenced script on this Behaviour (Game Object '<null>') is missing!
[  7881   86.082 x1.00] WARN The referenced script on this Behaviour (Game Object 'Lightning Light') is missing!
[  7881   86.082 x1.00] WARN The referenced script on this Behaviour (Game Object 'Lightning Light') is missing!
[  7906   86.371 x1.00] LOG  [OniBoss] Attack → Recovery
[  7906   86.371 x1.00] LOG  [OniBoss] Playing animation: Watch
[  7906   86.371 x1.00] LOG  [OniBoss:Trail] trail END at clip 1.00, fading over 0.40s.
[  7906   86.371 x1.00] LOG  [OniBoss:Strike] Club_Swing: club tip closest to Yoru at 1.51m, clip position 0.92 | damage fires at 0.42 | clip 0.84s => damage fires 417 ms BEFORE the club is closest
[  7919   86.529 x1.00] LOG  [OniBoss] Recovery → Attack
[  7919   86.529 x1.00] LOG  [OniBoss] Attack: ClubSwing2 (16 dmg)
[  7919   86.529 x1.00] LOG  [OniBoss:Trail] ClubSwing2 trail START at clip 1.00 (transition still blending).
[  7950   86.863 x1.00] LOG  [CameraGameFeel] Shake: intensity=0.20 duration=0.250s
[  7950   86.863 x1.00] LOG  [Combat] Hit react: HitReact_Heavy_2Leg (0.9s)
[  7950   86.863 x1.00] LOG  [HitReactTrace] asked for 'HitReact_Heavy_2Leg' (0.90s) — blend resolved after 0 ms, now playing a clip 1.00s long at speed 1.00, layer weight 1.00, animator.speed 1.00.
[  7950   86.863 x1.00] LOG  [CameraGameFeel] Shake: intensity=0.60 duration=0.200s
[  7950   86.863 x1.00] LOG  [CameraGameFeel] FOV punch: player damage (-3.0°)
[  7950   86.863 x1.00] LOG  [OniBoss] Hit player for 24 (ClubSwing2) [combo x1.50]
[  7950   86.863 x1.00] LOG  [OniBoss:Touch] ClubSwing2: club TOUCHED Yoru at clip 0.29 — shaft 0.46m from her body line, tip speed 94m/s, ONE FRAME EARLY (predicted). Full club hit delivered this frame.
[  7955   86.927 x1.00] LOG  [OniBoss:ClubPos] ClubSwing2 at strike: club tip 0.28m up, 1.45m in front, 2.83m to his right (3.18m out from his centre). Club faces 24deg from his forward, pitch -0.89. (the ground wave is born 1.6m in front of him at 0.35m.)
[  7955   86.927 x1.00] LOG  [OniBoss:Layer] ClubSwing2: club already hit — ground wave released as VISUAL only (0 damage), finisher size x2.0.
[  8022   87.704 x1.00] LOG  [OniBoss] Attack → Recovery
[  8022   87.704 x1.00] LOG  [OniBoss] Playing animation: Watch
[  8022   87.704 x1.00] LOG  [OniBoss:Trail] trail END at clip 1.00, fading over 0.40s.
[  8022   87.704 x1.00] LOG  [OniBoss:Strike] ClubSwing2: club tip closest to Yoru at 0.51m, clip position 0.30 | damage fires at 0.32 | clip 1.17s => MATCHED (within one or two frames)
[  8037   87.864 x1.00] LOG  [OniBoss] Recovery → Chase
[  8038   87.874 x1.00] LOG  [OniBoss] hold-ground: BACKSTEP 1.5m (player 3.0m)
[  8086   88.378 x1.00] WARN The referenced script on this Behaviour (Game Object '<null>') is missing!
[  8086   88.378 x1.00] WARN The referenced script on this Behaviour (Game Object 'Lightning Light') is missing!
[  8086   88.378 x1.00] WARN The referenced script on this Behaviour (Game Object 'Lightning Light') is missing!
[  8114   88.705 x1.00] LOG  [OniBoss] hold-ground: backstep done (1.33m), WATCH (player 4.3m, cooldown 0.4s)
[  8114   88.705 x1.00] LOG  [OniBoss] Playing animation: Watch
[  8116   88.734 x1.00] LOG  [StormWeather] ⚡ strike at (487.20, 45.00, 441.98)
[  8147   89.072 x1.00] LOG  [OniBoss] hold-ground: cooldown over, player 4.3m > 3.5m — APPROACH
[  8147   89.072 x1.00] LOG  [OniBoss] Playing animation: Walk
[  8216   89.783 x1.00] LOG  [OniBoss] Combo started: ClubSwing1 → ClubSwing2 → ClubSlam (3 steps remaining)
[  8216   89.783 x1.00] LOG  [OniBoss] Chase → Attack
[  8216   89.783 x1.00] LOG  [OniBoss] Attack: Club_Swing (16 dmg)
[  8216   89.783 x1.00] LOG  [OniBoss:Trail] Club_Swing trail START at clip 0.38 (transition done).
[  8217   89.793 x1.00] LOG  [OniBoss:Layer] step-in: 'Club_Swing' closed 0.05m, Yoru now 3.0m away (range 3.5)
[  8247   90.104 x1.00] LOG  [CameraGameFeel] Shake: intensity=0.20 duration=0.250s
[  8247   90.104 x1.00] LOG  [Combat] Hit react: HitReact_Light_2Leg (0.5s)
[  8247   90.104 x1.00] LOG  [HitReactTrace] asked for 'HitReact_Light_2Leg' (0.50s) — blend resolved after 0 ms, now playing a clip 1.00s long at speed 1.00, layer weight 1.00, animator.speed 1.00.
[  8247   90.104 x1.00] LOG  [CameraGameFeel] Shake: intensity=0.30 duration=0.200s
[  8247   90.104 x1.00] LOG  [CameraGameFeel] FOV punch: player damage (-2.0°)
[  8247   90.104 x1.00] LOG  [OniBoss] Hit player for 16 (Club_Swing)
[  8247   90.104 x1.00] LOG  [OniBoss:Touch] Club_Swing: club TOUCHED Yoru at clip 0.38 — shaft 0.48m from her body line, tip speed 170m/s, ONE FRAME EARLY (predicted). Full club hit delivered this frame.
[  8251   90.147 x1.00] LOG  [OniBoss:ClubPos] Club_Swing at strike: club tip 3.02m up, 2.61m in front, -2.90m to his right (3.90m out from his centre). Club faces -80deg from his forward, pitch 0.40. (the ground wave is born 1.6m in front of him at 0.35m.)
[  8251   90.147 x1.00] LOG  [OniBoss:Layer] Club_Swing: club already hit — ground wave released as VISUAL only (0 damage).
[  8277   90.430 x1.00] WARN The referenced script on this Behaviour (Game Object '<null>') is missing!
[  8277   90.430 x1.00] WARN The referenced script on this Behaviour (Game Object 'Lightning Light') is missing!
[  8277   90.430 x1.00] WARN The referenced script on this Behaviour (Game Object 'Lightning Light') is missing!
[  8295   90.625 x1.00] LOG  [OniBoss] Attack → Recovery
[  8295   90.625 x1.00] LOG  [OniBoss] Playing animation: Watch
[  8295   90.625 x1.00] LOG  [OniBoss:Trail] trail END at clip 0.99, fading over 0.40s.
[  8295   90.625 x1.00] LOG  [OniBoss:Strike] Club_Swing: club tip closest to Yoru at 1.49m, clip position 0.91 | damage fires at 0.42 | clip 0.84s => damage fires 414 ms BEFORE the club is closest
[  8309   90.780 x1.00] LOG  [OniBoss] Recovery → Attack
[  8309   90.780 x1.00] LOG  [OniBoss] Attack: ClubSwing2 (16 dmg)
[  8309   90.780 x1.00] LOG  [OniBoss:Trail] ClubSwing2 trail START at clip 1.00 (transition still blending).
[  8339   91.118 x1.00] LOG  [CameraGameFeel] Shake: intensity=0.20 duration=0.250s
[  8339   91.118 x1.00] LOG  [Combat] Hit react: HitReact_Light_2Leg (0.5s)
[  8339   91.118 x1.00] LOG  [HitReactTrace] asked for 'HitReact_Light_2Leg' (0.50s) — blend resolved after 0 ms, now playing a clip 1.00s long at speed 1.00, layer weight 1.00, animator.speed 1.00.
[  8339   91.118 x1.00] LOG  [CameraGameFeel] Shake: intensity=0.30 duration=0.200s
[  8339   91.118 x1.00] LOG  [CameraGameFeel] FOV punch: player damage (-2.0°)
[  8339   91.118 x1.00] LOG  [OniBoss] Hit player for 20 (ClubSwing2) [combo x1.25]
[  8339   91.118 x1.00] LOG  [OniBoss:Touch] ClubSwing2: club TOUCHED Yoru at clip 0.29 — shaft 0.22m from her body line, tip speed 96m/s, ONE FRAME EARLY (predicted). Full club hit delivered this frame.
[  8343   91.167 x1.00] LOG  [OniBoss:ClubPos] ClubSwing2 at strike: club tip 0.05m up, 1.94m in front, 2.26m to his right (2.98m out from his centre). Club faces -1deg from his forward, pitch -0.87. (the ground wave is born 1.6m in front of him at 0.35m.)
[  8343   91.167 x1.00] LOG  [OniBoss:Layer] ClubSwing2: club already hit — ground wave released as VISUAL only (0 damage).
[  8356   91.321 x1.00] LOG  [StormWeather] ⚡ strike at (477.41, 45.00, 452.64)
[  8406   91.955 x1.00] LOG  [OniBoss] Attack → Recovery
[  8406   91.955 x1.00] LOG  [OniBoss] Playing animation: Watch
[  8406   91.955 x1.00] LOG  [OniBoss:Trail] trail END at clip 1.00, fading over 0.40s.
[  8406   91.955 x1.00] LOG  [OniBoss:Strike] ClubSwing2: club tip closest to Yoru at 0.45m, clip position 0.30 | damage fires at 0.32 | clip 1.17s => MATCHED (within one or two frames)
[  8418   92.111 x1.00] LOG  [OniBoss] Recovery → Attack
[  8418   92.111 x1.00] LOG  [OniBoss] Attack: ClubSlam (20 dmg)
[  8418   92.111 x1.00] LOG  [OniBoss:Trail] ClubSlam trail START at clip 1.00 (transition still blending).
[  8454   92.515 x1.00] LOG  [CameraGameFeel] Shake: intensity=0.50 duration=0.400s
[  8454   92.515 x1.00] LOG  [Combat] Hit react: HitReact_Heavy_2Leg (0.9s)
[  8454   92.515 x1.00] LOG  [HitReactTrace] asked for 'HitReact_Heavy_2Leg' (0.90s) — blend resolved after 0 ms, now playing a clip 1.00s long at speed 1.00, layer weight 1.00, animator.speed 1.00.
[  8454   92.515 x1.00] LOG  [CameraGameFeel] Shake: intensity=0.60 duration=0.200s
[  8454   92.515 x1.00] LOG  [CameraGameFeel] FOV punch: player damage (-3.0°)
[  8454   92.515 x1.00] LOG  [OniBoss] Hit player for 30 (ClubSlam) [combo x1.50]
[  8454   92.515 x1.00] LOG  [OniBoss:Touch] ClubSlam: club TOUCHED Yoru at clip 0.44 — shaft 0.59m from her body line, tip speed 119m/s, ONE FRAME EARLY (predicted). Full club hit delivered this frame.
[  8488   92.928 x1.00] LOG  [OniBoss:ClubPos] ClubSlam at strike: club tip 0.61m up, 2.89m in front, -0.29m to his right (2.91m out from his centre). Club faces 3deg from his forward, pitch -0.24. (the ground wave is born 1.6m in front of him at 0.35m.)
[  8488   92.928 x1.00] LOG  [OniBoss:Layer] ClubSlam: club already hit — ground wave released as VISUAL only (0 damage), finisher size x2.0.
[  8494   93.007 x1.00] WARN The referenced script on this Behaviour (Game Object '<null>') is missing!
[  8494   93.007 x1.00] WARN The referenced script on this Behaviour (Game Object 'Lightning Light') is missing!
[  8494   93.007 x1.00] WARN The referenced script on this Behaviour (Game Object 'Lightning Light') is missing!
[  8497   93.045 x1.00] LOG  [OniBoss] Attack → Recovery
[  8497   93.045 x1.00] LOG  [OniBoss] Playing animation: Watch
[  8497   93.045 x1.00] LOG  [OniBoss:Trail] trail END at clip 1.00, fading over 0.40s.
[  8497   93.045 x1.00] LOG  [OniBoss:Strike] ClubSlam: club tip closest to Yoru at 0.28m, clip position 0.84 | damage fires at 0.85 | clip 0.93s => MATCHED (within one or two frames)
[  8508   93.186 x1.00] LOG  [StormWeather] ⚡ strike at (485.68, 45.00, 452.25)
[  8509   93.199 x1.00] LOG  [OniBoss] Recovery → Chase
[  8510   93.212 x1.00] LOG  [OniBoss] hold-ground: BACKSTEP 1.5m (player 3.0m)
[  8569   93.894 x1.00] LOG  [StormWeather] terrain layers restored to dry values.
# end — 905 lines
