# Oni combat log — 2026-08-25 17:43:27
# Unity 6000.2.7f2 | scene 'CaveScene_Oni_Boss1' | platform OSXEditor
# columns: [frame realSeconds timeScale] KIND message      (KIND: LOG WARN ERR EXC TEL)
#
[     0    0.000 x1.00] LOG  [OniLog] console + telemetry → /Users/asenahazal/Documents/Yoru/OniLogs/oni_2026-08-25_17-43-27.log
[     1    0.000 x1.00] LOG  [TailAirShot4Leg] Ready. drawState=shoot_4Leg castParam=Shoot4LegSpeed (found) readyFrame=5 fireFrame=10 frames=24 slowBudget=3s real damageMultiplier=2.00
  arrow leaves: PlayerYoru_1.1/Cat_All_10_Tails_v4/Group/DeformationSystem/root/Root_M/Tail15_R/Tail151_R/Tail152_R/Tail153_R/Tail154_R/Tail155_R/Tail156_R/Tail157_R/Tail158_R/Tail159_R/Tail1510_R/Tail1511_R/Tail1512_R/Tail6_R/Tail6_R_end/Tail6_R_end_end/Tail6_R_end_end_end/RightTailTip_Anchor
  aim VFX left:  PlayerYoru_1.1/Cat_All_10_Tails_v4/Group/DeformationSystem/root/Root_M/Tail15_L/Tail151_L/Tail152_L/Tail153_L/Tail154_L/Tail155_L/Tail156_L/Tail157_L/Tail158_L/Tail159_L/Tail1510_L/Tail1511_L/Tail1512_L/Tail6_L/Tail6_L_end/Tail6_L_end_end/Tail6_L_end_end_end/LeftTailTip_Anchor/Glow_4Leg_L
  aim VFX right: PlayerYoru_1.1/Cat_All_10_Tails_v4/Group/DeformationSystem/root/Root_M/Tail15_R/Tail151_R/Tail152_R/Tail153_R/Tail154_R/Tail155_R/Tail156_R/Tail157_R/Tail158_R/Tail159_R/Tail1510_R/Tail1511_R/Tail1512_R/Tail6_R/Tail6_R_end/Tail6_R_end_end/Tail6_R_end_end_end/RightTailTip_Anchor/Glow_4Leg_R
[     1    0.000 x1.00] LOG  [TailAirShot] Ready. drawState=RightTail_Fast castParam=TailCastSpeed (found)
  arrow leaves: PlayerYoru_1.1/Cat_All_10_Tails_v4/Group/DeformationSystem/root/Root_M/Tail15_R/Tail151_R/Tail152_R/Tail153_R/Tail154_R/Tail155_R/Tail156_R/Tail157_R/Tail158_R/Tail159_R/Tail1510_R/Tail1511_R/Tail1512_R/Tail6_R/Tail6_R_end/Tail6_R_end_end/Tail6_R_end_end_end/RightTailTip_Anchor
  aim VFX: PlayerYoru_1.1/Cat_All_10_Tails_v4/Group/DeformationSystem/root/Root_M/Tail15_R/Tail151_R/Tail152_R/Tail153_R/Tail154_R/Tail155_R/Tail156_R/Tail157_R/Tail158_R/Tail159_R/Tail1510_R/Tail1511_R/Tail1512_R/Tail6_R/Tail6_R_end/Tail6_R_end_end/Tail6_R_end_end_end/RightTailTip_Anchor/vfx_Muzzle_Fireball01Blue
[     1    0.000 x1.00] LOG  [PlayerCombat] Phase 2 form gate CONNECTED (FormController found on this GameObject).
[     1    0.000 x1.00] LOG  [Combat] PlayerCombat initialized — Phase 3C v27
[     1    0.000 x1.00] LOG  [RingMesh] VFX Status:
[     1    0.000 x1.00] LOG    Left: Prefab=✓, Spawn=Tail6_L_end_end_end
[     1    0.000 x1.00] LOG    Right: Prefab=✓, Spawn=Tail6_R_end_end_end
[     1    0.000 x1.00] LOG  === VFX MANAGER INITIALIZED ===
[     1    0.000 x1.00] LOG  Auto-detect animations: False
[     1    0.000 x1.00] LOG  Parent effects to tail: True
[     1    0.000 x1.00] LOG  Prefabs: Jump=True, Land=True, LTail=True, RTail=True
[     1    0.000 x1.00] LOG  ✅ Left Tail Tip: LeftTailVFX
[     1    0.000 x1.00] LOG  ✅ Right Tail Tip: RightTailTip_Anchor
[     1    0.000 x1.00] LOG  [StormWeather] layer 'TerrainLayer_Dirt_01' dry smoothness=0.00 (restore to this if a crash ever leaves it wet)
[     1    0.000 x1.00] LOG  [StormWeather] Ready. Rain on, floor drying... wait, soaking.
[     1    0.000 x1.00] LOG  [FreezeDebug v3] Armed. Manual=L. Auto=True. Buffer=60 snaps @ 0.1s = 6.0s history.
[     1    0.000 x1.00] LOG  [BossBar] BossHealthBarUI initialized
[     1    0.000 x1.00] LOG  OniBoss initialized with 500 HP
[     1    0.000 x1.00] LOG  [OniBoss] ANIMATOR SETUP: cullingMode=CullUpdateTransforms updateMode=Normal applyRootMotion=False speed=1
[     1    0.000 x1.00] LOG  [OniBoss] Initialized
[     1    0.000 x1.00] LOG  [OniBoss:Layer] facing: minFlat 1m, snapOnAttack off, trackInHitReact off
[     1    0.000 x1.00] LOG  [OniBoss:Layer] Yoru launch model ON: launches ALL THE WAY to an enemy within 4.7m of its surface at 10m/s (stop gap 0.00m, NO minimum distance), else steps 0.90m forward. Targeting cone left exactly as her prefab has it.
[     1    0.000 x1.00] LOG  [OniBoss:Layer] Yoru launch ROUND 9: airborne attacks launch too (ON), edge probe now runs on its OWN layer mask (Everything) instead of the line-of-sight mask - the Ground-only mask found no floor in this cave and was cancelling 100% of launches at 0.00m travelled.
[     1    0.000 x1.00] LOG  [OniBoss:Layer] animator speed x1.35 — his 1.13s swing now plays in 0.84s.
[     1    0.000 x1.00] LOG  [OniBoss:Layer] chase speed pushed: phase1 4.5, phase2 5.5 (Yoru runs at 7).
[     1    0.000 x1.00] LOG  [OniBoss:Layer] ground wave ON (round 38): half the club's damage on TOUCH, 12m/s x 6.0m from 1.6m in front at 0.35m height — a club hit cancels that swing's wave, jumping clears it. Per-attack effects come from the Swing Wave VFX By Attack rows. PlayerHealth found, PlayerMovement found.
[     1    0.000 x1.00] LOG  [OniBoss:Layer] club tracking ON — tip 'Kanabo3' (depth 4), shaft root 'kanabo'.
[     1    0.000 x1.00] LOG  [OniBoss:Layer] skinned meshes: 46 renderer(s), updateWhenOffscreen ON, body renderer 'Body' rootBone 'Hips'
[     1    0.000 x1.00] LOG  [OniBoss:Layer] charge travel bone: 'Hips' at depth 1 under 'OniBoss', rest local (0.00, 3.24, -0.24)
[     1    0.000 x1.00] LOG  [OniBoss:Layer] charge drive ON (windup to 0.40 at x1.3, rush 14m/s stops at 2.6m, steers 0.35s then commits, strike section from 0.58, strike moment 0.76, trail VFX off)
[     1    0.000 x1.00] LOG  [OniBoss:Layer] attack armor ON (his swings are not interrupted by light/medium hits; heavy hits and rapid-hit bursts still stop him)
[     1    0.000 x1.00] LOG  [OniBoss:Layer] strike moments overridden: Club_Swing=0.42 ClubSwing2=0.32 ClubSlam=0.85 KanaboSweep=0.48
[     1    0.000 x1.00] LOG  [OniBoss:Layer] club TOUCH hits ON (radius 0.70m, min tip speed 50m/s, armed from 0.20 of the clip): Club_Swing ClubSwing2 ClubSlam KanaboSweep. First touch wins — club full damage, wave half, one hit per swing.
[     1    0.000 x1.00] LOG  [OniBoss:Layer] combo damage ramp ON: mid x1.25, finisher x1.50 — finisher wave carries FULL damage at x2.0 size, x2.0 travel.
[     1    0.000 x1.00] LOG  [OniBoss:Layer] charge follow-up ON: 90 % of solo charges chain into a random melee finisher.
[     1    0.000 x1.00] LOG  [OniBoss:Layer] hold-ground ON (backstep 1.5m @ 1.6m/s after own attacks, watch 'Watch', attack facing LOCKED)
[     1    0.000 x1.00] LOG  [OniBoss:Layer] OniBoss layer ready (reactions, wake-on-hit, watch stance, boss bar). player=found
[     1    0.000 x1.00] LOG  [OniBoss:Layer] charge clip 'Oni Charge.fbx' imports with Root Motion Node = None (in place) — good.
[     1    0.000 x1.00] LOG  [OniBoss:Layer] clips importing with Root Transform Position (Y) NOT baked into pose (12): Oni_Alert(Oni Alert), Club_Slam(Oni Club Slam), Club_Swing(Oni Club Swing), Club_swing2(Oni Club Swing 2), Death(Oni Death Kneel), Hit_react_light(Oni Hit react lighter light), KanaboSweep(Oni Kanabo sweep), Phase_Transition(Oni Phase transition), run(Oni Run), Walk(Oni Walk), Watch(Oni Watch), Idle(Oni Idle) — their hips' up/down motion is stripped (see round notes; optional).
[     1    0.000 x1.00] LOG  [VolumetricFogController] Found VolumetricFog component on mainCamera (1)
[     1    0.000 x1.00] LOG  [VolumetricFogController] Reflection init: density=True, height=True, baselineHeight=True, alpha=True, noiseStrength=True, lightScatteringExposure=True
[     1    0.000 x1.00] LOG  [VolumetricFogController] Initialized with Neutral preset (height=60, baselineHeight=0)
[     1    0.000 x1.00] WARN [VolumetricFogController] WorldStateManager not found!
[     1    0.000 x1.00] LOG  [CameraGameFeel] CameraGameFeel initialized (shake + FOV)
[     1    2.384 x1.00] LOG  [OniBoss] Playing animation: Idle
[    25    3.153 x1.00] LOG  💨 Landing VFX spawned!
[    25    3.153 x1.00] LOG  ✅ LANDED! (was jump #0)
[    75    3.693 x1.00] LOG  
==================== [FREEZE-DEBUG v3] ====================
  Reason : WASD-NOMOVE: WASD recent + speed 0.00m/s for 0.40s
  Time   : 0.829s   Frame: 75   Snaps: 8
===========================================================

--- CURRENT STATE ---
  Flags: atk=False hvy=False dod=False dsh=False
         grd=False hit=False aerial=False lockPos=False
         comboStep=0
  Anim : speed=1.00  combatLayer hash=-792875657 normT=0.818 weight=1.00 inTransition=False
  CC   : grounded=True  enabled=True  pos=(475.58, 1.79, 425.39)  vel=(0.00, 0.00, 0.00)
  Move : IsRunning=True
  Input: H=1.00 V=0.00  LMB=False MMB=False Q=False Sp=False Sh=True C=False
         WASD pressed in last 0.5s: True (last 0.00s ago)

--- FLIGHT RECORDER (8 snapshots, oldest first, dt=0.10s) ---
  Legend: flags = A(tk) H(vy) D(od) S(sh) G(rd) R(eact) Y(aerial) L(ock)   gnd/cc: Y/n
  t-now    flags     step gnd cc anSp normT layW tr | posX     posZ     spd   | H    V    LMB MMB Q  Sp Sh C
  ------   --------  ---- --- -- ---- ----- ---- -- | -----    -----    ----  | ---- ---- --- --- -- -- -- -
  - 0.83s  --------    0  n   Y  1.00  0.00 1.00 -  |   474.5    427.2  0.00 |  0.0  0.0 0   0   0  0  0  0
  - 0.72s  --------    0  n   Y  1.00  0.09 1.00 -  |   474.5    427.2  0.00 |  0.0  0.0 0   0   0  0  0  0
  - 0.62s  --------    0  n   Y  1.00  0.20 1.00 -  |   474.5    427.2  0.00 |  0.0  0.0 0   0   0  0  0  0
  - 0.51s  --------    0  Y   Y  1.00  0.31 1.00 -  |   474.5    427.2  0.00 |  0.0  0.0 0   0   0  0  1  0
  - 0.41s  --------    0  Y   Y  1.00  0.41 1.00 -  |   474.5    427.2  0.00 |  0.0  0.0 0   0   0  0  1  0
  - 0.30s  --------    0  Y   Y  1.00  0.52 1.00 -  |   474.5    426.8  0.00 |  0.0 -1.0 0   0   0  0  1  0
  - 0.20s  --------    0  Y   Y  1.00  0.62 1.00 -  |   474.5    426.1  0.00 |  1.0  0.0 0   0   0  0  1  0
  - 0.09s  --------    0  Y   Y  1.00  0.73 1.00 -  |   474.9    425.6  0.00 |  1.0  0.0 0   0   0  0  1  0
=========================================================== END

[   120    4.122 x1.00] LOG  🐾 4-LEG JUMP #0
[   120    4.122 x1.00] LOG  🐾 Jump 1 VFX spawned!
[   171    4.622 x0.10] LOG  [TailAirShot4Leg] ENTER 4 leg, slow on for up to 3s real, waiting for the fire button, drawState=shoot_4Leg | y=3.35 ts=0.10 fdt=0.0020
[   171    4.622 x0.10] LOG  [TailAirShot] entry refused: this airtime is not a 2 leg jump | y=3.35 ts=0.10 fdt=0.0020
[   171    4.622 x0.10] LOG  🐾 4-LEG JUMP #1
[   171    4.622 x0.10] LOG  🐾 Jump 2 VFX spawned!
[   171    4.622 x0.10] LOG  [AirPosePin] engaged, holding body at 1.865m above the transform
[   217    5.055 x0.10] LOG  [TailAirShot4Leg] DRAW started | y=3.73 ts=0.10 fdt=0.0020
[   235    5.233 x0.10] LOG  [TailAirShot4Leg] READY, frozen on frame 5 | y=3.83 ts=0.10 fdt=0.0020
[   272    5.603 x0.10] LOG  [TailAirShot4Leg] SHOT released (released from ready pose) | y=4.02 ts=0.10 fdt=0.0020
[   276    5.642 x1.00] LOG  [TailAirShot4Leg] FINISHER (R released mid motion), motion completes and fires | y=4.04 ts=1.00 fdt=0.0200
[   291    5.778 x1.00] LOG  [TailAirShot4Leg] FIRE, arrow away, dir=(0.10, -0.19, 0.98) damage=40 (20 x 2.00) | y=4.50 ts=1.00 fdt=0.0200
[   341    6.242 x1.00] LOG  [TailAirShot4Leg] finisher done, fully idle | y=3.94 ts=1.00 fdt=0.0200
[   341    6.242 x1.00] LOG  [AirPosePin] released, peak correction was 1.265m
[   381    6.601 x1.00] LOG  💨 Landing VFX spawned!
[   381    6.601 x1.00] LOG  ✅ LANDED! (was jump #2)
[   421    6.933 x1.00] LOG  OniBoss took 40 damage. HP: 460/500
[   421    6.933 x1.00] LOG  [OniBoss] LostSoul → Stagger
[   421    6.933 x1.00] LOG  [OniBoss] Playing animation: Stagger
[   421    6.933 x1.00] LOG  [OniBoss] STAGGERED for 2.5s
[   421    6.933 x1.00] LOG  [OniBoss:Layer] heavy knock-back react (40 dmg) → 'HitReact_Heavy', down for 1.80s
[   422    6.944 x1.00] LOG  [BossBar] Showing bar for: Oni (460/500)
[   422    6.944 x1.00] LOG  [OniBoss:Layer] boss bar shown
[   620    8.734 x1.00] LOG  [OniBoss] Stagger → Chase
[   621    8.743 x1.00] LOG  [OniBoss] Playing animation: run
[   779   10.242 x1.00] LOG  [OniBoss] Leash exceeded (22.0m > 15m for 1.5s) — returning home
[   779   10.242 x1.00] LOG  [OniBoss] Chase → Returning
[   779   10.242 x1.00] LOG  [OniBoss] Playing animation: Idle
[   779   10.242 x1.00] LOG  [OniBoss] Disengaging — pausing before return walk
[   779   10.242 x1.00] LOG  [BossBar] Hiding bar (Oni disengaged)
[   779   10.242 x1.00] LOG  [OniBoss:Layer] boss bar hidden (disengage)
[  1011   12.252 x1.00] LOG  [OniBoss] Playing animation: Walk
[  1011   12.252 x1.00] LOG  [OniBoss] Pause complete — walking home
[  1046   12.577 x1.00] LOG  🚶 2-LEG JUMP
[  1046   12.577 x1.00] LOG  🐾 Jump 1 VFX spawned!
[  1058   12.687 x1.00] LOG  
==================== [FREEZE-DEBUG v3] ====================
  Reason : WASD-NOMOVE: WASD recent + speed 0.00m/s for 0.40s
  Time   : 8.904s   Frame: 1058   Snaps: 60
===========================================================

--- CURRENT STATE ---
  Flags: atk=False hvy=False dod=False dsh=False
         grd=False hit=False aerial=False lockPos=False
         comboStep=0
  Anim : speed=1.00  combatLayer hash=-792875657 normT=6.437 weight=1.00 inTransition=False
  CC   : grounded=False  enabled=True  pos=(474.80, 1.17, 430.64)  vel=(0.00, 5.95, 0.00)
  Move : IsRunning=False
  Input: H=0.00 V=1.00  LMB=False MMB=False Q=False Sp=True Sh=False C=False
         WASD pressed in last 0.5s: True (last 0.00s ago)

--- FLIGHT RECORDER (60 snapshots, oldest first, dt=0.10s) ---
  Legend: flags = A(tk) H(vy) D(od) S(sh) G(rd) R(eact) Y(aerial) L(ock)   gnd/cc: Y/n
  t-now    flags     step gnd cc anSp normT layW tr | posX     posZ     spd   | H    V    LMB MMB Q  Sp Sh C
  ------   --------  ---- --- -- ---- ----- ---- -- | -----    -----    ----  | ---- ---- --- --- -- -- -- -
  - 6.26s  --------    0  n   Y  1.00  0.18 1.00 -  |   478.4    431.7  0.00 |  0.0 -1.0 0   0   0  0  0  0
  - 6.15s  --------    0  n   Y  1.00  0.28 1.00 -  |   478.4    431.4  0.00 |  0.0 -1.0 0   0   0  0  0  0
  - 6.05s  --------    0  Y   Y  1.00  0.38 1.00 -  |   478.4    431.1  0.00 |  0.0 -1.0 0   0   0  0  0  0
  - 5.94s  --------    0  Y   Y  1.00  0.49 1.00 -  |   478.4    430.9  0.00 |  0.0 -1.0 0   0   0  0  0  0
  - 5.84s  --------    0  Y   Y  1.00  0.60 1.00 -  |   478.4    430.7  0.00 |  0.0  0.0 0   0   0  0  0  0
  - 5.73s  --------    0  Y   Y  1.00  0.70 1.00 -  |   478.4    430.5  0.00 |  0.0  0.0 0   0   0  0  0  0
  - 5.62s  --------    0  Y   Y  1.00  0.81 1.00 -  |   478.4    430.2  0.00 | -1.0  0.0 0   0   0  0  1  0
  - 5.52s  --------    0  Y   Y  1.00  0.92 1.00 -  |   477.8    429.8  0.00 | -1.0  0.0 0   0   0  0  1  0
  - 5.41s  --------    0  Y   Y  1.00  1.02 1.00 -  |   477.1    429.8  0.00 | -1.0  0.0 0   0   0  0  1  0
  - 5.31s  --------    0  Y   Y  1.00  1.13 1.00 -  |   476.4    429.8  0.00 | -1.0  0.0 0   0   0  0  1  0
  - 5.20s  --------    0  Y   Y  1.00  1.23 1.00 -  |   475.6    429.8  0.00 | -1.0  0.0 0   0   0  0  1  0
  - 5.10s  --------    0  Y   Y  1.00  1.33 1.00 -  |   475.3    429.8  0.00 |  0.0  0.0 0   0   0  0  0  0
  - 4.99s  --------    0  Y   Y  1.00  1.44 1.00 -  |   475.1    429.8  0.00 |  0.0  0.0 0   0   0  0  0  0
  - 4.89s  --------    0  Y   Y  1.00  1.54 1.00 -  |   474.9    429.8  0.00 |  0.0  0.0 0   0   0  0  0  0
  - 4.78s  --------    0  Y   Y  1.00  1.65 1.00 -  |   474.8    429.8  0.00 |  0.0  0.0 0   0   0  0  0  0
  - 4.68s  --------    0  Y   Y  1.00  1.75 1.00 -  |   474.8    429.8  0.00 |  0.0  0.0 0   0   0  0  0  0
  - 4.58s  --------    0  Y   Y  1.00  1.86 1.00 -  |   474.8    429.8  0.00 |  0.0  0.0 0   0   0  0  0  0
  - 4.48s  --------    0  Y   Y  1.00  1.96 1.00 -  |   474.8    429.8  0.00 |  0.0  0.0 0   0   0  0  0  0
  - 4.37s  --------    0  Y   Y  1.00  2.06 1.00 -  |   474.8    429.8  0.00 |  0.0  0.0 0   0   0  0  0  0
  - 4.26s  --------    0  Y   Y  1.00  2.17 1.00 -  |   474.8    429.8  0.00 |  0.0  0.0 0   0   0  0  0  0
  - 4.15s  --------    0  Y   Y  1.00  2.28 1.00 -  |   474.8    429.8  0.00 |  0.0  0.0 0   0   0  0  0  0
  - 4.04s  --------    0  Y   Y  1.00  2.39 1.00 -  |   474.8    429.8  0.00 |  0.0  0.0 0   0   0  0  0  0
  - 3.94s  --------    0  Y   Y  1.00  2.49 1.00 -  |   474.8    429.8  0.00 |  0.0  0.0 0   0   0  0  0  0
  - 3.84s  --------    0  Y   Y  1.00  2.59 1.00 -  |   474.8    429.8  0.00 |  0.0  0.0 0   0   0  0  0  0
  - 3.74s  --------    0  Y   Y  1.00  2.69 1.00 -  |   474.8    429.8  0.00 |  0.0  0.0 0   0   0  0  0  0
  - 3.63s  --------    0  Y   Y  1.00  2.80 1.00 -  |   474.8    429.8  0.00 |  0.0  0.0 0   0   0  0  0  0
  - 3.53s  --------    0  Y   Y  1.00  2.90 1.00 -  |   474.8    429.8  0.00 |  0.0  0.0 0   0   0  0  0  0
  - 3.43s  --------    0  Y   Y  1.00  3.01 1.00 -  |   474.8    429.8  0.00 |  0.0  0.0 0   0   0  0  0  0
  - 3.32s  --------    0  Y   Y  1.00  3.11 1.00 -  |   474.8    429.8  0.00 |  0.0  0.0 0   0   0  0  0  0
  - 3.22s  --------    0  Y   Y  1.00  3.21 1.00 -  |   474.8    429.8  0.00 |  0.0  0.0 0   0   0  0  0  0
  - 3.11s  --------    0  Y   Y  1.00  3.32 1.00 -  |   474.8    429.8  0.00 |  0.0  0.0 0   0   0  0  0  0
  - 3.00s  --------    0  Y   Y  1.00  3.43 1.00 -  |   474.8    429.8  0.00 |  0.0  0.0 0   0   0  0  0  0
  - 2.89s  --------    0  Y   Y  1.00  3.54 1.00 -  |   474.8    429.8  0.00 |  0.0  0.0 0   0   0  0  0  0
  - 2.79s  --------    0  Y   Y  1.00  3.64 1.00 -  |   474.8    429.8  0.00 |  0.0  0.0 0   0   0  0  0  0
  - 2.68s  --------    0  Y   Y  1.00  3.75 1.00 -  |   474.8    429.8  0.00 |  0.0  0.0 0   0   0  0  0  0
  - 2.58s  --------    0  Y   Y  1.00  3.85 1.00 -  |   474.8    429.8  0.00 |  0.0  0.0 0   0   0  0  0  0
  - 2.48s  --------    0  Y   Y  1.00  3.96 1.00 -  |   474.8    429.8  0.00 |  0.0  0.0 0   0   0  0  0  0
  - 2.37s  --------    0  Y   Y  1.00  4.06 1.00 -  |   474.8    429.8  0.00 |  0.0  0.0 0   0   0  0  0  0
  - 2.27s  --------    0  Y   Y  1.00  4.16 1.00 -  |   474.8    429.8  0.00 |  0.0  0.0 0   0   0  0  0  0
  - 2.16s  --------    0  Y   Y  1.00  4.27 1.00 -  |   474.8    429.8  0.00 |  0.0  0.0 0   0   0  0  0  0
  - 2.06s  --------    0  Y   Y  1.00  4.37 1.00 -  |   474.8    429.8  0.00 |  0.0  0.0 0   0   0  0  0  0
  - 1.95s  --------    0  Y   Y  1.00  4.48 1.00 -  |   474.8    429.8  0.00 |  0.0  0.0 0   0   0  0  0  0
  - 1.84s  --------    0  Y   Y  1.00  4.59 1.00 -  |   474.8    429.8  0.00 |  0.0  0.0 0   0   0  0  0  0
  - 1.74s  --------    0  Y   Y  1.00  4.70 1.00 -  |   474.8    429.8  0.00 |  0.0  0.0 0   0   0  0  0  0
  - 1.63s  --------    0  Y   Y  1.00  4.80 1.00 -  |   474.8    429.8  0.00 |  0.0  0.0 0   0   0  0  0  0
  - 1.53s  --------    0  Y   Y  1.00  4.90 1.00 -  |   474.8    429.8  0.00 |  0.0  0.0 0   0   0  0  0  0
  - 1.42s  --------    0  Y   Y  1.00  5.01 1.00 -  |   474.8    429.8  0.00 |  0.0  0.0 0   0   0  0  0  0
  - 1.32s  --------    0  Y   Y  1.00  5.12 1.00 -  |   474.8    429.8  0.00 |  0.0  0.0 0   0   0  0  0  0
  - 1.21s  --------    0  Y   Y  1.00  5.23 1.00 -  |   474.8    429.8  0.00 |  0.0  0.0 0   0   0  0  0  0
  - 1.11s  --------    0  Y   Y  1.00  5.33 1.00 -  |   474.8    429.8  0.00 |  0.0  0.0 0   0   0  0  0  0
  - 1.00s  --------    0  Y   Y  1.00  5.43 1.00 -  |   474.8    429.8  0.00 |  0.0  0.0 0   0   0  0  0  0
  - 0.90s  --------    0  Y   Y  1.00  5.53 1.00 -  |   474.8    429.8  0.00 |  0.0  0.0 0   0   0  0  0  0
  - 0.80s  --------    0  Y   Y  1.00  5.64 1.00 -  |   474.8    429.8  0.00 |  0.0  0.0 0   0   0  0  0  0
  - 0.69s  --------    0  Y   Y  1.00  5.74 1.00 -  |   474.8    429.8  0.00 |  0.0  0.0 0   0   0  0  0  0
  - 0.59s  --------    0  Y   Y  1.00  5.85 1.00 -  |   474.8    429.8  0.00 |  0.0  0.0 0   0   0  0  1  0
  - 0.48s  --------    0  Y   Y  1.00  5.96 1.00 -  |   474.8    429.8  0.00 |  0.0  0.0 0   0   0  0  0  0
  - 0.37s  --------    0  Y   Y  1.00  6.06 1.00 -  |   474.8    429.8  0.00 |  0.0  1.0 0   0   0  0  0  0
  - 0.26s  --------    0  Y   Y  1.00  6.17 1.00 -  |   474.8    430.0  0.00 |  0.0  1.0 0   0   0  0  0  0
  - 0.16s  --------    0  Y   Y  1.00  6.27 1.00 -  |   474.8    430.2  0.00 |  0.0  1.0 0   0   0  0  0  0
  - 0.06s  --------    0  n   Y  1.00  6.37 1.00 -  |   474.8    430.5  0.00 |  0.0  1.0 0   0   0  1  0  0
=========================================================== END

[  1062   12.723 x1.00] LOG  [TailAirShot4Leg] entry refused: this airtime is not a 4 leg jump | y=1.39 ts=1.00 fdt=0.0200
[  1062   12.723 x0.10] LOG  [TailAirShot] ENTER, slow on, waiting for RMB, drawState=RightTail_Fast | y=1.39 ts=0.10 fdt=0.0020
[  1062   12.723 x0.10] LOG  [AirPosePin] engaged, holding body at 0.824m above the transform
[  1164   13.694 x1.00] LOG  [TailAirShot] EXIT (R released, nothing drawn) | y=1.84 ts=1.00 fdt=0.0200
[  1164   13.694 x1.00] LOG  [AirPosePin] released, peak correction was -0.456m
[  1225   14.225 x1.00] LOG  [TailAirShot4Leg] entry refused: this airtime is not a 4 leg jump | y=1.48 ts=1.00 fdt=0.0200
[  1225   14.225 x0.10] LOG  [TailAirShot] ENTER, slow on, waiting for RMB, drawState=RightTail_Fast | y=1.48 ts=0.10 fdt=0.0020
[  1225   14.225 x0.10] LOG  [AirPosePin] engaged, holding body at 2.617m above the transform
[  1239   14.364 x1.00] LOG  [TailAirShot] EXIT (R released, nothing drawn) | y=1.32 ts=1.00 fdt=0.0200
[  1239   14.364 x1.00] LOG  [AirPosePin] released, peak correction was 0.018m
[  1258   14.525 x1.00] LOG  💨 Landing VFX spawned!
[  1258   14.525 x1.00] LOG  ✅ LANDED! (was jump #1)
[  1354   15.384 x1.00] LOG  🐾 4-LEG JUMP #0
[  1354   15.384 x1.00] LOG  🐾 Jump 1 VFX spawned!
[  1387   15.704 x0.10] LOG  [TailAirShot4Leg] ENTER 4 leg, slow on for up to 3s real, waiting for the fire button, drawState=shoot_4Leg | y=1.64 ts=0.10 fdt=0.0020
[  1387   15.704 x0.10] LOG  [TailAirShot] entry refused: this airtime is not a 2 leg jump | y=1.64 ts=0.10 fdt=0.0020
[  1387   15.704 x0.10] LOG  [AirPosePin] engaged, holding body at 1.033m above the transform
[  1402   15.837 x0.10] LOG  [TailAirShot4Leg] DRAW started | y=1.68 ts=0.10 fdt=0.0020
[  1421   16.014 x0.10] LOG  [TailAirShot4Leg] READY, frozen on frame 5 | y=1.72 ts=0.10 fdt=0.0020
[  1448   16.266 x0.10] LOG  [TailAirShot4Leg] SHOT released (released from ready pose) | y=1.78 ts=0.10 fdt=0.0020
[  1454   16.325 x1.00] LOG  [TailAirShot4Leg] FINISHER (R released mid motion), motion completes and fires | y=1.80 ts=1.00 fdt=0.0200
[  1466   16.444 x1.00] LOG  [TailAirShot4Leg] FIRE, arrow away, dir=(0.23, -0.07, 0.97) damage=40 (20 x 2.00) | y=1.91 ts=1.00 fdt=0.0200
[  1480   16.585 x1.00] LOG  [OniBoss] Arrived at spawn — settling to original facing
[  1480   16.585 x1.00] LOG  [OniBoss] Playing animation: Idle
[  1480   16.585 x1.00] LOG  [Health] OniBoss reset to 500 HP
[  1515   16.893 x1.00] LOG  💨 Landing VFX spawned!
[  1515   16.893 x1.00] LOG  ✅ LANDED! (was jump #1)
[  1515   16.893 x1.00] LOG  [AirPosePin] released, peak correction was 0.410m
[  1516   16.903 x1.00] LOG  [TailAirShot4Leg] finisher done, fully idle | y=-0.02 ts=1.00 fdt=0.0200
[  1543   17.126 x1.00] LOG  [OniBoss] Returning → Idle
[  1550   17.185 x1.00] LOG  OniBoss took 40 damage. HP: 460/500
[  1550   17.185 x1.00] LOG  [OniBoss] Idle → Stagger
[  1550   17.185 x1.00] LOG  [OniBoss] Playing animation: Stagger
[  1550   17.185 x1.00] LOG  [OniBoss] STAGGERED for 2.5s
[  1550   17.185 x1.00] LOG  [OniBoss:Layer] heavy knock-back react (40 dmg) → 'HitReact_Heavy', down for 1.80s
[  1551   17.194 x1.00] LOG  [BossBar] Showing bar for: Oni (460/500)
[  1551   17.194 x1.00] LOG  [OniBoss:Layer] boss bar shown
[  1671   18.285 x1.00] LOG  
==================== [FREEZE-DEBUG v3] ====================
  Reason : WASD-NOMOVE: WASD recent + speed 0.00m/s for 0.40s
  Time   : 12.945s   Frame: 1671   Snaps: 60
===========================================================

--- CURRENT STATE ---
  Flags: atk=False hvy=False dod=False dsh=False
         grd=False hit=False aerial=False lockPos=False
         comboStep=0
  Anim : speed=1.00  combatLayer hash=-792875657 normT=1.371 weight=1.00 inTransition=False
  CC   : grounded=True  enabled=True  pos=(469.77, -0.02, 435.42)  vel=(0.00, 0.00, 0.00)
  Move : IsRunning=True
  Input: H=-1.00 V=1.00  LMB=False MMB=False Q=False Sp=False Sh=True C=False
         WASD pressed in last 0.5s: True (last 0.00s ago)

--- FLIGHT RECORDER (60 snapshots, oldest first, dt=0.10s) ---
  Legend: flags = A(tk) H(vy) D(od) S(sh) G(rd) R(eact) Y(aerial) L(ock)   gnd/cc: Y/n
  t-now    flags     step gnd cc anSp normT layW tr | posX     posZ     spd   | H    V    LMB MMB Q  Sp Sh C
  ------   --------  ---- --- -- ---- ----- ---- -- | -----    -----    ----  | ---- ---- --- --- -- -- -- -
  - 6.21s  --------    0  Y   Y  1.00  4.27 1.00 -  |   474.8    429.8  0.00 |  0.0  0.0 0   0   0  0  0  0
  - 6.10s  --------    0  Y   Y  1.00  4.37 1.00 -  |   474.8    429.8  0.00 |  0.0  0.0 0   0   0  0  0  0
  - 5.99s  --------    0  Y   Y  1.00  4.48 1.00 -  |   474.8    429.8  0.00 |  0.0  0.0 0   0   0  0  0  0
  - 5.88s  --------    0  Y   Y  1.00  4.59 1.00 -  |   474.8    429.8  0.00 |  0.0  0.0 0   0   0  0  0  0
  - 5.78s  --------    0  Y   Y  1.00  4.70 1.00 -  |   474.8    429.8  0.00 |  0.0  0.0 0   0   0  0  0  0
  - 5.67s  --------    0  Y   Y  1.00  4.80 1.00 -  |   474.8    429.8  0.00 |  0.0  0.0 0   0   0  0  0  0
  - 5.57s  --------    0  Y   Y  1.00  4.90 1.00 -  |   474.8    429.8  0.00 |  0.0  0.0 0   0   0  0  0  0
  - 5.46s  --------    0  Y   Y  1.00  5.01 1.00 -  |   474.8    429.8  0.00 |  0.0  0.0 0   0   0  0  0  0
  - 5.36s  --------    0  Y   Y  1.00  5.12 1.00 -  |   474.8    429.8  0.00 |  0.0  0.0 0   0   0  0  0  0
  - 5.25s  --------    0  Y   Y  1.00  5.23 1.00 -  |   474.8    429.8  0.00 |  0.0  0.0 0   0   0  0  0  0
  - 5.15s  --------    0  Y   Y  1.00  5.33 1.00 -  |   474.8    429.8  0.00 |  0.0  0.0 0   0   0  0  0  0
  - 5.04s  --------    0  Y   Y  1.00  5.43 1.00 -  |   474.8    429.8  0.00 |  0.0  0.0 0   0   0  0  0  0
  - 4.94s  --------    0  Y   Y  1.00  5.53 1.00 -  |   474.8    429.8  0.00 |  0.0  0.0 0   0   0  0  0  0
  - 4.84s  --------    0  Y   Y  1.00  5.64 1.00 -  |   474.8    429.8  0.00 |  0.0  0.0 0   0   0  0  0  0
  - 4.73s  --------    0  Y   Y  1.00  5.74 1.00 -  |   474.8    429.8  0.00 |  0.0  0.0 0   0   0  0  0  0
  - 4.63s  --------    0  Y   Y  1.00  5.85 1.00 -  |   474.8    429.8  0.00 |  0.0  0.0 0   0   0  0  1  0
  - 4.52s  --------    0  Y   Y  1.00  5.96 1.00 -  |   474.8    429.8  0.00 |  0.0  0.0 0   0   0  0  0  0
  - 4.41s  --------    0  Y   Y  1.00  6.06 1.00 -  |   474.8    429.8  0.00 |  0.0  1.0 0   0   0  0  0  0
  - 4.31s  --------    0  Y   Y  1.00  6.17 1.00 -  |   474.8    430.0  0.00 |  0.0  1.0 0   0   0  0  0  0
  - 4.20s  --------    0  Y   Y  1.00  6.27 1.00 -  |   474.8    430.2  0.00 |  0.0  1.0 0   0   0  0  0  0
  - 4.10s  --------    0  n   Y  1.00  6.37 1.00 -  |   474.8    430.5  0.00 |  0.0  1.0 0   0   0  1  0  0
  - 4.00s  --------    0  n   Y  1.00  6.48 1.00 -  |   474.8    430.8  0.00 |  0.0  1.0 0   0   0  1  0  0
  - 3.90s  --------    0  n   Y  1.00  6.58 1.00 -  |   474.9    431.0  0.00 |  0.0  1.0 0   0   0  1  0  0
  - 3.79s  --------    0  n   Y  1.00  6.69 1.00 -  |   475.0    431.3  0.00 |  0.0  1.0 0   0   0  0  0  0
  - 3.68s  --------    0  n   Y  1.00  6.80 1.00 -  |   475.1    431.7  0.00 |  0.0  1.0 0   0   0  0  0  0
  - 3.58s  --------    0  n   Y  1.00  6.90 1.00 -  |   475.2    431.9  0.00 |  0.0  1.0 0   0   0  0  0  0
  - 3.47s  --------    0  n   Y  1.00  7.00 1.00 -  |   475.3    432.2  0.00 |  0.0  1.0 0   0   0  0  0  0
  - 3.37s  --------    0  n   Y  1.00  7.11 1.00 -  |   475.5    432.5  0.00 |  0.0  1.0 0   0   0  0  0  0
  - 3.27s  --------    0  n   Y  1.00  7.20 1.00 -  |   475.6    432.8  0.00 |  0.0  1.0 0   0   0  0  0  0
  - 3.17s  --------    0  Y   Y  1.00  7.30 1.00 -  |   475.7    433.0  0.00 |  0.0  1.0 0   0   0  0  0  0
  - 3.06s  --------    0  Y   Y  1.00  7.41 1.00 -  |   475.8    433.2  0.00 |  0.0  1.0 0   0   0  0  0  0
  - 2.96s  --------    0  Y   Y  1.00  7.52 1.00 -  |   475.9    433.4  0.00 |  0.0  1.0 0   0   0  0  0  0
  - 2.86s  --------    0  Y   Y  1.00  7.62 1.00 -  |   475.9    433.6  0.00 |  0.0  1.0 0   0   0  0  0  0
  - 2.75s  --------    0  Y   Y  1.00  7.72 1.00 -  |   476.0    433.8  0.00 |  0.0  1.0 0   0   0  0  0  0
  - 2.65s  --------    0  Y   Y  1.00  7.83 1.00 -  |   476.1    434.0  0.00 |  0.0  1.0 0   0   0  0  0  0
  - 2.55s  --------    0  Y   Y  1.00  7.93 1.00 -  |   476.2    434.2  0.00 |  0.0  1.0 0   0   0  0  0  0
  - 2.44s  --------    0  Y   Y  1.00  8.03 1.00 -  |   476.3    434.6  0.00 |  0.0  1.0 0   0   0  0  1  0
  - 2.33s  --------    0  Y   Y  1.00  8.14 1.00 -  |   476.6    435.2  0.00 |  0.0  1.0 0   0   0  1  1  0
  - 2.22s  --------    0  n   Y  1.00  8.25 1.00 -  |   476.8    435.7  0.00 |  0.0  1.0 0   0   0  1  1  0
  - 2.12s  --------    0  n   Y  1.00  8.35 1.00 -  |   476.9    436.1  0.00 | -1.0  1.0 0   0   0  1  1  0
  - 2.02s  --------    0  n   Y  1.00  8.45 1.00 -  |   476.9    436.7  0.00 | -1.0  1.0 0   0   0  1  1  0
  - 1.92s  --------    0  n   Y  1.00  0.32 1.00 -  |   476.9    437.0  0.00 |  0.0  0.0 0   0   0  0  1  0
  - 1.82s  --------    0  n   Y  1.00  0.44 1.00 -  |   476.7    437.5  0.00 |  0.0  0.0 0   0   0  0  0  0
  - 1.71s  --------    0  n   Y  1.00  0.58 1.00 -  |   476.7    438.0  0.00 |  0.0 -1.0 0   0   0  0  0  0
  - 1.60s  --------    0  n   Y  1.00  0.72 1.00 -  |   476.6    438.2  0.00 |  0.0 -1.0 0   0   0  0  0  0
  - 1.50s  --------    0  n   Y  1.00  0.84 1.00 -  |   476.4    438.1  0.00 |  0.0 -1.0 0   0   0  0  1  0
  - 1.39s  --------    0  Y   Y  1.00  0.98 1.00 -  |   476.3    437.9  0.00 |  0.0 -1.0 0   0   0  0  1  0
  - 1.29s  --------    0  Y   Y  1.00  1.11 1.00 T  |   476.0    437.2  0.00 |  0.0 -1.0 0   0   0  0  1  0
  - 1.18s  --------    0  Y   Y  1.00  0.19 1.00 -  |   475.8    436.6  0.00 |  0.0 -1.0 0   0   0  0  1  0
  - 1.08s  --------    0  Y   Y  1.00  0.29 1.00 -  |   475.4    435.8  0.00 |  0.0 -1.0 0   0   0  0  1  0
  - 0.97s  --------    0  Y   Y  1.00  0.40 1.00 -  |   475.2    435.2  0.00 |  0.0 -1.0 0   0   0  0  1  0
  - 0.87s  --------    0  Y   Y  1.00  0.50 1.00 -  |   474.9    434.5  0.00 |  0.0  0.0 0   0   0  0  1  0
  - 0.76s  --------    0  Y   Y  1.00  0.61 1.00 -  |   474.6    433.9  0.00 | -1.0  0.0 0   0   0  0  1  0
  - 0.66s  --------    0  Y   Y  1.00  0.72 1.00 -  |   473.9    433.5  0.00 | -1.0  0.0 0   0   0  0  1  0
  - 0.55s  --------    0  Y   Y  1.00  0.82 1.00 -  |   473.2    433.6  0.00 | -1.0  0.0 0   0   0  0  1  0
  - 0.44s  --------    0  Y   Y  1.00  0.93 1.00 -  |   472.5    433.9  0.00 | -1.0  0.0 0   0   0  0  1  0
  - 0.33s  --------    0  Y   Y  1.00  1.04 1.00 -  |   471.8    434.2  0.00 | -1.0  0.0 0   0   0  0  1  0
  - 0.23s  --------    0  Y   Y  1.00  1.14 1.00 -  |   471.1    434.5  0.00 | -1.0  0.0 0   0   0  0  1  0
  - 0.12s  --------    0  Y   Y  1.00  1.25 1.00 -  |   470.5    434.8  0.00 | -1.0  1.0 0   0   0  0  1  0
  - 0.01s  --------    0  Y   Y  1.00  1.36 1.00 -  |   469.9    435.3  0.00 | -1.0  1.0 0   0   0  0  1  0
=========================================================== END

[  1743   18.993 x1.00] LOG  [OniBoss] Stagger → Chase
[  1744   19.003 x1.00] LOG  [OniBoss] Ranged attack: Oni_Charge (dist 19.4m)
[  1744   19.003 x1.00] LOG  [OniBoss] Chase → Attack
[  1744   19.003 x1.00] LOG  [OniBoss] charge follow-up armed: ClubSwing2 chains after the charge.
[  1744   19.003 x1.00] LOG  [OniBoss] Attack: Oni_Charge (18 dmg)

[  1744   19.003 x1.00] TEL ────────── CHARGE ──────────
[  1744   19.003 x1.00] LOG  [OniBoss:Layer] charge begin: travel bone 'Hips' depth 1, local now (0.00, 3.24, -0.24) vs rest (0.00, 3.24, -0.24); pin ON; drive windup→rush→strike; engine Attack, AnimSpeed 1.30, clip at 0.00, dist 19.4m
[  1744   19.003 x1.00] TEL charge Windup n=0.00 spd=1.30 mult=1.00 st=Attack anim=h-1757638897/Charge drift=0.00 cut=0.00 meshOff=0.24m vis bounds+0.1m pos=(481.8,455.3) dist=19.4 vel=0.0
[  1753   19.094 x1.00] TEL charge Windup n=0.08 spd=1.30 mult=1.00 st=Attack anim=h-1757638897/Charge drift=0.34 cut=0.34 meshOff=0.24m vis bounds+0.1m pos=(481.8,455.3) dist=18.8 vel=0.0
[  1764   19.185 x1.00] TEL charge Windup n=0.15 spd=1.30 mult=1.30 st=Attack anim=Charge/- drift=0.98 cut=0.98 meshOff=0.24m vis bounds+0.3m pos=(481.8,455.3) dist=18.4 vel=0.0
[  1773   19.274 x1.00] TEL charge Windup n=0.23 spd=1.30 mult=1.30 st=Attack anim=Charge/- drift=1.13 cut=1.13 meshOff=0.24m vis bounds+0.3m pos=(481.8,455.3) dist=18.4 vel=0.0
[  1783   19.360 x1.00] TEL charge Windup n=0.30 spd=1.30 mult=1.30 st=Attack anim=Charge/- drift=0.29 cut=0.29 meshOff=0.24m vis bounds+0.4m pos=(481.8,455.3) dist=18.6 vel=0.0
[  1793   19.444 x1.00] TEL charge Windup n=0.37 spd=1.30 mult=1.30 st=Attack anim=Charge/- drift=5.33 cut=5.33 meshOff=0.24m vis bounds+0.4m pos=(481.8,455.3) dist=18.7 vel=0.0
[  1798   19.485 x1.00] LOG  [OniBoss:Layer] charge RUSH: clip frozen at 0.41, 18.8m to go at 14m/s
[  1799   19.494 x1.00] LOG  [OniBoss:Layer] charge fire trail: 'ToonFireTrail' attached to his feet for the rush.
[  1803   19.534 x1.00] TEL charge Rush   n=0.41 spd=0.00 mult=0.00 st=Attack anim=Charge/- drift=7.74 cut=7.74 meshOff=0.24m vis bounds+0.1m pos=(481.4,454.7) dist=18.2 vel=0.0
[  1813   19.618 x1.00] TEL charge Rush   n=0.41 spd=0.00 mult=0.00 st=Attack anim=Charge/- drift=7.74 cut=7.74 meshOff=0.24m vis bounds+0.1m pos=(480.9,453.7) dist=17.2 vel=0.0
[  1823   19.704 x1.00] TEL charge Rush   n=0.41 spd=0.00 mult=0.00 st=Attack anim=Charge/- drift=7.74 cut=7.74 meshOff=0.24m vis bounds+0.1m pos=(480.3,452.6) dist=16.2 vel=0.0
[  1833   19.795 x1.00] TEL charge Rush   n=0.41 spd=0.00 mult=0.00 st=Attack anim=Charge/- drift=7.74 cut=7.74 meshOff=0.24m vis bounds+0.2m pos=(479.8,451.5) dist=15.1 vel=0.0
[  1844   19.885 x1.00] TEL charge Rush   n=0.41 spd=0.00 mult=0.00 st=Attack anim=Charge/- drift=7.74 cut=7.74 meshOff=0.24m vis bounds+0.2m pos=(479.3,450.3) dist=14.1 vel=0.0
[  1855   19.975 x1.00] TEL charge Rush   n=0.41 spd=0.00 mult=0.00 st=Attack anim=Charge/- drift=7.74 cut=7.74 meshOff=0.24m vis bounds+0.2m pos=(478.9,449.1) dist=13.0 vel=0.0
[  1865   20.063 x1.00] TEL charge Rush   n=0.41 spd=0.00 mult=0.00 st=Attack anim=Charge/- drift=7.74 cut=7.74 meshOff=0.24m vis bounds+0.2m pos=(478.4,448.0) dist=12.0 vel=0.0
[  1876   20.154 x1.00] TEL charge Rush   n=0.41 spd=0.00 mult=0.00 st=Attack anim=Charge/- drift=7.74 cut=7.74 meshOff=0.24m vis bounds+0.2m pos=(477.9,446.8) dist=10.7 vel=0.0
[  1887   20.245 x1.00] TEL charge Rush   n=0.41 spd=0.00 mult=0.00 st=Attack anim=Charge/- drift=7.74 cut=7.74 meshOff=0.24m vis bounds+0.2m pos=(477.4,445.6) dist=9.1 vel=0.0
[  1897   20.336 x1.00] TEL charge Rush   n=0.41 spd=0.00 mult=0.00 st=Attack anim=Charge/- drift=7.74 cut=7.74 meshOff=0.24m vis bounds+0.2m pos=(477.0,444.5) dist=7.6 vel=0.0
[  1908   20.425 x1.00] TEL charge Rush   n=0.41 spd=0.00 mult=0.00 st=Attack anim=Charge/- drift=7.74 cut=7.74 meshOff=0.24m vis bounds+0.2m pos=(476.5,443.3) dist=5.9 vel=0.0
[  1918   20.515 x1.00] TEL charge Rush   n=0.41 spd=0.00 mult=0.00 st=Attack anim=Charge/- drift=7.74 cut=7.74 meshOff=0.24m vis bounds+0.2m pos=(476.0,442.1) dist=4.2 vel=0.0
[  1928   20.604 x1.00] TEL charge Rush   n=0.41 spd=0.00 mult=0.00 st=Attack anim=Charge/- drift=7.74 cut=7.74 meshOff=0.24m vis bounds+0.2m pos=(475.5,441.0) dist=2.7 vel=0.0
[  1939   20.695 x1.00] TEL charge Rush   n=0.41 spd=0.00 mult=0.00 st=Attack anim=Charge/- drift=7.74 cut=7.74 meshOff=0.24m vis bounds+0.3m pos=(475.1,439.8) dist=1.7 vel=0.0
[  1940   20.705 x1.00] LOG  [OniBoss:Layer] charge STRIKE: arrived 2.6m from the lock point after 1.22s real — clip 0.41 → 0.58 (blend 0.10s), strike moment 0.76, Yoru 1.9m away
[  1949   20.784 x1.00] TEL charge Strike n=0.62 spd=1.00 mult=1.00 st=Attack anim=Charge/- drift=15.07 cut=15.07 meshOff=0.24m vis bounds+0.4m pos=(475.1,439.8) dist=2.0 vel=0.0
[  1960   20.874 x1.00] TEL charge Strike n=0.68 spd=1.00 mult=1.00 st=Attack anim=Charge/- drift=16.03 cut=16.03 meshOff=0.24m vis bounds+0.5m pos=(475.1,439.8) dist=2.3 vel=0.0
[  1971   20.965 x1.00] TEL charge Strike n=0.74 spd=1.00 mult=1.00 st=Attack anim=Charge/- drift=16.68 cut=16.68 meshOff=0.24m vis bounds+0.6m pos=(475.1,439.8) dist=2.7 vel=0.0
[  1975   21.000 x1.00] LOG  [CameraGameFeel] Shake: intensity=0.45 duration=0.350s
[  1975   21.000 x1.00] LOG  [Combat] Hit react: Bhit_run_reaction_4 (2.5s)
[  1975   21.000 x1.00] LOG  [HitReactTrace] asked for 'Bhit_run_reaction_4' (2.50s) — blend resolved after 0 ms, now playing a clip 1.00s long at speed 1.00, layer weight 1.00, animator.speed 1.00.
[  1975   21.000 x1.00] LOG  [CameraGameFeel] Shake: intensity=0.60 duration=0.200s
[  1975   21.000 x1.00] LOG  [CameraGameFeel] FOV punch: player damage (-3.0°)
[  1975   21.000 x1.00] LOG  [OniBoss] Hit player for 18 (Oni_Charge)
[  1981   21.053 x1.00] TEL charge Strike n=0.80 spd=1.00 mult=1.00 st=Attack anim=Charge/- drift=17.18 cut=17.18 meshOff=0.24m vis bounds+0.5m pos=(475.1,439.8) dist=2.9 vel=0.0
[  1992   21.144 x1.00] TEL charge Strike n=0.86 spd=1.00 mult=1.00 st=Attack anim=Charge/- drift=17.62 cut=17.62 meshOff=0.24m vis bounds+0.3m pos=(475.1,439.8) dist=2.9 vel=0.0
[  2003   21.235 x1.00] TEL charge Strike n=0.92 spd=1.00 mult=1.00 st=Attack anim=Charge/- drift=17.92 cut=17.92 meshOff=0.24m vis bounds+0.2m pos=(475.1,439.8) dist=2.9 vel=0.0
[  2013   21.321 x1.00] TEL charge Strike n=0.97 spd=1.00 mult=1.00 st=Attack anim=Charge/- drift=18.06 cut=18.06 meshOff=0.24m vis bounds+0.1m pos=(475.1,439.8) dist=2.9 vel=0.0
[  2018   21.358 x1.00] LOG  [OniBoss] Attack → Recovery
[  2018   21.358 x1.00] LOG  [OniBoss] Playing animation: Watch
[  2018   21.358 x1.00] LOG  [OniBoss:Layer] charge fire trail: released — burns out over 3.3s where the rush ended.
[  2018   21.358 x1.00] LOG  [OniBoss:Layer] charge complete: engine left Attack (now Recovery) during Strike
[  2024   21.408 x1.00] TEL charge None   n=1.03 spd=1.00 mult=1.00 st=Recovery anim=Charge/h-1849006814 drift=12.48 cut=12.48 meshOff=0.24m vis bounds+0.1m pos=(475.1,439.8) dist=2.9 vel=0.0
[  2035   21.494 x1.00] TEL charge None   n=1.08 spd=1.00 mult=1.00 st=Recovery anim=Charge/h-1849006814 drift=4.11 cut=4.11 meshOff=0.24m vis bounds+0.1m pos=(475.1,439.8) dist=2.9 vel=0.0
[  2038   21.516 x1.00] LOG  [OniBoss] Recovery → Attack
[  2038   21.516 x1.00] LOG  [OniBoss] Attack: ClubSwing2 (16 dmg)
[  2038   21.516 x1.00] LOG  [OniBoss:Trail] ClubSwing2 trail START at clip 1.00 (transition still blending).
[  2046   21.586 x1.00] TEL charge None   n=1.10 spd=1.40 mult=1.40 st=Attack anim=Charge/h853091085 drift=1.57 cut=1.57 meshOff=0.24m vis bounds+0.3m pos=(475.1,439.8) dist=2.9 vel=0.0
[  2051   21.626 x1.00] LOG  [OniBoss:Layer] charge end (clip left the animator) after 2.62s real: pin measured 307 frames, cancelled on 304, max raw drift 18.07m, max cancelled 18.07m — travel WAS baked in, pin held it
[  2084   21.904 x1.00] LOG  [OniBoss:ClubPos] ClubSwing2 at strike: club tip 0.17m up, 1.64m in front, 2.62m to his right (3.09m out from his centre). Club faces 14deg from his forward, pitch -0.89. (the ground wave is born 1.6m in front of him at 0.35m.)
[  2084   21.904 x1.00] LOG  [OniBoss:Layer] ClubSwing2: club has not connected — ground wave released ARMED, 1.6m in front, 12m/s x 12.0m = 1.00s, COMBO FINISHER: FULL 24 damage, x2.0 size, x2.0 travel.
[  2086   21.925 x1.00] LOG  [CameraGameFeel] Shake: intensity=0.20 duration=0.250s
[  2086   21.925 x1.00] LOG  [Combat] Hit react: Bhit_run_reaction_4 (2.5s)
[  2086   21.925 x1.00] LOG  [HitReactTrace] asked for 'Bhit_run_reaction_4' (2.50s) — blend resolved after 0 ms, now playing a clip 2.53s long at speed 1.00, layer weight 1.00, animator.speed 1.00.
[  2086   21.925 x1.00] LOG  [CameraGameFeel] Shake: intensity=0.60 duration=0.200s
[  2086   21.925 x1.00] LOG  [CameraGameFeel] FOV punch: player damage (-3.0°)
[  2086   21.925 x1.00] LOG  [OniBoss] Hit player for 24 (ClubSwing2) [combo x1.50]
[  2086   21.925 x1.00] LOG  [OniBoss:Touch] ClubSwing2: club TOUCHED Yoru at clip 0.35 — shaft 0.66m from her body line, tip speed 87m/s, ONE FRAME EARLY (predicted). Full club hit delivered this frame. This swing's wave is disarmed and flies on as visual.
[  2133   22.336 x1.00] LOG  
==================== [FREEZE-DEBUG v3] ====================
  Reason : WASD-NOMOVE: WASD recent + speed 0.00m/s for 0.40s
  Time   : 16.996s   Frame: 2133   Snaps: 60
===========================================================

--- CURRENT STATE ---
  Flags: atk=False hvy=False dod=False dsh=False
         grd=False hit=True aerial=False lockPos=False
         comboStep=0
  Anim : speed=1.00  combatLayer hash=-175703321 normT=0.193 weight=1.00 inTransition=False
  CC   : grounded=True  enabled=True  pos=(473.06, -0.02, 441.92)  vel=(0.00, 0.00, 0.00)
  Move : IsRunning=True
  Input: H=0.00 V=0.00  LMB=False MMB=False Q=False Sp=False Sh=True C=False
         WASD pressed in last 0.5s: True (last 0.05s ago)

--- FLIGHT RECORDER (60 snapshots, oldest first, dt=0.10s) ---
  Legend: flags = A(tk) H(vy) D(od) S(sh) G(rd) R(eact) Y(aerial) L(ock)   gnd/cc: Y/n
  t-now    flags     step gnd cc anSp normT layW tr | posX     posZ     spd   | H    V    LMB MMB Q  Sp Sh C
  ------   --------  ---- --- -- ---- ----- ---- -- | -----    -----    ----  | ---- ---- --- --- -- -- -- -
  - 6.17s  --------    0  n   Y  1.00  8.35 1.00 -  |   476.9    436.1  0.00 | -1.0  1.0 0   0   0  1  1  0
  - 6.07s  --------    0  n   Y  1.00  8.45 1.00 -  |   476.9    436.7  0.00 | -1.0  1.0 0   0   0  1  1  0
  - 5.97s  --------    0  n   Y  1.00  0.32 1.00 -  |   476.9    437.0  0.00 |  0.0  0.0 0   0   0  0  1  0
  - 5.87s  --------    0  n   Y  1.00  0.44 1.00 -  |   476.7    437.5  0.00 |  0.0  0.0 0   0   0  0  0  0
  - 5.76s  --------    0  n   Y  1.00  0.58 1.00 -  |   476.7    438.0  0.00 |  0.0 -1.0 0   0   0  0  0  0
  - 5.65s  --------    0  n   Y  1.00  0.72 1.00 -  |   476.6    438.2  0.00 |  0.0 -1.0 0   0   0  0  0  0
  - 5.55s  --------    0  n   Y  1.00  0.84 1.00 -  |   476.4    438.1  0.00 |  0.0 -1.0 0   0   0  0  1  0
  - 5.44s  --------    0  Y   Y  1.00  0.98 1.00 -  |   476.3    437.9  0.00 |  0.0 -1.0 0   0   0  0  1  0
  - 5.34s  --------    0  Y   Y  1.00  1.11 1.00 T  |   476.0    437.2  0.00 |  0.0 -1.0 0   0   0  0  1  0
  - 5.23s  --------    0  Y   Y  1.00  0.19 1.00 -  |   475.8    436.6  0.00 |  0.0 -1.0 0   0   0  0  1  0
  - 5.13s  --------    0  Y   Y  1.00  0.29 1.00 -  |   475.4    435.8  0.00 |  0.0 -1.0 0   0   0  0  1  0
  - 5.02s  --------    0  Y   Y  1.00  0.40 1.00 -  |   475.2    435.2  0.00 |  0.0 -1.0 0   0   0  0  1  0
  - 4.92s  --------    0  Y   Y  1.00  0.50 1.00 -  |   474.9    434.5  0.00 |  0.0  0.0 0   0   0  0  1  0
  - 4.81s  --------    0  Y   Y  1.00  0.61 1.00 -  |   474.6    433.9  0.00 | -1.0  0.0 0   0   0  0  1  0
  - 4.71s  --------    0  Y   Y  1.00  0.72 1.00 -  |   473.9    433.5  0.00 | -1.0  0.0 0   0   0  0  1  0
  - 4.60s  --------    0  Y   Y  1.00  0.82 1.00 -  |   473.2    433.6  0.00 | -1.0  0.0 0   0   0  0  1  0
  - 4.49s  --------    0  Y   Y  1.00  0.93 1.00 -  |   472.5    433.9  0.00 | -1.0  0.0 0   0   0  0  1  0
  - 4.39s  --------    0  Y   Y  1.00  1.04 1.00 -  |   471.8    434.2  0.00 | -1.0  0.0 0   0   0  0  1  0
  - 4.28s  --------    0  Y   Y  1.00  1.14 1.00 -  |   471.1    434.5  0.00 | -1.0  0.0 0   0   0  0  1  0
  - 4.17s  --------    0  Y   Y  1.00  1.25 1.00 -  |   470.5    434.8  0.00 | -1.0  1.0 0   0   0  0  1  0
  - 4.06s  --------    0  Y   Y  1.00  1.36 1.00 -  |   469.9    435.3  0.00 | -1.0  1.0 0   0   0  0  1  0
  - 3.96s  --------    0  Y   Y  1.00  1.46 1.00 -  |   469.5    435.9  0.00 | -1.0  1.0 0   0   0  0  1  0
  - 3.86s  --------    0  Y   Y  1.00  1.56 1.00 -  |   469.4    436.6  0.00 | -1.0  1.0 0   0   0  0  1  0
  - 3.75s  --------    0  Y   Y  1.00  1.67 1.00 -  |   469.4    437.3  0.00 | -1.0  1.0 0   0   0  0  1  0
  - 3.65s  --------    0  Y   Y  1.00  1.77 1.00 -  |   469.4    438.2  0.00 | -1.0  1.0 0   0   0  0  1  0
  - 3.54s  --------    0  Y   Y  1.00  1.88 1.00 -  |   469.4    438.9  0.00 | -1.0  1.0 0   0   0  0  1  0
  - 3.44s  --------    0  Y   Y  1.00  1.98 1.00 -  |   469.4    439.6  0.00 | -1.0  1.0 0   0   0  0  1  0
  - 3.33s  --------    0  Y   Y  1.00  2.09 1.00 -  |   469.6    440.2  0.00 |  1.0  0.0 0   0   0  0  1  0
  - 3.23s  --------    0  Y   Y  1.00  2.19 1.00 -  |   470.2    440.5  0.00 |  1.0  0.0 0   0   0  0  1  0
  - 3.13s  --------    0  Y   Y  1.00  2.29 1.00 -  |   470.9    440.5  0.00 |  1.0  0.0 0   0   0  0  1  0
  - 3.03s  --------    0  Y   Y  1.00  2.40 1.00 -  |   471.5    440.0  0.00 |  1.0  0.0 0   0   0  0  1  0
  - 2.93s  --------    0  Y   Y  1.00  2.50 1.00 -  |   472.0    439.4  0.00 |  1.0  0.0 0   0   0  0  1  0
  - 2.82s  --------    0  Y   Y  1.00  2.60 1.00 -  |   472.5    438.9  0.00 |  1.0  0.0 0   0   0  0  1  0
  - 2.72s  --------    0  Y   Y  1.00  2.71 1.00 -  |   473.0    438.4  0.00 |  1.0  0.0 0   0   0  0  1  0
  - 2.61s  --------    0  Y   Y  1.00  2.81 1.00 -  |   473.5    437.8  0.00 |  1.0  0.0 0   0   0  0  1  0
  - 2.51s  --------    0  Y   Y  1.00  2.91 1.00 -  |   474.1    437.4  0.00 |  1.0  0.0 0   0   0  0  1  0
  - 2.41s  --------    0  Y   Y  1.00  3.02 1.00 -  |   474.6    436.9  0.00 |  1.0  0.0 0   0   0  0  1  0
  - 2.30s  --------    0  Y   Y  1.00  3.12 1.00 -  |   475.2    436.5  0.00 |  1.0  0.0 0   0   0  0  1  0
  - 2.19s  --------    0  Y   Y  1.00  3.23 1.00 -  |   475.3    436.4  0.00 | -1.0  0.0 0   0   0  0  1  0
  - 2.09s  --------    0  Y   Y  1.00  3.33 1.00 -  |   474.6    437.0  0.00 | -1.0  0.0 0   0   0  0  1  0
  - 1.98s  --------    0  Y   Y  1.00  3.44 1.00 -  |   474.2    437.5  0.00 | -1.0  0.0 0   0   0  0  1  0
  - 1.88s  --------    0  Y   Y  1.00  3.54 1.00 -  |   473.9    438.1  0.00 | -1.0  0.0 0   0   0  0  1  0
  - 1.77s  --------    0  Y   Y  1.00  3.65 1.00 -  |   473.7    438.8  0.00 | -1.0  0.0 0   0   0  0  1  0
  - 1.67s  --------    0  Y   Y  1.00  3.76 1.00 -  |   473.6    439.6  0.00 | -1.0  0.0 0   0   0  0  1  0
  - 1.56s  --------    0  Y   Y  1.00  3.86 1.00 -  |   473.1    440.2  0.00 | -1.0  0.0 0   0   0  0  1  0
  - 1.45s  --------    0  Y   Y  1.00  3.97 1.00 -  |   473.1    440.9  0.00 | -1.0  0.0 0   0   0  0  1  0
  - 1.35s  --------    0  Y   Y  1.00  4.07 1.00 -  |   473.1    441.8  0.00 | -1.0  0.0 0   0   0  0  1  0
  - 1.25s  -----R--    0  Y   Y  1.00  0.07 1.00 -  |   473.1    441.9  0.00 | -1.0  0.0 0   0   0  0  1  0
  - 1.14s  -----R--    0  Y   Y  1.00  0.11 1.00 -  |   473.1    441.9  0.00 | -1.0  0.0 0   0   0  0  1  0
  - 1.04s  -----R--    0  Y   Y  1.00  0.15 1.00 -  |   473.1    441.9  0.00 | -1.0  0.0 0   0   0  0  1  0
  - 0.94s  -----R--    0  Y   Y  1.00  0.19 1.00 -  |   473.1    441.9  0.00 |  1.0  0.0 0   0   0  0  1  0
  - 0.83s  -----R--    0  Y   Y  1.00  0.24 1.00 -  |   473.1    441.9  0.00 |  1.0  0.0 0   0   0  0  1  0
  - 0.73s  -----R--    0  Y   Y  1.00  0.28 1.00 -  |   473.1    441.9  0.00 |  1.0  0.0 0   0   0  0  1  0
  - 0.62s  -----R--    0  Y   Y  1.00  0.32 1.00 -  |   473.1    441.9  0.00 |  1.0  0.0 0   0   0  0  1  0
  - 0.51s  -----R--    0  Y   Y  1.00  0.36 1.00 -  |   473.1    441.9  0.00 |  1.0  0.0 0   0   0  0  1  0
  - 0.41s  -----R--    0  Y   Y  1.00  0.40 1.00 -  |   473.1    441.9  0.00 |  1.0  0.0 0   0   0  0  1  0
  - 0.31s  -----R--    0  Y   Y  1.00  0.07 1.00 -  |   473.1    441.9  0.00 |  1.0  0.0 1   0   0  0  1  0
  - 0.20s  -----R--    0  Y   Y  1.00  0.11 1.00 -  |   473.1    441.9  0.00 |  1.0  0.0 0   0   0  0  1  0
  - 0.10s  -----R--    0  Y   Y  1.00  0.15 1.00 -  |   473.1    441.9  0.00 |  1.0  0.0 1   0   0  0  1  0
  - 0.00s  -----R--    0  Y   Y  1.00  0.19 1.00 -  |   473.1    441.9  0.00 |  0.0  0.0 0   0   0  0  1  0
=========================================================== END

[  2170   22.686 x1.00] LOG  [OniBoss] Attack → Recovery
[  2170   22.686 x1.00] LOG  [OniBoss] Playing animation: Watch
[  2170   22.686 x1.00] LOG  [OniBoss:Trail] trail END at clip 0.99, fading over 0.40s.
[  2170   22.686 x1.00] LOG  [OniBoss:Strike] ClubSwing2: club tip closest to Yoru at 0.73m, clip position 0.66 | damage fires at 0.32 | clip 1.17s => damage fires 397 ms BEFORE the club is closest
[  2187   22.844 x1.00] LOG  [OniBoss] Recovery → Chase
[  2188   22.850 x1.00] LOG  [OniBoss] hold-ground: BACKSTEP 1.5m (player 2.9m)
[  2292   23.735 x1.00] LOG  [OniBoss] hold-ground: backstep done (1.41m), WATCH (player 4.3m, cooldown 0.9s)
[  2292   23.735 x1.00] LOG  [OniBoss] Playing animation: Idle
[  2293   23.745 x1.00] LOG  [OniBoss] Playing animation: Walk
[  2303   23.836 x1.00] LOG  [Combat] Combo 1: 10 dmg
[  2303   23.836 x1.00] LOG  [ComboTrace] START step=1 state='Combo1' queued=0 target='OniBoss' at 6.6m
[  2303   23.836 x1.00] LOG  [ComboTrace] LAUNCH OniBoss at 2.8m dist=2.83m in 0.28s
[  2332   24.086 x1.00] LOG  [Combat] Queued click #1 (combo 1)
[  2332   24.086 x1.00] LOG  [ComboTrace] QUEUED #1 during step 1
[  2336   24.118 x1.00] LOG  [ComboTrace] LAUNCH RESULT wanted=2.83m actually moved=2.18m — completed
[  2350   24.244 x1.00] LOG  [OniBoss] Playing animation: Idle
[  2353   24.267 x1.00] LOG  [Combat] Queued click #2 (combo 1)
[  2353   24.267 x1.00] LOG  [ComboTrace] QUEUED #2 during step 1
[  2374   24.451 x1.00] LOG  [ComboTrace] CLICK IGNORED (step=1 queued=2)
[  2374   24.451 x1.00] LOG  OniBoss took 10 damage. HP: 450/500
[  2374   24.451 x1.00] LOG  [OniBoss] Chase → HitReact
[  2374   24.451 x1.00] LOG  [OniBoss:Layer] react tier: LIGHT (10 dmg) → 'Hit_react_light'
[  2374   24.451 x1.00] LOG  [Combat] Hit OniBoss for 10
[  2374   24.451 x1.00] LOG  [CameraGameFeel] Shake: intensity=0.50 duration=0.200s
[  2374   24.451 x1.00] LOG  [CameraGameFeel] FOV punch: hit light (+1.5°)
[  2398   24.644 x1.00] LOG  🐾 VFX_AttackPaw triggered!
[  2402   24.677 x1.00] LOG  [ComboTrace] CLICK IGNORED (step=1 queued=2)
[  2415   24.786 x1.00] LOG  [Combat] Combo 2: 20 dmg
[  2415   24.786 x1.00] LOG  [ComboTrace] START step=2 state='Combo2' queued=1 target='OniBoss' at 2.0m
[  2415   24.786 x1.00] LOG  [ComboTrace] LAUNCH OniBoss at 0.9m dist=0.86m in 0.13s
[  2428   24.885 x1.00] LOG  [ComboTrace] CLICK DROPPED by attackCooldown (0.10s, 0.10s since last attack) step=2
[  2432   24.916 x1.00] LOG  [ComboTrace] LAUNCH RESULT wanted=0.86m actually moved=0.06m — completed
[  2455   25.098 x1.00] LOG  [Combat] Queued click #2 (combo 2)
[  2455   25.098 x1.00] LOG  [ComboTrace] QUEUED #2 during step 2
[  2475   25.255 x1.00] LOG  [OniBoss] HitReact → Chase
[  2476   25.262 x1.00] LOG  [OniBoss] Playing animation: Idle
[  2476   25.262 x1.00] LOG  [OniBoss] Combo started: swing1-2 (2 steps remaining)
[  2476   25.262 x1.00] LOG  [OniBoss] Chase → Attack
[  2476   25.262 x1.00] LOG  [OniBoss] Attack: Club_Swing (16 dmg)
[  2476   25.262 x1.00] LOG  [OniBoss:Trail] Club_Swing trail START at clip 1.00 (transition done).
[  2477   25.270 x1.00] LOG  [ComboTrace] CLICK IGNORED (step=2 queued=2)
[  2502   25.476 x1.00] LOG  [ComboTrace] CLICK IGNORED (step=2 queued=2)
[  2512   25.558 x1.00] LOG  [CameraGameFeel] Shake: intensity=0.20 duration=0.250s
[  2512   25.558 x1.00] LOG  [Combat] Hit react: HitReact_Light_2Leg (0.5s)
[  2512   25.558 x1.00] LOG  [HitReactTrace] asked for 'HitReact_Light_2Leg' (0.50s) — blend resolved after 0 ms, now playing a clip 1.75s long at speed 1.60, layer weight 1.00, animator.speed 1.00.
[  2512   25.558 x1.00] LOG  [CameraGameFeel] Shake: intensity=0.30 duration=0.200s
[  2512   25.558 x1.00] LOG  [CameraGameFeel] FOV punch: player damage (-2.0°)
[  2512   25.558 x1.00] LOG  [OniBoss] Hit player for 16 (Club_Swing)
[  2512   25.558 x1.00] LOG  [OniBoss:Touch] Club_Swing: club TOUCHED Yoru at clip 0.35 — shaft 0.61m from her body line, tip speed 171m/s, ONE FRAME EARLY (predicted). Full club hit delivered this frame.
[  2520   25.626 x1.00] LOG  [OniBoss:ClubPos] Club_Swing at strike: club tip 3.02m up, 2.45m in front, -2.99m to his right (3.86m out from his centre). Club faces -83deg from his forward, pitch 0.41. (the ground wave is born 1.6m in front of him at 0.35m.)
[  2520   25.626 x1.00] LOG  [OniBoss:Layer] Club_Swing: club already hit — ground wave released as VISUAL only (0 damage).
[  2577   26.086 x1.00] LOG  [Combat] Combo 1: 10 dmg
[  2577   26.086 x1.00] LOG  [ComboTrace] START step=1 state='Combo1' queued=0 target='OniBoss' at 2.2m
[  2577   26.086 x1.00] LOG  [ComboTrace] LAUNCH OniBoss at 0.8m dist=0.78m in 0.13s
[  2579   26.102 x1.00] LOG  [OniBoss] Attack → Recovery
[  2579   26.102 x1.00] LOG  [OniBoss] Playing animation: Watch
[  2579   26.102 x1.00] LOG  [OniBoss:Trail] trail END at clip 1.00, fading over 0.40s.
[  2579   26.102 x1.00] LOG  [OniBoss:Strike] Club_Swing: club tip closest to Yoru at 0.27m, clip position 0.95 | damage fires at 0.42 | clip 0.84s => damage fires 442 ms BEFORE the club is closest
[  2593   26.219 x1.00] LOG  [ComboTrace] LAUNCH RESULT wanted=0.78m actually moved=0.00m — completed
[  2598   26.257 x1.00] LOG  [OniBoss] Recovery → Attack
[  2598   26.257 x1.00] LOG  [OniBoss] Attack: ClubSwing2 (16 dmg)
[  2598   26.257 x1.00] LOG  [OniBoss:Trail] ClubSwing2 trail START at clip 1.00 (transition still blending).
[  2605   26.317 x1.00] LOG  [Combat] Queued click #1 (combo 1)
[  2605   26.317 x1.00] LOG  [ComboTrace] QUEUED #1 during step 1
[  2617   26.419 x1.00] LOG  
==================== [FREEZE-DEBUG v3] ====================
  Reason : WASD-NOMOVE: WASD recent + speed 0.00m/s for 0.41s
  Time   : 21.078s   Frame: 2617   Snaps: 60
===========================================================

--- CURRENT STATE ---
  Flags: atk=True hvy=False dod=False dsh=False
         grd=False hit=False aerial=False lockPos=False
         comboStep=1
  Anim : speed=1.00  combatLayer hash=726050830 normT=0.262 weight=1.00 inTransition=False
  CC   : grounded=True  enabled=True  pos=(474.59, -0.02, 440.09)  vel=(0.00, 0.00, 0.00)
  Move : IsRunning=False
  Input: H=0.00 V=-1.00  LMB=True MMB=False Q=False Sp=False Sh=True C=False
         WASD pressed in last 0.5s: True (last 0.00s ago)

--- FLIGHT RECORDER (60 snapshots, oldest first, dt=0.10s) ---
  Legend: flags = A(tk) H(vy) D(od) S(sh) G(rd) R(eact) Y(aerial) L(ock)   gnd/cc: Y/n
  t-now    flags     step gnd cc anSp normT layW tr | posX     posZ     spd   | H    V    LMB MMB Q  Sp Sh C
  ------   --------  ---- --- -- ---- ----- ---- -- | -----    -----    ----  | ---- ---- --- --- -- -- -- -
  - 6.17s  --------    0  Y   Y  1.00  3.33 1.00 -  |   474.6    437.0  0.00 | -1.0  0.0 0   0   0  0  1  0
  - 6.07s  --------    0  Y   Y  1.00  3.44 1.00 -  |   474.2    437.5  0.00 | -1.0  0.0 0   0   0  0  1  0
  - 5.96s  --------    0  Y   Y  1.00  3.54 1.00 -  |   473.9    438.1  0.00 | -1.0  0.0 0   0   0  0  1  0
  - 5.86s  --------    0  Y   Y  1.00  3.65 1.00 -  |   473.7    438.8  0.00 | -1.0  0.0 0   0   0  0  1  0
  - 5.75s  --------    0  Y   Y  1.00  3.76 1.00 -  |   473.6    439.6  0.00 | -1.0  0.0 0   0   0  0  1  0
  - 5.64s  --------    0  Y   Y  1.00  3.86 1.00 -  |   473.1    440.2  0.00 | -1.0  0.0 0   0   0  0  1  0
  - 5.53s  --------    0  Y   Y  1.00  3.97 1.00 -  |   473.1    440.9  0.00 | -1.0  0.0 0   0   0  0  1  0
  - 5.43s  --------    0  Y   Y  1.00  4.07 1.00 -  |   473.1    441.8  0.00 | -1.0  0.0 0   0   0  0  1  0
  - 5.33s  -----R--    0  Y   Y  1.00  0.07 1.00 -  |   473.1    441.9  0.00 | -1.0  0.0 0   0   0  0  1  0
  - 5.23s  -----R--    0  Y   Y  1.00  0.11 1.00 -  |   473.1    441.9  0.00 | -1.0  0.0 0   0   0  0  1  0
  - 5.12s  -----R--    0  Y   Y  1.00  0.15 1.00 -  |   473.1    441.9  0.00 | -1.0  0.0 0   0   0  0  1  0
  - 5.02s  -----R--    0  Y   Y  1.00  0.19 1.00 -  |   473.1    441.9  0.00 |  1.0  0.0 0   0   0  0  1  0
  - 4.91s  -----R--    0  Y   Y  1.00  0.24 1.00 -  |   473.1    441.9  0.00 |  1.0  0.0 0   0   0  0  1  0
  - 4.81s  -----R--    0  Y   Y  1.00  0.28 1.00 -  |   473.1    441.9  0.00 |  1.0  0.0 0   0   0  0  1  0
  - 4.70s  -----R--    0  Y   Y  1.00  0.32 1.00 -  |   473.1    441.9  0.00 |  1.0  0.0 0   0   0  0  1  0
  - 4.59s  -----R--    0  Y   Y  1.00  0.36 1.00 -  |   473.1    441.9  0.00 |  1.0  0.0 0   0   0  0  1  0
  - 4.49s  -----R--    0  Y   Y  1.00  0.40 1.00 -  |   473.1    441.9  0.00 |  1.0  0.0 0   0   0  0  1  0
  - 4.39s  -----R--    0  Y   Y  1.00  0.07 1.00 -  |   473.1    441.9  0.00 |  1.0  0.0 1   0   0  0  1  0
  - 4.28s  -----R--    0  Y   Y  1.00  0.11 1.00 -  |   473.1    441.9  0.00 |  1.0  0.0 0   0   0  0  1  0
  - 4.18s  -----R--    0  Y   Y  1.00  0.15 1.00 -  |   473.1    441.9  0.00 |  1.0  0.0 1   0   0  0  1  0
  - 4.08s  -----R--    0  Y   Y  1.00  0.19 1.00 -  |   473.1    441.9  0.00 |  0.0  0.0 0   0   0  0  1  0
  - 3.97s  -----R--    0  Y   Y  1.00  0.24 1.00 -  |   473.1    441.9  0.00 |  0.0  0.0 1   0   0  0  1  0
  - 3.87s  -----R--    0  Y   Y  1.00  0.28 1.00 -  |   473.1    441.9  0.00 |  0.0  0.0 0   0   0  0  1  0
  - 3.77s  -----R--    0  Y   Y  1.00  0.32 1.00 -  |   473.1    441.9  0.00 |  0.0  1.0 1   0   0  0  1  0
  - 3.66s  -----R--    0  Y   Y  1.00  0.36 1.00 -  |   473.1    441.9  0.00 |  0.0  1.0 0   0   0  0  1  0
  - 3.56s  -----R--    0  Y   Y  1.00  0.40 1.00 -  |   473.1    441.9  0.00 |  1.0  1.0 1   0   0  0  0  0
  - 3.46s  -----R--    0  Y   Y  1.00  0.44 1.00 -  |   473.1    441.9  0.00 |  1.0  1.0 0   0   0  0  0  0
  - 3.35s  -----R--    0  Y   Y  1.00  0.48 1.00 -  |   473.1    441.9  0.00 |  1.0  1.0 1   0   0  1  0  0
  - 3.25s  -----R--    0  Y   Y  1.00  0.52 1.00 -  |   473.1    441.9  0.00 |  1.0  1.0 0   0   0  1  0  0
  - 3.14s  -----R--    0  Y   Y  1.00  0.56 1.00 -  |   473.1    441.9  0.00 |  1.0  0.0 0   0   0  0  0  0
  - 3.04s  -----R--    0  Y   Y  1.00  0.60 1.00 -  |   473.1    441.9  0.00 |  1.0  0.0 0   0   0  0  0  0
  - 2.94s  -----R--    0  Y   Y  1.00  0.64 1.00 -  |   473.1    441.9  0.00 |  1.0  0.0 0   0   0  0  0  0
  - 2.84s  -----R--    0  Y   Y  1.00  0.68 1.00 -  |   473.1    441.9  0.00 |  1.0  0.0 1   0   0  1  0  0
  - 2.74s  -----R--    0  Y   Y  1.00  0.72 1.00 -  |   473.1    441.9  0.00 |  1.0  0.0 0   0   0  1  0  0
  - 2.63s  --------    0  Y   Y  1.00  0.77 1.00 T  |   473.1    441.8  0.00 |  1.0  0.0 1   0   0  1  0  0
  - 2.52s  A-------    1  Y   Y  1.00  0.04 1.00 -  |   473.8    441.0  16.15 |  1.0  0.0 0   0   0  1  0  0
  - 2.42s  A-------    1  Y   Y  1.00  0.12 1.00 -  |   474.6    440.2  0.78 |  1.0  0.0 1   0   0  1  0  0
  - 2.31s  A-------    1  Y   Y  1.00  0.21 1.00 -  |   474.6    440.2  0.23 |  1.0  0.0 0   0   0  1  0  0
  - 2.21s  A-------    1  Y   Y  1.00  0.29 1.00 -  |   474.6    440.2  0.00 |  1.0  1.0 1   0   0  0  0  0
  - 2.11s  A-------    1  Y   Y  1.00  0.38 1.00 -  |   474.6    440.2  0.00 |  1.0  1.0 0   0   0  0  0  0
  - 2.00s  A-------    1  Y   Y  1.00  0.46 1.00 -  |   474.6    440.2  0.00 |  0.0  0.0 1   0   0  0  0  0
  - 1.90s  A-------    1  Y   Y  1.00  0.52 1.00 -  |   474.6    440.2  0.00 |  0.0  0.0 0   0   0  0  0  0
  - 1.80s  A-------    1  Y   Y  1.00  0.61 1.00 -  |   474.6    440.2  0.00 |  0.0  0.0 1   0   0  0  0  0
  - 1.69s  A-------    1  Y   Y  1.00  0.69 1.00 -  |   474.6    440.2  0.00 |  0.0  0.0 0   0   0  0  0  0
  - 1.58s  A-------    2  Y   Y  1.00  0.78 1.00 T  |   474.7    440.2  0.00 |  1.0 -1.0 1   0   0  0  0  0
  - 1.48s  A-------    2  Y   Y  1.00  0.08 1.00 -  |   474.7    440.2  0.00 |  1.0  0.0 0   0   0  0  0  0
  - 1.37s  A-------    2  Y   Y  1.00  0.14 1.00 -  |   474.7    440.2  0.00 |  1.0  0.0 1   0   0  0  0  0
  - 1.27s  A-------    2  Y   Y  1.00  0.20 1.00 -  |   474.7    440.2  0.00 | -1.0 -1.0 0   0   0  0  0  0
  - 1.16s  A-------    2  Y   Y  1.00  0.26 1.00 -  |   474.7    440.2  0.00 | -1.0 -1.0 1   0   0  0  0  0
  - 1.06s  A-------    2  Y   Y  1.00  0.32 1.00 -  |   474.7    440.2  0.00 | -1.0 -1.0 0   0   0  1  1  0
  - 0.96s  A-------    2  Y   Y  1.00  0.37 1.00 -  |   474.7    440.2  0.00 | -1.0 -1.0 1   0   0  0  1  0
  - 0.85s  -----R--    0  Y   Y  1.00  0.44 1.00 -  |   474.7    440.2  0.00 |  0.0 -1.0 1   0   0  1  1  0
  - 0.74s  -----R--    0  Y   Y  1.00  0.17 1.00 -  |   474.7    440.2  0.00 |  0.0 -1.0 1   0   0  0  1  0
  - 0.64s  -----R--    0  Y   Y  1.00  0.25 1.00 -  |   474.7    440.2  0.00 |  1.0  0.0 1   0   0  1  1  0
  - 0.53s  -----R--    0  Y   Y  1.00  0.34 1.00 -  |   474.7    440.2  0.00 |  1.0 -1.0 0   0   0  0  1  0
  - 0.43s  -----R--    0  Y   Y  1.00  0.42 1.00 -  |   474.7    440.2  0.00 |  1.0  0.0 1   0   0  0  1  0
  - 0.33s  A-------    1  Y   Y  1.00  0.51 1.00 T  |   474.6    440.1  0.00 |  1.0  0.0 0   0   0  1  1  0
  - 0.22s  A-------    1  Y   Y  1.00  0.08 1.00 -  |   474.6    440.1  0.00 |  0.0  0.0 1   0   0  0  1  0
  - 0.12s  A-------    1  Y   Y  1.00  0.17 1.00 -  |   474.6    440.1  0.00 |  0.0 -1.0 1   0   0  0  1  0
  - 0.02s  A-------    1  Y   Y  1.00  0.25 1.00 -  |   474.6    440.1  0.00 |  0.0 -1.0 0   0   0  0  0  0
=========================================================== END

[  2631   26.535 x1.00] LOG  [Combat] Queued click #2 (combo 1)
[  2631   26.535 x1.00] LOG  [ComboTrace] QUEUED #2 during step 1
[  2640   26.607 x1.00] LOG  [CameraGameFeel] Shake: intensity=0.20 duration=0.250s
[  2640   26.607 x1.00] LOG  [Combat] Hit react: HitReact_Heavy_2Leg (0.9s)
[  2640   26.607 x1.00] LOG  [HitReactTrace] asked for 'HitReact_Heavy_2Leg' (0.90s) — blend resolved after 0 ms, now playing a clip 1.23s long at speed 1.60, layer weight 1.00, animator.speed 1.00.
[  2640   26.607 x1.00] LOG  [CameraGameFeel] Shake: intensity=0.60 duration=0.200s
[  2640   26.607 x1.00] LOG  [CameraGameFeel] FOV punch: player damage (-3.0°)
[  2640   26.607 x1.00] LOG  [OniBoss] Hit player for 24 (ClubSwing2) [combo x1.50]
[  2640   26.607 x1.00] LOG  [OniBoss:Touch] ClubSwing2: club TOUCHED Yoru at clip 0.30 — shaft 0.50m from her body line, tip speed 106m/s, ONE FRAME EARLY (predicted). Full club hit delivered this frame.
[  2644   26.646 x1.00] LOG  [OniBoss:ClubPos] ClubSwing2 at strike: club tip 0.16m up, 1.66m in front, 2.60m to his right (3.08m out from his centre). Club faces 13deg from his forward, pitch -0.89. (the ground wave is born 1.6m in front of him at 0.35m.)
[  2644   26.646 x1.00] LOG  [OniBoss:Layer] ClubSwing2: club already hit — ground wave released as VISUAL only (0 damage), finisher size x2.0.
[  2739   27.426 x1.00] LOG  [OniBoss] Attack → Recovery
[  2739   27.426 x1.00] LOG  [OniBoss] Playing animation: Watch
[  2739   27.426 x1.00] LOG  [OniBoss:Trail] trail END at clip 0.99, fading over 0.40s.
[  2739   27.426 x1.00] LOG  [OniBoss:Strike] ClubSwing2: club tip closest to Yoru at 1.12m, clip position 0.99 | damage fires at 0.32 | clip 1.17s => damage fires 785 ms BEFORE the club is closest
[  2757   27.578 x1.00] LOG  [OniBoss] Recovery → Chase
[  2758   27.586 x1.00] LOG  [OniBoss] hold-ground: BACKSTEP 1.5m (player 2.0m)
[  2771   27.692 x1.00] LOG  [Combat] Combo 1: 10 dmg
[  2771   27.692 x1.00] LOG  [ComboTrace] START step=1 state='Combo1' queued=0 target='OniBoss' at 3.3m
[  2771   27.692 x1.00] LOG  [ComboTrace] LAUNCH OniBoss at 1.0m dist=0.98m in 0.13s
[  2787   27.825 x1.00] LOG  [ComboTrace] LAUNCH RESULT wanted=0.98m actually moved=0.38m — completed
[  2800   27.926 x1.00] LOG  [Combat] Queued click #1 (combo 1)
[  2800   27.926 x1.00] LOG  [ComboTrace] QUEUED #1 during step 1
[  2829   28.155 x1.00] LOG  [Combat] Queued click #2 (combo 1)
[  2829   28.155 x1.00] LOG  [ComboTrace] QUEUED #2 during step 1
[  2846   28.302 x1.00] LOG  OniBoss took 10 damage. HP: 440/500
[  2846   28.302 x1.00] LOG  [OniBoss] Chase → HitReact
[  2846   28.302 x1.00] LOG  [OniBoss:Layer] react tier: LIGHT (10 dmg) → 'Hit_react_light'
[  2846   28.302 x1.00] LOG  [Combat] Hit OniBoss for 10
[  2846   28.302 x1.00] LOG  [CameraGameFeel] Shake: intensity=0.50 duration=0.200s
[  2846   28.302 x1.00] LOG  [CameraGameFeel] FOV punch: hit light (+1.5°)
[  2855   28.378 x1.00] LOG  [ComboTrace] CLICK IGNORED (step=1 queued=2)
[  2869   28.506 x1.00] LOG  🐾 VFX_AttackPaw triggered!
[  2881   28.608 x1.00] LOG  [ComboTrace] CLICK IGNORED (step=1 queued=2)
[  2885   28.642 x1.00] LOG  [Combat] Combo 2: 20 dmg
[  2885   28.642 x1.00] LOG  [ComboTrace] START step=2 state='Combo2' queued=1 target='OniBoss' at 2.8m
[  2885   28.642 x1.00] LOG  [ComboTrace] LAUNCH OniBoss at 1.5m dist=1.53m in 0.15s
[  2904   28.798 x1.00] LOG  [ComboTrace] LAUNCH RESULT wanted=1.53m actually moved=0.82m — completed
[  2907   28.826 x1.00] LOG  [Combat] Queued click #2 (combo 2)
[  2907   28.826 x1.00] LOG  [ComboTrace] QUEUED #2 during step 2
[  2935   29.057 x1.00] LOG  [ComboTrace] CLICK IGNORED (step=2 queued=2)
[  2941   29.108 x1.00] LOG  [OniBoss] HitReact → Chase
[  2942   29.117 x1.00] LOG  [OniBoss] Playing animation: Idle
[  2962   29.278 x1.00] LOG  [ComboTrace] CLICK IGNORED (step=2 queued=2)
[  2975   29.386 x1.00] LOG  [OniBoss] Chase → Attack
[  2975   29.386 x1.00] LOG  [OniBoss] Attack: ClubSwing2 (16 dmg)
[  2975   29.386 x1.00] LOG  [OniBoss:Trail] ClubSwing2 trail START at clip 0.17 (transition done).
[  2984   29.457 x1.00] LOG  🐾🐾 VFX_TowPaw triggered!
[  2987   29.486 x1.00] LOG  OniBoss took 20 damage. HP: 420/500
[  2987   29.486 x1.00] LOG  [OniBoss] 🤕 Hit during Attack — flash only
[  2987   29.486 x1.00] LOG  [Combat] Hit OniBoss for 20
[  2987   29.486 x1.00] LOG  [CameraGameFeel] Shake: intensity=0.50 duration=0.200s
[  2987   29.486 x1.00] LOG  [CameraGameFeel] FOV punch: hit light (+1.5°)
[  2989   29.506 x1.00] LOG  [ComboTrace] CLICK IGNORED (step=2 queued=2)
[  3015   29.727 x1.00] LOG  [ComboTrace] CLICK IGNORED (step=2 queued=2)
[  3019   29.762 x1.00] LOG  [CameraGameFeel] Shake: intensity=0.20 duration=0.250s
[  3019   29.762 x1.00] LOG  [Combat] Hit react: HitReact_Light_2Leg (0.5s)
[  3019   29.762 x1.00] LOG  [HitReactTrace] asked for 'HitReact_Light_2Leg' (0.50s) — blend resolved after 0 ms, now playing a clip 1.75s long at speed 1.60, layer weight 1.00, animator.speed 1.00.
[  3019   29.762 x1.00] LOG  [CameraGameFeel] Shake: intensity=0.30 duration=0.200s
[  3019   29.762 x1.00] LOG  [CameraGameFeel] FOV punch: player damage (-2.0°)
[  3019   29.762 x1.00] LOG  [OniBoss] Hit player for 16 (ClubSwing2)
[  3019   29.762 x1.00] LOG  [OniBoss:Touch] ClubSwing2: club TOUCHED Yoru at clip 0.29 — shaft 0.60m from her body line, tip speed 98m/s, ONE FRAME EARLY (predicted). Full club hit delivered this frame.
[  3025   29.808 x1.00] LOG  [OniBoss:ClubPos] ClubSwing2 at strike: club tip 0.10m up, 1.79m in front, 2.44m to his right (3.03m out from his centre). Club faces 6deg from his forward, pitch -0.88. (the ground wave is born 1.6m in front of him at 0.35m.)
[  3025   29.808 x1.00] LOG  [OniBoss:Layer] ClubSwing2: club already hit — ground wave released as VISUAL only (0 damage).
[  3116   30.591 x1.00] LOG  [OniBoss] Attack → Recovery
[  3116   30.591 x1.00] LOG  [OniBoss] Playing animation: Watch
[  3116   30.591 x1.00] LOG  [OniBoss:Trail] trail END at clip 0.99, fading over 0.40s.
[  3116   30.591 x1.00] LOG  [OniBoss:Strike] ClubSwing2: club tip closest to Yoru at 0.96m, clip position 0.30 | damage fires at 0.32 | clip 1.17s => MATCHED (within one or two frames)
[  3131   30.716 x1.00] LOG  
==================== [FREEZE-DEBUG v3] ====================
  Reason : WASD-NOMOVE: WASD recent + speed 0.00m/s for 0.40s
  Time   : 25.376s   Frame: 3131   Snaps: 60
===========================================================

--- CURRENT STATE ---
  Flags: atk=False hvy=False dod=False dsh=False
         grd=False hit=False aerial=False lockPos=False
         comboStep=0
  Anim : speed=1.00  combatLayer hash=-792875657 normT=0.441 weight=1.00 inTransition=False
  CC   : grounded=True  enabled=True  pos=(472.56, -0.02, 440.54)  vel=(0.00, 0.00, 0.00)
  Move : IsRunning=True
  Input: H=-1.00 V=-1.00  LMB=False MMB=False Q=False Sp=False Sh=True C=False
         WASD pressed in last 0.5s: True (last 0.00s ago)

--- FLIGHT RECORDER (60 snapshots, oldest first, dt=0.10s) ---
  Legend: flags = A(tk) H(vy) D(od) S(sh) G(rd) R(eact) Y(aerial) L(ock)   gnd/cc: Y/n
  t-now    flags     step gnd cc anSp normT layW tr | posX     posZ     spd   | H    V    LMB MMB Q  Sp Sh C
  ------   --------  ---- --- -- ---- ----- ---- -- | -----    -----    ----  | ---- ---- --- --- -- -- -- -
  - 6.20s  A-------    1  Y   Y  1.00  0.52 1.00 -  |   474.6    440.2  0.00 |  0.0  0.0 0   0   0  0  0  0
  - 6.09s  A-------    1  Y   Y  1.00  0.61 1.00 -  |   474.6    440.2  0.00 |  0.0  0.0 1   0   0  0  0  0
  - 5.99s  A-------    1  Y   Y  1.00  0.69 1.00 -  |   474.6    440.2  0.00 |  0.0  0.0 0   0   0  0  0  0
  - 5.88s  A-------    2  Y   Y  1.00  0.78 1.00 T  |   474.7    440.2  0.00 |  1.0 -1.0 1   0   0  0  0  0
  - 5.77s  A-------    2  Y   Y  1.00  0.08 1.00 -  |   474.7    440.2  0.00 |  1.0  0.0 0   0   0  0  0  0
  - 5.67s  A-------    2  Y   Y  1.00  0.14 1.00 -  |   474.7    440.2  0.00 |  1.0  0.0 1   0   0  0  0  0
  - 5.57s  A-------    2  Y   Y  1.00  0.20 1.00 -  |   474.7    440.2  0.00 | -1.0 -1.0 0   0   0  0  0  0
  - 5.46s  A-------    2  Y   Y  1.00  0.26 1.00 -  |   474.7    440.2  0.00 | -1.0 -1.0 1   0   0  0  0  0
  - 5.36s  A-------    2  Y   Y  1.00  0.32 1.00 -  |   474.7    440.2  0.00 | -1.0 -1.0 0   0   0  1  1  0
  - 5.26s  A-------    2  Y   Y  1.00  0.37 1.00 -  |   474.7    440.2  0.00 | -1.0 -1.0 1   0   0  0  1  0
  - 5.15s  -----R--    0  Y   Y  1.00  0.44 1.00 -  |   474.7    440.2  0.00 |  0.0 -1.0 1   0   0  1  1  0
  - 5.04s  -----R--    0  Y   Y  1.00  0.17 1.00 -  |   474.7    440.2  0.00 |  0.0 -1.0 1   0   0  0  1  0
  - 4.94s  -----R--    0  Y   Y  1.00  0.25 1.00 -  |   474.7    440.2  0.00 |  1.0  0.0 1   0   0  1  1  0
  - 4.83s  -----R--    0  Y   Y  1.00  0.34 1.00 -  |   474.7    440.2  0.00 |  1.0 -1.0 0   0   0  0  1  0
  - 4.73s  -----R--    0  Y   Y  1.00  0.42 1.00 -  |   474.7    440.2  0.00 |  1.0  0.0 1   0   0  0  1  0
  - 4.63s  A-------    1  Y   Y  1.00  0.51 1.00 T  |   474.6    440.1  0.00 |  1.0  0.0 0   0   0  1  1  0
  - 4.52s  A-------    1  Y   Y  1.00  0.08 1.00 -  |   474.6    440.1  0.00 |  0.0  0.0 1   0   0  0  1  0
  - 4.42s  A-------    1  Y   Y  1.00  0.17 1.00 -  |   474.6    440.1  0.00 |  0.0 -1.0 1   0   0  0  1  0
  - 4.31s  A-------    1  Y   Y  1.00  0.25 1.00 -  |   474.6    440.1  0.00 |  0.0 -1.0 0   0   0  0  0  0
  - 4.21s  A-------    1  Y   Y  1.00  0.33 1.00 -  |   474.6    440.1  0.00 |  0.0 -1.0 1   0   0  1  1  0
  - 4.11s  A-------    1  Y   Y  1.00  0.42 1.00 -  |   474.6    440.1  0.00 |  0.0 -1.0 0   0   0  1  1  0
  - 4.01s  -----R--    0  Y   Y  1.00  0.15 1.00 -  |   474.6    440.1  0.00 |  0.0 -1.0 1   0   0  0  1  0
  - 3.90s  -----R--    0  Y   Y  1.00  0.24 1.00 -  |   474.6    440.1  0.00 |  0.0 -1.0 0   0   0  1  1  0
  - 3.80s  -----R--    0  Y   Y  1.00  0.33 1.00 -  |   474.6    440.1  0.00 |  0.0 -1.0 1   0   0  1  1  0
  - 3.69s  -----R--    0  Y   Y  1.00  0.41 1.00 -  |   474.6    440.1  0.00 |  0.0 -1.0 0   0   0  0  1  0
  - 3.58s  -----R--    0  Y   Y  1.00  0.50 1.00 -  |   474.6    440.1  0.00 |  1.0 -1.0 1   0   0  1  1  0
  - 3.47s  -----R--    0  Y   Y  1.00  0.59 1.00 -  |   474.6    440.1  0.00 |  0.0 -1.0 0   0   0  0  1  0
  - 3.37s  -----R--    0  Y   Y  1.00  0.68 1.00 -  |   474.6    440.1  0.00 |  0.0  0.0 1   0   0  0  1  0
  - 3.27s  -----R--    0  Y   Y  1.00  0.76 1.00 -  |   474.6    440.1  0.00 |  0.0  0.0 1   0   0  0  0  0
  - 3.17s  --------    0  Y   Y  1.00  0.85 1.00 T  |   474.5    440.1  0.00 |  0.0  0.0 0   0   0  0  0  0
  - 3.07s  --------    0  Y   Y  1.00  0.13 1.00 -  |   474.5    440.1  0.00 |  0.0  0.0 1   0   0  0  0  0
  - 2.97s  A-------    1  Y   Y  1.00  0.04 1.00 -  |   474.6    439.9  0.00 | -1.0 -1.0 0   0   0  0  1  0
  - 2.86s  A-------    1  Y   Y  1.00  0.13 1.00 -  |   474.7    439.8  0.00 | -1.0 -1.0 1   0   0  0  1  0
  - 2.75s  A-------    1  Y   Y  1.00  0.22 1.00 -  |   474.7    439.8  0.00 | -1.0 -1.0 0   0   0  0  1  0
  - 2.65s  A-------    1  Y   Y  1.00  0.30 1.00 -  |   474.7    439.8  0.00 | -1.0 -1.0 1   0   0  0  1  0
  - 2.55s  A-------    1  Y   Y  1.00  0.38 1.00 -  |   474.7    439.8  0.00 | -1.0 -1.0 0   0   0  1  1  0
  - 2.44s  A-------    1  Y   Y  1.00  0.47 1.00 -  |   474.7    439.8  0.00 |  0.0  0.0 1   0   0  1  1  0
  - 2.34s  A-------    1  Y   Y  1.00  0.52 1.00 -  |   474.7    439.8  0.00 |  1.0  0.0 0   0   0  0  1  0
  - 2.23s  A-------    1  Y   Y  1.00  0.61 1.00 -  |   474.7    439.8  0.00 |  1.0  0.0 1   0   0  1  0  0
  - 2.12s  A-------    1  Y   Y  1.00  0.69 1.00 -  |   474.7    439.8  0.00 |  0.0  0.0 1   0   0  1  0  0
  - 2.02s  A-------    2  Y   Y  1.00  0.78 1.00 T  |   475.2    439.1  10.11 |  0.0  0.0 0   0   0  0  0  0
  - 1.92s  A-------    2  Y   Y  1.00  0.08 1.00 -  |   475.2    439.1  0.00 |  1.0  0.0 1   0   0  1  0  0
  - 1.81s  A-------    2  Y   Y  1.00  0.14 1.00 -  |   475.2    439.1  0.00 |  1.0  0.0 0   0   0  0  0  0
  - 1.71s  A-------    2  Y   Y  1.00  0.20 1.00 -  |   475.2    439.1  0.00 |  1.0  0.0 1   0   0  1  0  0
  - 1.60s  A-------    2  Y   Y  1.00  0.26 1.00 -  |   475.2    439.1  0.00 |  1.0  0.0 0   0   0  0  0  0
  - 1.49s  A-------    2  Y   Y  1.00  0.32 1.00 -  |   475.2    439.1  0.00 |  0.0  0.0 1   0   0  0  0  0
  - 1.39s  A-------    2  Y   Y  1.00  0.38 1.00 -  |   475.2    439.1  0.00 |  0.0 -1.0 0   0   0  0  0  0
  - 1.29s  A-------    2  Y   Y  1.00  0.44 1.00 -  |   475.2    439.1  0.00 |  0.0 -1.0 1   0   0  0  0  0
  - 1.18s  A-------    2  Y   Y  0.00  0.48 1.00 -  |   475.2    439.1  0.00 |  0.0 -1.0 0   0   0  0  0  0
  - 1.08s  A-------    2  Y   Y  1.00  0.54 1.00 -  |   475.2    439.1  0.00 |  0.0 -1.0 1   0   0  0  1  0
  - 0.97s  A-------    2  Y   Y  1.00  0.60 1.00 -  |   475.2    439.1  0.00 |  0.0 -1.0 0   0   0  0  1  0
  - 0.86s  -----R--    0  Y   Y  1.00  0.15 1.00 -  |   475.2    439.1  0.00 |  0.0 -1.0 1   0   0  1  1  0
  - 0.76s  -----R--    0  Y   Y  1.00  0.23 1.00 -  |   475.2    439.1  0.00 |  0.0 -1.0 0   0   0  0  1  0
  - 0.66s  -----R--    0  Y   Y  1.00  0.32 1.00 -  |   475.2    439.1  0.00 |  0.0 -1.0 1   0   0  0  1  0
  - 0.55s  -----R--    0  Y   Y  1.00  0.40 1.00 -  |   475.2    439.1  0.00 |  0.0 -1.0 0   0   0  0  1  0
  - 0.45s  --------    0  Y   Y  1.00  0.49 1.00 -  |   475.2    439.1  0.00 |  0.0 -1.0 0   0   0  0  1  0
  - 0.33s  --------    0  Y   Y  1.00  0.10 1.00 -  |   474.3    439.2  0.00 | -1.0 -1.0 0   0   0  0  1  0
  - 0.23s  --------    0  Y   Y  1.00  0.21 1.00 -  |   473.7    439.5  0.00 | -1.0 -1.0 0   0   0  0  1  0
  - 0.12s  --------    0  Y   Y  1.00  0.32 1.00 -  |   473.1    439.9  0.00 | -1.0 -1.0 0   0   0  0  1  0
  - 0.02s  --------    0  Y   Y  1.00  0.42 1.00 -  |   472.7    440.4  0.00 | -1.0 -1.0 0   0   0  0  1  0
=========================================================== END

[  3135   30.748 x1.00] LOG  [OniBoss] Recovery → Chase
[  3136   30.757 x1.00] LOG  [OniBoss] Playing animation: run
[  3159   30.950 x1.00] LOG  🐾 4-LEG JUMP #0
[  3159   30.950 x1.00] LOG  🐾 Jump 1 VFX spawned!
[  3209   31.387 x1.00] LOG  [ComboTrace] LAUNCH STEP (too far: OniBoss at 5.9m > engage 4.7m) dist=0.90m in 0.13s [AIRBORNE]
[  3209   31.387 x1.00] LOG  [Combat] Aerial spin — 25 dmg
[  3209   31.387 x1.00] LOG  [AirPosePin] engaged, holding body at 1.623m above the transform
[  3224   31.519 x1.00] LOG  [ComboTrace] LAUNCH RESULT wanted=0.90m actually moved=0.37m — completed
[  3265   31.867 x1.00] LOG  💨 Landing VFX spawned!
[  3265   31.867 x1.00] LOG  ✅ LANDED! (was jump #1)
[  3265   31.867 x1.00] LOG  [AirPosePin] released, peak correction was 0.839m
[  3293   32.103 x1.00] LOG  [ComboTrace] END step=3 clipProgress=0.90 clipLen=0.79s queued=0 elapsed=0.72s
[  3320   32.317 x1.00] LOG  🚶 2-LEG JUMP
[  3320   32.317 x1.00] LOG  🐾 Jump 1 VFX spawned!
[  3346   32.543 x1.00] LOG  [OniBoss] hold-ground: BACKSTEP 1.5m (player 3.5m)
[  3361   32.668 x1.00] LOG  [ComboTrace] LAUNCH OniBoss at 1.5m dist=1.50m in 0.15s [AIRBORNE]
[  3361   32.668 x1.00] LOG  [Combat] Aerial spin — 25 dmg
[  3361   32.668 x1.00] LOG  OniBoss took 10 damage. HP: 410/500
[  3361   32.668 x1.00] LOG  [OniBoss] Chase → HitReact
[  3361   32.668 x1.00] LOG  [OniBoss:Layer] react tier: LIGHT (10 dmg) → 'Hit_react_light'
[  3361   32.668 x1.00] LOG  [CameraGameFeel] Shake: intensity=0.50 duration=0.200s
[  3361   32.668 x1.00] LOG  [CameraGameFeel] FOV punch: hit light (+1.5°)
[  3361   32.668 x1.00] LOG  [AirPosePin] engaged, holding body at 1.799m above the transform
[  3379   32.826 x1.00] LOG  [ComboTrace] LAUNCH RESULT wanted=1.50m actually moved=0.92m — completed
[  3379   32.826 x1.00] LOG  OniBoss took 10 damage. HP: 400/500
[  3379   32.826 x1.00] LOG  [OniBoss:Layer] burst: 2 hits / 20 dmg → flinch upgraded to 'HitReact_medium'
[  3379   32.826 x1.00] LOG  [CameraGameFeel] Shake: intensity=0.18 duration=0.200s
[  3397   32.977 x1.00] LOG  OniBoss took 10 damage. HP: 390/500
[  3397   32.977 x1.00] LOG  [OniBoss] HitReact → Stagger
[  3397   32.977 x1.00] LOG  [OniBoss] Playing animation: Stagger
[  3397   32.977 x1.00] LOG  [OniBoss] STAGGERED for 2.5s
[  3397   32.977 x1.00] LOG  [OniBoss:Layer] heavy knock-back react (swirl burst, 3 hits / 30 dmg) → 'HitReact_Heavy', down for 1.80s
[  3397   32.977 x1.00] LOG  [OniBoss:Layer] burst: 3 hits / 30 dmg inside 0.8s → knock-back + 0.90m push
[  3397   32.977 x1.00] LOG  [CameraGameFeel] Shake: intensity=0.18 duration=0.200s
[  3415   33.136 x1.00] LOG  OniBoss punish window! 10 → 15 (x1.5)
[  3415   33.136 x1.00] LOG  OniBoss took 15 damage. HP: 375/500
[  3415   33.136 x1.00] LOG  [CameraGameFeel] Shake: intensity=0.18 duration=0.200s
[  3428   33.250 x1.00] LOG  💨 Landing VFX spawned!
[  3428   33.250 x1.00] LOG  ✅ LANDED! (was jump #1)
[  3428   33.250 x1.00] LOG  [AirPosePin] released, peak correction was 1.015m
[  3433   33.290 x1.00] LOG  OniBoss punish window! 10 → 15 (x1.5)
[  3433   33.290 x1.00] LOG  OniBoss took 15 damage. HP: 360/500
[  3433   33.290 x1.00] LOG  [CameraGameFeel] Shake: intensity=0.18 duration=0.200s
[  3448   33.418 x1.00] LOG  [ComboTrace] END step=3 clipProgress=0.90 clipLen=0.79s queued=0 elapsed=0.75s
[  3582   34.643 x1.00] LOG  [StormWeather] ⚡ strike at (471.04, 45.00, 449.23)
[  3598   34.786 x1.00] LOG  [OniBoss] Stagger → Chase
[  3599   34.793 x1.00] LOG  [OniBoss] Pull-band decision: RUN-IN (dist 6.2m, pullRange 0m, chance 0.50)
[  3599   34.793 x1.00] LOG  [OniBoss] Playing animation: run
[  3612   34.903 x1.00] LOG  
==================== [FREEZE-DEBUG v3] ====================
  Reason : WASD-NOMOVE: WASD recent + speed 0.00m/s for 0.40s
  Time   : 29.562s   Frame: 3612   Snaps: 60
===========================================================

--- CURRENT STATE ---
  Flags: atk=False hvy=False dod=False dsh=False
         grd=False hit=False aerial=False lockPos=False
         comboStep=3
  Anim : speed=1.00  combatLayer hash=-792875657 normT=1.469 weight=1.00 inTransition=False
  CC   : grounded=True  enabled=True  pos=(466.58, 0.11, 439.58)  vel=(0.00, 0.00, 0.00)
  Move : IsRunning=True
  Input: H=-1.00 V=0.00  LMB=False MMB=False Q=False Sp=False Sh=True C=False
         WASD pressed in last 0.5s: True (last 0.00s ago)

--- FLIGHT RECORDER (60 snapshots, oldest first, dt=0.10s) ---
  Legend: flags = A(tk) H(vy) D(od) S(sh) G(rd) R(eact) Y(aerial) L(ock)   gnd/cc: Y/n
  t-now    flags     step gnd cc anSp normT layW tr | posX     posZ     spd   | H    V    LMB MMB Q  Sp Sh C
  ------   --------  ---- --- -- ---- ----- ---- -- | -----    -----    ----  | ---- ---- --- --- -- -- -- -
  - 6.21s  A-------    2  Y   Y  1.00  0.78 1.00 T  |   475.2    439.1  10.11 |  0.0  0.0 0   0   0  0  0  0
  - 6.11s  A-------    2  Y   Y  1.00  0.08 1.00 -  |   475.2    439.1  0.00 |  1.0  0.0 1   0   0  1  0  0
  - 6.00s  A-------    2  Y   Y  1.00  0.14 1.00 -  |   475.2    439.1  0.00 |  1.0  0.0 0   0   0  0  0  0
  - 5.89s  A-------    2  Y   Y  1.00  0.20 1.00 -  |   475.2    439.1  0.00 |  1.0  0.0 1   0   0  1  0  0
  - 5.79s  A-------    2  Y   Y  1.00  0.26 1.00 -  |   475.2    439.1  0.00 |  1.0  0.0 0   0   0  0  0  0
  - 5.68s  A-------    2  Y   Y  1.00  0.32 1.00 -  |   475.2    439.1  0.00 |  0.0  0.0 1   0   0  0  0  0
  - 5.58s  A-------    2  Y   Y  1.00  0.38 1.00 -  |   475.2    439.1  0.00 |  0.0 -1.0 0   0   0  0  0  0
  - 5.48s  A-------    2  Y   Y  1.00  0.44 1.00 -  |   475.2    439.1  0.00 |  0.0 -1.0 1   0   0  0  0  0
  - 5.37s  A-------    2  Y   Y  0.00  0.48 1.00 -  |   475.2    439.1  0.00 |  0.0 -1.0 0   0   0  0  0  0
  - 5.27s  A-------    2  Y   Y  1.00  0.54 1.00 -  |   475.2    439.1  0.00 |  0.0 -1.0 1   0   0  0  1  0
  - 5.16s  A-------    2  Y   Y  1.00  0.60 1.00 -  |   475.2    439.1  0.00 |  0.0 -1.0 0   0   0  0  1  0
  - 5.05s  -----R--    0  Y   Y  1.00  0.15 1.00 -  |   475.2    439.1  0.00 |  0.0 -1.0 1   0   0  1  1  0
  - 4.95s  -----R--    0  Y   Y  1.00  0.23 1.00 -  |   475.2    439.1  0.00 |  0.0 -1.0 0   0   0  0  1  0
  - 4.84s  -----R--    0  Y   Y  1.00  0.32 1.00 -  |   475.2    439.1  0.00 |  0.0 -1.0 1   0   0  0  1  0
  - 4.74s  -----R--    0  Y   Y  1.00  0.40 1.00 -  |   475.2    439.1  0.00 |  0.0 -1.0 0   0   0  0  1  0
  - 4.64s  --------    0  Y   Y  1.00  0.49 1.00 -  |   475.2    439.1  0.00 |  0.0 -1.0 0   0   0  0  1  0
  - 4.52s  --------    0  Y   Y  1.00  0.10 1.00 -  |   474.3    439.2  0.00 | -1.0 -1.0 0   0   0  0  1  0
  - 4.42s  --------    0  Y   Y  1.00  0.21 1.00 -  |   473.7    439.5  0.00 | -1.0 -1.0 0   0   0  0  1  0
  - 4.31s  --------    0  Y   Y  1.00  0.32 1.00 -  |   473.1    439.9  0.00 | -1.0 -1.0 0   0   0  0  1  0
  - 4.21s  --------    0  Y   Y  1.00  0.42 1.00 -  |   472.7    440.4  0.00 | -1.0 -1.0 0   0   0  0  1  0
  - 4.10s  --------    0  Y   Y  1.00  0.52 1.00 -  |   472.2    440.9  0.00 | -1.0 -1.0 0   0   0  0  1  0
  - 4.00s  --------    0  Y   Y  1.00  0.63 1.00 -  |   471.7    441.4  0.00 | -1.0 -1.0 0   0   0  0  1  0
  - 3.90s  --------    0  n   Y  1.00  0.73 1.00 -  |   471.2    442.0  0.00 |  0.0  0.0 0   0   0  1  1  0
  - 3.79s  --------    0  n   Y  1.00  0.84 1.00 -  |   470.9    442.3  0.00 |  0.0  0.0 0   0   0  1  1  0
  - 3.69s  --------    0  n   Y  1.00  0.94 1.00 -  |   470.5    442.6  0.00 |  0.0  0.0 0   0   0  1  1  0
  - 3.59s  --------    0  n   Y  1.00  1.04 1.00 -  |   470.2    442.9  0.00 |  0.0  0.0 1   0   0  1  1  0
  - 3.48s  A-----Y-    3  n   Y  1.00  1.15 1.00 T  |   470.1    442.9  0.00 |  0.0  0.0 0   0   0  1  1  0
  - 3.37s  A-----Y-    3  n   Y  1.00  0.18 1.00 -  |   470.1    442.9  0.00 |  0.0  0.0 0   0   0  1  1  0
  - 3.26s  A-----Y-    3  n   Y  1.00  0.31 1.00 -  |   469.7    443.1  0.00 |  0.0  0.0 0   0   0  1  1  0
  - 3.16s  A-----Y-    3  n   Y  1.00  0.44 1.00 -  |   469.3    443.5  0.00 |  0.0  0.0 0   0   0  1  1  0
  - 3.05s  A-----Y-    3  n   Y  1.00  0.57 1.00 -  |   468.9    443.7  0.00 |  0.0  0.0 0   0   0  1  1  0
  - 2.95s  ------Y-    3  Y   Y  1.00  0.70 1.00 -  |   468.8    443.8  0.00 |  0.0  0.0 0   0   0  1  1  0
  - 2.85s  ------Y-    3  Y   Y  1.00  0.84 1.00 -  |   468.8    443.8  0.00 |  0.0  0.0 0   0   0  0  1  0
  - 2.74s  --------    3  Y   Y  1.00  0.97 1.00 T  |   468.8    443.8  0.00 |  0.0  0.0 0   0   0  0  1  0
  - 2.64s  --------    3  Y   Y  1.00  0.15 1.00 -  |   468.8    443.8  0.00 |  0.0  0.0 0   0   0  0  1  0
  - 2.53s  --------    3  n   Y  1.00  0.26 1.00 -  |   468.8    443.8  0.00 |  0.0  0.0 0   0   0  1  1  0
  - 2.43s  --------    3  n   Y  1.00  0.36 1.00 -  |   468.9    443.7  0.00 |  0.0  0.0 0   0   0  1  1  0
  - 2.32s  --------    3  n   Y  1.00  0.47 1.00 -  |   468.9    443.7  0.00 |  0.0  0.0 1   0   0  0  1  0
  - 2.22s  A-----Y-    3  n   Y  0.00  0.55 1.00 T  |   469.2    443.4  0.00 |  0.0  0.0 0   0   0  0  1  0
  - 2.11s  A-----Y-    3  n   Y  1.00  0.10 1.00 -  |   469.6    443.1  0.00 |  0.0  0.0 0   0   0  0  1  0
  - 2.00s  A-----Y-    3  n   Y  1.00  0.23 1.00 -  |   469.6    443.1  0.00 |  0.0  0.0 0   0   0  0  1  0
  - 1.90s  A-----Y-    3  n   Y  1.00  0.37 1.00 -  |   469.6    443.1  0.00 |  0.0  0.0 0   0   0  0  1  0
  - 1.79s  A-----Y-    3  n   Y  1.00  0.50 1.00 -  |   469.7    443.1  0.00 |  0.0  0.0 0   0   0  0  1  0
  - 1.69s  A-----Y-    3  n   Y  1.00  0.63 1.00 -  |   469.7    443.0  0.00 |  0.0  0.0 0   0   0  0  1  0
  - 1.58s  ------Y-    3  Y   Y  1.00  0.76 1.00 -  |   469.7    443.0  0.00 |  0.0 -1.0 0   0   0  0  1  0
  - 1.48s  ------Y-    3  Y   Y  1.00  0.89 1.00 -  |   469.2    443.0  0.00 |  0.0 -1.0 0   0   0  0  1  0
  - 1.38s  --------    3  Y   Y  1.00  1.03 1.00 T  |   468.3    443.0  0.00 |  0.0 -1.0 0   0   0  0  1  0
  - 1.27s  --------    3  Y   Y  1.00  0.20 1.00 -  |   468.1    443.1  0.00 |  0.0  0.0 0   0   0  0  0  0
  - 1.16s  --------    3  Y   Y  1.00  0.28 1.00 -  |   467.4    443.1  0.00 |  0.0  0.0 0   0   0  0  1  0
  - 1.05s  --------    3  Y   Y  1.00  0.42 1.00 -  |   466.8    443.1  0.00 |  0.0  0.0 0   0   0  0  1  0
  - 0.95s  --------    3  Y   Y  1.00  0.52 1.00 -  |   466.7    443.1  0.00 |  0.0  0.0 0   0   0  0  1  0
  - 0.85s  --------    3  Y   Y  1.00  0.62 1.00 -  |   466.6    442.9  0.00 |  1.0  0.0 0   0   0  0  1  0
  - 0.75s  --------    3  Y   Y  1.00  0.72 1.00 -  |   466.6    442.2  0.00 |  1.0  0.0 0   0   0  0  1  0
  - 0.65s  --------    3  Y   Y  1.00  0.82 1.00 -  |   466.6    441.5  0.00 |  1.0  0.0 0   0   0  0  1  0
  - 0.54s  --------    3  Y   Y  1.00  0.93 1.00 -  |   466.6    440.7  0.00 |  1.0  0.0 0   0   0  0  1  0
  - 0.43s  --------    3  Y   Y  1.00  1.04 1.00 -  |   466.6    440.0  0.00 |  1.0  0.0 0   0   0  0  1  0
  - 0.32s  --------    3  Y   Y  1.00  1.15 1.00 -  |   466.6    439.2  0.00 |  1.0  0.0 0   0   0  0  1  0
  - 0.22s  --------    3  Y   Y  1.00  1.25 1.00 -  |   466.6    438.5  0.00 | -1.0  0.0 0   0   0  0  1  0
  - 0.11s  --------    3  Y   Y  1.00  1.36 1.00 -  |   466.6    438.9  0.00 | -1.0  0.0 0   0   0  0  1  0
  - 0.01s  --------    3  Y   Y  1.00  1.46 1.00 -  |   466.6    439.6  0.00 | -1.0  0.0 0   0   0  0  1  0
=========================================================== END

[  3720   35.868 x1.00] LOG  [OniBoss] Playing animation: Idle
[  3720   35.868 x1.00] LOG  [OniBoss] Chase → Attack
[  3720   35.868 x1.00] LOG  [OniBoss] Attack: Club_Swing (16 dmg)
[  3720   35.868 x1.00] LOG  [OniBoss:Trail] Club_Swing trail START at clip 1.00 (transition done).
[  3729   35.940 x1.00] LOG  [OniBoss:Layer] step-in: 'Club_Swing' closed 0.33m, Yoru now 3.0m away (range 3.5)
[  3763   36.208 x1.00] LOG  [CameraGameFeel] Shake: intensity=0.20 duration=0.250s
[  3763   36.208 x1.00] LOG  [HitReactTrace] 4-leg LIGHT hit at 16.14 m/s (running threshold 3.00) → RUNNING reaction.
[  3763   36.208 x1.00] LOG  [Combat] Hit react: HitReact_Running_4Leg (0.5s)
[  3763   36.208 x1.00] LOG  [HitReactTrace] asked for 'HitReact_Running_4Leg' (0.50s) — blend resolved after 0 ms, now playing a clip 1.00s long at speed 1.00, layer weight 1.00, animator.speed 1.00.
[  3763   36.208 x1.00] LOG  [CameraGameFeel] Shake: intensity=0.30 duration=0.200s
[  3763   36.208 x1.00] LOG  [CameraGameFeel] FOV punch: player damage (-2.0°)
[  3763   36.208 x1.00] LOG  [OniBoss] Hit player for 16 (Club_Swing)
[  3763   36.208 x1.00] LOG  [OniBoss:Touch] Club_Swing: club TOUCHED Yoru at clip 0.41 — shaft 0.48m from her body line, tip speed 155m/s, ONE FRAME EARLY (predicted). Full club hit delivered this frame.
[  3766   36.237 x1.00] LOG  [OniBoss:ClubPos] Club_Swing at strike: club tip 3.03m up, 1.94m in front, -3.18m to his right (3.72m out from his centre). Club faces -94deg from his forward, pitch 0.41. (the ground wave is born 1.6m in front of him at 0.35m.)
[  3766   36.237 x1.00] LOG  [OniBoss:Layer] Club_Swing: club already hit — ground wave released as VISUAL only (0 damage).
[  3823   36.709 x1.00] LOG  [OniBoss] Attack → Recovery
[  3823   36.709 x1.00] LOG  [OniBoss] Playing animation: Watch
[  3823   36.709 x1.00] LOG  [OniBoss:Trail] trail END at clip 0.99, fading over 0.40s.
[  3823   36.709 x1.00] LOG  [OniBoss:Strike] Club_Swing: club tip closest to Yoru at 1.48m, clip position 0.86 | damage fires at 0.42 | clip 0.84s => damage fires 370 ms BEFORE the club is closest
[  3841   36.859 x1.00] LOG  [OniBoss] Recovery → Chase
[  3842   36.868 x1.00] LOG  [OniBoss] hold-ground: BACKSTEP 1.5m (player 2.8m)
[  3884   37.226 x1.00] LOG  [OniBoss] hold-ground: backstep done (0.57m), WATCH (player 4.4m, cooldown 1.4s)
[  3884   37.226 x1.00] LOG  [OniBoss] Playing animation: Idle
[  3894   37.309 x1.00] LOG  [OniBoss] Playing animation: run
[  4048   38.661 x1.00] LOG  [OniBoss] Pull-band decision: RUN-IN (dist 7.2m, pullRange 0m, chance 0.50)
[  4078   38.944 x1.00] LOG  
==================== [FREEZE-DEBUG v3] ====================
  Reason : WASD-NOMOVE: WASD recent + speed 0.00m/s for 0.41s
  Time   : 33.604s   Frame: 4078   Snaps: 60
===========================================================

--- CURRENT STATE ---
  Flags: atk=False hvy=False dod=False dsh=False
         grd=False hit=False aerial=False lockPos=False
         comboStep=0
  Anim : speed=1.00  combatLayer hash=-792875657 normT=2.228 weight=1.00 inTransition=False
  CC   : grounded=True  enabled=True  pos=(465.10, -0.02, 452.53)  vel=(0.00, 0.00, 0.00)
  Move : IsRunning=True
  Input: H=1.00 V=0.00  LMB=False MMB=False Q=False Sp=False Sh=True C=False
         WASD pressed in last 0.5s: True (last 0.00s ago)

--- FLIGHT RECORDER (60 snapshots, oldest first, dt=0.10s) ---
  Legend: flags = A(tk) H(vy) D(od) S(sh) G(rd) R(eact) Y(aerial) L(ock)   gnd/cc: Y/n
  t-now    flags     step gnd cc anSp normT layW tr | posX     posZ     spd   | H    V    LMB MMB Q  Sp Sh C
  ------   --------  ---- --- -- ---- ----- ---- -- | -----    -----    ----  | ---- ---- --- --- -- -- -- -
  - 6.26s  A-----Y-    3  n   Y  0.00  0.55 1.00 T  |   469.2    443.4  0.00 |  0.0  0.0 0   0   0  0  1  0
  - 6.15s  A-----Y-    3  n   Y  1.00  0.10 1.00 -  |   469.6    443.1  0.00 |  0.0  0.0 0   0   0  0  1  0
  - 6.04s  A-----Y-    3  n   Y  1.00  0.23 1.00 -  |   469.6    443.1  0.00 |  0.0  0.0 0   0   0  0  1  0
  - 5.94s  A-----Y-    3  n   Y  1.00  0.37 1.00 -  |   469.6    443.1  0.00 |  0.0  0.0 0   0   0  0  1  0
  - 5.83s  A-----Y-    3  n   Y  1.00  0.50 1.00 -  |   469.7    443.1  0.00 |  0.0  0.0 0   0   0  0  1  0
  - 5.73s  A-----Y-    3  n   Y  1.00  0.63 1.00 -  |   469.7    443.0  0.00 |  0.0  0.0 0   0   0  0  1  0
  - 5.63s  ------Y-    3  Y   Y  1.00  0.76 1.00 -  |   469.7    443.0  0.00 |  0.0 -1.0 0   0   0  0  1  0
  - 5.53s  ------Y-    3  Y   Y  1.00  0.89 1.00 -  |   469.2    443.0  0.00 |  0.0 -1.0 0   0   0  0  1  0
  - 5.42s  --------    3  Y   Y  1.00  1.03 1.00 T  |   468.3    443.0  0.00 |  0.0 -1.0 0   0   0  0  1  0
  - 5.31s  --------    3  Y   Y  1.00  0.20 1.00 -  |   468.1    443.1  0.00 |  0.0  0.0 0   0   0  0  0  0
  - 5.20s  --------    3  Y   Y  1.00  0.28 1.00 -  |   467.4    443.1  0.00 |  0.0  0.0 0   0   0  0  1  0
  - 5.09s  --------    3  Y   Y  1.00  0.42 1.00 -  |   466.8    443.1  0.00 |  0.0  0.0 0   0   0  0  1  0
  - 4.99s  --------    3  Y   Y  1.00  0.52 1.00 -  |   466.7    443.1  0.00 |  0.0  0.0 0   0   0  0  1  0
  - 4.89s  --------    3  Y   Y  1.00  0.62 1.00 -  |   466.6    442.9  0.00 |  1.0  0.0 0   0   0  0  1  0
  - 4.79s  --------    3  Y   Y  1.00  0.72 1.00 -  |   466.6    442.2  0.00 |  1.0  0.0 0   0   0  0  1  0
  - 4.69s  --------    3  Y   Y  1.00  0.82 1.00 -  |   466.6    441.5  0.00 |  1.0  0.0 0   0   0  0  1  0
  - 4.58s  --------    3  Y   Y  1.00  0.93 1.00 -  |   466.6    440.7  0.00 |  1.0  0.0 0   0   0  0  1  0
  - 4.47s  --------    3  Y   Y  1.00  1.04 1.00 -  |   466.6    440.0  0.00 |  1.0  0.0 0   0   0  0  1  0
  - 4.36s  --------    3  Y   Y  1.00  1.15 1.00 -  |   466.6    439.2  0.00 |  1.0  0.0 0   0   0  0  1  0
  - 4.26s  --------    3  Y   Y  1.00  1.25 1.00 -  |   466.6    438.5  0.00 | -1.0  0.0 0   0   0  0  1  0
  - 4.15s  --------    3  Y   Y  1.00  1.36 1.00 -  |   466.6    438.9  0.00 | -1.0  0.0 0   0   0  0  1  0
  - 4.05s  --------    3  Y   Y  1.00  1.46 1.00 -  |   466.6    439.6  0.00 | -1.0  0.0 0   0   0  0  1  0
  - 3.95s  --------    3  Y   Y  1.00  1.56 1.00 -  |   466.6    440.3  0.00 | -1.0  0.0 0   0   0  0  1  0
  - 3.84s  --------    3  Y   Y  1.00  1.67 1.00 -  |   466.6    441.0  0.00 | -1.0  0.0 0   0   0  0  1  0
  - 3.74s  --------    3  Y   Y  1.00  1.77 1.00 -  |   466.6    441.8  0.00 | -1.0  0.0 0   0   0  0  1  0
  - 3.62s  --------    3  Y   Y  1.00  1.88 1.00 -  |   466.6    442.5  0.00 | -1.0  0.0 0   0   0  0  1  0
  - 3.52s  --------    3  Y   Y  1.00  1.99 1.00 -  |   466.8    443.3  0.00 | -1.0  0.0 0   0   0  0  1  0
  - 3.41s  --------    3  Y   Y  1.00  2.10 1.00 -  |   467.0    444.0  0.00 | -1.0  0.0 0   0   0  0  1  0
  - 3.30s  --------    3  Y   Y  1.00  2.21 1.00 -  |   467.3    444.7  0.00 | -1.0  0.0 0   0   0  0  1  0
  - 3.20s  --------    3  Y   Y  1.00  2.31 1.00 -  |   467.5    445.3  0.00 |  1.0  0.0 0   0   0  0  1  0
  - 3.10s  --------    3  Y   Y  1.00  2.41 1.00 -  |   467.3    444.8  0.00 |  1.0  0.0 0   0   0  0  1  0
  - 2.99s  --------    3  Y   Y  1.00  2.52 1.00 -  |   467.1    444.1  0.00 |  1.0  0.0 0   0   0  0  1  0
  - 2.89s  --------    3  Y   Y  1.00  2.62 1.00 -  |   466.8    443.5  0.00 |  1.0  0.0 0   0   0  0  1  0
  - 2.78s  --------    3  Y   Y  1.00  2.73 1.00 -  |   466.6    442.8  0.00 |  1.0  0.0 0   0   0  0  1  0
  - 2.68s  -----R--    0  Y   Y  1.00  0.22 1.00 -  |   466.4    442.4  0.00 |  1.0  0.0 0   0   0  0  1  0
  - 2.58s  -----R--    0  Y   Y  1.00  0.38 1.00 -  |   466.4    442.4  0.00 |  1.0  0.0 0   0   0  0  1  0
  - 2.47s  -----R--    0  Y   Y  1.00  0.55 1.00 -  |   466.4    442.4  0.00 |  1.0  0.0 0   0   0  0  1  0
  - 2.37s  -----R--    0  Y   Y  1.00  0.71 1.00 -  |   466.4    442.4  0.00 |  0.0  0.0 0   0   0  0  1  0
  - 2.26s  -----R--    0  Y   Y  1.00  0.88 1.00 -  |   466.4    442.4  0.00 | -1.0  0.0 0   0   0  0  1  0
  - 2.15s  --------    0  Y   Y  1.00  1.05 1.00 T  |   466.6    443.0  0.00 | -1.0  0.0 0   0   0  0  1  0
  - 2.05s  --------    0  Y   Y  1.00  0.18 1.00 -  |   466.9    443.6  0.00 | -1.0  0.0 0   0   0  0  1  0
  - 1.95s  --------    0  Y   Y  1.00  0.28 1.00 -  |   467.1    444.3  0.00 | -1.0  0.0 0   0   0  0  1  0
  - 1.84s  --------    0  Y   Y  1.00  0.38 1.00 -  |   467.4    444.9  0.00 | -1.0  0.0 0   0   0  0  1  0
  - 1.74s  --------    0  Y   Y  1.00  0.49 1.00 -  |   467.7    445.7  0.00 | -1.0  0.0 0   0   0  0  1  0
  - 1.63s  --------    0  Y   Y  1.00  0.59 1.00 -  |   468.0    446.3  0.00 | -1.0  0.0 0   0   0  0  1  0
  - 1.53s  --------    0  Y   Y  1.00  0.70 1.00 -  |   468.3    447.0  0.00 | -1.0  0.0 0   0   0  0  1  0
  - 1.43s  --------    0  Y   Y  1.00  0.80 1.00 -  |   468.6    447.6  0.00 | -1.0  0.0 0   0   0  0  1  0
  - 1.33s  --------    0  Y   Y  1.00  0.90 1.00 -  |   469.0    448.2  0.00 | -1.0  0.0 0   0   0  0  1  0
  - 1.22s  --------    0  Y   Y  1.00  1.01 1.00 -  |   469.5    448.8  0.00 | -1.0  0.0 0   0   0  0  1  0
  - 1.12s  --------    0  Y   Y  1.00  1.11 1.00 -  |   469.9    449.4  0.00 | -1.0 -1.0 0   0   0  0  1  0
  - 1.01s  --------    0  Y   Y  1.00  1.22 1.00 -  |   470.1    450.1  0.00 |  0.0 -1.0 0   0   0  0  1  0
  - 0.91s  --------    0  Y   Y  1.00  1.32 1.00 -  |   470.0    450.8  0.00 |  0.0 -1.0 0   0   0  0  1  0
  - 0.80s  --------    0  Y   Y  1.00  1.43 1.00 -  |   469.7    451.4  0.00 |  0.0 -1.0 0   0   0  0  1  0
  - 0.70s  --------    0  Y   Y  1.00  1.53 1.00 -  |   469.1    452.0  0.00 |  0.0 -1.0 0   0   0  0  1  0
  - 0.59s  --------    0  Y   Y  1.00  1.63 1.00 -  |   468.6    452.5  0.00 |  0.0 -1.0 0   0   0  0  1  0
  - 0.48s  --------    0  Y   Y  1.00  1.74 1.00 -  |   468.1    453.0  0.00 |  1.0 -1.0 0   0   0  0  1  0
  - 0.38s  --------    0  Y   Y  1.00  1.84 1.00 -  |   467.5    453.3  0.00 |  1.0 -1.0 0   0   0  0  1  0
  - 0.28s  --------    0  Y   Y  1.00  1.95 1.00 -  |   466.8    453.4  0.00 |  1.0  0.0 0   0   0  0  1  0
  - 0.18s  --------    0  Y   Y  1.00  2.05 1.00 -  |   466.0    453.2  0.00 |  1.0  0.0 0   0   0  0  1  0
  - 0.07s  --------    0  Y   Y  1.00  2.15 1.00 -  |   465.4    452.8  0.00 |  1.0  0.0 0   0   0  0  1  0
=========================================================== END

[  4413   41.960 x1.00] LOG  🐾 4-LEG JUMP #0
[  4413   41.960 x1.00] LOG  🐾 Jump 1 VFX spawned!
[  4463   42.419 x1.00] LOG  [ComboTrace] LAUNCH STEP (no enemy) dist=0.90m in 0.13s [AIRBORNE]
[  4463   42.419 x1.00] LOG  [Combat] Aerial spin — 25 dmg
[  4463   42.419 x1.00] LOG  [AirPosePin] engaged, holding body at 1.770m above the transform
[  4476   42.549 x1.00] LOG  💨 Landing VFX spawned!
[  4476   42.549 x1.00] LOG  ✅ LANDED! (was jump #1)
[  4477   42.560 x1.00] LOG  [ComboTrace] LAUNCH RESULT wanted=0.90m actually moved=0.43m — completed
[  4478   42.569 x1.00] LOG  [AirPosePin] released, peak correction was 1.020m
[  4512   42.888 x1.00] LOG  🐾 4-LEG JUMP #0
[  4512   42.888 x1.00] LOG  🐾 Jump 1 VFX spawned!
[  4514   42.910 x1.00] LOG  [AirPosePin] engaged, holding body at 0.784m above the transform
[  4518   42.945 x1.00] LOG  
==================== [FREEZE-DEBUG v3] ====================
  Reason : WASD-NOMOVE: WASD recent + speed 0.00m/s for 0.41s
  Time   : 37.604s   Frame: 4518   Snaps: 60
===========================================================

--- CURRENT STATE ---
  Flags: atk=True hvy=False dod=False dsh=False
         grd=False hit=False aerial=True lockPos=False
         comboStep=3
  Anim : speed=1.00  combatLayer hash=-985085662 normT=0.655 weight=1.00 inTransition=False
  CC   : grounded=False  enabled=True  pos=(454.71, 2.31, 466.84)  vel=(0.00, 6.85, 0.00)
  Move : IsRunning=False
  Input: H=0.00 V=0.00  LMB=False MMB=False Q=False Sp=True Sh=True C=False
         WASD pressed in last 0.5s: True (last 0.03s ago)

--- FLIGHT RECORDER (60 snapshots, oldest first, dt=0.10s) ---
  Legend: flags = A(tk) H(vy) D(od) S(sh) G(rd) R(eact) Y(aerial) L(ock)   gnd/cc: Y/n
  t-now    flags     step gnd cc anSp normT layW tr | posX     posZ     spd   | H    V    LMB MMB Q  Sp Sh C
  ------   --------  ---- --- -- ---- ----- ---- -- | -----    -----    ----  | ---- ---- --- --- -- -- -- -
  - 6.26s  -----R--    0  Y   Y  1.00  0.88 1.00 -  |   466.4    442.4  0.00 | -1.0  0.0 0   0   0  0  1  0
  - 6.15s  --------    0  Y   Y  1.00  1.05 1.00 T  |   466.6    443.0  0.00 | -1.0  0.0 0   0   0  0  1  0
  - 6.05s  --------    0  Y   Y  1.00  0.18 1.00 -  |   466.9    443.6  0.00 | -1.0  0.0 0   0   0  0  1  0
  - 5.95s  --------    0  Y   Y  1.00  0.28 1.00 -  |   467.1    444.3  0.00 | -1.0  0.0 0   0   0  0  1  0
  - 5.84s  --------    0  Y   Y  1.00  0.38 1.00 -  |   467.4    444.9  0.00 | -1.0  0.0 0   0   0  0  1  0
  - 5.74s  --------    0  Y   Y  1.00  0.49 1.00 -  |   467.7    445.7  0.00 | -1.0  0.0 0   0   0  0  1  0
  - 5.64s  --------    0  Y   Y  1.00  0.59 1.00 -  |   468.0    446.3  0.00 | -1.0  0.0 0   0   0  0  1  0
  - 5.53s  --------    0  Y   Y  1.00  0.70 1.00 -  |   468.3    447.0  0.00 | -1.0  0.0 0   0   0  0  1  0
  - 5.43s  --------    0  Y   Y  1.00  0.80 1.00 -  |   468.6    447.6  0.00 | -1.0  0.0 0   0   0  0  1  0
  - 5.33s  --------    0  Y   Y  1.00  0.90 1.00 -  |   469.0    448.2  0.00 | -1.0  0.0 0   0   0  0  1  0
  - 5.22s  --------    0  Y   Y  1.00  1.01 1.00 -  |   469.5    448.8  0.00 | -1.0  0.0 0   0   0  0  1  0
  - 5.12s  --------    0  Y   Y  1.00  1.11 1.00 -  |   469.9    449.4  0.00 | -1.0 -1.0 0   0   0  0  1  0
  - 5.01s  --------    0  Y   Y  1.00  1.22 1.00 -  |   470.1    450.1  0.00 |  0.0 -1.0 0   0   0  0  1  0
  - 4.91s  --------    0  Y   Y  1.00  1.32 1.00 -  |   470.0    450.8  0.00 |  0.0 -1.0 0   0   0  0  1  0
  - 4.80s  --------    0  Y   Y  1.00  1.43 1.00 -  |   469.7    451.4  0.00 |  0.0 -1.0 0   0   0  0  1  0
  - 4.70s  --------    0  Y   Y  1.00  1.53 1.00 -  |   469.1    452.0  0.00 |  0.0 -1.0 0   0   0  0  1  0
  - 4.59s  --------    0  Y   Y  1.00  1.63 1.00 -  |   468.6    452.5  0.00 |  0.0 -1.0 0   0   0  0  1  0
  - 4.49s  --------    0  Y   Y  1.00  1.74 1.00 -  |   468.1    453.0  0.00 |  1.0 -1.0 0   0   0  0  1  0
  - 4.38s  --------    0  Y   Y  1.00  1.84 1.00 -  |   467.5    453.3  0.00 |  1.0 -1.0 0   0   0  0  1  0
  - 4.28s  --------    0  Y   Y  1.00  1.95 1.00 -  |   466.8    453.4  0.00 |  1.0  0.0 0   0   0  0  1  0
  - 4.18s  --------    0  Y   Y  1.00  2.05 1.00 -  |   466.0    453.2  0.00 |  1.0  0.0 0   0   0  0  1  0
  - 4.08s  --------    0  Y   Y  1.00  2.15 1.00 -  |   465.4    452.8  0.00 |  1.0  0.0 0   0   0  0  1  0
  - 3.97s  --------    0  Y   Y  1.00  2.26 1.00 -  |   464.9    452.3  0.00 |  1.0  0.0 0   0   0  0  1  0
  - 3.86s  --------    0  Y   Y  1.00  2.37 1.00 -  |   464.5    451.8  0.00 |  1.0  0.0 0   0   0  0  1  0
  - 3.76s  --------    0  Y   Y  1.00  2.47 1.00 -  |   463.9    451.2  0.00 |  1.0 -1.0 0   0   0  0  1  0
  - 3.65s  --------    0  Y   Y  1.00  2.58 1.00 -  |   463.3    450.8  0.00 |  0.0 -1.0 0   0   0  0  1  0
  - 3.55s  --------    0  Y   Y  1.00  2.68 1.00 -  |   462.6    450.8  0.00 |  0.0 -1.0 0   0   0  0  1  0
  - 3.44s  --------    0  Y   Y  1.00  2.79 1.00 -  |   461.8    451.0  0.00 |  0.0 -1.0 0   0   0  0  1  0
  - 3.34s  --------    0  Y   Y  1.00  2.89 1.00 -  |   461.2    451.4  0.00 |  0.0 -1.0 0   0   0  0  1  0
  - 3.24s  --------    0  Y   Y  1.00  2.99 1.00 -  |   460.7    451.9  0.00 |  0.0 -1.0 0   0   0  0  1  0
  - 3.13s  --------    0  Y   Y  1.00  3.10 1.00 -  |   460.1    452.3  0.00 |  0.0 -1.0 0   0   0  0  1  0
  - 3.03s  --------    0  Y   Y  1.00  3.20 1.00 -  |   459.6    452.7  0.00 |  0.0 -1.0 0   0   0  0  1  0
  - 2.93s  --------    0  Y   Y  1.00  3.30 1.00 -  |   459.0    453.2  0.00 |  0.0 -1.0 0   0   0  0  1  0
  - 2.82s  --------    0  Y   Y  1.00  3.41 1.00 -  |   458.4    453.7  0.00 |  0.0 -1.0 0   0   0  0  1  0
  - 2.72s  --------    0  Y   Y  1.00  3.51 1.00 -  |   457.8    454.1  0.00 |  0.0 -1.0 0   0   0  0  1  0
  - 2.61s  --------    0  Y   Y  1.00  3.62 1.00 -  |   457.2    454.5  0.00 |  0.0 -1.0 0   0   0  0  1  0
  - 2.51s  --------    0  Y   Y  1.00  3.72 1.00 -  |   456.7    455.0  0.00 |  0.0 -1.0 0   0   0  0  1  0
  - 2.40s  --------    0  Y   Y  1.00  3.83 1.00 -  |   456.0    455.5  0.00 |  0.0 -1.0 0   0   0  0  1  0
  - 2.30s  --------    0  Y   Y  1.00  3.93 1.00 -  |   455.5    455.9  0.00 |  0.0 -1.0 0   0   0  0  1  0
  - 2.20s  --------    0  Y   Y  1.00  4.03 1.00 -  |   454.9    456.3  0.00 |  0.0 -1.0 0   0   0  0  1  0
  - 2.09s  --------    0  Y   Y  1.00  4.14 1.00 -  |   454.4    456.8  0.00 | -1.0 -1.0 0   0   0  0  1  0
  - 1.99s  --------    0  Y   Y  1.00  4.24 1.00 -  |   454.1    457.4  0.00 | -1.0 -1.0 0   0   0  0  1  0
  - 1.89s  --------    0  Y   Y  1.00  4.34 1.00 -  |   453.8    458.1  0.00 | -1.0 -1.0 0   0   0  0  1  0
  - 1.78s  --------    0  Y   Y  1.00  4.44 1.00 -  |   453.7    458.8  0.00 | -1.0 -1.0 0   0   0  0  1  0
  - 1.68s  --------    0  Y   Y  1.00  4.55 1.00 -  |   453.6    459.6  0.00 | -1.0 -1.0 0   0   0  0  1  0
  - 1.57s  --------    0  Y   Y  1.00  4.66 1.00 -  |   453.6    460.3  0.00 | -1.0 -1.0 0   0   0  0  1  0
  - 1.45s  --------    0  Y   Y  1.00  4.77 1.00 -  |   453.5    461.1  0.00 | -1.0 -1.0 0   0   0  0  1  0
  - 1.34s  --------    0  Y   Y  1.00  4.88 1.00 -  |   453.4    461.8  0.00 | -1.0 -1.0 0   0   0  0  1  0
  - 1.24s  --------    0  Y   Y  1.00  4.99 1.00 -  |   453.4    462.7  0.00 | -1.0 -1.0 0   0   0  0  1  0
  - 1.14s  --------    0  Y   Y  1.00  5.09 1.00 -  |   453.4    463.4  0.00 | -1.0 -1.0 0   0   0  0  1  0
  - 1.03s  --------    0  Y   Y  1.00  5.19 1.00 -  |   453.4    464.1  0.00 | -1.0 -1.0 0   0   0  0  1  0
  - 0.93s  --------    0  n   Y  1.00  5.30 1.00 -  |   453.5    464.7  0.00 | -1.0 -1.0 0   0   0  1  1  0
  - 0.82s  --------    0  n   Y  1.00  5.41 1.00 -  |   453.5    465.2  0.00 | -1.0 -1.0 0   0   0  1  1  0
  - 0.71s  --------    0  n   Y  1.00  5.52 1.00 -  |   453.5    465.6  0.00 | -1.0 -1.0 0   0   0  0  1  0
  - 0.61s  --------    0  n   Y  1.00  5.62 1.00 -  |   453.5    466.1  0.00 | -1.0 -1.0 1   0   0  0  1  0
  - 0.51s  A-----Y-    3  n   Y  1.00  5.72 1.00 T  |   453.7    466.5  3.50 | -1.0 -1.0 0   0   0  0  1  0
  - 0.40s  ------Y-    3  Y   Y  1.00  0.15 1.00 -  |   454.0    466.6  0.00 |  0.0 -1.0 0   0   0  0  1  0
  - 0.29s  ------Y-    3  Y   Y  1.00  0.29 1.00 -  |   454.2    466.6  0.00 |  0.0 -1.0 0   0   0  0  1  0
  - 0.18s  ------Y-    3  Y   Y  1.00  0.43 1.00 -  |   454.4    466.6  0.00 | -1.0 -1.0 0   0   0  0  1  0
  - 0.08s  ------Y-    3  Y   Y  1.00  0.56 1.00 -  |   454.6    466.7  0.00 | -1.0  0.0 0   0   0  0  1  0
=========================================================== END

[  4538   43.137 x1.00] LOG  [ComboTrace] END step=3 clipProgress=0.91 clipLen=0.79s queued=0 elapsed=0.72s
[  4539   43.145 x1.00] LOG  [AirPosePin] released, peak correction was 0.101m
[  4568   43.409 x1.00] LOG  💨 Landing VFX spawned!
[  4568   43.409 x1.00] LOG  ✅ LANDED! (was jump #1)
[  4671   44.420 x1.00] LOG  💨 Landing VFX spawned!
[  4671   44.420 x1.00] LOG  ✅ LANDED! (was jump #0)
[  4699   44.720 x1.00] LOG  💨 Landing VFX spawned!
[  4699   44.720 x1.00] LOG  ✅ LANDED! (was jump #0)
[  4704   44.770 x1.00] LOG  🐾 4-LEG JUMP #0
[  4704   44.770 x1.00] LOG  🐾 Jump 1 VFX spawned!
[  4753   45.220 x1.00] LOG  🐾 4-LEG JUMP #1
[  4753   45.220 x1.00] LOG  🐾 Jump 2 VFX spawned!
[  4790   45.562 x1.00] LOG  🐾 4-LEG JUMP #2
[  4790   45.562 x1.00] LOG  🐾 Jump 3 VFX spawned!
[  4790   45.562 x1.00] LOG  🚫 Max jumps reached!
[  4892   46.449 x1.00] LOG  [OniBoss] Playing animation: Idle
[  4892   46.449 x1.00] LOG  [OniBoss] Combo started: ClubSwing1 → ClubSwing2 → ClubSlam (3 steps remaining)
[  4892   46.449 x1.00] LOG  [OniBoss] Chase → Attack
[  4892   46.449 x1.00] LOG  [OniBoss] Attack: Club_Swing (16 dmg)
[  4892   46.449 x1.00] LOG  [OniBoss:Trail] Club_Swing trail START at clip 1.00 (transition done).
[  4904   46.550 x1.00] LOG  [OniBoss:Layer] step-in: 'Club_Swing' closed 0.03m, Yoru now 3.0m away (range 3.5)
[  4908   46.583 x1.00] LOG  [OniBoss:Layer] step-in: 'Club_Swing' closed 0.11m, Yoru now 3.0m away (range 3.5)
[  4910   46.599 x1.00] LOG  [OniBoss:Layer] step-in: 'Club_Swing' closed 0.20m, Yoru now 3.0m away (range 3.5)
[  4912   46.618 x1.00] LOG  [OniBoss:Layer] step-in: 'Club_Swing' closed 0.28m, Yoru now 3.0m away (range 3.5)
[  4915   46.641 x1.00] LOG  [OniBoss:Layer] step-in: 'Club_Swing' closed 0.36m, Yoru now 3.0m away (range 3.5)
[  4916   46.651 x1.00] LOG  💨 Landing VFX spawned!
[  4916   46.651 x1.00] LOG  ✅ LANDED! (was jump #3)
[  4917   46.660 x1.00] LOG  [OniBoss:Layer] step-in: 'Club_Swing' closed 0.45m, Yoru now 3.0m away (range 3.5)
[  4936   46.818 x1.00] LOG  [OniBoss:ClubPos] Club_Swing at strike: club tip 3.03m up, 1.94m in front, -3.18m to his right (3.73m out from his centre). Club faces -94deg from his forward, pitch 0.41. (the ground wave is born 1.6m in front of him at 0.35m.)
[  4936   46.818 x1.00] LOG  [OniBoss:Layer] Club_Swing: club has not connected — ground wave released ARMED, 1.6m in front, 12m/s x 6.0m = 0.50s, carrying 8 (half of the club's 16).
[  4956   46.982 x1.00] LOG  [HitReactTrace] 4-leg LIGHT hit at 0.00 m/s (running threshold 3.00) → standing reaction.
[  4956   46.982 x1.00] LOG  [Combat] Hit react: HitReact_Light_4Leg (0.5s)
[  4956   46.982 x1.00] LOG  [HitReactTrace] asked for 'HitReact_Light_4Leg' (0.50s) — blend resolved after 0 ms, now playing a clip 1.00s long at speed 1.00, layer weight 1.00, animator.speed 1.00.
[  4956   46.982 x1.00] LOG  [CameraGameFeel] Shake: intensity=0.30 duration=0.200s
[  4956   46.982 x1.00] LOG  [CameraGameFeel] FOV punch: player damage (-2.0°)
[  4956   46.982 x1.00] LOG  [OniBoss:Wave] wave TOUCHED Yoru (grounded) for 8 after 2.0m / 0.16s of travel.
[  4965   47.061 x1.00] LOG  
==================== [FREEZE-DEBUG v3] ====================
  Reason : WASD-NOMOVE: WASD recent + speed 0.00m/s for 0.40s
  Time   : 41.720s   Frame: 4965   Snaps: 60
===========================================================

--- CURRENT STATE ---
  Flags: atk=False hvy=False dod=False dsh=False
         grd=False hit=True aerial=False lockPos=False
         comboStep=0
  Anim : speed=1.00  combatLayer hash=-281062480 normT=0.086 weight=1.00 inTransition=False
  CC   : grounded=True  enabled=True  pos=(468.58, -0.02, 460.11)  vel=(0.00, 0.00, 0.00)
  Move : IsRunning=True
  Input: H=-1.00 V=-1.00  LMB=False MMB=False Q=False Sp=False Sh=True C=False
         WASD pressed in last 0.5s: True (last 0.00s ago)

--- FLIGHT RECORDER (60 snapshots, oldest first, dt=0.10s) ---
  Legend: flags = A(tk) H(vy) D(od) S(sh) G(rd) R(eact) Y(aerial) L(ock)   gnd/cc: Y/n
  t-now    flags     step gnd cc anSp normT layW tr | posX     posZ     spd   | H    V    LMB MMB Q  Sp Sh C
  ------   --------  ---- --- -- ---- ----- ---- -- | -----    -----    ----  | ---- ---- --- --- -- -- -- -
  - 6.31s  --------    0  Y   Y  1.00  4.03 1.00 -  |   454.9    456.3  0.00 |  0.0 -1.0 0   0   0  0  1  0
  - 6.21s  --------    0  Y   Y  1.00  4.14 1.00 -  |   454.4    456.8  0.00 | -1.0 -1.0 0   0   0  0  1  0
  - 6.10s  --------    0  Y   Y  1.00  4.24 1.00 -  |   454.1    457.4  0.00 | -1.0 -1.0 0   0   0  0  1  0
  - 6.00s  --------    0  Y   Y  1.00  4.34 1.00 -  |   453.8    458.1  0.00 | -1.0 -1.0 0   0   0  0  1  0
  - 5.90s  --------    0  Y   Y  1.00  4.44 1.00 -  |   453.7    458.8  0.00 | -1.0 -1.0 0   0   0  0  1  0
  - 5.79s  --------    0  Y   Y  1.00  4.55 1.00 -  |   453.6    459.6  0.00 | -1.0 -1.0 0   0   0  0  1  0
  - 5.68s  --------    0  Y   Y  1.00  4.66 1.00 -  |   453.6    460.3  0.00 | -1.0 -1.0 0   0   0  0  1  0
  - 5.57s  --------    0  Y   Y  1.00  4.77 1.00 -  |   453.5    461.1  0.00 | -1.0 -1.0 0   0   0  0  1  0
  - 5.46s  --------    0  Y   Y  1.00  4.88 1.00 -  |   453.4    461.8  0.00 | -1.0 -1.0 0   0   0  0  1  0
  - 5.35s  --------    0  Y   Y  1.00  4.99 1.00 -  |   453.4    462.7  0.00 | -1.0 -1.0 0   0   0  0  1  0
  - 5.25s  --------    0  Y   Y  1.00  5.09 1.00 -  |   453.4    463.4  0.00 | -1.0 -1.0 0   0   0  0  1  0
  - 5.15s  --------    0  Y   Y  1.00  5.19 1.00 -  |   453.4    464.1  0.00 | -1.0 -1.0 0   0   0  0  1  0
  - 5.04s  --------    0  n   Y  1.00  5.30 1.00 -  |   453.5    464.7  0.00 | -1.0 -1.0 0   0   0  1  1  0
  - 4.93s  --------    0  n   Y  1.00  5.41 1.00 -  |   453.5    465.2  0.00 | -1.0 -1.0 0   0   0  1  1  0
  - 4.82s  --------    0  n   Y  1.00  5.52 1.00 -  |   453.5    465.6  0.00 | -1.0 -1.0 0   0   0  0  1  0
  - 4.72s  --------    0  n   Y  1.00  5.62 1.00 -  |   453.5    466.1  0.00 | -1.0 -1.0 1   0   0  0  1  0
  - 4.62s  A-----Y-    3  n   Y  1.00  5.72 1.00 T  |   453.7    466.5  3.50 | -1.0 -1.0 0   0   0  0  1  0
  - 4.51s  ------Y-    3  Y   Y  1.00  0.15 1.00 -  |   454.0    466.6  0.00 |  0.0 -1.0 0   0   0  0  1  0
  - 4.40s  ------Y-    3  Y   Y  1.00  0.29 1.00 -  |   454.2    466.6  0.00 |  0.0 -1.0 0   0   0  0  1  0
  - 4.29s  ------Y-    3  Y   Y  1.00  0.43 1.00 -  |   454.4    466.6  0.00 | -1.0 -1.0 0   0   0  0  1  0
  - 4.19s  ------Y-    3  Y   Y  1.00  0.56 1.00 -  |   454.6    466.7  0.00 | -1.0  0.0 0   0   0  0  1  0
  - 4.08s  A-----Y-    3  n   Y  1.00  0.69 1.00 -  |   454.7    466.9  0.00 |  0.0  0.0 0   0   0  1  1  0
  - 3.97s  A-----Y-    3  n   Y  1.00  0.83 1.00 -  |   454.8    467.3  0.00 | -1.0  0.0 0   0   0  1  1  0
  - 3.87s  --------    3  n   Y  1.00  0.96 1.00 T  |   454.9    467.5  0.00 | -1.0  0.0 0   0   0  0  1  0
  - 3.77s  --------    3  n   Y  1.00  0.14 1.00 -  |   455.2    467.8  0.00 | -1.0  0.0 0   0   0  0  1  0
  - 3.66s  --------    3  n   Y  1.00  0.24 1.00 -  |   455.5    467.9  0.00 | -1.0  0.0 0   0   0  0  1  0
  - 3.56s  --------    3  Y   Y  1.00  0.35 1.00 -  |   456.1    468.0  0.00 |  0.0  0.0 0   0   0  0  1  0
  - 3.45s  --------    3  Y   Y  1.00  0.46 1.00 -  |   456.8    468.2  0.00 |  0.0  0.0 0   0   0  0  1  0
  - 3.34s  --------    3  Y   Y  1.00  0.57 1.00 -  |   457.4    468.4  0.00 |  0.0  0.0 0   0   0  0  1  0
  - 3.23s  --------    3  Y   Y  1.00  0.67 1.00 -  |   458.2    468.5  0.00 |  0.0  0.0 0   0   0  0  1  0
  - 3.13s  --------    3  Y   Y  1.00  0.77 1.00 -  |   458.9    468.7  0.00 |  0.0  0.0 0   0   0  0  1  0
  - 3.02s  --------    3  Y   Y  1.00  0.88 1.00 -  |   459.6    468.9  0.00 |  0.0  0.0 0   0   0  0  1  0
  - 2.92s  --------    3  n   Y  1.00  0.99 1.00 -  |   460.4    469.0  0.00 | -1.0  1.0 0   0   0  0  1  0
  - 2.81s  --------    3  n   Y  1.00  1.10 1.00 -  |   460.8    469.1  0.00 | -1.0  1.0 0   0   0  0  1  0
  - 2.70s  --------    3  n   Y  1.00  1.20 1.00 -  |   461.1    469.0  0.00 |  0.0  1.0 0   0   0  0  1  0
  - 2.60s  --------    3  n   Y  1.00  1.31 1.00 -  |   461.4    468.8  0.00 |  0.0  1.0 0   0   0  0  1  0
  - 2.50s  --------    3  n   Y  1.00  1.40 1.00 -  |   461.7    468.7  0.00 |  0.0  0.0 0   0   0  1  1  0
  - 2.39s  --------    3  n   Y  1.00  1.52 1.00 -  |   461.8    468.4  0.00 |  0.0  0.0 0   0   0  1  1  0
  - 2.29s  --------    3  n   Y  1.00  1.62 1.00 -  |   462.0    468.1  0.00 |  0.0  0.0 0   0   0  1  1  0
  - 2.18s  --------    3  n   Y  1.00  1.72 1.00 -  |   462.4    467.8  0.00 |  0.0  0.0 0   0   0  1  1  0
  - 2.08s  --------    3  n   Y  1.00  1.82 1.00 -  |   462.7    467.5  0.00 |  0.0  0.0 0   0   0  0  1  0
  - 1.98s  --------    3  n   Y  1.00  1.93 1.00 -  |   463.2    467.2  0.00 |  0.0  0.0 0   0   0  0  1  0
  - 1.87s  --------    3  n   Y  1.00  2.03 1.00 -  |   463.5    466.9  0.00 |  0.0  0.0 0   0   0  0  1  0
  - 1.77s  --------    3  n   Y  1.00  2.14 1.00 -  |   463.8    466.6  0.00 |  0.0  0.0 0   0   0  1  1  0
  - 1.66s  --------    3  n   Y  1.00  2.25 1.00 -  |   464.1    466.2  0.00 |  0.0  0.0 0   0   0  0  1  0
  - 1.55s  --------    3  n   Y  1.00  2.36 1.00 -  |   464.4    465.7  0.00 |  0.0  0.0 0   0   0  0  1  0
  - 1.45s  --------    3  n   Y  1.00  2.46 1.00 -  |   464.5    465.3  0.00 |  0.0  0.0 0   0   0  1  1  0
  - 1.34s  --------    3  n   Y  1.00  2.56 1.00 -  |   464.6    464.9  0.00 |  0.0  0.0 0   0   0  0  1  0
  - 1.24s  --------    3  n   Y  1.00  2.67 1.00 -  |   464.8    464.4  0.00 |  0.0  0.0 0   0   0  0  1  0
  - 1.14s  --------    3  n   Y  1.00  2.77 1.00 -  |   464.9    464.0  0.00 |  0.0  0.0 0   0   0  0  1  0
  - 1.04s  --------    3  n   Y  1.00  2.87 1.00 -  |   465.0    463.6  0.00 |  0.0  0.0 0   0   0  0  1  0
  - 0.93s  --------    3  n   Y  1.00  2.97 1.00 -  |   465.1    463.1  0.00 |  0.0  0.0 0   0   0  0  1  0
  - 0.83s  --------    3  n   Y  1.00  3.08 1.00 -  |   465.3    462.6  0.00 |  0.0  0.0 0   0   0  0  1  0
  - 0.73s  --------    3  n   Y  1.00  3.18 1.00 -  |   465.4    462.2  0.00 | -1.0 -1.0 0   0   0  0  1  0
  - 0.62s  --------    3  n   Y  1.00  3.28 1.00 -  |   465.7    461.9  0.00 | -1.0 -1.0 0   0   0  0  1  0
  - 0.52s  --------    3  n   Y  1.00  3.39 1.00 -  |   466.0    461.6  0.00 |  0.0 -1.0 0   0   0  0  1  0
  - 0.41s  --------    3  Y   Y  1.00  3.50 1.00 -  |   466.5    461.3  0.00 |  0.0 -1.0 0   0   0  0  1  0
  - 0.30s  --------    3  Y   Y  1.00  3.60 1.00 -  |   467.1    460.9  0.00 | -1.0 -1.0 0   0   0  0  1  0
  - 0.20s  --------    3  Y   Y  1.00  3.71 1.00 -  |   467.7    460.6  0.00 | -1.0 -1.0 0   0   0  0  1  0
  - 0.09s  --------    3  Y   Y  1.00  3.81 1.00 -  |   468.5    460.2  0.00 | -1.0 -1.0 0   0   0  0  1  0
=========================================================== END

[  4994   47.290 x1.00] LOG  [OniBoss] Attack → Recovery
[  4994   47.290 x1.00] LOG  [OniBoss] Playing animation: Watch
[  4994   47.290 x1.00] LOG  [OniBoss:Trail] trail END at clip 0.99, fading over 0.40s.
[  4994   47.290 x1.00] LOG  [OniBoss:Strike] Club_Swing: club tip closest to Yoru at 2.89m, clip position 0.41 | damage fires at 0.42 | clip 0.84s => MATCHED (within one or two frames)
[  5012   47.440 x1.00] LOG  [OniBoss] Recovery → Attack
[  5012   47.440 x1.00] LOG  [OniBoss] Attack: ClubSwing2 (16 dmg)
[  5012   47.440 x1.00] LOG  [OniBoss:Trail] ClubSwing2 trail START at clip 1.00 (transition still blending).
[  5058   47.825 x1.00] LOG  [OniBoss:ClubPos] ClubSwing2 at strike: club tip 0.13m up, 1.72m in front, 2.52m to his right (3.05m out from his centre). Club faces 10deg from his forward, pitch -0.88. (the ground wave is born 1.6m in front of him at 0.35m.)
[  5058   47.825 x1.00] LOG  [OniBoss:Layer] ClubSwing2: club has not connected — ground wave released ARMED, 1.6m in front, 12m/s x 6.0m = 0.50s, carrying 10 (half of the club's 20).
[  5123   48.332 x1.00] LOG  [OniBoss:Wave] armed wave expired UNTOUCHED — closest 2.11m to Yoru (hit width 1.60), she was grounded at the closest moment.
[  5156   48.609 x1.00] LOG  [OniBoss] Attack → Recovery
[  5156   48.609 x1.00] LOG  [OniBoss] Playing animation: Watch
[  5156   48.609 x1.00] LOG  [OniBoss:Trail] trail END at clip 0.99, fading over 0.40s.
[  5156   48.609 x1.00] LOG  [OniBoss:Touch] ClubSwing2: no touch this swing — closest 1.79m at clip 0.29, fastest tip 110m/s (radius 0.70, min speed 50).
[  5156   48.609 x1.00] LOG  [OniBoss:Strike] ClubSwing2: club tip closest to Yoru at 1.79m, clip position 0.29 | damage fires at 0.32 | clip 1.17s => damage fires 32 ms AFTER the club is closest — it lands once the club has passed her
[  5168   48.711 x1.00] LOG  [StormWeather] ⚡ strike at (488.64, 45.00, 451.18)
[  5174   48.760 x1.00] LOG  [OniBoss] Recovery → Attack
[  5174   48.760 x1.00] LOG  [OniBoss] Attack: ClubSlam (20 dmg)
[  5174   48.760 x1.00] LOG  [OniBoss:Trail] ClubSlam trail START at clip 1.00 (transition still blending).
[  5265   49.560 x1.00] LOG  [OniBoss:ClubPos] ClubSlam at strike: club tip 0.57m up, 2.90m in front, -0.19m to his right (2.91m out from his centre). Club faces 6deg from his forward, pitch -0.25. (the ground wave is born 1.6m in front of him at 0.35m.)
[  5265   49.560 x1.00] LOG  [OniBoss:Layer] ClubSlam: club has not connected — ground wave released ARMED, 1.6m in front, 12m/s x 12.0m = 1.00s, COMBO FINISHER: FULL 30 damage, x2.0 size, x2.0 travel.
[  5279   49.686 x1.00] LOG  [OniBoss] Attack → Recovery
[  5279   49.686 x1.00] LOG  [OniBoss] Playing animation: Watch
[  5279   49.686 x1.00] LOG  [OniBoss:Trail] trail END at clip 0.99, fading over 0.40s.
[  5279   49.686 x1.00] LOG  [OniBoss:Touch] ClubSlam: no touch this swing — closest 6.94m at clip 0.46, fastest tip 146m/s (radius 0.70, min speed 50).
[  5279   49.686 x1.00] LOG  [OniBoss:Strike] ClubSlam: club tip closest to Yoru at 7.11m, clip position 0.46 | damage fires at 0.85 | clip 0.93s => damage fires 364 ms AFTER the club is closest — it lands once the club has passed her
[  5298   49.841 x1.00] LOG  [OniBoss] Recovery → Chase
[  5299   49.852 x1.00] LOG  [OniBoss] Playing animation: run
[  5378   50.569 x1.00] LOG  [OniBoss:Wave] armed wave expired UNTOUCHED — closest 10.46m to Yoru (hit width 3.20), she was grounded at the closest moment.
[  5432   51.102 x1.00] LOG  
==================== [FREEZE-DEBUG v3] ====================
  Reason : WASD-NOMOVE: WASD recent + speed 0.00m/s for 0.40s
  Time   : 45.761s   Frame: 5432   Snaps: 60
===========================================================

--- CURRENT STATE ---
  Flags: atk=False hvy=False dod=False dsh=False
         grd=False hit=False aerial=False lockPos=False
         comboStep=0
  Anim : speed=1.00  combatLayer hash=-792875657 normT=3.607 weight=1.00 inTransition=False
  CC   : grounded=True  enabled=True  pos=(461.47, -0.02, 446.37)  vel=(0.00, 0.00, 0.00)
  Move : IsRunning=True
  Input: H=1.00 V=0.00  LMB=False MMB=False Q=False Sp=False Sh=True C=False
         WASD pressed in last 0.5s: True (last 0.00s ago)

--- FLIGHT RECORDER (60 snapshots, oldest first, dt=0.10s) ---
  Legend: flags = A(tk) H(vy) D(od) S(sh) G(rd) R(eact) Y(aerial) L(ock)   gnd/cc: Y/n
  t-now    flags     step gnd cc anSp normT layW tr | posX     posZ     spd   | H    V    LMB MMB Q  Sp Sh C
  ------   --------  ---- --- -- ---- ----- ---- -- | -----    -----    ----  | ---- ---- --- --- -- -- -- -
  - 6.22s  --------    3  n   Y  1.00  1.72 1.00 -  |   462.4    467.8  0.00 |  0.0  0.0 0   0   0  1  1  0
  - 6.12s  --------    3  n   Y  1.00  1.82 1.00 -  |   462.7    467.5  0.00 |  0.0  0.0 0   0   0  0  1  0
  - 6.02s  --------    3  n   Y  1.00  1.93 1.00 -  |   463.2    467.2  0.00 |  0.0  0.0 0   0   0  0  1  0
  - 5.91s  --------    3  n   Y  1.00  2.03 1.00 -  |   463.5    466.9  0.00 |  0.0  0.0 0   0   0  0  1  0
  - 5.81s  --------    3  n   Y  1.00  2.14 1.00 -  |   463.8    466.6  0.00 |  0.0  0.0 0   0   0  1  1  0
  - 5.70s  --------    3  n   Y  1.00  2.25 1.00 -  |   464.1    466.2  0.00 |  0.0  0.0 0   0   0  0  1  0
  - 5.59s  --------    3  n   Y  1.00  2.36 1.00 -  |   464.4    465.7  0.00 |  0.0  0.0 0   0   0  0  1  0
  - 5.49s  --------    3  n   Y  1.00  2.46 1.00 -  |   464.5    465.3  0.00 |  0.0  0.0 0   0   0  1  1  0
  - 5.38s  --------    3  n   Y  1.00  2.56 1.00 -  |   464.6    464.9  0.00 |  0.0  0.0 0   0   0  0  1  0
  - 5.28s  --------    3  n   Y  1.00  2.67 1.00 -  |   464.8    464.4  0.00 |  0.0  0.0 0   0   0  0  1  0
  - 5.18s  --------    3  n   Y  1.00  2.77 1.00 -  |   464.9    464.0  0.00 |  0.0  0.0 0   0   0  0  1  0
  - 5.08s  --------    3  n   Y  1.00  2.87 1.00 -  |   465.0    463.6  0.00 |  0.0  0.0 0   0   0  0  1  0
  - 4.97s  --------    3  n   Y  1.00  2.97 1.00 -  |   465.1    463.1  0.00 |  0.0  0.0 0   0   0  0  1  0
  - 4.87s  --------    3  n   Y  1.00  3.08 1.00 -  |   465.3    462.6  0.00 |  0.0  0.0 0   0   0  0  1  0
  - 4.77s  --------    3  n   Y  1.00  3.18 1.00 -  |   465.4    462.2  0.00 | -1.0 -1.0 0   0   0  0  1  0
  - 4.66s  --------    3  n   Y  1.00  3.28 1.00 -  |   465.7    461.9  0.00 | -1.0 -1.0 0   0   0  0  1  0
  - 4.56s  --------    3  n   Y  1.00  3.39 1.00 -  |   466.0    461.6  0.00 |  0.0 -1.0 0   0   0  0  1  0
  - 4.45s  --------    3  Y   Y  1.00  3.50 1.00 -  |   466.5    461.3  0.00 |  0.0 -1.0 0   0   0  0  1  0
  - 4.34s  --------    3  Y   Y  1.00  3.60 1.00 -  |   467.1    460.9  0.00 | -1.0 -1.0 0   0   0  0  1  0
  - 4.24s  --------    3  Y   Y  1.00  3.71 1.00 -  |   467.7    460.6  0.00 | -1.0 -1.0 0   0   0  0  1  0
  - 4.13s  --------    3  Y   Y  1.00  3.81 1.00 -  |   468.5    460.2  0.00 | -1.0 -1.0 0   0   0  0  1  0
  - 4.03s  -----R--    0  Y   Y  1.00  0.09 1.00 -  |   468.6    460.1  0.00 | -1.0 -1.0 0   0   0  0  1  0
  - 3.93s  -----R--    0  Y   Y  1.00  0.15 1.00 -  |   468.6    460.1  0.00 | -1.0 -1.0 0   0   0  0  1  0
  - 3.83s  -----R--    0  Y   Y  1.00  0.20 1.00 -  |   468.6    460.1  0.00 | -1.0 -1.0 0   0   0  0  1  0
  - 3.73s  -----R--    0  Y   Y  1.00  0.25 1.00 -  |   468.6    460.1  0.00 | -1.0 -1.0 0   0   0  0  1  0
  - 3.62s  -----R--    0  Y   Y  1.00  0.30 1.00 -  |   468.6    460.1  0.00 | -1.0 -1.0 0   0   0  0  1  0
  - 3.52s  --------    0  Y   Y  1.00  0.35 1.00 T  |   469.1    459.8  0.00 | -1.0  0.0 0   0   0  0  1  0
  - 3.42s  --------    0  Y   Y  1.00  0.19 1.00 -  |   469.6    459.4  0.00 | -1.0  0.0 0   0   0  0  1  0
  - 3.32s  --------    0  Y   Y  1.00  0.29 1.00 -  |   470.0    458.8  0.00 | -1.0  0.0 0   0   0  0  1  0
  - 3.22s  --------    0  Y   Y  1.00  0.39 1.00 -  |   470.2    458.2  0.00 | -1.0  0.0 0   0   0  0  1  0
  - 3.11s  --------    0  Y   Y  1.00  0.50 1.00 -  |   470.3    457.3  0.00 | -1.0  0.0 0   0   0  0  1  0
  - 3.01s  --------    0  Y   Y  1.00  0.60 1.00 -  |   470.2    456.6  0.00 | -1.0  0.0 0   0   0  0  1  0
  - 2.91s  --------    0  Y   Y  1.00  0.70 1.00 -  |   470.1    455.9  0.00 | -1.0  0.0 0   0   0  0  1  0
  - 2.80s  --------    0  Y   Y  1.00  0.81 1.00 -  |   469.9    455.3  0.00 | -1.0  0.0 0   0   0  0  1  0
  - 2.69s  --------    0  Y   Y  1.00  0.92 1.00 -  |   469.6    454.5  0.00 | -1.0  0.0 0   0   0  0  1  0
  - 2.59s  --------    0  Y   Y  1.00  1.02 1.00 -  |   469.3    453.8  0.00 | -1.0  0.0 0   0   0  0  1  0
  - 2.48s  --------    0  Y   Y  1.00  1.12 1.00 -  |   469.1    453.2  0.00 | -1.0  0.0 0   0   0  0  1  0
  - 2.38s  --------    0  Y   Y  1.00  1.23 1.00 -  |   468.8    452.5  0.00 | -1.0  0.0 0   0   0  0  1  0
  - 2.28s  --------    0  Y   Y  1.00  1.33 1.00 -  |   468.5    451.7  0.00 | -1.0  0.0 0   0   0  0  1  0
  - 2.17s  --------    0  Y   Y  1.00  1.44 1.00 -  |   468.2    451.1  0.00 | -1.0  0.0 0   0   0  0  1  0
  - 2.07s  --------    0  Y   Y  1.00  1.54 1.00 -  |   467.8    450.6  0.00 | -1.0  0.0 0   0   0  0  1  0
  - 1.97s  --------    0  Y   Y  1.00  1.64 1.00 -  |   467.3    450.1  0.00 | -1.0  0.0 0   0   0  0  1  0
  - 1.87s  --------    0  Y   Y  1.00  1.74 1.00 -  |   466.7    449.7  0.00 | -1.0  0.0 0   0   0  0  1  0
  - 1.76s  --------    0  Y   Y  1.00  1.85 1.00 -  |   466.1    449.3  0.00 | -1.0  0.0 0   0   0  0  1  0
  - 1.65s  --------    0  Y   Y  1.00  1.96 1.00 -  |   465.4    448.9  0.00 | -1.0  0.0 0   0   0  0  1  0
  - 1.54s  --------    0  Y   Y  1.00  2.06 1.00 -  |   464.8    448.5  0.00 | -1.0  0.0 0   0   0  0  1  0
  - 1.44s  --------    0  Y   Y  1.00  2.17 1.00 -  |   464.2    448.2  0.00 | -1.0  0.0 0   0   0  0  1  0
  - 1.33s  --------    0  Y   Y  1.00  2.27 1.00 -  |   463.4    447.7  0.00 | -1.0  0.0 0   0   0  0  1  0
  - 1.23s  --------    0  Y   Y  1.00  2.37 1.00 -  |   462.8    447.4  0.00 | -1.0  0.0 0   0   0  0  1  0
  - 1.13s  --------    0  Y   Y  1.00  2.47 1.00 -  |   462.2    447.0  0.00 | -1.0  0.0 0   0   0  0  1  0
  - 1.03s  --------    0  Y   Y  1.00  2.58 1.00 -  |   461.6    446.7  0.00 | -1.0  0.0 0   0   0  0  1  0
  - 0.93s  --------    0  Y   Y  1.00  2.68 1.00 -  |   461.0    446.3  0.00 | -1.0  0.0 0   0   0  0  1  0
  - 0.83s  --------    0  Y   Y  1.00  2.78 1.00 -  |   460.4    446.0  0.00 | -1.0  0.0 0   0   0  0  1  0
  - 0.72s  --------    0  Y   Y  1.00  2.89 1.00 -  |   459.8    445.7  0.00 | -1.0  0.0 0   0   0  0  1  0
  - 0.62s  --------    0  Y   Y  1.00  2.99 1.00 -  |   459.1    445.5  0.00 |  0.0  0.0 0   0   0  0  1  0
  - 0.52s  --------    0  Y   Y  1.00  3.09 1.00 -  |   458.3    445.2  0.00 |  1.0  0.0 0   0   0  0  1  0
  - 0.41s  --------    0  Y   Y  1.00  3.20 1.00 -  |   458.8    445.4  0.00 |  1.0  0.0 0   0   0  0  1  0
  - 0.31s  --------    0  Y   Y  1.00  3.30 1.00 -  |   459.5    445.7  0.00 |  1.0  0.0 0   0   0  0  1  0
  - 0.21s  --------    0  Y   Y  1.00  3.40 1.00 -  |   460.1    445.9  0.00 |  1.0  0.0 0   0   0  0  1  0
  - 0.10s  --------    0  Y   Y  1.00  3.51 1.00 -  |   460.8    446.2  0.00 |  1.0  0.0 0   0   0  0  1  0
=========================================================== END

[  5486   51.642 x1.00] LOG  [OniBoss] Pull-band decision: RUN-IN (dist 7.1m, pullRange 0m, chance 0.50)
[  5863   55.161 x1.00] LOG  
==================== [FREEZE-DEBUG v3] ====================
  Reason : WASD-NOMOVE: WASD recent + speed 0.00m/s for 0.41s
  Time   : 49.821s   Frame: 5863   Snaps: 60
===========================================================

--- CURRENT STATE ---
  Flags: atk=False hvy=False dod=False dsh=False
         grd=False hit=False aerial=False lockPos=False
         comboStep=0
  Anim : speed=1.00  combatLayer hash=-792875657 normT=7.667 weight=1.00 inTransition=False
  CC   : grounded=True  enabled=True  pos=(465.52, 0.00, 432.31)  vel=(0.00, -0.02, 0.00)
  Move : IsRunning=True
  Input: H=1.00 V=0.00  LMB=False MMB=False Q=False Sp=False Sh=True C=False
         WASD pressed in last 0.5s: True (last 0.00s ago)

--- FLIGHT RECORDER (60 snapshots, oldest first, dt=0.10s) ---
  Legend: flags = A(tk) H(vy) D(od) S(sh) G(rd) R(eact) Y(aerial) L(ock)   gnd/cc: Y/n
  t-now    flags     step gnd cc anSp normT layW tr | posX     posZ     spd   | H    V    LMB MMB Q  Sp Sh C
  ------   --------  ---- --- -- ---- ----- ---- -- | -----    -----    ----  | ---- ---- --- --- -- -- -- -
  - 6.23s  --------    0  Y   Y  1.00  1.44 1.00 -  |   468.2    451.1  0.00 | -1.0  0.0 0   0   0  0  1  0
  - 6.13s  --------    0  Y   Y  1.00  1.54 1.00 -  |   467.8    450.6  0.00 | -1.0  0.0 0   0   0  0  1  0
  - 6.03s  --------    0  Y   Y  1.00  1.64 1.00 -  |   467.3    450.1  0.00 | -1.0  0.0 0   0   0  0  1  0
  - 5.93s  --------    0  Y   Y  1.00  1.74 1.00 -  |   466.7    449.7  0.00 | -1.0  0.0 0   0   0  0  1  0
  - 5.82s  --------    0  Y   Y  1.00  1.85 1.00 -  |   466.1    449.3  0.00 | -1.0  0.0 0   0   0  0  1  0
  - 5.71s  --------    0  Y   Y  1.00  1.96 1.00 -  |   465.4    448.9  0.00 | -1.0  0.0 0   0   0  0  1  0
  - 5.60s  --------    0  Y   Y  1.00  2.06 1.00 -  |   464.8    448.5  0.00 | -1.0  0.0 0   0   0  0  1  0
  - 5.50s  --------    0  Y   Y  1.00  2.17 1.00 -  |   464.2    448.2  0.00 | -1.0  0.0 0   0   0  0  1  0
  - 5.39s  --------    0  Y   Y  1.00  2.27 1.00 -  |   463.4    447.7  0.00 | -1.0  0.0 0   0   0  0  1  0
  - 5.29s  --------    0  Y   Y  1.00  2.37 1.00 -  |   462.8    447.4  0.00 | -1.0  0.0 0   0   0  0  1  0
  - 5.19s  --------    0  Y   Y  1.00  2.47 1.00 -  |   462.2    447.0  0.00 | -1.0  0.0 0   0   0  0  1  0
  - 5.09s  --------    0  Y   Y  1.00  2.58 1.00 -  |   461.6    446.7  0.00 | -1.0  0.0 0   0   0  0  1  0
  - 4.99s  --------    0  Y   Y  1.00  2.68 1.00 -  |   461.0    446.3  0.00 | -1.0  0.0 0   0   0  0  1  0
  - 4.89s  --------    0  Y   Y  1.00  2.78 1.00 -  |   460.4    446.0  0.00 | -1.0  0.0 0   0   0  0  1  0
  - 4.78s  --------    0  Y   Y  1.00  2.89 1.00 -  |   459.8    445.7  0.00 | -1.0  0.0 0   0   0  0  1  0
  - 4.68s  --------    0  Y   Y  1.00  2.99 1.00 -  |   459.1    445.5  0.00 |  0.0  0.0 0   0   0  0  1  0
  - 4.57s  --------    0  Y   Y  1.00  3.09 1.00 -  |   458.3    445.2  0.00 |  1.0  0.0 0   0   0  0  1  0
  - 4.47s  --------    0  Y   Y  1.00  3.20 1.00 -  |   458.8    445.4  0.00 |  1.0  0.0 0   0   0  0  1  0
  - 4.37s  --------    0  Y   Y  1.00  3.30 1.00 -  |   459.5    445.7  0.00 |  1.0  0.0 0   0   0  0  1  0
  - 4.27s  --------    0  Y   Y  1.00  3.40 1.00 -  |   460.1    445.9  0.00 |  1.0  0.0 0   0   0  0  1  0
  - 4.16s  --------    0  Y   Y  1.00  3.51 1.00 -  |   460.8    446.2  0.00 |  1.0  0.0 0   0   0  0  1  0
  - 4.05s  --------    0  Y   Y  1.00  3.62 1.00 -  |   461.6    446.4  0.00 |  1.0  0.0 0   0   0  0  1  0
  - 3.94s  --------    0  Y   Y  1.00  3.73 1.00 -  |   462.3    446.6  0.00 |  1.0  0.0 0   0   0  0  1  0
  - 3.84s  --------    0  Y   Y  1.00  3.83 1.00 -  |   462.9    446.8  0.00 |  0.0  0.0 0   0   0  0  1  0
  - 3.74s  --------    0  Y   Y  1.00  3.93 1.00 -  |   463.6    447.0  0.00 |  0.0  0.0 0   0   0  0  1  0
  - 3.63s  --------    0  Y   Y  1.00  4.04 1.00 -  |   464.4    447.3  0.00 |  0.0  0.0 0   0   0  0  1  0
  - 3.53s  --------    0  Y   Y  1.00  4.14 1.00 -  |   464.5    447.3  0.00 | -1.0  0.0 0   0   0  0  1  0
  - 3.42s  --------    0  Y   Y  1.00  4.24 1.00 -  |   463.9    447.1  0.00 | -1.0  0.0 0   0   0  0  1  0
  - 3.32s  --------    0  Y   Y  1.00  4.35 1.00 -  |   463.2    446.9  0.00 | -1.0  0.0 0   0   0  0  1  0
  - 3.22s  --------    0  Y   Y  1.00  4.45 1.00 -  |   462.5    446.7  0.00 | -1.0  0.0 0   0   0  0  1  0
  - 3.11s  --------    0  Y   Y  1.00  4.56 1.00 -  |   461.7    446.5  0.00 | -1.0  0.0 0   0   0  0  1  0
  - 3.00s  --------    0  Y   Y  1.00  4.67 1.00 -  |   461.1    446.3  0.00 | -1.0  0.0 0   0   0  0  1  0
  - 2.90s  --------    0  Y   Y  1.00  4.77 1.00 -  |   460.4    446.1  0.00 | -1.0  0.0 0   0   0  0  1  0
  - 2.80s  --------    0  Y   Y  1.00  4.87 1.00 -  |   459.7    445.8  0.00 | -1.0 -1.0 0   0   0  0  1  0
  - 2.69s  --------    0  Y   Y  1.00  4.98 1.00 -  |   459.1    445.3  0.00 | -1.0 -1.0 0   0   0  0  1  0
  - 2.58s  --------    0  Y   Y  1.00  5.08 1.00 -  |   458.7    444.7  0.00 | -1.0 -1.0 0   0   0  0  1  0
  - 2.48s  --------    0  Y   Y  1.00  5.19 1.00 -  |   458.3    444.1  0.00 |  0.0 -1.0 0   0   0  0  1  0
  - 2.37s  --------    0  Y   Y  1.00  5.30 1.00 -  |   458.1    443.3  0.00 |  0.0 -1.0 0   0   0  0  1  0
  - 2.27s  --------    0  Y   Y  1.00  5.40 1.00 -  |   458.1    442.6  0.00 |  0.0 -1.0 0   0   0  0  1  0
  - 2.17s  --------    0  Y   Y  1.00  5.50 1.00 -  |   458.2    441.9  0.00 |  0.0 -1.0 0   0   0  0  1  0
  - 2.06s  --------    0  Y   Y  1.00  5.61 1.00 -  |   458.4    441.3  0.00 |  0.0 -1.0 0   0   0  0  1  0
  - 1.95s  --------    0  Y   Y  1.00  5.72 1.00 -  |   458.6    440.5  0.00 |  0.0 -1.0 0   0   0  0  1  0
  - 1.85s  --------    0  Y   Y  1.00  5.82 1.00 -  |   458.8    439.8  0.00 |  0.0 -1.0 0   0   0  0  1  0
  - 1.75s  --------    0  Y   Y  1.00  5.92 1.00 -  |   459.0    439.1  0.00 |  0.0 -1.0 0   0   0  0  1  0
  - 1.64s  --------    0  Y   Y  1.00  6.03 1.00 -  |   459.2    438.4  0.00 |  0.0 -1.0 0   0   0  0  1  0
  - 1.54s  --------    0  Y   Y  1.00  6.13 1.00 -  |   459.4    437.8  0.00 |  0.0 -1.0 0   0   0  0  1  0
  - 1.44s  --------    0  Y   Y  1.00  6.23 1.00 -  |   459.6    437.1  0.00 |  0.0 -1.0 0   0   0  0  1  0
  - 1.33s  --------    0  Y   Y  1.00  6.34 1.00 -  |   459.8    436.3  0.00 |  0.0 -1.0 0   0   0  0  1  0
  - 1.23s  --------    0  Y   Y  1.00  6.44 1.00 -  |   460.0    435.6  0.00 |  0.0 -1.0 0   0   0  0  1  0
  - 1.12s  --------    0  Y   Y  1.00  6.55 1.00 -  |   460.2    434.9  0.00 |  0.0 -1.0 0   0   0  0  1  0
  - 1.01s  --------    0  Y   Y  1.00  6.66 1.00 -  |   460.4    434.1  0.00 |  0.0 -1.0 0   0   0  0  1  0
  - 0.91s  --------    0  Y   Y  1.00  6.76 1.00 -  |   460.6    433.4  0.00 |  0.0 -1.0 0   0   0  0  1  0
  - 0.81s  --------    0  Y   Y  1.00  6.86 1.00 -  |   460.7    432.8  0.00 |  0.0 -1.0 0   0   0  0  1  0
  - 0.70s  --------    0  Y   Y  1.00  6.97 1.00 -  |   461.0    432.1  0.00 |  1.0  0.0 0   0   0  0  1  0
  - 0.59s  --------    0  Y   Y  1.00  7.08 1.00 -  |   461.6    431.5  0.00 |  1.0  0.0 0   0   0  0  1  0
  - 0.49s  --------    0  Y   Y  1.00  7.18 1.00 -  |   462.3    431.4  0.00 |  1.0  0.0 0   0   0  0  1  0
  - 0.38s  --------    0  Y   Y  1.00  7.29 1.00 -  |   463.0    431.5  0.00 |  1.0  0.0 0   0   0  0  1  0
  - 0.27s  --------    0  Y   Y  1.00  7.40 1.00 -  |   463.8    431.8  0.00 |  1.0  0.0 0   0   0  0  1  0
  - 0.17s  --------    0  Y   Y  1.00  7.50 1.00 -  |   464.5    432.0  0.00 |  1.0  0.0 0   0   0  0  1  0
  - 0.06s  --------    0  Y   Y  1.00  7.61 1.00 -  |   465.1    432.2  0.00 |  1.0  0.0 0   0   0  0  1  0
=========================================================== END

[  5979   56.333 x1.00] LOG  [OniBoss] hold-ground: BACKSTEP 1.5m (player 3.5m)
[  6011   56.652 x1.00] LOG  [OniBoss] hold-ground: backstep done (0.51m), WATCH (player 4.3m, cooldown 0.0s)
[  6011   56.652 x1.00] LOG  [OniBoss] Playing animation: Idle
[  6012   56.661 x1.00] LOG  [OniBoss] hold-ground: cooldown over, player 4.3m > 3.5m — APPROACH
[  6012   56.661 x1.00] LOG  [OniBoss] Playing animation: Walk
[  6017   56.712 x1.00] LOG  [OniBoss] Playing animation: run
[  6225   58.793 x1.00] LOG  [OniBoss] Playing animation: Watch
[  6225   58.793 x1.00] LOG  [OniBoss] Chase → Attack
[  6225   58.793 x1.00] LOG  [OniBoss] Attack: ClubSlam (20 dmg)
[  6225   58.793 x1.00] LOG  [OniBoss:Trail] ClubSlam trail START at clip 1.00 (transition done).
[  6232   58.862 x1.00] LOG  [OniBoss:Layer] step-in: 'ClubSlam' closed 0.30m, Yoru now 3.0m away (range 3.5)
[  6265   59.194 x1.00] LOG  
==================== [FREEZE-DEBUG v3] ====================
  Reason : WASD-NOMOVE: WASD recent + speed 0.00m/s for 0.40s
  Time   : 53.853s   Frame: 6265   Snaps: 60
===========================================================

--- CURRENT STATE ---
  Flags: atk=False hvy=False dod=False dsh=False
         grd=False hit=False aerial=False lockPos=False
         comboStep=0
  Anim : speed=1.00  combatLayer hash=-792875657 normT=11.698 weight=1.00 inTransition=False
  CC   : grounded=True  enabled=True  pos=(468.91, 0.04, 425.35)  vel=(0.00, -0.58, 0.00)
  Move : IsRunning=True
  Input: H=-1.00 V=0.00  LMB=False MMB=False Q=False Sp=False Sh=True C=False
         WASD pressed in last 0.5s: True (last 0.00s ago)

--- FLIGHT RECORDER (60 snapshots, oldest first, dt=0.10s) ---
  Legend: flags = A(tk) H(vy) D(od) S(sh) G(rd) R(eact) Y(aerial) L(ock)   gnd/cc: Y/n
  t-now    flags     step gnd cc anSp normT layW tr | posX     posZ     spd   | H    V    LMB MMB Q  Sp Sh C
  ------   --------  ---- --- -- ---- ----- ---- -- | -----    -----    ----  | ---- ---- --- --- -- -- -- -
  - 6.30s  --------    0  Y   Y  1.00  5.40 1.00 -  |   458.1    442.6  0.00 |  0.0 -1.0 0   0   0  0  1  0
  - 6.20s  --------    0  Y   Y  1.00  5.50 1.00 -  |   458.2    441.9  0.00 |  0.0 -1.0 0   0   0  0  1  0
  - 6.09s  --------    0  Y   Y  1.00  5.61 1.00 -  |   458.4    441.3  0.00 |  0.0 -1.0 0   0   0  0  1  0
  - 5.98s  --------    0  Y   Y  1.00  5.72 1.00 -  |   458.6    440.5  0.00 |  0.0 -1.0 0   0   0  0  1  0
  - 5.88s  --------    0  Y   Y  1.00  5.82 1.00 -  |   458.8    439.8  0.00 |  0.0 -1.0 0   0   0  0  1  0
  - 5.78s  --------    0  Y   Y  1.00  5.92 1.00 -  |   459.0    439.1  0.00 |  0.0 -1.0 0   0   0  0  1  0
  - 5.67s  --------    0  Y   Y  1.00  6.03 1.00 -  |   459.2    438.4  0.00 |  0.0 -1.0 0   0   0  0  1  0
  - 5.57s  --------    0  Y   Y  1.00  6.13 1.00 -  |   459.4    437.8  0.00 |  0.0 -1.0 0   0   0  0  1  0
  - 5.47s  --------    0  Y   Y  1.00  6.23 1.00 -  |   459.6    437.1  0.00 |  0.0 -1.0 0   0   0  0  1  0
  - 5.36s  --------    0  Y   Y  1.00  6.34 1.00 -  |   459.8    436.3  0.00 |  0.0 -1.0 0   0   0  0  1  0
  - 5.26s  --------    0  Y   Y  1.00  6.44 1.00 -  |   460.0    435.6  0.00 |  0.0 -1.0 0   0   0  0  1  0
  - 5.15s  --------    0  Y   Y  1.00  6.55 1.00 -  |   460.2    434.9  0.00 |  0.0 -1.0 0   0   0  0  1  0
  - 5.04s  --------    0  Y   Y  1.00  6.66 1.00 -  |   460.4    434.1  0.00 |  0.0 -1.0 0   0   0  0  1  0
  - 4.94s  --------    0  Y   Y  1.00  6.76 1.00 -  |   460.6    433.4  0.00 |  0.0 -1.0 0   0   0  0  1  0
  - 4.84s  --------    0  Y   Y  1.00  6.86 1.00 -  |   460.7    432.8  0.00 |  0.0 -1.0 0   0   0  0  1  0
  - 4.73s  --------    0  Y   Y  1.00  6.97 1.00 -  |   461.0    432.1  0.00 |  1.0  0.0 0   0   0  0  1  0
  - 4.62s  --------    0  Y   Y  1.00  7.08 1.00 -  |   461.6    431.5  0.00 |  1.0  0.0 0   0   0  0  1  0
  - 4.52s  --------    0  Y   Y  1.00  7.18 1.00 -  |   462.3    431.4  0.00 |  1.0  0.0 0   0   0  0  1  0
  - 4.41s  --------    0  Y   Y  1.00  7.29 1.00 -  |   463.0    431.5  0.00 |  1.0  0.0 0   0   0  0  1  0
  - 4.30s  --------    0  Y   Y  1.00  7.40 1.00 -  |   463.8    431.8  0.00 |  1.0  0.0 0   0   0  0  1  0
  - 4.20s  --------    0  Y   Y  1.00  7.50 1.00 -  |   464.5    432.0  0.00 |  1.0  0.0 0   0   0  0  1  0
  - 4.09s  --------    0  Y   Y  1.00  7.61 1.00 -  |   465.1    432.2  0.00 |  1.0  0.0 0   0   0  0  1  0
  - 3.98s  --------    0  Y   Y  1.00  7.72 1.00 -  |   465.9    432.4  0.00 |  1.0  0.0 0   0   0  0  1  0
  - 3.88s  --------    0  Y   Y  1.00  7.82 1.00 -  |   466.6    432.6  0.00 |  1.0  0.0 0   0   0  0  1  0
  - 3.77s  --------    0  Y   Y  1.00  7.93 1.00 -  |   467.3    432.9  0.00 |  1.0  0.0 0   0   0  0  1  0
  - 3.66s  --------    0  Y   Y  1.00  8.04 1.00 -  |   468.0    433.1  0.00 |  0.0  0.0 0   0   0  0  1  0
  - 3.55s  --------    0  Y   Y  1.00  8.15 1.00 -  |   468.7    433.4  0.00 |  0.0  0.0 0   0   0  0  1  0
  - 3.44s  --------    0  Y   Y  1.00  8.26 1.00 -  |   469.5    433.6  0.00 |  0.0  0.0 0   0   0  0  1  0
  - 3.34s  --------    0  Y   Y  1.00  8.36 1.00 -  |   469.5    433.6  0.00 | -1.0  0.0 0   0   0  0  1  0
  - 3.23s  --------    0  Y   Y  1.00  8.47 1.00 -  |   468.8    433.4  0.00 | -1.0  0.0 0   0   0  0  1  0
  - 3.13s  --------    0  Y   Y  1.00  8.57 1.00 -  |   468.2    433.2  0.00 | -1.0  0.0 0   0   0  0  1  0
  - 3.03s  --------    0  Y   Y  1.00  8.67 1.00 -  |   467.5    433.0  0.00 | -1.0  0.0 0   0   0  0  1  0
  - 2.93s  --------    0  Y   Y  1.00  8.77 1.00 -  |   466.9    432.7  0.00 | -1.0  0.0 0   0   0  0  1  0
  - 2.82s  --------    0  Y   Y  1.00  8.88 1.00 -  |   466.1    432.5  0.00 | -1.0  0.0 0   0   0  0  1  0
  - 2.71s  --------    0  Y   Y  1.00  8.99 1.00 -  |   465.4    432.2  0.00 |  0.0 -1.0 0   0   0  0  1  0
  - 2.60s  --------    0  Y   Y  1.00  9.10 1.00 -  |   464.9    431.5  0.00 |  0.0 -1.0 0   0   0  0  1  0
  - 2.50s  --------    0  Y   Y  1.00  9.20 1.00 -  |   464.8    430.8  0.00 |  0.0 -1.0 0   0   0  0  1  0
  - 2.39s  --------    0  Y   Y  1.00  9.31 1.00 -  |   464.9    430.1  0.00 |  0.0 -1.0 0   0   0  0  1  0
  - 2.28s  --------    0  Y   Y  1.00  9.42 1.00 -  |   465.2    429.3  0.00 |  0.0 -1.0 0   0   0  0  1  0
  - 2.18s  --------    0  Y   Y  1.00  9.52 1.00 -  |   465.4    428.7  0.00 |  0.0 -1.0 0   0   0  0  1  0
  - 2.08s  --------    0  Y   Y  1.00  9.62 1.00 -  |   465.6    428.0  0.00 |  0.0 -1.0 0   0   0  0  1  0
  - 1.97s  --------    0  Y   Y  1.00  9.73 1.00 -  |   465.9    427.3  0.00 |  0.0 -1.0 0   0   0  0  1  0
  - 1.87s  --------    0  Y   Y  1.00  9.83 1.00 -  |   466.1    426.7  0.00 |  0.0 -1.0 0   0   0  0  1  0
  - 1.77s  --------    0  Y   Y  1.00  9.93 1.00 -  |   466.3    426.0  0.00 |  1.0 -1.0 0   0   0  0  1  0
  - 1.66s  --------    0  Y   Y  1.00 10.04 1.00 -  |   466.9    425.4  0.00 |  1.0  0.0 0   0   0  0  1  0
  - 1.56s  --------    0  Y   Y  1.00 10.14 1.00 -  |   467.5    425.2  0.00 |  1.0  0.0 0   0   0  0  1  0
  - 1.45s  --------    0  Y   Y  1.00 10.25 1.00 -  |   468.2    425.2  0.00 |  1.0  0.0 0   0   0  0  1  0
  - 1.34s  --------    0  Y   Y  1.00 10.36 1.00 -  |   469.0    425.4  0.00 |  1.0  0.0 0   0   0  0  1  0
  - 1.24s  --------    0  Y   Y  1.00 10.46 1.00 -  |   469.7    425.6  0.00 |  1.0  0.0 0   0   0  0  1  0
  - 1.13s  --------    0  Y   Y  1.00 10.57 1.00 -  |   470.4    425.8  0.00 |  1.0  0.0 0   0   0  0  1  0
  - 1.02s  --------    0  Y   Y  1.00 10.68 1.00 -  |   471.2    426.1  0.00 |  1.0  0.0 0   0   0  0  1  0
  - 0.92s  --------    0  Y   Y  1.00 10.78 1.00 -  |   471.8    426.3  0.00 |  1.0  0.0 0   0   0  0  1  0
  - 0.81s  --------    0  Y   Y  1.00 10.89 1.00 -  |   472.5    426.5  0.00 |  1.0  0.0 0   0   0  0  1  0
  - 0.71s  --------    0  Y   Y  1.00 10.99 1.00 -  |   473.2    426.8  0.00 |  0.0  0.0 0   0   0  0  1  0
  - 0.60s  --------    0  Y   Y  1.00 11.10 1.00 -  |   472.9    426.7  0.00 | -1.0  0.0 0   0   0  0  1  0
  - 0.49s  --------    0  Y   Y  1.00 11.21 1.00 -  |   472.2    426.5  0.00 | -1.0  0.0 0   0   0  0  1  0
  - 0.39s  --------    0  Y   Y  1.00 11.31 1.00 -  |   471.6    426.2  0.00 | -1.0  0.0 0   0   0  0  1  0
  - 0.28s  --------    0  Y   Y  1.00 11.42 1.00 -  |   470.8    426.0  0.00 | -1.0  0.0 0   0   0  0  1  0
  - 0.18s  --------    0  Y   Y  1.00 11.52 1.00 -  |   470.1    425.7  0.00 | -1.0  0.0 0   0   0  0  1  0
  - 0.08s  --------    0  Y   Y  1.00 11.62 1.00 -  |   469.4    425.5  0.00 | -1.0  0.0 0   0   0  0  1  0
=========================================================== END

[  6305   59.593 x1.00] LOG  [OniBoss:ClubPos] ClubSlam at strike: club tip 0.58m up, 2.90m in front, -0.21m to his right (2.91m out from his centre). Club faces 5deg from his forward, pitch -0.25. (the ground wave is born 1.6m in front of him at 0.35m.)
[  6305   59.593 x1.00] LOG  [OniBoss:Layer] ClubSlam: club has not connected — ground wave released ARMED, 1.6m in front, 12m/s x 6.0m = 0.50s, carrying 10 (half of the club's 20).
[  6318   59.724 x1.00] LOG  [OniBoss] Attack → Recovery
[  6318   59.724 x1.00] LOG  [OniBoss] Playing animation: Watch
[  6318   59.724 x1.00] LOG  [OniBoss:Trail] trail END at clip 0.99, fading over 0.40s.
[  6318   59.724 x1.00] LOG  [OniBoss:Touch] ClubSlam: no touch this swing — closest 2.62m at clip 0.44, fastest tip 141m/s (radius 0.70, min speed 50).
[  6318   59.724 x1.00] LOG  [OniBoss:Strike] ClubSlam: club tip closest to Yoru at 3.45m, clip position 0.49 | damage fires at 0.85 | clip 0.93s => damage fires 337 ms AFTER the club is closest — it lands once the club has passed her
[  6330   59.876 x1.00] LOG  [OniBoss] Recovery → Chase
[  6331   59.893 x1.00] LOG  [OniBoss] Playing animation: run
[  6351   60.094 x1.00] LOG  [OniBoss:Wave] armed wave expired UNTOUCHED — closest 5.14m to Yoru (hit width 1.60), she was grounded at the closest moment.
[  6510   61.684 x1.00] LOG  [OniBoss] Pull-band decision: RUN-IN (dist 6.6m, pullRange 0m, chance 0.50)
[  6677   63.233 x1.00] LOG  
==================== [FREEZE-DEBUG v3] ====================
  Reason : WASD-NOMOVE: WASD recent + speed 0.00m/s for 0.41s
  Time   : 57.893s   Frame: 6677   Snaps: 60
===========================================================

--- CURRENT STATE ---
  Flags: atk=False hvy=False dod=False dsh=False
         grd=False hit=False aerial=False lockPos=False
         comboStep=0
  Anim : speed=1.00  combatLayer hash=-792875657 normT=15.738 weight=1.00 inTransition=False
  CC   : grounded=True  enabled=True  pos=(465.65, 0.11, 439.58)  vel=(0.00, -0.06, 0.00)
  Move : IsRunning=True
  Input: H=-1.00 V=0.00  LMB=False MMB=False Q=False Sp=False Sh=True C=False
         WASD pressed in last 0.5s: True (last 0.00s ago)

--- FLIGHT RECORDER (60 snapshots, oldest first, dt=0.10s) ---
  Legend: flags = A(tk) H(vy) D(od) S(sh) G(rd) R(eact) Y(aerial) L(ock)   gnd/cc: Y/n
  t-now    flags     step gnd cc anSp normT layW tr | posX     posZ     spd   | H    V    LMB MMB Q  Sp Sh C
  ------   --------  ---- --- -- ---- ----- ---- -- | -----    -----    ----  | ---- ---- --- --- -- -- -- -
  - 6.22s  --------    0  Y   Y  1.00  9.52 1.00 -  |   465.4    428.7  0.00 |  0.0 -1.0 0   0   0  0  1  0
  - 6.12s  --------    0  Y   Y  1.00  9.62 1.00 -  |   465.6    428.0  0.00 |  0.0 -1.0 0   0   0  0  1  0
  - 6.01s  --------    0  Y   Y  1.00  9.73 1.00 -  |   465.9    427.3  0.00 |  0.0 -1.0 0   0   0  0  1  0
  - 5.91s  --------    0  Y   Y  1.00  9.83 1.00 -  |   466.1    426.7  0.00 |  0.0 -1.0 0   0   0  0  1  0
  - 5.81s  --------    0  Y   Y  1.00  9.93 1.00 -  |   466.3    426.0  0.00 |  1.0 -1.0 0   0   0  0  1  0
  - 5.70s  --------    0  Y   Y  1.00 10.04 1.00 -  |   466.9    425.4  0.00 |  1.0  0.0 0   0   0  0  1  0
  - 5.60s  --------    0  Y   Y  1.00 10.14 1.00 -  |   467.5    425.2  0.00 |  1.0  0.0 0   0   0  0  1  0
  - 5.49s  --------    0  Y   Y  1.00 10.25 1.00 -  |   468.2    425.2  0.00 |  1.0  0.0 0   0   0  0  1  0
  - 5.38s  --------    0  Y   Y  1.00 10.36 1.00 -  |   469.0    425.4  0.00 |  1.0  0.0 0   0   0  0  1  0
  - 5.28s  --------    0  Y   Y  1.00 10.46 1.00 -  |   469.7    425.6  0.00 |  1.0  0.0 0   0   0  0  1  0
  - 5.17s  --------    0  Y   Y  1.00 10.57 1.00 -  |   470.4    425.8  0.00 |  1.0  0.0 0   0   0  0  1  0
  - 5.06s  --------    0  Y   Y  1.00 10.68 1.00 -  |   471.2    426.1  0.00 |  1.0  0.0 0   0   0  0  1  0
  - 4.96s  --------    0  Y   Y  1.00 10.78 1.00 -  |   471.8    426.3  0.00 |  1.0  0.0 0   0   0  0  1  0
  - 4.85s  --------    0  Y   Y  1.00 10.89 1.00 -  |   472.5    426.5  0.00 |  1.0  0.0 0   0   0  0  1  0
  - 4.75s  --------    0  Y   Y  1.00 10.99 1.00 -  |   473.2    426.8  0.00 |  0.0  0.0 0   0   0  0  1  0
  - 4.64s  --------    0  Y   Y  1.00 11.10 1.00 -  |   472.9    426.7  0.00 | -1.0  0.0 0   0   0  0  1  0
  - 4.53s  --------    0  Y   Y  1.00 11.21 1.00 -  |   472.2    426.5  0.00 | -1.0  0.0 0   0   0  0  1  0
  - 4.43s  --------    0  Y   Y  1.00 11.31 1.00 -  |   471.6    426.2  0.00 | -1.0  0.0 0   0   0  0  1  0
  - 4.32s  --------    0  Y   Y  1.00 11.42 1.00 -  |   470.8    426.0  0.00 | -1.0  0.0 0   0   0  0  1  0
  - 4.22s  --------    0  Y   Y  1.00 11.52 1.00 -  |   470.1    425.7  0.00 | -1.0  0.0 0   0   0  0  1  0
  - 4.12s  --------    0  Y   Y  1.00 11.62 1.00 -  |   469.4    425.5  0.00 | -1.0  0.0 0   0   0  0  1  0
  - 4.01s  --------    0  Y   Y  1.00 11.73 1.00 -  |   468.8    425.3  0.00 | -1.0  0.0 0   0   0  0  1  0
  - 3.91s  --------    0  Y   Y  1.00 11.83 1.00 -  |   468.1    425.1  0.00 | -1.0  0.0 0   0   0  0  1  0
  - 3.81s  --------    0  Y   Y  1.00 11.93 1.00 -  |   467.4    425.0  0.00 | -1.0  0.0 0   0   0  0  1  0
  - 3.70s  --------    0  Y   Y  1.00 12.04 1.00 -  |   466.6    424.9  0.00 | -1.0  0.0 0   0   0  0  1  0
  - 3.60s  --------    0  Y   Y  1.00 12.14 1.00 -  |   465.9    424.8  0.00 | -1.0  0.0 0   0   0  0  1  0
  - 3.49s  --------    0  Y   Y  1.00 12.25 1.00 -  |   465.2    424.7  0.00 | -1.0  0.0 0   0   0  0  1  0
  - 3.37s  --------    0  Y   Y  1.00 12.34 1.00 -  |   464.2    424.6  0.00 | -1.0  0.0 0   0   0  0  1  0
  - 3.26s  --------    0  Y   Y  1.00 12.48 1.00 -  |   463.5    424.7  0.00 | -1.0  0.0 0   0   0  0  1  0
  - 3.16s  --------    0  Y   Y  1.00 12.58 1.00 -  |   462.8    424.8  0.00 | -1.0  0.0 0   0   0  0  1  0
  - 3.05s  --------    0  Y   Y  1.00 12.69 1.00 -  |   462.1    424.9  0.00 | -1.0  0.0 0   0   0  0  1  0
  - 2.94s  --------    0  Y   Y  1.00 12.80 1.00 -  |   461.3    425.1  0.00 | -1.0  0.0 0   0   0  0  1  0
  - 2.83s  --------    0  Y   Y  1.00 12.91 1.00 -  |   460.6    425.2  0.00 | -1.0  0.0 0   0   0  0  1  0
  - 2.73s  --------    0  Y   Y  1.00 13.01 1.00 -  |   459.9    425.4  0.00 | -1.0  0.0 0   0   0  0  1  0
  - 2.63s  --------    0  Y   Y  1.00 13.11 1.00 -  |   459.3    425.7  0.00 | -1.0  0.0 0   0   0  0  1  0
  - 2.53s  --------    0  Y   Y  1.00 13.21 1.00 -  |   458.8    426.1  0.00 | -1.0  0.0 0   0   0  0  1  0
  - 2.42s  --------    0  Y   Y  1.00 13.32 1.00 -  |   458.3    426.8  0.00 | -1.0  0.0 0   0   0  0  1  0
  - 2.32s  --------    0  Y   Y  1.00 13.42 1.00 -  |   458.0    427.4  0.00 | -1.0  0.0 0   0   0  0  1  0
  - 2.21s  --------    0  Y   Y  1.00 13.53 1.00 -  |   457.8    428.1  0.00 | -1.0  0.0 0   0   0  0  1  0
  - 2.11s  --------    0  Y   Y  1.00 13.63 1.00 -  |   457.5    428.8  0.00 | -1.0  0.0 0   0   0  0  1  0
  - 2.00s  --------    0  Y   Y  1.00 13.74 1.00 -  |   457.3    429.6  0.00 | -1.0  0.0 0   0   0  0  1  0
  - 1.90s  --------    0  Y   Y  1.00 13.84 1.00 -  |   457.1    430.2  0.00 | -1.0  0.0 0   0   0  0  1  0
  - 1.79s  --------    0  Y   Y  1.00 13.95 1.00 -  |   457.1    430.9  0.00 | -1.0  0.0 0   0   0  0  1  0
  - 1.68s  --------    0  Y   Y  1.00 14.06 1.00 -  |   457.4    431.7  0.00 | -1.0  0.0 0   0   0  0  1  0
  - 1.57s  --------    0  Y   Y  1.00 14.17 1.00 -  |   457.7    432.4  0.00 | -1.0  0.0 0   0   0  0  1  0
  - 1.46s  --------    0  Y   Y  1.00 14.28 1.00 -  |   458.1    433.1  0.00 | -1.0  0.0 0   0   0  0  1  0
  - 1.36s  --------    0  Y   Y  1.00 14.38 1.00 -  |   458.5    433.7  0.00 | -1.0  0.0 0   0   0  0  1  0
  - 1.25s  --------    0  Y   Y  1.00 14.49 1.00 -  |   458.9    434.3  0.00 | -1.0  0.0 0   0   0  0  1  0
  - 1.15s  --------    0  Y   Y  1.00 14.59 1.00 -  |   459.2    434.9  0.00 | -1.0  0.0 0   0   0  0  1  0
  - 1.05s  --------    0  Y   Y  1.00 14.69 1.00 -  |   459.6    435.4  0.00 | -1.0  0.0 0   0   0  0  1  0
  - 0.95s  --------    0  Y   Y  1.00 14.79 1.00 -  |   460.1    436.0  0.00 | -1.0  0.0 0   0   0  0  1  0
  - 0.85s  --------    0  Y   Y  1.00 14.89 1.00 -  |   460.6    436.4  0.00 | -1.0  0.0 0   0   0  0  1  0
  - 0.75s  --------    0  Y   Y  1.00 14.99 1.00 -  |   461.1    436.9  0.00 | -1.0  0.0 0   0   0  0  1  0
  - 0.64s  --------    0  Y   Y  1.00 15.10 1.00 -  |   461.7    437.4  0.00 | -1.0  0.0 0   0   0  0  1  0
  - 0.53s  --------    0  Y   Y  1.00 15.21 1.00 -  |   462.3    437.9  0.00 | -1.0  0.0 0   0   0  0  1  0
  - 0.42s  --------    0  Y   Y  1.00 15.32 1.00 -  |   463.0    438.4  0.00 | -1.0  0.0 0   0   0  0  1  0
  - 0.31s  --------    0  Y   Y  1.00 15.43 1.00 -  |   463.6    438.7  0.00 | -1.0  0.0 0   0   0  0  1  0
  - 0.21s  --------    0  Y   Y  1.00 15.53 1.00 -  |   464.2    439.0  0.00 | -1.0  0.0 0   0   0  0  1  0
  - 0.11s  --------    0  Y   Y  1.00 15.63 1.00 -  |   464.9    439.3  0.00 | -1.0  0.0 0   0   0  0  1  0
  - 0.01s  --------    0  Y   Y  1.00 15.73 1.00 -  |   465.5    439.5  0.00 | -1.0  0.0 0   0   0  0  1  0
=========================================================== END

[  7102   67.285 x1.00] LOG  
==================== [FREEZE-DEBUG v3] ====================
  Reason : WASD-NOMOVE: WASD recent + speed 0.00m/s for 0.41s
  Time   : 61.944s   Frame: 7102   Snaps: 60
===========================================================

--- CURRENT STATE ---
  Flags: atk=False hvy=False dod=False dsh=False
         grd=False hit=False aerial=False lockPos=False
         comboStep=0
  Anim : speed=1.00  combatLayer hash=-792875657 normT=19.789 weight=1.00 inTransition=False
  CC   : grounded=True  enabled=True  pos=(478.29, -0.02, 449.98)  vel=(0.00, 0.00, 0.00)
  Move : IsRunning=True
  Input: H=-1.00 V=0.00  LMB=False MMB=False Q=False Sp=False Sh=True C=False
         WASD pressed in last 0.5s: True (last 0.00s ago)

--- FLIGHT RECORDER (60 snapshots, oldest first, dt=0.10s) ---
  Legend: flags = A(tk) H(vy) D(od) S(sh) G(rd) R(eact) Y(aerial) L(ock)   gnd/cc: Y/n
  t-now    flags     step gnd cc anSp normT layW tr | posX     posZ     spd   | H    V    LMB MMB Q  Sp Sh C
  ------   --------  ---- --- -- ---- ----- ---- -- | -----    -----    ----  | ---- ---- --- --- -- -- -- -
  - 6.26s  --------    0  Y   Y  1.00 13.53 1.00 -  |   457.8    428.1  0.00 | -1.0  0.0 0   0   0  0  1  0
  - 6.16s  --------    0  Y   Y  1.00 13.63 1.00 -  |   457.5    428.8  0.00 | -1.0  0.0 0   0   0  0  1  0
  - 6.05s  --------    0  Y   Y  1.00 13.74 1.00 -  |   457.3    429.6  0.00 | -1.0  0.0 0   0   0  0  1  0
  - 5.95s  --------    0  Y   Y  1.00 13.84 1.00 -  |   457.1    430.2  0.00 | -1.0  0.0 0   0   0  0  1  0
  - 5.84s  --------    0  Y   Y  1.00 13.95 1.00 -  |   457.1    430.9  0.00 | -1.0  0.0 0   0   0  0  1  0
  - 5.73s  --------    0  Y   Y  1.00 14.06 1.00 -  |   457.4    431.7  0.00 | -1.0  0.0 0   0   0  0  1  0
  - 5.62s  --------    0  Y   Y  1.00 14.17 1.00 -  |   457.7    432.4  0.00 | -1.0  0.0 0   0   0  0  1  0
  - 5.51s  --------    0  Y   Y  1.00 14.28 1.00 -  |   458.1    433.1  0.00 | -1.0  0.0 0   0   0  0  1  0
  - 5.41s  --------    0  Y   Y  1.00 14.38 1.00 -  |   458.5    433.7  0.00 | -1.0  0.0 0   0   0  0  1  0
  - 5.30s  --------    0  Y   Y  1.00 14.49 1.00 -  |   458.9    434.3  0.00 | -1.0  0.0 0   0   0  0  1  0
  - 5.20s  --------    0  Y   Y  1.00 14.59 1.00 -  |   459.2    434.9  0.00 | -1.0  0.0 0   0   0  0  1  0
  - 5.10s  --------    0  Y   Y  1.00 14.69 1.00 -  |   459.6    435.4  0.00 | -1.0  0.0 0   0   0  0  1  0
  - 5.00s  --------    0  Y   Y  1.00 14.79 1.00 -  |   460.1    436.0  0.00 | -1.0  0.0 0   0   0  0  1  0
  - 4.90s  --------    0  Y   Y  1.00 14.89 1.00 -  |   460.6    436.4  0.00 | -1.0  0.0 0   0   0  0  1  0
  - 4.80s  --------    0  Y   Y  1.00 14.99 1.00 -  |   461.1    436.9  0.00 | -1.0  0.0 0   0   0  0  1  0
  - 4.69s  --------    0  Y   Y  1.00 15.10 1.00 -  |   461.7    437.4  0.00 | -1.0  0.0 0   0   0  0  1  0
  - 4.58s  --------    0  Y   Y  1.00 15.21 1.00 -  |   462.3    437.9  0.00 | -1.0  0.0 0   0   0  0  1  0
  - 4.47s  --------    0  Y   Y  1.00 15.32 1.00 -  |   463.0    438.4  0.00 | -1.0  0.0 0   0   0  0  1  0
  - 4.37s  --------    0  Y   Y  1.00 15.43 1.00 -  |   463.6    438.7  0.00 | -1.0  0.0 0   0   0  0  1  0
  - 4.26s  --------    0  Y   Y  1.00 15.53 1.00 -  |   464.2    439.0  0.00 | -1.0  0.0 0   0   0  0  1  0
  - 4.16s  --------    0  Y   Y  1.00 15.63 1.00 -  |   464.9    439.3  0.00 | -1.0  0.0 0   0   0  0  1  0
  - 4.06s  --------    0  Y   Y  1.00 15.73 1.00 -  |   465.5    439.5  0.00 | -1.0  0.0 0   0   0  0  1  0
  - 3.94s  --------    0  Y   Y  1.00 15.83 1.00 -  |   466.3    439.8  0.00 | -1.0  0.0 0   0   0  0  1  0
  - 3.83s  --------    0  Y   Y  1.00 15.96 1.00 -  |   467.1    440.1  0.00 | -1.0  0.0 0   0   0  0  1  0
  - 3.73s  --------    0  Y   Y  1.00 16.06 1.00 -  |   467.8    440.3  0.00 | -1.0  0.0 0   0   0  0  1  0
  - 3.63s  --------    0  Y   Y  1.00 16.16 1.00 -  |   468.4    440.5  0.00 | -1.0  0.0 0   0   0  0  1  0
  - 3.52s  --------    0  Y   Y  1.00 16.27 1.00 -  |   469.1    440.8  0.00 | -1.0 -1.0 0   0   0  0  1  0
  - 3.42s  --------    0  Y   Y  1.00 16.38 1.00 -  |   469.7    441.4  0.00 | -1.0 -1.0 0   0   0  0  1  0
  - 3.32s  --------    0  Y   Y  1.00 16.48 1.00 -  |   470.1    441.9  0.00 |  0.0 -1.0 0   0   0  0  1  0
  - 3.22s  --------    0  Y   Y  1.00 16.58 1.00 -  |   470.3    442.6  0.00 |  0.0 -1.0 0   0   0  0  1  0
  - 3.11s  --------    0  Y   Y  1.00 16.68 1.00 -  |   470.3    443.3  0.00 |  0.0 -1.0 0   0   0  0  1  0
  - 3.00s  --------    0  Y   Y  1.00 16.79 1.00 -  |   470.2    444.0  0.00 |  0.0 -1.0 0   0   0  0  1  0
  - 2.89s  --------    0  Y   Y  1.00 16.90 1.00 -  |   469.9    444.8  0.00 |  0.0 -1.0 0   0   0  0  1  0
  - 2.78s  --------    0  Y   Y  1.00 17.01 1.00 -  |   469.7    445.5  0.00 |  0.0 -1.0 0   0   0  0  1  0
  - 2.68s  --------    0  Y   Y  1.00 17.11 1.00 -  |   469.5    446.1  0.00 |  0.0 -1.0 0   0   0  0  1  0
  - 2.57s  --------    0  Y   Y  1.00 17.22 1.00 -  |   469.3    446.9  0.00 |  0.0 -1.0 0   0   0  0  1  0
  - 2.47s  --------    0  Y   Y  1.00 17.32 1.00 -  |   469.1    447.6  0.00 |  0.0 -1.0 0   0   0  0  1  0
  - 2.36s  --------    0  Y   Y  1.00 17.43 1.00 -  |   468.9    448.3  0.00 |  0.0 -1.0 0   0   0  0  1  0
  - 2.26s  --------    0  Y   Y  1.00 17.53 1.00 -  |   468.7    448.9  0.00 |  0.0 -1.0 0   0   0  0  1  0
  - 2.16s  --------    0  Y   Y  1.00 17.64 1.00 -  |   468.4    449.7  0.00 |  1.0 -1.0 0   0   0  0  1  0
  - 2.05s  --------    0  Y   Y  1.00 17.74 1.00 -  |   467.9    450.3  0.00 |  1.0 -1.0 0   0   0  0  1  0
  - 1.95s  --------    0  Y   Y  1.00 17.84 1.00 -  |   467.5    450.7  0.00 | -1.0  0.0 0   0   0  0  1  0
  - 1.84s  --------    0  Y   Y  1.00 17.95 1.00 -  |   467.4    451.4  0.00 | -1.0  0.0 0   0   0  0  1  0
  - 1.73s  --------    0  Y   Y  1.00 18.06 1.00 -  |   467.8    452.2  0.00 | -1.0  0.0 0   0   0  0  1  0
  - 1.62s  --------    0  Y   Y  1.00 18.17 1.00 -  |   468.5    452.5  0.00 | -1.0  0.0 0   0   0  0  1  0
  - 1.51s  --------    0  Y   Y  1.00 18.28 1.00 -  |   469.3    452.7  0.00 | -1.0  0.0 0   0   0  0  1  0
  - 1.40s  --------    0  Y   Y  1.00 18.39 1.00 -  |   469.9    452.9  0.00 | -1.0  0.0 0   0   0  0  1  0
  - 1.30s  --------    0  Y   Y  1.00 18.49 1.00 -  |   470.6    453.1  0.00 | -1.0  0.0 0   0   0  0  1  0
  - 1.20s  --------    0  Y   Y  1.00 18.59 1.00 -  |   471.4    453.3  0.00 | -1.0  0.0 0   0   0  0  1  0
  - 1.09s  --------    0  Y   Y  1.00 18.70 1.00 -  |   472.1    453.4  0.00 | -1.0  0.0 0   0   0  0  1  0
  - 0.99s  --------    0  Y   Y  1.00 18.80 1.00 -  |   472.8    453.5  0.00 | -1.0  0.0 0   0   0  0  1  0
  - 0.89s  --------    0  Y   Y  1.00 18.90 1.00 -  |   473.5    453.6  0.00 | -1.0  0.0 0   0   0  0  1  0
  - 0.78s  --------    0  Y   Y  1.00 19.01 1.00 -  |   474.2    453.6  0.00 | -1.0  0.0 0   0   0  0  1  0
  - 0.67s  --------    0  Y   Y  1.00 19.12 1.00 -  |   475.0    453.3  0.00 | -1.0  0.0 0   0   0  0  1  0
  - 0.57s  --------    0  Y   Y  1.00 19.23 1.00 -  |   475.5    452.8  0.00 | -1.0  0.0 0   0   0  0  1  0
  - 0.46s  --------    0  Y   Y  1.00 19.33 1.00 -  |   476.0    452.4  0.00 | -1.0  0.0 0   0   0  0  1  0
  - 0.36s  --------    0  Y   Y  1.00 19.43 1.00 -  |   476.6    451.9  0.00 | -1.0  0.0 0   0   0  0  1  0
  - 0.25s  --------    0  Y   Y  1.00 19.54 1.00 -  |   477.2    451.4  0.00 | -1.0  0.0 0   0   0  0  1  0
  - 0.15s  --------    0  Y   Y  1.00 19.64 1.00 -  |   477.8    450.9  0.00 | -1.0  0.0 0   0   0  0  1  0
  - 0.05s  --------    0  Y   Y  1.00 19.74 1.00 -  |   478.2    450.4  0.00 | -1.0  0.0 0   0   0  0  1  0
=========================================================== END

[  7278   68.995 x1.00] LOG  🐾 4-LEG JUMP #0
[  7278   68.995 x1.00] LOG  🐾 Jump 1 VFX spawned!
[  7326   69.465 x1.00] LOG  [ComboTrace] LAUNCH STEP (too far: OniBoss at 4.8m > engage 4.7m) dist=0.90m in 0.13s [AIRBORNE]
[  7326   69.465 x1.00] LOG  [Combat] Aerial spin — 25 dmg
[  7326   69.465 x1.00] LOG  [AirPosePin] engaged, holding body at 1.783m above the transform
[  7340   69.605 x1.00] LOG  [ComboTrace] LAUNCH RESULT wanted=0.90m actually moved=0.30m — completed
[  7375   69.925 x1.00] LOG  💨 Landing VFX spawned!
[  7375   69.925 x1.00] LOG  ✅ LANDED! (was jump #1)
[  7375   69.925 x1.00] LOG  [AirPosePin] released, peak correction was 0.999m
[  7403   70.184 x1.00] LOG  [ComboTrace] END step=3 clipProgress=0.91 clipLen=0.79s queued=0 elapsed=0.72s
[  7414   70.277 x1.00] LOG  [StormWeather] ⚡ strike at (484.43, 45.00, 439.95)
[  7557   71.607 x1.00] LOG  
==================== [FREEZE-DEBUG v3] ====================
  Reason : WASD-NOMOVE: WASD recent + speed 0.00m/s for 0.40s
  Time   : 66.267s   Frame: 7557   Snaps: 60
===========================================================

--- CURRENT STATE ---
  Flags: atk=False hvy=False dod=False dsh=False
         grd=False hit=False aerial=False lockPos=False
         comboStep=3
  Anim : speed=1.00  combatLayer hash=-792875657 normT=1.407 weight=1.00 inTransition=False
  CC   : grounded=True  enabled=True  pos=(482.72, 0.17, 428.25)  vel=(0.00, -0.59, 0.00)
  Move : IsRunning=True
  Input: H=0.00 V=-1.00  LMB=False MMB=False Q=False Sp=False Sh=True C=False
         WASD pressed in last 0.5s: True (last 0.00s ago)

--- FLIGHT RECORDER (60 snapshots, oldest first, dt=0.10s) ---
  Legend: flags = A(tk) H(vy) D(od) S(sh) G(rd) R(eact) Y(aerial) L(ock)   gnd/cc: Y/n
  t-now    flags     step gnd cc anSp normT layW tr | posX     posZ     spd   | H    V    LMB MMB Q  Sp Sh C
  ------   --------  ---- --- -- ---- ----- ---- -- | -----    -----    ----  | ---- ---- --- --- -- -- -- -
  - 6.27s  --------    0  Y   Y  1.00 17.84 1.00 -  |   467.5    450.7  0.00 | -1.0  0.0 0   0   0  0  1  0
  - 6.16s  --------    0  Y   Y  1.00 17.95 1.00 -  |   467.4    451.4  0.00 | -1.0  0.0 0   0   0  0  1  0
  - 6.05s  --------    0  Y   Y  1.00 18.06 1.00 -  |   467.8    452.2  0.00 | -1.0  0.0 0   0   0  0  1  0
  - 5.94s  --------    0  Y   Y  1.00 18.17 1.00 -  |   468.5    452.5  0.00 | -1.0  0.0 0   0   0  0  1  0
  - 5.83s  --------    0  Y   Y  1.00 18.28 1.00 -  |   469.3    452.7  0.00 | -1.0  0.0 0   0   0  0  1  0
  - 5.72s  --------    0  Y   Y  1.00 18.39 1.00 -  |   469.9    452.9  0.00 | -1.0  0.0 0   0   0  0  1  0
  - 5.62s  --------    0  Y   Y  1.00 18.49 1.00 -  |   470.6    453.1  0.00 | -1.0  0.0 0   0   0  0  1  0
  - 5.52s  --------    0  Y   Y  1.00 18.59 1.00 -  |   471.4    453.3  0.00 | -1.0  0.0 0   0   0  0  1  0
  - 5.42s  --------    0  Y   Y  1.00 18.70 1.00 -  |   472.1    453.4  0.00 | -1.0  0.0 0   0   0  0  1  0
  - 5.31s  --------    0  Y   Y  1.00 18.80 1.00 -  |   472.8    453.5  0.00 | -1.0  0.0 0   0   0  0  1  0
  - 5.21s  --------    0  Y   Y  1.00 18.90 1.00 -  |   473.5    453.6  0.00 | -1.0  0.0 0   0   0  0  1  0
  - 5.10s  --------    0  Y   Y  1.00 19.01 1.00 -  |   474.2    453.6  0.00 | -1.0  0.0 0   0   0  0  1  0
  - 4.99s  --------    0  Y   Y  1.00 19.12 1.00 -  |   475.0    453.3  0.00 | -1.0  0.0 0   0   0  0  1  0
  - 4.89s  --------    0  Y   Y  1.00 19.23 1.00 -  |   475.5    452.8  0.00 | -1.0  0.0 0   0   0  0  1  0
  - 4.78s  --------    0  Y   Y  1.00 19.33 1.00 -  |   476.0    452.4  0.00 | -1.0  0.0 0   0   0  0  1  0
  - 4.68s  --------    0  Y   Y  1.00 19.43 1.00 -  |   476.6    451.9  0.00 | -1.0  0.0 0   0   0  0  1  0
  - 4.57s  --------    0  Y   Y  1.00 19.54 1.00 -  |   477.2    451.4  0.00 | -1.0  0.0 0   0   0  0  1  0
  - 4.47s  --------    0  Y   Y  1.00 19.64 1.00 -  |   477.8    450.9  0.00 | -1.0  0.0 0   0   0  0  1  0
  - 4.37s  --------    0  Y   Y  1.00 19.74 1.00 -  |   478.2    450.4  0.00 | -1.0  0.0 0   0   0  0  1  0
  - 4.26s  --------    0  Y   Y  1.00 19.85 1.00 -  |   478.3    449.7  0.00 | -1.0  0.0 0   0   0  0  1  0
  - 4.16s  --------    0  Y   Y  1.00 19.95 1.00 -  |   478.4    449.0  0.00 | -1.0  0.0 0   0   0  0  1  0
  - 4.05s  --------    0  Y   Y  1.00 20.06 1.00 -  |   478.4    448.2  0.00 | -1.0  0.0 0   0   0  0  1  0
  - 3.95s  --------    0  Y   Y  1.00 20.16 1.00 -  |   478.3    447.5  0.00 | -1.0  0.0 0   0   0  0  1  0
  - 3.85s  --------    0  Y   Y  1.00 20.27 1.00 -  |   478.3    446.8  0.00 | -1.0  0.0 0   0   0  0  1  0
  - 3.74s  --------    0  Y   Y  1.00 20.37 1.00 -  |   478.2    446.1  0.00 | -1.0  0.0 0   0   0  0  1  0
  - 3.63s  --------    0  Y   Y  1.00 20.48 1.00 -  |   478.2    445.2  0.00 | -1.0  0.0 0   0   0  0  1  0
  - 3.53s  --------    0  Y   Y  1.00 20.58 1.00 -  |   478.1    444.5  0.00 | -1.0  0.0 0   0   0  0  1  0
  - 3.42s  --------    0  Y   Y  1.00 20.69 1.00 -  |   478.0    443.8  0.00 | -1.0  0.0 0   0   0  0  1  0
  - 3.32s  --------    0  Y   Y  1.00 20.79 1.00 -  |   477.9    443.0  0.00 | -1.0  0.0 0   0   0  0  1  0
  - 3.22s  --------    0  Y   Y  1.00 20.89 1.00 -  |   477.9    442.3  0.00 | -1.0  0.0 0   0   0  0  1  0
  - 3.11s  --------    0  Y   Y  1.00 21.00 1.00 -  |   477.8    441.6  0.00 | -1.0  0.0 0   0   0  0  1  0
  - 3.00s  --------    0  Y   Y  1.00 21.11 1.00 -  |   477.7    440.9  0.00 | -1.0  0.0 0   0   0  0  1  0
  - 2.89s  --------    0  Y   Y  1.00 21.22 1.00 -  |   477.6    440.1  0.00 | -1.0  0.0 0   0   0  0  1  0
  - 2.79s  --------    0  Y   Y  1.00 21.32 1.00 -  |   477.5    439.4  0.00 | -1.0  0.0 0   0   0  0  1  0
  - 2.69s  --------    0  Y   Y  1.00 21.43 1.00 -  |   477.4    438.7  0.00 | -1.0  0.0 0   0   0  0  1  0
  - 2.58s  --------    0  n   Y  1.00 21.53 1.00 -  |   477.4    438.0  0.00 | -1.0  0.0 0   0   0  1  1  0
  - 2.48s  --------    0  n   Y  1.00 21.63 1.00 -  |   477.3    437.5  0.00 | -1.0  0.0 0   0   0  1  1  0
  - 2.38s  --------    0  n   Y  1.00 21.73 1.00 -  |   477.2    437.0  0.00 | -1.0  0.0 0   0   0  0  1  0
  - 2.28s  --------    0  n   Y  1.00 21.83 1.00 -  |   477.2    436.6  0.00 | -1.0  0.0 1   0   0  0  1  0
  - 2.17s  --------    0  n   Y  1.00 21.94 1.00 -  |   477.1    436.1  0.00 | -1.0  0.0 1   0   0  0  1  0
  - 2.06s  A-----Y-    3  n   Y  1.00  0.09 1.00 -  |   477.0    436.4  5.83 | -1.0  0.0 0   0   0  0  1  0
  - 1.96s  A-----Y-    3  n   Y  1.00  0.21 1.00 -  |   477.0    436.1  0.00 | -1.0  0.0 0   0   0  0  1  0
  - 1.85s  A-----Y-    3  n   Y  1.00  0.35 1.00 -  |   476.9    435.6  0.00 | -1.0  0.0 0   0   0  0  1  0
  - 1.75s  A-----Y-    3  n   Y  1.00  0.48 1.00 -  |   476.8    435.1  0.00 | -1.0  0.0 0   0   0  0  1  0
  - 1.65s  ------Y-    3  Y   Y  1.00  0.60 1.00 -  |   476.8    434.7  0.00 | -1.0  0.0 0   0   0  0  1  0
  - 1.55s  ------Y-    3  Y   Y  1.00  0.73 1.00 -  |   476.7    434.0  0.00 | -1.0  0.0 0   0   0  0  1  0
  - 1.44s  ------Y-    3  Y   Y  1.00  0.87 1.00 -  |   476.6    433.3  0.00 | -1.0  0.0 0   0   0  0  1  0
  - 1.34s  --------    3  Y   Y  1.00  1.01 1.00 T  |   476.5    432.4  0.00 | -1.0  0.0 0   0   0  0  1  0
  - 1.23s  --------    3  Y   Y  1.00  0.17 1.00 -  |   476.4    431.7  0.00 | -1.0  0.0 0   0   0  0  1  0
  - 1.13s  --------    3  Y   Y  1.00  0.27 1.00 -  |   476.3    431.0  0.00 | -1.0  0.0 0   0   0  0  1  0
  - 1.02s  --------    3  Y   Y  1.00  0.38 1.00 -  |   476.3    430.3  0.00 |  0.0 -1.0 0   0   0  0  1  0
  - 0.91s  --------    3  Y   Y  1.00  0.49 1.00 -  |   476.5    429.5  0.00 |  0.0 -1.0 0   0   0  0  1  0
  - 0.80s  --------    3  Y   Y  1.00  0.60 1.00 -  |   477.1    429.1  0.00 |  0.0 -1.0 0   0   0  0  1  0
  - 0.70s  --------    3  Y   Y  1.00  0.67 1.00 -  |   477.9    428.8  0.00 |  0.0 -1.0 0   0   0  0  1  0
  - 0.60s  --------    3  Y   Y  1.00  0.81 1.00 -  |   478.5    428.8  0.00 |  0.0 -1.0 0   0   0  0  1  0
  - 0.50s  --------    3  Y   Y  1.00  0.91 1.00 -  |   479.2    428.7  0.00 |  0.0 -1.0 0   0   0  0  1  0
  - 0.39s  --------    3  Y   Y  1.00  1.01 1.00 -  |   479.9    428.6  0.00 |  0.0 -1.0 0   0   0  0  1  0
  - 0.29s  --------    3  Y   Y  1.00  1.12 1.00 -  |   480.6    428.5  0.00 |  0.0 -1.0 0   0   0  0  1  0
  - 0.19s  --------    3  Y   Y  1.00  1.22 1.00 -  |   481.3    428.4  0.00 |  0.0 -1.0 0   0   0  0  1  0
  - 0.08s  --------    3  Y   Y  1.00  1.32 1.00 -  |   482.2    428.3  0.00 |  0.0 -1.0 0   0   0  0  1  0
=========================================================== END

[  7560   71.636 x1.00] LOG  🐾 4-LEG JUMP #0
[  7560   71.636 x1.00] LOG  🐾 Jump 1 VFX spawned!
[  7660   72.575 x1.00] LOG  💨 Landing VFX spawned!
[  7660   72.575 x1.00] LOG  ✅ LANDED! (was jump #1)
[  7721   73.155 x1.00] LOG  [OniBoss] hold-ground: BACKSTEP 1.5m (player 3.5m)
[  7764   73.576 x1.00] LOG  [OniBoss] hold-ground: backstep done (0.67m), WATCH (player 4.3m, cooldown 0.0s)
[  7764   73.576 x1.00] LOG  [OniBoss] Playing animation: Idle
[  7765   73.587 x1.00] LOG  [OniBoss] hold-ground: cooldown over, player 4.4m > 3.5m — APPROACH
[  7765   73.587 x1.00] LOG  [OniBoss] Playing animation: Walk
[  7773   73.667 x1.00] LOG  [OniBoss] Playing animation: run
[  7979   75.667 x1.00] LOG  
==================== [FREEZE-DEBUG v3] ====================
  Reason : WASD-NOMOVE: WASD recent + speed 0.00m/s for 0.41s
  Time   : 70.326s   Frame: 7979   Snaps: 60
===========================================================

--- CURRENT STATE ---
  Flags: atk=False hvy=False dod=False dsh=False
         grd=False hit=False aerial=False lockPos=False
         comboStep=3
  Anim : speed=1.00  combatLayer hash=-792875657 normT=5.462 weight=1.00 inTransition=False
  CC   : grounded=True  enabled=True  pos=(473.38, -0.02, 440.90)  vel=(0.00, 0.00, 0.00)
  Move : IsRunning=True
  Input: H=0.00 V=-1.00  LMB=False MMB=False Q=False Sp=False Sh=True C=False
         WASD pressed in last 0.5s: True (last 0.00s ago)

--- FLIGHT RECORDER (60 snapshots, oldest first, dt=0.10s) ---
  Legend: flags = A(tk) H(vy) D(od) S(sh) G(rd) R(eact) Y(aerial) L(ock)   gnd/cc: Y/n
  t-now    flags     step gnd cc anSp normT layW tr | posX     posZ     spd   | H    V    LMB MMB Q  Sp Sh C
  ------   --------  ---- --- -- ---- ----- ---- -- | -----    -----    ----  | ---- ---- --- --- -- -- -- -
  - 6.23s  --------    0  n   Y  1.00 21.94 1.00 -  |   477.1    436.1  0.00 | -1.0  0.0 1   0   0  0  1  0
  - 6.12s  A-----Y-    3  n   Y  1.00  0.09 1.00 -  |   477.0    436.4  5.83 | -1.0  0.0 0   0   0  0  1  0
  - 6.02s  A-----Y-    3  n   Y  1.00  0.21 1.00 -  |   477.0    436.1  0.00 | -1.0  0.0 0   0   0  0  1  0
  - 5.91s  A-----Y-    3  n   Y  1.00  0.35 1.00 -  |   476.9    435.6  0.00 | -1.0  0.0 0   0   0  0  1  0
  - 5.81s  A-----Y-    3  n   Y  1.00  0.48 1.00 -  |   476.8    435.1  0.00 | -1.0  0.0 0   0   0  0  1  0
  - 5.71s  ------Y-    3  Y   Y  1.00  0.60 1.00 -  |   476.8    434.7  0.00 | -1.0  0.0 0   0   0  0  1  0
  - 5.61s  ------Y-    3  Y   Y  1.00  0.73 1.00 -  |   476.7    434.0  0.00 | -1.0  0.0 0   0   0  0  1  0
  - 5.50s  ------Y-    3  Y   Y  1.00  0.87 1.00 -  |   476.6    433.3  0.00 | -1.0  0.0 0   0   0  0  1  0
  - 5.40s  --------    3  Y   Y  1.00  1.01 1.00 T  |   476.5    432.4  0.00 | -1.0  0.0 0   0   0  0  1  0
  - 5.29s  --------    3  Y   Y  1.00  0.17 1.00 -  |   476.4    431.7  0.00 | -1.0  0.0 0   0   0  0  1  0
  - 5.19s  --------    3  Y   Y  1.00  0.27 1.00 -  |   476.3    431.0  0.00 | -1.0  0.0 0   0   0  0  1  0
  - 5.08s  --------    3  Y   Y  1.00  0.38 1.00 -  |   476.3    430.3  0.00 |  0.0 -1.0 0   0   0  0  1  0
  - 4.97s  --------    3  Y   Y  1.00  0.49 1.00 -  |   476.5    429.5  0.00 |  0.0 -1.0 0   0   0  0  1  0
  - 4.86s  --------    3  Y   Y  1.00  0.60 1.00 -  |   477.1    429.1  0.00 |  0.0 -1.0 0   0   0  0  1  0
  - 4.76s  --------    3  Y   Y  1.00  0.67 1.00 -  |   477.9    428.8  0.00 |  0.0 -1.0 0   0   0  0  1  0
  - 4.66s  --------    3  Y   Y  1.00  0.81 1.00 -  |   478.5    428.8  0.00 |  0.0 -1.0 0   0   0  0  1  0
  - 4.56s  --------    3  Y   Y  1.00  0.91 1.00 -  |   479.2    428.7  0.00 |  0.0 -1.0 0   0   0  0  1  0
  - 4.45s  --------    3  Y   Y  1.00  1.01 1.00 -  |   479.9    428.6  0.00 |  0.0 -1.0 0   0   0  0  1  0
  - 4.35s  --------    3  Y   Y  1.00  1.12 1.00 -  |   480.6    428.5  0.00 |  0.0 -1.0 0   0   0  0  1  0
  - 4.25s  --------    3  Y   Y  1.00  1.22 1.00 -  |   481.3    428.4  0.00 |  0.0 -1.0 0   0   0  0  1  0
  - 4.14s  --------    3  Y   Y  1.00  1.32 1.00 -  |   482.2    428.3  0.00 |  0.0 -1.0 0   0   0  0  1  0
  - 4.03s  --------    3  Y   Y  1.00  1.43 1.00 -  |   482.9    428.2  0.00 |  0.0 -1.0 0   0   0  1  1  0
  - 3.92s  --------    3  n   Y  1.00  1.54 1.00 -  |   483.4    428.2  0.00 |  0.0 -1.0 0   0   0  1  1  0
  - 3.82s  --------    3  n   Y  1.00  1.64 1.00 -  |   483.9    428.2  0.00 |  0.0 -1.0 0   0   0  1  1  0
  - 3.72s  --------    3  n   Y  1.00  1.74 1.00 -  |   484.3    428.1  0.00 |  0.0 -1.0 0   0   0  1  1  0
  - 3.61s  --------    3  n   Y  1.00  1.85 1.00 -  |   484.8    428.1  0.00 |  0.0 -1.0 0   0   0  1  1  0
  - 3.51s  --------    3  n   Y  1.00  1.95 1.00 -  |   485.2    428.1  0.00 |  0.0 -1.0 0   0   0  1  1  0
  - 3.41s  --------    3  n   Y  1.00  2.05 1.00 -  |   485.7    428.0  0.00 |  0.0 -1.0 0   0   0  0  1  0
  - 3.30s  --------    3  n   Y  1.00  2.16 1.00 -  |   486.2    428.0  0.00 |  0.0 -1.0 0   0   0  0  1  0
  - 3.20s  --------    3  n   Y  1.00  2.26 1.00 -  |   486.7    428.1  0.00 |  1.0 -1.0 0   0   0  0  1  0
  - 3.09s  --------    3  Y   Y  1.00  2.37 1.00 -  |   487.1    428.2  0.00 |  1.0  0.0 0   0   0  0  1  0
  - 2.99s  --------    3  Y   Y  1.00  2.48 1.00 -  |   487.6    428.7  0.00 |  1.0  0.0 0   0   0  0  1  0
  - 2.88s  --------    3  Y   Y  1.00  2.58 1.00 -  |   487.8    429.4  0.00 |  1.0  0.0 0   0   0  0  1  0
  - 2.78s  --------    3  Y   Y  1.00  2.68 1.00 -  |   487.7    430.2  0.00 |  1.0  0.0 0   0   0  0  1  0
  - 2.67s  --------    3  Y   Y  1.00  2.79 1.00 -  |   487.6    430.9  0.00 |  1.0  0.0 0   0   0  0  1  0
  - 2.56s  --------    3  Y   Y  1.00  2.90 1.00 -  |   487.4    431.7  0.00 |  1.0  0.0 0   0   0  0  1  0
  - 2.46s  --------    3  Y   Y  1.00  3.00 1.00 -  |   487.2    432.4  0.00 |  1.0  0.0 0   0   0  0  1  0
  - 2.36s  --------    3  Y   Y  1.00  3.11 1.00 -  |   486.9    433.0  0.00 |  1.0  0.0 0   0   0  0  1  0
  - 2.25s  --------    3  Y   Y  1.00  3.21 1.00 -  |   486.5    433.6  0.00 |  1.0  0.0 0   0   0  0  1  0
  - 2.14s  --------    3  Y   Y  1.00  3.32 1.00 -  |   486.1    434.3  0.00 |  1.0  0.0 0   0   0  0  1  0
  - 2.03s  --------    3  Y   Y  1.00  3.43 1.00 -  |   485.7    434.9  0.00 |  1.0  0.0 0   0   0  0  1  0
  - 1.93s  --------    3  Y   Y  1.00  3.53 1.00 -  |   485.2    435.5  0.00 |  1.0  0.0 0   0   0  0  1  0
  - 1.82s  --------    3  Y   Y  1.00  3.64 1.00 -  |   484.7    436.1  0.00 |  1.0  0.0 0   0   0  0  1  0
  - 1.72s  --------    3  Y   Y  1.00  3.74 1.00 -  |   484.2    436.6  0.00 |  1.0  0.0 0   0   0  0  1  0
  - 1.61s  --------    3  Y   Y  1.00  3.85 1.00 -  |   483.7    437.1  0.00 |  1.0  0.0 0   0   0  0  1  0
  - 1.51s  --------    3  Y   Y  1.00  3.95 1.00 -  |   483.1    437.5  0.00 |  1.0  0.0 0   0   0  0  1  0
  - 1.41s  --------    3  Y   Y  1.00  4.05 1.00 -  |   482.6    437.9  0.00 |  1.0  0.0 0   0   0  0  1  0
  - 1.31s  --------    3  Y   Y  1.00  4.15 1.00 -  |   482.0    438.4  0.00 |  1.0  0.0 0   0   0  0  1  0
  - 1.20s  --------    3  Y   Y  1.00  4.26 1.00 -  |   481.3    438.8  0.00 |  1.0  0.0 0   0   0  0  1  0
  - 1.10s  --------    3  Y   Y  1.00  4.36 1.00 -  |   480.7    439.2  0.00 |  1.0  0.0 0   0   0  0  1  0
  - 0.99s  --------    3  Y   Y  1.00  4.47 1.00 -  |   480.1    439.4  0.00 |  1.0  0.0 0   0   0  0  1  0
  - 0.88s  --------    3  Y   Y  1.00  4.58 1.00 -  |   479.3    439.8  0.00 |  1.0  0.0 0   0   0  0  1  0
  - 0.78s  --------    3  Y   Y  1.00  4.68 1.00 -  |   478.6    440.0  0.00 |  1.0  0.0 0   0   0  0  1  0
  - 0.68s  --------    3  Y   Y  1.00  4.78 1.00 -  |   478.0    440.3  0.00 |  1.0  0.0 0   0   0  0  1  0
  - 0.58s  --------    3  Y   Y  1.00  4.88 1.00 -  |   477.3    440.5  0.00 |  1.0  0.0 0   0   0  0  1  0
  - 0.47s  --------    3  Y   Y  1.00  4.99 1.00 -  |   476.6    440.5  0.00 |  1.0  0.0 0   0   0  0  1  0
  - 0.36s  --------    3  Y   Y  1.00  5.10 1.00 -  |   475.8    440.5  0.00 |  1.0  0.0 0   0   0  0  1  0
  - 0.26s  --------    3  Y   Y  1.00  5.20 1.00 -  |   475.1    440.5  0.00 |  1.0  0.0 0   0   0  0  1  0
  - 0.15s  --------    3  Y   Y  1.00  5.31 1.00 -  |   474.4    440.5  0.00 |  0.0 -1.0 0   0   0  0  1  0
  - 0.05s  --------    3  Y   Y  1.00  5.42 1.00 -  |   473.7    440.6  0.00 |  0.0 -1.0 0   0   0  0  1  0
=========================================================== END

[  8419   79.717 x1.00] LOG  
==================== [FREEZE-DEBUG v3] ====================
  Reason : WASD-NOMOVE: WASD recent + speed 0.00m/s for 0.40s
  Time   : 74.377s   Frame: 8419   Snaps: 60
===========================================================

--- CURRENT STATE ---
  Flags: atk=False hvy=False dod=False dsh=False
         grd=False hit=False aerial=False lockPos=False
         comboStep=3
  Anim : speed=1.00  combatLayer hash=-792875657 normT=9.513 weight=1.00 inTransition=False
  CC   : grounded=True  enabled=True  pos=(491.01, -0.02, 443.70)  vel=(0.00, 0.00, 0.00)
  Move : IsRunning=True
  Input: H=-1.00 V=0.00  LMB=False MMB=False Q=False Sp=False Sh=True C=False
         WASD pressed in last 0.5s: True (last 0.00s ago)

--- FLIGHT RECORDER (60 snapshots, oldest first, dt=0.10s) ---
  Legend: flags = A(tk) H(vy) D(od) S(sh) G(rd) R(eact) Y(aerial) L(ock)   gnd/cc: Y/n
  t-now    flags     step gnd cc anSp normT layW tr | posX     posZ     spd   | H    V    LMB MMB Q  Sp Sh C
  ------   --------  ---- --- -- ---- ----- ---- -- | -----    -----    ----  | ---- ---- --- --- -- -- -- -
  - 6.19s  --------    3  Y   Y  1.00  3.32 1.00 -  |   486.1    434.3  0.00 |  1.0  0.0 0   0   0  0  1  0
  - 6.08s  --------    3  Y   Y  1.00  3.43 1.00 -  |   485.7    434.9  0.00 |  1.0  0.0 0   0   0  0  1  0
  - 5.98s  --------    3  Y   Y  1.00  3.53 1.00 -  |   485.2    435.5  0.00 |  1.0  0.0 0   0   0  0  1  0
  - 5.87s  --------    3  Y   Y  1.00  3.64 1.00 -  |   484.7    436.1  0.00 |  1.0  0.0 0   0   0  0  1  0
  - 5.77s  --------    3  Y   Y  1.00  3.74 1.00 -  |   484.2    436.6  0.00 |  1.0  0.0 0   0   0  0  1  0
  - 5.66s  --------    3  Y   Y  1.00  3.85 1.00 -  |   483.7    437.1  0.00 |  1.0  0.0 0   0   0  0  1  0
  - 5.56s  --------    3  Y   Y  1.00  3.95 1.00 -  |   483.1    437.5  0.00 |  1.0  0.0 0   0   0  0  1  0
  - 5.46s  --------    3  Y   Y  1.00  4.05 1.00 -  |   482.6    437.9  0.00 |  1.0  0.0 0   0   0  0  1  0
  - 5.36s  --------    3  Y   Y  1.00  4.15 1.00 -  |   482.0    438.4  0.00 |  1.0  0.0 0   0   0  0  1  0
  - 5.25s  --------    3  Y   Y  1.00  4.26 1.00 -  |   481.3    438.8  0.00 |  1.0  0.0 0   0   0  0  1  0
  - 5.15s  --------    3  Y   Y  1.00  4.36 1.00 -  |   480.7    439.2  0.00 |  1.0  0.0 0   0   0  0  1  0
  - 5.04s  --------    3  Y   Y  1.00  4.47 1.00 -  |   480.1    439.4  0.00 |  1.0  0.0 0   0   0  0  1  0
  - 4.93s  --------    3  Y   Y  1.00  4.58 1.00 -  |   479.3    439.8  0.00 |  1.0  0.0 0   0   0  0  1  0
  - 4.83s  --------    3  Y   Y  1.00  4.68 1.00 -  |   478.6    440.0  0.00 |  1.0  0.0 0   0   0  0  1  0
  - 4.73s  --------    3  Y   Y  1.00  4.78 1.00 -  |   478.0    440.3  0.00 |  1.0  0.0 0   0   0  0  1  0
  - 4.63s  --------    3  Y   Y  1.00  4.88 1.00 -  |   477.3    440.5  0.00 |  1.0  0.0 0   0   0  0  1  0
  - 4.52s  --------    3  Y   Y  1.00  4.99 1.00 -  |   476.6    440.5  0.00 |  1.0  0.0 0   0   0  0  1  0
  - 4.41s  --------    3  Y   Y  1.00  5.10 1.00 -  |   475.8    440.5  0.00 |  1.0  0.0 0   0   0  0  1  0
  - 4.31s  --------    3  Y   Y  1.00  5.20 1.00 -  |   475.1    440.5  0.00 |  1.0  0.0 0   0   0  0  1  0
  - 4.20s  --------    3  Y   Y  1.00  5.31 1.00 -  |   474.4    440.5  0.00 |  0.0 -1.0 0   0   0  0  1  0
  - 4.10s  --------    3  Y   Y  1.00  5.42 1.00 -  |   473.7    440.6  0.00 |  0.0 -1.0 0   0   0  0  1  0
  - 3.99s  --------    3  Y   Y  1.00  5.52 1.00 -  |   473.1    441.2  0.00 |  0.0 -1.0 0   0   0  0  1  0
  - 3.88s  --------    3  Y   Y  1.00  5.63 1.00 -  |   473.0    441.9  0.00 |  0.0 -1.0 0   0   0  0  1  0
  - 3.78s  --------    3  Y   Y  1.00  5.73 1.00 -  |   472.9    442.6  0.00 |  0.0 -1.0 0   0   0  0  1  0
  - 3.68s  --------    3  Y   Y  1.00  5.83 1.00 -  |   472.9    443.3  0.00 |  0.0 -1.0 0   0   0  0  1  0
  - 3.57s  --------    3  Y   Y  1.00  5.94 1.00 -  |   472.9    444.0  0.00 |  0.0 -1.0 0   0   0  0  1  0
  - 3.47s  --------    3  Y   Y  1.00  6.04 1.00 -  |   472.8    444.8  0.00 |  0.0 -1.0 0   0   0  0  1  0
  - 3.37s  --------    3  Y   Y  1.00  6.15 1.00 -  |   472.8    445.5  0.00 |  0.0 -1.0 0   0   0  0  1  0
  - 3.27s  --------    3  Y   Y  1.00  6.25 1.00 -  |   472.8    446.2  0.00 |  0.0 -1.0 0   0   0  0  1  0
  - 3.16s  --------    3  Y   Y  1.00  6.35 1.00 -  |   472.7    446.9  0.00 |  0.0 -1.0 0   0   0  0  1  0
  - 3.05s  --------    3  Y   Y  1.00  6.46 1.00 -  |   472.7    447.8  0.00 | -1.0  0.0 0   0   0  0  1  0
  - 2.95s  --------    3  Y   Y  1.00  6.56 1.00 -  |   473.0    448.4  0.00 | -1.0  0.0 0   0   0  0  1  0
  - 2.85s  --------    3  Y   Y  1.00  6.66 1.00 -  |   473.5    448.9  0.00 | -1.0  0.0 0   0   0  0  1  0
  - 2.74s  --------    3  Y   Y  1.00  6.77 1.00 -  |   474.2    449.1  0.00 | -1.0  0.0 0   0   0  0  1  0
  - 2.64s  --------    3  Y   Y  1.00  6.87 1.00 -  |   474.9    449.1  0.00 | -1.0  0.0 0   0   0  0  1  0
  - 2.53s  --------    3  Y   Y  1.00  6.98 1.00 -  |   475.7    449.1  0.00 | -1.0  0.0 0   0   0  0  1  0
  - 2.43s  --------    3  Y   Y  1.00  7.08 1.00 -  |   476.4    449.1  0.00 | -1.0  0.0 0   0   0  0  1  0
  - 2.32s  --------    3  Y   Y  1.00  7.19 1.00 -  |   477.1    449.2  0.00 | -1.0  0.0 0   0   0  0  1  0
  - 2.22s  --------    3  Y   Y  1.00  7.29 1.00 -  |   477.8    449.2  0.00 | -1.0  0.0 0   0   0  0  1  0
  - 2.12s  --------    3  Y   Y  1.00  7.40 1.00 -  |   478.5    449.2  0.00 | -1.0  0.0 0   0   0  0  1  0
  - 2.01s  --------    3  Y   Y  1.00  7.50 1.00 -  |   479.4    449.2  0.00 | -1.0  0.0 0   0   0  0  1  0
  - 1.91s  --------    3  Y   Y  1.00  7.61 1.00 -  |   480.1    449.3  0.00 | -1.0  0.0 0   0   0  0  1  0
  - 1.81s  --------    3  Y   Y  1.00  7.71 1.00 -  |   480.8    449.3  0.00 | -1.0  0.0 0   0   0  0  1  0
  - 1.70s  --------    3  Y   Y  1.00  7.81 1.00 -  |   481.5    449.3  0.00 | -1.0  0.0 0   0   0  0  1  0
  - 1.60s  --------    3  Y   Y  1.00  7.92 1.00 -  |   482.2    449.3  0.00 | -1.0  0.0 0   0   0  0  1  0
  - 1.49s  --------    3  Y   Y  1.00  8.02 1.00 -  |   483.0    449.3  0.00 | -1.0  0.0 0   0   0  0  1  0
  - 1.39s  --------    3  Y   Y  1.00  8.12 1.00 -  |   483.7    449.3  0.00 | -1.0  0.0 0   0   0  0  1  0
  - 1.29s  --------    3  Y   Y  1.00  8.22 1.00 -  |   484.4    449.2  0.00 | -1.0  0.0 0   0   0  0  1  0
  - 1.18s  --------    3  Y   Y  1.00  8.33 1.00 -  |   485.1    449.1  0.00 | -1.0  0.0 0   0   0  0  1  0
  - 1.08s  --------    3  Y   Y  1.00  8.43 1.00 -  |   485.8    448.9  0.00 | -1.0  0.0 0   0   0  0  1  0
  - 0.97s  --------    3  Y   Y  1.00  8.54 1.00 -  |   486.5    448.5  0.00 | -1.0  0.0 0   0   0  0  1  0
  - 0.87s  --------    3  Y   Y  1.00  8.64 1.00 -  |   487.1    448.1  0.00 | -1.0  0.0 0   0   0  0  1  0
  - 0.77s  --------    3  Y   Y  1.00  8.75 1.00 -  |   487.6    447.7  0.00 | -1.0  0.0 0   0   0  0  1  0
  - 0.66s  --------    3  Y   Y  1.00  8.85 1.00 -  |   488.2    447.2  0.00 | -1.0  0.0 0   0   0  0  1  0
  - 0.56s  --------    3  Y   Y  1.00  8.95 1.00 -  |   488.7    446.8  0.00 | -1.0  0.0 0   0   0  0  1  0
  - 0.46s  --------    3  Y   Y  1.00  9.05 1.00 -  |   489.2    446.3  0.00 | -1.0  0.0 0   0   0  0  1  0
  - 0.35s  --------    3  Y   Y  1.00  9.16 1.00 -  |   489.8    445.7  0.00 | -1.0  0.0 0   0   0  0  1  0
  - 0.24s  --------    3  Y   Y  1.00  9.27 1.00 -  |   490.2    445.2  0.00 | -1.0  0.0 0   0   0  0  1  0
  - 0.14s  --------    3  Y   Y  1.00  9.37 1.00 -  |   490.6    444.6  0.00 | -1.0  0.0 0   0   0  0  1  0
  - 0.04s  --------    3  Y   Y  1.00  9.47 1.00 -  |   490.9    444.0  0.00 | -1.0  0.0 0   0   0  0  1  0
=========================================================== END

[  8827   83.777 x1.00] LOG  
==================== [FREEZE-DEBUG v3] ====================
  Reason : WASD-NOMOVE: WASD recent + speed 0.00m/s for 0.41s
  Time   : 78.437s   Frame: 8827   Snaps: 60
===========================================================

--- CURRENT STATE ---
  Flags: atk=False hvy=False dod=False dsh=False
         grd=False hit=False aerial=False lockPos=False
         comboStep=3
  Anim : speed=1.00  combatLayer hash=-792875657 normT=13.573 weight=1.00 inTransition=False
  CC   : grounded=True  enabled=True  pos=(501.16, -0.02, 443.43)  vel=(0.00, 0.00, 0.00)
  Move : IsRunning=False
  Input: H=0.00 V=0.00  LMB=False MMB=False Q=False Sp=False Sh=False C=False
         WASD pressed in last 0.5s: True (last 0.09s ago)

--- FLIGHT RECORDER (60 snapshots, oldest first, dt=0.10s) ---
  Legend: flags = A(tk) H(vy) D(od) S(sh) G(rd) R(eact) Y(aerial) L(ock)   gnd/cc: Y/n
  t-now    flags     step gnd cc anSp normT layW tr | posX     posZ     spd   | H    V    LMB MMB Q  Sp Sh C
  ------   --------  ---- --- -- ---- ----- ---- -- | -----    -----    ----  | ---- ---- --- --- -- -- -- -
  - 6.28s  --------    3  Y   Y  1.00  7.29 1.00 -  |   477.8    449.2  0.00 | -1.0  0.0 0   0   0  0  1  0
  - 6.18s  --------    3  Y   Y  1.00  7.40 1.00 -  |   478.5    449.2  0.00 | -1.0  0.0 0   0   0  0  1  0
  - 6.07s  --------    3  Y   Y  1.00  7.50 1.00 -  |   479.4    449.2  0.00 | -1.0  0.0 0   0   0  0  1  0
  - 5.97s  --------    3  Y   Y  1.00  7.61 1.00 -  |   480.1    449.3  0.00 | -1.0  0.0 0   0   0  0  1  0
  - 5.87s  --------    3  Y   Y  1.00  7.71 1.00 -  |   480.8    449.3  0.00 | -1.0  0.0 0   0   0  0  1  0
  - 5.76s  --------    3  Y   Y  1.00  7.81 1.00 -  |   481.5    449.3  0.00 | -1.0  0.0 0   0   0  0  1  0
  - 5.66s  --------    3  Y   Y  1.00  7.92 1.00 -  |   482.2    449.3  0.00 | -1.0  0.0 0   0   0  0  1  0
  - 5.55s  --------    3  Y   Y  1.00  8.02 1.00 -  |   483.0    449.3  0.00 | -1.0  0.0 0   0   0  0  1  0
  - 5.45s  --------    3  Y   Y  1.00  8.12 1.00 -  |   483.7    449.3  0.00 | -1.0  0.0 0   0   0  0  1  0
  - 5.35s  --------    3  Y   Y  1.00  8.22 1.00 -  |   484.4    449.2  0.00 | -1.0  0.0 0   0   0  0  1  0
  - 5.24s  --------    3  Y   Y  1.00  8.33 1.00 -  |   485.1    449.1  0.00 | -1.0  0.0 0   0   0  0  1  0
  - 5.14s  --------    3  Y   Y  1.00  8.43 1.00 -  |   485.8    448.9  0.00 | -1.0  0.0 0   0   0  0  1  0
  - 5.03s  --------    3  Y   Y  1.00  8.54 1.00 -  |   486.5    448.5  0.00 | -1.0  0.0 0   0   0  0  1  0
  - 4.93s  --------    3  Y   Y  1.00  8.64 1.00 -  |   487.1    448.1  0.00 | -1.0  0.0 0   0   0  0  1  0
  - 4.83s  --------    3  Y   Y  1.00  8.75 1.00 -  |   487.6    447.7  0.00 | -1.0  0.0 0   0   0  0  1  0
  - 4.72s  --------    3  Y   Y  1.00  8.85 1.00 -  |   488.2    447.2  0.00 | -1.0  0.0 0   0   0  0  1  0
  - 4.62s  --------    3  Y   Y  1.00  8.95 1.00 -  |   488.7    446.8  0.00 | -1.0  0.0 0   0   0  0  1  0
  - 4.52s  --------    3  Y   Y  1.00  9.05 1.00 -  |   489.2    446.3  0.00 | -1.0  0.0 0   0   0  0  1  0
  - 4.41s  --------    3  Y   Y  1.00  9.16 1.00 -  |   489.8    445.7  0.00 | -1.0  0.0 0   0   0  0  1  0
  - 4.30s  --------    3  Y   Y  1.00  9.27 1.00 -  |   490.2    445.2  0.00 | -1.0  0.0 0   0   0  0  1  0
  - 4.20s  --------    3  Y   Y  1.00  9.37 1.00 -  |   490.6    444.6  0.00 | -1.0  0.0 0   0   0  0  1  0
  - 4.10s  --------    3  Y   Y  1.00  9.47 1.00 -  |   490.9    444.0  0.00 | -1.0  0.0 0   0   0  0  1  0
  - 3.99s  --------    3  Y   Y  1.00  9.58 1.00 -  |   491.2    443.2  0.00 | -1.0  0.0 0   0   0  0  1  0
  - 3.88s  --------    3  Y   Y  1.00  9.69 1.00 -  |   491.3    442.5  0.00 | -1.0  0.0 0   0   0  0  1  0
  - 3.78s  --------    3  Y   Y  1.00  9.79 1.00 -  |   491.5    441.8  0.00 | -1.0  0.0 0   0   0  0  1  0
  - 3.67s  --------    3  Y   Y  1.00  9.90 1.00 -  |   491.6    441.0  0.00 | -1.0  0.0 0   0   0  0  1  0
  - 3.57s  --------    3  Y   Y  1.00 10.01 1.00 -  |   491.7    440.3  0.00 | -1.0  0.0 0   0   0  0  1  0
  - 3.46s  --------    3  Y   Y  1.00 10.11 1.00 -  |   491.9    439.6  0.00 | -1.0  0.0 0   0   0  0  1  0
  - 3.36s  --------    3  Y   Y  1.00 10.21 1.00 -  |   492.0    438.9  0.00 | -1.0  0.0 0   0   0  0  1  0
  - 3.25s  --------    3  Y   Y  1.00 10.32 1.00 -  |   492.1    438.1  0.00 | -1.0  0.0 0   0   0  0  1  0
  - 3.14s  --------    3  Y   Y  1.00 10.43 1.00 -  |   492.1    437.4  0.00 | -1.0  0.0 0   0   0  0  1  0
  - 3.03s  --------    3  Y   Y  1.00 10.54 1.00 -  |   492.2    436.5  0.00 | -1.0  0.0 0   0   0  0  1  0
  - 2.92s  --------    3  Y   Y  1.00 10.65 1.00 -  |   492.2    435.8  0.00 | -1.0  0.0 0   0   0  0  1  0
  - 2.82s  --------    3  Y   Y  1.00 10.75 1.00 -  |   492.2    435.1  0.00 | -1.0  0.0 0   0   0  0  1  0
  - 2.72s  --------    3  Y   Y  1.00 10.85 1.00 -  |   492.2    434.4  0.00 | -1.0  0.0 0   0   0  0  1  0
  - 2.61s  --------    3  Y   Y  1.00 10.96 1.00 -  |   492.2    433.6  0.00 | -1.0  0.0 0   0   0  0  1  0
  - 2.51s  --------    3  Y   Y  1.00 11.06 1.00 -  |   492.2    432.9  0.00 | -1.0  0.0 0   0   0  0  1  0
  - 2.40s  --------    3  Y   Y  1.00 11.17 1.00 -  |   492.1    432.2  0.00 | -1.0  0.0 0   0   0  0  1  0
  - 2.30s  --------    3  Y   Y  1.00 11.27 1.00 -  |   492.1    431.5  0.00 | -1.0  0.0 0   0   0  0  1  0
  - 2.19s  --------    3  Y   Y  1.00 11.38 1.00 -  |   492.0    431.2  0.00 |  1.0  0.0 0   0   0  0  1  0
  - 2.08s  --------    3  Y   Y  1.00 11.49 1.00 -  |   492.4    431.8  0.00 |  1.0  0.0 0   0   0  0  1  0
  - 1.97s  --------    3  Y   Y  1.00 11.60 1.00 -  |   492.9    432.5  0.00 |  1.0  0.0 0   0   0  0  1  0
  - 1.87s  --------    3  Y   Y  1.00 11.70 1.00 -  |   493.3    433.0  0.00 |  1.0  0.0 0   0   0  0  1  0
  - 1.77s  --------    3  Y   Y  1.00 11.80 1.00 -  |   493.8    433.6  0.00 |  1.0  0.0 0   0   0  0  1  0
  - 1.66s  --------    3  Y   Y  1.00 11.91 1.00 -  |   494.2    434.1  0.00 |  1.0  0.0 0   0   0  0  1  0
  - 1.56s  --------    3  Y   Y  1.00 12.01 1.00 -  |   494.6    434.7  0.00 |  1.0  0.0 0   0   0  0  1  0
  - 1.46s  --------    3  Y   Y  1.00 12.11 1.00 -  |   495.1    435.2  0.00 |  1.0  0.0 0   0   0  0  1  0
  - 1.35s  --------    3  Y   Y  1.00 12.22 1.00 -  |   495.6    435.9  0.00 |  1.0  0.0 0   0   0  0  1  0
  - 1.24s  --------    3  Y   Y  1.00 12.33 1.00 -  |   496.0    436.5  0.00 |  1.0  0.0 0   0   0  0  1  0
  - 1.13s  --------    3  Y   Y  1.00 12.44 1.00 -  |   496.5    437.1  0.00 |  1.0  0.0 0   0   0  0  1  0
  - 1.03s  --------    3  Y   Y  1.00 12.54 1.00 -  |   496.9    437.7  0.00 |  1.0  0.0 0   0   0  0  1  0
  - 0.92s  --------    3  Y   Y  1.00 12.65 1.00 -  |   497.4    438.2  0.00 |  1.0  0.0 0   0   0  0  1  0
  - 0.82s  --------    3  Y   Y  1.00 12.75 1.00 -  |   497.8    438.8  0.00 |  1.0  0.0 0   0   0  0  1  0
  - 0.71s  --------    3  Y   Y  1.00 12.86 1.00 -  |   498.3    439.5  0.00 |  1.0  0.0 0   0   0  0  1  0
  - 0.60s  --------    3  Y   Y  1.00 12.97 1.00 -  |   498.7    440.0  0.00 |  1.0  0.0 0   0   0  0  1  0
  - 0.50s  --------    3  Y   Y  1.00 13.07 1.00 -  |   499.1    440.6  0.00 |  1.0  0.0 0   0   0  0  1  0
  - 0.39s  --------    3  Y   Y  1.00 13.18 1.00 -  |   499.6    441.3  0.00 |  1.0  0.0 0   0   0  0  1  0
  - 0.28s  --------    3  Y   Y  1.00 13.29 1.00 -  |   500.0    441.8  0.00 |  1.0  0.0 0   0   0  0  1  0
  - 0.17s  --------    3  Y   Y  1.00 13.40 1.00 -  |   500.5    442.5  0.00 |  1.0  0.0 0   0   0  0  1  0
  - 0.06s  --------    3  Y   Y  1.00 13.51 1.00 -  |   500.9    443.1  0.00 |  0.0  0.0 0   0   0  0  1  0
=========================================================== END

[  8884   84.390 x1.00] LOG  [OniBoss] Playing animation: Idle
[  8884   84.390 x1.00] LOG  [OniBoss] Chase → Attack
[  8884   84.390 x1.00] LOG  [OniBoss] Attack: ClubSlam (20 dmg)
[  8884   84.390 x1.00] LOG  [OniBoss:Trail] ClubSlam trail START at clip 1.00 (transition done).
[  8894   84.489 x1.00] LOG  [OniBoss:Layer] step-in: 'ClubSlam' closed 0.45m, Yoru now 3.0m away (range 3.5)
[  8925   84.799 x1.00] LOG  [CameraGameFeel] Shake: intensity=0.50 duration=0.400s
[  8925   84.799 x1.00] LOG  [Combat] Hit react: HitReact_Heavy_2Leg (0.9s)
[  8925   84.799 x1.00] LOG  [HitReactTrace] asked for 'HitReact_Heavy_2Leg' (0.90s) — blend resolved after 0 ms, now playing a clip 1.00s long at speed 1.00, layer weight 1.00, animator.speed 1.00.
[  8925   84.799 x1.00] LOG  [CameraGameFeel] Shake: intensity=0.60 duration=0.200s
[  8925   84.799 x1.00] LOG  [CameraGameFeel] FOV punch: player damage (-3.0°)
[  8925   84.799 x1.00] LOG  [OniBoss] Hit player for 20 (ClubSlam)
[  8925   84.799 x1.00] LOG  [OniBoss:Touch] ClubSlam: club TOUCHED Yoru at clip 0.44 — shaft 0.38m from her body line, tip speed 117m/s, ONE FRAME EARLY (predicted). Full club hit delivered this frame.
[  8964   85.187 x1.00] LOG  [OniBoss:ClubPos] ClubSlam at strike: club tip 0.52m up, 2.91m in front, -0.08m to his right (2.91m out from his centre). Club faces 9deg from his forward, pitch -0.27. (the ground wave is born 1.6m in front of him at 0.35m.)
[  8964   85.187 x1.00] LOG  [OniBoss:Layer] ClubSlam: club already hit — ground wave released as VISUAL only (0 damage).
[  8977   85.318 x1.00] LOG  [OniBoss] Attack → Recovery
[  8977   85.318 x1.00] LOG  [OniBoss] Playing animation: Watch
[  8977   85.318 x1.00] LOG  [OniBoss:Trail] trail END at clip 0.99, fading over 0.40s.
[  8977   85.318 x1.00] LOG  [OniBoss:Strike] ClubSlam: club tip closest to Yoru at 0.20m, clip position 0.85 | damage fires at 0.85 | clip 0.93s => MATCHED (within one or two frames)
[  8992   85.469 x1.00] LOG  [OniBoss] Recovery → Chase
[  8993   85.478 x1.00] LOG  [OniBoss] hold-ground: BACKSTEP 1.5m (player 3.0m)
[  9038   85.934 x1.00] LOG  [StormWeather] ⚡ strike at (474.80, 45.00, 445.61)
[  9046   86.036 x1.00] LOG  [StormWeather] terrain layers restored to dry values.
# end — 550 lines
