# Oni combat log — 2026-09-09 15:01:38
# Unity 6000.2.7f2 | scene 'CaveScene_Oni_Boss1' | platform OSXEditor
# columns: [frame realSeconds timeScale] KIND message      (KIND: LOG WARN ERR EXC TEL)
#
[     0    0.000 x1.00] LOG  [OniLog] console + telemetry → /Users/asenahazal/Documents/Yoru/OniLogs/oni_2026-09-09_15-01-38.log
[     0    0.000 x1.00] LOG  [RingMesh] Auto-found 11/11 left, 11/11 right meshes
[     1    0.000 x1.00] LOG  [BossBar] BossHealthBarUI initialized
[     1    0.000 x1.00] LOG  [StormWeather] layer 'TerrainLayer_Dirt_01' dry smoothness=0.00 (restore to this if a crash ever leaves it wet)
[     1    0.000 x1.00] LOG  [StormWeather] post volumes ready on layer 9 (storm priority 10, flash priority 11).
[     1    0.000 x1.00] LOG  [StormWeather] ROUND 80: fur weather ready on 'Weather Zone'. Rain 0, wind 0.50 in the open, sky check 30 m from 'PlayerYoru_1.1'.
[     1    0.000 x1.00] LOG  [StormWeather] COZY bridge: Rain_Cave retired, COZY owns the rain now.
[     1    0.000 x1.00] LOG  [StormWeather] COZY → 'Clear' (pre-fight - open sky, 0 s)
[     1    0.000 x1.00] LOG  [StormWeather] Ready. Open sky, dry floor. Waiting for the fight.
[     1    0.000 x1.00] LOG  [FreezeDebug v3] Armed. Manual=L. Auto=True. Buffer=60 snaps @ 0.1s = 6.0s history.
[     1    0.000 x1.00] LOG  OniBoss initialized with 500 HP
[     1    0.000 x1.00] LOG  [OniBoss] ANIMATOR SETUP: cullingMode=CullUpdateTransforms updateMode=Normal applyRootMotion=False speed=1
[     1    0.000 x1.00] LOG  [OniBoss] Initialized
[     1    0.000 x1.00] LOG  [OniBoss:Layer] facing: minFlat 1m, snapOnAttack off, trackInHitReact off
[     1    0.000 x1.00] LOG  [OniBoss:Layer] Yoru launch model ON: launches ALL THE WAY to an enemy within 4.7m of its surface at 10m/s (stop gap 0.00m, NO minimum distance), else steps 0.90m forward. Targeting cone left exactly as her prefab has it.
[     1    0.000 x1.00] LOG  [OniBoss:Layer] Yoru launch ROUND 9: airborne attacks launch too (ON), edge probe now runs on its OWN layer mask (Everything) instead of the line-of-sight mask - the Ground-only mask found no floor in this cave and was cancelling 100% of launches at 0.00m travelled.
[     1    0.000 x1.00] LOG  [OniBoss:Layer] animator speed x1.35 — his 1.13s swing now plays in 0.84s.
[     1    0.000 x1.00] LOG  [OniBoss:Layer] chase speed pushed: phase1 4.5, phase2 5.5 (Yoru runs at 7).
[     1    0.000 x1.00] LOG  [OniBoss:Layer] ground wave ON (round 38): half the club's damage on TOUCH, 12m/s x 6.0m from 1.6m in front at 0.35m height — a club hit cancels that swing's wave, jumping clears it. Per-attack effects come from the Swing Wave VFX By Attack rows. PlayerHealth found, PlayerMovement found.
[     1    0.000 x1.00] LOG  [StormWeather] storm break HELD (waiting for the lightning beat)
[     1    0.000 x1.00] LOG  [OniBoss:Layer] storm break HELD — it releases at the lightning-on-the-club beat.
[     1    0.000 x1.00] LOG  [OniBoss:Layer] club tracking ON — tip 'Kanabo3' (depth 4), shaft root 'kanabo'.
[     1    0.000 x1.00] LOG  [OniBoss:Layer] skinned meshes: 46 renderer(s), updateWhenOffscreen ON, body renderer 'Body' rootBone 'Hips'
[     1    0.000 x1.00] LOG  [OniBoss:Layer] charge travel bone: 'Hips' at depth 1 under 'OniBoss', rest local (0.00, 3.24, -0.24)
[     1    0.000 x1.00] LOG  [OniBoss:Layer] anti-kite ON: thrown swing after 4s of failed chase (within 7.6m), charge after 6s.
[     1    0.000 x1.00] LOG  [OniBoss:Layer] charge drive ON (windup to 0.40 at x1.3, rush 14m/s stops at 2.6m, steers 0.35s then commits, strike section from 0.58, strike moment 0.76, trail VFX off)
[     1    0.000 x1.00] LOG  [OniBoss:Layer] attack armor ON (his swings are not interrupted by light/medium hits; heavy hits and rapid-hit bursts still stop him)
[     1    0.000 x1.00] LOG  [OniBoss:Layer] strike moments overridden: Club_Swing=0.42 ClubSwing2=0.32 ClubSlam=0.85 KanaboSweep=0.48
[     1    0.000 x1.00] LOG  [OniBoss:Layer] club TOUCH hits ON (radius 0.70m, min tip speed 50m/s, armed from 0.20 of the clip): Club_Swing ClubSwing2 ClubSlam KanaboSweep. First touch wins — club full damage, wave half, one hit per swing.
[     1    0.000 x1.00] LOG  [OniBoss:Layer] combo damage ramp ON: mid x1.25, finisher x1.50 — finisher wave carries FULL damage at x2.0 size, x2.0 travel.
[     1    0.000 x1.00] LOG  [OniBoss:Layer] charge follow-up ON: 90 % of solo charges chain into a random melee finisher.
[     1    0.000 x1.00] LOG  [OniBoss:Layer] hold-ground ON (backstep 1.5m @ 1.6m/s after own attacks, watch 'Watch', attack facing LOCKED)
[     1    0.000 x1.00] LOG  [OniBoss:Layer] OniBoss layer ready (reactions, wake-on-hit, watch stance, boss bar). player=found
[     1    0.000 x1.00] LOG  [OniBoss:Layer] charge clip 'Oni Charge.fbx' imports with Root Motion Node = None (in place) — good.
[     1    0.000 x1.00] LOG  [OniBoss:Layer] clips importing with Root Transform Position (Y) NOT baked into pose (12): Oni_Alert(Oni Alert), Club_Slam(Oni Club Slam), Club_Swing(Oni Club Swing), Club_swing2(Oni Club Swing 2), Death(Oni Death Kneel), Hit_react_light(Oni Hit react lighter light), KanaboSweep(Oni Kanabo sweep), Phase_Transition(Oni Phase transition), run(Oni Run), Walk(Oni Walk), Watch(Oni Watch), Idle(Oni Idle) — their hips' up/down motion is stripped (see round notes; optional).
[     1    0.000 x1.00] LOG  === VFX MANAGER INITIALIZED ===
[     1    0.000 x1.00] LOG  Auto-detect animations: False
[     1    0.000 x1.00] LOG  Parent effects to tail: True
[     1    0.000 x1.00] LOG  Prefabs: Jump=True, Land=True, LTail=True, RTail=True
[     1    0.000 x1.00] LOG  ✅ Left Tail Tip: LeftTailVFX
[     1    0.000 x1.00] LOG  ✅ Right Tail Tip: RightTailTip_Anchor
[     1    0.000 x1.00] LOG  [VolumetricFogController] applyPresets is OFF in this scene. The Volumetric Fog component keeps its hand-set inspector values.
[     1    0.000 x1.00] LOG  [TailAirShot] Ready. drawState=RightTail_Fast castParam=TailCastSpeed (found)
  arrow leaves: PlayerYoru_1.1/Cat_All_10_Tails_v4/Group/DeformationSystem/root/Root_M/Tail15_R/Tail151_R/Tail152_R/Tail153_R/Tail154_R/Tail155_R/Tail156_R/Tail157_R/Tail158_R/Tail159_R/Tail1510_R/Tail1511_R/Tail1512_R/Tail6_R/Tail6_R_end/Tail6_R_end_end/Tail6_R_end_end_end/RightTailTip_Anchor
  aim VFX: PlayerYoru_1.1/Cat_All_10_Tails_v4/Group/DeformationSystem/root/Root_M/Tail15_R/Tail151_R/Tail152_R/Tail153_R/Tail154_R/Tail155_R/Tail156_R/Tail157_R/Tail158_R/Tail159_R/Tail1510_R/Tail1511_R/Tail1512_R/Tail6_R/Tail6_R_end/Tail6_R_end_end/Tail6_R_end_end_end/RightTailTip_Anchor/vfx_Muzzle_Fireball01Blue
[     1    0.000 x1.00] LOG  [RingMesh] VFX Status:
[     1    0.000 x1.00] LOG    Left: Prefab=✓, Spawn=Tail6_L_end_end_end
[     1    0.000 x1.00] LOG    Right: Prefab=✓, Spawn=Tail6_R_end_end_end
[     1    0.000 x1.00] LOG  [TailAirShot4Leg] Ready. drawState=shoot_4Leg castParam=Shoot4LegSpeed (found) readyFrame=5 fireFrame=10 frames=24 slowBudget=3s real damageMultiplier=2.00
  arrow leaves: PlayerYoru_1.1/Cat_All_10_Tails_v4/Group/DeformationSystem/root/Root_M/Tail15_R/Tail151_R/Tail152_R/Tail153_R/Tail154_R/Tail155_R/Tail156_R/Tail157_R/Tail158_R/Tail159_R/Tail1510_R/Tail1511_R/Tail1512_R/Tail6_R/Tail6_R_end/Tail6_R_end_end/Tail6_R_end_end_end/RightTailTip_Anchor
  aim VFX left:  PlayerYoru_1.1/Cat_All_10_Tails_v4/Group/DeformationSystem/root/Root_M/Tail15_L/Tail151_L/Tail152_L/Tail153_L/Tail154_L/Tail155_L/Tail156_L/Tail157_L/Tail158_L/Tail159_L/Tail1510_L/Tail1511_L/Tail1512_L/Tail6_L/Tail6_L_end/Tail6_L_end_end/Tail6_L_end_end_end/LeftTailTip_Anchor/Glow_4Leg_L
  aim VFX right: PlayerYoru_1.1/Cat_All_10_Tails_v4/Group/DeformationSystem/root/Root_M/Tail15_R/Tail151_R/Tail152_R/Tail153_R/Tail154_R/Tail155_R/Tail156_R/Tail157_R/Tail158_R/Tail159_R/Tail1510_R/Tail1511_R/Tail1512_R/Tail6_R/Tail6_R_end/Tail6_R_end_end/Tail6_R_end_end_end/RightTailTip_Anchor/Glow_4Leg_R
[     1    0.000 x1.00] LOG  [PlayerCombat] Phase 2 form gate CONNECTED (FormController found on this GameObject).
[     1    0.000 x1.00] LOG  [Combat] PlayerCombat initialized — Phase 3C v27
[     1    0.000 x1.00] LOG  [CameraGameFeel] CameraGameFeel initialized (shake + FOV)
[     1    2.590 x1.00] LOG  [OniBoss] Playing animation: Idle
[     1    2.590 x1.00] LOG  [OniBoss:Layer] watch stance ON (player 13.4m)
[    72    3.511 x1.00] LOG  💨 Landing VFX spawned!
[    72    3.511 x1.00] LOG  ✅ LANDED! (was jump #0)
[   233    4.309 x1.00] LOG  
==================== [FREEZE-DEBUG v3] ====================
  Reason : WASD-NOMOVE: WASD recent + speed 0.00m/s for 0.40s
  Time   : 1.223s   Frame: 233   Snaps: 12
===========================================================

--- CURRENT STATE ---
  Flags: atk=False hvy=False dod=False dsh=False
         grd=False hit=False aerial=False lockPos=False
         comboStep=0
  Anim : speed=1.00  combatLayer hash=-792875657 normT=1.218 weight=1.00 inTransition=False
  CC   : grounded=True  enabled=True  pos=(474.50, -0.02, 426.47)  vel=(0.00, 0.00, 0.00)
  Move : IsRunning=False
  Input: H=0.00 V=-1.00  LMB=False MMB=False Q=False Sp=False Sh=False C=False
         WASD pressed in last 0.5s: True (last 0.00s ago)

--- FLIGHT RECORDER (12 snapshots, oldest first, dt=0.10s) ---
  Legend: flags = A(tk) H(vy) D(od) S(sh) G(rd) R(eact) Y(aerial) L(ock)   gnd/cc: Y/n
  t-now    flags     step gnd cc anSp normT layW tr | posX     posZ     spd   | H    V    LMB MMB Q  Sp Sh C
  ------   --------  ---- --- -- ---- ----- ---- -- | -----    -----    ----  | ---- ---- --- --- -- -- -- -
  - 1.22s  --------    0  n   Y  1.00  0.00 1.00 -  |   474.5    427.2  0.00 |  0.0  0.0 0   0   0  0  0  0
  - 1.12s  --------    0  n   Y  1.00  0.10 1.00 -  |   474.5    427.2  0.00 |  0.0  0.0 0   0   0  0  0  0
  - 1.01s  --------    0  n   Y  1.00  0.20 1.00 -  |   474.5    427.2  0.00 |  0.0  0.0 0   0   0  0  0  0
  - 0.91s  --------    0  n   Y  1.00  0.30 1.00 -  |   474.5    427.2  0.00 |  0.0  0.0 0   0   0  0  0  0
  - 0.81s  --------    0  n   Y  1.00  0.41 1.00 -  |   474.5    427.2  0.00 |  0.0  0.0 0   0   0  0  0  0
  - 0.71s  --------    0  Y   Y  1.00  0.51 1.00 -  |   474.5    427.2  0.00 |  0.0  0.0 0   0   0  0  0  0
  - 0.61s  --------    0  Y   Y  1.00  0.61 1.00 -  |   474.5    427.2  0.00 |  0.0  0.0 0   0   0  0  0  0
  - 0.50s  --------    0  Y   Y  1.00  0.72 1.00 -  |   474.5    427.2  0.00 |  0.0  0.0 0   0   0  0  0  0
  - 0.39s  --------    0  Y   Y  1.00  0.82 1.00 -  |   474.5    427.2  0.00 |  0.0 -1.0 0   0   0  0  0  0
  - 0.29s  --------    0  Y   Y  1.00  0.93 1.00 -  |   474.5    427.1  0.00 |  0.0 -1.0 0   0   0  0  0  0
  - 0.19s  --------    0  Y   Y  1.00  1.03 1.00 -  |   474.5    426.9  0.00 |  0.0 -1.0 0   0   0  0  0  0
  - 0.09s  --------    0  Y   Y  1.00  1.13 1.00 -  |   474.5    426.7  0.00 |  0.0 -1.0 0   0   0  0  0  0
=========================================================== END

[   358    4.969 x1.00] LOG  [OniBoss:Layer] watch stance OFF, back to Idle (player 16.6m)
[   980    8.329 x1.00] LOG  
==================== [FREEZE-DEBUG v3] ====================
  Reason : WASD-NOMOVE: WASD recent + speed 0.00m/s for 0.40s
  Time   : 5.243s   Frame: 980   Snaps: 52
===========================================================

--- CURRENT STATE ---
  Flags: atk=False hvy=False dod=False dsh=False
         grd=False hit=False aerial=False lockPos=False
         comboStep=0
  Anim : speed=1.00  combatLayer hash=-792875657 normT=5.234 weight=1.00 inTransition=False
  CC   : grounded=True  enabled=True  pos=(476.29, -0.02, 401.50)  vel=(0.00, -0.12, 0.00)
  Move : IsRunning=True
  Input: H=-1.00 V=0.00  LMB=False MMB=False Q=False Sp=False Sh=True C=False
         WASD pressed in last 0.5s: True (last 0.00s ago)

--- FLIGHT RECORDER (52 snapshots, oldest first, dt=0.10s) ---
  Legend: flags = A(tk) H(vy) D(od) S(sh) G(rd) R(eact) Y(aerial) L(ock)   gnd/cc: Y/n
  t-now    flags     step gnd cc anSp normT layW tr | posX     posZ     spd   | H    V    LMB MMB Q  Sp Sh C
  ------   --------  ---- --- -- ---- ----- ---- -- | -----    -----    ----  | ---- ---- --- --- -- -- -- -
  - 5.24s  --------    0  n   Y  1.00  0.00 1.00 -  |   474.5    427.2  0.00 |  0.0  0.0 0   0   0  0  0  0
  - 5.14s  --------    0  n   Y  1.00  0.10 1.00 -  |   474.5    427.2  0.00 |  0.0  0.0 0   0   0  0  0  0
  - 5.03s  --------    0  n   Y  1.00  0.20 1.00 -  |   474.5    427.2  0.00 |  0.0  0.0 0   0   0  0  0  0
  - 4.93s  --------    0  n   Y  1.00  0.30 1.00 -  |   474.5    427.2  0.00 |  0.0  0.0 0   0   0  0  0  0
  - 4.83s  --------    0  n   Y  1.00  0.41 1.00 -  |   474.5    427.2  0.00 |  0.0  0.0 0   0   0  0  0  0
  - 4.73s  --------    0  Y   Y  1.00  0.51 1.00 -  |   474.5    427.2  0.00 |  0.0  0.0 0   0   0  0  0  0
  - 4.63s  --------    0  Y   Y  1.00  0.61 1.00 -  |   474.5    427.2  0.00 |  0.0  0.0 0   0   0  0  0  0
  - 4.52s  --------    0  Y   Y  1.00  0.72 1.00 -  |   474.5    427.2  0.00 |  0.0  0.0 0   0   0  0  0  0
  - 4.41s  --------    0  Y   Y  1.00  0.82 1.00 -  |   474.5    427.2  0.00 |  0.0 -1.0 0   0   0  0  0  0
  - 4.31s  --------    0  Y   Y  1.00  0.93 1.00 -  |   474.5    427.1  0.00 |  0.0 -1.0 0   0   0  0  0  0
  - 4.21s  --------    0  Y   Y  1.00  1.03 1.00 -  |   474.5    426.9  0.00 |  0.0 -1.0 0   0   0  0  0  0
  - 4.11s  --------    0  Y   Y  1.00  1.13 1.00 -  |   474.5    426.7  0.00 |  0.0 -1.0 0   0   0  0  0  0
  - 4.00s  --------    0  Y   Y  1.00  1.23 1.00 -  |   474.5    426.5  0.00 |  0.0 -1.0 0   0   0  0  0  0
  - 3.90s  --------    0  Y   Y  1.00  1.33 1.00 -  |   474.5    426.3  0.00 |  0.0 -1.0 0   0   0  0  0  0
  - 3.80s  --------    0  Y   Y  1.00  1.43 1.00 -  |   474.5    426.1  0.00 |  0.0 -1.0 0   0   0  0  0  0
  - 3.70s  --------    0  Y   Y  1.00  1.53 1.00 -  |   474.5    425.9  0.00 |  0.0 -1.0 0   0   0  0  0  0
  - 3.60s  --------    0  Y   Y  1.00  1.64 1.00 -  |   474.5    425.1  0.00 |  0.0 -1.0 0   0   0  0  1  0
  - 3.50s  --------    0  Y   Y  1.00  1.74 1.00 -  |   474.5    424.4  0.00 |  0.0 -1.0 0   0   0  0  1  0
  - 3.40s  --------    0  Y   Y  1.00  1.84 1.00 -  |   474.5    423.7  0.00 |  0.0 -1.0 0   0   0  0  1  0
  - 3.29s  --------    0  Y   Y  1.00  1.94 1.00 -  |   474.5    423.0  0.00 |  0.0 -1.0 0   0   0  0  1  0
  - 3.19s  --------    0  Y   Y  1.00  2.05 1.00 -  |   474.5    422.3  0.00 |  0.0 -1.0 0   0   0  0  1  0
  - 3.09s  --------    0  Y   Y  1.00  2.15 1.00 -  |   474.5    421.6  0.00 |  0.0 -1.0 0   0   0  0  1  0
  - 2.98s  --------    0  Y   Y  1.00  2.25 1.00 -  |   474.5    420.9  0.00 |  0.0 -1.0 0   0   0  0  1  0
  - 2.88s  --------    0  Y   Y  1.00  2.36 1.00 -  |   474.5    420.1  0.00 |  0.0 -1.0 0   0   0  0  1  0
  - 2.78s  --------    0  Y   Y  1.00  2.46 1.00 -  |   474.5    419.4  0.00 |  0.0 -1.0 0   0   0  0  1  0
  - 2.67s  --------    0  Y   Y  1.00  2.56 1.00 -  |   474.5    418.7  0.00 |  0.0 -1.0 0   0   0  0  1  0
  - 2.57s  --------    0  Y   Y  1.00  2.66 1.00 -  |   474.5    418.0  0.00 |  0.0 -1.0 0   0   0  0  1  0
  - 2.47s  --------    0  Y   Y  1.00  2.77 1.00 -  |   474.5    417.3  0.00 |  0.0 -1.0 0   0   0  0  1  0
  - 2.37s  --------    0  Y   Y  1.00  2.87 1.00 -  |   474.5    416.6  0.00 |  0.0 -1.0 0   0   0  0  1  0
  - 2.27s  --------    0  Y   Y  1.00  2.97 1.00 -  |   474.5    415.9  0.00 |  0.0 -1.0 0   0   0  0  1  0
  - 2.17s  --------    0  Y   Y  1.00  3.07 1.00 -  |   474.5    415.2  0.00 |  0.0 -1.0 0   0   0  0  1  0
  - 2.06s  --------    0  Y   Y  1.00  3.17 1.00 -  |   474.5    414.5  0.00 |  0.0 -1.0 0   0   0  0  1  0
  - 1.96s  --------    0  Y   Y  1.00  3.28 1.00 -  |   474.5    413.6  0.00 |  0.0 -1.0 0   0   0  0  1  0
  - 1.86s  --------    0  Y   Y  1.00  3.38 1.00 -  |   474.5    412.9  0.00 |  0.0 -1.0 0   0   0  0  1  0
  - 1.76s  --------    0  Y   Y  1.00  3.48 1.00 -  |   474.5    412.2  0.00 |  0.0 -1.0 0   0   0  0  1  0
  - 1.66s  --------    0  Y   Y  1.00  3.58 1.00 -  |   474.5    411.5  0.00 |  0.0 -1.0 0   0   0  0  1  0
  - 1.56s  --------    0  Y   Y  1.00  3.68 1.00 -  |   474.5    410.8  0.00 |  0.0 -1.0 0   0   0  0  1  0
  - 1.46s  --------    0  Y   Y  1.00  3.78 1.00 -  |   474.5    410.1  0.00 |  0.0 -1.0 0   0   0  0  1  0
  - 1.35s  --------    0  Y   Y  1.00  3.88 1.00 -  |   474.5    409.4  0.00 |  0.0 -1.0 0   0   0  0  1  0
  - 1.25s  --------    0  Y   Y  1.00  3.98 1.00 -  |   474.5    408.7  0.00 |  0.0 -1.0 0   0   0  0  1  0
  - 1.15s  --------    0  Y   Y  1.00  4.09 1.00 -  |   474.5    408.0  0.00 |  0.0 -1.0 0   0   0  0  1  0
  - 1.05s  --------    0  Y   Y  1.00  4.19 1.00 -  |   474.6    407.4  0.00 |  0.0 -1.0 0   0   0  0  1  0
  - 0.94s  --------    0  Y   Y  1.00  4.29 1.00 -  |   474.8    406.7  0.00 |  0.0 -1.0 0   0   0  0  1  0
  - 0.84s  --------    0  Y   Y  1.00  4.39 1.00 -  |   475.2    406.1  0.00 |  0.0 -1.0 0   0   0  0  1  0
  - 0.74s  --------    0  Y   Y  1.00  4.50 1.00 -  |   475.7    405.5  0.00 |  0.0 -1.0 0   0   0  0  1  0
  - 0.64s  --------    0  Y   Y  1.00  4.60 1.00 -  |   476.2    405.0  0.00 |  0.0 -1.0 0   0   0  0  1  0
  - 0.54s  --------    0  Y   Y  1.00  4.70 1.00 -  |   476.8    404.5  0.00 |  0.0 -1.0 0   0   0  0  1  0
  - 0.43s  --------    0  Y   Y  1.00  4.80 1.00 -  |   477.3    404.0  0.00 | -1.0  0.0 0   0   0  0  1  0
  - 0.33s  --------    0  Y   Y  1.00  4.91 1.00 -  |   477.6    403.4  0.00 | -1.0  0.0 0   0   0  0  1  0
  - 0.23s  --------    0  Y   Y  1.00  5.01 1.00 -  |   477.4    402.8  0.00 | -1.0  0.0 0   0   0  0  1  0
  - 0.12s  --------    0  Y   Y  1.00  5.11 1.00 -  |   477.0    402.2  0.00 | -1.0  0.0 0   0   0  0  1  0
  - 0.02s  --------    0  Y   Y  1.00  5.22 1.00 -  |   476.4    401.6  0.00 | -1.0  0.0 0   0   0  0  1  0
=========================================================== END

[  1797   12.502 x1.00] LOG  
==================== [FREEZE-DEBUG v3] ====================
  Reason : WASD-NOMOVE: WASD recent + speed 0.00m/s for 0.40s
  Time   : 9.415s   Frame: 1797   Snaps: 60
===========================================================

--- CURRENT STATE ---
  Flags: atk=False hvy=False dod=False dsh=False
         grd=False hit=False aerial=False lockPos=False
         comboStep=0
  Anim : speed=1.00  combatLayer hash=-792875657 normT=9.411 weight=1.00 inTransition=False
  CC   : grounded=True  enabled=True  pos=(468.85, -0.02, 393.65)  vel=(0.00, 0.00, 0.00)
  Move : IsRunning=False
  Input: H=-1.00 V=0.00  LMB=False MMB=False Q=False Sp=False Sh=False C=False
         WASD pressed in last 0.5s: True (last 0.00s ago)

--- FLIGHT RECORDER (60 snapshots, oldest first, dt=0.10s) ---
  Legend: flags = A(tk) H(vy) D(od) S(sh) G(rd) R(eact) Y(aerial) L(ock)   gnd/cc: Y/n
  t-now    flags     step gnd cc anSp normT layW tr | posX     posZ     spd   | H    V    LMB MMB Q  Sp Sh C
  ------   --------  ---- --- -- ---- ----- ---- -- | -----    -----    ----  | ---- ---- --- --- -- -- -- -
  - 6.13s  --------    0  Y   Y  1.00  3.28 1.00 -  |   474.5    413.6  0.00 |  0.0 -1.0 0   0   0  0  1  0
  - 6.03s  --------    0  Y   Y  1.00  3.38 1.00 -  |   474.5    412.9  0.00 |  0.0 -1.0 0   0   0  0  1  0
  - 5.93s  --------    0  Y   Y  1.00  3.48 1.00 -  |   474.5    412.2  0.00 |  0.0 -1.0 0   0   0  0  1  0
  - 5.83s  --------    0  Y   Y  1.00  3.58 1.00 -  |   474.5    411.5  0.00 |  0.0 -1.0 0   0   0  0  1  0
  - 5.73s  --------    0  Y   Y  1.00  3.68 1.00 -  |   474.5    410.8  0.00 |  0.0 -1.0 0   0   0  0  1  0
  - 5.63s  --------    0  Y   Y  1.00  3.78 1.00 -  |   474.5    410.1  0.00 |  0.0 -1.0 0   0   0  0  1  0
  - 5.53s  --------    0  Y   Y  1.00  3.88 1.00 -  |   474.5    409.4  0.00 |  0.0 -1.0 0   0   0  0  1  0
  - 5.43s  --------    0  Y   Y  1.00  3.98 1.00 -  |   474.5    408.7  0.00 |  0.0 -1.0 0   0   0  0  1  0
  - 5.32s  --------    0  Y   Y  1.00  4.09 1.00 -  |   474.5    408.0  0.00 |  0.0 -1.0 0   0   0  0  1  0
  - 5.22s  --------    0  Y   Y  1.00  4.19 1.00 -  |   474.6    407.4  0.00 |  0.0 -1.0 0   0   0  0  1  0
  - 5.12s  --------    0  Y   Y  1.00  4.29 1.00 -  |   474.8    406.7  0.00 |  0.0 -1.0 0   0   0  0  1  0
  - 5.02s  --------    0  Y   Y  1.00  4.39 1.00 -  |   475.2    406.1  0.00 |  0.0 -1.0 0   0   0  0  1  0
  - 4.91s  --------    0  Y   Y  1.00  4.50 1.00 -  |   475.7    405.5  0.00 |  0.0 -1.0 0   0   0  0  1  0
  - 4.81s  --------    0  Y   Y  1.00  4.60 1.00 -  |   476.2    405.0  0.00 |  0.0 -1.0 0   0   0  0  1  0
  - 4.71s  --------    0  Y   Y  1.00  4.70 1.00 -  |   476.8    404.5  0.00 |  0.0 -1.0 0   0   0  0  1  0
  - 4.61s  --------    0  Y   Y  1.00  4.80 1.00 -  |   477.3    404.0  0.00 | -1.0  0.0 0   0   0  0  1  0
  - 4.50s  --------    0  Y   Y  1.00  4.91 1.00 -  |   477.6    403.4  0.00 | -1.0  0.0 0   0   0  0  1  0
  - 4.40s  --------    0  Y   Y  1.00  5.01 1.00 -  |   477.4    402.8  0.00 | -1.0  0.0 0   0   0  0  1  0
  - 4.30s  --------    0  Y   Y  1.00  5.11 1.00 -  |   477.0    402.2  0.00 | -1.0  0.0 0   0   0  0  1  0
  - 4.19s  --------    0  Y   Y  1.00  5.22 1.00 -  |   476.4    401.6  0.00 | -1.0  0.0 0   0   0  0  1  0
  - 4.08s  --------    0  Y   Y  1.00  5.33 1.00 -  |   475.9    401.1  0.00 | -1.0  0.0 0   0   0  0  1  0
  - 3.98s  --------    0  Y   Y  1.00  5.43 1.00 -  |   475.4    400.6  0.00 | -1.0  0.0 0   0   0  0  1  0
  - 3.88s  --------    0  Y   Y  1.00  5.53 1.00 -  |   475.0    400.1  0.00 | -1.0  0.0 0   0   0  0  1  0
  - 3.77s  --------    0  Y   Y  1.00  5.64 1.00 -  |   474.4    399.5  0.00 | -1.0  0.0 0   0   0  0  1  0
  - 3.67s  --------    0  Y   Y  1.00  5.74 1.00 -  |   473.9    398.9  0.00 | -1.0  0.0 0   0   0  0  1  0
  - 3.56s  --------    0  Y   Y  1.00  5.85 1.00 -  |   473.4    398.4  0.00 | -1.0  0.0 0   0   0  0  1  0
  - 3.46s  --------    0  Y   Y  1.00  5.95 1.00 -  |   472.9    397.9  0.00 | -1.0  0.0 0   0   0  0  1  0
  - 3.36s  --------    0  Y   Y  1.00  6.05 1.00 -  |   472.5    397.4  0.00 | -1.0  0.0 0   0   0  0  1  0
  - 3.26s  --------    0  Y   Y  1.00  6.15 1.00 -  |   472.0    396.9  0.00 | -1.0  0.0 0   0   0  0  1  0
  - 3.16s  --------    0  Y   Y  1.00  6.25 1.00 -  |   471.5    396.4  0.00 | -1.0  0.0 0   0   0  0  1  0
  - 3.05s  --------    0  Y   Y  1.00  6.36 1.00 -  |   470.9    395.8  0.00 |  0.0  0.0 0   0   0  0  1  0
  - 2.95s  --------    0  Y   Y  1.00  6.46 1.00 -  |   470.7    395.6  0.00 |  0.0  0.0 0   0   0  0  0  0
  - 2.85s  --------    0  Y   Y  1.00  6.56 1.00 -  |   470.6    395.4  0.00 |  0.0  0.0 0   0   0  0  0  0
  - 2.75s  --------    0  Y   Y  1.00  6.66 1.00 -  |   470.5    395.3  0.00 |  0.0  0.0 0   0   0  0  0  0
  - 2.64s  --------    0  Y   Y  1.00  6.77 1.00 -  |   470.5    395.3  0.00 |  0.0  0.0 0   0   0  0  0  0
  - 2.54s  --------    0  Y   Y  1.00  6.87 1.00 -  |   470.5    395.3  0.00 |  0.0  0.0 0   0   0  0  0  0
  - 2.43s  --------    0  Y   Y  1.00  6.98 1.00 -  |   470.5    395.3  0.00 |  0.0  0.0 0   0   0  0  0  0
  - 2.33s  --------    0  Y   Y  1.00  7.08 1.00 -  |   470.5    395.3  0.00 |  0.0  0.0 0   0   0  0  0  0
  - 2.23s  --------    0  Y   Y  1.00  7.18 1.00 -  |   470.5    395.3  0.00 |  0.0  0.0 0   0   0  0  0  0
  - 2.12s  --------    0  Y   Y  1.00  7.29 1.00 -  |   470.5    395.3  0.00 |  0.0  0.0 0   0   0  0  0  0
  - 2.02s  --------    0  Y   Y  1.00  7.39 1.00 -  |   470.5    395.3  0.00 |  0.0  0.0 0   0   0  0  0  0
  - 1.92s  --------    0  Y   Y  1.00  7.49 1.00 -  |   470.5    395.3  0.00 |  0.0  0.0 0   0   0  0  0  0
  - 1.82s  --------    0  Y   Y  1.00  7.59 1.00 -  |   470.5    395.3  0.00 |  0.0  0.0 0   0   0  0  0  0
  - 1.71s  --------    0  Y   Y  1.00  7.70 1.00 -  |   470.5    395.3  0.00 |  0.0  0.0 0   0   0  0  0  0
  - 1.61s  --------    0  Y   Y  1.00  7.80 1.00 -  |   470.5    395.3  0.00 |  0.0  0.0 0   0   0  0  0  0
  - 1.51s  --------    0  Y   Y  1.00  7.90 1.00 -  |   470.5    395.3  0.00 |  0.0  0.0 0   0   0  0  0  0
  - 1.41s  --------    0  Y   Y  1.00  8.00 1.00 -  |   470.5    395.3  0.00 |  0.0  0.0 0   0   0  0  0  0
  - 1.30s  --------    0  Y   Y  1.00  8.11 1.00 -  |   470.5    395.3  0.00 |  0.0  0.0 0   0   0  0  0  0
  - 1.20s  --------    0  Y   Y  1.00  8.21 1.00 -  |   470.5    395.3  0.00 |  0.0  0.0 0   0   0  0  0  0
  - 1.10s  --------    0  Y   Y  1.00  8.31 1.00 -  |   470.4    395.2  0.00 | -1.0  0.0 0   0   0  0  0  0
  - 1.00s  --------    0  Y   Y  1.00  8.41 1.00 -  |   470.2    395.1  0.00 | -1.0  0.0 0   0   0  0  0  0
  - 0.90s  --------    0  Y   Y  1.00  8.51 1.00 -  |   470.1    394.9  0.00 | -1.0  0.0 0   0   0  0  0  0
  - 0.79s  --------    0  Y   Y  1.00  8.62 1.00 -  |   469.9    394.8  0.00 | -1.0  0.0 0   0   0  0  0  0
  - 0.69s  --------    0  Y   Y  1.00  8.72 1.00 -  |   469.8    394.6  0.00 | -1.0  0.0 0   0   0  0  0  0
  - 0.58s  --------    0  Y   Y  1.00  8.82 1.00 -  |   469.7    394.5  0.00 | -1.0  0.0 0   0   0  0  0  0
  - 0.48s  --------    0  Y   Y  1.00  8.93 1.00 -  |   469.5    394.3  0.00 | -1.0  0.0 0   0   0  0  0  0
  - 0.38s  --------    0  Y   Y  1.00  9.03 1.00 -  |   469.4    394.2  0.00 | -1.0  0.0 0   0   0  0  0  0
  - 0.28s  --------    0  Y   Y  1.00  9.13 1.00 -  |   469.2    394.1  0.00 | -1.0  0.0 0   0   0  0  0  0
  - 0.18s  --------    0  Y   Y  1.00  9.23 1.00 -  |   469.1    393.9  0.00 | -1.0  0.0 0   0   0  0  0  0
  - 0.07s  --------    0  Y   Y  1.00  9.34 1.00 -  |   468.9    393.7  0.00 | -1.0  0.0 0   0   0  0  0  0
=========================================================== END

[  2625   16.530 x1.00] LOG  
==================== [FREEZE-DEBUG v3] ====================
  Reason : WASD-NOMOVE: WASD recent + speed 0.00m/s for 0.40s
  Time   : 13.444s   Frame: 2625   Snaps: 60
===========================================================

--- CURRENT STATE ---
  Flags: atk=False hvy=False dod=False dsh=False
         grd=False hit=False aerial=False lockPos=False
         comboStep=0
  Anim : speed=1.00  combatLayer hash=-792875657 normT=13.439 weight=1.00 inTransition=False
  CC   : grounded=True  enabled=True  pos=(462.42, -0.02, 391.00)  vel=(0.00, 0.00, 0.00)
  Move : IsRunning=False
  Input: H=0.00 V=0.00  LMB=False MMB=False Q=False Sp=False Sh=False C=False
         WASD pressed in last 0.5s: True (last 0.26s ago)

--- FLIGHT RECORDER (60 snapshots, oldest first, dt=0.10s) ---
  Legend: flags = A(tk) H(vy) D(od) S(sh) G(rd) R(eact) Y(aerial) L(ock)   gnd/cc: Y/n
  t-now    flags     step gnd cc anSp normT layW tr | posX     posZ     spd   | H    V    LMB MMB Q  Sp Sh C
  ------   --------  ---- --- -- ---- ----- ---- -- | -----    -----    ----  | ---- ---- --- --- -- -- -- -
  - 6.05s  --------    0  Y   Y  1.00  7.39 1.00 -  |   470.5    395.3  0.00 |  0.0  0.0 0   0   0  0  0  0
  - 5.94s  --------    0  Y   Y  1.00  7.49 1.00 -  |   470.5    395.3  0.00 |  0.0  0.0 0   0   0  0  0  0
  - 5.84s  --------    0  Y   Y  1.00  7.59 1.00 -  |   470.5    395.3  0.00 |  0.0  0.0 0   0   0  0  0  0
  - 5.74s  --------    0  Y   Y  1.00  7.70 1.00 -  |   470.5    395.3  0.00 |  0.0  0.0 0   0   0  0  0  0
  - 5.64s  --------    0  Y   Y  1.00  7.80 1.00 -  |   470.5    395.3  0.00 |  0.0  0.0 0   0   0  0  0  0
  - 5.54s  --------    0  Y   Y  1.00  7.90 1.00 -  |   470.5    395.3  0.00 |  0.0  0.0 0   0   0  0  0  0
  - 5.44s  --------    0  Y   Y  1.00  8.00 1.00 -  |   470.5    395.3  0.00 |  0.0  0.0 0   0   0  0  0  0
  - 5.33s  --------    0  Y   Y  1.00  8.11 1.00 -  |   470.5    395.3  0.00 |  0.0  0.0 0   0   0  0  0  0
  - 5.23s  --------    0  Y   Y  1.00  8.21 1.00 -  |   470.5    395.3  0.00 |  0.0  0.0 0   0   0  0  0  0
  - 5.13s  --------    0  Y   Y  1.00  8.31 1.00 -  |   470.4    395.2  0.00 | -1.0  0.0 0   0   0  0  0  0
  - 5.02s  --------    0  Y   Y  1.00  8.41 1.00 -  |   470.2    395.1  0.00 | -1.0  0.0 0   0   0  0  0  0
  - 4.92s  --------    0  Y   Y  1.00  8.51 1.00 -  |   470.1    394.9  0.00 | -1.0  0.0 0   0   0  0  0  0
  - 4.82s  --------    0  Y   Y  1.00  8.62 1.00 -  |   469.9    394.8  0.00 | -1.0  0.0 0   0   0  0  0  0
  - 4.72s  --------    0  Y   Y  1.00  8.72 1.00 -  |   469.8    394.6  0.00 | -1.0  0.0 0   0   0  0  0  0
  - 4.61s  --------    0  Y   Y  1.00  8.82 1.00 -  |   469.7    394.5  0.00 | -1.0  0.0 0   0   0  0  0  0
  - 4.51s  --------    0  Y   Y  1.00  8.93 1.00 -  |   469.5    394.3  0.00 | -1.0  0.0 0   0   0  0  0  0
  - 4.41s  --------    0  Y   Y  1.00  9.03 1.00 -  |   469.4    394.2  0.00 | -1.0  0.0 0   0   0  0  0  0
  - 4.31s  --------    0  Y   Y  1.00  9.13 1.00 -  |   469.2    394.1  0.00 | -1.0  0.0 0   0   0  0  0  0
  - 4.21s  --------    0  Y   Y  1.00  9.23 1.00 -  |   469.1    393.9  0.00 | -1.0  0.0 0   0   0  0  0  0
  - 4.10s  --------    0  Y   Y  1.00  9.34 1.00 -  |   468.9    393.7  0.00 | -1.0  0.0 0   0   0  0  0  0
  - 4.00s  --------    0  Y   Y  1.00  9.44 1.00 -  |   468.8    393.6  0.00 | -1.0  0.0 0   0   0  0  0  0
  - 3.90s  --------    0  Y   Y  1.00  9.54 1.00 -  |   468.7    393.5  0.00 | -1.0  0.0 0   0   0  0  0  0
  - 3.80s  --------    0  Y   Y  1.00  9.64 1.00 -  |   468.5    393.3  0.00 | -1.0  0.0 0   0   0  0  0  0
  - 3.70s  --------    0  Y   Y  1.00  9.74 1.00 -  |   468.4    393.2  0.00 | -1.0  0.0 0   0   0  0  0  0
  - 3.59s  --------    0  Y   Y  1.00  9.85 1.00 -  |   468.2    393.0  0.00 | -1.0  0.0 0   0   0  0  0  0
  - 3.49s  --------    0  Y   Y  1.00  9.95 1.00 -  |   468.1    392.9  0.00 | -1.0  0.0 0   0   0  0  0  0
  - 3.39s  --------    0  Y   Y  1.00 10.05 1.00 -  |   468.0    392.7  0.00 | -1.0  0.0 0   0   0  0  0  0
  - 3.29s  --------    0  Y   Y  1.00 10.15 1.00 -  |   467.8    392.6  0.00 | -1.0  0.0 0   0   0  0  0  0
  - 3.18s  --------    0  Y   Y  1.00 10.26 1.00 -  |   467.6    392.4  0.00 | -1.0  0.0 0   0   0  0  0  0
  - 3.08s  --------    0  Y   Y  1.00 10.36 1.00 -  |   467.5    392.3  0.00 | -1.0  0.0 0   0   0  0  0  0
  - 2.98s  --------    0  Y   Y  1.00 10.46 1.00 -  |   467.4    392.1  0.00 | -1.0  0.0 0   0   0  0  0  0
  - 2.88s  --------    0  Y   Y  1.00 10.56 1.00 -  |   467.2    392.0  0.00 | -1.0  0.0 0   0   0  0  0  0
  - 2.78s  --------    0  Y   Y  1.00 10.66 1.00 -  |   467.1    391.8  0.00 | -1.0  0.0 0   0   0  0  0  0
  - 2.67s  --------    0  Y   Y  1.00 10.77 1.00 -  |   466.9    391.7  0.00 | -1.0  0.0 0   0   0  0  0  0
  - 2.57s  --------    0  Y   Y  1.00 10.87 1.00 -  |   466.8    391.6  0.00 | -1.0  0.0 0   0   0  0  0  0
  - 2.47s  --------    0  Y   Y  1.00 10.97 1.00 -  |   466.7    391.4  0.00 | -1.0  0.0 0   0   0  0  0  0
  - 2.36s  --------    0  Y   Y  1.00 11.07 1.00 -  |   466.5    391.2  0.00 | -1.0  0.0 0   0   0  0  0  0
  - 2.26s  --------    0  Y   Y  1.00 11.18 1.00 -  |   466.4    391.1  0.00 | -1.0  0.0 0   0   0  0  0  0
  - 2.16s  --------    0  Y   Y  1.00 11.28 1.00 -  |   466.2    391.0  0.00 | -1.0  0.0 0   0   0  0  0  0
  - 2.06s  --------    0  Y   Y  1.00 11.38 1.00 -  |   466.1    390.8  0.00 | -1.0  0.0 0   0   0  0  0  0
  - 1.95s  --------    0  Y   Y  1.00 11.49 1.00 -  |   465.9    390.7  0.00 | -1.0  0.0 0   0   0  0  0  0
  - 1.85s  --------    0  Y   Y  1.00 11.59 1.00 -  |   465.8    390.5  0.00 | -1.0  0.0 0   0   0  0  0  0
  - 1.75s  --------    0  Y   Y  1.00 11.69 1.00 -  |   465.7    390.4  0.00 | -1.0  0.0 0   0   0  0  0  0
  - 1.65s  --------    0  Y   Y  1.00 11.79 1.00 -  |   465.5    390.2  0.00 | -1.0  0.0 0   0   0  0  0  0
  - 1.54s  --------    0  Y   Y  1.00 11.90 1.00 -  |   465.4    390.1  0.00 | -1.0  0.0 0   0   0  0  0  0
  - 1.44s  --------    0  Y   Y  1.00 12.00 1.00 -  |   465.1    390.1  0.00 | -1.0  0.0 0   0   0  0  0  0
  - 1.34s  --------    0  Y   Y  1.00 12.10 1.00 -  |   465.0    390.1  0.00 | -1.0  0.0 0   0   0  0  0  0
  - 1.24s  --------    0  Y   Y  1.00 12.20 1.00 -  |   464.8    390.2  0.00 | -1.0  0.0 0   0   0  0  0  0
  - 1.14s  --------    0  Y   Y  1.00 12.30 1.00 -  |   464.6    390.2  0.00 | -1.0  0.0 0   0   0  0  0  0
  - 1.03s  --------    0  Y   Y  1.00 12.41 1.00 -  |   464.4    390.3  0.00 | -1.0  0.0 0   0   0  0  0  0
  - 0.93s  --------    0  Y   Y  1.00 12.51 1.00 -  |   464.2    390.4  0.00 | -1.0  0.0 0   0   0  0  0  0
  - 0.83s  --------    0  Y   Y  1.00 12.61 1.00 -  |   464.0    390.4  0.00 | -1.0  0.0 0   0   0  0  0  0
  - 0.72s  --------    0  Y   Y  1.00 12.72 1.00 -  |   463.8    390.5  0.00 | -1.0  0.0 0   0   0  0  0  0
  - 0.62s  --------    0  Y   Y  1.00 12.82 1.00 -  |   463.6    390.6  0.00 | -1.0  0.0 0   0   0  0  0  0
  - 0.52s  --------    0  Y   Y  1.00 12.92 1.00 -  |   463.4    390.6  0.00 | -1.0  0.0 0   0   0  0  0  0
  - 0.42s  --------    0  Y   Y  1.00 13.02 1.00 -  |   463.2    390.7  0.00 | -1.0  0.0 0   0   0  0  0  0
  - 0.31s  --------    0  Y   Y  1.00 13.12 1.00 -  |   463.0    390.8  0.00 | -1.0  0.0 0   0   0  0  0  0
  - 0.21s  --------    0  Y   Y  1.00 13.22 1.00 -  |   462.8    390.9  0.00 |  0.0  0.0 0   0   0  0  0  0
  - 0.11s  --------    0  Y   Y  1.00 13.33 1.00 -  |   462.6    390.9  0.00 |  0.0  0.0 0   0   0  0  0  0
  - 0.01s  --------    0  Y   Y  1.00 13.43 1.00 -  |   462.5    391.0  0.00 |  0.0  0.0 0   0   0  0  0  0
=========================================================== END

[  3507   21.033 x1.00] LOG  
==================== [FREEZE-DEBUG v3] ====================
  Reason : WASD-NOMOVE: WASD recent + speed 0.00m/s for 0.40s
  Time   : 17.946s   Frame: 3507   Snaps: 60
===========================================================

--- CURRENT STATE ---
  Flags: atk=False hvy=False dod=False dsh=False
         grd=False hit=False aerial=False lockPos=False
         comboStep=0
  Anim : speed=1.00  combatLayer hash=-792875657 normT=17.941 weight=1.00 inTransition=False
  CC   : grounded=True  enabled=True  pos=(462.62, -0.02, 392.25)  vel=(0.00, 0.00, 0.00)
  Move : IsRunning=True
  Input: H=0.00 V=0.00  LMB=False MMB=False Q=False Sp=False Sh=True C=False
         WASD pressed in last 0.5s: True (last 0.03s ago)

--- FLIGHT RECORDER (60 snapshots, oldest first, dt=0.10s) ---
  Legend: flags = A(tk) H(vy) D(od) S(sh) G(rd) R(eact) Y(aerial) L(ock)   gnd/cc: Y/n
  t-now    flags     step gnd cc anSp normT layW tr | posX     posZ     spd   | H    V    LMB MMB Q  Sp Sh C
  ------   --------  ---- --- -- ---- ----- ---- -- | -----    -----    ----  | ---- ---- --- --- -- -- -- -
  - 6.15s  --------    0  Y   Y  1.00 11.79 1.00 -  |   465.5    390.2  0.00 | -1.0  0.0 0   0   0  0  0  0
  - 6.05s  --------    0  Y   Y  1.00 11.90 1.00 -  |   465.4    390.1  0.00 | -1.0  0.0 0   0   0  0  0  0
  - 5.95s  --------    0  Y   Y  1.00 12.00 1.00 -  |   465.1    390.1  0.00 | -1.0  0.0 0   0   0  0  0  0
  - 5.84s  --------    0  Y   Y  1.00 12.10 1.00 -  |   465.0    390.1  0.00 | -1.0  0.0 0   0   0  0  0  0
  - 5.74s  --------    0  Y   Y  1.00 12.20 1.00 -  |   464.8    390.2  0.00 | -1.0  0.0 0   0   0  0  0  0
  - 5.64s  --------    0  Y   Y  1.00 12.30 1.00 -  |   464.6    390.2  0.00 | -1.0  0.0 0   0   0  0  0  0
  - 5.53s  --------    0  Y   Y  1.00 12.41 1.00 -  |   464.4    390.3  0.00 | -1.0  0.0 0   0   0  0  0  0
  - 5.43s  --------    0  Y   Y  1.00 12.51 1.00 -  |   464.2    390.4  0.00 | -1.0  0.0 0   0   0  0  0  0
  - 5.33s  --------    0  Y   Y  1.00 12.61 1.00 -  |   464.0    390.4  0.00 | -1.0  0.0 0   0   0  0  0  0
  - 5.23s  --------    0  Y   Y  1.00 12.72 1.00 -  |   463.8    390.5  0.00 | -1.0  0.0 0   0   0  0  0  0
  - 5.12s  --------    0  Y   Y  1.00 12.82 1.00 -  |   463.6    390.6  0.00 | -1.0  0.0 0   0   0  0  0  0
  - 5.02s  --------    0  Y   Y  1.00 12.92 1.00 -  |   463.4    390.6  0.00 | -1.0  0.0 0   0   0  0  0  0
  - 4.92s  --------    0  Y   Y  1.00 13.02 1.00 -  |   463.2    390.7  0.00 | -1.0  0.0 0   0   0  0  0  0
  - 4.82s  --------    0  Y   Y  1.00 13.12 1.00 -  |   463.0    390.8  0.00 | -1.0  0.0 0   0   0  0  0  0
  - 4.72s  --------    0  Y   Y  1.00 13.22 1.00 -  |   462.8    390.9  0.00 |  0.0  0.0 0   0   0  0  0  0
  - 4.61s  --------    0  Y   Y  1.00 13.33 1.00 -  |   462.6    390.9  0.00 |  0.0  0.0 0   0   0  0  0  0
  - 4.51s  --------    0  Y   Y  1.00 13.43 1.00 -  |   462.5    391.0  0.00 |  0.0  0.0 0   0   0  0  0  0
  - 4.41s  --------    0  Y   Y  1.00 13.53 1.00 -  |   462.3    391.0  0.00 |  0.0  0.0 0   0   0  0  0  0
  - 4.31s  --------    0  Y   Y  1.00 13.63 1.00 -  |   462.3    391.0  0.00 |  0.0  0.0 0   0   0  0  0  0
  - 4.20s  --------    0  Y   Y  1.00 13.74 1.00 -  |   462.3    391.0  0.00 |  0.0  0.0 0   0   0  0  0  0
  - 4.10s  --------    0  Y   Y  1.00 13.84 1.00 -  |   462.3    391.0  0.00 |  0.0  0.0 0   0   0  0  0  0
  - 4.00s  --------    0  Y   Y  1.00 13.94 1.00 -  |   462.3    391.0  0.00 |  0.0  0.0 0   0   0  0  0  0
  - 3.90s  --------    0  Y   Y  1.00 14.04 1.00 -  |   462.3    391.0  0.00 |  0.0  0.0 0   0   0  0  0  0
  - 3.79s  --------    0  Y   Y  1.00 14.15 1.00 -  |   462.3    391.0  0.00 |  0.0  0.0 0   0   0  0  0  0
  - 3.69s  --------    0  Y   Y  1.00 14.25 1.00 -  |   462.3    391.0  0.00 |  0.0  0.0 0   0   0  0  0  0
  - 3.59s  --------    0  Y   Y  1.00 14.35 1.00 -  |   462.3    391.0  0.00 |  0.0  0.0 0   0   0  0  0  0
  - 3.49s  --------    0  Y   Y  1.00 14.45 1.00 -  |   462.3    391.0  0.00 |  0.0  0.0 0   0   0  0  0  0
  - 3.39s  --------    0  Y   Y  1.00 14.55 1.00 -  |   462.3    391.0  0.00 |  0.0  0.0 0   0   0  0  0  0
  - 3.29s  --------    0  Y   Y  1.00 14.66 1.00 -  |   462.3    391.0  0.00 |  0.0  0.0 0   0   0  0  0  0
  - 3.19s  --------    0  Y   Y  1.00 14.76 1.00 -  |   462.3    391.0  0.00 |  0.0  0.0 0   0   0  0  0  0
  - 3.08s  --------    0  Y   Y  1.00 14.86 1.00 -  |   462.3    391.0  0.00 |  0.0  0.0 0   0   0  0  0  0
  - 2.98s  --------    0  Y   Y  1.00 14.96 1.00 -  |   462.3    391.0  0.00 |  0.0  0.0 0   0   0  0  0  0
  - 2.88s  --------    0  Y   Y  1.00 15.06 1.00 -  |   462.3    391.0  0.00 |  0.0  0.0 0   0   0  0  0  0
  - 2.78s  --------    0  Y   Y  1.00 15.16 1.00 -  |   462.3    391.0  0.00 |  0.0  0.0 0   0   0  0  0  0
  - 2.68s  --------    0  Y   Y  1.00 15.27 1.00 -  |   462.3    391.0  0.00 |  0.0  0.0 0   0   0  0  0  0
  - 2.57s  --------    0  Y   Y  1.00 15.37 1.00 -  |   462.3    391.0  0.00 |  0.0  0.0 0   0   0  0  0  0
  - 2.47s  --------    0  Y   Y  1.00 15.48 1.00 -  |   462.3    391.0  0.00 |  0.0  0.0 0   0   0  0  0  0
  - 2.36s  --------    0  Y   Y  1.00 15.58 1.00 -  |   462.3    391.0  0.00 |  0.0  0.0 0   0   0  0  0  0
  - 2.26s  --------    0  Y   Y  1.00 15.68 1.00 -  |   462.3    391.0  0.00 |  0.0  0.0 0   0   0  0  0  0
  - 2.15s  --------    0  Y   Y  1.00 15.79 1.00 -  |   462.3    391.0  0.00 |  0.0  0.0 0   0   0  0  0  0
  - 2.05s  --------    0  Y   Y  1.00 15.89 1.00 -  |   462.3    391.0  0.00 |  0.0  0.0 0   0   0  0  0  0
  - 1.95s  --------    0  Y   Y  1.00 15.99 1.00 -  |   462.3    391.0  0.00 |  0.0  0.0 0   0   0  0  0  0
  - 1.84s  --------    0  Y   Y  1.00 16.10 1.00 -  |   462.3    391.0  0.00 |  0.0  0.0 0   0   0  0  0  0
  - 1.74s  --------    0  Y   Y  1.00 16.20 1.00 -  |   462.3    391.0  0.00 |  0.0  0.0 0   0   0  0  0  0
  - 1.64s  --------    0  Y   Y  1.00 16.30 1.00 -  |   462.3    391.0  0.00 |  0.0  0.0 0   0   0  0  0  0
  - 1.54s  --------    0  Y   Y  1.00 16.41 1.00 -  |   462.3    391.0  0.00 |  0.0  0.0 0   0   0  0  0  0
  - 1.43s  --------    0  Y   Y  1.00 16.51 1.00 -  |   462.3    391.0  0.00 |  0.0  0.0 0   0   0  0  0  0
  - 1.33s  --------    0  Y   Y  1.00 16.61 1.00 -  |   462.3    391.0  0.00 |  0.0  0.0 0   0   0  0  0  0
  - 1.23s  --------    0  Y   Y  1.00 16.71 1.00 -  |   462.3    391.0  0.00 |  0.0  0.0 0   0   0  0  0  0
  - 1.13s  --------    0  Y   Y  1.00 16.81 1.00 -  |   462.3    391.0  0.00 |  0.0  0.0 0   0   0  0  0  0
  - 1.02s  --------    0  Y   Y  1.00 16.92 1.00 -  |   462.3    391.0  0.00 |  0.0  0.0 0   0   0  0  0  0
  - 0.92s  --------    0  Y   Y  1.00 17.02 1.00 -  |   462.3    391.0  0.00 |  0.0  0.0 0   0   0  0  0  0
  - 0.82s  --------    0  Y   Y  1.00 17.12 1.00 -  |   462.3    391.0  0.00 |  0.0  0.0 0   0   0  0  0  0
  - 0.71s  --------    0  Y   Y  1.00 17.23 1.00 -  |   462.3    391.0  0.00 |  0.0  0.0 0   0   0  0  0  0
  - 0.61s  --------    0  Y   Y  1.00 17.33 1.00 -  |   462.3    391.0  0.00 |  0.0  0.0 0   0   0  0  0  0
  - 0.51s  --------    0  Y   Y  1.00 17.43 1.00 -  |   462.3    391.0  0.00 |  0.0  0.0 0   0   0  0  0  0
  - 0.41s  --------    0  Y   Y  1.00 17.54 1.00 -  |   462.3    391.0  0.00 |  0.0  0.0 0   0   0  0  0  0
  - 0.30s  --------    0  Y   Y  1.00 17.64 1.00 -  |   462.4    391.2  0.00 |  0.0  1.0 0   0   0  0  0  0
  - 0.20s  --------    0  Y   Y  1.00 17.74 1.00 -  |   462.4    391.4  0.00 |  0.0  1.0 0   0   0  0  0  0
  - 0.09s  --------    0  Y   Y  1.00 17.85 1.00 -  |   462.4    391.6  0.00 |  0.0  1.0 0   0   0  0  0  0
=========================================================== END

[  4040   23.896 x1.00] LOG  🐾 4-LEG JUMP #0
[  4040   23.896 x1.00] LOG  🐾 Jump 1 VFX spawned!
[  4112   24.289 x1.00] LOG  [TailAirShot] entry refused: this airtime is not a 2 leg jump | y=1.82 ts=1.00 fdt=0.0200
[  4112   24.289 x0.10] LOG  [TailAirShot4Leg] ENTER 4 leg, slow on for up to 3s real, waiting for the fire button, drawState=shoot_4Leg | y=1.82 ts=0.10 fdt=0.0020
[  4112   24.289 x0.10] LOG  [AirPosePin] engaged, holding body at 1.540m above the transform
[  4214   24.831 x0.10] LOG  [TailAirShot4Leg] DRAW started | y=1.89 ts=0.10 fdt=0.0020
[  4246   25.004 x0.10] LOG  [TailAirShot4Leg] READY, frozen on frame 5 | y=1.91 ts=0.10 fdt=0.0020
[  4405   25.873 x0.10] LOG  [TailAirShot4Leg] SHOT released (released from ready pose) | y=1.89 ts=0.10 fdt=0.0020
[  4411   25.905 x1.00] LOG  [TailAirShot4Leg] FINISHER (R released mid motion), motion completes and fires | y=1.89 ts=1.00 fdt=0.0200
[  4438   26.048 x1.00] LOG  [TailAirShot4Leg] FIRE, arrow away, dir=(-0.05, -0.43, 0.90) damage=40 (20 x 2.00) | y=1.49 ts=1.00 fdt=0.0200
[  4479   26.270 x1.00] LOG  💨 Landing VFX spawned!
[  4479   26.270 x1.00] LOG  ✅ LANDED! (was jump #1)
[  4479   26.270 x1.00] LOG  [AirPosePin] released, peak correction was 0.782m
[  4523   26.506 x1.00] LOG  
==================== [FREEZE-DEBUG v3] ====================
  Reason : WASD-NOMOVE: WASD recent + speed 0.00m/s for 0.40s
  Time   : 21.965s   Frame: 4523   Snaps: 60
===========================================================

--- CURRENT STATE ---
  Flags: atk=False hvy=False dod=False dsh=False
         grd=False hit=False aerial=False lockPos=False
         comboStep=0
  Anim : speed=1.00  combatLayer hash=-1316391097 normT=0.994 weight=1.00 inTransition=False
  CC   : grounded=True  enabled=True  pos=(465.40, -0.02, 417.86)  vel=(0.00, 0.00, 0.00)
  Move : IsRunning=True
  Input: H=0.00 V=1.00  LMB=False MMB=False Q=False Sp=False Sh=True C=False
         WASD pressed in last 0.5s: True (last 0.00s ago)

--- FLIGHT RECORDER (60 snapshots, oldest first, dt=0.10s) ---
  Legend: flags = A(tk) H(vy) D(od) S(sh) G(rd) R(eact) Y(aerial) L(ock)   gnd/cc: Y/n
  t-now    flags     step gnd cc anSp normT layW tr | posX     posZ     spd   | H    V    LMB MMB Q  Sp Sh C
  ------   --------  ---- --- -- ---- ----- ---- -- | -----    -----    ----  | ---- ---- --- --- -- -- -- -
  - 6.07s  --------    0  Y   Y  1.00 15.89 1.00 -  |   462.3    391.0  0.00 |  0.0  0.0 0   0   0  0  0  0
  - 5.97s  --------    0  Y   Y  1.00 15.99 1.00 -  |   462.3    391.0  0.00 |  0.0  0.0 0   0   0  0  0  0
  - 5.86s  --------    0  Y   Y  1.00 16.10 1.00 -  |   462.3    391.0  0.00 |  0.0  0.0 0   0   0  0  0  0
  - 5.76s  --------    0  Y   Y  1.00 16.20 1.00 -  |   462.3    391.0  0.00 |  0.0  0.0 0   0   0  0  0  0
  - 5.66s  --------    0  Y   Y  1.00 16.30 1.00 -  |   462.3    391.0  0.00 |  0.0  0.0 0   0   0  0  0  0
  - 5.55s  --------    0  Y   Y  1.00 16.41 1.00 -  |   462.3    391.0  0.00 |  0.0  0.0 0   0   0  0  0  0
  - 5.45s  --------    0  Y   Y  1.00 16.51 1.00 -  |   462.3    391.0  0.00 |  0.0  0.0 0   0   0  0  0  0
  - 5.35s  --------    0  Y   Y  1.00 16.61 1.00 -  |   462.3    391.0  0.00 |  0.0  0.0 0   0   0  0  0  0
  - 5.25s  --------    0  Y   Y  1.00 16.71 1.00 -  |   462.3    391.0  0.00 |  0.0  0.0 0   0   0  0  0  0
  - 5.15s  --------    0  Y   Y  1.00 16.81 1.00 -  |   462.3    391.0  0.00 |  0.0  0.0 0   0   0  0  0  0
  - 5.04s  --------    0  Y   Y  1.00 16.92 1.00 -  |   462.3    391.0  0.00 |  0.0  0.0 0   0   0  0  0  0
  - 4.94s  --------    0  Y   Y  1.00 17.02 1.00 -  |   462.3    391.0  0.00 |  0.0  0.0 0   0   0  0  0  0
  - 4.84s  --------    0  Y   Y  1.00 17.12 1.00 -  |   462.3    391.0  0.00 |  0.0  0.0 0   0   0  0  0  0
  - 4.73s  --------    0  Y   Y  1.00 17.23 1.00 -  |   462.3    391.0  0.00 |  0.0  0.0 0   0   0  0  0  0
  - 4.63s  --------    0  Y   Y  1.00 17.33 1.00 -  |   462.3    391.0  0.00 |  0.0  0.0 0   0   0  0  0  0
  - 4.53s  --------    0  Y   Y  1.00 17.43 1.00 -  |   462.3    391.0  0.00 |  0.0  0.0 0   0   0  0  0  0
  - 4.42s  --------    0  Y   Y  1.00 17.54 1.00 -  |   462.3    391.0  0.00 |  0.0  0.0 0   0   0  0  0  0
  - 4.32s  --------    0  Y   Y  1.00 17.64 1.00 -  |   462.4    391.2  0.00 |  0.0  1.0 0   0   0  0  0  0
  - 4.22s  --------    0  Y   Y  1.00 17.74 1.00 -  |   462.4    391.4  0.00 |  0.0  1.0 0   0   0  0  0  0
  - 4.11s  --------    0  Y   Y  1.00 17.85 1.00 -  |   462.4    391.6  0.00 |  0.0  1.0 0   0   0  0  0  0
  - 4.01s  --------    0  Y   Y  1.00 17.95 1.00 -  |   462.6    392.3  0.00 |  0.0  0.0 0   0   0  0  1  0
  - 3.91s  --------    0  Y   Y  1.00 18.05 1.00 -  |   462.8    392.9  0.00 |  0.0  0.0 0   0   0  0  1  0
  - 3.81s  --------    0  Y   Y  1.00 18.15 1.00 -  |   463.0    393.6  0.00 |  0.0  1.0 0   0   0  0  1  0
  - 3.71s  --------    0  Y   Y  1.00 18.25 1.00 -  |   463.2    394.3  0.00 |  0.0  1.0 0   0   0  0  1  0
  - 3.61s  --------    0  Y   Y  1.00 18.35 1.00 -  |   463.3    395.0  0.00 |  0.0  1.0 0   0   0  0  1  0
  - 3.50s  --------    0  Y   Y  1.00 18.46 1.00 -  |   463.6    395.8  0.00 |  0.0  1.0 0   0   0  0  1  0
  - 3.40s  --------    0  Y   Y  1.00 18.56 1.00 -  |   463.7    396.5  0.00 |  0.0  1.0 0   0   0  0  1  0
  - 3.30s  --------    0  Y   Y  1.00 18.66 1.00 -  |   463.8    397.1  0.00 |  0.0  1.0 0   0   0  0  1  0
  - 3.19s  --------    0  Y   Y  1.00 18.77 1.00 -  |   463.8    397.8  0.00 |  0.0  1.0 0   0   0  0  1  0
  - 3.09s  --------    0  Y   Y  1.00 18.87 1.00 -  |   463.9    398.5  0.00 |  0.0  1.0 0   0   0  0  1  0
  - 2.99s  --------    0  Y   Y  1.00 18.97 1.00 -  |   463.9    399.2  0.00 |  0.0  1.0 0   0   0  0  1  0
  - 2.88s  --------    0  Y   Y  1.00 19.07 1.00 -  |   463.9    399.9  0.00 |  0.0  1.0 0   0   0  0  1  0
  - 2.78s  --------    0  Y   Y  1.00 19.18 1.00 -  |   464.0    400.8  0.00 |  0.0  1.0 0   0   0  0  1  0
  - 2.68s  --------    0  Y   Y  1.00 19.28 1.00 -  |   464.0    401.5  0.00 |  0.0  1.0 0   0   0  0  1  0
  - 2.58s  --------    0  Y   Y  1.00 19.38 1.00 -  |   464.0    402.2  0.00 |  0.0  1.0 0   0   0  0  1  0
  - 2.48s  --------    0  Y   Y  1.00 19.48 1.00 -  |   464.0    402.9  0.00 |  0.0  1.0 0   0   0  0  1  0
  - 2.37s  --------    0  Y   Y  1.00 19.59 1.00 -  |   464.1    403.6  0.00 |  0.0  1.0 0   0   0  0  1  0
  - 2.27s  --------    0  Y   Y  1.00 19.69 1.00 -  |   464.1    404.3  0.00 |  0.0  1.0 0   0   0  0  1  0
  - 2.17s  --------    0  Y   Y  1.00 19.79 1.00 -  |   464.2    405.0  0.00 |  0.0  1.0 0   0   0  0  1  0
  - 2.07s  --------    0  Y   Y  1.00 19.89 1.00 -  |   464.3    405.7  0.00 |  0.0  1.0 0   0   0  0  1  0
  - 1.96s  --------    0  Y   Y  1.00 20.00 1.00 -  |   464.4    406.5  0.00 |  0.0  1.0 0   0   0  0  1  0
  - 1.86s  --------    0  Y   Y  1.00 20.10 1.00 -  |   464.5    407.2  0.00 |  0.0  1.0 0   0   0  0  1  0
  - 1.76s  --------    0  Y   Y  1.00 20.20 1.00 -  |   464.6    407.9  0.00 |  0.0  1.0 0   0   0  0  1  0
  - 1.65s  --------    0  Y   Y  1.00 20.31 1.00 -  |   464.7    408.6  0.00 |  0.0  1.0 0   0   0  0  1  0
  - 1.55s  --------    0  Y   Y  1.00 20.41 1.00 -  |   464.8    409.3  0.00 |  0.0  1.0 0   0   0  0  1  0
  - 1.45s  --------    0  Y   Y  1.00 20.51 1.00 -  |   464.9    410.0  0.00 |  0.0  1.0 0   0   0  0  1  0
  - 1.34s  --------    0  Y   Y  1.00 20.62 1.00 -  |   465.0    410.8  0.00 |  0.0  1.0 0   0   0  0  1  0
  - 1.24s  --------    0  Y   Y  1.00 20.72 1.00 -  |   465.1    411.5  0.00 |  0.0  1.0 0   0   0  0  1  0
  - 1.14s  --------    0  n   Y  1.00 20.82 1.00 -  |   465.2    412.2  0.00 |  0.0  1.0 0   0   0  1  1  0
  - 1.04s  --------    0  n   Y  1.00 20.92 1.00 -  |   465.3    412.6  0.00 |  0.0  1.0 0   0   0  1  1  0
  - 0.93s  --------    0  n   Y  1.00 21.03 1.00 -  |   465.4    413.1  0.00 |  0.0  1.0 0   0   0  1  1  0
  - 0.83s  --------    0  n   Y  1.00 21.13 1.00 -  |   465.4    413.5  0.00 |  0.0  1.0 0   0   0  1  1  0
  - 0.73s  --------    0  n   Y  1.00 21.23 1.00 -  |   465.5    414.0  0.00 |  0.0  1.0 0   0   0  1  1  0
  - 0.63s  --------    0  n   Y  1.00  0.21 1.00 -  |   465.6    414.5  0.00 |  0.0  1.0 0   0   0  1  1  0
  - 0.52s  --------    0  n   Y  1.00  0.34 1.00 -  |   465.5    414.9  0.00 |  0.0  1.0 0   0   0  0  1  0
  - 0.42s  --------    0  n   Y  1.00  0.47 1.00 -  |   465.5    415.3  0.00 |  0.0  1.0 0   0   0  0  1  0
  - 0.32s  --------    0  n   Y  1.00  0.60 1.00 -  |   465.5    415.8  0.00 |  0.0  1.0 0   0   0  0  1  0
  - 0.22s  --------    0  Y   Y  1.00  0.72 1.00 -  |   465.5    416.3  0.00 |  0.0  1.0 0   0   0  0  1  0
  - 0.12s  --------    0  Y   Y  1.00  0.85 1.00 -  |   465.4    417.0  0.00 |  0.0  1.0 0   0   0  0  1  0
  - 0.02s  --------    0  Y   Y  1.00  0.97 1.00 -  |   465.4    417.7  0.00 |  0.0  1.0 0   0   0  0  1  0
=========================================================== END

[  4523   26.506 x1.00] LOG  [TailAirShot4Leg] finisher done, fully idle | y=-0.02 ts=1.00 fdt=0.0200
[  4565   26.777 x1.00] LOG  🐾 4-LEG JUMP #0
[  4565   26.777 x1.00] LOG  🐾 Jump 1 VFX spawned!
[  4650   27.269 x1.00] LOG  [TailAirShot] entry refused: this airtime is not a 2 leg jump | y=1.90 ts=1.00 fdt=0.0200
[  4650   27.269 x0.10] LOG  [TailAirShot4Leg] ENTER 4 leg, slow on for up to 3s real, waiting for the fire button, drawState=shoot_4Leg | y=1.90 ts=0.10 fdt=0.0020
[  4650   27.269 x0.10] LOG  [AirPosePin] engaged, holding body at 2.178m above the transform
[  4763   27.895 x1.00] LOG  [TailAirShot4Leg] EXIT (R released, nothing drawn) | y=1.88 ts=1.00 fdt=0.0200
[  4763   27.895 x1.00] LOG  [AirPosePin] released, peak correction was -0.044m
[  4797   28.078 x1.00] LOG  [TailAirShot] entry refused: this airtime is not a 2 leg jump | y=1.28 ts=1.00 fdt=0.0200
[  4797   28.078 x0.10] LOG  [TailAirShot4Leg] ENTER 4 leg, slow on for up to 3s real, waiting for the fire button, drawState=shoot_4Leg | y=1.28 ts=0.10 fdt=0.0020
[  4797   28.078 x0.10] LOG  [AirPosePin] engaged, holding body at 1.961m above the transform
[  4852   28.359 x1.00] LOG  [TailAirShot4Leg] EXIT (R released, nothing drawn) | y=1.11 ts=1.00 fdt=0.0200
[  4852   28.359 x1.00] LOG  [AirPosePin] released, peak correction was 0.136m
[  4878   28.501 x1.00] LOG  [OniBoss:Layer] watch stance ON (player 14.9m)
[  4882   28.521 x1.00] LOG  💨 Landing VFX spawned!
[  4882   28.521 x1.00] LOG  ✅ LANDED! (was jump #1)
[  4978   29.024 x1.00] LOG  🐾 4-LEG JUMP #0
[  4978   29.024 x1.00] LOG  🐾 Jump 1 VFX spawned!
[  5038   29.353 x1.00] LOG  [TailAirShot] entry refused: this airtime is not a 2 leg jump | y=1.64 ts=1.00 fdt=0.0200
[  5038   29.353 x0.10] LOG  [TailAirShot4Leg] ENTER 4 leg, slow on for up to 3s real, waiting for the fire button, drawState=shoot_4Leg | y=1.64 ts=0.10 fdt=0.0020
[  5038   29.353 x0.10] LOG  [AirPosePin] engaged, holding body at 1.091m above the transform
[  5156   29.976 x1.00] LOG  [TailAirShot4Leg] EXIT (R released, nothing drawn) | y=1.82 ts=1.00 fdt=0.0200
[  5156   29.976 x1.00] LOG  [AirPosePin] released, peak correction was -0.430m
[  5260   30.520 x1.00] LOG  💨 Landing VFX spawned!
[  5260   30.520 x1.00] LOG  ✅ LANDED! (was jump #1)
[  5291   30.679 x1.00] LOG  🐾 4-LEG JUMP #0
[  5291   30.679 x1.00] LOG  🐾 Jump 1 VFX spawned!
[  5424   31.423 x1.00] LOG  [ComboTrace] LAUNCH OniBoss at 1.3m dist=1.27m in 0.13s [AIRBORNE]
[  5424   31.423 x1.00] LOG  [Combat] Aerial spin — 25 dmg
[  5424   31.423 x1.00] LOG  OniBoss took 10 damage. HP: 490/500
[  5424   31.423 x1.00] LOG  [OniBoss] 🤕 Hit during LostSoul — flash only
[  5424   31.423 x1.00] LOG  [OniBoss] LostSoul → Alert
[  5424   31.423 x1.00] LOG  [OniBoss] Playing animation: Oni_Alert
[  5424   31.423 x1.00] LOG  [OniBoss] Became HOSTILE
[  5424   31.423 x1.00] LOG  [OniBoss:Layer] woken by damage (10) — back attacks count.
[  5424   31.423 x1.00] LOG  [CameraGameFeel] Shake: intensity=0.50 duration=0.200s
[  5424   31.423 x1.00] LOG  [CameraGameFeel] FOV punch: hit light (+1.5°)
[  5424   31.423 x1.00] LOG  [AirPosePin] engaged, holding body at 1.952m above the transform
[  5425   31.436 x1.00] LOG  [StormWeather] COZY → 'Yoru_Oni_Phase1_Storm' (fight engaged - storm rolls in, 0 s)
[  5425   31.436 x1.00] LOG  [StormWeather] FIGHT STARTED (he engaged) - storm on, floor starts to soak.
[  5425   31.436 x1.00] LOG  [BossBar] Showing bar for: Oni (490/500)
[  5425   31.436 x1.00] LOG  [OniBoss:Layer] boss bar shown
[  5426   31.444 x1.00] WARN The referenced script on this Behaviour (Game Object '<null>') is missing!
[  5426   31.444 x1.00] WARN The referenced script on this Behaviour (Game Object 'Lightning Light') is missing!
[  5426   31.444 x1.00] WARN The referenced script on this Behaviour (Game Object 'Lightning Light') is missing!
[  5444   31.554 x1.00] LOG  [ComboTrace] LAUNCH RESULT wanted=1.27m actually moved=0.73m — completed
[  5448   31.578 x1.00] LOG  OniBoss took 10 damage. HP: 480/500
[  5448   31.578 x1.00] LOG  [OniBoss] 🤕 Hit during Alert — flash only
[  5448   31.578 x1.00] LOG  [CameraGameFeel] Shake: intensity=0.18 duration=0.200s
[  5451   31.599 x1.00] LOG  💨 Landing VFX spawned!
[  5451   31.599 x1.00] LOG  ✅ LANDED! (was jump #1)
[  5451   31.599 x1.00] LOG  [AirPosePin] released, peak correction was 1.213m
[  5470   31.731 x1.00] LOG  OniBoss took 10 damage. HP: 470/500
[  5470   31.731 x1.00] LOG  [OniBoss] 🤕 Hit during Alert — flash only
[  5470   31.731 x1.00] LOG  [CameraGameFeel] Shake: intensity=0.18 duration=0.200s
[  5474   31.758 x1.00] LOG  [ComboTrace] CLICK IGNORED (step=3 queued=0)
[  5493   31.886 x1.00] LOG  OniBoss took 10 damage. HP: 460/500
[  5493   31.886 x1.00] LOG  [OniBoss] 🤕 Hit during Alert — flash only
[  5493   31.886 x1.00] LOG  [OniBoss] Alert → Stagger
[  5493   31.886 x1.00] LOG  [OniBoss] Playing animation: Stagger
[  5493   31.886 x1.00] LOG  [OniBoss] STAGGERED for 2.5s
[  5493   31.886 x1.00] LOG  [OniBoss:Layer] heavy knock-back react (swirl burst, 3 hits / 30 dmg) → 'HitReact_Heavy', down for 1.80s
[  5493   31.886 x1.00] LOG  [OniBoss:Layer] burst: 3 hits / 30 dmg inside 0.8s → knock-back + 0.90m push
[  5493   31.886 x1.00] LOG  [CameraGameFeel] Shake: intensity=0.18 duration=0.200s
[  5511   31.997 x1.00] LOG  
==================== [FREEZE-DEBUG v3] ====================
  Reason : WASD-NOMOVE: WASD recent + speed 0.00m/s for 0.41s
  Time   : 26.078s   Frame: 5511   Snaps: 60
===========================================================

--- CURRENT STATE ---
  Flags: atk=False hvy=False dod=False dsh=False
         grd=False hit=False aerial=True lockPos=False
         comboStep=3
  Anim : speed=1.00  combatLayer hash=-985085662 normT=0.666 weight=1.00 inTransition=False
  CC   : grounded=True  enabled=True  pos=(465.93, 0.11, 437.89)  vel=(0.00, 0.00, 0.00)
  Move : IsRunning=False
  Input: H=0.00 V=0.00  LMB=False MMB=False Q=False Sp=False Sh=False C=False
         WASD pressed in last 0.5s: True (last 0.21s ago)

--- FLIGHT RECORDER (60 snapshots, oldest first, dt=0.10s) ---
  Legend: flags = A(tk) H(vy) D(od) S(sh) G(rd) R(eact) Y(aerial) L(ock)   gnd/cc: Y/n
  t-now    flags     step gnd cc anSp normT layW tr | posX     posZ     spd   | H    V    LMB MMB Q  Sp Sh C
  ------   --------  ---- --- -- ---- ----- ---- -- | -----    -----    ----  | ---- ---- --- --- -- -- -- -
  - 6.07s  --------    0  Y   Y  1.00 20.00 1.00 -  |   464.4    406.5  0.00 |  0.0  1.0 0   0   0  0  1  0
  - 5.97s  --------    0  Y   Y  1.00 20.10 1.00 -  |   464.5    407.2  0.00 |  0.0  1.0 0   0   0  0  1  0
  - 5.87s  --------    0  Y   Y  1.00 20.20 1.00 -  |   464.6    407.9  0.00 |  0.0  1.0 0   0   0  0  1  0
  - 5.76s  --------    0  Y   Y  1.00 20.31 1.00 -  |   464.7    408.6  0.00 |  0.0  1.0 0   0   0  0  1  0
  - 5.66s  --------    0  Y   Y  1.00 20.41 1.00 -  |   464.8    409.3  0.00 |  0.0  1.0 0   0   0  0  1  0
  - 5.56s  --------    0  Y   Y  1.00 20.51 1.00 -  |   464.9    410.0  0.00 |  0.0  1.0 0   0   0  0  1  0
  - 5.46s  --------    0  Y   Y  1.00 20.62 1.00 -  |   465.0    410.8  0.00 |  0.0  1.0 0   0   0  0  1  0
  - 5.35s  --------    0  Y   Y  1.00 20.72 1.00 -  |   465.1    411.5  0.00 |  0.0  1.0 0   0   0  0  1  0
  - 5.25s  --------    0  n   Y  1.00 20.82 1.00 -  |   465.2    412.2  0.00 |  0.0  1.0 0   0   0  1  1  0
  - 5.15s  --------    0  n   Y  1.00 20.92 1.00 -  |   465.3    412.6  0.00 |  0.0  1.0 0   0   0  1  1  0
  - 5.05s  --------    0  n   Y  1.00 21.03 1.00 -  |   465.4    413.1  0.00 |  0.0  1.0 0   0   0  1  1  0
  - 4.94s  --------    0  n   Y  1.00 21.13 1.00 -  |   465.4    413.5  0.00 |  0.0  1.0 0   0   0  1  1  0
  - 4.84s  --------    0  n   Y  1.00 21.23 1.00 -  |   465.5    414.0  0.00 |  0.0  1.0 0   0   0  1  1  0
  - 4.74s  --------    0  n   Y  1.00  0.21 1.00 -  |   465.6    414.5  0.00 |  0.0  1.0 0   0   0  1  1  0
  - 4.64s  --------    0  n   Y  1.00  0.34 1.00 -  |   465.5    414.9  0.00 |  0.0  1.0 0   0   0  0  1  0
  - 4.53s  --------    0  n   Y  1.00  0.47 1.00 -  |   465.5    415.3  0.00 |  0.0  1.0 0   0   0  0  1  0
  - 4.43s  --------    0  n   Y  1.00  0.60 1.00 -  |   465.5    415.8  0.00 |  0.0  1.0 0   0   0  0  1  0
  - 4.33s  --------    0  Y   Y  1.00  0.72 1.00 -  |   465.5    416.3  0.00 |  0.0  1.0 0   0   0  0  1  0
  - 4.23s  --------    0  Y   Y  1.00  0.85 1.00 -  |   465.4    417.0  0.00 |  0.0  1.0 0   0   0  0  1  0
  - 4.13s  --------    0  Y   Y  1.00  0.97 1.00 -  |   465.4    417.7  0.00 |  0.0  1.0 0   0   0  0  1  0
  - 4.02s  --------    0  Y   Y  1.00  1.10 1.00 T  |   465.4    418.4  0.00 |  0.0  1.0 0   0   0  0  1  0
  - 3.92s  --------    0  Y   Y  1.00  0.19 1.00 -  |   465.3    419.1  0.00 |  0.0  1.0 0   0   0  0  1  0
  - 3.82s  --------    0  n   Y  1.00  0.29 1.00 -  |   465.3    419.8  0.00 |  0.0  1.0 0   0   0  1  1  0
  - 3.72s  --------    0  n   Y  1.00  0.39 1.00 -  |   465.3    420.3  0.00 |  0.0  1.0 0   0   0  1  1  0
  - 3.62s  --------    0  n   Y  1.00  0.49 1.00 -  |   465.3    420.7  0.00 |  0.0  1.0 0   0   0  1  1  0
  - 3.51s  --------    0  n   Y  1.00  0.59 1.00 -  |   465.3    421.2  0.00 |  0.0  1.0 0   0   0  0  1  0
  - 3.41s  --------    0  n   Y  1.00  0.69 1.00 -  |   465.2    421.7  0.00 |  0.0  1.0 0   0   0  0  1  0
  - 3.31s  --------    0  n   Y  1.00  0.80 1.00 -  |   465.2    422.2  0.00 |  0.0  1.0 0   0   0  0  1  0
  - 3.21s  --------    0  n   Y  1.00  0.90 1.00 -  |   465.3    422.5  0.00 |  0.0  1.0 0   0   0  0  1  0
  - 3.11s  --------    0  n   Y  1.00  1.00 1.00 -  |   465.3    423.0  0.00 |  0.0  1.0 0   0   0  0  1  0
  - 3.01s  --------    0  n   Y  1.00  1.10 1.00 -  |   465.4    423.5  0.00 |  0.0  1.0 0   0   0  0  1  0
  - 2.91s  --------    0  Y   Y  1.00  1.20 1.00 -  |   465.4    423.9  0.00 |  0.0  1.0 0   0   0  0  1  0
  - 2.80s  --------    0  Y   Y  1.00  1.30 1.00 -  |   465.5    424.6  0.00 |  0.0  1.0 0   0   0  0  1  0
  - 2.70s  --------    0  Y   Y  1.00  1.41 1.00 -  |   465.6    425.3  0.00 |  0.0  1.0 0   0   0  0  1  0
  - 2.60s  --------    0  Y   Y  1.00  1.51 1.00 -  |   465.6    426.2  0.00 |  0.0  0.0 0   0   0  0  1  0
  - 2.49s  --------    0  Y   Y  1.00  1.61 1.00 -  |   465.7    426.8  0.00 |  0.0  1.0 0   0   0  0  1  0
  - 2.39s  --------    0  n   Y  1.00  1.71 1.00 -  |   465.8    427.5  0.00 |  0.0  1.0 0   0   0  1  1  0
  - 2.29s  --------    0  n   Y  1.00  1.82 1.00 -  |   465.8    428.0  0.00 |  0.0  1.0 0   0   0  1  1  0
  - 2.19s  --------    0  n   Y  1.00  1.92 1.00 -  |   465.9    428.4  0.00 |  0.0  1.0 0   0   0  0  1  0
  - 2.08s  --------    0  n   Y  1.00  2.02 1.00 -  |   465.9    428.9  0.00 |  0.0  1.0 0   0   0  0  1  0
  - 1.98s  --------    0  n   Y  1.00  2.13 1.00 -  |   466.0    429.4  0.00 |  0.0  1.0 0   0   0  0  1  0
  - 1.88s  --------    0  n   Y  1.00  2.23 1.00 -  |   466.0    429.9  0.00 |  0.0  1.0 0   0   0  0  1  0
  - 1.78s  --------    0  n   Y  1.00  2.33 1.00 -  |   466.1    430.3  0.00 |  0.0  1.0 0   0   0  0  1  0
  - 1.67s  --------    0  n   Y  1.00  2.43 1.00 -  |   466.1    430.7  0.00 |  0.0  1.0 0   0   0  0  1  0
  - 1.57s  --------    0  n   Y  1.00  2.54 1.00 -  |   466.2    431.2  0.00 |  0.0  1.0 0   0   0  0  1  0
  - 1.47s  --------    0  Y   Y  1.00  2.64 1.00 -  |   466.2    431.6  0.00 |  0.0  1.0 0   0   0  0  1  0
  - 1.37s  --------    0  Y   Y  1.00  2.74 1.00 -  |   466.3    432.3  0.00 |  0.0  1.0 0   0   0  0  1  0
  - 1.27s  --------    0  n   Y  1.00  2.84 1.00 -  |   466.4    433.0  0.00 |  0.0  1.0 0   0   0  1  1  0
  - 1.16s  --------    0  n   Y  1.00  2.94 1.00 -  |   466.4    433.4  0.00 |  0.0  1.0 0   0   0  1  1  0
  - 1.06s  --------    0  n   Y  1.00  3.05 1.00 -  |   466.5    434.0  0.00 |  0.0  1.0 0   0   0  0  1  0
  - 0.95s  --------    0  n   Y  1.00  3.15 1.00 -  |   466.5    434.4  0.00 |  0.0  0.0 0   0   0  0  1  0
  - 0.85s  --------    0  n   Y  1.00  3.25 1.00 -  |   466.6    434.9  0.00 |  0.0  0.0 0   0   0  0  1  0
  - 0.75s  --------    0  n   Y  1.00  3.36 1.00 -  |   466.6    435.3  0.00 |  0.0  0.0 0   0   0  0  1  0
  - 0.65s  --------    0  n   Y  1.00  3.46 1.00 -  |   466.7    435.8  0.00 |  0.0  0.0 0   0   0  0  1  0
  - 0.54s  A-----Y-    3  n   Y  0.00  3.53 1.00 T  |   466.9    436.6  16.08 |  0.0  0.0 0   0   0  0  1  0
  - 0.44s  A-----Y-    3  n   Y  1.00  0.11 1.00 -  |   466.8    436.8  0.00 |  0.0  0.0 0   0   0  0  1  0
  - 0.34s  ------Y-    3  Y   Y  1.00  0.23 1.00 -  |   466.6    437.0  0.00 |  0.0  1.0 1   0   0  0  1  0
  - 0.24s  ------Y-    3  Y   Y  1.00  0.36 1.00 -  |   466.3    437.2  0.00 |  0.0  1.0 0   0   0  0  1  0
  - 0.14s  ------Y-    3  Y   Y  1.00  0.49 1.00 -  |   466.0    437.6  0.00 |  0.0  0.0 0   0   0  0  1  0
  - 0.03s  ------Y-    3  Y   Y  1.00  0.62 1.00 -  |   465.9    437.9  0.00 |  0.0  0.0 0   0   0  0  0  0
=========================================================== END

[  5518   32.037 x1.00] LOG  OniBoss punish window! 10 → 15 (x1.5)
[  5518   32.037 x1.00] LOG  OniBoss took 15 damage. HP: 445/500
[  5518   32.037 x1.00] LOG  [CameraGameFeel] Shake: intensity=0.18 duration=0.200s
[  5543   32.180 x1.00] LOG  [ComboTrace] END step=3 clipProgress=0.90 clipLen=0.79s queued=0 elapsed=0.76s
[  5552   32.230 x1.00] LOG  [StormWeather] storm post weight -> 0.40
[  5598   32.493 x1.00] LOG  [StormWeather] fur: rain reaching the coat (intensity 0.01, follows floor wetness).
[  5804   33.686 x1.00] LOG  [OniBoss] Stagger → Chase
[  5805   33.693 x1.00] LOG  [OniBoss] Playing animation: run
[  5844   33.921 x1.00] LOG  [OniBoss] Ranged attack: Oni_Charge (dist 13.0m)
[  5844   33.921 x1.00] LOG  [OniBoss] Chase → Attack
[  5844   33.921 x1.00] LOG  [OniBoss] charge follow-up armed: ClubSlam chains after the charge.
[  5844   33.921 x1.00] LOG  [OniBoss] Attack: Oni_Charge (18 dmg)

[  5844   33.921 x1.00] TEL ────────── CHARGE ──────────
[  5844   33.921 x1.00] LOG  [OniBoss:Layer] charge begin: travel bone 'Hips' depth 1, local now (0.25, 2.71, -0.25) vs rest (0.00, 3.24, -0.24); pin ON; drive windup→rush→strike; engine Attack, AnimSpeed 1.30, clip at 0.00, dist 13.0m
[  5844   33.921 x1.00] TEL charge Windup n=0.00 spd=1.30 mult=1.00 st=Attack anim=h1349952704/Charge drift=0.25 cut=0.25 meshOff=0.24m vis bounds+0.2m pos=(468.4,438.8) dist=13.0 vel=1.8
[  5858   34.010 x1.00] TEL charge Windup n=0.07 spd=1.30 mult=1.00 st=Attack anim=h1349952704/Charge drift=0.31 cut=0.31 meshOff=0.24m vis bounds+0.1m pos=(468.4,438.8) dist=13.6 vel=0.0
[  5872   34.095 x1.00] TEL charge Windup n=0.15 spd=1.30 mult=1.30 st=Attack anim=Charge/- drift=0.94 cut=0.94 meshOff=0.24m vis bounds+0.3m pos=(468.4,438.8) dist=14.1 vel=0.0
[  5887   34.182 x1.00] TEL charge Windup n=0.22 spd=1.30 mult=1.30 st=Attack anim=Charge/- drift=1.14 cut=1.14 meshOff=0.24m vis bounds+0.5m pos=(468.4,438.8) dist=14.8 vel=0.0
[  5901   34.266 x1.00] TEL charge Windup n=0.29 spd=1.30 mult=1.30 st=Attack anim=Charge/- drift=0.55 cut=0.55 meshOff=0.24m vis bounds+0.5m pos=(468.4,438.8) dist=15.4 vel=0.0
[  5916   34.354 x1.00] TEL charge Windup n=0.36 spd=1.30 mult=1.30 st=Attack anim=Charge/- drift=4.65 cut=4.65 meshOff=0.24m vis bounds+0.2m pos=(468.4,438.8) dist=15.9 vel=0.0
[  5923   34.398 x1.00] LOG  [OniBoss:Layer] charge RUSH: clip frozen at 0.40, 16.4m to go at 14m/s
[  5924   34.404 x1.00] LOG  [OniBoss:Layer] charge fire trail: 'ToonFireTrail' attached to his feet for the rush.
[  5930   34.439 x1.00] TEL charge Rush   n=0.40 spd=0.00 mult=0.00 st=Attack anim=Charge/- drift=7.51 cut=7.51 meshOff=0.24m vis bounds+0.4m pos=(468.3,438.3) dist=16.1 vel=0.0
[  5944   34.526 x1.00] TEL charge Rush   n=0.40 spd=0.00 mult=0.00 st=Attack anim=Charge/- drift=7.51 cut=7.51 meshOff=0.24m vis bounds+0.4m pos=(468.0,437.1) dist=15.4 vel=0.0
[  5958   34.612 x1.00] TEL charge Rush   n=0.40 spd=0.00 mult=0.00 st=Attack anim=Charge/- drift=7.51 cut=7.51 meshOff=0.24m vis bounds+0.4m pos=(467.7,435.9) dist=14.7 vel=0.0
[  5972   34.698 x1.00] TEL charge Rush   n=0.40 spd=0.00 mult=0.00 st=Attack anim=Charge/- drift=7.51 cut=7.51 meshOff=0.24m vis bounds+0.4m pos=(467.4,434.7) dist=14.2 vel=0.0
[  5987   34.786 x1.00] TEL charge Rush   n=0.40 spd=0.00 mult=0.00 st=Attack anim=Charge/- drift=7.51 cut=7.51 meshOff=0.24m vis bounds+0.4m pos=(467.1,433.5) dist=13.6 vel=0.0
[  6001   34.869 x1.00] TEL charge Rush   n=0.40 spd=0.00 mult=0.00 st=Attack anim=Charge/- drift=7.51 cut=7.51 meshOff=0.24m vis bounds+0.4m pos=(466.9,432.4) dist=12.6 vel=0.0
[  6016   34.953 x1.00] TEL charge Rush   n=0.40 spd=0.00 mult=0.00 st=Attack anim=Charge/- drift=7.51 cut=7.51 meshOff=0.24m vis bounds+0.4m pos=(466.6,431.3) dist=11.6 vel=0.0
[  6031   35.039 x1.00] TEL charge Rush   n=0.40 spd=0.00 mult=0.00 st=Attack anim=Charge/- drift=7.51 cut=7.51 meshOff=0.24m vis bounds+0.4m pos=(466.3,430.1) dist=10.6 vel=0.0
[  6047   35.127 x1.00] TEL charge Rush   n=0.40 spd=0.00 mult=0.00 st=Attack anim=Charge/- drift=7.51 cut=7.51 meshOff=0.24m vis bounds+0.4m pos=(466.0,428.9) dist=9.4 vel=0.0
[  6062   35.213 x1.00] TEL charge Rush   n=0.40 spd=0.00 mult=0.00 st=Attack anim=Charge/- drift=7.51 cut=7.51 meshOff=0.24m vis bounds+0.4m pos=(465.7,427.7) dist=8.2 vel=0.0
[  6078   35.302 x1.00] TEL charge Rush   n=0.40 spd=0.00 mult=0.00 st=Attack anim=Charge/- drift=7.51 cut=7.51 meshOff=0.24m vis bounds+0.4m pos=(465.4,426.5) dist=7.0 vel=0.0
[  6094   35.390 x1.00] TEL charge Rush   n=0.40 spd=0.00 mult=0.00 st=Attack anim=Charge/- drift=7.51 cut=7.51 meshOff=0.24m vis bounds+0.4m pos=(465.2,425.3) dist=5.8 vel=0.0
[  6109   35.475 x1.00] TEL charge Rush   n=0.40 spd=0.00 mult=0.00 st=Attack anim=Charge/- drift=7.51 cut=7.51 meshOff=0.24m vis bounds+0.4m pos=(464.9,424.2) dist=4.6 vel=0.0
[  6123   35.552 x1.00] LOG  [OniBoss:Layer] charge STRIKE: arrived 2.6m from the lock point after 1.15s real — clip 0.40 → 0.58 (blend 0.10s), strike moment 0.76, Yoru 3.6m away
[  6125   35.563 x1.00] TEL charge Strike n=0.58 spd=1.00 mult=1.00 st=Attack anim=Charge/Charge drift=8.88 cut=8.88 meshOff=0.24m vis bounds+0.4m pos=(464.7,423.2) dist=3.6 vel=0.0
[  6140   35.652 x1.00] TEL charge Strike n=0.64 spd=1.00 mult=1.00 st=Attack anim=Charge/- drift=15.38 cut=15.38 meshOff=0.24m vis bounds+0.4m pos=(464.7,423.2) dist=3.6 vel=0.0
[  6156   35.740 x1.00] TEL charge Strike n=0.70 spd=1.00 mult=1.00 st=Attack anim=Charge/- drift=16.22 cut=16.22 meshOff=0.24m vis bounds+0.4m pos=(464.7,423.2) dist=3.6 vel=0.0
[  6172   35.828 x1.00] TEL charge Strike n=0.76 spd=1.00 mult=1.00 st=Attack anim=Charge/- drift=16.80 cut=16.80 meshOff=0.24m vis bounds+0.5m pos=(464.7,423.2) dist=3.6 vel=0.0
[  6175   35.844 x1.00] LOG  [CameraGameFeel] Shake: intensity=0.45 duration=0.350s
[  6175   35.844 x1.00] LOG  [OniBoss] Attack missed, player out of range (3.6m > 3.5m)
[  6188   35.917 x1.00] TEL charge Strike n=0.81 spd=1.00 mult=1.00 st=Attack anim=Charge/- drift=17.30 cut=17.30 meshOff=0.24m vis bounds+0.4m pos=(464.7,423.2) dist=3.6 vel=0.0
[  6204   36.003 x1.00] TEL charge Strike n=0.87 spd=1.00 mult=1.00 st=Attack anim=Charge/- drift=17.68 cut=17.68 meshOff=0.24m vis bounds+0.3m pos=(464.7,423.2) dist=3.6 vel=0.0
[  6220   36.090 x1.00] TEL charge Strike n=0.92 spd=1.00 mult=1.00 st=Attack anim=Charge/- drift=17.95 cut=17.95 meshOff=0.24m vis bounds+0.2m pos=(464.7,423.2) dist=3.6 vel=0.0
[  6237   36.177 x1.00] TEL charge Strike n=0.98 spd=1.00 mult=1.00 st=Attack anim=Charge/- drift=18.07 cut=18.07 meshOff=0.24m vis bounds+0.1m pos=(464.7,423.2) dist=3.6 vel=0.0
[  6241   36.197 x1.00] LOG  [OniBoss] Attack → Recovery
[  6241   36.197 x1.00] LOG  [OniBoss] Playing animation: Watch
[  6241   36.197 x1.00] LOG  [OniBoss:Layer] charge fire trail: released — burns out over 3.8s where the rush ended.
[  6241   36.197 x1.00] LOG  [OniBoss:Layer] charge complete: engine left Attack (now Recovery) during Strike
[  6253   36.264 x1.00] TEL charge None   n=1.04 spd=1.00 mult=1.00 st=Recovery anim=Charge/h-1849006814 drift=11.12 cut=11.12 meshOff=0.24m vis bounds+0.1m pos=(464.7,423.2) dist=3.6 vel=0.0
[  6270   36.350 x1.00] LOG  [OniBoss] Recovery → Attack
[  6270   36.350 x1.00] LOG  [OniBoss] Attack: ClubSlam (20 dmg)
[  6270   36.350 x1.00] LOG  [OniBoss:Trail] ClubSlam trail START at clip 1.00 (transition still blending).
[  6270   36.350 x1.00] TEL charge None   n=1.10 spd=2.00 mult=2.00 st=Attack anim=Charge/h283984468 drift=3.08 cut=3.08 meshOff=0.24m vis bounds+0.1m pos=(464.6,423.2) dist=3.5 vel=0.0
[  6286   36.435 x1.00] TEL charge None   n=1.10 spd=2.00 mult=2.00 st=Attack anim=Charge/h283984468 drift=0.67 cut=0.67 meshOff=0.24m vis bounds+0.4m pos=(464.6,422.7) dist=3.1 vel=0.0
[  6291   36.461 x1.00] LOG  [OniBoss:Layer] step-in: 'ClubSlam' closed 0.56m, Yoru now 3.0m away (range 3.5)
[  6291   36.461 x1.00] LOG  [OniBoss:Layer] charge end (clip left the animator) after 2.54s real: pin measured 447 frames, cancelled on 447, max raw drift 18.07m, max cancelled 18.07m — travel WAS baked in, pin held it
[  6347   36.761 x1.00] LOG  [CameraGameFeel] Shake: intensity=0.50 duration=0.400s
[  6347   36.761 x1.00] LOG  [Combat] Hit react: HitReact_Heavy_2Leg (0.9s)
[  6347   36.761 x1.00] LOG  [HitReactTrace] asked for 'HitReact_Heavy_2Leg' (0.90s) — blend resolved after 0 ms, now playing a clip 1.00s long at speed 1.00, layer weight 1.00, animator.speed 1.00.
[  6347   36.761 x1.00] LOG  [CameraGameFeel] Shake: intensity=0.60 duration=0.200s
[  6347   36.761 x1.00] LOG  [CameraGameFeel] FOV punch: player damage (-3.0°)
[  6347   36.761 x1.00] LOG  [OniBoss] Hit player for 30 (ClubSlam) [combo x1.50]
[  6347   36.761 x1.00] LOG  [OniBoss:Touch] ClubSlam: club TOUCHED Yoru at clip 0.44 — shaft 0.62m from her body line, tip speed 115m/s, ONE FRAME EARLY (predicted). Full club hit delivered this frame.
[  6420   37.145 x1.00] LOG  [OniBoss:ClubPos] ClubSlam at strike: club tip 0.57m up, 2.90m in front, -0.19m to his right (2.91m out from his centre). Club faces 6deg from his forward, pitch -0.25. (the ground wave is born 1.6m in front of him at 0.35m.)
[  6420   37.145 x1.00] LOG  [OniBoss:Layer] ClubSlam: club already hit — ground wave released as VISUAL only (0 damage), finisher size x2.0.
[  6446   37.276 x1.00] LOG  [OniBoss] Attack → Recovery
[  6446   37.276 x1.00] LOG  [OniBoss] Playing animation: Watch
[  6446   37.276 x1.00] LOG  [OniBoss:Trail] trail END at clip 1.00, fading over 0.40s.
[  6446   37.276 x1.00] LOG  [OniBoss:Strike] ClubSlam: club tip closest to Yoru at 0.17m, clip position 0.85 | damage fires at 0.85 | clip 0.93s => MATCHED (within one or two frames)
[  6476   37.427 x1.00] LOG  [OniBoss] Recovery → Chase
[  6477   37.432 x1.00] LOG  [OniBoss] hold-ground: BACKSTEP 1.5m (player 3.0m)
[  6540   37.751 x1.00] LOG  
==================== [FREEZE-DEBUG v3] ====================
  Reason : WASD-NOMOVE: WASD recent + speed 0.00m/s for 0.40s
  Time   : 31.832s   Frame: 6540   Snaps: 60
===========================================================

--- CURRENT STATE ---
  Flags: atk=False hvy=False dod=False dsh=False
         grd=False hit=False aerial=False lockPos=False
         comboStep=0
  Anim : speed=1.00  combatLayer hash=1755030216 normT=0.890 weight=1.00 inTransition=True
  CC   : grounded=True  enabled=True  pos=(463.87, -0.02, 419.56)  vel=(0.00, 0.00, 0.00)
  Move : IsRunning=False
  Input: H=0.00 V=0.00  LMB=False MMB=False Q=False Sp=False Sh=False C=False
         WASD pressed in last 0.5s: True (last 0.09s ago)

--- FLIGHT RECORDER (60 snapshots, oldest first, dt=0.10s) ---
  Legend: flags = A(tk) H(vy) D(od) S(sh) G(rd) R(eact) Y(aerial) L(ock)   gnd/cc: Y/n
  t-now    flags     step gnd cc anSp normT layW tr | posX     posZ     spd   | H    V    LMB MMB Q  Sp Sh C
  ------   --------  ---- --- -- ---- ----- ---- -- | -----    -----    ----  | ---- ---- --- --- -- -- -- -
  - 6.10s  ------Y-    3  Y   Y  1.00  0.23 1.00 -  |   466.6    437.0  0.00 |  0.0  1.0 1   0   0  0  1  0
  - 5.99s  ------Y-    3  Y   Y  1.00  0.36 1.00 -  |   466.3    437.2  0.00 |  0.0  1.0 0   0   0  0  1  0
  - 5.89s  ------Y-    3  Y   Y  1.00  0.49 1.00 -  |   466.0    437.6  0.00 |  0.0  0.0 0   0   0  0  1  0
  - 5.79s  ------Y-    3  Y   Y  1.00  0.62 1.00 -  |   465.9    437.9  0.00 |  0.0  0.0 0   0   0  0  0  0
  - 5.68s  ------Y-    3  Y   Y  1.00  0.75 1.00 -  |   465.9    437.9  0.00 |  0.0 -1.0 0   0   0  0  0  0
  - 5.58s  ------Y-    3  Y   Y  1.00  0.88 1.00 -  |   465.9    437.7  0.00 |  0.0 -1.0 0   0   0  0  0  0
  - 5.48s  --------    3  Y   Y  1.00  1.01 1.00 T  |   465.9    437.5  0.00 |  0.0 -1.0 0   0   0  0  0  0
  - 5.38s  --------    3  Y   Y  1.00  0.18 1.00 -  |   465.9    437.2  0.00 |  0.0 -1.0 0   0   0  0  1  0
  - 5.27s  --------    3  Y   Y  1.00  0.29 1.00 -  |   465.8    436.4  0.00 |  0.0 -1.0 0   0   0  0  1  0
  - 5.17s  --------    3  Y   Y  1.00  0.39 1.00 -  |   465.7    435.7  0.00 |  0.0 -1.0 0   0   0  0  1  0
  - 5.07s  --------    3  Y   Y  1.00  0.49 1.00 -  |   465.6    435.0  0.00 |  0.0 -1.0 0   0   0  0  1  0
  - 4.97s  --------    3  Y   Y  1.00  0.59 1.00 -  |   465.5    434.3  0.00 |  0.0 -1.0 0   0   0  0  1  0
  - 4.87s  --------    3  Y   Y  1.00  0.69 1.00 -  |   465.5    433.6  0.00 |  0.0 -1.0 0   0   0  0  1  0
  - 4.76s  --------    3  Y   Y  1.00  0.80 1.00 -  |   465.4    432.9  0.00 |  0.0 -1.0 0   0   0  0  1  0
  - 4.66s  --------    3  Y   Y  1.00  0.90 1.00 -  |   465.3    432.2  0.00 |  0.0 -1.0 0   0   0  0  1  0
  - 4.56s  --------    3  Y   Y  1.00  1.00 1.00 -  |   465.2    431.3  0.00 |  0.0 -1.0 0   0   0  0  1  0
  - 4.45s  --------    3  Y   Y  1.00  1.11 1.00 -  |   465.1    430.7  0.00 |  0.0 -1.0 0   0   0  0  1  0
  - 4.35s  --------    3  Y   Y  1.00  1.21 1.00 -  |   465.1    430.0  0.00 |  0.0 -1.0 0   0   0  0  1  0
  - 4.25s  --------    3  Y   Y  1.00  1.31 1.00 -  |   465.0    429.3  0.00 |  0.0 -1.0 0   0   0  0  1  0
  - 4.15s  --------    3  Y   Y  1.00  1.41 1.00 -  |   464.9    428.6  0.00 |  0.0 -1.0 0   0   0  0  1  0
  - 4.04s  --------    3  Y   Y  1.00  1.51 1.00 -  |   464.8    427.9  0.00 |  0.0 -1.0 0   0   0  0  1  0
  - 3.94s  --------    3  Y   Y  1.00  1.62 1.00 -  |   464.8    427.2  0.00 |  0.0 -1.0 0   0   0  0  1  0
  - 3.84s  --------    3  Y   Y  1.00  1.72 1.00 -  |   464.7    426.5  0.00 |  0.0 -1.0 0   0   0  0  1  0
  - 3.74s  --------    3  Y   Y  1.00  1.82 1.00 -  |   464.6    425.6  0.00 |  0.0 -1.0 0   0   0  0  1  0
  - 3.63s  --------    3  Y   Y  1.00  1.93 1.00 -  |   464.5    424.9  0.00 |  0.0 -1.0 0   0   0  0  1  0
  - 3.53s  --------    3  Y   Y  1.00  2.03 1.00 -  |   464.4    424.3  0.00 |  0.0 -1.0 0   0   0  0  1  0
  - 3.43s  --------    3  Y   Y  1.00  2.13 1.00 -  |   464.4    423.6  0.00 |  0.0 -1.0 0   0   0  0  1  0
  - 3.32s  --------    3  Y   Y  1.00  2.24 1.00 -  |   464.3    422.9  0.00 |  0.0 -1.0 0   0   0  0  1  0
  - 3.22s  --------    3  Y   Y  1.00  2.34 1.00 -  |   464.2    422.2  0.00 |  0.0 -1.0 0   0   0  0  1  0
  - 3.11s  --------    3  Y   Y  1.00  2.44 1.00 -  |   464.1    421.3  0.00 |  0.0 -1.0 0   0   0  0  1  0
  - 3.01s  --------    3  Y   Y  1.00  2.55 1.00 -  |   464.0    420.6  0.00 |  0.0 -1.0 0   0   0  0  1  0
  - 2.91s  --------    3  Y   Y  1.00  2.65 1.00 -  |   464.0    420.1  0.00 |  0.0  0.0 0   0   0  0  0  0
  - 2.80s  --------    3  Y   Y  1.00  2.76 1.00 -  |   464.0    419.9  0.00 |  0.0  0.0 0   0   0  0  0  0
  - 2.70s  --------    3  Y   Y  1.00  2.86 1.00 -  |   463.9    419.7  0.00 |  0.0  0.0 0   0   0  0  0  0
  - 2.60s  --------    3  Y   Y  1.00  2.96 1.00 -  |   463.9    419.7  0.00 |  0.0  0.0 0   0   0  0  0  0
  - 2.50s  --------    3  Y   Y  1.00  3.06 1.00 -  |   463.9    419.7  0.00 |  0.0  0.0 0   0   0  0  0  0
  - 2.39s  --------    3  Y   Y  1.00  3.17 1.00 -  |   463.9    419.7  0.00 |  0.0  0.0 0   0   0  0  0  0
  - 2.29s  --------    3  Y   Y  1.00  3.26 1.00 -  |   463.9    419.7  0.00 |  0.0  0.0 0   0   0  0  0  0
  - 2.19s  --------    3  Y   Y  1.00  3.37 1.00 -  |   463.9    419.7  0.00 |  0.0  0.0 0   0   0  0  0  0
  - 2.09s  --------    3  Y   Y  1.00  3.47 1.00 -  |   463.9    419.7  0.00 |  0.0  0.0 0   0   0  0  0  0
  - 1.99s  --------    3  Y   Y  1.00  3.57 1.00 -  |   463.9    419.7  0.00 |  0.0  0.0 0   0   0  0  0  0
  - 1.88s  --------    3  Y   Y  1.00  3.68 1.00 -  |   463.9    419.7  0.00 |  0.0  0.0 0   0   0  0  0  0
  - 1.78s  --------    3  Y   Y  1.00  3.78 1.00 -  |   463.9    419.7  0.00 |  0.0  0.0 0   0   0  0  0  0
  - 1.68s  --------    3  Y   Y  1.00  3.88 1.00 -  |   463.9    419.7  0.00 |  0.0  0.0 0   0   0  0  0  0
  - 1.57s  --------    3  Y   Y  1.00  3.99 1.00 -  |   463.9    419.7  0.00 |  0.0  0.0 0   0   0  0  0  0
  - 1.47s  --------    3  Y   Y  1.00  4.09 1.00 -  |   463.9    419.7  0.00 |  0.0  0.0 0   0   0  0  0  0
  - 1.37s  --------    3  Y   Y  1.00  4.19 1.00 -  |   463.9    419.7  0.00 |  0.0  0.0 0   0   0  0  0  0
  - 1.27s  --------    3  Y   Y  1.00  4.29 1.00 -  |   463.9    419.7  0.00 |  0.0  0.0 0   0   0  0  0  0
  - 1.16s  --------    3  Y   Y  1.00  4.40 1.00 -  |   463.9    419.7  0.00 |  0.0  0.0 0   0   0  0  0  0
  - 1.06s  --------    3  Y   Y  1.00  4.50 1.00 -  |   463.9    419.7  0.00 |  0.0  0.0 0   0   0  0  0  0
  - 0.96s  -----R--    0  Y   Y  1.00  0.10 1.00 -  |   463.9    419.7  0.00 |  0.0  0.0 0   0   0  0  0  0
  - 0.85s  -----R--    0  Y   Y  1.00  0.19 1.00 -  |   463.9    419.7  0.00 |  0.0  0.0 0   0   0  0  0  0
  - 0.75s  -----R--    0  Y   Y  1.00  0.27 1.00 -  |   463.9    419.7  0.00 |  0.0  0.0 0   0   0  0  0  0
  - 0.64s  -----R--    0  Y   Y  1.00  0.36 1.00 -  |   463.9    419.7  0.00 |  0.0  0.0 0   0   0  0  0  0
  - 0.54s  -----R--    0  Y   Y  1.00  0.45 1.00 -  |   463.9    419.7  0.00 |  0.0  0.0 0   0   0  0  0  0
  - 0.44s  -----R--    0  Y   Y  1.00  0.53 1.00 -  |   463.9    419.7  0.00 |  0.0  0.0 0   0   0  0  0  0
  - 0.33s  -----R--    0  Y   Y  1.00  0.61 1.00 -  |   463.9    419.7  0.00 | -1.0  0.0 0   0   0  0  0  0
  - 0.23s  -----R--    0  Y   Y  1.00  0.70 1.00 -  |   463.9    419.7  0.00 | -1.0  0.0 0   0   0  0  0  0
  - 0.13s  -----R--    0  Y   Y  1.00  0.79 1.00 -  |   463.9    419.7  0.00 | -1.0  0.0 0   0   0  0  0  0
  - 0.03s  --------    0  Y   Y  1.00  0.87 1.00 T  |   463.9    419.6  0.00 |  0.0  0.0 0   0   0  0  0  0
=========================================================== END

[  6578   37.939 x1.00] LOG  [OniBoss] hold-ground: backstep done (0.81m), WATCH (player 4.4m, cooldown 1.3s)
[  6578   37.939 x1.00] LOG  [OniBoss] Playing animation: Idle
[  6579   37.945 x1.00] LOG  [OniBoss] Playing animation: Walk
[  6755   38.827 x1.00] LOG  [OniBoss] Playing animation: Idle
[  6835   39.229 x1.00] LOG  [OniBoss] hold-ground: cooldown over, player 3.5m > 3.5m — APPROACH
[  6835   39.229 x1.00] LOG  [OniBoss] Playing animation: Walk
[  6908   39.613 x1.00] WARN The referenced script on this Behaviour (Game Object '<null>') is missing!
[  6908   39.613 x1.00] WARN The referenced script on this Behaviour (Game Object 'Lightning Light') is missing!
[  6908   39.613 x1.00] WARN The referenced script on this Behaviour (Game Object 'Lightning Light') is missing!
[  6916   39.656 x1.00] LOG  [OniBoss] Pull-band decision: RUN-IN (dist 4.8m, pullRange 0m, chance 0.50)
[  6916   39.656 x1.00] LOG  [OniBoss] Playing animation: run
[  7066   40.520 x1.00] LOG  [OniBoss] Playing animation: Watch
[  7066   40.520 x1.00] LOG  [OniBoss] Chase → Attack
[  7066   40.520 x1.00] LOG  [OniBoss] Attack: ClubSlam (20 dmg)
[  7066   40.520 x1.00] LOG  [OniBoss:Trail] ClubSlam trail START at clip 0.93 (transition done).
[  7083   40.618 x1.00] LOG  [OniBoss:Layer] step-in: 'ClubSlam' closed 0.48m, Yoru now 3.0m away (range 3.5)
[  7138   40.930 x1.00] LOG  [CameraGameFeel] Shake: intensity=0.50 duration=0.400s
[  7138   40.930 x1.00] LOG  [Combat] Hit react: HitReact_Heavy_2Leg (0.9s)
[  7138   40.930 x1.00] LOG  [HitReactTrace] asked for 'HitReact_Heavy_2Leg' (0.90s) — blend resolved after 0 ms, now playing a clip 1.00s long at speed 1.00, layer weight 1.00, animator.speed 1.00.
[  7138   40.930 x1.00] LOG  [CameraGameFeel] Shake: intensity=0.60 duration=0.200s
[  7138   40.930 x1.00] LOG  [CameraGameFeel] FOV punch: player damage (-3.0°)
[  7138   40.930 x1.00] LOG  [OniBoss] Hit player for 20 (ClubSlam)
[  7138   40.930 x1.00] LOG  [OniBoss:Touch] ClubSlam: club TOUCHED Yoru at clip 0.44 — shaft 0.59m from her body line, tip speed 115m/s, ONE FRAME EARLY (predicted). Full club hit delivered this frame.
[  7201   41.317 x1.00] LOG  [OniBoss:ClubPos] ClubSlam at strike: club tip 0.59m up, 2.90m in front, -0.24m to his right (2.91m out from his centre). Club faces 4deg from his forward, pitch -0.25. (the ground wave is born 1.6m in front of him at 0.35m.)
[  7201   41.317 x1.00] LOG  [OniBoss:Layer] ClubSlam: club already hit — ground wave released as VISUAL only (0 damage).
[  7222   41.446 x1.00] LOG  [OniBoss] Attack → Recovery
[  7222   41.446 x1.00] LOG  [OniBoss] Playing animation: Watch
[  7222   41.446 x1.00] LOG  [OniBoss:Trail] trail END at clip 0.99, fading over 0.40s.
[  7222   41.446 x1.00] LOG  [OniBoss:Strike] ClubSlam: club tip closest to Yoru at 0.20m, clip position 0.85 | damage fires at 0.85 | clip 0.93s => MATCHED (within one or two frames)
[  7248   41.598 x1.00] LOG  [OniBoss] Recovery → Chase
[  7249   41.605 x1.00] LOG  [OniBoss] hold-ground: BACKSTEP 1.5m (player 3.0m)
[  7308   41.938 x1.00] LOG  
==================== [FREEZE-DEBUG v3] ====================
  Reason : WASD-NOMOVE: WASD recent + speed 0.00m/s for 0.40s
  Time   : 36.019s   Frame: 7308   Snaps: 60
===========================================================

--- CURRENT STATE ---
  Flags: atk=False hvy=False dod=False dsh=False
         grd=False hit=False aerial=False lockPos=False
         comboStep=0
  Anim : speed=1.00  combatLayer hash=-792875657 normT=0.099 weight=1.00 inTransition=False
  CC   : grounded=True  enabled=True  pos=(459.73, -0.02, 417.16)  vel=(0.00, 0.00, 0.00)
  Move : IsRunning=False
  Input: H=0.00 V=0.00  LMB=False MMB=False Q=False Sp=False Sh=False C=False
         WASD pressed in last 0.5s: True (last 0.44s ago)

--- FLIGHT RECORDER (60 snapshots, oldest first, dt=0.10s) ---
  Legend: flags = A(tk) H(vy) D(od) S(sh) G(rd) R(eact) Y(aerial) L(ock)   gnd/cc: Y/n
  t-now    flags     step gnd cc anSp normT layW tr | posX     posZ     spd   | H    V    LMB MMB Q  Sp Sh C
  ------   --------  ---- --- -- ---- ----- ---- -- | -----    -----    ----  | ---- ---- --- --- -- -- -- -
  - 6.17s  --------    3  Y   Y  1.00  3.57 1.00 -  |   463.9    419.7  0.00 |  0.0  0.0 0   0   0  0  0  0
  - 6.07s  --------    3  Y   Y  1.00  3.68 1.00 -  |   463.9    419.7  0.00 |  0.0  0.0 0   0   0  0  0  0
  - 5.97s  --------    3  Y   Y  1.00  3.78 1.00 -  |   463.9    419.7  0.00 |  0.0  0.0 0   0   0  0  0  0
  - 5.86s  --------    3  Y   Y  1.00  3.88 1.00 -  |   463.9    419.7  0.00 |  0.0  0.0 0   0   0  0  0  0
  - 5.76s  --------    3  Y   Y  1.00  3.99 1.00 -  |   463.9    419.7  0.00 |  0.0  0.0 0   0   0  0  0  0
  - 5.66s  --------    3  Y   Y  1.00  4.09 1.00 -  |   463.9    419.7  0.00 |  0.0  0.0 0   0   0  0  0  0
  - 5.56s  --------    3  Y   Y  1.00  4.19 1.00 -  |   463.9    419.7  0.00 |  0.0  0.0 0   0   0  0  0  0
  - 5.45s  --------    3  Y   Y  1.00  4.29 1.00 -  |   463.9    419.7  0.00 |  0.0  0.0 0   0   0  0  0  0
  - 5.35s  --------    3  Y   Y  1.00  4.40 1.00 -  |   463.9    419.7  0.00 |  0.0  0.0 0   0   0  0  0  0
  - 5.25s  --------    3  Y   Y  1.00  4.50 1.00 -  |   463.9    419.7  0.00 |  0.0  0.0 0   0   0  0  0  0
  - 5.14s  -----R--    0  Y   Y  1.00  0.10 1.00 -  |   463.9    419.7  0.00 |  0.0  0.0 0   0   0  0  0  0
  - 5.04s  -----R--    0  Y   Y  1.00  0.19 1.00 -  |   463.9    419.7  0.00 |  0.0  0.0 0   0   0  0  0  0
  - 4.93s  -----R--    0  Y   Y  1.00  0.27 1.00 -  |   463.9    419.7  0.00 |  0.0  0.0 0   0   0  0  0  0
  - 4.83s  -----R--    0  Y   Y  1.00  0.36 1.00 -  |   463.9    419.7  0.00 |  0.0  0.0 0   0   0  0  0  0
  - 4.73s  -----R--    0  Y   Y  1.00  0.45 1.00 -  |   463.9    419.7  0.00 |  0.0  0.0 0   0   0  0  0  0
  - 4.62s  -----R--    0  Y   Y  1.00  0.53 1.00 -  |   463.9    419.7  0.00 |  0.0  0.0 0   0   0  0  0  0
  - 4.52s  -----R--    0  Y   Y  1.00  0.61 1.00 -  |   463.9    419.7  0.00 | -1.0  0.0 0   0   0  0  0  0
  - 4.42s  -----R--    0  Y   Y  1.00  0.70 1.00 -  |   463.9    419.7  0.00 | -1.0  0.0 0   0   0  0  0  0
  - 4.32s  -----R--    0  Y   Y  1.00  0.79 1.00 -  |   463.9    419.7  0.00 | -1.0  0.0 0   0   0  0  0  0
  - 4.21s  --------    0  Y   Y  1.00  0.87 1.00 T  |   463.9    419.6  0.00 |  0.0  0.0 0   0   0  0  0  0
  - 4.11s  --------    0  Y   Y  1.00  0.16 1.00 -  |   463.8    419.4  0.00 |  0.0  0.0 0   0   0  0  0  0
  - 4.01s  --------    0  Y   Y  1.00  0.26 1.00 -  |   463.7    419.2  0.00 |  0.0  0.0 0   0   0  0  0  0
  - 3.90s  --------    0  Y   Y  1.00  0.37 1.00 -  |   463.7    419.2  0.00 |  0.0  0.0 0   0   0  0  0  0
  - 3.80s  --------    0  Y   Y  1.00  0.47 1.00 -  |   463.7    419.2  0.00 |  0.0  0.0 0   0   0  0  0  0
  - 3.70s  --------    0  Y   Y  1.00  0.58 1.00 -  |   463.7    419.2  0.00 |  0.0  0.0 0   0   0  0  0  0
  - 3.59s  --------    0  Y   Y  1.00  0.68 1.00 -  |   463.7    419.2  0.00 |  0.0  0.0 0   0   0  0  0  0
  - 3.49s  --------    0  Y   Y  1.00  0.78 1.00 -  |   463.7    419.2  0.00 |  0.0  0.0 0   0   0  0  0  0
  - 3.39s  --------    0  Y   Y  1.00  0.88 1.00 -  |   463.7    419.2  0.00 |  0.0  0.0 0   0   0  0  0  0
  - 3.28s  --------    0  Y   Y  1.00  0.99 1.00 -  |   463.7    419.2  0.00 |  0.0  0.0 0   0   0  0  0  0
  - 3.18s  --------    0  Y   Y  1.00  1.09 1.00 -  |   463.7    419.2  0.00 |  0.0  0.0 0   0   0  0  0  0
  - 3.08s  --------    0  Y   Y  1.00  1.19 1.00 -  |   463.7    419.2  0.00 |  0.0  0.0 0   0   0  0  0  0
  - 2.98s  --------    0  Y   Y  1.00  1.29 1.00 -  |   463.7    419.2  0.00 |  0.0  0.0 0   0   0  0  0  0
  - 2.87s  --------    0  Y   Y  1.00  1.40 1.00 -  |   463.7    419.2  0.00 |  0.0  0.0 0   0   0  0  0  0
  - 2.77s  --------    0  Y   Y  1.00  1.50 1.00 -  |   463.7    419.2  0.00 |  0.0  0.0 0   0   0  0  0  0
  - 2.67s  --------    0  Y   Y  1.00  1.60 1.00 -  |   463.7    419.2  0.00 |  0.0  0.0 0   0   0  0  0  0
  - 2.57s  --------    0  Y   Y  1.00  1.71 1.00 -  |   463.7    419.2  0.00 | -1.0  0.0 0   0   0  0  1  0
  - 2.46s  --------    0  Y   Y  1.00  1.81 1.00 -  |   463.1    418.9  0.00 | -1.0  0.0 0   0   0  0  1  0
  - 2.36s  --------    0  Y   Y  1.00  1.91 1.00 -  |   462.4    418.4  0.00 | -1.0  0.0 0   0   0  0  1  0
  - 2.26s  --------    0  Y   Y  1.00  2.02 1.00 -  |   461.7    418.1  0.00 | -1.0  0.0 0   0   0  0  1  0
  - 2.16s  --------    0  Y   Y  1.00  2.12 1.00 -  |   461.1    417.7  0.00 | -1.0  0.0 0   0   0  0  1  0
  - 2.05s  --------    0  Y   Y  1.00  2.22 1.00 -  |   460.5    417.4  0.00 | -1.0  0.0 0   0   0  0  1  0
  - 1.95s  --------    0  Y   Y  1.00  2.32 1.00 -  |   460.2    417.2  0.00 |  0.0  0.0 0   0   0  0  0  0
  - 1.85s  --------    0  Y   Y  1.00  2.42 1.00 -  |   460.0    417.2  0.00 |  0.0  0.0 0   0   0  0  0  0
  - 1.74s  --------    0  Y   Y  1.00  2.53 1.00 -  |   459.7    417.2  0.00 |  0.0  0.0 0   0   0  0  0  0
  - 1.64s  --------    0  Y   Y  1.00  2.64 1.00 -  |   459.7    417.2  0.00 |  0.0  0.0 0   0   0  0  0  0
  - 1.53s  --------    0  Y   Y  1.00  2.74 1.00 -  |   459.7    417.2  0.00 |  0.0  0.0 0   0   0  0  0  0
  - 1.43s  --------    0  Y   Y  1.00  2.84 1.00 -  |   459.7    417.2  0.00 |  0.0  0.0 0   0   0  0  0  0
  - 1.33s  --------    0  Y   Y  1.00  2.95 1.00 -  |   459.7    417.2  0.00 |  0.0  0.0 0   0   0  0  0  0
  - 1.22s  --------    0  Y   Y  1.00  3.05 1.00 -  |   459.7    417.2  0.00 |  0.0  0.0 0   0   0  0  0  0
  - 1.12s  --------    0  Y   Y  1.00  3.15 1.00 -  |   459.7    417.2  0.00 |  0.0  0.0 0   0   0  0  0  0
  - 1.01s  --------    0  Y   Y  1.00  3.26 1.00 -  |   459.7    417.2  0.00 |  0.0  0.0 0   0   0  0  0  0
  - 0.91s  -----R--    0  Y   Y  1.00  0.15 1.00 -  |   459.7    417.2  0.00 |  0.0  0.0 0   0   0  0  0  0
  - 0.80s  -----R--    0  Y   Y  1.00  0.24 1.00 -  |   459.7    417.2  0.00 |  0.0  0.0 0   0   0  0  0  0
  - 0.70s  -----R--    0  Y   Y  1.00  0.32 1.00 -  |   459.7    417.2  0.00 | -1.0  0.0 0   0   0  0  0  0
  - 0.60s  -----R--    0  Y   Y  1.00  0.41 1.00 -  |   459.7    417.2  0.00 | -1.0  0.0 0   0   0  0  1  0
  - 0.49s  -----R--    0  Y   Y  1.00  0.50 1.00 -  |   459.7    417.2  0.00 | -1.0  0.0 0   0   0  0  1  0
  - 0.39s  -----R--    0  Y   Y  1.00  0.58 1.00 -  |   459.7    417.2  0.00 |  0.0  0.0 0   0   0  0  1  0
  - 0.28s  -----R--    0  Y   Y  1.00  0.67 1.00 -  |   459.7    417.2  0.00 |  0.0  0.0 0   0   0  0  0  0
  - 0.18s  -----R--    0  Y   Y  1.00  0.76 1.00 -  |   459.7    417.2  0.00 |  0.0  0.0 0   0   0  0  0  0
  - 0.08s  --------    0  Y   Y  1.00  0.84 1.00 T  |   459.7    417.2  0.00 |  0.0  0.0 0   0   0  0  0  0
=========================================================== END

[  7400   42.431 x1.00] LOG  [OniBoss] hold-ground: backstep done (1.32m), WATCH (player 4.3m, cooldown 1.0s)
[  7400   42.431 x1.00] LOG  [OniBoss] Playing animation: Watch
[  7401   42.436 x1.00] LOG  [OniBoss] Playing animation: Walk
[  7507   43.003 x1.00] LOG  [OniBoss] Playing animation: Watch
[  7583   43.400 x1.00] LOG  [OniBoss] hold-ground: cooldown over, player 3.8m > 3.5m — APPROACH
[  7583   43.400 x1.00] LOG  [OniBoss] Playing animation: Walk
[  7671   43.864 x1.00] LOG  [OniBoss] Combo started: ClubSwing1 → ClubSwing2 → ClubSlam (3 steps remaining)
[  7671   43.864 x1.00] LOG  [OniBoss] Chase → Attack
[  7671   43.864 x1.00] LOG  [OniBoss] Attack: Club_Swing (16 dmg)
[  7671   43.864 x1.00] LOG  [OniBoss:Trail] Club_Swing trail START at clip 0.25 (transition done).
[  7673   43.875 x1.00] LOG  [OniBoss:Layer] step-in: 'Club_Swing' closed 0.07m, Yoru now 3.0m away (range 3.5)
[  7740   44.221 x1.00] LOG  [OniBoss:ClubPos] Club_Swing at strike: club tip 3.02m up, 2.82m in front, -2.77m to his right (3.95m out from his centre). Club faces -76deg from his forward, pitch 0.40. (the ground wave is born 1.6m in front of him at 0.35m.)
[  7740   44.221 x1.00] LOG  [OniBoss:Layer] Club_Swing: club has not connected — ground wave released ARMED, 1.6m in front, 12m/s x 6.0m = 0.50s, carrying 8 (half of the club's 16).
[  7741   44.227 x1.00] LOG  [Combat] Hit react: HitReact_Light_2Leg (0.5s)
[  7741   44.227 x1.00] LOG  [HitReactTrace] asked for 'HitReact_Light_2Leg' (0.50s) — blend resolved after 0 ms, now playing a clip 1.00s long at speed 1.00, layer weight 1.00, animator.speed 1.00.
[  7741   44.227 x1.00] LOG  [CameraGameFeel] Shake: intensity=0.30 duration=0.200s
[  7741   44.227 x1.00] LOG  [CameraGameFeel] FOV punch: player damage (-2.0°)
[  7741   44.227 x1.00] LOG  [OniBoss:Wave] wave TOUCHED Yoru (grounded) for 8 after 0.1m / 0.01s of travel.
[  7834   44.703 x1.00] LOG  [OniBoss] Attack → Recovery
[  7834   44.703 x1.00] LOG  [OniBoss] Playing animation: Watch
[  7834   44.703 x1.00] LOG  [OniBoss:Trail] trail END at clip 0.99, fading over 0.40s.
[  7834   44.703 x1.00] LOG  [OniBoss:Strike] Club_Swing: club tip closest to Yoru at 1.49m, clip position 0.91 | damage fires at 0.42 | clip 0.84s => damage fires 411 ms BEFORE the club is closest
[  7860   44.856 x1.00] LOG  [OniBoss] Recovery → Attack
[  7860   44.856 x1.00] LOG  [OniBoss] Attack: ClubSwing2 (16 dmg)
[  7860   44.856 x1.00] LOG  [OniBoss:Trail] ClubSwing2 trail START at clip 1.00 (transition still blending).
[  7927   45.194 x1.00] LOG  [CameraGameFeel] Shake: intensity=0.20 duration=0.250s
[  7927   45.194 x1.00] LOG  [Combat] Hit react: HitReact_Light_2Leg (0.5s)
[  7927   45.194 x1.00] LOG  [HitReactTrace] asked for 'HitReact_Light_2Leg' (0.50s) — blend resolved after 0 ms, now playing a clip 1.00s long at speed 1.00, layer weight 1.00, animator.speed 1.00.
[  7927   45.194 x1.00] LOG  [CameraGameFeel] Shake: intensity=0.30 duration=0.200s
[  7927   45.194 x1.00] LOG  [CameraGameFeel] FOV punch: player damage (-2.0°)
[  7927   45.194 x1.00] LOG  [OniBoss] Hit player for 20 (ClubSwing2) [combo x1.25]
[  7927   45.194 x1.00] LOG  [OniBoss:Touch] ClubSwing2: club TOUCHED Yoru at clip 0.29 — shaft 0.48m from her body line, tip speed 100m/s, ONE FRAME EARLY (predicted). Full club hit delivered this frame.
[  7934   45.238 x1.00] LOG  [OniBoss:ClubPos] ClubSwing2 at strike: club tip 0.10m up, 1.78m in front, 2.45m to his right (3.03m out from his centre). Club faces 6deg from his forward, pitch -0.88. (the ground wave is born 1.6m in front of him at 0.35m.)
[  7934   45.238 x1.00] LOG  [OniBoss:Layer] ClubSwing2: club already hit — ground wave released as VISUAL only (0 damage).
[  8090   46.019 x1.00] LOG  [OniBoss] Attack → Recovery
[  8090   46.019 x1.00] LOG  [OniBoss] Playing animation: Watch
[  8090   46.019 x1.00] LOG  [OniBoss:Trail] trail END at clip 0.99, fading over 0.40s.
[  8090   46.019 x1.00] LOG  [OniBoss:Strike] ClubSwing2: club tip closest to Yoru at 0.45m, clip position 0.30 | damage fires at 0.32 | clip 1.17s => MATCHED (within one or two frames)
[  8119   46.173 x1.00] LOG  [OniBoss] Recovery → Attack
[  8119   46.173 x1.00] LOG  [OniBoss] Attack: ClubSlam (20 dmg)
[  8119   46.173 x1.00] LOG  [OniBoss:Trail] ClubSlam trail START at clip 1.00 (transition still blending).
[  8194   46.586 x1.00] LOG  [CameraGameFeel] Shake: intensity=0.50 duration=0.400s
[  8194   46.586 x1.00] LOG  [Combat] Hit react: HitReact_Heavy_2Leg (0.9s)
[  8194   46.586 x1.00] LOG  [HitReactTrace] asked for 'HitReact_Heavy_2Leg' (0.90s) — blend resolved after 0 ms, now playing a clip 1.00s long at speed 1.00, layer weight 1.00, animator.speed 1.00.
[  8194   46.586 x1.00] LOG  [CameraGameFeel] Shake: intensity=0.60 duration=0.200s
[  8194   46.586 x1.00] LOG  [CameraGameFeel] FOV punch: player damage (-3.0°)
[  8194   46.586 x1.00] LOG  [OniBoss] Hit player for 30 (ClubSlam) [combo x1.50]
[  8194   46.586 x1.00] LOG  [OniBoss:Touch] ClubSlam: club TOUCHED Yoru at clip 0.45 — shaft 0.38m from her body line, tip speed 114m/s, ONE FRAME EARLY (predicted). Full club hit delivered this frame.
[  8260   46.967 x1.00] LOG  [OniBoss:ClubPos] ClubSlam at strike: club tip 0.53m up, 2.91m in front, -0.10m to his right (2.91m out from his centre). Club faces 8deg from his forward, pitch -0.26. (the ground wave is born 1.6m in front of him at 0.35m.)
[  8260   46.967 x1.00] LOG  [OniBoss:Layer] ClubSlam: club already hit — ground wave released as VISUAL only (0 damage), finisher size x2.0.
[  8282   47.095 x1.00] LOG  [OniBoss] Attack → Recovery
[  8282   47.095 x1.00] LOG  [OniBoss] Playing animation: Watch
[  8282   47.095 x1.00] LOG  [OniBoss:Trail] trail END at clip 0.99, fading over 0.40s.
[  8282   47.095 x1.00] LOG  [OniBoss:Strike] ClubSlam: club tip closest to Yoru at 0.19m, clip position 0.85 | damage fires at 0.85 | clip 0.93s => MATCHED (within one or two frames)
[  8310   47.250 x1.00] LOG  [OniBoss] Recovery → Chase
[  8311   47.255 x1.00] LOG  [OniBoss] hold-ground: BACKSTEP 1.5m (player 3.0m)
[  8326   47.336 x1.00] LOG  
==================== [FREEZE-DEBUG v3] ====================
  Reason : WASD-NOMOVE: WASD recent + speed 0.00m/s for 0.40s
  Time   : 41.417s   Frame: 8326   Snaps: 60
===========================================================

--- CURRENT STATE ---
  Flags: atk=False hvy=False dod=False dsh=False
         grd=False hit=True aerial=False lockPos=False
         comboStep=0
  Anim : speed=1.00  combatLayer hash=1755030216 normT=0.693 weight=1.00 inTransition=False
  CC   : grounded=True  enabled=True  pos=(459.73, -0.02, 417.16)  vel=(0.00, 0.00, 0.00)
  Move : IsRunning=False
  Input: H=-1.00 V=0.00  LMB=False MMB=False Q=False Sp=False Sh=True C=False
         WASD pressed in last 0.5s: True (last 0.00s ago)

--- FLIGHT RECORDER (60 snapshots, oldest first, dt=0.10s) ---
  Legend: flags = A(tk) H(vy) D(od) S(sh) G(rd) R(eact) Y(aerial) L(ock)   gnd/cc: Y/n
  t-now    flags     step gnd cc anSp normT layW tr | posX     posZ     spd   | H    V    LMB MMB Q  Sp Sh C
  ------   --------  ---- --- -- ---- ----- ---- -- | -----    -----    ----  | ---- ---- --- --- -- -- -- -
  - 6.10s  -----R--    0  Y   Y  1.00  0.32 1.00 -  |   459.7    417.2  0.00 | -1.0  0.0 0   0   0  0  0  0
  - 5.99s  -----R--    0  Y   Y  1.00  0.41 1.00 -  |   459.7    417.2  0.00 | -1.0  0.0 0   0   0  0  1  0
  - 5.89s  -----R--    0  Y   Y  1.00  0.50 1.00 -  |   459.7    417.2  0.00 | -1.0  0.0 0   0   0  0  1  0
  - 5.79s  -----R--    0  Y   Y  1.00  0.58 1.00 -  |   459.7    417.2  0.00 |  0.0  0.0 0   0   0  0  1  0
  - 5.68s  -----R--    0  Y   Y  1.00  0.67 1.00 -  |   459.7    417.2  0.00 |  0.0  0.0 0   0   0  0  0  0
  - 5.58s  -----R--    0  Y   Y  1.00  0.76 1.00 -  |   459.7    417.2  0.00 |  0.0  0.0 0   0   0  0  0  0
  - 5.48s  --------    0  Y   Y  1.00  0.84 1.00 T  |   459.7    417.2  0.00 |  0.0  0.0 0   0   0  0  0  0
  - 5.38s  --------    0  Y   Y  1.00  0.12 1.00 -  |   459.7    417.2  0.00 |  0.0  0.0 0   0   0  0  0  0
  - 5.28s  --------    0  Y   Y  1.00  0.22 1.00 -  |   459.7    417.2  0.00 |  0.0  0.0 0   0   0  0  0  0
  - 5.17s  --------    0  Y   Y  1.00  0.32 1.00 -  |   459.7    417.2  0.00 |  0.0  0.0 0   0   0  0  0  0
  - 5.07s  --------    0  Y   Y  1.00  0.42 1.00 -  |   459.7    417.2  0.00 |  0.0  0.0 0   0   0  0  0  0
  - 4.97s  --------    0  Y   Y  1.00  0.53 1.00 -  |   459.7    417.2  0.00 |  0.0  0.0 0   0   0  0  0  0
  - 4.87s  --------    0  Y   Y  1.00  0.63 1.00 -  |   459.7    417.2  0.00 |  0.0  0.0 0   0   0  0  0  0
  - 4.76s  --------    0  Y   Y  1.00  0.73 1.00 -  |   459.7    417.2  0.00 |  0.0  0.0 0   0   0  0  0  0
  - 4.66s  --------    0  Y   Y  1.00  0.84 1.00 -  |   459.7    417.2  0.00 |  0.0  0.0 0   0   0  0  0  0
  - 4.56s  --------    0  Y   Y  1.00  0.94 1.00 -  |   459.7    417.2  0.00 |  0.0  0.0 0   0   0  0  0  0
  - 4.45s  --------    0  Y   Y  1.00  1.04 1.00 -  |   459.7    417.2  0.00 |  0.0  0.0 0   0   0  0  0  0
  - 4.35s  --------    0  Y   Y  1.00  1.15 1.00 -  |   459.7    417.2  0.00 |  0.0  0.0 0   0   0  0  0  0
  - 4.25s  --------    0  Y   Y  1.00  1.25 1.00 -  |   459.7    417.2  0.00 |  0.0  0.0 0   0   0  0  0  0
  - 4.14s  --------    0  Y   Y  1.00  1.35 1.00 -  |   459.7    417.2  0.00 |  0.0  0.0 0   0   0  0  0  0
  - 4.04s  --------    0  Y   Y  1.00  1.45 1.00 -  |   459.7    417.2  0.00 |  0.0  0.0 0   0   0  0  0  0
  - 3.94s  --------    0  Y   Y  1.00  1.56 1.00 -  |   459.7    417.2  0.00 |  0.0  0.0 0   0   0  0  0  0
  - 3.84s  --------    0  Y   Y  1.00  1.66 1.00 -  |   459.7    417.2  0.00 |  0.0  0.0 0   0   0  0  0  0
  - 3.73s  --------    0  Y   Y  1.00  1.76 1.00 -  |   459.7    417.2  0.00 |  0.0  0.0 0   0   0  0  0  0
  - 3.63s  --------    0  Y   Y  1.00  1.87 1.00 -  |   459.7    417.2  0.00 |  0.0  0.0 0   0   0  0  0  0
  - 3.53s  --------    0  Y   Y  1.00  1.97 1.00 -  |   459.7    417.2  0.00 |  0.0  0.0 0   0   0  0  0  0
  - 3.42s  --------    0  Y   Y  1.00  2.07 1.00 -  |   459.7    417.2  0.00 |  0.0  0.0 0   0   0  0  0  0
  - 3.32s  --------    0  Y   Y  1.00  2.18 1.00 -  |   459.7    417.2  0.00 |  0.0  0.0 0   0   0  0  0  0
  - 3.22s  --------    0  Y   Y  1.00  2.28 1.00 -  |   459.7    417.2  0.00 |  0.0  0.0 0   0   0  0  0  0
  - 3.12s  --------    0  Y   Y  1.00  2.38 1.00 -  |   459.7    417.2  0.00 |  0.0  0.0 0   0   0  0  0  0
  - 3.01s  -----R--    0  Y   Y  1.00  0.16 1.00 -  |   459.7    417.2  0.00 |  0.0  0.0 0   0   0  0  0  0
  - 2.91s  -----R--    0  Y   Y  1.00  0.24 1.00 -  |   459.7    417.2  0.00 |  0.0  0.0 0   0   0  0  0  0
  - 2.81s  -----R--    0  Y   Y  1.00  0.33 1.00 -  |   459.7    417.2  0.00 |  0.0  0.0 0   0   0  0  0  0
  - 2.71s  -----R--    0  Y   Y  1.00  0.41 1.00 -  |   459.7    417.2  0.00 |  0.0  0.0 0   0   0  0  0  0
  - 2.59s  --------    0  Y   Y  1.00  0.50 1.00 T  |   459.7    417.2  0.00 |  0.0  0.0 0   0   0  0  0  0
  - 2.49s  --------    0  Y   Y  1.00  0.11 1.00 -  |   459.7    417.2  0.00 |  0.0  0.0 0   0   0  0  0  0
  - 2.39s  --------    0  Y   Y  1.00  0.21 1.00 -  |   459.7    417.2  0.00 |  0.0  0.0 0   0   0  0  0  0
  - 2.29s  --------    0  Y   Y  1.00  0.32 1.00 -  |   459.7    417.2  0.00 |  0.0  0.0 0   0   0  0  0  0
  - 2.18s  --------    0  Y   Y  1.00  0.42 1.00 -  |   459.7    417.2  0.00 |  0.0  0.0 0   0   0  0  0  0
  - 2.08s  -----R--    0  Y   Y  1.00  0.13 1.00 -  |   459.7    417.2  0.00 |  0.0  0.0 0   0   0  0  0  0
  - 1.98s  -----R--    0  Y   Y  1.00  0.21 1.00 -  |   459.7    417.2  0.00 |  0.0  0.0 0   0   0  0  0  0
  - 1.87s  -----R--    0  Y   Y  1.00  0.30 1.00 -  |   459.7    417.2  0.00 |  0.0  0.0 0   0   0  0  0  0
  - 1.77s  -----R--    0  Y   Y  1.00  0.38 1.00 -  |   459.7    417.2  0.00 |  0.0  0.0 0   0   0  0  0  0
  - 1.67s  -----R--    0  Y   Y  1.00  0.47 1.00 -  |   459.7    417.2  0.00 |  0.0  0.0 0   0   0  0  0  0
  - 1.56s  --------    0  Y   Y  1.00  0.55 1.00 T  |   459.7    417.2  0.00 |  0.0  0.0 0   0   0  0  0  0
  - 1.46s  --------    0  Y   Y  1.00  0.17 1.00 -  |   459.7    417.2  0.00 |  0.0  0.0 0   0   0  0  0  0
  - 1.36s  --------    0  Y   Y  1.00  0.27 1.00 -  |   459.7    417.2  0.00 |  0.0  0.0 0   0   0  0  0  0
  - 1.26s  --------    0  Y   Y  1.00  0.38 1.00 -  |   459.7    417.2  0.00 |  0.0  0.0 0   0   0  0  0  0
  - 1.16s  --------    0  Y   Y  1.00  0.48 1.00 -  |   459.7    417.2  0.00 |  0.0  0.0 0   0   0  0  0  0
  - 1.05s  --------    0  Y   Y  1.00  0.58 1.00 -  |   459.7    417.2  0.00 |  0.0  0.0 0   0   0  0  0  0
  - 0.95s  --------    0  Y   Y  1.00  0.69 1.00 -  |   459.7    417.2  0.00 |  0.0  0.0 0   0   0  0  0  0
  - 0.85s  --------    0  Y   Y  1.00  0.79 1.00 -  |   459.7    417.2  0.00 |  0.0  0.0 0   0   0  0  0  0
  - 0.74s  -----R--    0  Y   Y  1.00  0.89 1.00 -  |   459.7    417.2  0.00 |  0.0  0.0 0   0   0  0  0  0
  - 0.64s  -----R--    0  Y   Y  1.00  0.17 1.00 -  |   459.7    417.2  0.00 |  0.0  0.0 0   0   0  0  0  0
  - 0.54s  -----R--    0  Y   Y  1.00  0.25 1.00 -  |   459.7    417.2  0.00 |  0.0  0.0 0   0   0  0  0  0
  - 0.43s  -----R--    0  Y   Y  1.00  0.33 1.00 -  |   459.7    417.2  0.00 |  0.0  0.0 0   0   0  0  0  0
  - 0.33s  -----R--    0  Y   Y  1.00  0.42 1.00 -  |   459.7    417.2  0.00 | -1.0  0.0 0   0   0  0  0  0
  - 0.22s  -----R--    0  Y   Y  1.00  0.51 1.00 -  |   459.7    417.2  0.00 | -1.0  0.0 0   0   0  0  1  0
  - 0.12s  -----R--    0  Y   Y  1.00  0.59 1.00 -  |   459.7    417.2  0.00 | -1.0  0.0 0   0   0  0  1  0
  - 0.02s  -----R--    0  Y   Y  1.00  0.68 1.00 -  |   459.7    417.2  0.00 | -1.0  0.0 0   0   0  0  1  0
=========================================================== END

[  8382   47.637 x1.00] LOG  [OniBoss] hold-ground: backstep done (0.61m), WATCH (player 4.4m, cooldown 1.4s)
[  8382   47.637 x1.00] LOG  [OniBoss] Playing animation: Idle
[  8383   47.642 x1.00] LOG  [OniBoss] Playing animation: Walk
[  8384   47.648 x1.00] WARN The referenced script on this Behaviour (Game Object '<null>') is missing!
[  8384   47.648 x1.00] WARN The referenced script on this Behaviour (Game Object 'Lightning Light') is missing!
[  8384   47.648 x1.00] WARN The referenced script on this Behaviour (Game Object 'Lightning Light') is missing!
[  8396   47.719 x1.00] LOG  [OniBoss] Playing animation: run
[  8570   48.708 x1.00] LOG  [OniBoss] Playing animation: Watch
[  8635   49.051 x1.00] LOG  [OniBoss] Combo started: ClubSwing1 → ClubSwing2 → ClubSlam (3 steps remaining)
[  8635   49.051 x1.00] LOG  [OniBoss] Chase → Attack
[  8635   49.051 x1.00] LOG  [OniBoss] Attack: Club_Swing (16 dmg)
[  8635   49.051 x1.00] LOG  [OniBoss:Trail] Club_Swing trail START at clip 0.22 (transition done).
[  8653   49.148 x1.00] LOG  [OniBoss:Layer] step-in: 'Club_Swing' closed 0.49m, Yoru now 3.0m away (range 3.5)
[  8702   49.413 x1.00] LOG  [OniBoss:ClubPos] Club_Swing at strike: club tip 3.02m up, 2.24m in front, -3.08m to his right (3.81m out from his centre). Club faces -88deg from his forward, pitch 0.41. (the ground wave is born 1.6m in front of him at 0.35m.)
[  8702   49.413 x1.00] LOG  [OniBoss:Layer] Club_Swing: club has not connected — ground wave released ARMED, 1.6m in front, 12m/s x 6.0m = 0.50s, carrying 8 (half of the club's 16).
[  8703   49.419 x1.00] LOG  [Combat] Hit react: HitReact_Light_2Leg (0.5s)
[  8703   49.419 x1.00] LOG  [HitReactTrace] asked for 'HitReact_Light_2Leg' (0.50s) — blend resolved after 0 ms, now playing a clip 1.00s long at speed 1.00, layer weight 1.00, animator.speed 1.00.
[  8703   49.419 x1.00] LOG  [CameraGameFeel] Shake: intensity=0.30 duration=0.200s
[  8703   49.419 x1.00] LOG  [CameraGameFeel] FOV punch: player damage (-2.0°)
[  8703   49.419 x1.00] LOG  [OniBoss:Wave] wave TOUCHED Yoru (grounded) for 8 after 0.1m / 0.01s of travel.
[  8790   49.888 x1.00] LOG  [OniBoss] Attack → Recovery
[  8790   49.888 x1.00] LOG  [OniBoss] Playing animation: Watch
[  8790   49.888 x1.00] LOG  [OniBoss:Trail] trail END at clip 0.99, fading over 0.40s.
[  8790   49.888 x1.00] LOG  [OniBoss:Strike] Club_Swing: club tip closest to Yoru at 1.50m, clip position 0.91 | damage fires at 0.42 | clip 0.84s => damage fires 414 ms BEFORE the club is closest
[  8817   50.044 x1.00] LOG  [OniBoss] Recovery → Attack
[  8817   50.044 x1.00] LOG  [OniBoss] Attack: ClubSwing2 (16 dmg)
[  8817   50.044 x1.00] LOG  [OniBoss:Trail] ClubSwing2 trail START at clip 1.00 (transition still blending).
[  8875   50.381 x1.00] LOG  [CameraGameFeel] Shake: intensity=0.20 duration=0.250s
[  8875   50.381 x1.00] LOG  [Combat] Hit react: HitReact_Light_2Leg (0.5s)
[  8875   50.381 x1.00] LOG  [HitReactTrace] asked for 'HitReact_Light_2Leg' (0.50s) — blend resolved after 0 ms, now playing a clip 1.00s long at speed 1.00, layer weight 1.00, animator.speed 1.00.
[  8875   50.381 x1.00] LOG  [CameraGameFeel] Shake: intensity=0.30 duration=0.200s
[  8875   50.381 x1.00] LOG  [CameraGameFeel] FOV punch: player damage (-2.0°)
[  8875   50.381 x1.00] LOG  [OniBoss] Hit player for 20 (ClubSwing2) [combo x1.25]
[  8875   50.381 x1.00] LOG  [OniBoss:Touch] ClubSwing2: club TOUCHED Yoru at clip 0.29 — shaft 0.57m from her body line, tip speed 99m/s, ONE FRAME EARLY (predicted). Full club hit delivered this frame.
[  8882   50.424 x1.00] LOG  [OniBoss:ClubPos] ClubSwing2 at strike: club tip 0.04m up, 1.97m in front, 2.22m to his right (2.97m out from his centre). Club faces -3deg from his forward, pitch -0.86. (the ground wave is born 1.6m in front of him at 0.35m.)
[  8882   50.424 x1.00] LOG  [OniBoss:Layer] ClubSwing2: club already hit — ground wave released as VISUAL only (0 damage).
[  8976   50.963 x1.00] LOG  🚶 2-LEG JUMP
[  8976   50.963 x1.00] LOG  🐾 Jump 1 VFX spawned!
[  9018   51.208 x1.00] LOG  [OniBoss] Attack → Recovery
[  9018   51.208 x1.00] LOG  [OniBoss] Playing animation: Watch
[  9018   51.208 x1.00] LOG  [OniBoss:Trail] trail END at clip 0.99, fading over 0.40s.
[  9018   51.208 x1.00] LOG  [OniBoss:Strike] ClubSwing2: club tip closest to Yoru at 0.44m, clip position 0.30 | damage fires at 0.32 | clip 1.17s => MATCHED (within one or two frames)
[  9041   51.357 x1.00] LOG  [ComboTrace] LAUNCH OniBoss at 1.8m dist=1.76m in 0.18s [AIRBORNE]
[  9041   51.357 x1.00] LOG  [Combat] Aerial spin — 25 dmg
[  9041   51.357 x1.00] LOG  [AirPosePin] engaged, holding body at 1.879m above the transform
[  9042   51.363 x1.00] LOG  [OniBoss] Recovery → Attack
[  9042   51.363 x1.00] LOG  [OniBoss] Attack: ClubSlam (20 dmg)
[  9042   51.363 x1.00] LOG  [OniBoss:Trail] ClubSlam trail START at clip 1.00 (transition still blending).
[  9064   51.508 x1.00] LOG  OniBoss took 10 damage. HP: 435/500
[  9064   51.508 x1.00] LOG  [OniBoss] 🤕 Hit during Attack — flash only
[  9064   51.508 x1.00] LOG  [CameraGameFeel] Shake: intensity=0.50 duration=0.200s
[  9064   51.508 x1.00] LOG  [CameraGameFeel] FOV punch: hit light (+1.5°)
[  9068   51.533 x1.00] LOG  [ComboTrace] LAUNCH RESULT wanted=1.76m actually moved=1.14m — completed
[  9088   51.662 x1.00] LOG  OniBoss took 10 damage. HP: 425/500
[  9088   51.662 x1.00] LOG  [OniBoss] 🤕 Hit during Attack — flash only
[  9088   51.662 x1.00] LOG  [CameraGameFeel] Shake: intensity=0.18 duration=0.200s
[  9110   51.794 x1.00] LOG  [CameraGameFeel] Shake: intensity=0.50 duration=0.400s
[  9110   51.794 x1.00] LOG  [Combat] Hit react: HitReact_Heavy_2Leg (0.9s)
[  9110   51.794 x1.00] LOG  [HitReactTrace] asked for 'HitReact_Heavy_2Leg' (0.90s) — blend resolved after 0 ms, now playing a clip 0.79s long at speed 0.80, layer weight 1.00, animator.speed 1.00.
[  9110   51.794 x1.00] LOG  [CameraGameFeel] Shake: intensity=0.60 duration=0.200s
[  9110   51.794 x1.00] LOG  [CameraGameFeel] FOV punch: player damage (-3.0°)
[  9110   51.794 x1.00] LOG  [OniBoss] Hit player for 30 (ClubSlam) [combo x1.50]
[  9110   51.794 x1.00] LOG  [OniBoss:Touch] ClubSlam: club TOUCHED Yoru at clip 0.42 — shaft 0.56m from her body line, tip speed 120m/s, ONE FRAME EARLY (predicted). Full club hit delivered this frame.
[  9127   51.898 x1.00] LOG  💨 Landing VFX spawned!
[  9127   51.898 x1.00] LOG  [AirPosePin] released, peak correction was 1.264m
[  9178   52.203 x1.00] LOG  [OniBoss:ClubPos] ClubSlam at strike: club tip 0.55m up, 2.91m in front, -0.16m to his right (2.91m out from his centre). Club faces 7deg from his forward, pitch -0.26. (the ground wave is born 1.6m in front of him at 0.35m.)
[  9178   52.203 x1.00] LOG  [OniBoss:Layer] ClubSlam: club already hit — ground wave released as VISUAL only (0 damage), finisher size x2.0.
[  9199   52.332 x1.00] LOG  [OniBoss] Attack → Recovery
[  9199   52.332 x1.00] LOG  [OniBoss] Playing animation: Watch
[  9199   52.332 x1.00] LOG  [OniBoss:Trail] trail END at clip 0.99, fading over 0.40s.
[  9199   52.332 x1.00] LOG  [OniBoss:Strike] ClubSlam: club tip closest to Yoru at 0.34m, clip position 0.94 | damage fires at 0.85 | clip 0.93s => damage fires 84 ms BEFORE the club is closest
[  9225   52.483 x1.00] LOG  [OniBoss] Recovery → Chase
[  9226   52.488 x1.00] LOG  [OniBoss] hold-ground: BACKSTEP 1.5m (player 2.1m)
[  9262   52.698 x1.00] LOG  ✅ LANDED! (was jump #0)
[  9268   52.735 x1.00] LOG  [Combat] Combo 1: 10 dmg
[  9268   52.735 x1.00] LOG  [ComboTrace] START step=1 state='Combo1' queued=0 target='OniBoss' at 2.6m
[  9268   52.735 x1.00] LOG  [ComboTrace] LAUNCH OniBoss at 1.3m dist=1.30m in 0.13s
[  9290   52.868 x1.00] LOG  [ComboTrace] LAUNCH RESULT wanted=1.30m actually moved=0.72m — completed
[  9306   52.961 x1.00] LOG  [Combat] Queued click #1 (combo 1)
[  9306   52.961 x1.00] LOG  [ComboTrace] QUEUED #1 during step 1
[  9345   53.177 x1.00] LOG  [Combat] Queued click #2 (combo 1)
[  9345   53.177 x1.00] LOG  [ComboTrace] QUEUED #2 during step 1
[  9376   53.346 x1.00] LOG  OniBoss took 10 damage. HP: 415/500
[  9376   53.346 x1.00] LOG  [OniBoss] Chase → HitReact
[  9376   53.346 x1.00] LOG  [OniBoss:Layer] react tier: LIGHT (10 dmg) → 'Hit_react_light'
[  9376   53.346 x1.00] LOG  [Combat] Hit OniBoss for 10
[  9376   53.346 x1.00] LOG  [CameraGameFeel] Shake: intensity=0.50 duration=0.200s
[  9376   53.346 x1.00] LOG  [CameraGameFeel] FOV punch: hit light (+1.5°)
[  9388   53.411 x1.00] LOG  [ComboTrace] CLICK IGNORED (step=1 queued=2)
[  9411   53.545 x1.00] LOG  🐾 VFX_AttackPaw triggered!
[  9429   53.644 x1.00] LOG  [ComboTrace] CLICK IGNORED (step=1 queued=2)
[  9437   53.685 x1.00] LOG  [Combat] Combo 2: 20 dmg
[  9437   53.685 x1.00] LOG  [ComboTrace] START step=2 state='Combo2' queued=1 target='OniBoss' at 2.8m
[  9437   53.685 x1.00] LOG  [ComboTrace] LAUNCH OniBoss at 1.5m dist=1.53m in 0.15s
[  9464   53.838 x1.00] LOG  [ComboTrace] LAUNCH RESULT wanted=1.53m actually moved=0.83m — completed
[  9466   53.850 x1.00] LOG  [Combat] Queued click #2 (combo 2)
[  9466   53.850 x1.00] LOG  [ComboTrace] QUEUED #2 during step 2
[  9522   54.148 x1.00] LOG  [OniBoss] HitReact → Chase
[  9523   54.154 x1.00] LOG  [OniBoss] Playing animation: Watch
[  9548   54.284 x1.00] LOG  [OniBoss] Chase → Attack
[  9548   54.284 x1.00] LOG  [OniBoss] Attack: ClubSwing2 (16 dmg)
[  9548   54.284 x1.00] LOG  [OniBoss:Trail] ClubSwing2 trail START at clip 1.00 (transition still blending).
[  9588   54.498 x1.00] LOG  🐾🐾 VFX_TowPaw triggered!
[  9592   54.521 x1.00] LOG  OniBoss took 20 damage. HP: 395/500
[  9592   54.521 x1.00] LOG  [OniBoss] 🤕 Hit during Attack — flash only
[  9592   54.521 x1.00] LOG  [Combat] Hit OniBoss for 20
[  9592   54.521 x1.00] LOG  [CameraGameFeel] Shake: intensity=0.50 duration=0.200s
[  9592   54.521 x1.00] LOG  [CameraGameFeel] FOV punch: hit light (+1.5°)
[  9616   54.659 x1.00] LOG  [CameraGameFeel] Shake: intensity=0.20 duration=0.250s
[  9616   54.659 x1.00] LOG  [Combat] Hit react: HitReact_Light_2Leg (0.5s)
[  9616   54.659 x1.00] LOG  [HitReactTrace] asked for 'HitReact_Light_2Leg' (0.50s) — blend resolved after 0 ms, now playing a clip 1.75s long at speed 1.60, layer weight 1.00, animator.speed 1.00.
[  9616   54.659 x1.00] LOG  [CameraGameFeel] Shake: intensity=0.30 duration=0.200s
[  9616   54.659 x1.00] LOG  [CameraGameFeel] FOV punch: player damage (-2.0°)
[  9616   54.659 x1.00] LOG  [OniBoss] Hit player for 16 (ClubSwing2)
[  9616   54.659 x1.00] LOG  [OniBoss:Touch] ClubSwing2: club TOUCHED Yoru at clip 0.29 — shaft 0.56m from her body line, tip speed 97m/s, ONE FRAME EARLY (predicted). Full club hit delivered this frame.
[  9624   54.706 x1.00] LOG  [OniBoss:ClubPos] ClubSwing2 at strike: club tip 0.12m up, 1.75m in front, 2.49m to his right (3.04m out from his centre). Club faces 8deg from his forward, pitch -0.88. (the ground wave is born 1.6m in front of him at 0.35m.)
[  9624   54.706 x1.00] LOG  [OniBoss:Layer] ClubSwing2: club already hit — ground wave released as VISUAL only (0 damage).
[  9693   55.097 x1.00] LOG  [StormWeather] ⚡ strike at (490.70, 45.00, 454.67)
[  9726   55.288 x1.00] LOG  🚶 2-LEG JUMP
[  9726   55.288 x1.00] LOG  🐾 Jump 1 VFX spawned!
[  9733   55.331 x1.00] LOG  [ComboTrace] LAUNCH OniBoss at 1.0m dist=1.03m in 0.13s [AIRBORNE]
[  9733   55.331 x1.00] LOG  [Combat] Aerial spin — 25 dmg
[  9733   55.331 x1.00] LOG  OniBoss took 10 damage. HP: 385/500
[  9733   55.331 x1.00] LOG  [OniBoss] 🤕 Hit during Attack — flash only
[  9733   55.331 x1.00] LOG  [CameraGameFeel] Shake: intensity=0.50 duration=0.200s
[  9733   55.331 x1.00] LOG  [CameraGameFeel] FOV punch: hit light (+1.5°)
[  9733   55.331 x1.00] LOG  [AirPosePin] engaged, holding body at 0.536m above the transform
[  9754   55.465 x1.00] LOG  [ComboTrace] LAUNCH RESULT wanted=1.03m actually moved=0.34m — completed
[  9757   55.484 x1.00] LOG  OniBoss took 10 damage. HP: 375/500
[  9757   55.484 x1.00] LOG  [OniBoss] 🤕 Hit during Attack — flash only
[  9757   55.484 x1.00] LOG  [CameraGameFeel] Shake: intensity=0.18 duration=0.200s
[  9765   55.533 x1.00] LOG  [OniBoss] Attack → Recovery
[  9765   55.533 x1.00] LOG  [OniBoss] Playing animation: Watch
[  9765   55.533 x1.00] LOG  [OniBoss:Trail] trail END at clip 0.99, fading over 0.40s.
[  9765   55.533 x1.00] LOG  [OniBoss:Strike] ClubSwing2: club tip closest to Yoru at 1.03m, clip position 0.30 | damage fires at 0.32 | clip 1.17s => MATCHED (within one or two frames)
[  9782   55.636 x1.00] LOG  OniBoss took 10 damage. HP: 365/500
[  9782   55.636 x1.00] LOG  [OniBoss] Recovery → HitReact
[  9782   55.636 x1.00] LOG  [OniBoss] HitReact → Stagger
[  9782   55.636 x1.00] LOG  [OniBoss] Playing animation: Stagger
[  9782   55.636 x1.00] LOG  [OniBoss] STAGGERED for 2.5s
[  9782   55.636 x1.00] LOG  [OniBoss:Layer] heavy knock-back react (swirl burst, 3 hits / 30 dmg) → 'HitReact_Heavy', down for 1.80s
[  9782   55.636 x1.00] LOG  [OniBoss:Layer] burst: 3 hits / 30 dmg inside 0.8s → knock-back + 0.90m push
[  9782   55.636 x1.00] LOG  [CameraGameFeel] Shake: intensity=0.18 duration=0.200s
[  9806   55.789 x1.00] LOG  OniBoss punish window! 10 → 15 (x1.5)
[  9806   55.789 x1.00] LOG  OniBoss took 15 damage. HP: 350/500
[  9806   55.789 x1.00] LOG  [CameraGameFeel] Shake: intensity=0.18 duration=0.200s
[  9832   55.945 x1.00] LOG  OniBoss punish window! 10 → 15 (x1.5)
[  9832   55.945 x1.00] LOG  OniBoss took 15 damage. HP: 335/500
[  9832   55.945 x1.00] LOG  [CameraGameFeel] Shake: intensity=0.18 duration=0.200s
[  9856   56.082 x1.00] LOG  [ComboTrace] END step=3 clipProgress=0.90 clipLen=0.79s queued=0 elapsed=0.75s
[  9857   56.087 x1.00] LOG  [AirPosePin] released, peak correction was -0.151m
[  9880   56.216 x1.00] LOG  💨 Landing VFX spawned!
[  9880   56.216 x1.00] LOG  ✅ LANDED! (was jump #1)
[  9887   56.254 x1.00] LOG  🚶 2-LEG JUMP
[  9887   56.254 x1.00] LOG  🐾 Jump 1 VFX spawned!
[  9912   56.402 x1.00] LOG  [ComboTrace] LAUNCH OniBoss at 2.1m dist=2.07m in 0.21s [AIRBORNE]
[  9912   56.402 x1.00] LOG  [Combat] Aerial spin — 25 dmg
[  9912   56.402 x1.00] LOG  [AirPosePin] engaged, holding body at 0.813m above the transform
[  9938   56.557 x1.00] LOG  OniBoss punish window! 10 → 15 (x1.5)
[  9938   56.557 x1.00] LOG  OniBoss took 15 damage. HP: 320/500
[  9938   56.557 x1.00] LOG  [CameraGameFeel] Shake: intensity=0.50 duration=0.200s
[  9938   56.557 x1.00] LOG  [CameraGameFeel] FOV punch: hit light (+1.5°)
[  9947   56.610 x1.00] LOG  [ComboTrace] LAUNCH RESULT wanted=2.07m actually moved=1.53m — completed
[  9964   56.710 x1.00] LOG  OniBoss punish window! 10 → 15 (x1.5)
[  9964   56.710 x1.00] LOG  OniBoss took 15 damage. HP: 305/500
[  9964   56.710 x1.00] LOG  [CameraGameFeel] Shake: intensity=0.18 duration=0.200s
[  9989   56.862 x1.00] LOG  OniBoss punish window! 10 → 15 (x1.5)
[  9989   56.862 x1.00] LOG  OniBoss took 15 damage. HP: 290/500
[  9989   56.862 x1.00] LOG  [CameraGameFeel] Shake: intensity=0.18 duration=0.200s
[ 10037   57.159 x1.00] LOG  [ComboTrace] END step=3 clipProgress=0.90 clipLen=0.79s queued=0 elapsed=0.76s
[ 10038   57.164 x1.00] LOG  [AirPosePin] released, peak correction was 0.127m
[ 10041   57.180 x1.00] LOG  💨 Landing VFX spawned!
[ 10041   57.180 x1.00] LOG  ✅ LANDED! (was jump #1)
[ 10050   57.231 x1.00] LOG  🚶 2-LEG JUMP
[ 10050   57.231 x1.00] LOG  🐾 Jump 1 VFX spawned!
[ 10067   57.325 x1.00] LOG  [ComboTrace] LAUNCH OniBoss at 2.1m dist=2.06m in 0.21s [AIRBORNE]
[ 10067   57.325 x1.00] LOG  [Combat] Aerial spin — 25 dmg
[ 10067   57.325 x1.00] LOG  [AirPosePin] engaged, holding body at 0.645m above the transform
[ 10086   57.436 x1.00] LOG  [OniBoss] Stagger → Chase
[ 10087   57.442 x1.00] LOG  [OniBoss] Playing animation: Watch
[ 10087   57.442 x1.00] LOG  [OniBoss] Chase → Attack
[ 10087   57.442 x1.00] LOG  [OniBoss] Attack: ClubSlam (20 dmg)
[ 10087   57.442 x1.00] LOG  [OniBoss:Trail] ClubSlam trail START at clip 1.00 (transition done).
[ 10093   57.478 x1.00] LOG  OniBoss took 10 damage. HP: 280/500
[ 10093   57.478 x1.00] LOG  [OniBoss] 🤕 Hit during Attack — flash only
[ 10093   57.478 x1.00] LOG  [CameraGameFeel] Shake: intensity=0.50 duration=0.200s
[ 10093   57.478 x1.00] LOG  [CameraGameFeel] FOV punch: hit light (+1.5°)
[ 10102   57.531 x1.00] LOG  [ComboTrace] LAUNCH RESULT wanted=2.06m actually moved=1.46m — completed
[ 10119   57.636 x1.00] LOG  OniBoss took 10 damage. HP: 270/500
[ 10119   57.636 x1.00] LOG  [OniBoss] 🤕 Hit during Attack — flash only
[ 10119   57.636 x1.00] LOG  [CameraGameFeel] Shake: intensity=0.18 duration=0.200s
[ 10145   57.791 x1.00] LOG  OniBoss took 10 damage. HP: 260/500
[ 10145   57.791 x1.00] LOG  [OniBoss] 🤕 Hit during Attack — flash only
[ 10145   57.791 x1.00] LOG  [CameraGameFeel] Shake: intensity=0.18 duration=0.200s
[ 10157   57.862 x1.00] LOG  [CameraGameFeel] Shake: intensity=0.50 duration=0.400s
[ 10157   57.862 x1.00] LOG  [Combat] Hit react: HitReact_Heavy_2Leg (0.9s)
[ 10157   57.862 x1.00] LOG  [HitReactTrace] asked for 'HitReact_Heavy_2Leg' (0.90s) — blend resolved after 0 ms, now playing a clip 0.79s long at speed 0.80, layer weight 1.00, animator.speed 1.00.
[ 10157   57.862 x1.00] LOG  [CameraGameFeel] Shake: intensity=0.60 duration=0.200s
[ 10157   57.862 x1.00] LOG  [CameraGameFeel] FOV punch: player damage (-3.0°)
[ 10157   57.862 x1.00] LOG  [OniBoss] Hit player for 20 (ClubSlam)
[ 10157   57.862 x1.00] LOG  [OniBoss:Touch] ClubSlam: club TOUCHED Yoru at clip 0.41 — shaft 0.45m from her body line, tip speed 113m/s, ONE FRAME EARLY (predicted). Full club hit delivered this frame.
[ 10209   58.159 x1.00] LOG  💨 Landing VFX spawned!
[ 10209   58.159 x1.00] LOG  [AirPosePin] released, peak correction was -0.027m
[ 10231   58.282 x1.00] LOG  [OniBoss:ClubPos] ClubSlam at strike: club tip 0.62m up, 2.89m in front, -0.32m to his right (2.90m out from his centre). Club faces 2deg from his forward, pitch -0.24. (the ground wave is born 1.6m in front of him at 0.35m.)
[ 10231   58.282 x1.00] LOG  [OniBoss:Layer] ClubSlam: club already hit — ground wave released as VISUAL only (0 damage).
[ 10252   58.409 x1.00] LOG  [OniBoss] Attack → Recovery
[ 10252   58.409 x1.00] LOG  [OniBoss] Playing animation: Watch
[ 10252   58.409 x1.00] LOG  [OniBoss:Trail] trail END at clip 0.99, fading over 0.40s.
[ 10252   58.409 x1.00] LOG  [OniBoss:Strike] ClubSlam: club tip closest to Yoru at 0.24m, clip position 0.94 | damage fires at 0.85 | clip 0.93s => damage fires 79 ms BEFORE the club is closest
[ 10280   58.563 x1.00] LOG  [OniBoss] Recovery → Chase
[ 10281   58.568 x1.00] LOG  [OniBoss] hold-ground: BACKSTEP 1.5m (player 2.0m)
[ 10316   58.766 x1.00] LOG  ✅ LANDED! (was jump #0)
[ 10328   58.836 x1.00] LOG  [Combat] Combo 1: 10 dmg
[ 10328   58.836 x1.00] LOG  [ComboTrace] START step=1 state='Combo1' queued=0 target='OniBoss' at 2.4m
[ 10328   58.836 x1.00] LOG  [ComboTrace] LAUNCH OniBoss at 1.2m dist=1.18m in 0.13s
[ 10351   58.969 x1.00] LOG  [ComboTrace] LAUNCH RESULT wanted=1.18m actually moved=0.60m — completed
[ 10367   59.061 x1.00] LOG  [Combat] Queued click #1 (combo 1)
[ 10367   59.061 x1.00] LOG  [ComboTrace] QUEUED #1 during step 1
[ 10405   59.272 x1.00] LOG  [Combat] Queued click #2 (combo 1)
[ 10405   59.272 x1.00] LOG  [ComboTrace] QUEUED #2 during step 1
[ 10407   59.283 x1.00] WARN The referenced script on this Behaviour (Game Object '<null>') is missing!
[ 10407   59.283 x1.00] WARN The referenced script on this Behaviour (Game Object 'Lightning Light') is missing!
[ 10407   59.283 x1.00] WARN The referenced script on this Behaviour (Game Object 'Lightning Light') is missing!
[ 10436   59.446 x1.00] LOG  OniBoss took 10 damage. HP: 250/500
[ 10436   59.446 x1.00] LOG  [OniBoss] Chase → HitReact
[ 10436   59.446 x1.00] LOG  [OniBoss:Layer] react tier: LIGHT (10 dmg) → 'Hit_react_light'
[ 10436   59.446 x1.00] LOG  [Combat] Hit OniBoss for 10
[ 10436   59.446 x1.00] LOG  [CameraGameFeel] Shake: intensity=0.50 duration=0.200s
[ 10436   59.446 x1.00] LOG  [CameraGameFeel] FOV punch: hit light (+1.5°)
[ 10437   59.453 x1.00] LOG  [OniBoss] ⚡ PHASE 2 ACTIVATED
[ 10437   59.453 x1.00] LOG  [OniBoss] HitReact → Stagger
[ 10437   59.453 x1.00] LOG  [OniBoss] Playing animation: Stagger
[ 10437   59.453 x1.00] LOG  [OniBoss] STAGGERED for 2.5s
[ 10437   59.453 x1.00] LOG  [OniBoss] STAGGERED (parry) for 3s
[ 10437   59.453 x0.45] LOG  [Combat] Combat reset
[ 10437   59.453 x0.45] LOG  [OniBoss:Cine] CINEMATIC ON — hard cut, bars in, world at x0.45, roar at x0.80 + 0.9s linger, rise at x0.45, beat frames 27-37/94 at x0.20, hang 2.0s, orbit roar 120° / rise 40° / drop 30°, lens 65° locked, fill 0.70, screen-y 0.40/0.33, apex at clip 0.40.
[ 10437   59.453 x0.45] LOG  [OniBoss:Layer] PHASE 2: transition 'Phase_Transition' driven at x0.60 + 0.6s hold — untouchable, roar at 0.60
[ 10437   59.453 x0.45] LOG  [BossBar] Hiding bar INSTANTLY (cinematic)
[ 10437   59.453 x0.45] LOG  [OniBoss:Layer] boss bar hidden (cinematic)
[ 10438   59.461 x0.45] LOG  [OniBoss:Layer] PHASE 2: clip is 2.42s — cinematic: scream ~1.81s in + 0.9s linger
[ 10775   61.266 x0.45] LOG  [CameraGameFeel] Shake: intensity=0.60 duration=0.500s
[ 10775   61.266 x0.45] LOG  [OniBoss:Layer] PHASE 2: roar at 1.45 clip-s
[ 10948   62.169 x0.45] LOG  [OniBoss:Layer] PHASE 2: transition over after 2.72s real — he is back, and angrier
[ 10948   62.169 x0.45] LOG  [OniBoss:Layer] PHASE 2: chaining into the GROUND POUND — no pause. The cinematic rides along until the top of the jump.
[ 10948   62.169 x0.45] LOG  [OniBoss] STAGGERED (parry) for 3s
[ 10948   62.169 x0.45] LOG  [OniBoss:Layer] GROUND POUND (phase-2 entrance): driving 'Ground_Pound' at x1.00, slam at 0.60, cinematic until the apex at 0.40
[ 10949   62.175 x0.45] LOG  [OniBoss:Layer] GROUND POUND: clip is 3.13s
[ 11323   64.171 x0.45] LOG  [StormWeather] storm break released
[ 11323   64.171 x0.45] LOG  [CameraGameFeel] Shake: intensity=0.90 duration=0.500s
[ 11323   64.171 x0.45] LOG  [OniBoss:Cine] LIGHTNING BEAT — sky show off, single strike 'LightningOrbSoftYellow'.
[ 11324   64.177 x0.20] LOG  [StormWeather] ⚡ strike at (483.70, 45.00, 442.23)
[ 11324   64.177 x0.20] LOG  [StormWeather] COZY → 'Yoru_Oni_Phase2_Storm' (the sky answers, storm chaos)
[ 11324   64.177 x0.20] LOG  [StormWeather] fur lights boosted for the storm: fill 1.45, rim x1.30.
[ 11324   64.177 x0.20] LOG  [StormWeather] PHASE 2 - storm breaking.
[ 11998   67.872 x1.00] LOG  [OniBoss:Cine] the DROP at clip 0.40 (hung 2.0s) — full speed, the camera rides him DOWN.
[ 12102   68.499 x1.00] LOG  [CameraGameFeel] FOV punch: hit light (+1.5°)
[ 12102   68.499 x1.00] LOG  [StormWeather] storm break released
[ 12102   68.499 x1.00] LOG  [OniBoss:Cine] CINEMATIC OFF (he LANDS at clip 0.60) — control returned, bars out, camera hands over in 0.30s. Lens locked at 65°; the camera stepped back to 23.0m at the farthest.
[ 12102   68.499 x1.00] LOG  [CameraGameFeel] Shake: intensity=1.10 duration=0.800s
[ 12102   68.499 x1.00] LOG  [OniBoss:Pound] SLAM at clip 0.60 (1.88 clip-s) — ring 12m/s out to 12m, 45 damage, jumpable.
[ 12103   68.508 x1.00] LOG  [BossBar] Showing bar for: Oni (250/500)
[ 12103   68.508 x1.00] LOG  [OniBoss:Layer] boss bar shown
[ 12103   68.508 x1.00] LOG  [BossBar] Bar switched to phase 2
[ 12103   68.508 x1.00] LOG  [OniBoss:Layer] boss bar → phase 2 crimson
[ 12128   68.670 x1.00] LOG  [Combat] Hit react: HitReact_Heavy_2Leg (0.9s)
[ 12128   68.670 x1.00] LOG  [HitReactTrace] asked for 'HitReact_Heavy_2Leg' (0.90s) — blend resolved after 0 ms, now playing a clip 1.00s long at speed 1.00, layer weight 1.00, animator.speed 1.00.
[ 12128   68.670 x1.00] LOG  [CameraGameFeel] Shake: intensity=0.60 duration=0.200s
[ 12128   68.670 x1.00] LOG  [CameraGameFeel] FOV punch: player damage (-3.0°)
[ 12128   68.670 x1.00] LOG  [OniBoss:Pound] shockwave CAUGHT Yoru (grounded) at 2.8m for 45.
[ 12206   69.130 x1.00] LOG  [StormWeather] storm post weight -> 1.00
[ 12312   69.752 x1.00] LOG  [OniBoss] Stagger → Chase
[ 12312   69.752 x1.00] LOG  [OniBoss:Cine] first-attack GRACE — at least 2.0s before he may swing.
[ 12312   69.752 x1.00] LOG  [OniBoss:Layer] GROUND POUND: done — the engine is his again.
[ 12313   69.758 x1.00] LOG  [OniBoss] Playing animation: Idle
[ 12313   69.758 x1.00] LOG  [OniBoss] Playing animation: Walk
[ 12371   70.076 x1.00] LOG  
==================== [FREEZE-DEBUG v3] ====================
  Reason : WASD-NOMOVE: WASD recent + speed 0.00m/s for 0.40s
  Time   : 59.111s   Frame: 12371   Snaps: 60
===========================================================

--- CURRENT STATE ---
  Flags: atk=False hvy=False dod=False dsh=False
         grd=False hit=False aerial=False lockPos=False
         comboStep=0
  Anim : speed=1.00  combatLayer hash=-792875657 normT=0.497 weight=1.00 inTransition=False
  CC   : grounded=True  enabled=True  pos=(462.62, -0.02, 417.91)  vel=(0.00, 0.00, 0.00)
  Move : IsRunning=False
  Input: H=0.00 V=-1.00  LMB=False MMB=False Q=False Sp=False Sh=False C=False
         WASD pressed in last 0.5s: True (last 0.00s ago)

--- FLIGHT RECORDER (60 snapshots, oldest first, dt=0.10s) ---
  Legend: flags = A(tk) H(vy) D(od) S(sh) G(rd) R(eact) Y(aerial) L(ock)   gnd/cc: Y/n
  t-now    flags     step gnd cc anSp normT layW tr | posX     posZ     spd   | H    V    LMB MMB Q  Sp Sh C
  ------   --------  ---- --- -- ---- ----- ---- -- | -----    -----    ----  | ---- ---- --- --- -- -- -- -
  - 6.08s  A-------    1  Y   Y  1.00  0.09 1.00 -  |   462.9    418.6  1.02 |  0.0  0.0 0   0   0  1  0  0
  - 5.98s  A-------    1  Y   Y  1.00  0.17 1.00 -  |   462.9    418.6  0.00 |  0.0  0.0 1   0   0  0  0  0
  - 5.87s  A-------    1  Y   Y  1.00  0.26 1.00 -  |   462.9    418.6  0.00 |  0.0  0.0 0   0   0  1  0  0
  - 5.77s  A-------    1  Y   Y  1.00  0.34 1.00 -  |   462.9    418.6  0.00 |  0.0  0.0 1   0   0  0  0  0
  - 5.67s  A-------    1  Y   Y  1.00  0.43 1.00 -  |   462.9    418.6  0.00 |  0.0  0.0 0   0   0  1  0  0
  - 5.57s  --------    0  Y   Y  1.00  0.51 1.00 T  |   462.9    418.6  0.00 |  0.0  0.0 0   0   0  0  0  0
  - 5.47s  --------    0  Y   Y  1.00  0.11 1.00 -  |   462.9    418.6  0.00 |  0.0  0.0 0   0   0  0  0  0
  - 5.36s  --------    0  Y   Y  1.00  0.21 1.00 -  |   462.9    418.6  0.00 |  0.0  0.0 0   0   0  0  0  0
  - 5.26s  --------    0  Y   Y  1.00  0.31 1.00 -  |   462.9    418.6  0.00 |  0.0  0.0 0   0   0  0  0  0
  - 5.16s  --------    0  Y   Y  1.00  0.41 1.00 -  |   462.9    418.6  0.00 |  0.0  0.0 0   0   0  0  0  0
  - 5.06s  --------    0  Y   Y  1.00  0.51 1.00 -  |   462.9    418.6  0.00 |  0.0  0.0 0   0   0  0  0  0
  - 4.96s  --------    0  Y   Y  1.00  0.61 1.00 -  |   462.9    418.6  0.00 |  0.0  0.0 0   0   0  0  0  0
  - 4.86s  --------    0  Y   Y  1.00  0.72 1.00 -  |   462.9    418.6  0.00 |  0.0  0.0 0   0   0  0  0  0
  - 4.76s  --------    0  Y   Y  1.00  0.82 1.00 -  |   462.9    418.6  0.00 |  0.0  0.0 0   0   0  0  0  0
  - 4.66s  --------    0  Y   Y  1.00  0.92 1.00 -  |   462.9    418.6  0.00 |  0.0  0.0 0   0   0  0  0  0
  - 4.56s  --------    0  Y   Y  1.00  1.02 1.00 -  |   462.9    418.6  0.00 |  0.0  0.0 0   0   0  0  0  0
  - 4.46s  --------    0  Y   Y  1.00  1.12 1.00 -  |   462.9    418.6  0.00 |  0.0  0.0 0   0   0  0  0  0
  - 4.35s  --------    0  Y   Y  1.00  1.22 1.00 -  |   462.9    418.6  0.00 |  0.0  0.0 0   0   0  0  0  0
  - 4.25s  --------    0  Y   Y  1.00  1.32 1.00 -  |   462.9    418.6  0.00 |  0.0  0.0 0   0   0  0  0  0
  - 4.15s  --------    0  Y   Y  1.00  1.42 1.00 -  |   462.9    418.6  0.00 |  0.0  0.0 0   0   0  0  0  0
  - 4.05s  --------    0  Y   Y  1.00  1.52 1.00 -  |   462.9    418.6  0.00 |  0.0  0.0 0   0   0  0  0  0
  - 3.95s  --------    0  Y   Y  1.00  1.62 1.00 -  |   462.9    418.6  0.00 |  0.0  0.0 0   0   0  0  0  0
  - 3.85s  --------    0  Y   Y  1.00  1.73 1.00 -  |   462.9    418.6  0.00 |  0.0  0.0 0   0   0  0  0  0
  - 3.75s  --------    0  Y   Y  1.00  1.83 1.00 -  |   462.9    418.6  0.00 |  0.0  0.0 0   0   0  0  0  0
  - 3.65s  --------    0  Y   Y  1.00  1.93 1.00 -  |   462.9    418.6  0.00 |  0.0  0.0 0   0   0  0  0  0
  - 3.55s  --------    0  Y   Y  1.00  2.03 1.00 -  |   462.9    418.6  0.00 |  0.0  0.0 0   0   0  0  0  0
  - 3.45s  --------    0  Y   Y  1.00  2.13 1.00 -  |   462.9    418.6  0.00 |  0.0  0.0 0   0   0  0  0  0
  - 3.35s  --------    0  Y   Y  1.00  2.23 1.00 -  |   462.9    418.6  0.00 |  0.0  0.0 0   0   0  0  0  0
  - 3.25s  --------    0  Y   Y  1.00  2.33 1.00 -  |   462.9    418.6  0.00 |  0.0  0.0 0   0   0  0  0  0
  - 3.15s  --------    0  Y   Y  1.00  2.43 1.00 -  |   462.9    418.6  0.00 |  0.0  0.0 0   0   0  0  0  0
  - 3.05s  --------    0  Y   Y  1.00  2.53 1.00 -  |   462.9    418.6  0.00 |  0.0  0.0 0   0   0  0  0  0
  - 2.94s  --------    0  Y   Y  1.00  2.63 1.00 -  |   462.9    418.6  0.00 |  0.0  0.0 0   0   0  0  0  0
  - 2.84s  --------    0  Y   Y  1.00  2.73 1.00 -  |   462.9    418.6  0.00 |  0.0  0.0 0   0   0  0  0  0
  - 2.74s  --------    0  Y   Y  1.00  2.83 1.00 -  |   462.9    418.6  0.00 |  0.0  0.0 0   0   0  0  0  0
  - 2.64s  --------    0  Y   Y  1.00  2.93 1.00 -  |   462.9    418.6  0.00 |  0.0  0.0 0   0   0  0  0  0
  - 2.54s  --------    0  Y   Y  1.00  3.03 1.00 -  |   462.9    418.6  0.00 |  0.0  0.0 0   0   0  0  0  0
  - 2.44s  --------    0  Y   Y  1.00  3.14 1.00 -  |   462.9    418.6  0.00 |  0.0  0.0 0   0   0  0  0  0
  - 2.34s  --------    0  Y   Y  1.00  3.24 1.00 -  |   462.9    418.6  0.00 |  0.0  0.0 0   0   0  0  0  0
  - 2.24s  --------    0  Y   Y  1.00  3.34 1.00 -  |   462.9    418.6  0.00 |  0.0  0.0 0   0   0  0  0  0
  - 2.13s  --------    0  Y   Y  1.00  3.44 1.00 -  |   462.9    418.6  0.00 |  0.0  0.0 0   0   0  0  0  0
  - 2.03s  --------    0  Y   Y  1.00  3.54 1.00 -  |   462.9    418.6  0.00 |  0.0  0.0 0   0   0  0  0  0
  - 1.93s  --------    0  Y   Y  1.00  3.64 1.00 -  |   462.9    418.6  0.00 |  0.0  0.0 0   0   0  0  0  0
  - 1.83s  --------    0  Y   Y  1.00  3.74 1.00 -  |   462.9    418.6  0.00 |  0.0  0.0 0   0   0  0  0  0
  - 1.72s  --------    0  Y   Y  1.00  3.85 1.00 -  |   462.9    418.6  0.00 |  0.0  0.0 0   0   0  0  0  0
  - 1.62s  --------    0  Y   Y  1.00  3.95 1.00 -  |   462.9    418.6  0.00 |  0.0  0.0 0   0   0  0  0  0
  - 1.52s  --------    0  Y   Y  1.00  4.05 1.00 -  |   462.9    418.6  0.00 |  0.0  0.0 0   0   0  0  0  0
  - 1.42s  --------    0  Y   Y  1.00  4.15 1.00 -  |   462.9    418.6  0.00 |  0.0  0.0 0   0   0  0  0  0
  - 1.31s  -----R--    0  Y   Y  1.00  0.16 1.00 -  |   462.9    418.6  0.00 |  0.0  0.0 0   0   0  0  0  0
  - 1.21s  -----R--    0  Y   Y  1.00  0.24 1.00 -  |   462.9    418.6  0.00 |  0.0  0.0 0   0   0  0  0  0
  - 1.11s  -----R--    0  Y   Y  1.00  0.33 1.00 -  |   462.9    418.6  0.00 |  0.0  0.0 0   0   0  0  0  0
  - 1.00s  -----R--    0  Y   Y  1.00  0.41 1.00 -  |   462.9    418.6  0.00 |  0.0  0.0 0   0   0  0  0  0
  - 0.90s  -----R--    0  Y   Y  1.00  0.50 1.00 -  |   462.9    418.6  0.00 |  0.0  0.0 0   0   0  0  0  0
  - 0.80s  -----R--    0  Y   Y  1.00  0.58 1.00 -  |   462.9    418.6  0.00 |  0.0  0.0 0   0   0  0  0  0
  - 0.70s  -----R--    0  Y   Y  1.00  0.67 1.00 -  |   462.9    418.6  0.00 |  0.0  0.0 0   0   0  0  0  0
  - 0.59s  -----R--    0  Y   Y  1.00  0.75 1.00 -  |   462.9    418.6  0.00 |  0.0  0.0 0   0   0  0  0  0
  - 0.49s  --------    0  Y   Y  1.00  0.83 1.00 T  |   462.9    418.6  0.00 |  0.0  0.0 0   0   0  0  0  0
  - 0.39s  --------    0  Y   Y  1.00  0.10 1.00 -  |   462.9    418.6  0.00 |  0.0 -1.0 0   0   0  0  0  0
  - 0.29s  --------    0  Y   Y  1.00  0.21 1.00 -  |   462.8    418.4  0.00 |  0.0 -1.0 0   0   0  0  0  0
  - 0.18s  --------    0  Y   Y  1.00  0.31 1.00 -  |   462.7    418.2  0.00 |  0.0 -1.0 0   0   0  0  0  0
  - 0.08s  --------    0  Y   Y  1.00  0.42 1.00 -  |   462.7    418.1  0.00 |  0.0 -1.0 0   0   0  0  0  0
=========================================================== END

[ 12589   71.354 x1.00] LOG  [OniBoss] Playing animation: Idle
[ 12660   71.753 x1.00] LOG  [OniBoss] Combo started: ClubSwing1 → ClubSwing2 → ClubSlam (3 steps remaining)
[ 12660   71.753 x1.00] LOG  [OniBoss] Chase → Attack
[ 12660   71.753 x1.00] LOG  [OniBoss] Attack: Club_Swing (16 dmg)
[ 12660   71.753 x1.00] LOG  [OniBoss:Trail] Club_Swing trail START at clip 0.26 (transition done).
[ 12662   71.765 x1.00] LOG  [OniBoss:Layer] step-in: 'Club_Swing' closed 0.09m, Yoru now 3.0m away (range 3.5)
[ 12724   72.117 x1.00] LOG  [OniBoss:ClubPos] Club_Swing at strike: club tip 3.03m up, 2.19m in front, -3.10m to his right (3.79m out from his centre). Club faces -89deg from his forward, pitch 0.41. (the ground wave is born 1.6m in front of him at 0.35m.)
[ 12724   72.117 x1.00] LOG  [OniBoss:Layer] Club_Swing: club has not connected — ground wave released ARMED, 1.6m in front, 12m/s x 6.0m = 0.50s, carrying 8 (half of the club's 16).
[ 12725   72.123 x1.00] LOG  [Combat] Hit react: HitReact_Light_2Leg (0.5s)
[ 12725   72.123 x1.00] LOG  [HitReactTrace] asked for 'HitReact_Light_2Leg' (0.50s) — blend resolved after 0 ms, now playing a clip 1.00s long at speed 1.00, layer weight 1.00, animator.speed 1.00.
[ 12725   72.123 x1.00] LOG  [CameraGameFeel] Shake: intensity=0.30 duration=0.200s
[ 12725   72.123 x1.00] LOG  [CameraGameFeel] FOV punch: player damage (-2.0°)
[ 12725   72.123 x1.00] LOG  [OniBoss:Wave] wave TOUCHED Yoru (grounded) for 8 after 0.1m / 0.01s of travel.
[ 12806   72.593 x1.00] LOG  [OniBoss] Attack → Recovery
[ 12806   72.593 x1.00] LOG  [OniBoss] Playing animation: Watch
[ 12806   72.593 x1.00] LOG  [OniBoss:Trail] trail END at clip 1.00, fading over 0.40s.
[ 12806   72.593 x1.00] LOG  [OniBoss:Strike] Club_Swing: club tip closest to Yoru at 1.46m, clip position 0.92 | damage fires at 0.42 | clip 0.84s => damage fires 417 ms BEFORE the club is closest
[ 12834   72.748 x1.00] LOG  [OniBoss] Recovery → Attack
[ 12834   72.748 x1.00] LOG  [OniBoss] Attack: ClubSwing2 (16 dmg)
[ 12834   72.748 x1.00] LOG  [OniBoss:Trail] ClubSwing2 trail START at clip 1.00 (transition still blending).
[ 12896   73.092 x1.00] LOG  [CameraGameFeel] Shake: intensity=0.20 duration=0.250s
[ 12896   73.092 x1.00] LOG  [Combat] Hit react: HitReact_Light_2Leg (0.5s)
[ 12896   73.092 x1.00] LOG  [HitReactTrace] asked for 'HitReact_Light_2Leg' (0.50s) — blend resolved after 0 ms, now playing a clip 1.00s long at speed 1.00, layer weight 1.00, animator.speed 1.00.
[ 12896   73.092 x1.00] LOG  [CameraGameFeel] Shake: intensity=0.30 duration=0.200s
[ 12896   73.092 x1.00] LOG  [CameraGameFeel] FOV punch: player damage (-2.0°)
[ 12896   73.092 x1.00] LOG  [OniBoss] Hit player for 20 (ClubSwing2) [combo x1.25]
[ 12896   73.092 x1.00] LOG  [OniBoss:Touch] ClubSwing2: club TOUCHED Yoru at clip 0.29 — shaft 0.45m from her body line, tip speed 105m/s, ONE FRAME EARLY (predicted). Full club hit delivered this frame.
[ 12903   73.132 x1.00] LOG  [OniBoss:ClubPos] ClubSwing2 at strike: club tip 0.15m up, 1.67m in front, 2.58m to his right (3.07m out from his centre). Club faces 12deg from his forward, pitch -0.89. (the ground wave is born 1.6m in front of him at 0.35m.)
[ 12903   73.132 x1.00] LOG  [OniBoss:Layer] ClubSwing2: club already hit — ground wave released as VISUAL only (0 damage).
[ 13042   73.914 x1.00] LOG  [OniBoss] Attack → Recovery
[ 13042   73.914 x1.00] LOG  [OniBoss] Playing animation: Watch
[ 13042   73.914 x1.00] LOG  [OniBoss:Trail] trail END at clip 0.99, fading over 0.40s.
[ 13042   73.914 x1.00] LOG  [OniBoss:Strike] ClubSwing2: club tip closest to Yoru at 0.57m, clip position 0.30 | damage fires at 0.32 | clip 1.17s => MATCHED (within one or two frames)
[ 13070   74.069 x1.00] LOG  [OniBoss] Recovery → Attack
[ 13070   74.069 x1.00] LOG  [OniBoss] Attack: ClubSlam (20 dmg)
[ 13070   74.069 x1.00] LOG  [OniBoss:Trail] ClubSlam trail START at clip 1.00 (transition still blending).
[ 13077   74.110 x1.00] LOG  [OniBoss:Layer] step-in: 'ClubSlam' closed 0.03m, Yoru now 3.0m away (range 3.5)
[ 13081   74.132 x1.00] LOG  [OniBoss:Layer] step-in: 'ClubSlam' closed 0.07m, Yoru now 3.0m away (range 3.5)
[ 13082   74.138 x1.00] WARN The referenced script on this Behaviour (Game Object '<null>') is missing!
[ 13082   74.138 x1.00] WARN The referenced script on this Behaviour (Game Object 'Lightning Light') is missing!
[ 13082   74.138 x1.00] WARN The referenced script on this Behaviour (Game Object 'Lightning Light') is missing!
[ 13084   74.150 x1.00] LOG  [OniBoss:Layer] step-in: 'ClubSlam' closed 0.10m, Yoru now 3.0m away (range 3.5)
[ 13088   74.172 x1.00] LOG  [OniBoss:Layer] step-in: 'ClubSlam' closed 0.13m, Yoru now 3.0m away (range 3.5)
[ 13091   74.190 x1.00] LOG  [OniBoss:Layer] step-in: 'ClubSlam' closed 0.17m, Yoru now 3.0m away (range 3.5)
[ 13095   74.211 x1.00] LOG  [OniBoss:Layer] step-in: 'ClubSlam' closed 0.20m, Yoru now 3.0m away (range 3.5)
[ 13098   74.228 x1.00] LOG  [OniBoss:Layer] step-in: 'ClubSlam' closed 0.23m, Yoru now 3.0m away (range 3.5)
[ 13101   74.248 x1.00] LOG  [OniBoss:Layer] step-in: 'ClubSlam' closed 0.27m, Yoru now 3.0m away (range 3.5)
[ 13105   74.273 x1.00] LOG  [OniBoss:Layer] step-in: 'ClubSlam' closed 0.30m, Yoru now 3.0m away (range 3.5)
[ 13108   74.292 x1.00] LOG  [OniBoss:Layer] step-in: 'ClubSlam' closed 0.34m, Yoru now 3.0m away (range 3.5)
[ 13111   74.311 x1.00] LOG  [OniBoss:Layer] step-in: 'ClubSlam' closed 0.37m, Yoru now 3.0m away (range 3.5)
[ 13114   74.329 x1.00] LOG  [OniBoss:Layer] step-in: 'ClubSlam' closed 0.41m, Yoru now 3.0m away (range 3.5)
[ 13117   74.348 x1.00] LOG  [OniBoss:Layer] step-in: 'ClubSlam' closed 0.44m, Yoru now 3.0m away (range 3.5)
[ 13132   74.451 x1.00] LOG  
==================== [FREEZE-DEBUG v3] ====================
  Reason : WASD-NOMOVE: WASD recent + speed 0.00m/s for 0.40s
  Time   : 63.486s   Frame: 13132   Snaps: 60
===========================================================

--- CURRENT STATE ---
  Flags: atk=False hvy=False dod=False dsh=False
         grd=False hit=False aerial=False lockPos=False
         comboStep=0
  Anim : speed=1.00  combatLayer hash=-792875657 normT=0.849 weight=1.00 inTransition=False
  CC   : grounded=True  enabled=True  pos=(461.45, -0.02, 417.02)  vel=(0.00, 0.00, 0.00)
  Move : IsRunning=False
  Input: H=-1.00 V=0.00  LMB=False MMB=False Q=False Sp=False Sh=False C=False
         WASD pressed in last 0.5s: True (last 0.00s ago)

--- FLIGHT RECORDER (60 snapshots, oldest first, dt=0.10s) ---
  Legend: flags = A(tk) H(vy) D(od) S(sh) G(rd) R(eact) Y(aerial) L(ock)   gnd/cc: Y/n
  t-now    flags     step gnd cc anSp normT layW tr | posX     posZ     spd   | H    V    LMB MMB Q  Sp Sh C
  ------   --------  ---- --- -- ---- ----- ---- -- | -----    -----    ----  | ---- ---- --- --- -- -- -- -
  - 6.10s  --------    0  Y   Y  1.00  3.85 1.00 -  |   462.9    418.6  0.00 |  0.0  0.0 0   0   0  0  0  0
  - 6.00s  --------    0  Y   Y  1.00  3.95 1.00 -  |   462.9    418.6  0.00 |  0.0  0.0 0   0   0  0  0  0
  - 5.90s  --------    0  Y   Y  1.00  4.05 1.00 -  |   462.9    418.6  0.00 |  0.0  0.0 0   0   0  0  0  0
  - 5.79s  --------    0  Y   Y  1.00  4.15 1.00 -  |   462.9    418.6  0.00 |  0.0  0.0 0   0   0  0  0  0
  - 5.69s  -----R--    0  Y   Y  1.00  0.16 1.00 -  |   462.9    418.6  0.00 |  0.0  0.0 0   0   0  0  0  0
  - 5.58s  -----R--    0  Y   Y  1.00  0.24 1.00 -  |   462.9    418.6  0.00 |  0.0  0.0 0   0   0  0  0  0
  - 5.48s  -----R--    0  Y   Y  1.00  0.33 1.00 -  |   462.9    418.6  0.00 |  0.0  0.0 0   0   0  0  0  0
  - 5.38s  -----R--    0  Y   Y  1.00  0.41 1.00 -  |   462.9    418.6  0.00 |  0.0  0.0 0   0   0  0  0  0
  - 5.28s  -----R--    0  Y   Y  1.00  0.50 1.00 -  |   462.9    418.6  0.00 |  0.0  0.0 0   0   0  0  0  0
  - 5.17s  -----R--    0  Y   Y  1.00  0.58 1.00 -  |   462.9    418.6  0.00 |  0.0  0.0 0   0   0  0  0  0
  - 5.07s  -----R--    0  Y   Y  1.00  0.67 1.00 -  |   462.9    418.6  0.00 |  0.0  0.0 0   0   0  0  0  0
  - 4.97s  -----R--    0  Y   Y  1.00  0.75 1.00 -  |   462.9    418.6  0.00 |  0.0  0.0 0   0   0  0  0  0
  - 4.87s  --------    0  Y   Y  1.00  0.83 1.00 T  |   462.9    418.6  0.00 |  0.0  0.0 0   0   0  0  0  0
  - 4.76s  --------    0  Y   Y  1.00  0.10 1.00 -  |   462.9    418.6  0.00 |  0.0 -1.0 0   0   0  0  0  0
  - 4.66s  --------    0  Y   Y  1.00  0.21 1.00 -  |   462.8    418.4  0.00 |  0.0 -1.0 0   0   0  0  0  0
  - 4.56s  --------    0  Y   Y  1.00  0.31 1.00 -  |   462.7    418.2  0.00 |  0.0 -1.0 0   0   0  0  0  0
  - 4.46s  --------    0  Y   Y  1.00  0.42 1.00 -  |   462.7    418.1  0.00 |  0.0 -1.0 0   0   0  0  0  0
  - 4.35s  --------    0  Y   Y  1.00  0.52 1.00 -  |   462.6    417.9  0.00 |  0.0 -1.0 0   0   0  0  0  0
  - 4.25s  --------    0  Y   Y  1.00  0.62 1.00 -  |   462.5    417.7  0.00 |  0.0 -1.0 0   0   0  0  0  0
  - 4.15s  --------    0  Y   Y  1.00  0.72 1.00 -  |   462.5    417.5  0.00 |  0.0 -1.0 0   0   0  0  0  0
  - 4.05s  --------    0  Y   Y  1.00  0.82 1.00 -  |   462.4    417.3  0.00 |  0.0 -1.0 0   0   0  0  0  0
  - 3.95s  --------    0  Y   Y  1.00  0.93 1.00 -  |   462.3    417.1  0.00 |  0.0  0.0 0   0   0  0  0  0
  - 3.84s  --------    0  Y   Y  1.00  1.03 1.00 -  |   462.2    416.9  0.00 |  0.0  0.0 0   0   0  0  0  0
  - 3.74s  --------    0  Y   Y  1.00  1.13 1.00 -  |   462.1    416.7  0.00 |  0.0  0.0 0   0   0  0  0  0
  - 3.63s  --------    0  Y   Y  1.00  1.24 1.00 -  |   462.0    416.6  0.00 |  0.0  0.0 0   0   0  0  0  0
  - 3.53s  --------    0  Y   Y  1.00  1.34 1.00 -  |   462.0    416.6  0.00 |  0.0  0.0 0   0   0  0  0  0
  - 3.43s  --------    0  Y   Y  1.00  1.44 1.00 -  |   462.0    416.6  0.00 |  0.0  0.0 0   0   0  0  0  0
  - 3.33s  --------    0  Y   Y  1.00  1.54 1.00 -  |   462.0    416.6  0.00 |  0.0  0.0 0   0   0  0  0  0
  - 3.22s  --------    0  Y   Y  1.00  1.65 1.00 -  |   462.0    416.6  0.00 |  0.0  0.0 0   0   0  0  0  0
  - 3.12s  --------    0  Y   Y  1.00  1.75 1.00 -  |   462.0    416.6  0.00 |  0.0  0.0 0   0   0  0  0  0
  - 3.02s  --------    0  Y   Y  1.00  1.85 1.00 -  |   462.0    416.6  0.00 |  0.0  0.0 0   0   0  0  0  0
  - 2.92s  --------    0  Y   Y  1.00  1.95 1.00 -  |   462.0    416.6  0.00 |  0.0  0.0 0   0   0  0  0  0
  - 2.81s  --------    0  Y   Y  1.00  2.06 1.00 -  |   462.0    416.6  0.00 |  0.0  0.0 0   0   0  0  0  0
  - 2.71s  --------    0  Y   Y  1.00  2.16 1.00 -  |   462.0    416.6  0.00 |  0.0  0.0 0   0   0  0  0  0
  - 2.61s  --------    0  Y   Y  1.00  2.27 1.00 -  |   462.0    416.6  0.00 |  0.0  0.0 0   0   0  0  0  0
  - 2.50s  --------    0  Y   Y  1.00  2.37 1.00 -  |   462.0    416.6  0.00 |  0.0  0.0 0   0   0  0  0  0
  - 2.40s  --------    0  Y   Y  1.00  2.47 1.00 -  |   462.0    416.6  0.00 |  0.0  0.0 0   0   0  0  0  0
  - 2.29s  -----R--    0  Y   Y  1.00  0.11 1.00 -  |   462.0    416.6  0.00 |  0.0  0.0 0   0   0  0  0  0
  - 2.19s  -----R--    0  Y   Y  1.00  0.19 1.00 -  |   462.0    416.6  0.00 |  0.0  0.0 0   0   0  0  0  0
  - 2.09s  -----R--    0  Y   Y  1.00  0.28 1.00 -  |   462.0    416.6  0.00 |  0.0  0.0 0   0   0  0  0  0
  - 1.98s  -----R--    0  Y   Y  1.00  0.36 1.00 -  |   462.0    416.6  0.00 |  0.0  0.0 0   0   0  0  0  0
  - 1.88s  -----R--    0  Y   Y  1.00  0.45 1.00 -  |   462.0    416.6  0.00 |  0.0  0.0 0   0   0  0  0  0
  - 1.78s  --------    0  Y   Y  1.00  0.54 1.00 T  |   462.0    416.6  0.00 |  0.0  0.0 0   0   0  0  0  0
  - 1.67s  --------    0  Y   Y  1.00  0.15 1.00 -  |   462.0    416.6  0.00 |  0.0  0.0 0   0   0  0  0  0
  - 1.57s  --------    0  Y   Y  1.00  0.25 1.00 -  |   462.0    416.6  0.00 |  0.0  0.0 0   0   0  0  0  0
  - 1.47s  --------    0  Y   Y  1.00  0.35 1.00 -  |   462.0    416.6  0.00 |  0.0  0.0 0   0   0  0  0  0
  - 1.36s  --------    0  Y   Y  1.00  0.45 1.00 -  |   462.0    416.6  0.00 |  0.0  0.0 0   0   0  0  0  0
  - 1.26s  -----R--    0  Y   Y  1.00  0.15 1.00 -  |   462.0    416.6  0.00 |  0.0  0.0 0   0   0  0  0  0
  - 1.16s  -----R--    0  Y   Y  1.00  0.24 1.00 -  |   462.0    416.6  0.00 |  0.0  0.0 0   0   0  0  0  0
  - 1.05s  -----R--    0  Y   Y  1.00  0.33 1.00 -  |   462.0    416.6  0.00 |  0.0  0.0 0   0   0  0  0  0
  - 0.95s  -----R--    0  Y   Y  1.00  0.41 1.00 -  |   462.0    416.6  0.00 |  0.0  0.0 0   0   0  0  0  0
  - 0.85s  --------    0  Y   Y  1.00  0.49 1.00 T  |   462.0    416.6  0.00 |  0.0  0.0 0   0   0  0  0  0
  - 0.75s  --------    0  Y   Y  1.00  0.10 1.00 -  |   462.0    416.6  0.00 |  0.0  0.0 0   0   0  0  0  0
  - 0.65s  --------    0  Y   Y  1.00  0.20 1.00 -  |   462.0    416.6  0.00 |  0.0  0.0 0   0   0  0  0  0
  - 0.55s  --------    0  Y   Y  1.00  0.30 1.00 -  |   462.0    416.6  0.00 |  0.0  0.0 0   0   0  0  0  0
  - 0.45s  --------    0  Y   Y  1.00  0.40 1.00 -  |   462.0    416.6  0.00 |  0.0  0.0 0   0   0  0  0  0
  - 0.34s  --------    0  Y   Y  1.00  0.51 1.00 -  |   462.0    416.6  0.00 | -1.0  0.0 0   0   0  0  0  0
  - 0.24s  --------    0  Y   Y  1.00  0.61 1.00 -  |   461.8    416.7  0.00 | -1.0  0.0 0   0   0  0  0  0
  - 0.13s  --------    0  Y   Y  1.00  0.72 1.00 -  |   461.7    416.9  0.00 | -1.0  0.0 0   0   0  0  0  0
  - 0.03s  --------    0  Y   Y  1.00  0.82 1.00 -  |   461.5    417.0  0.00 | -1.0  0.0 0   0   0  0  0  0
=========================================================== END

[ 13137   74.483 x1.00] LOG  [CameraGameFeel] Shake: intensity=0.50 duration=0.400s
[ 13137   74.483 x1.00] LOG  [Combat] Hit react: HitReact_Heavy_2Leg (0.9s)
[ 13137   74.483 x1.00] LOG  [HitReactTrace] asked for 'HitReact_Heavy_2Leg' (0.90s) — blend resolved after 0 ms, now playing a clip 1.00s long at speed 1.00, layer weight 1.00, animator.speed 1.00.
[ 13137   74.483 x1.00] LOG  [CameraGameFeel] Shake: intensity=0.60 duration=0.200s
[ 13137   74.483 x1.00] LOG  [CameraGameFeel] FOV punch: player damage (-3.0°)
[ 13137   74.483 x1.00] LOG  [OniBoss] Hit player for 30 (ClubSlam) [combo x1.50]
[ 13137   74.483 x1.00] LOG  [OniBoss:Touch] ClubSlam: club TOUCHED Yoru at clip 0.45 — shaft 0.58m from her body line, tip speed 113m/s, ONE FRAME EARLY (predicted). Full club hit delivered this frame.
[ 13199   74.864 x1.00] LOG  [OniBoss:ClubPos] ClubSlam at strike: club tip 0.53m up, 2.91m in front, -0.12m to his right (2.91m out from his centre). Club faces 8deg from his forward, pitch -0.26. (the ground wave is born 1.6m in front of him at 0.35m.)
[ 13199   74.864 x1.00] LOG  [OniBoss:Layer] ClubSlam: club already hit — ground wave released as VISUAL only (0 damage), finisher size x2.0.
[ 13222   74.996 x1.00] LOG  [OniBoss] Attack → Recovery
[ 13222   74.996 x1.00] LOG  [OniBoss] Playing animation: Watch
[ 13222   74.996 x1.00] LOG  [OniBoss:Trail] trail END at clip 1.00, fading over 0.40s.
[ 13222   74.996 x1.00] LOG  [OniBoss:Strike] ClubSlam: club tip closest to Yoru at 0.58m, clip position 0.83 | damage fires at 0.85 | clip 0.93s => MATCHED (within one or two frames)
[ 13249   75.148 x1.00] LOG  [OniBoss] Recovery → Chase
[ 13250   75.153 x1.00] LOG  [OniBoss] hold-ground: BACKSTEP 1.5m (player 3.2m)
[ 13341   75.658 x1.00] WARN The referenced script on this Behaviour (Game Object '<null>') is missing!
[ 13341   75.658 x1.00] WARN The referenced script on this Behaviour (Game Object 'Lightning Light') is missing!
[ 13341   75.658 x1.00] WARN The referenced script on this Behaviour (Game Object 'Lightning Light') is missing!
[ 13370   75.830 x1.00] LOG  [OniBoss] hold-ground: backstep done (1.08m), WATCH (player 4.3m, cooldown 0.5s)
[ 13370   75.830 x1.00] LOG  [OniBoss] Playing animation: Watch
[ 13398   76.008 x1.00] WARN The referenced script on this Behaviour (Game Object '<null>') is missing!
[ 13398   76.008 x1.00] WARN The referenced script on this Behaviour (Game Object 'Lightning Light') is missing!
[ 13398   76.008 x1.00] WARN The referenced script on this Behaviour (Game Object 'Lightning Light') is missing!
[ 13446   76.351 x1.00] LOG  [OniBoss] hold-ground: cooldown over, player 4.3m > 3.5m — APPROACH
[ 13446   76.351 x1.00] LOG  [OniBoss] Playing animation: Walk
[ 13571   77.054 x1.00] LOG  [OniBoss] Combo started: ClubSwing1 → ClubSwing2 → ClubSlam (3 steps remaining)
[ 13571   77.054 x1.00] LOG  [OniBoss] Chase → Attack
[ 13571   77.054 x1.00] LOG  [OniBoss] Attack: Club_Swing (16 dmg)
[ 13571   77.054 x1.00] LOG  [OniBoss:Trail] Club_Swing trail START at clip 0.38 (transition done).
[ 13574   77.071 x1.00] LOG  [OniBoss:Layer] step-in: 'Club_Swing' closed 0.07m, Yoru now 3.0m away (range 3.5)
[ 13590   77.159 x1.00] LOG  [StormWeather] ⚡ strike at (484.87, 45.00, 447.60)
[ 13635   77.415 x1.00] LOG  [OniBoss:ClubPos] Club_Swing at strike: club tip 3.02m up, 2.37m in front, -3.02m to his right (3.84m out from his centre). Club faces -85deg from his forward, pitch 0.41. (the ground wave is born 1.6m in front of him at 0.35m.)
[ 13635   77.415 x1.00] LOG  [OniBoss:Layer] Club_Swing: club has not connected — ground wave released ARMED, 1.6m in front, 12m/s x 6.0m = 0.50s, carrying 8 (half of the club's 16).
[ 13636   77.421 x1.00] LOG  [Combat] Hit react: HitReact_Light_2Leg (0.5s)
[ 13636   77.421 x1.00] LOG  [HitReactTrace] asked for 'HitReact_Light_2Leg' (0.50s) — blend resolved after 0 ms, now playing a clip 1.00s long at speed 1.00, layer weight 1.00, animator.speed 1.00.
[ 13636   77.421 x1.00] LOG  [CameraGameFeel] Shake: intensity=0.30 duration=0.200s
[ 13636   77.421 x1.00] LOG  [CameraGameFeel] FOV punch: player damage (-2.0°)
[ 13636   77.421 x1.00] LOG  [OniBoss:Wave] wave TOUCHED Yoru (grounded) for 8 after 0.1m / 0.01s of travel.
[ 13719   77.893 x1.00] LOG  [OniBoss] Attack → Recovery
[ 13719   77.893 x1.00] LOG  [OniBoss] Playing animation: Watch
[ 13719   77.893 x1.00] LOG  [OniBoss:Trail] trail END at clip 0.99, fading over 0.40s.
[ 13719   77.893 x1.00] LOG  [OniBoss:Strike] Club_Swing: club tip closest to Yoru at 1.49m, clip position 0.91 | damage fires at 0.42 | clip 0.84s => damage fires 414 ms BEFORE the club is closest
[ 13746   78.047 x1.00] LOG  [OniBoss] Recovery → Attack
[ 13746   78.047 x1.00] LOG  [OniBoss] Attack: ClubSwing2 (16 dmg)
[ 13746   78.047 x1.00] LOG  [OniBoss:Trail] ClubSwing2 trail START at clip 1.00 (transition still blending).
[ 13806   78.385 x1.00] LOG  [CameraGameFeel] Shake: intensity=0.20 duration=0.250s
[ 13806   78.385 x1.00] LOG  [Combat] Hit react: HitReact_Light_2Leg (0.5s)
[ 13806   78.385 x1.00] LOG  [HitReactTrace] asked for 'HitReact_Light_2Leg' (0.50s) — blend resolved after 0 ms, now playing a clip 1.00s long at speed 1.00, layer weight 1.00, animator.speed 1.00.
[ 13806   78.385 x1.00] LOG  [CameraGameFeel] Shake: intensity=0.30 duration=0.200s
[ 13806   78.385 x1.00] LOG  [CameraGameFeel] FOV punch: player damage (-2.0°)
[ 13806   78.385 x1.00] LOG  [OniBoss] Hit player for 20 (ClubSwing2) [combo x1.25]
[ 13806   78.385 x1.00] LOG  [OniBoss:Touch] ClubSwing2: club TOUCHED Yoru at clip 0.29 — shaft 0.41m from her body line, tip speed 97m/s, ONE FRAME EARLY (predicted). Full club hit delivered this frame.
[ 13813   78.428 x1.00] LOG  [OniBoss:ClubPos] ClubSwing2 at strike: club tip 0.05m up, 1.93m in front, 2.27m to his right (2.98m out from his centre). Club faces -1deg from his forward, pitch -0.87. (the ground wave is born 1.6m in front of him at 0.35m.)
[ 13813   78.428 x1.00] LOG  [OniBoss:Layer] ClubSwing2: club already hit — ground wave released as VISUAL only (0 damage).
[ 13884   78.850 x1.00] WARN The referenced script on this Behaviour (Game Object '<null>') is missing!
[ 13884   78.850 x1.00] WARN The referenced script on this Behaviour (Game Object 'Lightning Light') is missing!
[ 13884   78.850 x1.00] WARN The referenced script on this Behaviour (Game Object 'Lightning Light') is missing!
[ 13944   79.216 x1.00] LOG  [OniBoss] Attack → Recovery
[ 13944   79.216 x1.00] LOG  [OniBoss] Playing animation: Watch
[ 13944   79.216 x1.00] LOG  [OniBoss:Trail] trail END at clip 0.99, fading over 0.40s.
[ 13944   79.216 x1.00] LOG  [OniBoss:Strike] ClubSwing2: club tip closest to Yoru at 0.49m, clip position 0.30 | damage fires at 0.32 | clip 1.17s => MATCHED (within one or two frames)
[ 13969   79.371 x1.00] LOG  [OniBoss] Recovery → Attack
[ 13969   79.371 x1.00] LOG  [OniBoss] Attack: ClubSlam (20 dmg)
[ 13969   79.371 x1.00] LOG  [OniBoss:Trail] ClubSlam trail START at clip 1.00 (transition still blending).
[ 14044   79.786 x1.00] LOG  [CameraGameFeel] Shake: intensity=0.50 duration=0.400s
[ 14044   79.786 x1.00] LOG  [Combat] Hit react: HitReact_Heavy_2Leg (0.9s)
[ 14044   79.786 x1.00] LOG  [HitReactTrace] asked for 'HitReact_Heavy_2Leg' (0.90s) — blend resolved after 0 ms, now playing a clip 1.00s long at speed 1.00, layer weight 1.00, animator.speed 1.00.
[ 14044   79.786 x1.00] LOG  [CameraGameFeel] Shake: intensity=0.60 duration=0.200s
[ 14044   79.786 x1.00] LOG  [CameraGameFeel] FOV punch: player damage (-3.0°)
[ 14044   79.786 x1.00] LOG  [OniBoss] Hit player for 30 (ClubSlam) [combo x1.50]
[ 14044   79.786 x1.00] LOG  [OniBoss:Touch] ClubSlam: club TOUCHED Yoru at clip 0.45 — shaft 0.42m from her body line, tip speed 113m/s, ONE FRAME EARLY (predicted). Full club hit delivered this frame.
[ 14112   80.169 x1.00] LOG  [OniBoss:ClubPos] ClubSlam at strike: club tip 0.62m up, 2.89m in front, -0.31m to his right (2.90m out from his centre). Club faces 2deg from his forward, pitch -0.24. (the ground wave is born 1.6m in front of him at 0.35m.)
[ 14112   80.169 x1.00] LOG  [OniBoss:Layer] ClubSlam: club already hit — ground wave released as VISUAL only (0 damage), finisher size x2.0.
[ 14135   80.297 x1.00] LOG  [OniBoss] Attack → Recovery
[ 14135   80.297 x1.00] LOG  [OniBoss] Playing animation: Watch
[ 14135   80.297 x1.00] LOG  [OniBoss:Trail] trail END at clip 0.99, fading over 0.40s.
[ 14135   80.297 x1.00] LOG  [OniBoss:Strike] ClubSlam: club tip closest to Yoru at 0.19m, clip position 0.85 | damage fires at 0.85 | clip 0.93s => MATCHED (within one or two frames)
[ 14145   80.352 x1.00] LOG  [StormWeather] ⚡ strike at (480.93, 45.00, 439.87)
[ 14162   80.448 x1.00] LOG  [OniBoss] Recovery → Chase
[ 14163   80.454 x1.00] LOG  [OniBoss] hold-ground: BACKSTEP 1.5m (player 3.0m)
[ 14315   81.285 x1.00] LOG  [OniBoss] hold-ground: backstep done (1.33m), WATCH (player 4.3m, cooldown 0.4s)
[ 14315   81.285 x1.00] LOG  [OniBoss] Playing animation: Idle
[ 14381   81.654 x1.00] LOG  [OniBoss] hold-ground: cooldown over, player 4.3m > 3.5m — APPROACH
[ 14381   81.654 x1.00] LOG  [OniBoss] Playing animation: Walk
[ 14410   81.818 x1.00] WARN The referenced script on this Behaviour (Game Object '<null>') is missing!
[ 14410   81.818 x1.00] WARN The referenced script on this Behaviour (Game Object 'Lightning Light') is missing!
[ 14410   81.818 x1.00] WARN The referenced script on this Behaviour (Game Object 'Lightning Light') is missing!
[ 14496   82.357 x1.00] LOG  [OniBoss] Chase → Attack
[ 14496   82.357 x1.00] LOG  [OniBoss] Attack: Club_Swing (16 dmg)
[ 14496   82.357 x1.00] LOG  [OniBoss:Trail] Club_Swing trail START at clip 0.38 (transition done).
[ 14496   82.357 x1.00] LOG  [StormWeather] ⚡ strike at (472.76, 45.00, 445.63)
[ 14499   82.375 x1.00] LOG  [OniBoss:Layer] step-in: 'Club_Swing' closed 0.08m, Yoru now 3.0m away (range 3.5)
[ 14517   82.469 x1.00] WARN The referenced script on this Behaviour (Game Object '<null>') is missing!
[ 14517   82.469 x1.00] WARN The referenced script on this Behaviour (Game Object 'Lightning Light') is missing!
[ 14517   82.469 x1.00] WARN The referenced script on this Behaviour (Game Object 'Lightning Light') is missing!
[ 14549   82.679 x1.00] LOG  [CameraGameFeel] Shake: intensity=0.20 duration=0.250s
[ 14549   82.679 x1.00] LOG  [Combat] Hit react: HitReact_Light_2Leg (0.5s)
[ 14549   82.679 x1.00] LOG  [HitReactTrace] asked for 'HitReact_Light_2Leg' (0.50s) — blend resolved after 0 ms, now playing a clip 1.00s long at speed 1.00, layer weight 1.00, animator.speed 1.00.
[ 14549   82.679 x1.00] LOG  [CameraGameFeel] Shake: intensity=0.30 duration=0.200s
[ 14549   82.679 x1.00] LOG  [CameraGameFeel] FOV punch: player damage (-2.0°)
[ 14549   82.679 x1.00] LOG  [OniBoss] Hit player for 16 (Club_Swing)
[ 14549   82.679 x1.00] LOG  [OniBoss:Touch] Club_Swing: club TOUCHED Yoru at clip 0.39 — shaft 0.56m from her body line, tip speed 168m/s, ONE FRAME EARLY (predicted). Full club hit delivered this frame.
[ 14553   82.719 x1.00] LOG  [OniBoss:ClubPos] Club_Swing at strike: club tip 3.02m up, 2.77m in front, -2.80m to his right (3.94m out from his centre). Club faces -77deg from his forward, pitch 0.40. (the ground wave is born 1.6m in front of him at 0.35m.)
[ 14553   82.719 x1.00] LOG  [OniBoss:Layer] Club_Swing: club already hit — ground wave released as VISUAL only (0 damage).
[ 14610   83.195 x1.00] LOG  [OniBoss] Attack → Recovery
[ 14610   83.195 x1.00] LOG  [OniBoss] Playing animation: Watch
[ 14610   83.195 x1.00] LOG  [OniBoss:Trail] trail END at clip 0.99, fading over 0.40s.
[ 14610   83.195 x1.00] LOG  [OniBoss:Strike] Club_Swing: club tip closest to Yoru at 1.49m, clip position 0.91 | damage fires at 0.42 | clip 0.84s => damage fires 410 ms BEFORE the club is closest
[ 14636   83.348 x1.00] LOG  [OniBoss] Recovery → Chase
[ 14637   83.354 x1.00] LOG  [OniBoss] hold-ground: BACKSTEP 1.5m (player 3.0m)
[ 14637   83.354 x1.00] LOG  🚶 2-LEG JUMP
[ 14637   83.354 x1.00] LOG  🐾 Jump 1 VFX spawned!
[ 14675   83.584 x1.00] LOG  [ComboTrace] LAUNCH OniBoss at 2.1m dist=2.07m in 0.21s [AIRBORNE]
[ 14675   83.584 x1.00] LOG  [Combat] Aerial spin — 25 dmg
[ 14675   83.584 x1.00] LOG  [AirPosePin] engaged, holding body at 1.153m above the transform
[ 14701   83.737 x1.00] LOG  OniBoss took 10 damage. HP: 240/500
[ 14701   83.737 x1.00] LOG  [OniBoss] Chase → HitReact
[ 14701   83.737 x1.00] LOG  [OniBoss:Layer] react tier: LIGHT (10 dmg) → 'Hit_react_light'
[ 14701   83.737 x1.00] LOG  [CameraGameFeel] Shake: intensity=0.50 duration=0.200s
[ 14701   83.737 x1.00] LOG  [CameraGameFeel] FOV punch: hit light (+1.5°)
[ 14710   83.794 x1.00] LOG  [ComboTrace] LAUNCH RESULT wanted=2.07m actually moved=1.73m — completed
[ 14726   83.890 x1.00] LOG  OniBoss took 10 damage. HP: 230/500
[ 14726   83.890 x1.00] LOG  [OniBoss:Layer] burst: 2 hits / 20 dmg → flinch upgraded to 'HitReact_medium'
[ 14726   83.890 x1.00] LOG  [CameraGameFeel] Shake: intensity=0.18 duration=0.200s
[ 14752   84.045 x1.00] LOG  OniBoss took 10 damage. HP: 220/500
[ 14752   84.045 x1.00] LOG  [OniBoss] HitReact → Stagger
[ 14752   84.045 x1.00] LOG  [OniBoss] Playing animation: Stagger
[ 14752   84.045 x1.00] LOG  [OniBoss] STAGGERED for 2.5s
[ 14752   84.045 x1.00] LOG  [OniBoss:Layer] heavy knock-back react (swirl burst, 3 hits / 30 dmg) → 'HitReact_Heavy', down for 1.80s
[ 14752   84.045 x1.00] LOG  [OniBoss:Layer] burst: 3 hits / 30 dmg inside 0.8s → knock-back + 0.90m push
[ 14752   84.045 x1.00] LOG  [CameraGameFeel] Shake: intensity=0.18 duration=0.200s
[ 14794   84.284 x1.00] LOG  💨 Landing VFX spawned!
[ 14794   84.284 x1.00] LOG  ✅ LANDED! (was jump #1)
[ 14794   84.284 x1.00] LOG  [AirPosePin] released, peak correction was 0.417m
[ 14796   84.296 x1.00] LOG  🚶 2-LEG JUMP
[ 14796   84.296 x1.00] LOG  🐾 Jump 1 VFX spawned!
[ 14797   84.302 x1.00] LOG  [AirPosePin] engaged, holding body at 0.718m above the transform
[ 14805   84.350 x1.00] LOG  [ComboTrace] END step=3 clipProgress=0.91 clipLen=0.79s queued=0 elapsed=0.77s
[ 14806   84.356 x1.00] LOG  [AirPosePin] released, peak correction was 0.035m
[ 14917   85.000 x1.00] WARN The referenced script on this Behaviour (Game Object '<null>') is missing!
[ 14917   85.000 x1.00] WARN The referenced script on this Behaviour (Game Object 'Lightning Light') is missing!
[ 14917   85.000 x1.00] WARN The referenced script on this Behaviour (Game Object 'Lightning Light') is missing!
[ 14954   85.223 x1.00] LOG  💨 Landing VFX spawned!
[ 14954   85.223 x1.00] LOG  ✅ LANDED! (was jump #1)
[ 14968   85.317 x1.00] LOG  🚶 2-LEG JUMP
[ 14968   85.317 x1.00] LOG  🐾 Jump 1 VFX spawned!
[ 15025   85.667 x1.00] LOG  [ComboTrace] LAUNCH OniBoss at 1.1m dist=1.13m in 0.13s [AIRBORNE]
[ 15025   85.667 x1.00] LOG  [Combat] Aerial spin — 25 dmg
[ 15025   85.667 x1.00] LOG  OniBoss punish window! 10 → 15 (x1.5)
[ 15025   85.667 x1.00] LOG  OniBoss took 15 damage. HP: 205/500
[ 15025   85.667 x1.00] LOG  [CameraGameFeel] Shake: intensity=0.50 duration=0.200s
[ 15025   85.667 x1.00] LOG  [CameraGameFeel] FOV punch: hit light (+1.5°)
[ 15025   85.667 x1.00] LOG  [AirPosePin] engaged, holding body at 1.819m above the transform
[ 15047   85.799 x1.00] LOG  [ComboTrace] LAUNCH RESULT wanted=1.13m actually moved=1.18m — completed
[ 15051   85.821 x1.00] LOG  OniBoss punish window! 10 → 15 (x1.5)
[ 15051   85.821 x1.00] LOG  OniBoss took 15 damage. HP: 190/500
[ 15051   85.821 x1.00] LOG  [CameraGameFeel] Shake: intensity=0.18 duration=0.200s
[ 15055   85.846 x1.00] LOG  [OniBoss] Stagger → Chase
[ 15056   85.852 x1.00] LOG  [OniBoss] Playing animation: Watch
[ 15056   85.852 x1.00] LOG  [OniBoss] Combo started: swing1-2 (2 steps remaining)
[ 15056   85.852 x1.00] LOG  [OniBoss] Chase → Attack
[ 15056   85.852 x1.00] LOG  [OniBoss] Attack: Club_Swing (16 dmg)
[ 15056   85.852 x1.00] LOG  [OniBoss:Trail] Club_Swing trail START at clip 1.00 (transition done).
[ 15077   85.976 x1.00] LOG  OniBoss took 10 damage. HP: 180/500
[ 15077   85.976 x1.00] LOG  [OniBoss] 🤕 Hit during Attack — flash only
[ 15077   85.976 x1.00] LOG  [OniBoss] Attack → Stagger
[ 15077   85.976 x1.00] LOG  [OniBoss] Playing animation: Stagger
[ 15077   85.976 x1.00] LOG  [OniBoss] STAGGERED for 2.5s
[ 15077   85.976 x1.00] LOG  [OniBoss:Layer] heavy knock-back react (swirl burst, 3 hits / 40 dmg) → 'HitReact_Heavy', down for 1.80s
[ 15077   85.976 x1.00] LOG  [OniBoss:Layer] burst: 3 hits / 40 dmg inside 0.8s → knock-back + 0.90m push
[ 15077   85.976 x1.00] LOG  [CameraGameFeel] Shake: intensity=0.18 duration=0.200s
[ 15077   85.976 x1.00] LOG  [OniBoss:Strike] Club_Swing: club tip closest to Yoru at 5.18m, clip position 0.13 | damage fires at 0.42 | clip 0.84s => damage fires 244 ms AFTER the club is closest — it lands once the club has passed her
[ 15078   85.983 x1.00] LOG  [OniBoss:Trail] trail END at clip 0.15, fading over 0.40s.
[ 15109   86.156 x1.00] LOG  [StormWeather] ⚡ strike at (490.72, 45.00, 455.14)
[ 15124   86.242 x1.00] LOG  💨 Landing VFX spawned!
[ 15124   86.242 x1.00] LOG  ✅ LANDED! (was jump #1)
[ 15124   86.242 x1.00] LOG  [AirPosePin] released, peak correction was 1.035m
[ 15155   86.414 x1.00] LOG  [ComboTrace] END step=3 clipProgress=0.90 clipLen=0.79s queued=0 elapsed=0.75s
[ 15158   86.430 x1.00] LOG  🚶 2-LEG JUMP
[ 15158   86.430 x1.00] LOG  🐾 Jump 1 VFX spawned!
[ 15169   86.493 x1.00] WARN The referenced script on this Behaviour (Game Object '<null>') is missing!
[ 15169   86.493 x1.00] WARN The referenced script on this Behaviour (Game Object 'Lightning Light') is missing!
[ 15169   86.493 x1.00] WARN The referenced script on this Behaviour (Game Object 'Lightning Light') is missing!
[ 15184   86.579 x1.00] WARN The referenced script on this Behaviour (Game Object '<null>') is missing!
[ 15184   86.579 x1.00] WARN The referenced script on this Behaviour (Game Object 'Lightning Light') is missing!
[ 15184   86.579 x1.00] WARN The referenced script on this Behaviour (Game Object 'Lightning Light') is missing!
[ 15224   86.857 x1.00] LOG  [ComboTrace] LAUNCH OniBoss at 1.4m dist=1.36m in 0.14s [AIRBORNE]
[ 15224   86.857 x1.00] LOG  [Combat] Aerial spin — 25 dmg
[ 15224   86.857 x1.00] LOG  OniBoss punish window! 10 → 15 (x1.5)
[ 15224   86.857 x1.00] LOG  OniBoss took 15 damage. HP: 165/500
[ 15224   86.857 x1.00] LOG  [CameraGameFeel] Shake: intensity=0.50 duration=0.200s
[ 15224   86.857 x1.00] LOG  [CameraGameFeel] FOV punch: hit light (+1.5°)
[ 15224   86.857 x1.00] LOG  [AirPosePin] engaged, holding body at 2.165m above the transform
[ 15241   86.995 x1.00] LOG  [ComboTrace] LAUNCH RESULT wanted=1.36m actually moved=1.42m — completed
[ 15243   87.008 x1.00] LOG  OniBoss punish window! 10 → 15 (x1.5)
[ 15243   87.008 x1.00] LOG  OniBoss took 15 damage. HP: 150/500
[ 15243   87.008 x1.00] LOG  [CameraGameFeel] Shake: intensity=0.18 duration=0.200s
[ 15268   87.163 x1.00] LOG  OniBoss punish window! 10 → 15 (x1.5)
[ 15268   87.163 x1.00] LOG  OniBoss took 15 damage. HP: 135/500
[ 15268   87.163 x1.00] LOG  [CameraGameFeel] Shake: intensity=0.18 duration=0.200s
[ 15304   87.364 x1.00] LOG  💨 Landing VFX spawned!
[ 15304   87.364 x1.00] LOG  ✅ LANDED! (was jump #1)
[ 15304   87.364 x1.00] LOG  [AirPosePin] released, peak correction was 1.381m
[ 15349   87.605 x1.00] LOG  [ComboTrace] END step=3 clipProgress=0.90 clipLen=0.79s queued=0 elapsed=0.75s
[ 15351   87.617 x1.00] LOG  🚶 2-LEG JUMP
[ 15351   87.617 x1.00] LOG  🐾 Jump 1 VFX spawned!
[ 15381   87.781 x1.00] LOG  [OniBoss] Stagger → Chase
[ 15382   87.786 x1.00] LOG  [OniBoss] Playing animation: Idle
[ 15382   87.786 x1.00] LOG  [OniBoss] Combo started: ClubSwing1 → ClubSwing2 → ClubSlam (3 steps remaining)
[ 15382   87.786 x1.00] LOG  [OniBoss] Chase → Attack
[ 15382   87.786 x1.00] LOG  [OniBoss] Attack: Club_Swing (16 dmg)
[ 15382   87.786 x1.00] LOG  [OniBoss:Trail] Club_Swing trail START at clip 1.00 (transition done).
[ 15419   87.993 x1.00] LOG  [ComboTrace] LAUNCH OniBoss at 1.4m dist=1.40m in 0.14s [AIRBORNE]
[ 15419   87.993 x1.00] LOG  [Combat] Aerial spin — 25 dmg
[ 15419   87.993 x1.00] LOG  OniBoss took 10 damage. HP: 125/500
[ 15419   87.993 x1.00] LOG  [OniBoss] 🤕 Hit during Attack — flash only
[ 15419   87.993 x1.00] LOG  [CameraGameFeel] Shake: intensity=0.50 duration=0.200s
[ 15419   87.993 x1.00] LOG  [CameraGameFeel] FOV punch: hit light (+1.5°)
[ 15419   87.993 x1.00] LOG  [AirPosePin] engaged, holding body at 1.949m above the transform
[ 15438   88.106 x1.00] WARN The referenced script on this Behaviour (Game Object '<null>') is missing!
[ 15438   88.106 x1.00] WARN The referenced script on this Behaviour (Game Object 'Lightning Light') is missing!
[ 15438   88.106 x1.00] WARN The referenced script on this Behaviour (Game Object 'Lightning Light') is missing!
[ 15443   88.136 x1.00] LOG  [ComboTrace] LAUNCH RESULT wanted=1.40m actually moved=0.82m — completed
[ 15445   88.147 x1.00] LOG  OniBoss took 10 damage. HP: 115/500
[ 15445   88.147 x1.00] LOG  [OniBoss] 🤕 Hit during Attack — flash only
[ 15445   88.147 x1.00] LOG  [CameraGameFeel] Shake: intensity=0.18 duration=0.200s
[ 15445   88.147 x1.00] LOG  [CameraGameFeel] Shake: intensity=0.20 duration=0.250s
[ 15445   88.147 x1.00] LOG  [Combat] Hit react: HitReact_Light_2Leg (0.5s)
[ 15445   88.147 x1.00] LOG  [HitReactTrace] asked for 'HitReact_Light_2Leg' (0.50s) — blend resolved after 0 ms, now playing a clip 0.79s long at speed 0.80, layer weight 1.00, animator.speed 1.00.
[ 15445   88.147 x1.00] LOG  [CameraGameFeel] Shake: intensity=0.30 duration=0.200s
[ 15445   88.147 x1.00] LOG  [CameraGameFeel] FOV punch: player damage (-2.0°)
[ 15445   88.147 x1.00] LOG  [OniBoss] Hit player for 16 (Club_Swing)
[ 15445   88.147 x1.00] LOG  [OniBoss:Touch] Club_Swing: club TOUCHED Yoru at clip 0.38 — shaft 0.45m from her body line, tip speed 171m/s, ONE FRAME EARLY (predicted). Full club hit delivered this frame.
[ 15452   88.190 x1.00] LOG  [OniBoss:ClubPos] Club_Swing at strike: club tip 3.02m up, 2.41m in front, -3.00m to his right (3.85m out from his centre). Club faces -84deg from his forward, pitch 0.41. (the ground wave is born 1.6m in front of him at 0.35m.)
[ 15452   88.190 x1.00] LOG  [OniBoss:Layer] Club_Swing: club already hit — ground wave released as VISUAL only (0 damage).
[ 15502   88.545 x1.00] LOG  💨 Landing VFX spawned!
[ 15502   88.545 x1.00] LOG  [AirPosePin] released, peak correction was 1.259m
[ 15516   88.649 x1.00] LOG  ✅ LANDED! (was jump #0)
[ 15519   88.668 x1.00] LOG  [OniBoss] Attack → Recovery
[ 15519   88.668 x1.00] LOG  [OniBoss] Playing animation: Watch
[ 15519   88.668 x1.00] LOG  [OniBoss:Trail] trail END at clip 0.99, fading over 0.40s.
[ 15519   88.668 x1.00] LOG  [OniBoss:Strike] Club_Swing: club tip closest to Yoru at 0.47m, clip position 0.91 | damage fires at 0.42 | clip 0.84s => damage fires 414 ms BEFORE the club is closest
[ 15520   88.676 x1.00] LOG  [Combat] Combo 1: 10 dmg
[ 15520   88.676 x1.00] LOG  [ComboTrace] START step=1 state='Combo1' queued=0 target='OniBoss' at 2.0m
[ 15520   88.676 x1.00] LOG  [ComboTrace] LAUNCH OniBoss at 0.8m dist=0.84m in 0.13s
[ 15539   88.806 x1.00] LOG  [ComboTrace] LAUNCH RESULT wanted=0.84m actually moved=0.00m — completed
[ 15542   88.823 x1.00] LOG  [OniBoss] Recovery → Attack
[ 15542   88.823 x1.00] LOG  [OniBoss] Attack: ClubSwing2 (16 dmg)
[ 15542   88.823 x1.00] LOG  [OniBoss:Trail] ClubSwing2 trail START at clip 1.00 (transition still blending).
[ 15550   88.869 x1.00] LOG  [Combat] Queued click #1 (combo 1)
[ 15550   88.869 x1.00] LOG  [ComboTrace] QUEUED #1 during step 1
[ 15575   89.017 x1.00] LOG  [StormWeather] ⚡ strike at (488.25, 45.00, 437.37)
[ 15589   89.098 x1.00] LOG  [Combat] Queued click #2 (combo 1)
[ 15589   89.098 x1.00] LOG  [ComboTrace] QUEUED #2 during step 1
[ 15599   89.158 x1.00] LOG  [CameraGameFeel] Shake: intensity=0.20 duration=0.250s
[ 15599   89.158 x1.00] LOG  [Combat] Hit react: HitReact_Light_2Leg (0.5s)
[ 15599   89.158 x1.00] LOG  [HitReactTrace] asked for 'HitReact_Light_2Leg' (0.50s) — blend resolved after 0 ms, now playing a clip 1.23s long at speed 1.60, layer weight 1.00, animator.speed 1.00.
[ 15599   89.158 x1.00] LOG  [CameraGameFeel] Shake: intensity=0.30 duration=0.200s
[ 15599   89.158 x1.00] LOG  [CameraGameFeel] FOV punch: player damage (-2.0°)
[ 15599   89.158 x1.00] LOG  [OniBoss] Hit player for 20 (ClubSwing2) [combo x1.25]
[ 15599   89.158 x1.00] LOG  [OniBoss:Touch] ClubSwing2: club TOUCHED Yoru at clip 0.29 — shaft 0.37m from her body line, tip speed 94m/s, ONE FRAME EARLY (predicted). Full club hit delivered this frame.
[ 15605   89.219 x1.00] LOG  [OniBoss:ClubPos] ClubSwing2 at strike: club tip 0.67m up, 0.94m in front, 3.35m to his right (3.48m out from his centre). Club faces 52deg from his forward, pitch -0.87. (the ground wave is born 1.6m in front of him at 0.35m.)
[ 15605   89.219 x1.00] LOG  [OniBoss:Layer] ClubSwing2: club already hit — ground wave released as VISUAL only (0 damage).
[ 15701   89.773 x1.00] LOG  [Combat] Combo 1: 10 dmg
[ 15701   89.773 x1.00] LOG  [ComboTrace] START step=1 state='Combo1' queued=0 target='OniBoss' at 2.0m
[ 15701   89.773 x1.00] LOG  [ComboTrace] LAUNCH OniBoss at 0.8m dist=0.84m in 0.13s
[ 15724   89.906 x1.00] LOG  [ComboTrace] LAUNCH RESULT wanted=0.84m actually moved=0.00m — completed
[ 15737   89.979 x1.00] LOG  [Combat] Queued click #1 (combo 1)
[ 15737   89.979 x1.00] LOG  [ComboTrace] QUEUED #1 during step 1
[ 15738   89.985 x1.00] LOG  [OniBoss] Attack → Recovery
[ 15738   89.985 x1.00] LOG  [OniBoss] Playing animation: Watch
[ 15738   89.985 x1.00] LOG  [OniBoss:Trail] trail END at clip 0.99, fading over 0.40s.
[ 15738   89.985 x1.00] LOG  [OniBoss:Strike] ClubSwing2: club tip closest to Yoru at 1.25m, clip position 0.30 | damage fires at 0.32 | clip 1.17s => MATCHED (within one or two frames)
[ 15764   90.137 x1.00] LOG  [OniBoss] Recovery → Attack
[ 15764   90.137 x1.00] LOG  [OniBoss] Attack: ClubSlam (20 dmg)
[ 15764   90.137 x1.00] LOG  [OniBoss:Trail] ClubSlam trail START at clip 1.00 (transition still blending).
[ 15779   90.222 x1.00] LOG  [Combat] Queued click #2 (combo 1)
[ 15779   90.222 x1.00] LOG  [ComboTrace] QUEUED #2 during step 1
[ 15807   90.385 x1.00] LOG  OniBoss took 10 damage. HP: 105/500
[ 15807   90.385 x1.00] LOG  [OniBoss] 🤕 Hit during Attack — flash only
[ 15807   90.385 x1.00] LOG  [Combat] Hit OniBoss for 10
[ 15807   90.385 x1.00] LOG  [CameraGameFeel] Shake: intensity=0.50 duration=0.200s
[ 15807   90.385 x1.00] LOG  [CameraGameFeel] FOV punch: hit light (+1.5°)
[ 15824   90.489 x1.00] LOG  [ComboTrace] CLICK IGNORED (step=1 queued=2)
[ 15838   90.568 x1.00] LOG  [CameraGameFeel] Shake: intensity=0.50 duration=0.400s
[ 15838   90.568 x1.00] LOG  [Combat] Hit react: HitReact_Heavy_2Leg (0.9s)
[ 15838   90.568 x1.00] LOG  [HitReactTrace] asked for 'HitReact_Heavy_2Leg' (0.90s) — blend resolved after 0 ms, now playing a clip 1.23s long at speed 1.60, layer weight 1.00, animator.speed 1.00.
[ 15838   90.568 x1.00] LOG  [CameraGameFeel] Shake: intensity=0.60 duration=0.200s
[ 15838   90.568 x1.00] LOG  [CameraGameFeel] FOV punch: player damage (-3.0°)
[ 15838   90.568 x1.00] LOG  [OniBoss] Hit player for 30 (ClubSlam) [combo x1.50]
[ 15838   90.568 x1.00] LOG  [OniBoss:Touch] ClubSlam: club TOUCHED Yoru at clip 0.43 — shaft 0.56m from her body line, tip speed 121m/s, ONE FRAME EARLY (predicted). Full club hit delivered this frame.
[ 15840   90.581 x1.00] LOG  🐾 VFX_AttackPaw triggered!
[ 15887   90.859 x1.00] WARN The referenced script on this Behaviour (Game Object '<null>') is missing!
[ 15887   90.859 x1.00] WARN The referenced script on this Behaviour (Game Object 'Lightning Light') is missing!
[ 15887   90.859 x1.00] WARN The referenced script on this Behaviour (Game Object 'Lightning Light') is missing!
[ 15892   90.890 x1.00] LOG  [StormWeather] ⚡ strike at (486.44, 45.00, 453.82)
[ 15905   90.966 x1.00] LOG  [OniBoss:ClubPos] ClubSlam at strike: club tip 0.53m up, 2.91m in front, -0.11m to his right (2.91m out from his centre). Club faces 8deg from his forward, pitch -0.26. (the ground wave is born 1.6m in front of him at 0.35m.)
[ 15905   90.966 x1.00] LOG  [OniBoss:Layer] ClubSlam: club already hit — ground wave released as VISUAL only (0 damage), finisher size x2.0.
[ 15926   91.099 x1.00] LOG  [OniBoss] Attack → Recovery
[ 15926   91.099 x1.00] LOG  [OniBoss] Playing animation: Watch
[ 15926   91.099 x1.00] LOG  [OniBoss:Trail] trail END at clip 0.99, fading over 0.40s.
[ 15926   91.099 x1.00] LOG  [OniBoss:Strike] ClubSlam: club tip closest to Yoru at 0.18m, clip position 0.94 | damage fires at 0.85 | clip 0.93s => damage fires 81 ms BEFORE the club is closest
[ 15947   91.229 x1.00] WARN The referenced script on this Behaviour (Game Object '<null>') is missing!
[ 15947   91.229 x1.00] WARN The referenced script on this Behaviour (Game Object 'Lightning Light') is missing!
[ 15947   91.229 x1.00] WARN The referenced script on this Behaviour (Game Object 'Lightning Light') is missing!
[ 15950   91.253 x1.00] LOG  [OniBoss] Recovery → Chase
[ 15951   91.259 x1.00] LOG  [OniBoss] hold-ground: BACKSTEP 1.5m (player 2.0m)
[ 16004   91.610 x1.00] LOG  [Combat] Combo 1: 10 dmg
[ 16004   91.610 x1.00] LOG  [ComboTrace] START step=1 state='Combo1' queued=0 target='OniBoss' at 2.6m
[ 16004   91.610 x1.00] LOG  [ComboTrace] LAUNCH OniBoss at 1.3m dist=1.32m in 0.13s
[ 16024   91.742 x1.00] LOG  [ComboTrace] LAUNCH RESULT wanted=1.32m actually moved=0.73m — completed
[ 16035   91.800 x1.00] WARN The referenced script on this Behaviour (Game Object '<null>') is missing!
[ 16035   91.800 x1.00] WARN The referenced script on this Behaviour (Game Object 'Lightning Light') is missing!
[ 16035   91.800 x1.00] WARN The referenced script on this Behaviour (Game Object 'Lightning Light') is missing!
[ 16041   91.836 x1.00] LOG  [Combat] Queued click #1 (combo 1)
[ 16041   91.836 x1.00] LOG  [ComboTrace] QUEUED #1 during step 1
[ 16079   92.064 x1.00] LOG  [Combat] Queued click #2 (combo 1)
[ 16079   92.064 x1.00] LOG  [ComboTrace] QUEUED #2 during step 1
[ 16100   92.200 x1.00] LOG  [OniBoss] hold-ground: backstep done (1.51m), WATCH (player 2.8m, cooldown 0.3s)
[ 16100   92.200 x1.00] LOG  [OniBoss] Playing animation: Watch
[ 16116   92.298 x1.00] LOG  [ComboTrace] CLICK IGNORED (step=1 queued=2)
[ 16127   92.356 x1.00] LOG  [OniBoss] Chase → Stagger
[ 16127   92.356 x1.00] LOG  [OniBoss] Playing animation: Stagger
[ 16127   92.356 x1.00] LOG  [OniBoss] STAGGERED for 2.5s
[ 16127   92.356 x1.00] LOG  [OniBoss] STAGGERED (parry) for 3s
[ 16127   92.356 x1.00] LOG  [OniBoss:Layer] GROUND POUND (phase-2 repeat): driving 'Ground_Pound' at x1.00, slam at 0.60
[ 16128   92.362 x1.00] LOG  [OniBoss:Layer] GROUND POUND: clip is 3.13s
[ 16132   92.384 x1.00] LOG  🐾 VFX_AttackPaw triggered!
[ 16157   92.523 x1.00] LOG  [Combat] Combo 2: 20 dmg
[ 16157   92.523 x1.00] LOG  [ComboTrace] START step=2 state='Combo2' queued=1 target='OniBoss' at 2.8m
[ 16157   92.523 x1.00] LOG  [ComboTrace] LAUNCH OniBoss at 1.5m dist=1.51m in 0.15s
[ 16158   92.528 x1.00] LOG  [ComboTrace] CLICK DROPPED by attackCooldown (0.10s, 0.01s since last attack) step=2
[ 16184   92.676 x1.00] LOG  [ComboTrace] LAUNCH RESULT wanted=1.51m actually moved=0.78m — completed
[ 16200   92.767 x1.00] LOG  [Combat] Queued click #2 (combo 2)
[ 16200   92.767 x1.00] LOG  [ComboTrace] QUEUED #2 during step 2
[ 16207   92.805 x1.00] LOG  [StormWeather] ⚡ strike at (482.57, 45.00, 450.77)
[ 16237   92.978 x1.00] LOG  [ComboTrace] CLICK IGNORED (step=2 queued=2)
[ 16277   93.197 x1.00] LOG  [ComboTrace] CLICK IGNORED (step=2 queued=2)
[ 16302   93.334 x1.00] LOG  🐾🐾 VFX_TowPaw triggered!
[ 16307   93.363 x1.00] LOG  OniBoss punish window! 20 → 30 (x1.5)
[ 16307   93.363 x1.00] LOG  OniBoss took 30 damage. HP: 75/500
[ 16307   93.363 x1.00] LOG  [Combat] Hit OniBoss for 20
[ 16307   93.363 x1.00] LOG  [CameraGameFeel] Shake: intensity=0.50 duration=0.200s
[ 16307   93.363 x1.00] LOG  [CameraGameFeel] FOV punch: hit light (+1.5°)
[ 16318   93.425 x1.00] LOG  [ComboTrace] CLICK IGNORED (step=2 queued=2)
[ 16371   93.730 x1.00] LOG  [ComboTrace] CLICK IGNORED (step=2 queued=2)
[ 16396   93.859 x1.00] LOG  🐾🐾 VFX_TowPaw triggered!
[ 16403   93.897 x1.00] LOG  [Combat] Combo 3: 35 dmg
[ 16403   93.897 x1.00] LOG  [ComboTrace] START step=3 state='Combo3' queued=1 target='OniBoss' at 2.9m
[ 16403   93.897 x1.00] LOG  [ComboTrace] LAUNCH OniBoss at 1.6m dist=1.62m in 0.16s
[ 16414   93.959 x1.00] LOG  OniBoss punish window! 35 → 52 (x1.5)
[ 16414   93.959 x1.00] LOG  OniBoss took 52 damage. HP: 23/500
[ 16414   93.959 x1.00] LOG  [CameraGameFeel] Shake: intensity=0.50 duration=0.200s
[ 16414   93.959 x1.00] LOG  [CameraGameFeel] FOV punch: hit light (+1.5°)
[ 16432   94.060 x1.00] LOG  [ComboTrace] LAUNCH RESULT wanted=1.62m actually moved=1.33m — completed
[ 16442   94.113 x1.00] LOG  
==================== [FREEZE-DEBUG v3] ====================
  Reason : STUCK-FLAG: atk on for 2.50s
  Time   : 83.148s   Frame: 16442   Snaps: 60
===========================================================

--- CURRENT STATE ---
  Flags: atk=True hvy=False dod=False dsh=False
         grd=False hit=False aerial=False lockPos=False
         comboStep=3
  Anim : speed=1.00  combatLayer hash=-985085662 normT=0.206 weight=1.00 inTransition=False
  CC   : grounded=True  enabled=True  pos=(470.19, -0.02, 415.32)  vel=(0.00, 0.00, 0.00)
  Move : IsRunning=False
  Input: H=0.00 V=0.00  LMB=False MMB=False Q=False Sp=False Sh=False C=False
         WASD pressed in last 0.5s: False (last 19.50s ago)

--- FLIGHT RECORDER (60 snapshots, oldest first, dt=0.10s) ---
  Legend: flags = A(tk) H(vy) D(od) S(sh) G(rd) R(eact) Y(aerial) L(ock)   gnd/cc: Y/n
  t-now    flags     step gnd cc anSp normT layW tr | posX     posZ     spd   | H    V    LMB MMB Q  Sp Sh C
  ------   --------  ---- --- -- ---- ----- ---- -- | -----    -----    ----  | ---- ---- --- --- -- -- -- -
  - 6.11s  A-----Y-    3  n   Y  0.00  0.38 1.00 T  |   466.7    416.1  19.59 |  0.0  0.0 0   0   0  0  0  0
  - 6.01s  A-----Y-    3  n   Y  1.00  0.09 1.00 -  |   467.4    415.9  0.00 |  0.0  0.0 1   0   0  0  0  0
  - 5.91s  -----R--    0  n   Y  1.00  0.12 1.00 -  |   467.4    415.9  0.00 |  0.0  0.0 0   0   0  0  0  0
  - 5.80s  -----R--    0  n   Y  1.00  0.20 1.00 -  |   467.4    415.9  0.00 |  0.0  0.0 1   0   0  0  0  0
  - 5.70s  -----R--    0  n   Y  1.00  0.29 1.00 -  |   467.4    415.9  0.00 |  0.0  0.0 0   0   0  0  0  0
  - 5.60s  -----R--    0  n   Y  1.00  0.38 1.00 -  |   467.4    415.9  0.00 |  0.0  0.0 0   0   0  1  0  0
  - 5.49s  -----R--    0  Y   Y  1.00  0.46 1.00 -  |   467.4    415.9  0.00 |  0.0  0.0 1   0   0  0  0  0
  - 5.39s  A-------    1  Y   Y  1.00  0.51 1.00 T  |   467.4    415.9  0.00 |  0.0  0.0 0   0   0  1  0  0
  - 5.28s  A-------    1  Y   Y  1.00  0.12 1.00 -  |   467.4    415.9  0.00 |  0.0  0.0 1   0   0  0  0  0
  - 5.18s  A-------    1  Y   Y  1.00  0.20 1.00 -  |   467.4    415.9  0.00 |  0.0  0.0 0   0   0  1  0  0
  - 5.08s  A-------    1  Y   Y  1.00  0.29 1.00 -  |   467.4    415.9  0.00 |  0.0  0.0 1   0   0  0  0  0
  - 4.98s  A-------    1  Y   Y  1.00  0.37 1.00 -  |   467.4    415.9  0.00 |  0.0  0.0 0   0   0  1  0  0
  - 4.87s  -----R--    0  Y   Y  1.00  0.14 1.00 -  |   467.4    415.9  0.00 |  0.0  0.0 1   0   0  0  0  0
  - 4.77s  -----R--    0  Y   Y  1.00  0.22 1.00 -  |   467.4    415.9  0.00 |  0.0  0.0 0   0   0  1  0  0
  - 4.67s  -----R--    0  Y   Y  1.00  0.31 1.00 -  |   467.4    415.9  0.00 |  0.0  0.0 1   0   0  0  0  0
  - 4.57s  -----R--    0  Y   Y  1.00  0.39 1.00 -  |   467.4    415.9  0.00 |  0.0  0.0 0   0   0  0  0  0
  - 4.46s  -----R--    0  Y   Y  1.00  0.47 1.00 -  |   467.4    415.9  0.00 |  0.0  0.0 1   0   0  1  0  0
  - 4.36s  --------    0  Y   Y  1.00  0.56 1.00 T  |   467.4    415.9  0.00 |  0.0  0.0 1   0   0  0  0  0
  - 4.25s  A-------    1  Y   Y  1.00  0.07 1.00 -  |   467.4    415.9  0.00 |  0.0  0.0 0   0   0  1  0  0
  - 4.15s  A-------    1  Y   Y  1.00  0.15 1.00 -  |   467.4    415.9  0.00 |  0.0  0.0 1   0   0  0  0  0
  - 4.05s  A-------    1  Y   Y  1.00  0.23 1.00 -  |   467.4    415.9  0.00 |  0.0  0.0 0   0   0  1  0  0
  - 3.95s  A-------    1  Y   Y  1.00  0.32 1.00 -  |   467.4    415.9  0.00 |  0.0  0.0 1   0   0  0  0  0
  - 3.84s  A-------    1  Y   Y  1.00  0.40 1.00 -  |   467.4    415.9  0.00 |  0.0  0.0 0   0   0  1  0  0
  - 3.74s  A-------    1  Y   Y  1.00  0.48 1.00 -  |   467.4    415.9  0.00 |  0.0  0.0 1   0   0  0  0  0
  - 3.64s  A-------    1  Y   Y  1.00  0.54 1.00 -  |   467.4    415.9  0.00 |  0.0  0.0 1   0   0  1  0  0
  - 3.53s  -----R--    0  Y   Y  1.00  0.62 1.00 T  |   467.4    415.9  0.00 |  0.0  0.0 1   0   0  0  0  0
  - 3.43s  -----R--    0  Y   Y  1.00  0.17 1.00 -  |   467.4    415.9  0.00 |  0.0  0.0 1   0   0  1  0  0
  - 3.33s  -----R--    0  Y   Y  1.00  0.25 1.00 -  |   467.4    415.9  0.00 |  0.0  0.0 0   0   0  0  0  0
  - 3.22s  -----R--    0  Y   Y  1.00  0.34 1.00 -  |   467.4    415.9  0.00 |  0.0  0.0 1   0   0  1  0  0
  - 3.12s  -----R--    0  Y   Y  1.00  0.42 1.00 -  |   467.4    415.9  0.00 |  0.0  0.0 0   0   0  0  0  0
  - 3.02s  -----R--    0  Y   Y  1.00  0.51 1.00 -  |   467.4    415.9  0.00 |  0.0  0.0 1   0   0  1  0  0
  - 2.92s  -----R--    0  Y   Y  1.00  0.59 1.00 -  |   467.4    415.9  0.00 |  0.0  0.0 0   0   0  0  0  0
  - 2.81s  -----R--    0  Y   Y  1.00  0.68 1.00 -  |   467.4    415.9  0.00 |  0.0  0.0 1   0   0  1  0  0
  - 2.71s  -----R--    0  Y   Y  1.00  0.76 1.00 -  |   467.4    415.9  0.00 |  0.0  0.0 0   0   0  0  0  0
  - 2.61s  --------    0  Y   Y  1.00  0.85 1.00 T  |   467.4    415.9  0.00 |  0.0  0.0 1   0   0  1  0  0
  - 2.50s  --------    0  Y   Y  1.00  0.13 1.00 -  |   467.4    415.9  0.00 |  0.0  0.0 0   0   0  0  0  0
  - 2.40s  A-------    1  Y   Y  1.00  0.08 1.00 -  |   468.1    415.8  4.49 |  0.0  0.0 1   0   0  0  0  0
  - 2.29s  A-------    1  Y   Y  1.00  0.16 1.00 -  |   468.1    415.8  0.00 |  0.0  0.0 1   0   0  1  0  0
  - 2.19s  A-------    1  Y   Y  1.00  0.25 1.00 -  |   468.1    415.8  0.00 |  0.0  0.0 0   0   0  0  0  0
  - 2.09s  A-------    1  Y   Y  1.00  0.33 1.00 -  |   468.1    415.8  0.00 |  0.0  0.0 1   0   0  1  0  0
  - 1.99s  A-------    1  Y   Y  1.00  0.42 1.00 -  |   468.1    415.8  0.00 |  0.0  0.0 0   0   0  0  0  0
  - 1.88s  A-------    1  Y   Y  1.00  0.50 1.00 -  |   468.1    415.8  0.00 |  0.0  0.0 1   0   0  1  0  0
  - 1.78s  A-------    1  Y   Y  1.00  0.59 1.00 -  |   468.1    415.8  0.00 |  0.0  0.0 0   0   0  0  0  0
  - 1.68s  A-------    1  Y   Y  1.00  0.67 1.00 -  |   468.1    415.8  0.00 |  0.0  0.0 1   0   0  1  0  0
  - 1.57s  A-------    2  Y   Y  1.00  0.75 1.00 T  |   468.4    415.7  18.15 |  0.0  0.0 0   0   0  0  0  0
  - 1.47s  A-------    2  Y   Y  1.00  0.06 1.00 -  |   468.9    415.6  0.00 |  0.0  0.0 1   0   0  1  0  0
  - 1.36s  A-------    2  Y   Y  1.00  0.12 1.00 -  |   468.9    415.6  0.00 |  0.0  0.0 1   0   0  0  0  0
  - 1.26s  A-------    2  Y   Y  1.00  0.18 1.00 -  |   468.9    415.6  0.00 |  0.0  0.0 1   0   0  1  0  0
  - 1.16s  A-------    2  Y   Y  1.00  0.24 1.00 -  |   468.9    415.6  0.00 |  0.0  0.0 1   0   0  0  0  0
  - 1.05s  A-------    2  Y   Y  1.00  0.30 1.00 -  |   468.9    415.6  0.00 |  0.0  0.0 0   0   0  0  0  0
  - 0.95s  A-------    2  Y   Y  1.00  0.36 1.00 -  |   468.9    415.6  0.00 |  0.0  0.0 1   0   0  1  0  0
  - 0.85s  A-------    2  Y   Y  1.00  0.42 1.00 -  |   468.9    415.6  0.00 |  0.0  0.0 0   0   0  0  0  0
  - 0.75s  A-------    2  Y   Y  1.00  0.47 1.00 -  |   468.9    415.6  0.00 |  0.0  0.0 1   0   0  1  0  0
  - 0.65s  A-------    2  Y   Y  1.00  0.51 1.00 -  |   468.9    415.6  0.00 |  0.0  0.0 0   0   0  0  0  0
  - 0.54s  A-------    2  Y   Y  1.00  0.57 1.00 -  |   468.9    415.6  0.00 |  0.0  0.0 0   0   0  1  0  0
  - 0.44s  A-------    2  Y   Y  1.00  0.63 1.00 -  |   468.9    415.6  0.00 |  0.0  0.0 1   0   0  0  0  0
  - 0.34s  A-------    2  Y   Y  1.00  0.69 1.00 -  |   468.9    415.6  0.00 |  0.0  0.0 0   0   0  0  0  0
  - 0.23s  A-------    2  Y   Y  1.00  0.75 1.00 -  |   468.9    415.6  0.00 |  0.0  0.0 0   0   0  0  0  0
  - 0.13s  A-------    3  Y   Y  0.00  0.06 1.00 -  |   469.8    415.4  0.00 |  0.0  0.0 0   0   0  0  0  0
  - 0.03s  A-------    3  Y   Y  1.00  0.17 1.00 -  |   470.2    415.3  0.00 |  0.0  0.0 0   0   0  0  0  0
=========================================================== END

[ 16463   94.231 x1.00] WARN The referenced script on this Behaviour (Game Object '<null>') is missing!
[ 16463   94.231 x1.00] WARN The referenced script on this Behaviour (Game Object 'Lightning Light') is missing!
[ 16463   94.231 x1.00] WARN The referenced script on this Behaviour (Game Object 'Lightning Light') is missing!
[ 16464   94.238 x1.00] LOG  [CameraGameFeel] Shake: intensity=1.10 duration=0.800s
[ 16464   94.238 x1.00] LOG  [OniBoss:Pound] SLAM at clip 0.60 (1.88 clip-s) — ring 12m/s out to 12m, 45 damage, jumpable.
[ 16488   94.378 x1.00] LOG  [Combat] Hit react: HitReact_Heavy_2Leg (0.9s)
[ 16488   94.378 x1.00] LOG  [HitReactTrace] asked for 'HitReact_Heavy_2Leg' (0.90s) — blend resolved after 0 ms, now playing a clip 0.79s long at speed 0.80, layer weight 1.00, animator.speed 1.00.
[ 16488   94.378 x1.00] LOG  [CameraGameFeel] Shake: intensity=0.60 duration=0.200s
[ 16488   94.378 x1.00] LOG  [CameraGameFeel] FOV punch: player damage (-3.0°)
[ 16488   94.378 x1.00] LOG  [OniBoss:Pound] shockwave CAUGHT Yoru (grounded) at 2.4m for 45.
[ 16625   95.291 x1.00] LOG  [Combat] Combo 1: 10 dmg
[ 16625   95.291 x1.00] LOG  [ComboTrace] START step=1 state='Combo1' queued=0 target='OniBoss' at 2.4m
[ 16625   95.291 x1.00] LOG  [ComboTrace] LAUNCH OniBoss at 1.2m dist=1.24m in 0.13s
[ 16642   95.419 x1.00] LOG  [ComboTrace] LAUNCH RESULT wanted=1.24m actually moved=0.47m — completed
[ 16653   95.486 x1.00] LOG  [OniBoss] Stagger → Chase
[ 16653   95.486 x1.00] LOG  [OniBoss:Layer] GROUND POUND: done — the engine is his again.
[ 16654   95.492 x1.00] LOG  [OniBoss] Playing animation: Watch
[ 16654   95.492 x1.00] LOG  [OniBoss] Combo started: swing1-2 (2 steps remaining)
[ 16654   95.492 x1.00] LOG  [OniBoss] Chase → Attack
[ 16654   95.492 x1.00] LOG  [OniBoss] Attack: Club_Swing (16 dmg)
[ 16654   95.492 x1.00] LOG  [OniBoss:Trail] Club_Swing trail START at clip 1.00 (transition done).
[ 16657   95.513 x1.00] LOG  [Combat] Queued click #1 (combo 1)
[ 16657   95.513 x1.00] LOG  [ComboTrace] QUEUED #1 during step 1
[ 16694   95.748 x1.00] LOG  [Combat] Queued click #2 (combo 1)
[ 16694   95.748 x1.00] LOG  [ComboTrace] QUEUED #2 during step 1
[ 16700   95.806 x1.00] LOG  [CameraGameFeel] Shake: intensity=0.20 duration=0.250s
[ 16700   95.806 x1.00] LOG  [Combat] Hit react: HitReact_Light_2Leg (0.5s)
[ 16700   95.806 x1.00] LOG  [HitReactTrace] asked for 'HitReact_Light_2Leg' (0.50s) — blend resolved after 0 ms, now playing a clip 1.23s long at speed 1.60, layer weight 1.00, animator.speed 1.00.
[ 16700   95.806 x1.00] LOG  [CameraGameFeel] Shake: intensity=0.30 duration=0.200s
[ 16700   95.806 x1.00] LOG  [CameraGameFeel] FOV punch: player damage (-2.0°)
[ 16700   95.806 x1.00] LOG  [OniBoss] Hit player for 16 (Club_Swing)
[ 16700   95.806 x1.00] LOG  [OniBoss:Touch] Club_Swing: club TOUCHED Yoru at clip 0.37 — shaft 0.62m from her body line, tip speed 172m/s, ONE FRAME EARLY (predicted). Full club hit delivered this frame.
[ 16708   95.854 x1.00] LOG  [OniBoss:ClubPos] Club_Swing at strike: club tip 3.02m up, 2.42m in front, -3.00m to his right (3.85m out from his centre). Club faces -84deg from his forward, pitch 0.41. (the ground wave is born 1.6m in front of him at 0.35m.)
[ 16708   95.854 x1.00] LOG  [OniBoss:Layer] Club_Swing: club already hit — ground wave released as VISUAL only (0 damage).
[ 16776   96.242 x1.00] LOG  [StormWeather] ⚡ strike at (475.77, 45.00, 448.95)
[ 16790   96.328 x1.00] LOG  [OniBoss] Attack → Recovery
[ 16790   96.328 x1.00] LOG  [OniBoss] Playing animation: Watch
[ 16790   96.328 x1.00] LOG  [OniBoss:Trail] trail END at clip 0.99, fading over 0.40s.
[ 16790   96.328 x1.00] LOG  [OniBoss:Strike] Club_Swing: club tip closest to Yoru at 0.49m, clip position 0.91 | damage fires at 0.42 | clip 0.84s => damage fires 410 ms BEFORE the club is closest
[ 16803   96.400 x1.00] LOG  [Combat] Combo 1: 10 dmg
[ 16803   96.400 x1.00] LOG  [ComboTrace] START step=1 state='Combo1' queued=0 target='OniBoss' at 2.0m
[ 16803   96.400 x1.00] LOG  [ComboTrace] LAUNCH OniBoss at 0.8m dist=0.84m in 0.13s
[ 16817   96.478 x1.00] LOG  [OniBoss] Recovery → Attack
[ 16817   96.478 x1.00] LOG  [OniBoss] Attack: ClubSwing2 (16 dmg)
[ 16817   96.478 x1.00] LOG  [OniBoss:Trail] ClubSwing2 trail START at clip 1.00 (transition still blending).
[ 16827   96.535 x1.00] LOG  [ComboTrace] LAUNCH RESULT wanted=0.84m actually moved=0.00m — completed
[ 16831   96.560 x1.00] WARN The referenced script on this Behaviour (Game Object '<null>') is missing!
[ 16831   96.560 x1.00] WARN The referenced script on this Behaviour (Game Object 'Lightning Light') is missing!
[ 16831   96.560 x1.00] WARN The referenced script on this Behaviour (Game Object 'Lightning Light') is missing!
[ 16873   96.813 x1.00] LOG  [CameraGameFeel] Shake: intensity=0.20 duration=0.250s
[ 16873   96.813 x1.00] LOG  [Combat] Hit react: HitReact_Heavy_2Leg (0.9s)
[ 16873   96.813 x1.00] LOG  [HitReactTrace] asked for 'HitReact_Heavy_2Leg' (0.90s) — blend resolved after 0 ms, now playing a clip 1.23s long at speed 1.60, layer weight 1.00, animator.speed 1.00.
[ 16873   96.813 x1.00] LOG  [CameraGameFeel] Shake: intensity=0.60 duration=0.200s
[ 16873   96.813 x1.00] LOG  [CameraGameFeel] FOV punch: player damage (-3.0°)
[ 16873   96.813 x1.00] LOG  [OniBoss] Hit player for 24 (ClubSwing2) [combo x1.50]
[ 16873   96.813 x1.00] LOG  [OniBoss:Touch] ClubSwing2: club TOUCHED Yoru at clip 0.29 — shaft 0.51m from her body line, tip speed 95m/s, ONE FRAME EARLY (predicted). Full club hit delivered this frame.
[ 16881   96.861 x1.00] LOG  [OniBoss:ClubPos] ClubSwing2 at strike: club tip 0.11m up, 1.76m in front, 2.48m to his right (3.04m out from his centre). Club faces 8deg from his forward, pitch -0.88. (the ground wave is born 1.6m in front of him at 0.35m.)
[ 16881   96.861 x1.00] LOG  [OniBoss:Layer] ClubSwing2: club already hit — ground wave released as VISUAL only (0 damage), finisher size x2.0.
[ 16882   96.868 x1.00] WARN The referenced script on this Behaviour (Game Object '<null>') is missing!
[ 16882   96.868 x1.00] WARN The referenced script on this Behaviour (Game Object 'Lightning Light') is missing!
[ 16882   96.868 x1.00] WARN The referenced script on this Behaviour (Game Object 'Lightning Light') is missing!
[ 17012   97.642 x1.00] LOG  [OniBoss] Attack → Recovery
[ 17012   97.642 x1.00] LOG  [OniBoss] Playing animation: Watch
[ 17012   97.642 x1.00] LOG  [OniBoss:Trail] trail END at clip 0.99, fading over 0.40s.
[ 17012   97.642 x1.00] LOG  [OniBoss:Strike] ClubSwing2: club tip closest to Yoru at 1.26m, clip position 0.30 | damage fires at 0.32 | clip 1.17s => MATCHED (within one or two frames)
[ 17029   97.736 x1.00] LOG  🚶 2-LEG JUMP
[ 17029   97.736 x1.00] LOG  🐾 Jump 1 VFX spawned!
[ 17038   97.792 x1.00] LOG  [OniBoss] Recovery → Chase
[ 17039   97.799 x1.00] LOG  [OniBoss] hold-ground: BACKSTEP 1.5m (player 2.0m)
[ 17057   97.907 x1.00] LOG  [ComboTrace] LAUNCH OniBoss at 0.7m dist=0.73m in 0.13s [AIRBORNE]
[ 17057   97.907 x1.00] LOG  [Combat] Aerial spin — 25 dmg
[ 17057   97.907 x1.00] LOG  OniBoss took 10 damage. HP: 13/500
[ 17057   97.907 x1.00] LOG  [OniBoss] Chase → HitReact
[ 17057   97.907 x1.00] LOG  [OniBoss:Layer] react tier: LIGHT (10 dmg) → 'Hit_react_light'
[ 17057   97.907 x1.00] LOG  [CameraGameFeel] Shake: intensity=0.50 duration=0.200s
[ 17057   97.907 x1.00] LOG  [CameraGameFeel] FOV punch: hit light (+1.5°)
[ 17057   97.907 x1.00] LOG  [AirPosePin] engaged, holding body at 0.910m above the transform
[ 17078   98.041 x1.00] LOG  [ComboTrace] LAUNCH RESULT wanted=0.73m actually moved=0.14m — completed
[ 17081   98.059 x1.00] LOG  OniBoss took 10 damage. HP: 3/500
[ 17081   98.059 x1.00] LOG  [OniBoss:Layer] burst: 2 hits / 20 dmg → flinch upgraded to 'HitReact_medium'
[ 17081   98.059 x1.00] LOG  [CameraGameFeel] Shake: intensity=0.18 duration=0.200s
[ 17107   98.209 x1.00] LOG  OniBoss took 10 damage. HP: 0/500
[ 17107   98.209 x1.00] LOG  💀 OniBoss died!
[ 17107   98.209 x1.00] LOG  [OniBoss] HitReact → Dead
[ 17107   98.209 x1.00] LOG  [OniBoss] Playing animation: Death
[ 17107   98.209 x1.00] LOG  [CameraGameFeel] Shake: intensity=0.18 duration=0.200s
[ 17108   98.218 x1.00] LOG  [StormWeather] fur lights back to base.
[ 17108   98.218 x1.00] LOG  [StormWeather] COZY → 'Clear' (fight over, sky clears, 3 s)
[ 17108   98.218 x1.00] LOG  [StormWeather] FIGHT OVER (he is down) - storm winding down, weather back to pre-fight.
[ 17182   98.656 x1.00] LOG  [ComboTrace] END step=3 clipProgress=0.90 clipLen=0.79s queued=0 elapsed=0.75s
[ 17183   98.661 x1.00] LOG  💨 Landing VFX spawned!
[ 17183   98.661 x1.00] LOG  ✅ LANDED! (was jump #1)
[ 17183   98.661 x1.00] LOG  [AirPosePin] released, peak correction was 0.222m
[ 17466  100.202 x1.00] LOG  [StormWeather] storm break released
[ 17467  100.208 x1.00] LOG  [BossBar] Hiding bar (enemy dead + delay elapsed)
[ 17570  100.715 x1.00] LOG  [StormWeather] storm post weight -> 0.00
[ 18703  105.854 x1.00] LOG  
==================== [FREEZE-DEBUG v3] ====================
  Reason : WASD-NOMOVE: WASD recent + speed 0.00m/s for 0.40s
  Time   : 94.889s   Frame: 18703   Snaps: 60
===========================================================

--- CURRENT STATE ---
  Flags: atk=False hvy=False dod=False dsh=False
         grd=False hit=False aerial=False lockPos=False
         comboStep=3
  Anim : speed=1.00  combatLayer hash=-792875657 normT=7.188 weight=1.00 inTransition=False
  CC   : grounded=True  enabled=True  pos=(470.36, -0.02, 415.01)  vel=(0.00, 0.00, 0.00)
  Move : IsRunning=False
  Input: H=0.00 V=0.00  LMB=False MMB=False Q=False Sp=False Sh=False C=False
         WASD pressed in last 0.5s: True (last 0.19s ago)

--- FLIGHT RECORDER (60 snapshots, oldest first, dt=0.10s) ---
  Legend: flags = A(tk) H(vy) D(od) S(sh) G(rd) R(eact) Y(aerial) L(ock)   gnd/cc: Y/n
  t-now    flags     step gnd cc anSp normT layW tr | posX     posZ     spd   | H    V    LMB MMB Q  Sp Sh C
  ------   --------  ---- --- -- ---- ----- ---- -- | -----    -----    ----  | ---- ---- --- --- -- -- -- -
  - 6.09s  --------    3  Y   Y  1.00  1.10 1.00 -  |   471.0    415.1  0.00 |  0.0  0.0 0   0   0  0  0  0
  - 5.99s  --------    3  Y   Y  1.00  1.20 1.00 -  |   471.0    415.1  0.00 |  0.0  0.0 0   0   0  0  0  0
  - 5.89s  --------    3  Y   Y  1.00  1.30 1.00 -  |   471.0    415.1  0.00 |  0.0  0.0 0   0   0  0  0  0
  - 5.78s  --------    3  Y   Y  1.00  1.41 1.00 -  |   471.0    415.1  0.00 |  0.0  0.0 0   0   0  0  0  0
  - 5.68s  --------    3  Y   Y  1.00  1.51 1.00 -  |   471.0    415.1  0.00 |  0.0  0.0 0   0   0  0  0  0
  - 5.57s  --------    3  Y   Y  1.00  1.61 1.00 -  |   471.0    415.1  0.00 |  0.0  0.0 0   0   0  0  0  0
  - 5.47s  --------    3  Y   Y  1.00  1.72 1.00 -  |   471.0    415.1  0.00 |  0.0  0.0 0   0   0  0  0  0
  - 5.37s  --------    3  Y   Y  1.00  1.82 1.00 -  |   471.0    415.1  0.00 |  0.0  0.0 0   0   0  0  0  0
  - 5.27s  --------    3  Y   Y  1.00  1.92 1.00 -  |   471.0    415.1  0.00 |  0.0  0.0 0   0   0  0  0  0
  - 5.16s  --------    3  Y   Y  1.00  2.02 1.00 -  |   471.0    415.1  0.00 |  0.0  0.0 0   0   0  0  0  0
  - 5.06s  --------    3  Y   Y  1.00  2.13 1.00 -  |   471.0    415.1  0.00 |  0.0  0.0 0   0   0  0  0  0
  - 4.96s  --------    3  Y   Y  1.00  2.23 1.00 -  |   471.0    415.1  0.00 |  0.0  0.0 0   0   0  0  0  0
  - 4.86s  --------    3  Y   Y  1.00  2.33 1.00 -  |   471.0    415.1  0.00 |  0.0  0.0 0   0   0  0  0  0
  - 4.76s  --------    3  Y   Y  1.00  2.43 1.00 -  |   471.0    415.1  0.00 |  0.0  0.0 0   0   0  0  0  0
  - 4.65s  --------    3  Y   Y  1.00  2.53 1.00 -  |   471.0    415.1  0.00 |  0.0  0.0 0   0   0  0  0  0
  - 4.55s  --------    3  Y   Y  1.00  2.64 1.00 -  |   471.0    415.1  0.00 |  0.0  0.0 0   0   0  0  0  0
  - 4.45s  --------    3  Y   Y  1.00  2.74 1.00 -  |   471.0    415.1  0.00 |  0.0  0.0 0   0   0  0  0  0
  - 4.35s  --------    3  Y   Y  1.00  2.84 1.00 -  |   471.0    415.1  0.00 |  0.0  0.0 0   0   0  0  0  0
  - 4.24s  --------    3  Y   Y  1.00  2.95 1.00 -  |   471.0    415.1  0.00 |  0.0  0.0 0   0   0  0  0  0
  - 4.14s  --------    3  Y   Y  1.00  3.05 1.00 -  |   471.0    415.1  0.00 |  0.0  0.0 0   0   0  0  0  0
  - 4.04s  --------    3  Y   Y  1.00  3.15 1.00 -  |   471.0    415.1  0.00 |  0.0  0.0 0   0   0  0  0  0
  - 3.93s  --------    3  Y   Y  1.00  3.26 1.00 -  |   471.0    415.1  0.00 |  0.0  0.0 0   0   0  0  0  0
  - 3.83s  --------    3  Y   Y  1.00  3.36 1.00 -  |   471.0    415.1  0.00 |  0.0  0.0 0   0   0  0  0  0
  - 3.73s  --------    3  Y   Y  1.00  3.46 1.00 -  |   471.0    415.1  0.00 |  0.0  0.0 0   0   0  0  0  0
  - 3.62s  --------    3  Y   Y  1.00  3.57 1.00 -  |   471.0    415.1  0.00 |  0.0  0.0 0   0   0  0  0  0
  - 3.52s  --------    3  Y   Y  1.00  3.67 1.00 -  |   471.0    415.1  0.00 |  0.0  0.0 0   0   0  0  0  0
  - 3.42s  --------    3  Y   Y  1.00  3.76 1.00 -  |   471.0    415.1  0.00 |  0.0  0.0 0   0   0  0  0  0
  - 3.32s  --------    3  Y   Y  1.00  3.87 1.00 -  |   471.0    415.1  0.00 |  0.0  0.0 0   0   0  0  0  0
  - 3.21s  --------    3  Y   Y  1.00  3.97 1.00 -  |   471.0    415.1  0.00 |  0.0  0.0 0   0   0  0  0  0
  - 3.11s  --------    3  Y   Y  1.00  4.08 1.00 -  |   471.0    415.1  0.00 |  0.0  0.0 0   0   0  0  0  0
  - 3.01s  --------    3  Y   Y  1.00  4.18 1.00 -  |   471.0    415.1  0.00 |  0.0  0.0 0   0   0  0  0  0
  - 2.91s  --------    3  Y   Y  1.00  4.28 1.00 -  |   471.0    415.1  0.00 |  0.0  0.0 0   0   0  0  0  0
  - 2.80s  --------    3  Y   Y  1.00  4.38 1.00 -  |   471.0    415.1  0.00 |  0.0  0.0 0   0   0  0  0  0
  - 2.70s  --------    3  Y   Y  1.00  4.49 1.00 -  |   471.0    415.1  0.00 |  0.0  0.0 0   0   0  0  0  0
  - 2.60s  --------    3  Y   Y  1.00  4.59 1.00 -  |   471.0    415.1  0.00 |  0.0  0.0 0   0   0  0  0  0
  - 2.50s  --------    3  Y   Y  1.00  4.69 1.00 -  |   471.0    415.1  0.00 |  0.0  0.0 0   0   0  0  0  0
  - 2.40s  --------    3  Y   Y  1.00  4.79 1.00 -  |   471.0    415.1  0.00 |  0.0  0.0 0   0   0  0  0  0
  - 2.29s  --------    3  Y   Y  1.00  4.90 1.00 -  |   471.0    415.1  0.00 |  0.0  0.0 0   0   0  0  0  0
  - 2.19s  --------    3  Y   Y  1.00  5.00 1.00 -  |   471.0    415.1  0.00 |  0.0  0.0 0   0   0  0  0  0
  - 2.09s  --------    3  Y   Y  1.00  5.10 1.00 -  |   471.0    415.1  0.00 |  0.0  0.0 0   0   0  0  0  0
  - 1.99s  --------    3  Y   Y  1.00  5.20 1.00 -  |   471.0    415.1  0.00 |  0.0  0.0 0   0   0  0  0  0
  - 1.89s  --------    3  Y   Y  1.00  5.30 1.00 -  |   471.0    415.1  0.00 |  0.0  0.0 0   0   0  0  0  0
  - 1.78s  --------    3  Y   Y  1.00  5.41 1.00 -  |   471.0    415.1  0.00 |  0.0  0.0 0   0   0  0  0  0
  - 1.68s  --------    3  Y   Y  1.00  5.51 1.00 -  |   471.0    415.1  0.00 |  0.0  0.0 0   0   0  0  0  0
  - 1.58s  --------    3  Y   Y  1.00  5.61 1.00 -  |   471.0    415.1  0.00 |  0.0  0.0 0   0   0  0  0  0
  - 1.48s  --------    3  Y   Y  1.00  5.71 1.00 -  |   471.0    415.1  0.00 |  0.0  0.0 0   0   0  0  0  0
  - 1.37s  --------    3  Y   Y  1.00  5.81 1.00 -  |   471.0    415.1  0.00 |  0.0  0.0 0   0   0  0  0  0
  - 1.27s  --------    3  Y   Y  1.00  5.92 1.00 -  |   471.0    415.1  0.00 |  0.0  0.0 0   0   0  0  0  0
  - 1.17s  --------    3  Y   Y  1.00  6.02 1.00 -  |   471.0    415.1  0.00 |  0.0  0.0 0   0   0  0  0  0
  - 1.07s  --------    3  Y   Y  1.00  6.12 1.00 -  |   471.0    415.1  0.00 |  0.0  0.0 0   0   0  0  0  0
  - 0.97s  --------    3  Y   Y  1.00  6.22 1.00 -  |   471.0    415.1  0.00 |  0.0  0.0 0   0   0  0  0  0
  - 0.86s  --------    3  Y   Y  1.00  6.33 1.00 -  |   471.0    415.1  0.00 |  0.0  0.0 0   0   0  0  0  0
  - 0.76s  --------    3  Y   Y  1.00  6.43 1.00 -  |   471.0    415.1  0.00 |  0.0  0.0 0   0   0  0  0  0
  - 0.66s  --------    3  Y   Y  1.00  6.53 1.00 -  |   471.0    415.1  0.00 |  0.0  0.0 0   0   0  0  0  0
  - 0.56s  --------    3  Y   Y  1.00  6.63 1.00 -  |   471.0    415.1  0.00 |  0.0  0.0 0   0   0  0  0  0
  - 0.45s  --------    3  Y   Y  1.00  6.74 1.00 -  |   471.0    415.1  0.00 |  0.0  0.0 0   0   0  0  0  0
  - 0.35s  --------    3  Y   Y  1.00  6.84 1.00 -  |   471.0    415.1  0.00 |  0.0 -1.0 0   0   0  0  0  0
  - 0.25s  --------    3  Y   Y  1.00  6.94 1.00 -  |   470.8    415.1  0.00 |  0.0 -1.0 0   0   0  0  0  0
  - 0.15s  --------    3  Y   Y  1.00  7.04 1.00 -  |   470.6    415.0  0.00 |  0.0  0.0 0   0   0  0  0  0
  - 0.04s  --------    3  Y   Y  1.00  7.14 1.00 -  |   470.4    415.0  0.00 |  0.0  0.0 0   0   0  0  0  0
=========================================================== END

[ 21849  120.906 x1.00] LOG  [StormWeather] terrain layers restored to dry values.
# end — 1085 lines
