# Oni combat log — 2026-09-07 11:23:53
# Unity 6000.2.7f2 | scene 'CaveScene_Oni_Boss1' | platform OSXEditor
# columns: [frame realSeconds timeScale] KIND message      (KIND: LOG WARN ERR EXC TEL)
#
[     0    0.000 x1.00] LOG  [OniLog] console + telemetry → /Users/asenahazal/Documents/Yoru/OniLogs/oni_2026-09-07_11-23-53.log
[     1    0.000 x1.00] LOG  [BossBar] BossHealthBarUI initialized
[     1    0.000 x1.00] LOG  [TailAirShot4Leg] Ready. drawState=shoot_4Leg castParam=Shoot4LegSpeed (found) readyFrame=5 fireFrame=10 frames=24 slowBudget=3s real damageMultiplier=2.00
  arrow leaves: PlayerYoru_1.1/Cat_All_10_Tails_v4/Group/DeformationSystem/root/Root_M/Tail15_R/Tail151_R/Tail152_R/Tail153_R/Tail154_R/Tail155_R/Tail156_R/Tail157_R/Tail158_R/Tail159_R/Tail1510_R/Tail1511_R/Tail1512_R/Tail6_R/Tail6_R_end/Tail6_R_end_end/Tail6_R_end_end_end/RightTailTip_Anchor
  aim VFX left:  PlayerYoru_1.1/Cat_All_10_Tails_v4/Group/DeformationSystem/root/Root_M/Tail15_L/Tail151_L/Tail152_L/Tail153_L/Tail154_L/Tail155_L/Tail156_L/Tail157_L/Tail158_L/Tail159_L/Tail1510_L/Tail1511_L/Tail1512_L/Tail6_L/Tail6_L_end/Tail6_L_end_end/Tail6_L_end_end_end/LeftTailTip_Anchor/Glow_4Leg_L
  aim VFX right: PlayerYoru_1.1/Cat_All_10_Tails_v4/Group/DeformationSystem/root/Root_M/Tail15_R/Tail151_R/Tail152_R/Tail153_R/Tail154_R/Tail155_R/Tail156_R/Tail157_R/Tail158_R/Tail159_R/Tail1510_R/Tail1511_R/Tail1512_R/Tail6_R/Tail6_R_end/Tail6_R_end_end/Tail6_R_end_end_end/RightTailTip_Anchor/Glow_4Leg_R
[     1    0.000 x1.00] LOG  [TailAirShot] Ready. drawState=RightTail_Fast castParam=TailCastSpeed (found)
  arrow leaves: PlayerYoru_1.1/Cat_All_10_Tails_v4/Group/DeformationSystem/root/Root_M/Tail15_R/Tail151_R/Tail152_R/Tail153_R/Tail154_R/Tail155_R/Tail156_R/Tail157_R/Tail158_R/Tail159_R/Tail1510_R/Tail1511_R/Tail1512_R/Tail6_R/Tail6_R_end/Tail6_R_end_end/Tail6_R_end_end_end/RightTailTip_Anchor
  aim VFX: PlayerYoru_1.1/Cat_All_10_Tails_v4/Group/DeformationSystem/root/Root_M/Tail15_R/Tail151_R/Tail152_R/Tail153_R/Tail154_R/Tail155_R/Tail156_R/Tail157_R/Tail158_R/Tail159_R/Tail1510_R/Tail1511_R/Tail1512_R/Tail6_R/Tail6_R_end/Tail6_R_end_end/Tail6_R_end_end_end/RightTailTip_Anchor/vfx_Muzzle_Fireball01Blue
[     1    0.000 x1.00] LOG  [PlayerCombat] Phase 2 form gate CONNECTED (FormController found on this GameObject).
[     1    0.000 x1.00] LOG  [Combat] PlayerCombat initialized — Phase 3C v27
[     1    0.000 x1.00] LOG  [RingMesh] VFX Status:
[     1    0.000 x1.00] LOG    Left: Prefab=✓, Spawn=Tail6_L_end_end_end
[     1    0.000 x1.00] LOG    Right: Prefab=✓, Spawn=Tail6_R_end_end_end
[     1    0.000 x1.00] LOG  === VFX MANAGER INITIALIZED ===
[     1    0.000 x1.00] LOG  Auto-detect animations: False
[     1    0.000 x1.00] LOG  Parent effects to tail: True
[     1    0.000 x1.00] LOG  Prefabs: Jump=True, Land=True, LTail=True, RTail=True
[     1    0.000 x1.00] LOG  ✅ Left Tail Tip: LeftTailVFX
[     1    0.000 x1.00] LOG  ✅ Right Tail Tip: RightTailTip_Anchor
[     1    0.000 x1.00] LOG  [StormWeather] layer 'TerrainLayer_Dirt_01' dry smoothness=0.00 (restore to this if a crash ever leaves it wet)
[     1    0.000 x1.00] LOG  [StormWeather] post volumes ready on layer 9 (storm priority 10, flash priority 11).
[     1    0.000 x1.00] LOG  [StormWeather] COZY bridge: Rain_Cave retired — COZY owns the rain now.
[     1    0.000 x1.00] LOG  [StormWeather] COZY → 'Clear' (pre-fight - open sky, 0 s)
[     1    0.000 x1.00] LOG  [StormWeather] Ready. Open sky, dry floor. Waiting for the fight.
[     1    0.000 x1.00] LOG  [FreezeDebug v3] Armed. Manual=L. Auto=True. Buffer=60 snaps @ 0.1s = 6.0s history.
[     1    0.000 x1.00] LOG  OniBoss initialized with 500 HP
[     1    0.000 x1.00] LOG  [OniBoss] ANIMATOR SETUP: cullingMode=CullUpdateTransforms updateMode=Normal applyRootMotion=False speed=1
[     1    0.000 x1.00] LOG  [OniBoss] Initialized
[     1    0.000 x1.00] LOG  [OniBoss:Layer] facing: minFlat 1m, snapOnAttack off, trackInHitReact off
[     1    0.000 x1.00] LOG  [OniBoss:Layer] Yoru launch model ON: launches ALL THE WAY to an enemy within 4.7m of its surface at 10m/s (stop gap 0.00m, NO minimum distance), else steps 0.90m forward. Targeting cone left exactly as her prefab has it.
[     1    0.000 x1.00] LOG  [OniBoss:Layer] Yoru launch ROUND 9: airborne attacks launch too (ON), edge probe now runs on its OWN layer mask (Everything) instead of the line-of-sight mask - the Ground-only mask found no floor in this cave and was cancelling 100% of launches at 0.00m travelled.
[     1    0.000 x1.00] LOG  [OniBoss:Layer] animator speed x1.35 — his 1.13s swing now plays in 0.84s.
[     1    0.000 x1.00] LOG  [OniBoss:Layer] chase speed pushed: phase1 4.5, phase2 5.5 (Yoru runs at 7).
[     1    0.000 x1.00] LOG  [OniBoss:Layer] ground wave ON (round 38): half the club's damage on TOUCH, 12m/s x 6.0m from 1.6m in front at 0.35m height — a club hit cancels that swing's wave, jumping clears it. Per-attack effects come from the Swing Wave VFX By Attack rows. PlayerHealth found, PlayerMovement found.
[     1    0.000 x1.00] LOG  [StormWeather] storm break HELD (waiting for the lightning beat)
[     1    0.000 x1.00] LOG  [OniBoss:Layer] storm break HELD — it releases at the lightning-on-the-club beat.
[     1    0.000 x1.00] LOG  [OniBoss:Layer] club tracking ON — tip 'Kanabo3' (depth 4), shaft root 'kanabo'.
[     1    0.000 x1.00] LOG  [OniBoss:Layer] skinned meshes: 46 renderer(s), updateWhenOffscreen ON, body renderer 'Body' rootBone 'Hips'
[     1    0.000 x1.00] LOG  [OniBoss:Layer] charge travel bone: 'Hips' at depth 1 under 'OniBoss', rest local (0.00, 3.24, -0.24)
[     1    0.000 x1.00] LOG  [OniBoss:Layer] anti-kite ON: thrown swing after 4s of failed chase (within 7.6m), charge after 6s.
[     1    0.000 x1.00] LOG  [OniBoss:Layer] charge drive ON (windup to 0.40 at x1.3, rush 14m/s stops at 2.6m, steers 0.35s then commits, strike section from 0.58, strike moment 0.76, trail VFX off)
[     1    0.000 x1.00] LOG  [OniBoss:Layer] attack armor ON (his swings are not interrupted by light/medium hits; heavy hits and rapid-hit bursts still stop him)
[     1    0.000 x1.00] LOG  [OniBoss:Layer] strike moments overridden: Club_Swing=0.42 ClubSwing2=0.32 ClubSlam=0.85 KanaboSweep=0.48
[     1    0.000 x1.00] LOG  [OniBoss:Layer] club TOUCH hits ON (radius 0.70m, min tip speed 50m/s, armed from 0.20 of the clip): Club_Swing ClubSwing2 ClubSlam KanaboSweep. First touch wins — club full damage, wave half, one hit per swing.
[     1    0.000 x1.00] LOG  [OniBoss:Layer] combo damage ramp ON: mid x1.25, finisher x1.50 — finisher wave carries FULL damage at x2.0 size, x2.0 travel.
[     1    0.000 x1.00] LOG  [OniBoss:Layer] charge follow-up ON: 90 % of solo charges chain into a random melee finisher.
[     1    0.000 x1.00] LOG  [OniBoss:Layer] hold-ground ON (backstep 1.5m @ 1.6m/s after own attacks, watch 'Watch', attack facing LOCKED)
[     1    0.000 x1.00] LOG  [OniBoss:Layer] OniBoss layer ready (reactions, wake-on-hit, watch stance, boss bar). player=found
[     1    0.000 x1.00] LOG  [OniBoss:Layer] charge clip 'Oni Charge.fbx' imports with Root Motion Node = None (in place) — good.
[     1    0.000 x1.00] LOG  [OniBoss:Layer] clips importing with Root Transform Position (Y) NOT baked into pose (12): Oni_Alert(Oni Alert), Club_Slam(Oni Club Slam), Club_Swing(Oni Club Swing), Club_swing2(Oni Club Swing 2), Death(Oni Death Kneel), Hit_react_light(Oni Hit react lighter light), KanaboSweep(Oni Kanabo sweep), Phase_Transition(Oni Phase transition), run(Oni Run), Walk(Oni Walk), Watch(Oni Watch), Idle(Oni Idle) — their hips' up/down motion is stripped (see round notes; optional).
[     1    0.000 x1.00] LOG  [VolumetricFogController] applyPresets is OFF in this scene. The Volumetric Fog component keeps its hand-set inspector values.
[     1    0.000 x1.00] LOG  [CameraGameFeel] CameraGameFeel initialized (shake + FOV)
[     1    2.257 x1.00] LOG  [OniBoss] Playing animation: Idle
[     1    2.257 x1.00] LOG  [OniBoss:Layer] watch stance ON (player 13.4m)
[    78    3.151 x1.00] LOG  💨 Landing VFX spawned!
[    78    3.151 x1.00] LOG  ✅ LANDED! (was jump #0)
[   418    4.742 x1.00] LOG  
==================== [FREEZE-DEBUG v3] ====================
  Reason : WASD-NOMOVE: WASD recent + speed 0.00m/s for 0.40s
  Time   : 2.014s   Frame: 418   Snaps: 20
===========================================================

--- CURRENT STATE ---
  Flags: atk=False hvy=False dod=False dsh=False
         grd=False hit=False aerial=False lockPos=False
         comboStep=0
  Anim : speed=1.00  combatLayer hash=-792875657 normT=2.008 weight=1.00 inTransition=False
  CC   : grounded=True  enabled=True  pos=(474.50, -0.02, 426.11)  vel=(0.00, 0.00, 0.00)
  Move : IsRunning=True
  Input: H=0.00 V=-1.00  LMB=False MMB=False Q=False Sp=False Sh=True C=False
         WASD pressed in last 0.5s: True (last 0.00s ago)

--- FLIGHT RECORDER (20 snapshots, oldest first, dt=0.10s) ---
  Legend: flags = A(tk) H(vy) D(od) S(sh) G(rd) R(eact) Y(aerial) L(ock)   gnd/cc: Y/n
  t-now    flags     step gnd cc anSp normT layW tr | posX     posZ     spd   | H    V    LMB MMB Q  Sp Sh C
  ------   --------  ---- --- -- ---- ----- ---- -- | -----    -----    ----  | ---- ---- --- --- -- -- -- -
  - 2.01s  --------    0  n   Y  1.00  0.00 1.00 -  |   474.5    427.2  0.00 |  0.0  0.0 0   0   0  0  0  0
  - 1.91s  --------    0  n   Y  1.00  0.10 1.00 -  |   474.5    427.2  0.00 |  0.0  0.0 0   0   0  0  0  0
  - 1.81s  --------    0  n   Y  1.00  0.20 1.00 -  |   474.5    427.2  0.00 |  0.0  0.0 0   0   0  0  0  0
  - 1.70s  --------    0  n   Y  1.00  0.31 1.00 -  |   474.5    427.2  0.00 |  0.0  0.0 0   0   0  0  0  0
  - 1.60s  --------    0  n   Y  1.00  0.41 1.00 -  |   474.5    427.2  0.00 |  0.0  0.0 0   0   0  0  0  0
  - 1.50s  --------    0  Y   Y  1.00  0.51 1.00 -  |   474.5    427.2  0.00 |  0.0  0.0 0   0   0  0  0  0
  - 1.39s  --------    0  Y   Y  1.00  0.62 1.00 -  |   474.5    427.2  0.00 |  0.0  0.0 0   0   0  0  0  0
  - 1.29s  --------    0  Y   Y  1.00  0.72 1.00 -  |   474.5    427.2  0.00 |  0.0  0.0 0   0   0  0  0  0
  - 1.19s  --------    0  Y   Y  1.00  0.82 1.00 -  |   474.5    427.2  0.00 |  0.0  0.0 0   0   0  0  0  0
  - 1.09s  --------    0  Y   Y  1.00  0.92 1.00 -  |   474.5    427.2  0.00 |  0.0  0.0 0   0   0  0  0  0
  - 0.99s  --------    0  Y   Y  1.00  1.02 1.00 -  |   474.5    427.2  0.00 |  0.0  0.0 0   0   0  0  0  0
  - 0.89s  --------    0  Y   Y  1.00  1.12 1.00 -  |   474.5    427.2  0.00 |  0.0  0.0 0   0   0  0  0  0
  - 0.78s  --------    0  Y   Y  1.00  1.23 1.00 -  |   474.5    427.2  0.00 |  0.0  0.0 0   0   0  0  0  0
  - 0.68s  --------    0  Y   Y  1.00  1.33 1.00 -  |   474.5    427.2  0.00 |  0.0  0.0 0   0   0  0  0  0
  - 0.58s  --------    0  Y   Y  1.00  1.43 1.00 -  |   474.5    427.2  0.00 |  0.0  0.0 0   0   0  0  0  0
  - 0.48s  --------    0  Y   Y  1.00  1.53 1.00 -  |   474.5    427.2  0.00 |  0.0  0.0 0   0   0  0  0  0
  - 0.37s  --------    0  Y   Y  1.00  1.63 1.00 -  |   474.5    427.2  0.00 |  0.0 -1.0 0   0   0  0  0  0
  - 0.27s  --------    0  Y   Y  1.00  1.74 1.00 -  |   474.5    427.0  0.00 |  0.0 -1.0 0   0   0  0  0  0
  - 0.17s  --------    0  Y   Y  1.00  1.84 1.00 -  |   474.5    426.8  0.00 |  0.0 -1.0 0   0   0  0  0  0
  - 0.07s  --------    0  Y   Y  1.00  1.94 1.00 -  |   474.5    426.5  0.00 |  0.0 -1.0 0   0   0  0  1  0
=========================================================== END

[   508    5.192 x1.00] LOG  [OniBoss:Layer] watch stance OFF, back to Idle (player 16.5m)
[  3557   20.723 x1.00] LOG  
==================== [FREEZE-DEBUG v3] ====================
  Reason : WASD-NOMOVE: WASD recent + speed 0.00m/s for 0.40s
  Time   : 17.995s   Frame: 3557   Snaps: 60
===========================================================

--- CURRENT STATE ---
  Flags: atk=False hvy=False dod=False dsh=False
         grd=False hit=False aerial=False lockPos=False
         comboStep=0
  Anim : speed=1.00  combatLayer hash=-792875657 normT=17.990 weight=1.00 inTransition=False
  CC   : grounded=True  enabled=True  pos=(469.78, -0.02, 418.50)  vel=(0.00, 0.00, 0.00)
  Move : IsRunning=True
  Input: H=0.00 V=1.00  LMB=False MMB=False Q=False Sp=False Sh=True C=False
         WASD pressed in last 0.5s: True (last 0.00s ago)

--- FLIGHT RECORDER (60 snapshots, oldest first, dt=0.10s) ---
  Legend: flags = A(tk) H(vy) D(od) S(sh) G(rd) R(eact) Y(aerial) L(ock)   gnd/cc: Y/n
  t-now    flags     step gnd cc anSp normT layW tr | posX     posZ     spd   | H    V    LMB MMB Q  Sp Sh C
  ------   --------  ---- --- -- ---- ----- ---- -- | -----    -----    ----  | ---- ---- --- --- -- -- -- -
  - 6.14s  --------    0  Y   Y  1.00 11.86 1.00 -  |   469.8    417.6  0.00 |  0.0  0.0 0   0   0  0  0  0
  - 6.03s  --------    0  Y   Y  1.00 11.96 1.00 -  |   469.8    417.6  0.00 |  0.0  0.0 0   0   0  0  0  0
  - 5.93s  --------    0  Y   Y  1.00 12.06 1.00 -  |   469.8    417.6  0.00 |  0.0  0.0 0   0   0  0  0  0
  - 5.83s  --------    0  Y   Y  1.00 12.17 1.00 -  |   469.8    417.6  0.00 |  0.0  0.0 0   0   0  0  0  0
  - 5.72s  --------    0  Y   Y  1.00 12.27 1.00 -  |   469.8    417.6  0.00 |  0.0  0.0 0   0   0  0  0  0
  - 5.62s  --------    0  Y   Y  1.00 12.37 1.00 -  |   469.8    417.6  0.00 |  0.0  0.0 0   0   0  0  0  0
  - 5.52s  --------    0  Y   Y  1.00 12.47 1.00 -  |   469.8    417.6  0.00 |  0.0  0.0 0   0   0  0  0  0
  - 5.41s  --------    0  Y   Y  1.00 12.58 1.00 -  |   469.8    417.6  0.00 |  0.0  0.0 0   0   0  0  0  0
  - 5.31s  --------    0  Y   Y  1.00 12.68 1.00 -  |   469.8    417.6  0.00 |  0.0  0.0 0   0   0  0  0  0
  - 5.21s  --------    0  Y   Y  1.00 12.79 1.00 -  |   469.8    417.6  0.00 |  0.0  0.0 0   0   0  0  0  0
  - 5.10s  --------    0  Y   Y  1.00 12.89 1.00 -  |   469.8    417.6  0.00 |  0.0  0.0 0   0   0  0  0  0
  - 5.00s  --------    0  Y   Y  1.00 12.99 1.00 -  |   469.8    417.6  0.00 |  0.0  0.0 0   0   0  0  0  0
  - 4.89s  --------    0  Y   Y  1.00 13.10 1.00 -  |   469.8    417.6  0.00 |  0.0  0.0 0   0   0  0  0  0
  - 4.79s  --------    0  Y   Y  1.00 13.20 1.00 -  |   469.8    417.6  0.00 |  0.0  0.0 0   0   0  0  0  0
  - 4.69s  --------    0  Y   Y  1.00 13.30 1.00 -  |   469.8    417.6  0.00 |  0.0  0.0 0   0   0  0  0  0
  - 4.59s  --------    0  Y   Y  1.00 13.40 1.00 -  |   469.8    417.6  0.00 |  0.0  0.0 0   0   0  0  0  0
  - 4.48s  --------    0  Y   Y  1.00 13.51 1.00 -  |   469.8    417.6  0.00 |  0.0  0.0 0   0   0  0  0  0
  - 4.38s  --------    0  Y   Y  1.00 13.61 1.00 -  |   469.8    417.6  0.00 |  0.0  0.0 0   0   0  0  0  0
  - 4.28s  --------    0  Y   Y  1.00 13.71 1.00 -  |   469.8    417.6  0.00 |  0.0  0.0 0   0   0  0  0  0
  - 4.18s  --------    0  Y   Y  1.00 13.81 1.00 -  |   469.8    417.6  0.00 |  0.0  0.0 0   0   0  0  0  0
  - 4.07s  --------    0  Y   Y  1.00 13.92 1.00 -  |   469.8    417.6  0.00 |  0.0  0.0 0   0   0  0  0  0
  - 3.97s  --------    0  Y   Y  1.00 14.02 1.00 -  |   469.8    417.6  0.00 |  0.0  0.0 0   0   0  0  0  0
  - 3.86s  --------    0  Y   Y  1.00 14.12 1.00 -  |   469.8    417.6  0.00 |  0.0  0.0 0   0   0  0  0  0
  - 3.75s  --------    0  Y   Y  1.00 14.24 1.00 -  |   469.8    417.6  0.00 |  0.0  0.0 0   0   0  0  0  0
  - 3.65s  --------    0  Y   Y  1.00 14.34 1.00 -  |   469.8    417.6  0.00 |  0.0  0.0 0   0   0  0  0  0
  - 3.55s  --------    0  Y   Y  1.00 14.44 1.00 -  |   469.8    417.6  0.00 |  0.0  0.0 0   0   0  0  0  0
  - 3.44s  --------    0  Y   Y  1.00 14.55 1.00 -  |   469.8    417.6  0.00 |  0.0  0.0 0   0   0  0  0  0
  - 3.34s  --------    0  Y   Y  1.00 14.65 1.00 -  |   469.8    417.6  0.00 |  0.0  0.0 0   0   0  0  0  0
  - 3.24s  --------    0  Y   Y  1.00 14.75 1.00 -  |   469.8    417.6  0.00 |  0.0  0.0 0   0   0  0  0  0
  - 3.14s  --------    0  Y   Y  1.00 14.85 1.00 -  |   469.8    417.6  0.00 |  0.0  0.0 0   0   0  0  0  0
  - 3.04s  --------    0  Y   Y  1.00 14.95 1.00 -  |   469.8    417.6  0.00 |  0.0  0.0 0   0   0  0  0  0
  - 2.93s  --------    0  Y   Y  1.00 15.06 1.00 -  |   469.8    417.6  0.00 |  0.0  0.0 0   0   0  0  0  0
  - 2.83s  --------    0  Y   Y  1.00 15.16 1.00 -  |   469.8    417.6  0.00 |  0.0  0.0 0   0   0  0  0  0
  - 2.73s  --------    0  Y   Y  1.00 15.26 1.00 -  |   469.8    417.6  0.00 |  0.0  0.0 0   0   0  0  0  0
  - 2.63s  --------    0  Y   Y  1.00 15.36 1.00 -  |   469.8    417.6  0.00 |  0.0  0.0 0   0   0  0  0  0
  - 2.53s  --------    0  Y   Y  1.00 15.46 1.00 -  |   469.8    417.6  0.00 |  0.0  0.0 0   0   0  0  0  0
  - 2.43s  --------    0  Y   Y  1.00 15.56 1.00 -  |   469.8    417.6  0.00 |  0.0  0.0 0   0   0  0  0  0
  - 2.32s  --------    0  Y   Y  1.00 15.67 1.00 -  |   469.8    417.6  0.00 |  0.0  0.0 0   0   0  0  0  0
  - 2.22s  --------    0  Y   Y  1.00 15.77 1.00 -  |   469.8    417.6  0.00 |  0.0  0.0 0   0   0  0  0  0
  - 2.12s  --------    0  Y   Y  1.00 15.87 1.00 -  |   469.8    417.6  0.00 |  0.0  0.0 0   0   0  0  0  0
  - 2.01s  --------    0  Y   Y  1.00 15.98 1.00 -  |   469.8    417.6  0.00 |  0.0  0.0 0   0   0  0  0  0
  - 1.91s  --------    0  Y   Y  1.00 16.08 1.00 -  |   469.8    417.6  0.00 |  0.0  0.0 0   0   0  0  0  0
  - 1.81s  --------    0  Y   Y  1.00 16.18 1.00 -  |   469.8    417.6  0.00 |  0.0  0.0 0   0   0  0  0  0
  - 1.70s  --------    0  Y   Y  1.00 16.29 1.00 -  |   469.8    417.6  0.00 |  0.0  0.0 0   0   0  0  0  0
  - 1.60s  --------    0  Y   Y  1.00 16.39 1.00 -  |   469.8    417.6  0.00 |  0.0  0.0 0   0   0  0  0  0
  - 1.50s  --------    0  Y   Y  1.00 16.49 1.00 -  |   469.8    417.6  0.00 |  0.0  0.0 0   0   0  0  0  0
  - 1.39s  --------    0  Y   Y  1.00 16.60 1.00 -  |   469.8    417.6  0.00 |  0.0  0.0 0   0   0  0  0  0
  - 1.29s  --------    0  Y   Y  1.00 16.70 1.00 -  |   469.8    417.6  0.00 |  0.0  0.0 0   0   0  0  0  0
  - 1.19s  --------    0  Y   Y  1.00 16.80 1.00 -  |   469.8    417.6  0.00 |  0.0  0.0 0   0   0  0  0  0
  - 1.08s  --------    0  Y   Y  1.00 16.91 1.00 -  |   469.8    417.6  0.00 |  0.0  0.0 0   0   0  0  0  0
  - 0.98s  --------    0  Y   Y  1.00 17.01 1.00 -  |   469.8    417.6  0.00 |  0.0  0.0 0   0   0  0  0  0
  - 0.88s  --------    0  Y   Y  1.00 17.11 1.00 -  |   469.8    417.6  0.00 |  0.0  0.0 0   0   0  0  0  0
  - 0.77s  --------    0  Y   Y  1.00 17.22 1.00 -  |   469.8    417.6  0.00 |  0.0  0.0 0   0   0  0  0  0
  - 0.67s  --------    0  Y   Y  1.00 17.32 1.00 -  |   469.8    417.6  0.00 |  0.0  0.0 0   0   0  0  0  0
  - 0.57s  --------    0  Y   Y  1.00 17.42 1.00 -  |   469.8    417.6  0.00 |  0.0  0.0 0   0   0  0  0  0
  - 0.47s  --------    0  Y   Y  1.00 17.52 1.00 -  |   469.8    417.6  0.00 |  0.0  0.0 0   0   0  0  0  0
  - 0.36s  --------    0  Y   Y  1.00 17.63 1.00 -  |   469.8    417.6  0.00 |  0.0  1.0 0   0   0  0  0  0
  - 0.26s  --------    0  Y   Y  1.00 17.73 1.00 -  |   469.8    417.8  0.00 |  0.0  1.0 0   0   0  0  0  0
  - 0.16s  --------    0  Y   Y  1.00 17.83 1.00 -  |   469.8    418.0  0.00 |  0.0  1.0 0   0   0  0  0  0
  - 0.06s  --------    0  Y   Y  1.00 17.93 1.00 -  |   469.8    418.2  0.00 |  0.0  1.0 0   0   0  0  0  0
=========================================================== END

[  3664   21.270 x1.00] LOG  🐾 4-LEG JUMP #0
[  3664   21.270 x1.00] LOG  🐾 Jump 1 VFX spawned!
[  3721   21.566 x0.10] LOG  [TailAirShot4Leg] ENTER 4 leg, slow on for up to 3s real, waiting for the fire button, drawState=shoot_4Leg | y=1.52 ts=0.10 fdt=0.0020
[  3721   21.566 x0.10] LOG  [TailAirShot] entry refused: this airtime is not a 2 leg jump | y=1.52 ts=0.10 fdt=0.0020
[  3721   21.566 x0.10] LOG  [AirPosePin] engaged, holding body at 0.871m above the transform
[  3722   21.571 x0.10] LOG  [OniBoss:Layer] watch stance ON (player 15.0m)
[  3733   21.631 x0.10] LOG  [TailAirShot4Leg] DRAW started | y=1.60 ts=0.10 fdt=0.0020
[  3763   21.812 x0.10] LOG  [TailAirShot4Leg] READY, frozen on frame 5 | y=1.65 ts=0.10 fdt=0.0020
[  3865   22.346 x0.10] LOG  [TailAirShot4Leg] SHOT released (released from ready pose) | y=1.79 ts=0.10 fdt=0.0020
[  3891   22.479 x1.00] LOG  [TailAirShot4Leg] FINISHER (R released mid motion), motion completes and fires | y=1.81 ts=1.00 fdt=0.0200
[  3899   22.518 x1.00] LOG  [TailAirShot4Leg] FIRE, arrow away, dir=(-0.21, -0.08, 0.98) damage=40 (20 x 2.00) | y=1.87 ts=1.00 fdt=0.0200
[  3984   22.979 x1.00] LOG  [TailAirShot4Leg] finisher done, fully idle | y=0.31 ts=1.00 fdt=0.0200
[  3984   22.979 x1.00] LOG  [AirPosePin] released, peak correction was 0.268m
[  3992   23.019 x1.00] LOG  💨 Landing VFX spawned!
[  3992   23.019 x1.00] LOG  ✅ LANDED! (was jump #1)
[  4006   23.095 x1.00] LOG  OniBoss took 40 damage. HP: 460/500
[  4006   23.095 x1.00] LOG  [OniBoss] LostSoul → Stagger
[  4006   23.095 x1.00] LOG  [OniBoss] Playing animation: Stagger
[  4006   23.095 x1.00] LOG  [OniBoss] STAGGERED for 2.5s
[  4006   23.095 x1.00] LOG  [OniBoss:Layer] heavy knock-back react (40 dmg) → 'HitReact_Heavy', down for 1.80s
[  4007   23.103 x1.00] LOG  [BossBar] Showing bar for: Oni (460/500)
[  4007   23.103 x1.00] LOG  [OniBoss:Layer] boss bar shown
[  4348   24.896 x1.00] LOG  [OniBoss] Stagger → Chase
[  4349   24.899 x1.00] LOG  [StormWeather] COZY → 'Imminent Storm' (fight engaged - storm rolls in, 0 s)
[  4349   24.899 x1.00] LOG  [StormWeather] FIGHT STARTED (he engaged) - storm on, floor starts to soak.
[  4349   24.899 x1.00] LOG  [OniBoss] Ranged combo started: Charge→Slam: (2 steps, dist 17.5m)
[  4349   24.899 x1.00] LOG  [OniBoss] Chase → Attack
[  4349   24.899 x1.00] LOG  [OniBoss] Attack: Oni_Charge (18 dmg)

[  4349   24.899 x1.00] TEL ────────── CHARGE ──────────
[  4349   24.899 x1.00] LOG  [OniBoss:Layer] charge begin: travel bone 'Hips' depth 1, local now (0.00, 3.24, -0.24) vs rest (0.00, 3.24, -0.24); pin ON; drive windup→rush→strike; engine Attack, AnimSpeed 1.30, clip at 0.00, dist 17.5m
[  4349   24.899 x1.00] TEL charge Windup n=0.00 spd=1.30 mult=1.00 st=Attack anim=h-1757638897/Charge drift=0.00 cut=0.00 meshOff=0.24m vis bounds+0.1m pos=(467.6,439.5) dist=17.5 vel=0.0
[  4356   24.997 x1.00] TEL charge Windup n=0.08 spd=1.30 mult=1.00 st=Attack anim=h-1757638897/Charge drift=0.39 cut=0.39 meshOff=0.24m vis bounds+0.2m pos=(467.6,439.5) dist=17.5 vel=0.0
[  4371   25.086 x1.00] TEL charge Windup n=0.16 spd=1.30 mult=1.30 st=Attack anim=Charge/- drift=1.01 cut=1.01 meshOff=0.24m vis bounds+0.3m pos=(467.6,439.5) dist=17.5 vel=0.0
[  4386   25.170 x1.00] TEL charge Windup n=0.23 spd=1.30 mult=1.30 st=Attack anim=Charge/- drift=1.13 cut=1.13 meshOff=0.24m vis bounds+0.4m pos=(467.6,439.5) dist=17.5 vel=0.0
[  4403   25.256 x1.00] TEL charge Windup n=0.30 spd=1.30 mult=1.30 st=Attack anim=Charge/- drift=0.31 cut=0.31 meshOff=0.24m vis bounds+0.5m pos=(467.6,439.5) dist=17.5 vel=0.0
[  4419   25.340 x1.00] TEL charge Windup n=0.37 spd=1.30 mult=1.30 st=Attack anim=Charge/- drift=5.25 cut=5.25 meshOff=0.24m vis bounds+0.1m pos=(467.6,439.5) dist=17.5 vel=0.0
[  4425   25.376 x1.00] LOG  [OniBoss:Layer] charge RUSH: clip frozen at 0.40, 17.5m to go at 14m/s
[  4426   25.379 x1.00] LOG  [OniBoss:Layer] charge fire trail: 'ToonFireTrail' attached to his feet for the rush.
[  4432   25.426 x1.00] TEL charge Rush   n=0.40 spd=0.00 mult=0.00 st=Attack anim=Charge/- drift=7.49 cut=7.49 meshOff=0.24m vis bounds+0.5m pos=(467.6,438.8) dist=16.8 vel=0.0
[  4446   25.510 x1.00] TEL charge Rush   n=0.40 spd=0.00 mult=0.00 st=Attack anim=Charge/- drift=7.49 cut=7.49 meshOff=0.24m vis bounds+0.5m pos=(467.6,437.6) dist=15.6 vel=0.0
[  4461   25.596 x1.00] TEL charge Rush   n=0.40 spd=0.00 mult=0.00 st=Attack anim=Charge/- drift=7.49 cut=7.49 meshOff=0.24m vis bounds+0.5m pos=(467.5,436.4) dist=14.4 vel=0.0
[  4474   25.686 x1.00] TEL charge Rush   n=0.40 spd=0.00 mult=0.00 st=Attack anim=Charge/- drift=7.49 cut=7.49 meshOff=0.24m vis bounds+0.5m pos=(467.5,435.1) dist=13.1 vel=0.0
[  4477   25.700 x1.00] LOG  [StormWeather] storm post weight -> 0.40
[  4491   25.769 x1.00] TEL charge Rush   n=0.40 spd=0.00 mult=0.00 st=Attack anim=Charge/- drift=7.49 cut=7.49 meshOff=0.24m vis bounds+0.5m pos=(467.5,434.0) dist=12.0 vel=0.0
[  4507   25.856 x1.00] TEL charge Rush   n=0.40 spd=0.00 mult=0.00 st=Attack anim=Charge/- drift=7.49 cut=7.49 meshOff=0.24m vis bounds+0.5m pos=(467.5,432.8) dist=10.8 vel=0.0
[  4522   25.940 x1.00] TEL charge Rush   n=0.40 spd=0.00 mult=0.00 st=Attack anim=Charge/- drift=7.49 cut=7.49 meshOff=0.24m vis bounds+0.5m pos=(467.5,431.6) dist=9.6 vel=0.0
[  4538   26.026 x1.00] TEL charge Rush   n=0.40 spd=0.00 mult=0.00 st=Attack anim=Charge/- drift=7.49 cut=7.49 meshOff=0.24m vis bounds+0.5m pos=(467.4,430.4) dist=8.4 vel=0.0
[  4553   26.110 x1.00] TEL charge Rush   n=0.40 spd=0.00 mult=0.00 st=Attack anim=Charge/- drift=7.49 cut=7.49 meshOff=0.24m vis bounds+0.5m pos=(467.4,429.2) dist=7.2 vel=0.0
[  4569   26.196 x1.00] TEL charge Rush   n=0.40 spd=0.00 mult=0.00 st=Attack anim=Charge/- drift=7.49 cut=7.49 meshOff=0.24m vis bounds+0.5m pos=(467.4,428.0) dist=6.0 vel=0.0
[  4585   26.279 x1.00] TEL charge Rush   n=0.40 spd=0.00 mult=0.00 st=Attack anim=Charge/- drift=7.49 cut=7.49 meshOff=0.24m vis bounds+0.5m pos=(467.4,426.8) dist=4.8 vel=0.0
[  4602   26.366 x1.00] TEL charge Rush   n=0.40 spd=0.00 mult=0.00 st=Attack anim=Charge/- drift=7.49 cut=7.49 meshOff=0.24m vis bounds+0.5m pos=(467.4,425.6) dist=3.6 vel=0.0
[  4605   26.380 x1.00] LOG  
==================== [FREEZE-DEBUG v3] ====================
  Reason : WASD-NOMOVE: WASD recent + speed 0.00m/s for 0.40s
  Time   : 22.831s   Frame: 4605   Snaps: 60
===========================================================

--- CURRENT STATE ---
  Flags: atk=False hvy=False dod=False dsh=False
         grd=False hit=False aerial=False lockPos=False
         comboStep=0
  Anim : speed=1.00  combatLayer hash=-792875657 normT=3.397 weight=1.00 inTransition=False
  CC   : grounded=True  enabled=True  pos=(467.73, -0.02, 422.08)  vel=(0.00, 0.00, 0.00)
  Move : IsRunning=False
  Input: H=0.00 V=0.00  LMB=False MMB=False Q=False Sp=False Sh=False C=False
         WASD pressed in last 0.5s: True (last 0.26s ago)

--- FLIGHT RECORDER (60 snapshots, oldest first, dt=0.10s) ---
  Legend: flags = A(tk) H(vy) D(od) S(sh) G(rd) R(eact) Y(aerial) L(ock)   gnd/cc: Y/n
  t-now    flags     step gnd cc anSp normT layW tr | posX     posZ     spd   | H    V    LMB MMB Q  Sp Sh C
  ------   --------  ---- --- -- ---- ----- ---- -- | -----    -----    ----  | ---- ---- --- --- -- -- -- -
  - 6.13s  --------    0  Y   Y  1.00 16.70 1.00 -  |   469.8    417.6  0.00 |  0.0  0.0 0   0   0  0  0  0
  - 6.02s  --------    0  Y   Y  1.00 16.80 1.00 -  |   469.8    417.6  0.00 |  0.0  0.0 0   0   0  0  0  0
  - 5.92s  --------    0  Y   Y  1.00 16.91 1.00 -  |   469.8    417.6  0.00 |  0.0  0.0 0   0   0  0  0  0
  - 5.82s  --------    0  Y   Y  1.00 17.01 1.00 -  |   469.8    417.6  0.00 |  0.0  0.0 0   0   0  0  0  0
  - 5.71s  --------    0  Y   Y  1.00 17.11 1.00 -  |   469.8    417.6  0.00 |  0.0  0.0 0   0   0  0  0  0
  - 5.61s  --------    0  Y   Y  1.00 17.22 1.00 -  |   469.8    417.6  0.00 |  0.0  0.0 0   0   0  0  0  0
  - 5.51s  --------    0  Y   Y  1.00 17.32 1.00 -  |   469.8    417.6  0.00 |  0.0  0.0 0   0   0  0  0  0
  - 5.40s  --------    0  Y   Y  1.00 17.42 1.00 -  |   469.8    417.6  0.00 |  0.0  0.0 0   0   0  0  0  0
  - 5.30s  --------    0  Y   Y  1.00 17.52 1.00 -  |   469.8    417.6  0.00 |  0.0  0.0 0   0   0  0  0  0
  - 5.20s  --------    0  Y   Y  1.00 17.63 1.00 -  |   469.8    417.6  0.00 |  0.0  1.0 0   0   0  0  0  0
  - 5.10s  --------    0  Y   Y  1.00 17.73 1.00 -  |   469.8    417.8  0.00 |  0.0  1.0 0   0   0  0  0  0
  - 5.00s  --------    0  Y   Y  1.00 17.83 1.00 -  |   469.8    418.0  0.00 |  0.0  1.0 0   0   0  0  0  0
  - 4.90s  --------    0  Y   Y  1.00 17.93 1.00 -  |   469.8    418.2  0.00 |  0.0  1.0 0   0   0  0  0  0
  - 4.79s  --------    0  Y   Y  1.00 18.03 1.00 -  |   469.8    418.8  0.00 |  0.0  1.0 0   0   0  0  1  0
  - 4.69s  --------    0  Y   Y  1.00 18.14 1.00 -  |   469.7    419.6  0.00 |  0.0  1.0 0   0   0  0  1  0
  - 4.58s  --------    0  Y   Y  1.00 18.24 1.00 -  |   469.7    420.3  0.00 |  0.0  1.0 0   0   0  0  1  0
  - 4.48s  --------    0  Y   Y  1.00 18.35 1.00 -  |   469.7    421.0  0.00 |  0.0  1.0 0   0   0  0  1  0
  - 4.38s  --------    0  Y   Y  1.00 18.45 1.00 -  |   469.7    421.7  0.00 |  0.0  1.0 0   0   0  0  1  0
  - 4.27s  --------    0  Y   Y  1.00 18.55 1.00 -  |   469.7    422.4  0.00 |  0.0  1.0 0   0   0  1  1  0
  - 4.17s  --------    0  n   Y  1.00 18.66 1.00 -  |   469.7    423.0  0.00 |  0.0  1.0 0   0   0  1  1  0
  - 4.07s  --------    0  n   Y  1.00 18.76 1.00 -  |   469.7    423.5  0.00 |  0.0  1.0 0   0   0  1  1  0
  - 3.97s  --------    0  n   Y  1.00  0.21 1.00 -  |   469.6    423.9  0.00 |  0.0  1.0 0   0   0  0  1  0
  - 3.87s  --------    0  n   Y  1.00  0.41 1.00 -  |   469.6    424.3  0.00 |  0.0  0.0 0   0   0  0  1  0
  - 3.77s  --------    0  n   Y  1.00  0.54 1.00 -  |   469.5    424.7  0.00 |  0.0  0.0 0   0   0  0  0  0
  - 3.66s  --------    0  n   Y  1.00  0.67 1.00 -  |   469.4    425.3  0.00 |  0.0  0.0 0   0   0  0  0  0
  - 3.56s  --------    0  n   Y  1.00  0.80 1.00 -  |   469.4    425.7  0.00 |  0.0  0.0 0   0   0  0  0  0
  - 3.46s  --------    0  n   Y  1.00  0.92 1.00 -  |   469.3    426.2  0.00 |  0.0  0.0 0   0   0  0  0  0
  - 3.35s  --------    0  Y   Y  1.00  1.05 1.00 T  |   469.2    426.6  0.00 |  0.0  0.0 0   0   0  0  0  0
  - 3.25s  --------    0  Y   Y  1.00  0.14 1.00 -  |   469.2    426.6  0.00 |  0.0  0.0 0   0   0  0  0  0
  - 3.15s  --------    0  Y   Y  1.00  0.25 1.00 -  |   469.2    426.6  0.00 |  0.0  0.0 0   0   0  0  0  0
  - 3.04s  --------    0  Y   Y  1.00  0.35 1.00 -  |   469.2    426.6  0.00 |  0.0  0.0 0   0   0  0  0  0
  - 2.94s  --------    0  Y   Y  1.00  0.45 1.00 -  |   469.2    426.6  0.00 |  0.0  0.0 0   0   0  0  0  0
  - 2.84s  --------    0  Y   Y  1.00  0.55 1.00 -  |   469.2    426.5  0.00 |  0.0 -1.0 0   0   0  0  0  0
  - 2.74s  --------    0  Y   Y  1.00  0.66 1.00 -  |   469.3    426.3  0.00 |  0.0 -1.0 0   0   0  0  0  0
  - 2.64s  --------    0  Y   Y  1.00  0.76 1.00 -  |   469.3    426.1  0.00 |  0.0 -1.0 0   0   0  0  0  0
  - 2.53s  --------    0  Y   Y  1.00  0.86 1.00 -  |   469.3    425.6  0.00 | -1.0 -1.0 0   0   0  0  1  0
  - 2.43s  --------    0  Y   Y  1.00  0.96 1.00 -  |   469.2    424.9  0.00 | -1.0 -1.0 0   0   0  0  1  0
  - 2.32s  --------    0  Y   Y  1.00  1.07 1.00 -  |   468.9    424.2  0.00 | -1.0 -1.0 0   0   0  0  1  0
  - 2.22s  --------    0  Y   Y  1.00  1.17 1.00 -  |   468.5    423.7  0.00 | -1.0 -1.0 0   0   0  0  1  0
  - 2.12s  --------    0  Y   Y  1.00  1.27 1.00 -  |   468.0    423.0  0.00 | -1.0 -1.0 0   0   0  0  1  0
  - 2.01s  --------    0  Y   Y  1.00  1.38 1.00 -  |   467.6    422.4  0.00 |  0.0  0.0 0   0   0  0  1  0
  - 1.91s  --------    0  Y   Y  1.00  1.48 1.00 -  |   467.5    422.2  0.00 |  0.0  0.0 0   0   0  0  0  0
  - 1.81s  --------    0  Y   Y  1.00  1.59 1.00 -  |   467.4    422.1  0.00 |  0.0  0.0 0   0   0  0  0  0
  - 1.71s  --------    0  Y   Y  1.00  1.69 1.00 -  |   467.3    422.0  0.00 |  0.0  0.0 0   0   0  0  0  0
  - 1.60s  --------    0  Y   Y  1.00  1.79 1.00 -  |   467.3    422.0  0.00 |  0.0  0.0 0   0   0  0  0  0
  - 1.50s  --------    0  Y   Y  1.00  1.90 1.00 -  |   467.3    422.0  0.00 |  0.0  0.0 0   0   0  0  0  0
  - 1.38s  --------    0  Y   Y  1.00  1.97 1.00 -  |   467.3    422.0  0.00 |  0.0  0.0 0   0   0  0  0  0
  - 1.28s  --------    0  Y   Y  1.00  2.12 1.00 -  |   467.3    422.0  0.00 |  0.0  0.0 0   0   0  0  0  0
  - 1.17s  --------    0  Y   Y  1.00  2.22 1.00 -  |   467.3    422.0  0.00 |  0.0  0.0 0   0   0  0  0  0
  - 1.07s  --------    0  Y   Y  1.00  2.33 1.00 -  |   467.3    422.0  0.00 |  0.0  0.0 0   0   0  0  0  0
  - 0.96s  --------    0  Y   Y  1.00  2.43 1.00 -  |   467.3    422.0  0.00 |  0.0  0.0 0   0   0  0  0  0
  - 0.86s  --------    0  Y   Y  1.00  2.54 1.00 -  |   467.3    422.0  0.00 |  0.0  0.0 0   0   0  0  0  0
  - 0.75s  --------    0  Y   Y  1.00  2.64 1.00 -  |   467.3    422.0  0.00 |  0.0  0.0 0   0   0  0  0  0
  - 0.65s  --------    0  Y   Y  1.00  2.75 1.00 -  |   467.3    422.0  0.00 |  0.0  0.0 0   0   0  0  0  0
  - 0.54s  --------    0  Y   Y  1.00  2.85 1.00 -  |   467.3    422.0  0.00 |  0.0  0.0 0   0   0  0  0  0
  - 0.44s  --------    0  Y   Y  1.00  2.96 1.00 -  |   467.3    422.0  0.00 |  0.0  0.0 0   0   0  0  0  0
  - 0.33s  --------    0  Y   Y  1.00  3.06 1.00 -  |   467.4    422.0  0.00 |  1.0  0.0 0   0   0  0  0  0
  - 0.23s  --------    0  Y   Y  1.00  3.17 1.00 -  |   467.6    422.1  0.00 |  0.0  0.0 0   0   0  0  0  0
  - 0.13s  --------    0  Y   Y  1.00  3.27 1.00 -  |   467.7    422.1  0.00 |  0.0  0.0 0   0   0  0  0  0
  - 0.02s  --------    0  Y   Y  1.00  3.37 1.00 -  |   467.7    422.1  0.00 |  0.0  0.0 0   0   0  0  0  0
=========================================================== END

[  4614   26.440 x1.00] LOG  🚶 2-LEG JUMP
[  4614   26.440 x1.00] LOG  🐾 Jump 1 VFX spawned!
[  4614   26.440 x1.00] LOG  [OniBoss:Layer] charge STRIKE: arrived 2.6m from the lock point after 1.06s real — clip 0.40 → 0.58 (blend 0.10s), strike moment 0.76, Yoru 2.6m away
[  4616   26.450 x1.00] TEL charge Strike n=0.58 spd=1.00 mult=1.00 st=Attack anim=Charge/Charge drift=8.64 cut=8.64 meshOff=0.24m vis bounds+0.4m pos=(467.3,424.7) dist=2.6 vel=0.0
[  4625   26.497 x1.00] LOG  [ComboTrace] LAUNCH OniBoss at 1.3m dist=1.28m in 0.13s [AIRBORNE]
[  4625   26.497 x1.00] LOG  [Combat] Aerial spin — 25 dmg
[  4625   26.497 x1.00] LOG  OniBoss took 10 damage. HP: 450/500
[  4625   26.497 x1.00] LOG  [OniBoss] 🤕 Hit during Attack — flash only
[  4625   26.497 x1.00] LOG  [CameraGameFeel] Shake: intensity=0.50 duration=0.200s
[  4625   26.497 x1.00] LOG  [CameraGameFeel] FOV punch: hit light (+1.5°)
[  4625   26.497 x1.00] LOG  [AirPosePin] engaged, holding body at 0.538m above the transform
[  4631   26.537 x1.00] TEL charge Strike n=0.61 spd=1.00 mult=1.00 st=Attack anim=Charge/Charge drift=12.81 cut=12.81 meshOff=0.24m vis bounds+0.4m pos=(467.3,424.7) dist=2.0 vel=0.0
[  4648   26.622 x1.00] TEL charge Strike n=0.66 spd=1.00 mult=1.00 st=Attack anim=Charge/- drift=15.74 cut=15.74 meshOff=0.24m vis bounds+0.4m pos=(467.3,424.7) dist=2.0 vel=0.0
[  4649   26.633 x1.00] LOG  [ComboTrace] LAUNCH RESULT wanted=1.28m actually moved=0.63m — completed
[  4652   26.650 x1.00] LOG  OniBoss took 10 damage. HP: 440/500
[  4652   26.650 x1.00] LOG  [OniBoss] 🤕 Hit during Attack — flash only
[  4652   26.650 x1.00] LOG  [CameraGameFeel] Shake: intensity=0.18 duration=0.200s
[  4662   26.708 x1.00] TEL charge Strike n=0.72 spd=1.00 mult=1.00 st=Attack anim=Charge/- drift=16.45 cut=16.45 meshOff=0.24m vis bounds+0.4m pos=(467.3,424.7) dist=2.0 vel=0.0
[  4676   26.786 x1.00] LOG  [CameraGameFeel] Shake: intensity=0.45 duration=0.350s
[  4676   26.786 x1.00] LOG  [Combat] Hit react: HitReact_Heavy_2Leg (0.9s)
[  4676   26.786 x1.00] LOG  [HitReactTrace] asked for 'HitReact_Heavy_2Leg' (0.90s) — blend resolved after 0 ms, now playing a clip 0.79s long at speed 0.80, layer weight 1.00, animator.speed 1.00.
[  4676   26.786 x1.00] LOG  [CameraGameFeel] Shake: intensity=0.60 duration=0.200s
[  4676   26.786 x1.00] LOG  [CameraGameFeel] FOV punch: player damage (-3.0°)
[  4676   26.786 x1.00] LOG  [OniBoss] Hit player for 18 (Oni_Charge)
[  4677   26.795 x1.00] TEL charge Strike n=0.77 spd=1.00 mult=1.00 st=Attack anim=Charge/- drift=16.98 cut=16.98 meshOff=0.24m vis bounds+0.4m pos=(467.3,424.7) dist=2.0 vel=0.0
[  4678   26.799 x1.00] LOG  OniBoss took 10 damage. HP: 430/500
[  4678   26.799 x1.00] LOG  [OniBoss] 🤕 Hit during Attack — flash only
[  4678   26.799 x1.00] LOG  [OniBoss] Attack → Stagger
[  4678   26.799 x1.00] LOG  [OniBoss] Playing animation: Stagger
[  4678   26.799 x1.00] LOG  [OniBoss] STAGGERED for 2.5s
[  4678   26.799 x1.00] LOG  [OniBoss:Layer] heavy knock-back react (swirl burst, 3 hits / 30 dmg) → 'HitReact_Heavy', down for 1.80s
[  4678   26.799 x1.00] LOG  [OniBoss:Layer] burst: 3 hits / 30 dmg inside 0.8s → knock-back + 0.90m push
[  4678   26.799 x1.00] LOG  [Combat] Hit OniBoss for 10
[  4678   26.799 x1.00] LOG  [CameraGameFeel] Shake: intensity=0.18 duration=0.200s
[  4678   26.799 x1.00] LOG  [OniBoss:Layer] charge complete: engine left Attack (now Stagger) during Strike
[  4679   26.807 x1.00] LOG  [OniBoss:Layer] charge fire trail: released — burns out over 3.8s where the rush ended.
[  4686   26.849 x1.00] LOG  [OniBoss:Layer] charge end (clip left the animator) after 1.95s real: pin measured 337 frames, cancelled on 334, max raw drift 17.00m, max cancelled 17.00m — travel WAS baked in, pin held it
[  4785   27.378 x1.00] LOG  💨 Landing VFX spawned!
[  4785   27.378 x1.00] LOG  [AirPosePin] released, peak correction was -0.019m
[  4841   27.686 x1.00] LOG  ✅ LANDED! (was jump #0)
[  4847   27.717 x1.00] LOG  🚶 2-LEG JUMP
[  4847   27.717 x1.00] LOG  🐾 Jump 1 VFX spawned!
[  4868   27.829 x1.00] LOG  [ComboTrace] LAUNCH OniBoss at 1.6m dist=1.62m in 0.16s [AIRBORNE]
[  4868   27.829 x1.00] LOG  [Combat] Aerial spin — 25 dmg
[  4868   27.829 x1.00] LOG  OniBoss punish window! 10 → 15 (x1.5)
[  4868   27.829 x1.00] LOG  OniBoss took 15 damage. HP: 415/500
[  4868   27.829 x1.00] LOG  [CameraGameFeel] Shake: intensity=0.50 duration=0.200s
[  4868   27.829 x1.00] LOG  [CameraGameFeel] FOV punch: hit light (+1.5°)
[  4868   27.829 x1.00] LOG  [AirPosePin] engaged, holding body at 0.679m above the transform
[  4895   27.981 x1.00] LOG  OniBoss punish window! 10 → 15 (x1.5)
[  4895   27.981 x1.00] LOG  OniBoss took 15 damage. HP: 400/500
[  4895   27.981 x1.00] LOG  [CameraGameFeel] Shake: intensity=0.18 duration=0.200s
[  4897   27.996 x1.00] LOG  [ComboTrace] LAUNCH RESULT wanted=1.62m actually moved=1.69m — completed
[  4921   28.136 x1.00] LOG  OniBoss punish window! 10 → 15 (x1.5)
[  4921   28.136 x1.00] LOG  OniBoss took 15 damage. HP: 385/500
[  4921   28.136 x1.00] LOG  [CameraGameFeel] Shake: intensity=0.18 duration=0.200s
[  4998   28.576 x1.00] LOG  [ComboTrace] END step=3 clipProgress=0.90 clipLen=0.79s queued=0 elapsed=0.75s
[  4999   28.580 x1.00] LOG  [AirPosePin] released, peak correction was -0.009m
[  5003   28.601 x1.00] LOG  [OniBoss] Stagger → Chase
[  5004   28.606 x1.00] LOG  [OniBoss] Playing animation: Idle
[  5004   28.606 x1.00] LOG  [OniBoss] Chase → Attack
[  5004   28.606 x1.00] LOG  [OniBoss] Attack: Club_Swing (16 dmg)
[  5004   28.606 x1.00] LOG  [OniBoss:Trail] Club_Swing trail START at clip 1.00 (transition done).
[  5013   28.660 x1.00] LOG  💨 Landing VFX spawned!
[  5013   28.660 x1.00] LOG  ✅ LANDED! (was jump #1)
[  5062   28.936 x1.00] LOG  [CameraGameFeel] Shake: intensity=0.20 duration=0.250s
[  5062   28.936 x1.00] LOG  [Combat] Hit react: HitReact_Light_2Leg (0.5s)
[  5062   28.936 x1.00] LOG  [HitReactTrace] asked for 'HitReact_Light_2Leg' (0.50s) — blend resolved after 0 ms, now playing a clip 1.00s long at speed 1.00, layer weight 1.00, animator.speed 1.00.
[  5062   28.936 x1.00] LOG  [CameraGameFeel] Shake: intensity=0.30 duration=0.200s
[  5062   28.936 x1.00] LOG  [CameraGameFeel] FOV punch: player damage (-2.0°)
[  5062   28.936 x1.00] LOG  [OniBoss] Hit player for 16 (Club_Swing)
[  5062   28.936 x1.00] LOG  [OniBoss:Touch] Club_Swing: club TOUCHED Yoru at clip 0.39 — shaft 0.69m from her body line, tip speed 158m/s, ONE FRAME EARLY (predicted). Full club hit delivered this frame.
[  5067   28.967 x1.00] LOG  [OniBoss:ClubPos] Club_Swing at strike: club tip 3.02m up, 2.60m in front, -2.90m to his right (3.90m out from his centre). Club faces -80deg from his forward, pitch 0.40. (the ground wave is born 1.6m in front of him at 0.35m.)
[  5067   28.967 x1.00] LOG  [OniBoss:Layer] Club_Swing: club already hit — ground wave released as VISUAL only (0 damage).
[  5158   29.447 x1.00] LOG  [OniBoss] Attack → Recovery
[  5158   29.447 x1.00] LOG  [OniBoss] Playing animation: Watch
[  5158   29.447 x1.00] LOG  [OniBoss:Trail] trail END at clip 0.99, fading over 0.40s.
[  5158   29.447 x1.00] LOG  [OniBoss:Strike] Club_Swing: club tip closest to Yoru at 1.52m, clip position 0.90 | damage fires at 0.42 | clip 0.84s => damage fires 398 ms BEFORE the club is closest
[  5186   29.597 x1.00] LOG  [OniBoss] Recovery → Chase
[  5187   29.603 x1.00] LOG  [OniBoss] hold-ground: BACKSTEP 1.5m (player 3.4m)
[  5237   29.877 x1.00] LOG  [OniBoss] hold-ground: backstep done (0.44m), WATCH (player 4.3m, cooldown 1.5s)
[  5237   29.877 x1.00] LOG  [OniBoss] Playing animation: Idle
[  5238   29.887 x1.00] LOG  [OniBoss] Playing animation: Walk
[  5333   30.420 x1.00] LOG  
==================== [FREEZE-DEBUG v3] ====================
  Reason : WASD-NOMOVE: WASD recent + speed 0.00m/s for 0.40s
  Time   : 26.872s   Frame: 5333   Snaps: 60
===========================================================

--- CURRENT STATE ---
  Flags: atk=False hvy=False dod=False dsh=False
         grd=False hit=False aerial=False lockPos=False
         comboStep=0
  Anim : speed=1.00  combatLayer hash=-792875657 normT=0.980 weight=1.00 inTransition=False
  CC   : grounded=True  enabled=True  pos=(466.84, -0.02, 422.74)  vel=(0.00, 0.00, 0.00)
  Move : IsRunning=False
  Input: H=0.00 V=-1.00  LMB=False MMB=False Q=False Sp=False Sh=False C=False
         WASD pressed in last 0.5s: True (last 0.00s ago)

--- FLIGHT RECORDER (60 snapshots, oldest first, dt=0.10s) ---
  Legend: flags = A(tk) H(vy) D(od) S(sh) G(rd) R(eact) Y(aerial) L(ock)   gnd/cc: Y/n
  t-now    flags     step gnd cc anSp normT layW tr | posX     posZ     spd   | H    V    LMB MMB Q  Sp Sh C
  ------   --------  ---- --- -- ---- ----- ---- -- | -----    -----    ----  | ---- ---- --- --- -- -- -- -
  - 6.16s  --------    0  Y   Y  1.00  1.27 1.00 -  |   468.0    423.0  0.00 | -1.0 -1.0 0   0   0  0  1  0
  - 6.05s  --------    0  Y   Y  1.00  1.38 1.00 -  |   467.6    422.4  0.00 |  0.0  0.0 0   0   0  0  1  0
  - 5.95s  --------    0  Y   Y  1.00  1.48 1.00 -  |   467.5    422.2  0.00 |  0.0  0.0 0   0   0  0  0  0
  - 5.85s  --------    0  Y   Y  1.00  1.59 1.00 -  |   467.4    422.1  0.00 |  0.0  0.0 0   0   0  0  0  0
  - 5.75s  --------    0  Y   Y  1.00  1.69 1.00 -  |   467.3    422.0  0.00 |  0.0  0.0 0   0   0  0  0  0
  - 5.64s  --------    0  Y   Y  1.00  1.79 1.00 -  |   467.3    422.0  0.00 |  0.0  0.0 0   0   0  0  0  0
  - 5.54s  --------    0  Y   Y  1.00  1.90 1.00 -  |   467.3    422.0  0.00 |  0.0  0.0 0   0   0  0  0  0
  - 5.42s  --------    0  Y   Y  1.00  1.97 1.00 -  |   467.3    422.0  0.00 |  0.0  0.0 0   0   0  0  0  0
  - 5.32s  --------    0  Y   Y  1.00  2.12 1.00 -  |   467.3    422.0  0.00 |  0.0  0.0 0   0   0  0  0  0
  - 5.21s  --------    0  Y   Y  1.00  2.22 1.00 -  |   467.3    422.0  0.00 |  0.0  0.0 0   0   0  0  0  0
  - 5.11s  --------    0  Y   Y  1.00  2.33 1.00 -  |   467.3    422.0  0.00 |  0.0  0.0 0   0   0  0  0  0
  - 5.00s  --------    0  Y   Y  1.00  2.43 1.00 -  |   467.3    422.0  0.00 |  0.0  0.0 0   0   0  0  0  0
  - 4.90s  --------    0  Y   Y  1.00  2.54 1.00 -  |   467.3    422.0  0.00 |  0.0  0.0 0   0   0  0  0  0
  - 4.79s  --------    0  Y   Y  1.00  2.64 1.00 -  |   467.3    422.0  0.00 |  0.0  0.0 0   0   0  0  0  0
  - 4.69s  --------    0  Y   Y  1.00  2.75 1.00 -  |   467.3    422.0  0.00 |  0.0  0.0 0   0   0  0  0  0
  - 4.58s  --------    0  Y   Y  1.00  2.85 1.00 -  |   467.3    422.0  0.00 |  0.0  0.0 0   0   0  0  0  0
  - 4.48s  --------    0  Y   Y  1.00  2.96 1.00 -  |   467.3    422.0  0.00 |  0.0  0.0 0   0   0  0  0  0
  - 4.37s  --------    0  Y   Y  1.00  3.06 1.00 -  |   467.4    422.0  0.00 |  1.0  0.0 0   0   0  0  0  0
  - 4.27s  --------    0  Y   Y  1.00  3.17 1.00 -  |   467.6    422.1  0.00 |  0.0  0.0 0   0   0  0  0  0
  - 4.17s  --------    0  Y   Y  1.00  3.27 1.00 -  |   467.7    422.1  0.00 |  0.0  0.0 0   0   0  0  0  0
  - 4.06s  --------    0  Y   Y  1.00  3.37 1.00 -  |   467.7    422.1  0.00 |  0.0  0.0 0   0   0  0  0  0
  - 3.96s  --------    0  Y   Y  1.00  3.47 1.00 -  |   467.7    422.1  0.00 |  0.0  0.0 1   0   0  1  0  0
  - 3.86s  A-----Y-    3  n   Y  1.00  3.53 1.00 T  |   467.7    422.7  0.00 |  0.0  0.0 0   0   0  0  0  0
  - 3.76s  A-----Y-    3  n   Y  1.00  0.15 1.00 -  |   467.7    422.7  0.00 |  0.0  0.0 0   0   0  0  0  0
  - 3.66s  A-----Y-    3  n   Y  1.00  0.27 1.00 -  |   467.8    422.7  0.00 |  0.0  0.0 1   0   0  0  0  0
  - 3.56s  -----R--    0  n   Y  1.00  0.14 1.00 -  |   467.8    422.7  0.00 |  0.0  0.0 0   0   0  0  0  0
  - 3.45s  -----R--    0  n   Y  1.00  0.23 1.00 -  |   467.8    422.7  0.00 |  0.0  0.0 1   0   0  1  0  0
  - 3.35s  -----R--    0  n   Y  1.00  0.31 1.00 -  |   467.9    422.7  0.00 |  0.0  0.0 0   0   0  1  0  0
  - 3.25s  -----R--    0  n   Y  1.00  0.39 1.00 -  |   467.9    422.7  0.00 |  0.0  0.0 1   0   0  0  0  0
  - 3.14s  -----R--    0  n   Y  1.00  0.48 1.00 -  |   468.0    422.6  0.00 |  0.0  0.0 0   0   0  0  0  0
  - 3.04s  -----R--    0  Y   Y  1.00  0.57 1.00 -  |   468.0    422.6  0.00 |  0.0  0.0 0   0   0  1  0  0
  - 2.94s  -----R--    0  Y   Y  1.00  0.65 1.00 -  |   468.0    422.6  0.00 |  0.0  0.0 0   0   0  1  0  0
  - 2.84s  -----R--    0  Y   Y  1.00  0.74 1.00 -  |   468.0    422.6  0.00 |  0.0  0.0 0   0   0  0  0  0
  - 2.73s  --------    0  Y   Y  1.00  0.82 1.00 -  |   468.0    422.6  0.00 |  0.0  0.0 0   0   0  0  0  0
  - 2.63s  --------    0  n   Y  1.00  0.10 1.00 -  |   468.0    422.7  0.00 |  0.0  0.0 1   0   0  1  0  0
  - 2.53s  A-----Y-    3  n   Y  1.00  0.16 1.00 T  |   467.7    423.7  12.48 |  0.0  0.0 0   0   0  0  0  0
  - 2.42s  A-----Y-    3  n   Y  1.00  0.15 1.00 -  |   467.5    424.3  0.19 |  0.0  0.0 0   0   0  0  0  0
  - 2.32s  A-----Y-    3  n   Y  1.00  0.28 1.00 -  |   467.5    424.3  0.00 |  0.0  0.0 0   0   0  0  0  0
  - 2.22s  A-----Y-    3  n   Y  1.00  0.42 1.00 -  |   467.5    424.4  0.00 |  0.0  0.0 0   0   0  0  0  0
  - 2.12s  A-----Y-    3  n   Y  1.00  0.54 1.00 -  |   467.5    424.4  0.00 |  0.0  0.0 0   0   0  0  0  0
  - 2.02s  A-----Y-    3  n   Y  1.00  0.67 1.00 -  |   467.5    424.5  0.00 |  0.0  0.0 0   0   0  0  0  0
  - 1.92s  A-----Y-    3  n   Y  1.00  0.80 1.00 -  |   467.5    424.5  0.00 |  0.0  0.0 0   0   0  0  0  0
  - 1.82s  --------    3  n   Y  1.00  0.92 1.00 T  |   467.5    424.6  0.00 |  0.0  0.0 0   0   0  0  0  0
  - 1.71s  --------    3  Y   Y  1.00  0.12 1.00 -  |   467.5    424.6  0.00 |  0.0  0.0 0   0   0  0  0  0
  - 1.61s  --------    3  Y   Y  1.00  0.22 1.00 -  |   467.5    424.6  0.00 |  0.0  0.0 0   0   0  0  0  0
  - 1.51s  --------    3  Y   Y  1.00  0.32 1.00 -  |   467.5    424.5  0.00 |  0.0 -1.0 0   0   0  0  0  0
  - 1.41s  -----R--    0  Y   Y  1.00  0.13 1.00 -  |   467.5    424.4  0.00 |  0.0 -1.0 0   0   0  0  0  0
  - 1.31s  -----R--    0  Y   Y  1.00  0.22 1.00 -  |   467.5    424.4  0.00 |  0.0 -1.0 0   0   0  0  0  0
  - 1.20s  -----R--    0  Y   Y  1.00  0.30 1.00 -  |   467.5    424.4  0.00 |  0.0 -1.0 0   0   0  0  0  0
  - 1.10s  -----R--    0  Y   Y  1.00  0.39 1.00 -  |   467.5    424.4  0.00 |  0.0 -1.0 0   0   0  0  0  0
  - 1.00s  -----R--    0  Y   Y  1.00  0.47 1.00 -  |   467.5    424.4  0.00 |  0.0 -1.0 0   0   0  0  0  0
  - 0.90s  --------    0  Y   Y  1.00  0.56 1.00 T  |   467.5    424.2  0.00 |  0.0 -1.0 0   0   0  0  0  0
  - 0.79s  --------    0  Y   Y  1.00  0.18 1.00 -  |   467.6    424.0  0.00 |  0.0 -1.0 0   0   0  0  0  0
  - 0.69s  --------    0  Y   Y  1.00  0.29 1.00 -  |   467.6    423.8  0.00 |  0.0 -1.0 0   0   0  0  0  0
  - 0.58s  --------    0  Y   Y  1.00  0.39 1.00 -  |   467.6    423.6  0.00 |  0.0 -1.0 0   0   0  0  0  0
  - 0.48s  --------    0  Y   Y  1.00  0.50 1.00 -  |   467.6    423.4  0.00 |  0.0 -1.0 0   0   0  0  0  0
  - 0.37s  --------    0  Y   Y  1.00  0.60 1.00 -  |   467.4    423.2  0.00 |  0.0 -1.0 0   0   0  0  0  0
  - 0.27s  --------    0  Y   Y  1.00  0.71 1.00 -  |   467.3    423.1  0.00 |  0.0 -1.0 0   0   0  0  0  0
  - 0.16s  --------    0  Y   Y  1.00  0.81 1.00 -  |   467.1    423.0  0.00 |  0.0 -1.0 0   0   0  0  0  0
  - 0.06s  --------    0  Y   Y  1.00  0.91 1.00 -  |   466.9    422.8  0.00 |  0.0 -1.0 0   0   0  0  0  0
=========================================================== END

[  5432   30.997 x1.00] LOG  [OniBoss] Playing animation: Idle
[  5505   31.397 x1.00] LOG  [OniBoss] Pull-band decision: RUN-IN (dist 4.7m, pullRange 0m, chance 0.50)
[  5505   31.397 x1.00] LOG  [OniBoss] Playing animation: run
[  5607   31.979 x1.00] LOG  [OniBoss] Playing animation: Watch
[  5607   31.979 x1.00] LOG  [OniBoss] Chase → Attack
[  5607   31.979 x1.00] LOG  [OniBoss] Attack: ClubSwing2 (16 dmg)
[  5607   31.979 x1.00] LOG  [OniBoss:Trail] ClubSwing2 trail START at clip 0.63 (transition done).
[  5624   32.079 x1.00] LOG  [OniBoss:Layer] step-in: 'ClubSwing2' closed 0.50m, Yoru now 3.0m away (range 3.5)
[  5675   32.360 x1.00] LOG  [OniBoss:ClubPos] ClubSwing2 at strike: club tip 0.74m up, -1.28m in front, 2.21m to his right (2.55m out from his centre). Club faces 93deg from his forward, pitch -0.71. (the ground wave is born 1.6m in front of him at 0.35m.)
[  5675   32.360 x1.00] LOG  [OniBoss:Layer] ClubSwing2: club has not connected — ground wave released ARMED, 1.6m in front, 12m/s x 6.0m = 0.50s, carrying 8 (half of the club's 16).
[  5676   32.366 x1.00] LOG  [Combat] Hit react: HitReact_Light_2Leg (0.5s)
[  5676   32.366 x1.00] LOG  [HitReactTrace] asked for 'HitReact_Light_2Leg' (0.50s) — blend resolved after 0 ms, now playing a clip 1.00s long at speed 1.00, layer weight 1.00, animator.speed 1.00.
[  5676   32.366 x1.00] LOG  [CameraGameFeel] Shake: intensity=0.30 duration=0.200s
[  5676   32.366 x1.00] LOG  [CameraGameFeel] FOV punch: player damage (-2.0°)
[  5676   32.366 x1.00] LOG  [OniBoss:Wave] wave TOUCHED Yoru (grounded) for 8 after 0.1m / 0.01s of travel.
[  5809   33.147 x1.00] LOG  [OniBoss] Attack → Recovery
[  5809   33.147 x1.00] LOG  [OniBoss] Playing animation: Watch
[  5809   33.147 x1.00] LOG  [OniBoss:Trail] trail END at clip 0.99, fading over 0.40s.
[  5809   33.147 x1.00] LOG  [OniBoss:Strike] ClubSwing2: club tip closest to Yoru at 4.82m, clip position 0.31 | damage fires at 0.32 | clip 1.17s => MATCHED (within one or two frames)
[  5835   33.298 x1.00] LOG  [OniBoss] Recovery → Chase
[  5836   33.307 x1.00] LOG  [OniBoss] hold-ground: BACKSTEP 1.5m (player 3.0m)
[  5983   34.137 x1.00] LOG  [OniBoss] hold-ground: backstep done (1.33m), WATCH (player 4.3m, cooldown 1.0s)
[  5983   34.137 x1.00] LOG  [OniBoss] Playing animation: Idle
[  5984   34.140 x1.00] LOG  [OniBoss] Playing animation: Walk
[  6081   34.700 x1.00] LOG  [OniBoss] Playing animation: Idle
[  6151   35.101 x1.00] LOG  [OniBoss] hold-ground: cooldown over, player 3.8m > 3.5m — APPROACH
[  6151   35.101 x1.00] LOG  [OniBoss] Playing animation: Walk
[  6232   35.570 x1.00] LOG  [OniBoss] Combo started: ClubSwing1 → ClubSwing2 → ClubSlam (3 steps remaining)
[  6232   35.570 x1.00] LOG  [OniBoss] Chase → Attack
[  6232   35.570 x1.00] LOG  [OniBoss] Attack: Club_Swing (16 dmg)
[  6232   35.570 x1.00] LOG  [OniBoss:Trail] Club_Swing trail START at clip 0.25 (transition done).
[  6235   35.587 x1.00] LOG  [OniBoss:Layer] step-in: 'Club_Swing' closed 0.07m, Yoru now 3.0m away (range 3.5)
[  6296   35.932 x1.00] LOG  [OniBoss:ClubPos] Club_Swing at strike: club tip 3.03m up, 2.11m in front, -3.13m to his right (3.77m out from his centre). Club faces -90deg from his forward, pitch 0.41. (the ground wave is born 1.6m in front of him at 0.35m.)
[  6296   35.932 x1.00] LOG  [OniBoss:Layer] Club_Swing: club has not connected — ground wave released ARMED, 1.6m in front, 12m/s x 6.0m = 0.50s, carrying 8 (half of the club's 16).
[  6297   35.938 x1.00] LOG  [Combat] Hit react: HitReact_Light_2Leg (0.5s)
[  6297   35.938 x1.00] LOG  [HitReactTrace] asked for 'HitReact_Light_2Leg' (0.50s) — blend resolved after 0 ms, now playing a clip 1.00s long at speed 1.00, layer weight 1.00, animator.speed 1.00.
[  6297   35.938 x1.00] LOG  [CameraGameFeel] Shake: intensity=0.30 duration=0.200s
[  6297   35.938 x1.00] LOG  [CameraGameFeel] FOV punch: player damage (-2.0°)
[  6297   35.938 x1.00] LOG  [OniBoss:Wave] wave TOUCHED Yoru (grounded) for 8 after 0.1m / 0.01s of travel.
[  6387   36.408 x1.00] LOG  [OniBoss] Attack → Recovery
[  6387   36.408 x1.00] LOG  [OniBoss] Playing animation: Watch
[  6387   36.408 x1.00] LOG  [OniBoss:Trail] trail END at clip 0.99, fading over 0.40s.
[  6387   36.408 x1.00] LOG  [OniBoss:Strike] Club_Swing: club tip closest to Yoru at 1.49m, clip position 0.91 | damage fires at 0.42 | clip 0.84s => damage fires 410 ms BEFORE the club is closest
[  6415   36.562 x1.00] LOG  [OniBoss] Recovery → Attack
[  6415   36.562 x1.00] LOG  [OniBoss] Attack: ClubSwing2 (16 dmg)
[  6415   36.562 x1.00] LOG  [OniBoss:Trail] ClubSwing2 trail START at clip 1.00 (transition still blending).
[  6478   36.898 x1.00] LOG  [CameraGameFeel] Shake: intensity=0.20 duration=0.250s
[  6478   36.898 x1.00] LOG  [Combat] Hit react: HitReact_Light_2Leg (0.5s)
[  6478   36.898 x1.00] LOG  [HitReactTrace] asked for 'HitReact_Light_2Leg' (0.50s) — blend resolved after 0 ms, now playing a clip 1.00s long at speed 1.00, layer weight 1.00, animator.speed 1.00.
[  6478   36.898 x1.00] LOG  [CameraGameFeel] Shake: intensity=0.30 duration=0.200s
[  6478   36.898 x1.00] LOG  [CameraGameFeel] FOV punch: player damage (-2.0°)
[  6478   36.898 x1.00] LOG  [OniBoss] Hit player for 20 (ClubSwing2) [combo x1.25]
[  6478   36.898 x1.00] LOG  [OniBoss:Touch] ClubSwing2: club TOUCHED Yoru at clip 0.29 — shaft 0.52m from her body line, tip speed 98m/s, ONE FRAME EARLY (predicted). Full club hit delivered this frame.
[  6486   36.942 x1.00] LOG  [OniBoss:ClubPos] ClubSwing2 at strike: club tip 0.08m up, 1.85m in front, 2.38m to his right (3.01m out from his centre). Club faces 3deg from his forward, pitch -0.87. (the ground wave is born 1.6m in front of him at 0.35m.)
[  6486   36.942 x1.00] LOG  [OniBoss:Layer] ClubSwing2: club already hit — ground wave released as VISUAL only (0 damage).
[  6635   37.726 x1.00] LOG  [OniBoss] Attack → Recovery
[  6635   37.726 x1.00] LOG  [OniBoss] Playing animation: Watch
[  6635   37.726 x1.00] LOG  [OniBoss:Trail] trail END at clip 0.99, fading over 0.40s.
[  6635   37.726 x1.00] LOG  [OniBoss:Strike] ClubSwing2: club tip closest to Yoru at 0.49m, clip position 0.30 | damage fires at 0.32 | clip 1.17s => MATCHED (within one or two frames)
[  6661   37.878 x1.00] LOG  [OniBoss] Recovery → Attack
[  6661   37.878 x1.00] LOG  [OniBoss] Attack: ClubSlam (20 dmg)
[  6661   37.878 x1.00] LOG  [OniBoss:Trail] ClubSlam trail START at clip 1.00 (transition still blending).
[  6741   38.292 x1.00] LOG  [CameraGameFeel] Shake: intensity=0.50 duration=0.400s
[  6741   38.292 x1.00] LOG  [Combat] Hit react: HitReact_Heavy_2Leg (0.9s)
[  6741   38.292 x1.00] LOG  [HitReactTrace] asked for 'HitReact_Heavy_2Leg' (0.90s) — blend resolved after 0 ms, now playing a clip 1.00s long at speed 1.00, layer weight 1.00, animator.speed 1.00.
[  6741   38.292 x1.00] LOG  [CameraGameFeel] Shake: intensity=0.60 duration=0.200s
[  6741   38.292 x1.00] LOG  [CameraGameFeel] FOV punch: player damage (-3.0°)
[  6741   38.292 x1.00] LOG  [OniBoss] Hit player for 30 (ClubSlam) [combo x1.50]
[  6741   38.292 x1.00] LOG  [OniBoss:Touch] ClubSlam: club TOUCHED Yoru at clip 0.45 — shaft 0.59m from her body line, tip speed 113m/s, ONE FRAME EARLY (predicted). Full club hit delivered this frame.
[  6811   38.672 x1.00] LOG  [OniBoss:ClubPos] ClubSlam at strike: club tip 0.57m up, 2.90m in front, -0.19m to his right (2.91m out from his centre). Club faces 5deg from his forward, pitch -0.25. (the ground wave is born 1.6m in front of him at 0.35m.)
[  6811   38.672 x1.00] LOG  [OniBoss:Layer] ClubSlam: club already hit — ground wave released as VISUAL only (0 damage), finisher size x2.0.
[  6833   38.803 x1.00] LOG  [OniBoss] Attack → Recovery
[  6833   38.803 x1.00] LOG  [OniBoss] Playing animation: Watch
[  6833   38.803 x1.00] LOG  [OniBoss:Trail] trail END at clip 0.99, fading over 0.40s.
[  6833   38.803 x1.00] LOG  [OniBoss:Strike] ClubSlam: club tip closest to Yoru at 0.22m, clip position 0.85 | damage fires at 0.85 | clip 0.93s => MATCHED (within one or two frames)
[  6862   38.958 x1.00] LOG  [OniBoss] Recovery → Chase
[  6863   38.962 x1.00] LOG  [OniBoss] hold-ground: BACKSTEP 1.5m (player 3.0m)
[  6921   39.269 x1.00] LOG  🚶 2-LEG JUMP
[  6921   39.269 x1.00] LOG  🐾 Jump 1 VFX spawned!
[  6975   39.579 x1.00] LOG  [OniBoss] hold-ground: backstep done (0.98m), WATCH (player 4.3m, cooldown 1.2s)
[  6975   39.579 x1.00] LOG  [OniBoss] Playing animation: Idle
[  6976   39.583 x1.00] LOG  [OniBoss] Playing animation: Walk
[  6996   39.703 x1.00] LOG  [ComboTrace] LAUNCH OniBoss at 2.7m dist=2.67m in 0.27s [AIRBORNE]
[  6996   39.703 x1.00] LOG  [Combat] Aerial spin — 25 dmg
[  6996   39.703 x1.00] LOG  [AirPosePin] engaged, holding body at 2.079m above the transform
[  7023   39.859 x1.00] LOG  OniBoss took 10 damage. HP: 375/500
[  7023   39.859 x1.00] LOG  [OniBoss] Chase → HitReact
[  7023   39.859 x1.00] LOG  [OniBoss:Layer] react tier: LIGHT (10 dmg) → 'Hit_react_light'
[  7023   39.859 x1.00] LOG  [CameraGameFeel] Shake: intensity=0.50 duration=0.200s
[  7023   39.859 x1.00] LOG  [CameraGameFeel] FOV punch: hit light (+1.5°)
[  7041   39.973 x1.00] LOG  [ComboTrace] LAUNCH RESULT wanted=2.67m actually moved=2.07m — completed
[  7047   40.012 x1.00] LOG  OniBoss took 10 damage. HP: 365/500
[  7047   40.012 x1.00] LOG  [OniBoss:Layer] burst: 2 hits / 20 dmg → flinch upgraded to 'HitReact_medium'
[  7047   40.012 x1.00] LOG  [CameraGameFeel] Shake: intensity=0.18 duration=0.200s
[  7074   40.162 x1.00] LOG  OniBoss took 10 damage. HP: 355/500
[  7074   40.162 x1.00] LOG  [OniBoss] HitReact → Stagger
[  7074   40.162 x1.00] LOG  [OniBoss] Playing animation: Stagger
[  7074   40.162 x1.00] LOG  [OniBoss] STAGGERED for 2.5s
[  7074   40.162 x1.00] LOG  [OniBoss:Layer] heavy knock-back react (swirl burst, 3 hits / 30 dmg) → 'HitReact_Heavy', down for 1.80s
[  7074   40.162 x1.00] LOG  [OniBoss:Layer] burst: 3 hits / 30 dmg inside 0.8s → knock-back + 0.90m push
[  7074   40.162 x1.00] LOG  [CameraGameFeel] Shake: intensity=0.18 duration=0.200s
[  7079   40.199 x1.00] LOG  💨 Landing VFX spawned!
[  7079   40.199 x1.00] LOG  ✅ LANDED! (was jump #1)
[  7079   40.199 x1.00] LOG  [AirPosePin] released, peak correction was 1.295m
[  7129   40.469 x1.00] LOG  [ComboTrace] END step=3 clipProgress=0.91 clipLen=0.79s queued=0 elapsed=0.77s
[  7402   41.963 x1.00] LOG  [OniBoss] Stagger → Chase
[  7403   41.969 x1.00] LOG  [OniBoss] Playing animation: Watch
[  7403   41.969 x1.00] LOG  [OniBoss] Chase → Attack
[  7403   41.969 x1.00] LOG  [OniBoss] Attack: Club_Swing (16 dmg)
[  7403   41.969 x1.00] LOG  [OniBoss:Trail] Club_Swing trail START at clip 1.00 (transition done).
[  7467   42.337 x1.00] LOG  [OniBoss:ClubPos] Club_Swing at strike: club tip 3.02m up, 2.26m in front, -3.07m to his right (3.81m out from his centre). Club faces -87deg from his forward, pitch 0.41. (the ground wave is born 1.6m in front of him at 0.35m.)
[  7467   42.337 x1.00] LOG  [OniBoss:Layer] Club_Swing: club has not connected — ground wave released ARMED, 1.6m in front, 12m/s x 6.0m = 0.50s, carrying 8 (half of the club's 16).
[  7551   42.805 x1.00] LOG  [OniBoss] Attack → Recovery
[  7551   42.805 x1.00] LOG  [OniBoss] Playing animation: Watch
[  7551   42.805 x1.00] LOG  [OniBoss:Trail] trail END at clip 0.99, fading over 0.40s.
[  7551   42.805 x1.00] LOG  [OniBoss:Touch] Club_Swing: no touch this swing — closest 0.92m at clip 0.99, fastest tip 190m/s (radius 0.70, min speed 50).
[  7551   42.805 x1.00] LOG  [OniBoss:Strike] Club_Swing: club tip closest to Yoru at 0.94m, clip position 0.99 | damage fires at 0.42 | clip 0.84s => damage fires 478 ms BEFORE the club is closest
[  7557   42.840 x1.00] LOG  [OniBoss:Wave] armed wave expired UNTOUCHED — closest 2.71m to Yoru (hit width 1.60), she was grounded at the closest moment.
[  7577   42.956 x1.00] LOG  [OniBoss] Recovery → Chase
[  7578   42.964 x1.00] LOG  [OniBoss] hold-ground: BACKSTEP 1.5m (player 3.0m)
[  7733   43.814 x1.00] LOG  [OniBoss] hold-ground: backstep done (1.36m), WATCH (player 4.3m, cooldown 0.9s)
[  7733   43.814 x1.00] LOG  [OniBoss] Playing animation: Watch
[  7734   43.819 x1.00] LOG  [OniBoss] Playing animation: Walk
[  7829   44.360 x1.00] LOG  [OniBoss] Playing animation: Watch
[  7897   44.763 x1.00] LOG  [OniBoss] hold-ground: cooldown over, player 3.8m > 3.5m — APPROACH
[  7897   44.763 x1.00] LOG  [OniBoss] Playing animation: Walk
[  7987   45.243 x1.00] LOG  [OniBoss] Chase → Attack
[  7987   45.243 x1.00] LOG  [OniBoss] Attack: Club_Swing (16 dmg)
[  7987   45.243 x1.00] LOG  [OniBoss:Trail] Club_Swing trail START at clip 0.26 (transition done).
[  7990   45.259 x1.00] LOG  [OniBoss:Layer] step-in: 'Club_Swing' closed 0.07m, Yoru now 3.0m away (range 3.5)
[  8043   45.560 x1.00] LOG  [CameraGameFeel] Shake: intensity=0.20 duration=0.250s
[  8043   45.560 x1.00] LOG  [Combat] Hit react: HitReact_Light_2Leg (0.5s)
[  8043   45.560 x1.00] LOG  [HitReactTrace] asked for 'HitReact_Light_2Leg' (0.50s) — blend resolved after 0 ms, now playing a clip 1.00s long at speed 1.00, layer weight 1.00, animator.speed 1.00.
[  8043   45.560 x1.00] LOG  [CameraGameFeel] Shake: intensity=0.30 duration=0.200s
[  8043   45.560 x1.00] LOG  [CameraGameFeel] FOV punch: player damage (-2.0°)
[  8043   45.560 x1.00] LOG  [OniBoss] Hit player for 16 (Club_Swing)
[  8043   45.560 x1.00] LOG  [OniBoss:Touch] Club_Swing: club TOUCHED Yoru at clip 0.38 — shaft 0.68m from her body line, tip speed 172m/s, ONE FRAME EARLY (predicted). Full club hit delivered this frame.
[  8052   45.610 x1.00] LOG  [OniBoss:ClubPos] Club_Swing at strike: club tip 3.02m up, 2.32m in front, -3.04m to his right (3.83m out from his centre). Club faces -86deg from his forward, pitch 0.41. (the ground wave is born 1.6m in front of him at 0.35m.)
[  8052   45.610 x1.00] LOG  [OniBoss:Layer] Club_Swing: club already hit — ground wave released as VISUAL only (0 damage).
[  8137   46.080 x1.00] LOG  [OniBoss] Attack → Recovery
[  8137   46.080 x1.00] LOG  [OniBoss] Playing animation: Watch
[  8137   46.080 x1.00] LOG  [OniBoss:Trail] trail END at clip 0.99, fading over 0.40s.
[  8137   46.080 x1.00] LOG  [OniBoss:Strike] Club_Swing: club tip closest to Yoru at 1.50m, clip position 0.91 | damage fires at 0.42 | clip 0.84s => damage fires 415 ms BEFORE the club is closest
[  8166   46.234 x1.00] LOG  [OniBoss] Recovery → Chase
[  8167   46.240 x1.00] LOG  [OniBoss] hold-ground: BACKSTEP 1.5m (player 3.0m)
[  8313   47.070 x1.00] LOG  [OniBoss] hold-ground: backstep done (1.33m), WATCH (player 4.3m, cooldown 1.0s)
[  8313   47.070 x1.00] LOG  [OniBoss] Playing animation: Idle
[  8479   48.034 x1.00] LOG  [OniBoss] hold-ground: cooldown over, player 4.3m > 3.5m — APPROACH
[  8479   48.034 x1.00] LOG  [OniBoss] Playing animation: Walk
[  8603   48.741 x1.00] LOG  [OniBoss] Combo started: swing1-2 (2 steps remaining)
[  8603   48.741 x1.00] LOG  [OniBoss] Chase → Attack
[  8603   48.741 x1.00] LOG  [OniBoss] Attack: Club_Swing (16 dmg)
[  8603   48.741 x1.00] LOG  [OniBoss:Trail] Club_Swing trail START at clip 0.38 (transition done).
[  8606   48.760 x1.00] LOG  [OniBoss:Layer] step-in: 'Club_Swing' closed 0.07m, Yoru now 3.0m away (range 3.5)
[  8664   49.100 x1.00] LOG  [OniBoss:ClubPos] Club_Swing at strike: club tip 3.02m up, 2.66m in front, -2.87m to his right (3.91m out from his centre). Club faces -79deg from his forward, pitch 0.40. (the ground wave is born 1.6m in front of him at 0.35m.)
[  8664   49.100 x1.00] LOG  [OniBoss:Layer] Club_Swing: club has not connected — ground wave released ARMED, 1.6m in front, 12m/s x 6.0m = 0.50s, carrying 8 (half of the club's 16).
[  8665   49.111 x1.00] LOG  [Combat] Hit react: HitReact_Light_2Leg (0.5s)
[  8665   49.111 x1.00] LOG  [HitReactTrace] asked for 'HitReact_Light_2Leg' (0.50s) — blend resolved after 0 ms, now playing a clip 1.00s long at speed 1.00, layer weight 1.00, animator.speed 1.00.
[  8665   49.111 x1.00] LOG  [CameraGameFeel] Shake: intensity=0.30 duration=0.200s
[  8665   49.111 x1.00] LOG  [CameraGameFeel] FOV punch: player damage (-2.0°)
[  8665   49.111 x1.00] LOG  [OniBoss:Wave] wave TOUCHED Yoru (grounded) for 8 after 0.1m / 0.01s of travel.
[  8747   49.574 x1.00] LOG  [OniBoss] Attack → Recovery
[  8747   49.574 x1.00] LOG  [OniBoss] Playing animation: Watch
[  8747   49.574 x1.00] LOG  [OniBoss:Trail] trail END at clip 0.99, fading over 0.40s.
[  8747   49.574 x1.00] LOG  [OniBoss:Strike] Club_Swing: club tip closest to Yoru at 1.49m, clip position 0.91 | damage fires at 0.42 | clip 0.84s => damage fires 412 ms BEFORE the club is closest
[  8773   49.726 x1.00] LOG  [OniBoss] Recovery → Attack
[  8773   49.726 x1.00] LOG  [OniBoss] Attack: ClubSwing2 (16 dmg)
[  8773   49.726 x1.00] LOG  [OniBoss:Trail] ClubSwing2 trail START at clip 1.00 (transition still blending).
[  8827   50.062 x1.00] LOG  [CameraGameFeel] Shake: intensity=0.20 duration=0.250s
[  8827   50.062 x1.00] LOG  [Combat] Hit react: HitReact_Heavy_2Leg (0.9s)
[  8827   50.062 x1.00] LOG  [HitReactTrace] asked for 'HitReact_Heavy_2Leg' (0.90s) — blend resolved after 0 ms, now playing a clip 1.00s long at speed 1.00, layer weight 1.00, animator.speed 1.00.
[  8827   50.062 x1.00] LOG  [CameraGameFeel] Shake: intensity=0.60 duration=0.200s
[  8827   50.062 x1.00] LOG  [CameraGameFeel] FOV punch: player damage (-3.0°)
[  8827   50.062 x1.00] LOG  [OniBoss] Hit player for 24 (ClubSwing2) [combo x1.50]
[  8827   50.062 x1.00] LOG  [OniBoss:Touch] ClubSwing2: club TOUCHED Yoru at clip 0.29 — shaft 0.40m from her body line, tip speed 96m/s, ONE FRAME EARLY (predicted). Full club hit delivered this frame.
[  8837   50.112 x1.00] LOG  [OniBoss:ClubPos] ClubSwing2 at strike: club tip 0.09m up, 1.81m in front, 2.41m to his right (3.02m out from his centre). Club faces 5deg from his forward, pitch -0.88. (the ground wave is born 1.6m in front of him at 0.35m.)
[  8837   50.112 x1.00] LOG  [OniBoss:Layer] ClubSwing2: club already hit — ground wave released as VISUAL only (0 damage), finisher size x2.0.
[  8901   50.586 x1.00] LOG  [StormWeather] ⚡ strike at (476.93, 45.00, 448.65)
[  8954   50.891 x1.00] LOG  [OniBoss] Attack → Recovery
[  8954   50.891 x1.00] LOG  [OniBoss] Playing animation: Watch
[  8954   50.891 x1.00] LOG  [OniBoss:Trail] trail END at clip 0.99, fading over 0.40s.
[  8954   50.891 x1.00] LOG  [OniBoss:Strike] ClubSwing2: club tip closest to Yoru at 0.46m, clip position 0.30 | damage fires at 0.32 | clip 1.17s => MATCHED (within one or two frames)
[  8986   51.042 x1.00] LOG  [OniBoss] Recovery → Chase
[  8987   51.046 x1.00] LOG  [OniBoss] hold-ground: BACKSTEP 1.5m (player 3.0m)
[  9127   51.874 x1.00] LOG  [OniBoss] hold-ground: backstep done (1.32m), WATCH (player 4.3m, cooldown 1.0s)
[  9127   51.874 x1.00] LOG  [OniBoss] Playing animation: Watch
[  9268   52.702 x1.00] LOG  🚶 2-LEG JUMP
[  9268   52.702 x1.00] LOG  🐾 Jump 1 VFX spawned!
[  9293   52.846 x1.00] LOG  [OniBoss] hold-ground: cooldown over, player 4.3m > 3.5m — APPROACH
[  9293   52.846 x1.00] LOG  [OniBoss] Playing animation: Walk
[  9333   53.096 x1.00] LOG  [TailAirShot4Leg] entry refused: this airtime is not a 4 leg jump | y=1.78 ts=1.00 fdt=0.0200
[  9333   53.096 x0.10] LOG  [TailAirShot] ENTER, slow on, waiting for RMB, drawState=RightTail_Fast | y=1.78 ts=0.10 fdt=0.0020
[  9333   53.096 x0.10] LOG  [AirPosePin] engaged, holding body at 2.058m above the transform
[  9343   53.146 x1.00] LOG  [TailAirShot] EXIT (R released, nothing drawn) | y=1.83 ts=1.00 fdt=0.0200
[  9343   53.146 x1.00] LOG  [AirPosePin] released, peak correction was -0.019m
[  9405   53.531 x1.00] LOG  [OniBoss] Chase → Attack
[  9405   53.531 x1.00] LOG  [OniBoss] Attack: ClubSlam (20 dmg)
[  9405   53.531 x1.00] LOG  [OniBoss:Trail] ClubSlam trail START at clip 0.34 (transition done).
[  9428   53.671 x1.00] LOG  💨 Landing VFX spawned!
[  9428   53.671 x1.00] LOG  ✅ LANDED! (was jump #1)
[  9436   53.728 x1.00] LOG  🚶 2-LEG JUMP
[  9436   53.728 x1.00] LOG  🐾 Jump 1 VFX spawned!
[  9453   53.822 x1.00] LOG  [ComboTrace] LAUNCH OniBoss at 1.4m dist=1.44m in 0.14s [AIRBORNE]
[  9453   53.822 x1.00] LOG  [Combat] Aerial spin — 25 dmg
[  9453   53.822 x1.00] LOG  OniBoss took 10 damage. HP: 345/500
[  9453   53.822 x1.00] LOG  [OniBoss] 🤕 Hit during Attack — flash only
[  9453   53.822 x1.00] LOG  [CameraGameFeel] Shake: intensity=0.50 duration=0.200s
[  9453   53.822 x1.00] LOG  [CameraGameFeel] FOV punch: hit light (+1.5°)
[  9453   53.822 x1.00] LOG  [AirPosePin] engaged, holding body at 0.612m above the transform
[  9478   53.962 x1.00] LOG  [CameraGameFeel] Shake: intensity=0.50 duration=0.400s
[  9478   53.962 x1.00] LOG  [Combat] Hit react: HitReact_Heavy_2Leg (0.9s)
[  9478   53.962 x1.00] LOG  [HitReactTrace] asked for 'HitReact_Heavy_2Leg' (0.90s) — blend resolved after 0 ms, now playing a clip 0.79s long at speed 0.80, layer weight 1.00, animator.speed 1.00.
[  9478   53.962 x1.00] LOG  [CameraGameFeel] Shake: intensity=0.60 duration=0.200s
[  9478   53.962 x1.00] LOG  [CameraGameFeel] FOV punch: player damage (-3.0°)
[  9478   53.962 x1.00] LOG  [OniBoss] Hit player for 20 (ClubSlam)
[  9478   53.962 x1.00] LOG  [OniBoss:Touch] ClubSlam: club TOUCHED Yoru at clip 0.41 — shaft 0.20m from her body line, tip speed 116m/s, ONE FRAME EARLY (predicted). Full club hit delivered this frame.
[  9549   54.375 x1.00] LOG  [OniBoss:ClubPos] ClubSlam at strike: club tip 0.62m up, 2.89m in front, -0.30m to his right (2.90m out from his centre). Club faces 2deg from his forward, pitch -0.24. (the ground wave is born 1.6m in front of him at 0.35m.)
[  9549   54.375 x1.00] LOG  [OniBoss:Layer] ClubSlam: club already hit — ground wave released as VISUAL only (0 damage).
[  9570   54.500 x1.00] LOG  [OniBoss] Attack → Recovery
[  9570   54.500 x1.00] LOG  [OniBoss] Playing animation: Watch
[  9570   54.500 x1.00] LOG  [OniBoss:Trail] trail END at clip 0.99, fading over 0.40s.
[  9570   54.500 x1.00] LOG  [OniBoss:Strike] ClubSlam: club tip closest to Yoru at 1.51m, clip position 0.94 | damage fires at 0.85 | clip 0.93s => damage fires 80 ms BEFORE the club is closest
[  9596   54.652 x1.00] LOG  [OniBoss] Recovery → Chase
[  9597   54.656 x1.00] LOG  [OniBoss] hold-ground: BACKSTEP 1.5m (player 2.0m)
[  9600   54.668 x1.00] LOG  💨 Landing VFX spawned!
[  9600   54.668 x1.00] LOG  [AirPosePin] released, peak correction was 0.048m
[  9635   54.865 x1.00] LOG  ✅ LANDED! (was jump #0)
[  9640   54.892 x1.00] LOG  🚶 2-LEG JUMP
[  9640   54.892 x1.00] LOG  🐾 Jump 1 VFX spawned!
[  9655   54.976 x1.00] LOG  [ComboTrace] LAUNCH OniBoss at 1.1m dist=1.12m in 0.13s [AIRBORNE]
[  9655   54.976 x1.00] LOG  [Combat] Aerial spin — 25 dmg
[  9655   54.976 x1.00] LOG  OniBoss took 10 damage. HP: 335/500
[  9655   54.976 x1.00] LOG  [OniBoss] Chase → HitReact
[  9655   54.976 x1.00] LOG  [OniBoss:Layer] react tier: LIGHT (10 dmg) → 'Hit_react_light'
[  9655   54.976 x1.00] LOG  [CameraGameFeel] Shake: intensity=0.50 duration=0.200s
[  9655   54.976 x1.00] LOG  [CameraGameFeel] FOV punch: hit light (+1.5°)
[  9655   54.976 x1.00] LOG  [AirPosePin] engaged, holding body at 0.602m above the transform
[  9680   55.109 x1.00] LOG  [ComboTrace] LAUNCH RESULT wanted=1.12m actually moved=0.48m — completed
[  9684   55.126 x1.00] LOG  OniBoss took 10 damage. HP: 325/500
[  9684   55.126 x1.00] LOG  [OniBoss:Layer] burst: 2 hits / 20 dmg → flinch upgraded to 'HitReact_medium'
[  9684   55.126 x1.00] LOG  [CameraGameFeel] Shake: intensity=0.18 duration=0.200s
[  9709   55.279 x1.00] LOG  OniBoss took 10 damage. HP: 315/500
[  9709   55.279 x1.00] LOG  [OniBoss] HitReact → Stagger
[  9709   55.279 x1.00] LOG  [OniBoss] Playing animation: Stagger
[  9709   55.279 x1.00] LOG  [OniBoss] STAGGERED for 2.5s
[  9709   55.279 x1.00] LOG  [OniBoss:Layer] heavy knock-back react (swirl burst, 3 hits / 30 dmg) → 'HitReact_Heavy', down for 1.80s
[  9709   55.279 x1.00] LOG  [OniBoss:Layer] burst: 3 hits / 30 dmg inside 0.8s → knock-back + 0.90m push
[  9709   55.279 x1.00] LOG  [CameraGameFeel] Shake: intensity=0.18 duration=0.200s
[  9733   55.431 x1.00] LOG  OniBoss punish window! 10 → 15 (x1.5)
[  9733   55.431 x1.00] LOG  OniBoss took 15 damage. HP: 300/500
[  9733   55.431 x1.00] LOG  [CameraGameFeel] Shake: intensity=0.18 duration=0.200s
[  9757   55.582 x1.00] LOG  OniBoss punish window! 10 → 15 (x1.5)
[  9757   55.582 x1.00] LOG  OniBoss took 15 damage. HP: 285/500
[  9757   55.582 x1.00] LOG  [CameraGameFeel] Shake: intensity=0.18 duration=0.200s
[  9784   55.732 x1.00] LOG  [ComboTrace] END step=3 clipProgress=0.90 clipLen=0.79s queued=0 elapsed=0.76s
[  9785   55.736 x1.00] LOG  [AirPosePin] released, peak correction was -0.082m
[  9803   55.825 x1.00] LOG  💨 Landing VFX spawned!
[  9803   55.825 x1.00] LOG  ✅ LANDED! (was jump #1)
[  9824   55.942 x1.00] LOG  [Combat] Combo 1: 10 dmg
[  9824   55.942 x1.00] LOG  [ComboTrace] START step=1 state='Combo1' queued=0 target='OniBoss' at 3.5m
[  9824   55.942 x1.00] LOG  [ComboTrace] LAUNCH OniBoss at 2.2m dist=2.22m in 0.22s
[  9868   56.168 x1.00] LOG  [ComboTrace] LAUNCH RESULT wanted=2.22m actually moved=1.56m — completed
[  9869   56.178 x1.00] LOG  [Combat] Queued click #1 (combo 1)
[  9869   56.178 x1.00] LOG  [ComboTrace] QUEUED #1 during step 1
[  9911   56.406 x1.00] LOG  [Combat] Queued click #2 (combo 1)
[  9911   56.406 x1.00] LOG  [ComboTrace] QUEUED #2 during step 1
[  9939   56.552 x1.00] LOG  OniBoss punish window! 10 → 15 (x1.5)
[  9939   56.552 x1.00] LOG  OniBoss took 15 damage. HP: 270/500
[  9939   56.552 x1.00] LOG  [Combat] Hit OniBoss for 10
[  9939   56.552 x1.00] LOG  [CameraGameFeel] Shake: intensity=0.50 duration=0.200s
[  9939   56.552 x1.00] LOG  [CameraGameFeel] FOV punch: hit light (+1.5°)
[  9952   56.634 x1.00] LOG  [ComboTrace] CLICK IGNORED (step=1 queued=2)
[  9975   56.752 x1.00] LOG  🐾 VFX_AttackPaw triggered!
[  9999   56.892 x1.00] LOG  [Combat] Combo 2: 20 dmg
[  9999   56.892 x1.00] LOG  [ComboTrace] START step=2 state='Combo2' queued=1 target='OniBoss' at 2.9m
[  9999   56.892 x1.00] LOG  [ComboTrace] LAUNCH OniBoss at 1.6m dist=1.60m in 0.16s
[ 10027   57.052 x1.00] LOG  [ComboTrace] LAUNCH RESULT wanted=1.60m actually moved=0.90m — completed
[ 10032   57.080 x1.00] LOG  [OniBoss] Stagger → Chase
[ 10033   57.085 x1.00] LOG  [OniBoss] Playing animation: Idle
[ 10033   57.085 x1.00] LOG  [OniBoss] Combo started: ClubSwing1 → ClubSwing2 → ClubSlam (3 steps remaining)
[ 10033   57.085 x1.00] LOG  [OniBoss] Chase → Attack
[ 10033   57.085 x1.00] LOG  [OniBoss] Attack: Club_Swing (16 dmg)
[ 10033   57.085 x1.00] LOG  [OniBoss:Trail] Club_Swing trail START at clip 1.00 (transition done).
[ 10034   57.090 x1.00] LOG  [Combat] Queued click #2 (combo 2)
[ 10034   57.090 x1.00] LOG  [ComboTrace] QUEUED #2 during step 2
[ 10070   57.302 x1.00] LOG  [ComboTrace] CLICK IGNORED (step=2 queued=2)
[ 10090   57.402 x1.00] LOG  [CameraGameFeel] Shake: intensity=0.20 duration=0.250s
[ 10090   57.402 x1.00] LOG  [Combat] Hit react: HitReact_Light_2Leg (0.5s)
[ 10090   57.402 x1.00] LOG  [HitReactTrace] asked for 'HitReact_Light_2Leg' (0.50s) — blend resolved after 0 ms, now playing a clip 1.75s long at speed 1.60, layer weight 1.00, animator.speed 1.00.
[ 10090   57.402 x1.00] LOG  [CameraGameFeel] Shake: intensity=0.30 duration=0.200s
[ 10090   57.402 x1.00] LOG  [CameraGameFeel] FOV punch: player damage (-2.0°)
[ 10090   57.402 x1.00] LOG  [OniBoss] Hit player for 16 (Club_Swing)
[ 10090   57.402 x1.00] LOG  [OniBoss:Touch] Club_Swing: club TOUCHED Yoru at clip 0.38 — shaft 0.56m from her body line, tip speed 172m/s, ONE FRAME EARLY (predicted). Full club hit delivered this frame.
[ 10098   57.446 x1.00] LOG  [OniBoss:ClubPos] Club_Swing at strike: club tip 3.03m up, 2.19m in front, -3.10m to his right (3.79m out from his centre). Club faces -89deg from his forward, pitch 0.41. (the ground wave is born 1.6m in front of him at 0.35m.)
[ 10098   57.446 x1.00] LOG  [OniBoss:Layer] Club_Swing: club already hit — ground wave released as VISUAL only (0 damage).
[ 10181   57.922 x1.00] LOG  [OniBoss] Attack → Recovery
[ 10181   57.922 x1.00] LOG  [OniBoss] Playing animation: Watch
[ 10181   57.922 x1.00] LOG  [OniBoss:Trail] trail END at clip 0.99, fading over 0.40s.
[ 10181   57.922 x1.00] LOG  [OniBoss:Strike] Club_Swing: club tip closest to Yoru at 0.50m, clip position 0.90 | damage fires at 0.42 | clip 0.84s => damage fires 405 ms BEFORE the club is closest
[ 10192   57.983 x1.00] LOG  🚶 2-LEG JUMP
[ 10192   57.983 x1.00] LOG  🐾 Jump 1 VFX spawned!
[ 10203   58.043 x1.00] LOG  [ComboTrace] LAUNCH OniBoss at 0.7m dist=0.70m in 0.13s [AIRBORNE]
[ 10203   58.043 x1.00] LOG  [Combat] Aerial spin — 25 dmg
[ 10203   58.043 x1.00] LOG  OniBoss took 10 damage. HP: 260/500
[ 10203   58.043 x1.00] LOG  [OniBoss] Recovery → HitReact
[ 10203   58.043 x1.00] LOG  [OniBoss:Layer] react tier: LIGHT (10 dmg) → 'Hit_react_light'
[ 10203   58.043 x1.00] LOG  [CameraGameFeel] Shake: intensity=0.50 duration=0.200s
[ 10203   58.043 x1.00] LOG  [CameraGameFeel] FOV punch: hit light (+1.5°)
[ 10203   58.043 x1.00] LOG  [AirPosePin] engaged, holding body at 0.550m above the transform
[ 10227   58.180 x1.00] LOG  [ComboTrace] LAUNCH RESULT wanted=0.70m actually moved=0.00m — completed
[ 10231   58.197 x1.00] LOG  OniBoss took 10 damage. HP: 250/500
[ 10231   58.197 x1.00] LOG  [OniBoss:Layer] burst: 2 hits / 20 dmg → flinch upgraded to 'HitReact_medium'
[ 10231   58.197 x1.00] LOG  [CameraGameFeel] Shake: intensity=0.18 duration=0.200s
[ 10232   58.201 x1.00] LOG  [OniBoss] ⚡ PHASE 2 ACTIVATED
[ 10232   58.201 x1.00] LOG  [OniBoss] HitReact → Stagger
[ 10232   58.201 x1.00] LOG  [OniBoss] Playing animation: Stagger
[ 10232   58.201 x1.00] LOG  [OniBoss] STAGGERED for 2.5s
[ 10232   58.201 x1.00] LOG  [OniBoss] STAGGERED (parry) for 3s
[ 10232   58.201 x0.45] LOG  [Combat] Combat reset
[ 10232   58.201 x0.45] LOG  [OniBoss:Cine] CINEMATIC ON — hard cut, bars in, world at x0.45, roar at x0.80 + 0.9s linger, rise at x0.45, beat frames 27-37/94 at x0.20, hang 2.0s, orbit roar 120° / rise 40° / drop 30°, lens 65° locked, fill 0.70, screen-y 0.40/0.33, apex at clip 0.40.
[ 10232   58.201 x0.45] LOG  [OniBoss:Layer] PHASE 2: transition 'Phase_Transition' driven at x0.60 + 0.6s hold — untouchable, roar at 0.60
[ 10232   58.201 x0.45] LOG  [BossBar] Hiding bar INSTANTLY (cinematic)
[ 10232   58.201 x0.45] LOG  [OniBoss:Layer] boss bar hidden (cinematic)
[ 10232   58.201 x0.45] LOG  [AirPosePin] released, peak correction was -0.176m
[ 10233   58.208 x0.45] LOG  [OniBoss:Layer] PHASE 2: clip is 2.42s — cinematic: scream ~1.81s in + 0.9s linger
[ 10458   59.782 x0.45] LOG  💨 Landing VFX spawned!
[ 10458   59.782 x0.45] LOG  ✅ LANDED! (was jump #1)
[ 10491   60.023 x0.45] LOG  [CameraGameFeel] Shake: intensity=0.60 duration=0.500s
[ 10491   60.023 x0.45] LOG  [OniBoss:Layer] PHASE 2: roar at 1.46 clip-s
[ 10627   60.924 x0.45] LOG  [OniBoss:Layer] PHASE 2: transition over after 2.72s real — he is back, and angrier
[ 10627   60.924 x0.45] LOG  [OniBoss:Layer] PHASE 2: chaining into the GROUND POUND — no pause. The cinematic rides along until the top of the jump.
[ 10627   60.924 x0.45] LOG  [OniBoss] STAGGERED (parry) for 3s
[ 10627   60.924 x0.45] LOG  [OniBoss:Layer] GROUND POUND (phase-2 entrance): driving 'Ground_Pound' at x1.00, slam at 0.60, cinematic until the apex at 0.40
[ 10628   60.937 x0.45] LOG  [OniBoss:Layer] GROUND POUND: clip is 3.13s
[ 10940   62.937 x0.45] LOG  [StormWeather] storm break released
[ 10940   62.937 x0.45] LOG  [StormWeather] ⚡ strike at (477.80, 45.00, 424.28) x1.5
[ 10940   62.937 x0.45] LOG  [StormWeather] ⚡ strike at (478.63, 45.00, 426.30) x1.2
[ 10940   62.937 x0.45] LOG  [OniBoss:Cine] LIGHTNING BEAT — the SKY SHOW begins: 9 bolts converging from 14m (sky height), club strike at call AND climax, sky-fill 'LightningOrbSoftYellow' (club slot), 3 streamers, storm released.
[ 10941   62.946 x0.20] LOG  [StormWeather] ⚡ strike at (477.56, 45.00, 445.99)
[ 10941   62.946 x0.20] LOG  [StormWeather] COZY → 'Thunder Storm' (the sky answers — storm chaos)
[ 10941   62.946 x0.20] LOG  [StormWeather] PHASE 2 - storm breaking.
[ 11018   63.462 x0.20] LOG  [StormWeather] ⚡ strike at (466.99, 45.00, 415.76) x1.5
[ 11018   63.462 x0.20] LOG  [StormWeather] ⚡ strike at (469.92, 45.00, 416.22) x1.2
[ 11018   63.462 x0.20] LOG  [CameraGameFeel] Shake: intensity=0.15 duration=0.150s
[ 11055   63.726 x0.20] LOG  [StormWeather] ⚡ strike at (455.42, 45.00, 421.02) x1.5
[ 11055   63.726 x0.20] LOG  [StormWeather] ⚡ strike at (457.45, 45.00, 418.78) x1.2
[ 11055   63.726 x0.20] LOG  [CameraGameFeel] Shake: intensity=0.17 duration=0.150s
[ 11086   63.973 x0.20] LOG  [StormWeather] ⚡ strike at (456.10, 45.00, 422.14) x1.5
[ 11086   63.973 x0.20] LOG  [StormWeather] ⚡ strike at (457.96, 45.00, 419.95) x1.2
[ 11086   63.973 x0.20] LOG  [CameraGameFeel] Shake: intensity=0.19 duration=0.150s
[ 11117   64.193 x0.20] LOG  [StormWeather] ⚡ strike at (468.61, 45.00, 420.06) x1.5
[ 11117   64.193 x0.20] LOG  [StormWeather] ⚡ strike at (471.05, 45.00, 421.03) x1.2
[ 11117   64.193 x0.20] WARN The referenced script on this Behaviour (Game Object '<null>') is missing!
[ 11117   64.193 x0.20] WARN The referenced script on this Behaviour (Game Object 'Lightning Light') is missing!
[ 11117   64.193 x0.20] WARN The referenced script on this Behaviour (Game Object 'Lightning Light') is missing!
[ 11117   64.193 x0.20] LOG  [StormWeather] COZY thunder → Strike()
[ 11117   64.193 x0.20] LOG  [CameraGameFeel] Shake: intensity=0.21 duration=0.150s
[ 11143   64.393 x0.20] LOG  [StormWeather] ⚡ strike at (457.75, 45.00, 424.07) x1.5
[ 11143   64.393 x0.20] LOG  [StormWeather] ⚡ strike at (459.63, 45.00, 421.65) x1.2
[ 11143   64.393 x0.20] LOG  [CameraGameFeel] Shake: intensity=0.23 duration=0.150s
[ 11166   64.573 x0.20] LOG  [StormWeather] ⚡ strike at (470.45, 45.00, 424.24) x1.5
[ 11166   64.573 x0.20] LOG  [StormWeather] ⚡ strike at (472.32, 45.00, 426.19) x1.2
[ 11166   64.573 x0.20] LOG  [CameraGameFeel] Shake: intensity=0.24 duration=0.150s
[ 11182   64.733 x0.45] LOG  [StormWeather] ⚡ strike at (469.07, 45.00, 424.66) x1.5
[ 11182   64.733 x0.45] LOG  [StormWeather] ⚡ strike at (471.72, 45.00, 426.92) x1.2
[ 11182   64.733 x0.45] WARN The referenced script on this Behaviour (Game Object '<null>') is missing!
[ 11182   64.733 x0.45] WARN The referenced script on this Behaviour (Game Object 'Lightning Light') is missing!
[ 11182   64.733 x0.45] WARN The referenced script on this Behaviour (Game Object 'Lightning Light') is missing!
[ 11182   64.733 x0.45] LOG  [StormWeather] COZY thunder → Strike()
[ 11182   64.733 x0.45] LOG  [CameraGameFeel] Shake: intensity=0.26 duration=0.150s
[ 11197   64.884 x0.45] LOG  [StormWeather] ⚡ strike at (466.00, 45.00, 424.47) x1.5
[ 11197   64.884 x0.45] LOG  [StormWeather] ⚡ strike at (469.78, 45.00, 425.32) x1.2
[ 11197   64.884 x0.45] LOG  [CameraGameFeel] Shake: intensity=0.28 duration=0.150s
[ 11210   65.003 x0.45] LOG  [StormWeather] ⚡ strike at (465.61, 45.00, 425.67) x1.5
[ 11210   65.003 x0.45] LOG  [StormWeather] ⚡ strike at (468.67, 45.00, 426.26) x1.2
[ 11210   65.003 x0.45] LOG  [CameraGameFeel] Shake: intensity=0.30 duration=0.150s
[ 11217   65.095 x0.45] LOG  [StormWeather] ⚡ strike at (464.90, 45.00, 432.60)
[ 11217   65.095 x0.45] LOG  [CameraGameFeel] Shake: intensity=0.90 duration=0.500s
[ 11217   65.095 x0.45] LOG  [OniBoss:Cine] SKY SHOW CLIMAX — the club takes the storm.
[ 11403   66.617 x1.00] LOG  [OniBoss:Cine] the DROP at clip 0.40 (hung 2.0s) — full speed, the camera rides him DOWN.
[ 11422   66.753 x1.00] LOG  [OniBoss:Layer] sky show lights restored (show complete)
[ 11492   67.244 x1.00] LOG  [CameraGameFeel] FOV punch: hit light (+1.5°)
[ 11492   67.244 x1.00] LOG  [StormWeather] storm break released
[ 11492   67.244 x1.00] LOG  [OniBoss:Cine] CINEMATIC OFF (he LANDS at clip 0.60) — control returned, bars out, camera hands over in 0.30s. Lens locked at 65°; the camera stepped back to 28.1m at the farthest.
[ 11492   67.244 x1.00] LOG  [CameraGameFeel] Shake: intensity=1.10 duration=0.800s
[ 11492   67.244 x1.00] LOG  [OniBoss:Pound] SLAM at clip 0.60 (1.88 clip-s) — ring 12m/s out to 12m, 45 damage, jumpable.
[ 11493   67.250 x1.00] LOG  [BossBar] Showing bar for: Oni (250/500)
[ 11493   67.250 x1.00] LOG  [OniBoss:Layer] boss bar shown
[ 11493   67.250 x1.00] LOG  [BossBar] Bar switched to phase 2
[ 11493   67.250 x1.00] LOG  [OniBoss:Layer] boss bar → phase 2 crimson
[ 11508   67.344 x1.00] LOG  [Combat] Hit react: HitReact_Heavy_2Leg (0.9s)
[ 11508   67.344 x1.00] LOG  [HitReactTrace] asked for 'HitReact_Heavy_2Leg' (0.90s) — blend resolved after 0 ms, now playing a clip 1.00s long at speed 1.00, layer weight 1.00, animator.speed 1.00.
[ 11508   67.344 x1.00] LOG  [CameraGameFeel] Shake: intensity=0.60 duration=0.200s
[ 11508   67.344 x1.00] LOG  [CameraGameFeel] FOV punch: player damage (-3.0°)
[ 11508   67.344 x1.00] LOG  [OniBoss:Pound] shockwave CAUGHT Yoru (grounded) at 2.0m for 45.
[ 11607   67.878 x1.00] LOG  [StormWeather] storm post weight -> 1.00
[ 11680   68.280 x1.00] LOG  🚶 2-LEG JUMP
[ 11680   68.280 x1.00] LOG  🐾 Jump 1 VFX spawned!
[ 11717   68.495 x1.00] LOG  [OniBoss] Stagger → Chase
[ 11717   68.495 x1.00] LOG  [OniBoss:Cine] first-attack GRACE — at least 2.0s before he may swing.
[ 11717   68.495 x1.00] LOG  [OniBoss:Layer] GROUND POUND: done — the engine is his again.
[ 11718   68.499 x1.00] LOG  [OniBoss] Playing animation: Idle
[ 11831   69.214 x1.00] LOG  💨 Landing VFX spawned!
[ 11831   69.214 x1.00] LOG  ✅ LANDED! (was jump #1)
[ 11972   70.037 x1.00] LOG  
==================== [FREEZE-DEBUG v3] ====================
  Reason : WASD-NOMOVE: WASD recent + speed 0.00m/s for 0.40s
  Time   : 61.405s   Frame: 11972   Snaps: 60
===========================================================

--- CURRENT STATE ---
  Flags: atk=False hvy=False dod=False dsh=False
         grd=False hit=False aerial=False lockPos=False
         comboStep=0
  Anim : speed=1.00  combatLayer hash=-792875657 normT=1.788 weight=1.00 inTransition=False
  CC   : grounded=True  enabled=True  pos=(464.65, -0.02, 425.82)  vel=(0.00, 0.00, 0.00)
  Move : IsRunning=True
  Input: H=0.00 V=-1.00  LMB=False MMB=False Q=False Sp=False Sh=True C=False
         WASD pressed in last 0.5s: True (last 0.00s ago)

--- FLIGHT RECORDER (60 snapshots, oldest first, dt=0.10s) ---
  Legend: flags = A(tk) H(vy) D(od) S(sh) G(rd) R(eact) Y(aerial) L(ock)   gnd/cc: Y/n
  t-now    flags     step gnd cc anSp normT layW tr | posX     posZ     spd   | H    V    LMB MMB Q  Sp Sh C
  ------   --------  ---- --- -- ---- ----- ---- -- | -----    -----    ----  | ---- ---- --- --- -- -- -- -
  - 6.18s  --------    0  n   Y  1.00  0.61 1.00 -  |   464.9    427.6  0.00 |  0.0  0.0 0   0   0  0  0  0
  - 6.08s  --------    0  Y   Y  1.00  0.71 1.00 -  |   464.9    427.6  0.00 |  0.0  0.0 0   0   0  0  0  0
  - 5.98s  --------    0  Y   Y  1.00  0.81 1.00 -  |   464.9    427.6  0.00 |  0.0  0.0 0   0   0  0  0  0
  - 5.87s  --------    0  Y   Y  1.00  0.92 1.00 -  |   464.9    427.6  0.00 |  0.0  0.0 0   0   0  0  0  0
  - 5.77s  --------    0  Y   Y  1.00  1.02 1.00 -  |   464.9    427.6  0.00 |  0.0  0.0 0   0   0  0  0  0
  - 5.67s  --------    0  Y   Y  1.00  1.12 1.00 -  |   464.9    427.6  0.00 |  0.0  0.0 0   0   0  0  0  0
  - 5.57s  --------    0  Y   Y  1.00  1.23 1.00 -  |   464.9    427.6  0.00 |  0.0  0.0 0   0   0  0  0  0
  - 5.46s  --------    0  Y   Y  1.00  1.33 1.00 -  |   464.9    427.6  0.00 |  0.0  0.0 0   0   0  0  0  0
  - 5.36s  --------    0  Y   Y  1.00  1.43 1.00 -  |   464.9    427.6  0.00 |  0.0  0.0 0   0   0  0  0  0
  - 5.26s  --------    0  Y   Y  1.00  1.53 1.00 -  |   464.9    427.6  0.00 |  0.0  0.0 0   0   0  0  0  0
  - 5.16s  --------    0  Y   Y  1.00  1.63 1.00 -  |   464.9    427.6  0.00 |  0.0  0.0 0   0   0  0  0  0
  - 5.06s  --------    0  Y   Y  1.00  1.74 1.00 -  |   464.9    427.6  0.00 |  0.0  0.0 0   0   0  0  0  0
  - 4.96s  --------    0  Y   Y  1.00  1.84 1.00 -  |   464.9    427.6  0.00 |  0.0  0.0 0   0   0  0  0  0
  - 4.86s  --------    0  Y   Y  1.00  1.94 1.00 -  |   464.9    427.6  0.00 |  0.0  0.0 0   0   0  0  0  0
  - 4.75s  --------    0  Y   Y  1.00  2.04 1.00 -  |   464.9    427.6  0.00 |  0.0  0.0 0   0   0  0  0  0
  - 4.65s  --------    0  Y   Y  1.00  2.14 1.00 -  |   464.9    427.6  0.00 |  0.0  0.0 0   0   0  0  0  0
  - 4.55s  --------    0  Y   Y  1.00  2.24 1.00 -  |   464.9    427.6  0.00 |  0.0  0.0 0   0   0  0  0  0
  - 4.45s  --------    0  Y   Y  1.00  2.34 1.00 -  |   464.9    427.6  0.00 |  0.0  0.0 0   0   0  0  0  0
  - 4.35s  --------    0  Y   Y  1.00  2.44 1.00 -  |   464.9    427.6  0.00 |  0.0  0.0 0   0   0  0  0  0
  - 4.25s  --------    0  Y   Y  1.00  2.54 1.00 -  |   464.9    427.6  0.00 |  0.0  0.0 0   0   0  0  0  0
  - 4.15s  --------    0  Y   Y  1.00  2.65 1.00 -  |   464.9    427.6  0.00 |  0.0  0.0 0   0   0  0  0  0
  - 4.04s  --------    0  Y   Y  1.00  2.75 1.00 -  |   464.9    427.6  0.00 |  0.0  0.0 0   0   0  0  0  0
  - 3.94s  --------    0  Y   Y  1.00  2.85 1.00 -  |   464.9    427.6  0.00 |  0.0  0.0 0   0   0  0  0  0
  - 3.84s  --------    0  Y   Y  1.00  2.95 1.00 -  |   464.9    427.6  0.00 |  0.0  0.0 0   0   0  0  0  0
  - 3.74s  --------    0  Y   Y  1.00  3.06 1.00 -  |   464.9    427.6  0.00 |  0.0  0.0 0   0   0  0  0  0
  - 3.63s  --------    0  Y   Y  1.00  3.16 1.00 -  |   464.9    427.6  0.00 |  0.0  0.0 0   0   0  0  0  0
  - 3.53s  --------    0  Y   Y  1.00  3.26 1.00 -  |   464.9    427.6  0.00 |  0.0  0.0 0   0   0  0  0  0
  - 3.43s  --------    0  Y   Y  1.00  3.36 1.00 -  |   464.9    427.6  0.00 |  0.0  0.0 0   0   0  0  0  0
  - 3.32s  --------    0  Y   Y  1.00  3.47 1.00 -  |   464.9    427.6  0.00 |  0.0  0.0 0   0   0  0  0  0
  - 3.22s  --------    0  Y   Y  1.00  3.57 1.00 -  |   464.9    427.6  0.00 |  0.0  0.0 0   0   0  0  0  0
  - 3.10s  --------    0  Y   Y  1.00  3.67 1.00 -  |   464.9    427.6  0.00 |  0.0  0.0 0   0   0  0  0  0
  - 2.99s  --------    0  Y   Y  1.00  3.79 1.00 -  |   464.9    427.6  0.00 |  0.0  0.0 0   0   0  0  0  0
  - 2.89s  --------    0  Y   Y  1.00  3.90 1.00 -  |   464.9    427.6  0.00 |  0.0  0.0 0   0   0  0  0  0
  - 2.79s  --------    0  Y   Y  1.00  4.00 1.00 -  |   464.9    427.6  0.00 |  0.0  0.0 0   0   0  0  0  0
  - 2.68s  -----R--    0  Y   Y  1.00  4.11 1.00 T  |   464.9    427.6  0.00 |  0.0  0.0 0   0   0  0  0  0
  - 2.58s  -----R--    0  Y   Y  1.00  0.17 1.00 -  |   464.9    427.6  0.00 |  0.0  0.0 0   0   0  0  0  0
  - 2.48s  -----R--    0  Y   Y  1.00  0.26 1.00 -  |   464.9    427.6  0.00 |  0.0  0.0 0   0   0  0  0  0
  - 2.37s  -----R--    0  Y   Y  1.00  0.34 1.00 -  |   464.9    427.6  0.00 |  0.0  0.0 0   0   0  0  0  0
  - 2.27s  -----R--    0  Y   Y  1.00  0.43 1.00 -  |   464.9    427.6  0.00 |  0.0  0.0 0   0   0  0  0  0
  - 2.16s  -----R--    0  Y   Y  1.00  0.52 1.00 -  |   464.9    427.6  0.00 |  0.0  0.0 0   0   0  0  0  0
  - 2.06s  -----R--    0  Y   Y  1.00  0.60 1.00 -  |   464.9    427.6  0.00 |  0.0  0.0 0   0   0  0  0  0
  - 1.96s  -----R--    0  Y   Y  1.00  0.69 1.00 -  |   464.9    427.6  0.00 |  0.0  0.0 0   0   0  0  0  0
  - 1.85s  -----R--    0  Y   Y  1.00  0.77 1.00 -  |   464.9    427.6  0.00 |  0.0  0.0 0   0   0  0  0  0
  - 1.75s  --------    0  n   Y  1.00  0.86 1.00 T  |   464.9    427.6  0.00 |  0.0  0.0 0   0   0  1  0  0
  - 1.65s  --------    0  n   Y  1.00  0.14 1.00 -  |   464.9    427.6  0.00 |  0.0  0.0 0   0   0  1  0  0
  - 1.55s  --------    0  n   Y  1.00  0.24 1.00 -  |   464.9    427.6  0.00 |  0.0  0.0 0   0   0  0  0  0
  - 1.44s  --------    0  n   Y  1.00  0.35 1.00 -  |   464.9    427.6  0.00 |  0.0  0.0 0   0   0  0  0  0
  - 1.34s  --------    0  n   Y  1.00  0.44 1.00 -  |   464.9    427.6  0.00 |  0.0  0.0 0   0   0  0  0  0
  - 1.24s  --------    0  n   Y  1.00  0.54 1.00 -  |   464.9    427.6  0.00 |  0.0  0.0 0   0   0  0  0  0
  - 1.14s  --------    0  n   Y  1.00  0.65 1.00 -  |   464.9    427.6  0.00 |  0.0  0.0 0   0   0  0  0  0
  - 1.03s  --------    0  n   Y  1.00  0.75 1.00 -  |   464.9    427.6  0.00 |  0.0  0.0 0   0   0  1  0  0
  - 0.93s  --------    0  n   Y  1.00  0.86 1.00 -  |   464.9    427.6  0.00 |  0.0  0.0 0   0   0  1  0  0
  - 0.82s  --------    0  Y   Y  1.00  0.96 1.00 -  |   464.9    427.6  0.00 |  0.0  0.0 0   0   0  1  0  0
  - 0.72s  --------    0  Y   Y  1.00  1.07 1.00 -  |   464.9    427.6  0.00 |  0.0  0.0 0   0   0  0  0  0
  - 0.61s  --------    0  Y   Y  1.00  1.17 1.00 -  |   464.9    427.6  0.00 |  0.0  0.0 0   0   0  0  0  0
  - 0.51s  --------    0  Y   Y  1.00  1.28 1.00 -  |   464.9    427.6  0.00 |  0.0  0.0 0   0   0  0  0  0
  - 0.40s  --------    0  Y   Y  1.00  1.38 1.00 -  |   464.9    427.6  0.00 |  0.0  0.0 0   0   0  0  0  0
  - 0.30s  --------    0  Y   Y  1.00  1.48 1.00 -  |   464.9    427.5  0.00 |  0.0 -1.0 0   0   0  0  0  0
  - 0.19s  --------    0  Y   Y  1.00  1.59 1.00 -  |   464.8    427.2  0.00 |  0.0 -1.0 0   0   0  0  1  0
  - 0.09s  --------    0  Y   Y  1.00  1.69 1.00 -  |   464.7    426.5  0.00 |  0.0 -1.0 0   0   0  0  1  0
=========================================================== END

[ 11996   70.167 x1.00] LOG  [OniBoss] Playing animation: run
[ 12017   70.309 x1.00] LOG  🐾 4-LEG JUMP #0
[ 12017   70.309 x1.00] LOG  🐾 Jump 1 VFX spawned!
[ 12049   70.497 x1.00] LOG  [OniBoss] Pull-band decision: RUN-IN (dist 6.3m, pullRange 0m, chance 0.70)
[ 12106   70.858 x1.00] LOG  [ComboTrace] LAUNCH STEP (too far: OniBoss at 4.9m > engage 4.7m) dist=0.90m in 0.13s [AIRBORNE]
[ 12106   70.858 x1.00] LOG  [Combat] Aerial spin — 25 dmg
[ 12106   70.858 x1.00] LOG  [AirPosePin] engaged, holding body at 2.046m above the transform
[ 12129   70.993 x1.00] LOG  [ComboTrace] LAUNCH RESULT wanted=0.90m actually moved=0.27m — completed
[ 12172   71.248 x1.00] LOG  💨 Landing VFX spawned!
[ 12172   71.248 x1.00] LOG  ✅ LANDED! (was jump #1)
[ 12172   71.248 x1.00] LOG  [AirPosePin] released, peak correction was 1.263m
[ 12215   71.544 x1.00] LOG  [OniBoss] Playing animation: Watch
[ 12215   71.544 x1.00] LOG  [OniBoss] Chase → Attack
[ 12215   71.544 x1.00] LOG  [OniBoss] Attack: ClubSlam (20 dmg)
[ 12215   71.544 x1.00] LOG  [OniBoss:Trail] ClubSlam trail START at clip 1.00 (transition done).
[ 12220   71.568 x1.00] LOG  [ComboTrace] END step=3 clipProgress=0.90 clipLen=0.79s queued=0 elapsed=0.71s
[ 12234   71.644 x1.00] LOG  [OniBoss:Layer] step-in: 'ClubSlam' closed 0.46m, Yoru now 3.0m away (range 3.5)
[ 12289   71.954 x1.00] LOG  [CameraGameFeel] Shake: intensity=0.50 duration=0.400s
[ 12289   71.954 x1.00] LOG  [Combat] Hit react: HitReact_Heavy_2Leg (0.9s)
[ 12289   71.954 x1.00] LOG  [HitReactTrace] asked for 'HitReact_Heavy_2Leg' (0.90s) — blend resolved after 0 ms, now playing a clip 1.00s long at speed 1.00, layer weight 1.00, animator.speed 1.00.
[ 12289   71.954 x1.00] LOG  [CameraGameFeel] Shake: intensity=0.60 duration=0.200s
[ 12289   71.954 x1.00] LOG  [CameraGameFeel] FOV punch: player damage (-3.0°)
[ 12289   71.954 x1.00] LOG  [OniBoss] Hit player for 20 (ClubSlam)
[ 12289   71.954 x1.00] LOG  [OniBoss:Touch] ClubSlam: club TOUCHED Yoru at clip 0.44 — shaft 0.63m from her body line, tip speed 116m/s, ONE FRAME EARLY (predicted). Full club hit delivered this frame.
[ 12357   72.339 x1.00] LOG  [OniBoss:ClubPos] ClubSlam at strike: club tip 0.55m up, 2.91m in front, -0.16m to his right (2.91m out from his centre). Club faces 6deg from his forward, pitch -0.26. (the ground wave is born 1.6m in front of him at 0.35m.)
[ 12357   72.339 x1.00] LOG  [OniBoss:Layer] ClubSlam: club already hit — ground wave released as VISUAL only (0 damage).
[ 12376   72.468 x1.00] LOG  [OniBoss] Attack → Recovery
[ 12376   72.468 x1.00] LOG  [OniBoss] Playing animation: Watch
[ 12376   72.468 x1.00] LOG  [OniBoss:Trail] trail END at clip 0.99, fading over 0.40s.
[ 12376   72.468 x1.00] LOG  [OniBoss:Strike] ClubSlam: club tip closest to Yoru at 0.22m, clip position 0.85 | damage fires at 0.85 | clip 0.93s => MATCHED (within one or two frames)
[ 12403   72.622 x1.00] LOG  [OniBoss] Recovery → Chase
[ 12404   72.625 x1.00] LOG  [OniBoss] hold-ground: BACKSTEP 1.5m (player 3.0m)
[ 12540   73.456 x1.00] LOG  [OniBoss] hold-ground: backstep done (1.33m), WATCH (player 4.3m, cooldown 0.4s)
[ 12540   73.456 x1.00] LOG  [OniBoss] Playing animation: Idle
[ 12597   73.825 x1.00] LOG  [OniBoss] hold-ground: cooldown over, player 4.3m > 3.5m — APPROACH
[ 12597   73.825 x1.00] LOG  [OniBoss] Playing animation: Walk
[ 12709   74.529 x1.00] LOG  [OniBoss] Chase → Attack
[ 12709   74.529 x1.00] LOG  [OniBoss] Attack: ClubSwing2 (16 dmg)
[ 12709   74.529 x1.00] LOG  [OniBoss:Trail] ClubSwing2 trail START at clip 0.38 (transition done).
[ 12711   74.546 x1.00] LOG  [OniBoss:Layer] step-in: 'ClubSwing2' closed 0.08m, Yoru now 3.0m away (range 3.5)
[ 12765   74.867 x1.00] LOG  [CameraGameFeel] Shake: intensity=0.20 duration=0.250s
[ 12765   74.867 x1.00] LOG  [Combat] Hit react: HitReact_Light_2Leg (0.5s)
[ 12765   74.867 x1.00] LOG  [HitReactTrace] asked for 'HitReact_Light_2Leg' (0.50s) — blend resolved after 0 ms, now playing a clip 1.00s long at speed 1.00, layer weight 1.00, animator.speed 1.00.
[ 12765   74.867 x1.00] LOG  [CameraGameFeel] Shake: intensity=0.30 duration=0.200s
[ 12765   74.867 x1.00] LOG  [CameraGameFeel] FOV punch: player damage (-2.0°)
[ 12765   74.867 x1.00] LOG  [OniBoss] Hit player for 16 (ClubSwing2)
[ 12765   74.867 x1.00] LOG  [OniBoss:Touch] ClubSwing2: club TOUCHED Yoru at clip 0.29 — shaft 0.53m from her body line, tip speed 101m/s, ONE FRAME EARLY (predicted). Full club hit delivered this frame.
[ 12774   74.915 x1.00] LOG  [OniBoss:ClubPos] ClubSwing2 at strike: club tip 0.09m up, 1.82m in front, 2.41m to his right (3.02m out from his centre). Club faces 4deg from his forward, pitch -0.88. (the ground wave is born 1.6m in front of him at 0.35m.)
[ 12774   74.915 x1.00] LOG  [OniBoss:Layer] ClubSwing2: club already hit — ground wave released as VISUAL only (0 damage).
[ 12900   75.695 x1.00] LOG  [OniBoss] Attack → Recovery
[ 12900   75.695 x1.00] LOG  [OniBoss] Playing animation: Watch
[ 12900   75.695 x1.00] LOG  [OniBoss:Trail] trail END at clip 0.99, fading over 0.40s.
[ 12900   75.695 x1.00] LOG  [OniBoss:Strike] ClubSwing2: club tip closest to Yoru at 0.47m, clip position 0.30 | damage fires at 0.32 | clip 1.17s => MATCHED (within one or two frames)
[ 12925   75.847 x1.00] LOG  [OniBoss] Recovery → Chase
[ 12926   75.856 x1.00] LOG  [OniBoss] hold-ground: BACKSTEP 1.5m (player 3.0m)
[ 13063   76.686 x1.00] LOG  [OniBoss] hold-ground: backstep done (1.32m), WATCH (player 4.3m, cooldown 0.4s)
[ 13063   76.686 x1.00] LOG  [OniBoss] Playing animation: Watch
[ 13121   77.050 x1.00] LOG  [OniBoss] hold-ground: cooldown over, player 4.3m > 3.5m — APPROACH
[ 13121   77.050 x1.00] LOG  [OniBoss] Playing animation: Walk
[ 13233   77.750 x1.00] LOG  [OniBoss] Combo started: ClubSwing1 → ClubSwing2 → ClubSlam (3 steps remaining)
[ 13233   77.750 x1.00] LOG  [OniBoss] Chase → Attack
[ 13233   77.750 x1.00] LOG  [OniBoss] Attack: Club_Swing (16 dmg)
[ 13233   77.750 x1.00] LOG  [OniBoss:Trail] Club_Swing trail START at clip 0.38 (transition done).
[ 13237   77.770 x1.00] LOG  [OniBoss:Layer] step-in: 'Club_Swing' closed 0.08m, Yoru now 3.0m away (range 3.5)
[ 13288   78.075 x1.00] LOG  [CameraGameFeel] Shake: intensity=0.20 duration=0.250s
[ 13288   78.075 x1.00] LOG  [Combat] Hit react: HitReact_Light_2Leg (0.5s)
[ 13288   78.075 x1.00] LOG  [HitReactTrace] asked for 'HitReact_Light_2Leg' (0.50s) — blend resolved after 0 ms, now playing a clip 1.00s long at speed 1.00, layer weight 1.00, animator.speed 1.00.
[ 13288   78.075 x1.00] LOG  [CameraGameFeel] Shake: intensity=0.30 duration=0.200s
[ 13288   78.075 x1.00] LOG  [CameraGameFeel] FOV punch: player damage (-2.0°)
[ 13288   78.075 x1.00] LOG  [OniBoss] Hit player for 16 (Club_Swing)
[ 13288   78.075 x1.00] LOG  [OniBoss:Touch] Club_Swing: club TOUCHED Yoru at clip 0.39 — shaft 0.69m from her body line, tip speed 164m/s, ONE FRAME EARLY (predicted). Full club hit delivered this frame.
[ 13294   78.109 x1.00] LOG  [OniBoss:ClubPos] Club_Swing at strike: club tip 3.02m up, 2.44m in front, -2.99m to his right (3.86m out from his centre). Club faces -84deg from his forward, pitch 0.41. (the ground wave is born 1.6m in front of him at 0.35m.)
[ 13294   78.109 x1.00] LOG  [OniBoss:Layer] Club_Swing: club already hit — ground wave released as VISUAL only (0 damage).
[ 13371   78.590 x1.00] LOG  [OniBoss] Attack → Recovery
[ 13371   78.590 x1.00] LOG  [OniBoss] Playing animation: Watch
[ 13371   78.590 x1.00] LOG  [OniBoss:Trail] trail END at clip 0.99, fading over 0.40s.
[ 13371   78.590 x1.00] LOG  [OniBoss:Strike] Club_Swing: club tip closest to Yoru at 1.49m, clip position 0.91 | damage fires at 0.42 | clip 0.84s => damage fires 411 ms BEFORE the club is closest
[ 13397   78.743 x1.00] LOG  [OniBoss] Recovery → Attack
[ 13397   78.743 x1.00] LOG  [OniBoss] Attack: ClubSwing2 (16 dmg)
[ 13397   78.743 x1.00] LOG  [OniBoss:Trail] ClubSwing2 trail START at clip 1.00 (transition still blending).
[ 13410   78.828 x1.00] WARN The referenced script on this Behaviour (Game Object '<null>') is missing!
[ 13410   78.828 x1.00] WARN The referenced script on this Behaviour (Game Object 'Lightning Light') is missing!
[ 13410   78.828 x1.00] WARN The referenced script on this Behaviour (Game Object 'Lightning Light') is missing!
[ 13442   79.077 x1.00] LOG  [CameraGameFeel] Shake: intensity=0.20 duration=0.250s
[ 13442   79.077 x1.00] LOG  [Combat] Hit react: HitReact_Light_2Leg (0.5s)
[ 13442   79.077 x1.00] LOG  [HitReactTrace] asked for 'HitReact_Light_2Leg' (0.50s) — blend resolved after 0 ms, now playing a clip 1.00s long at speed 1.00, layer weight 1.00, animator.speed 1.00.
[ 13442   79.077 x1.00] LOG  [CameraGameFeel] Shake: intensity=0.30 duration=0.200s
[ 13442   79.077 x1.00] LOG  [CameraGameFeel] FOV punch: player damage (-2.0°)
[ 13442   79.077 x1.00] LOG  [OniBoss] Hit player for 20 (ClubSwing2) [combo x1.25]
[ 13442   79.077 x1.00] LOG  [OniBoss:Touch] ClubSwing2: club TOUCHED Yoru at clip 0.29 — shaft 0.52m from her body line, tip speed 94m/s, ONE FRAME EARLY (predicted). Full club hit delivered this frame.
[ 13451   79.130 x1.00] LOG  [OniBoss:ClubPos] ClubSwing2 at strike: club tip 0.19m up, 1.61m in front, 2.65m to his right (3.10m out from his centre). Club faces 16deg from his forward, pitch -0.89. (the ground wave is born 1.6m in front of him at 0.35m.)
[ 13451   79.130 x1.00] LOG  [OniBoss:Layer] ClubSwing2: club already hit — ground wave released as VISUAL only (0 damage).
[ 13487   79.396 x1.00] LOG  [StormWeather] ⚡ strike at (490.69, 45.00, 447.29)
[ 13529   79.651 x1.00] LOG  [StormWeather] terrain layers restored to dry values.
# end — 690 lines
