# Oni combat log — 2026-09-21 12:55:32
# Unity 6000.2.7f2 | scene 'CaveScene_Oni_Boss1' | platform OSXEditor
# columns: [frame realSeconds timeScale] KIND message      (KIND: LOG WARN ERR EXC TEL)
#
[     0    0.000 x1.00] LOG  [OniLog] console + telemetry → /Users/asenahazal/Documents/Yoru/OniLogs/oni_2026-09-21_12-55-32.log
[     0    0.000 x1.00] LOG  [OniHairShadows] shadow casting off on 27 hair renderers
[     0    0.000 x1.00] LOG  [RingMesh] Auto-found 11/11 left, 11/11 right meshes
[     1    0.000 x1.00] LOG  [PeachUI] row ready: 4 peaches, 64 px, TopLeft, bleed sprite set, PlayerHealth found
[     1    0.000 x1.00] LOG  [GameOver] ready (sumi-e): PlayerCombat found, ink shader ok, paper set, kanji set, font YujiSyuku-Regular SDF, Main Menu faint (no scene set)
[     1    0.000 x1.00] LOG  [BossBar] BossHealthBarUI initialized
[     1    0.000 x1.00] LOG  [StormWeather] layer 'TerrainLayer_Dirt_01' dry smoothness=0.00 (restore to this if a crash ever leaves it wet)
[     1    0.000 x1.00] LOG  [StormWeather] post volumes ready on layer 9 (storm priority 10, flash priority 11).
[     1    0.000 x1.00] LOG  [StormWeather] ROUND 80: fur weather ready on 'Weather Zone'. Rain 0, wind 0.50 in the open, sky check 30 m from 'PlayerYoru_1.1'.
[     1    0.000 x1.00] LOG  [StormWeather] COZY bridge: Rain_Cave retired, COZY owns the rain now.
[     1    0.000 x1.00] LOG  [StormWeather] COZY → 'Clear' (pre-fight - open sky, 0 s)
[     1    0.000 x1.00] LOG  [StormWeather] Ready. Open sky, dry floor. Waiting for the fight.
[     1    0.000 x1.00] LOG  OniBoss initialized with 2500 HP
[     1    0.000 x1.00] LOG  [OniBoss] ANIMATOR SETUP: cullingMode=CullUpdateTransforms updateMode=Normal applyRootMotion=False speed=1
[     1    0.000 x1.00] LOG  [OniBoss] Initialized
[     1    0.000 x1.00] LOG  [OniBoss:Layer] facing: minFlat 1m, snapOnAttack off, trackInHitReact off, aimTurn 540 deg/s for the first 0.20 of the swing
[     1    0.000 x1.00] LOG  [OniBoss:Layer] Yoru launch model ON: launches ALL THE WAY to an enemy within 4.7m of its surface at 10m/s (stop gap 0.00m, NO minimum distance), else steps 0.90m forward. Targeting cone left exactly as her prefab has it.
[     1    0.000 x1.00] LOG  [OniBoss:Layer] Yoru launch ROUND 9: airborne attacks launch too (ON), edge probe now runs on its OWN layer mask (Everything) instead of the line-of-sight mask - the Ground-only mask found no floor in this cave and was cancelling 100% of launches at 0.00m travelled.
[     1    0.000 x1.00] LOG  [OniBoss:Layer] animator speed x1.35 — his 1.13s swing now plays in 0.84s.
[     1    0.000 x1.00] LOG  [OniBoss:Layer] chase speed pushed: phase1 4.5, phase2 5.5 (Yoru runs at 7).
[     1    0.000 x1.00] LOG  [OniBoss:Layer] ground wave ON (round 38): half the club's damage on TOUCH, 12m/s x 6.0m from 1.6m in front at 0.35m height — a club hit cancels that swing's wave, jumping clears it. Per-attack effects come from the Swing Wave VFX By Attack rows. PlayerHealth found, PlayerMovement found.
[     1    0.000 x1.00] LOG  [StormWeather] storm break HELD (waiting for the lightning beat)
[     1    0.000 x1.00] LOG  [OniBoss:Layer] storm break HELD — it releases at the lightning-on-the-club beat.
[     1    0.000 x1.00] LOG  [OniBoss:Layer] club tracking ON — tip 'Kanabo3' (depth 4), shaft root 'kanabo'.
[     1    0.000 x1.00] LOG  [OniBoss:Layer] skinned meshes: 46 renderer(s), updateWhenOffscreen ON, body renderer 'Body' rootBone 'Hips'
[     1    0.000 x1.00] LOG  [OniBoss:Layer] charge travel bone: 'Hips' at depth 1 under 'OniBoss', rest local (0.00, 3.24, -0.24)
[     1    0.000 x1.00] LOG  [OniBoss:Layer] anti-kite ON: thrown swing after 4s of failed chase (within 7.6m), charge after 6s.
[     1    0.000 x1.00] LOG  [OniBoss:Layer] charge drive ON (windup to 0.40 at x1.3, rush 14m/s stops at 2.6m, steers 0.35s then commits, strike section from 0.58, strike moment 0.76, trail VFX off)
[     1    0.000 x1.00] LOG  [OniBoss:Layer] attack armor ON (his swings are not interrupted by light/medium hits; heavy hits and rapid-hit bursts still stop him)
[     1    0.000 x1.00] LOG  [OniBoss:Layer] strike moments overridden: Club_Swing=0.42 ClubSwing2=0.32 ClubSlam=0.85 KanaboSweep=0.48
[     1    0.000 x1.00] LOG  [OniBoss:Layer] club TOUCH hits ON (radius 0.70m, min tip speed 50m/s, armed from 0.20 of the clip): Club_Swing ClubSwing2 ClubSlam KanaboSweep. First touch wins — club full damage, wave half, one hit per swing.
[     1    0.000 x1.00] LOG  [OniBoss:Layer] combo damage ramp ON: mid x1.25, finisher x1.50 — finisher wave carries FULL damage at x2.0 size, x2.0 travel.
[     1    0.000 x1.00] LOG  [OniBoss:Layer] charge follow-up ON: 90 % of solo charges chain into a random melee finisher.
[     1    0.000 x1.00] LOG  [OniBoss:Layer] hold-ground ON (backstep 1.5m @ 1.6m/s after own attacks, watch 'Watch', attack facing LOCKED)
[     1    0.000 x1.00] LOG  [OniBoss:Layer] OniBoss layer ready (reactions, wake-on-hit, watch stance, boss bar). player=found
[     1    0.000 x1.00] LOG  [OniBoss:Layer] charge clip 'Oni Charge.fbx' imports with Root Motion Node = None (in place) — good.
[     1    0.000 x1.00] LOG  [OniBoss:Layer] clips importing with Root Transform Position (Y) NOT baked into pose (12): Oni_Alert(Oni Alert), Club_Slam(Oni Club Slam), Club_Swing(Oni Club Swing), Club_swing2(Oni Club Swing 2), Death(Oni Death Kneel), Hit_react_light(Oni Hit react lighter light), KanaboSweep(Oni Kanabo sweep), Phase_Transition(Oni Phase transition), run(Oni Run), Walk(Oni Walk), Watch(Oni Watch), Idle(Oni Idle) — their hips' up/down motion is stripped (see round notes; optional).
[     1    0.000 x1.00] LOG  === VFX MANAGER INITIALIZED ===
[     1    0.000 x1.00] LOG  Auto-detect animations: False
[     1    0.000 x1.00] LOG  Parent effects to tail: True
[     1    0.000 x1.00] LOG  Prefabs: Jump=True, Land=True, LTail=True, RTail=True
[     1    0.000 x1.00] LOG  ✅ Left Tail Tip: LeftTailTip_Anchor
[     1    0.000 x1.00] LOG  ✅ Right Tail Tip: RightTailTip_Anchor
[     1    0.000 x1.00] LOG  [VolumetricFogController] applyPresets is OFF in this scene. The Volumetric Fog component keeps its hand-set inspector values.
[     1    0.000 x1.00] LOG  [TailAirShot] Ready. drawState=RightTail_Fast castParam=TailCastSpeed (found)
  arrow leaves: PlayerYoru_1.1/Cat_All_10_Tails_v4/Group/DeformationSystem/root/Root_M/Tail15_R/Tail151_R/Tail152_R/Tail153_R/Tail154_R/Tail155_R/Tail156_R/Tail157_R/Tail158_R/Tail159_R/Tail1510_R/Tail1511_R/Tail1512_R/Tail6_R/Tail6_R_end/Tail6_R_end_end/Tail6_R_end_end_end/RightTailTip_Anchor
  aim VFX: PlayerYoru_1.1/Cat_All_10_Tails_v4/Group/DeformationSystem/root/Root_M/Tail15_R/Tail151_R/Tail152_R/Tail153_R/Tail154_R/Tail155_R/Tail156_R/Tail157_R/Tail158_R/Tail159_R/Tail1510_R/Tail1511_R/Tail1512_R/Tail6_R/Tail6_R_end/Tail6_R_end_end/Tail6_R_end_end_end/RightTailTip_Anchor/vfx_Muzzle_Fireball01Blue
[     1    0.000 x1.00] LOG  [RingMesh] VFX Status:
[     1    0.000 x1.00] LOG    Left: Prefab=✓, Spawn=Tail6_L_end_end_end
[     1    0.000 x1.00] LOG    Right: Prefab=✓, Spawn=Tail6_R_end_end_end
[     1    0.000 x1.00] LOG  [TailAirShot4Leg] Ready. drawState=shoot_4Leg castParam=Shoot4LegSpeed (found) readyFrame=5 fireFrame=10 frames=24 slowBudget=3s real damageMultiplier=2.00
  arrow leaves: PlayerYoru_1.1/Cat_All_10_Tails_v4/Group/DeformationSystem/root/Root_M/Tail15_R/Tail151_R/Tail152_R/Tail153_R/Tail154_R/Tail155_R/Tail156_R/Tail157_R/Tail158_R/Tail159_R/Tail1510_R/Tail1511_R/Tail1512_R/Tail6_R/Tail6_R_end/Tail6_R_end_end/Tail6_R_end_end_end/RightTailTip_Anchor
  aim VFX left:  PlayerYoru_1.1/Cat_All_10_Tails_v4/Group/DeformationSystem/root/Root_M/Tail15_L/Tail151_L/Tail152_L/Tail153_L/Tail154_L/Tail155_L/Tail156_L/Tail157_L/Tail158_L/Tail159_L/Tail1510_L/Tail1511_L/Tail1512_L/Tail6_L/Tail6_L_end/Tail6_L_end_end/Tail6_L_end_end_end/LeftTailTip_Anchor/Glow_4Leg_L
  aim VFX right: PlayerYoru_1.1/Cat_All_10_Tails_v4/Group/DeformationSystem/root/Root_M/Tail15_R/Tail151_R/Tail152_R/Tail153_R/Tail154_R/Tail155_R/Tail156_R/Tail157_R/Tail158_R/Tail159_R/Tail1510_R/Tail1511_R/Tail1512_R/Tail6_R/Tail6_R_end/Tail6_R_end_end/Tail6_R_end_end_end/RightTailTip_Anchor/Glow_4Leg_R
[     1    0.000 x1.00] LOG  [PlayerCombat] Phase 2 form gate CONNECTED (FormController found on this GameObject).
[     1    0.000 x1.00] LOG  [Combat] PlayerCombat initialized, Phase 3C v27
[     1    0.000 x1.00] LOG  [CameraGameFeel] CameraGameFeel initialized (shake + FOV)
[     1    5.822 x1.00] LOG  [OniBoss] Playing animation: Idle
[    57    7.284 x1.00] LOG  💨 Landing VFX spawned!
[    57    7.284 x1.00] LOG  ✅ LANDED! (was jump #0)
[  1754   14.221 x1.00] LOG  🐾 4-LEG JUMP #0
[  1754   14.221 x1.00] LOG  🐾 Jump 1 VFX spawned!
[  1891   14.796 x1.00] LOG  [TailAirShot] entry refused: this airtime is not a 2 leg jump | y=1.84 ts=1.00 fdt=0.0200
[  1891   14.796 x0.10] LOG  [TailAirShot4Leg] ENTER 4 leg, slow on for up to 3s real, waiting for the fire button, drawState=shoot_4Leg | y=1.84 ts=0.10 fdt=0.0020
[  1891   14.796 x0.10] LOG  [AirPosePin] engaged, holding body at 2.220m above the transform
[  1974   15.156 x0.10] LOG  [TailAirShot4Leg] DRAW started | y=1.75 ts=0.10 fdt=0.0020
[  2014   15.328 x0.10] LOG  [TailAirShot4Leg] READY, frozen on frame 5 | y=1.70 ts=0.10 fdt=0.0020
[  2211   16.194 x0.10] LOG  [TailAirShot4Leg] SHOT released (released from ready pose) | y=1.37 ts=0.10 fdt=0.0020
[  2215   16.212 x1.00] LOG  [TailAirShot4Leg] FINISHER (R released mid motion), motion completes and fires | y=1.36 ts=1.00 fdt=0.0200
[  2243   16.334 x1.00] LOG  [OniBoss:Layer] watch stance ON (player 15.0m)
[  2250   16.368 x1.00] LOG  [TailAirShot4Leg] FIRE, arrow away, dir=(0.65, -0.20, -0.73) damage=40 (20 x 2.00) | y=0.42 ts=1.00 fdt=0.0200
[  2259   16.414 x1.00] LOG  💨 Landing VFX spawned!
[  2259   16.414 x1.00] LOG  ✅ LANDED! (was jump #1)
[  2259   16.414 x1.00] LOG  [AirPosePin] released, peak correction was 0.068m
[  2337   16.755 x1.00] LOG  🐾 4-LEG JUMP #0
[  2337   16.755 x1.00] LOG  🐾 Jump 1 VFX spawned!
[  2342   16.775 x1.00] LOG  [AirPosePin] engaged, holding body at 0.700m above the transform
[  2355   16.828 x1.00] LOG  [TailAirShot4Leg] finisher done, fully idle | y=0.41 ts=1.00 fdt=0.0200
[  2355   16.828 x1.00] LOG  [AirPosePin] released, peak correction was 0.095m
[  2405   17.055 x1.00] LOG  [TailAirShot] entry refused: this airtime is not a 2 leg jump | y=1.58 ts=1.00 fdt=0.0200
[  2405   17.055 x0.10] LOG  [TailAirShot4Leg] ENTER 4 leg, slow on for up to 3s real, waiting for the fire button, drawState=shoot_4Leg | y=1.58 ts=0.10 fdt=0.0020
[  2405   17.055 x0.10] LOG  [AirPosePin] engaged, holding body at 0.895m above the transform
[  2443   17.216 x0.10] LOG  [TailAirShot4Leg] DRAW started | y=1.65 ts=0.10 fdt=0.0020
[  2481   17.388 x0.10] LOG  [TailAirShot4Leg] READY, frozen on frame 5 | y=1.69 ts=0.10 fdt=0.0020
[  2552   17.719 x0.10] LOG  [TailAirShot4Leg] SHOT released (released from ready pose) | y=1.77 ts=0.10 fdt=0.0020
[  2559   17.755 x1.00] LOG  [TailAirShot4Leg] FINISHER (R released mid motion), motion completes and fires | y=1.78 ts=1.00 fdt=0.0200
[  2590   17.900 x1.00] LOG  [TailAirShot4Leg] FIRE, arrow away, dir=(0.60, -0.08, -0.80) damage=40 (20 x 2.00) | y=1.91 ts=1.00 fdt=0.0200
[  2667   18.235 x1.00] LOG  [OniBoss] LostSoul → Alert
[  2667   18.235 x1.00] LOG  [OniBoss] Playing animation: Oni_Alert
[  2667   18.235 x1.00] LOG  [BossBar] Showing bar for: Oni (2500/2500)
[  2667   18.235 x1.00] LOG  [OniBoss:Layer] boss bar shown
[  2668   18.242 x1.00] LOG  [StormWeather] COZY → 'Yoru_Oni_Phase1_Storm' (fight engaged - storm rolls in, 0 s)
[  2668   18.242 x1.00] LOG  [StormWeather] FIGHT STARTED (he engaged) - storm on, floor starts to soak.
[  2678   18.285 x1.00] LOG  OniBoss took 40 damage. HP: 2460/2500
[  2678   18.285 x1.00] LOG  [OniBoss] Alert → Stagger
[  2678   18.285 x1.00] LOG  [OniBoss] Playing animation: Stagger
[  2678   18.285 x1.00] LOG  [OniBoss] STAGGERED for 2.5s
[  2678   18.285 x1.00] LOG  [OniBoss:Layer] heavy knock-back react (40 dmg) → 'HitReact_Heavy', down for 1.80s
[  2678   18.285 x1.00] LOG  [OniReactTrace] #1 HEAVY (0 dmg) asked for 'HitReact_Heavy': crossfade 0.08s, animator speed 1.35, world x1.00
[  2678   18.285 x1.00] LOG  [Momentum] 0 -> 1 (hit), speed x1.05, damage x1.05, impact x1.05
[  2678   18.285 x1.00] LOG  [CameraGameFeel] Shake: intensity=0.06 duration=0.080s
[  2679   18.304 x1.00] LOG  [OniReactTrace] #1 +0.02s state SOMETHING ELSE, clip on his bones '?' weight 0.00, blending INTO 'HitReact_Heavy', layer weight 1.00, animator speed 1.35, world x1.00, engine Stagger
[  2682   18.315 x1.00] LOG  💨 Landing VFX spawned!
[  2682   18.315 x1.00] LOG  ✅ LANDED! (was jump #1)
[  2682   18.315 x1.00] LOG  [AirPosePin] released, peak correction was 0.013m
[  2692   18.355 x1.00] LOG  [TailAirShot4Leg] finisher done, fully idle | y=-0.02 ts=1.00 fdt=0.0200
[  2700   18.388 x1.00] LOG  [OniReactTrace] #1 +0.10s state 'HitReact_Heavy' at 9 % of its 1.11s, clip on his bones 'Take 001' weight 1.00, layer weight 1.00, animator speed 1.35, world x1.00, engine Stagger
[  2724   18.505 x1.00] LOG  [StormWeather] fur: rain reaching the coat (intensity 0.01, follows floor wetness).
[  2733   18.539 x1.00] LOG  [OniReactTrace] #1 +0.25s state 'HitReact_Heavy' at 22 % of its 1.11s, clip on his bones 'Take 001' weight 1.00, layer weight 1.00, animator speed 1.35, world x1.00, engine Stagger
[  2772   18.735 x1.00] LOG  [OniReactTrace] #1 +0.45s state 'HitReact_Heavy' at 40 % of its 1.11s, clip on his bones 'Take 001' weight 1.00, layer weight 1.00, animator speed 1.35, world x1.00, engine Stagger
[  2821   18.986 x1.00] LOG  [OniReactTrace] #1 +0.70s state 'HitReact_Heavy' at 63 % of its 1.11s, clip on his bones 'Take 001' weight 1.00, layer weight 1.00, animator speed 1.35, world x1.00, engine Stagger
[  2834   19.040 x1.00] LOG  [StormWeather] storm post weight -> 0.40
[  2876   19.235 x1.00] LOG  [OniReactTrace] #1 +0.95s state 'HitReact_Heavy' at 85 % of its 1.11s, clip on his bones 'Take 001' weight 1.00, layer weight 1.00, animator speed 1.35, world x1.00, engine Stagger
[  2876   19.235 x1.00] LOG  [OniReactTrace] #1 HEAVY verdict: played to 85 % of the clip, so the reaction IS on screen and what is missing is movement inside the clip itself
[  2939   19.556 x1.00] LOG  🐾 4-LEG JUMP #0
[  2939   19.556 x1.00] LOG  🐾 Jump 1 VFX spawned!
[  3023   19.931 x1.00] LOG  [ComboTrace] LAUNCH OniBoss at 4.4m dist=3.20m in 0.32s (capped short) [AIRBORNE]
[  3023   19.931 x1.00] LOG  [Combat] Aerial spin, 25 dmg
[  3023   19.931 x1.00] LOG  [YoruVFX] Air spin: 'VFX_Void_Burst_AirSpinYoru' at CenterVFX, 46 systems, longest 1.00s fitted to 0.79s at speed 1.27, 8 forced Local, 38 delays zeroed, tail 2.37s
[  3023   19.931 x1.00] LOG  [AirPosePin] engaged, holding body at 1.344m above the transform
[  3050   20.085 x1.00] LOG  [OniBoss] Stagger → Chase
[  3051   20.090 x1.00] LOG  [OniBoss] Pull-band decision: RUN-IN (dist 3.6m, pullRange 0m, chance 0.50)
[  3051   20.090 x1.00] LOG  [OniBoss] Playing animation: run
[  3053   20.106 x1.00] LOG  [OniBoss] Playing animation: Idle
[  3053   20.106 x1.00] LOG  [OniBoss] Combo started: ClubSwing1 → ClubSwing2 → ClubSlam (3 steps remaining)
[  3053   20.106 x1.00] LOG  [OniBoss] Chase → Attack
[  3053   20.106 x1.00] LOG  [OniBoss] Attack: Club_Swing (16 dmg)
[  3053   20.106 x1.00] LOG  [OniBoss:Trail] Club_Swing trail START at clip 1.00 (transition still blending).
[  3077   20.236 x1.00] LOG  OniBoss took 10 damage. HP: 2450/2500
[  3077   20.236 x1.00] LOG  [OniBoss] 🤕 Hit during Attack — flash only
[  3077   20.236 x1.00] LOG  [Momentum] 1 -> 2 (hit), speed x1.10, damage x1.10, impact x1.10
[  3077   20.236 x1.00] LOG  [CameraGameFeel] Shake: intensity=0.06 duration=0.080s
[  3077   20.236 x1.00] LOG  [CameraGameFeel] Shake: intensity=0.55 duration=0.200s
[  3077   20.236 x1.00] LOG  [CameraGameFeel] FOV punch: hit light (+1.5°)
[  3080   20.256 x1.00] LOG  [ComboTrace] LAUNCH RESULT wanted=3.20m actually moved=4.12m, completed
[  3103   20.386 x1.00] LOG  OniBoss took 11 damage. HP: 2439/2500
[  3103   20.386 x1.00] LOG  [OniBoss] 🤕 Hit during Attack — flash only
[  3103   20.386 x1.00] LOG  [CameraGameFeel] Shake: intensity=0.19 duration=0.200s
[  3119   20.477 x1.00] LOG  💨 Landing VFX spawned!
[  3119   20.477 x1.00] LOG  ✅ LANDED! (was jump #1)
[  3119   20.477 x1.00] LOG  [AirPosePin] released, peak correction was 0.035m
[  3125   20.509 x1.00] LOG  [OniBoss:ClubPos] Club_Swing at strike: club tip 3.02m up, 2.82m in front, -2.76m to his right (3.95m out from his centre). Club faces -75deg from his forward, pitch 0.40. (the ground wave is born 1.6m in front of him at 0.35m.)
[  3125   20.509 x1.00] LOG  [OniBoss:Layer] Club_Swing: club has not connected — ground wave released ARMED, 1.6m in front, 12m/s x 6.0m = 0.50s, carrying 8 (half of the club's 16).
[  3126   20.515 x1.00] LOG  [Peach] light hit 8 dmg: 1 bite. 15/16 bites = 3.75 of 4 peaches
[  3126   20.515 x1.00] LOG  [Momentum] 2 -> 1 (light hit taken, 50% = -1), speed x1.05, damage x1.05, impact x1.05
[  3126   20.515 x1.00] LOG  [YoruVFX] Spin VFX stopped, fading for 2.37s
[  3126   20.515 x1.00] LOG  [Combat] Combo memory: light hit, keeping step 3
[  3126   20.515 x1.00] LOG  [Combat] Hit react: HitReact_Light_2Leg (0.5s, clip starts at 0.35s)
[  3126   20.515 x1.00] LOG  [CameraGameFeel] Shake: intensity=0.30 duration=0.200s
[  3126   20.515 x1.00] LOG  [CameraGameFeel] FOV punch: player damage (-2.0°)
[  3126   20.515 x1.00] LOG  [OniBoss:Wave] wave TOUCHED Yoru (grounded) for 8 after 0.1m / 0.01s of travel.
[  3130   20.539 x1.00] LOG  [HitReactTrace] asked for 'HitReact_Light_2Leg' (0.50s, clip start 0.35s): playing it, blend resolved after 24 ms, state 1.21s long at speed 1.00, now at 0.37s, layer weight 1.00, animator.speed 1.00.
[  3230   20.990 x1.00] LOG  [OniBoss] Attack → Recovery
[  3230   20.990 x1.00] LOG  [OniBoss] Playing animation: Watch
[  3230   20.990 x1.00] LOG  [OniBoss:Trail] trail END at clip 0.99, fading over 0.40s.
[  3230   20.990 x1.00] LOG  [OniBoss:Strike] Club_Swing: club tip closest to Yoru at 1.09m, clip position 0.92 | damage fires at 0.42 | clip 0.84s => damage fires 423 ms BEFORE the club is closest
[  3249   21.085 x1.00] LOG  [Combat] Combo 1: 10 dmg
[  3249   21.085 x1.00] LOG  [ComboTrace] START step=1 state='Combo1' queued=0 target='OniBoss' at 2.7m
[  3249   21.085 x1.00] LOG  [ComboTrace] LAUNCH OniBoss at 1.4m dist=1.39m in 0.14s
[  3262   21.145 x1.00] LOG  [OniBoss] Recovery → Attack
[  3262   21.145 x1.00] LOG  [OniBoss] Attack: ClubSwing2 (16 dmg)
[  3262   21.145 x1.00] LOG  [OniBoss:Trail] ClubSwing2 trail START at clip 1.00 (transition still blending).
[  3278   21.221 x1.00] LOG  [ComboTrace] LAUNCH RESULT wanted=1.39m actually moved=0.68m, completed
[  3287   21.271 x1.00] LOG  [Combat] Queued click #1 (combo 1)
[  3287   21.271 x1.00] LOG  [ComboTrace] QUEUED #1 during step 1
[  3331   21.472 x1.00] LOG  [Combat] Queued click #2 (combo 1)
[  3331   21.472 x1.00] LOG  [ComboTrace] QUEUED #2 during step 1
[  3332   21.476 x1.00] LOG  [CameraGameFeel] Shake: intensity=0.20 duration=0.250s
[  3332   21.476 x1.00] LOG  [Peach] light hit 20 dmg: 2 bites. 13/16 bites = 3.25 of 4 peaches
[  3332   21.476 x1.00] LOG  [Momentum] light hit inside the 1.0s grace, no cost (count 1)
[  3332   21.476 x1.00] LOG  [Combat] Combo memory: light hit, keeping step 1
[  3332   21.476 x1.00] LOG  [Combat] Hit react: HitReact_Light_2Leg (0.5s, clip starts at 0.35s)
[  3332   21.476 x1.00] LOG  [CameraGameFeel] Shake: intensity=0.30 duration=0.200s
[  3332   21.476 x1.00] LOG  [CameraGameFeel] FOV punch: player damage (-2.0°)
[  3332   21.476 x1.00] LOG  [OniBoss] Hit player for 20 (ClubSwing2) [combo x1.25]
[  3332   21.476 x1.00] LOG  [OniBoss:Touch] ClubSwing2: club TOUCHED Yoru at clip 0.28, shaft 0.66m from her body line, head 0.49 along the club, tip 1.48m up, tip speed 93m/s, ONE FRAME EARLY (predicted). Full club hit delivered this frame.
[  3333   21.482 x1.00] LOG  [HitReactTrace] asked for 'HitReact_Light_2Leg' (0.50s, clip start 0.35s): NOT playing it, another state took the combat layer, blend resolved after 6 ms, state 0.90s long at speed 1.60, now at 0.39s, layer weight 1.00, animator.speed 1.00.
[  3345   21.525 x1.00] LOG  [OniBoss:ClubPos] ClubSwing2 at strike: club tip 0.07m up, 1.87m in front, 2.34m to his right (3.00m out from his centre). Club faces 2deg from his forward, pitch -0.87. (the ground wave is born 1.6m in front of him at 0.35m.)
[  3345   21.525 x1.00] LOG  [OniBoss:Layer] ClubSwing2: club already hit — ground wave released as VISUAL only (0 damage).
[  3501   22.250 x1.00] LOG  [Combat] Combo 2: 20 dmg
[  3501   22.250 x1.00] LOG  [ComboTrace] START step=2 state='Combo2' queued=0 target='OniBoss' at 2.0m
[  3501   22.250 x1.00] LOG  [ComboTrace] LAUNCH OniBoss at 0.8m dist=0.79m in 0.13s
[  3514   22.309 x1.00] LOG  [OniBoss] Attack → Recovery
[  3514   22.309 x1.00] LOG  [OniBoss] Playing animation: Watch
[  3514   22.309 x1.00] LOG  [OniBoss:Trail] trail END at clip 0.99, fading over 0.40s.
[  3514   22.309 x1.00] LOG  [OniBoss:Strike] ClubSwing2: club tip closest to Yoru at 1.34m, clip position 0.30 | damage fires at 0.32 | clip 1.17s => MATCHED (within one or two frames)
[  3529   22.382 x1.00] LOG  [ComboTrace] LAUNCH RESULT wanted=0.79m actually moved=0.00m, completed
[  3538   22.427 x1.00] LOG  [Combat] Queued click #1 (combo 2)
[  3538   22.427 x1.00] LOG  [ComboTrace] QUEUED #1 during step 2
[  3545   22.461 x1.00] LOG  [OniBoss] Recovery → Attack
[  3545   22.461 x1.00] LOG  [OniBoss] Attack: ClubSlam (20 dmg)
[  3545   22.461 x1.00] LOG  [OniBoss:Trail] ClubSlam trail START at clip 1.00 (transition still blending).
[  3588   22.657 x1.00] LOG  [Combat] Queued click #2 (combo 2)
[  3588   22.657 x1.00] LOG  [ComboTrace] QUEUED #2 during step 2
[  3629   22.846 x1.00] LOG  🐾🐾 VFX_TowPaw triggered!
[  3631   22.859 x1.00] LOG  OniBoss took 21 damage. HP: 2418/2500
[  3631   22.859 x1.00] LOG  [OniBoss] 🤕 Hit during Attack — flash only
[  3631   22.859 x1.00] LOG  [Momentum] 1 -> 2 (hit), speed x1.10, damage x1.10, impact x1.10
[  3631   22.859 x1.00] LOG  [CameraGameFeel] Shake: intensity=0.06 duration=0.080s
[  3631   22.859 x1.00] LOG  [Combat] Hit OniBoss for 21
[  3631   22.859 x1.00] LOG  [CameraGameFeel] Shake: intensity=0.55 duration=0.200s
[  3631   22.859 x1.00] LOG  [CameraGameFeel] FOV punch: hit light (+1.5°)
[  3640   22.900 x1.00] LOG  [ComboTrace] CLICK IGNORED (step=2 queued=2)
[  3648   22.936 x1.00] LOG  [CameraGameFeel] Shake: intensity=0.50 duration=0.400s
[  3648   22.936 x1.00] LOG  [Peach] heavy hit 30 dmg: 4 bites. 9/16 bites = 2.25 of 4 peaches
[  3648   22.936 x1.00] LOG  [Momentum] 2 -> 0 (heavy hit taken, reset), speed x1.00, damage x1.00, impact x1.00
[  3648   22.936 x1.00] LOG  [Combat] Hit react: HitReact_Heavy_2Leg (0.9s, clip starts at 0.35s)
[  3648   22.936 x1.00] LOG  [CameraGameFeel] Shake: intensity=0.60 duration=0.200s
[  3648   22.936 x1.00] LOG  [CameraGameFeel] FOV punch: player damage (-3.0°)
[  3648   22.936 x1.00] LOG  [OniBoss] Hit player for 30 (ClubSlam) [combo x1.50]
[  3648   22.936 x1.00] LOG  [OniBoss:Touch] ClubSlam: club TOUCHED Yoru at clip 0.46, shaft 0.19m from her body line, head 0.52 along the club, tip 1.94m up, tip speed 97m/s. Full club hit delivered this frame.
[  3649   22.942 x1.00] LOG  [HitReactTrace] asked for 'HitReact_Heavy_2Leg' (0.90s, clip start 0.35s): NOT playing it, another state took the combat layer, blend resolved after 6 ms, state 1.28s long at speed 1.60, now at 0.64s, layer weight 1.00, animator.speed 1.00.
[  3721   23.306 x1.00] LOG  [OniBoss:ClubPos] ClubSlam at strike: club tip 0.58m up, 2.90m in front, -0.21m to his right (2.91m out from his centre). Club faces 5deg from his forward, pitch -0.25. (the ground wave is born 1.6m in front of him at 0.35m.)
[  3721   23.306 x1.00] LOG  [OniBoss:Layer] ClubSlam: club already hit — ground wave released as VISUAL only (0 damage), finisher size x2.0.
[  3742   23.430 x1.00] LOG  [OniBoss] Attack → Recovery
[  3742   23.430 x1.00] LOG  [OniBoss] Playing animation: Watch
[  3742   23.430 x1.00] LOG  [OniBoss:Trail] trail END at clip 0.99, fading over 0.40s.
[  3742   23.430 x1.00] LOG  [OniBoss:Strike] ClubSlam: club tip closest to Yoru at 0.52m, clip position 0.94 | damage fires at 0.85 | clip 0.93s => damage fires 82 ms BEFORE the club is closest
[  3772   23.581 x1.00] LOG  [OniBoss] Recovery → Chase
[  3773   23.586 x1.00] LOG  [OniBoss] hold-ground: BACKSTEP 1.5m (player 2.3m)
[  3851   23.950 x1.00] LOG  [Combat] Combo 1: 10 dmg
[  3851   23.950 x1.00] LOG  [ComboTrace] START step=1 state='Combo1' queued=0 target='OniBoss' at 2.9m
[  3851   23.950 x1.00] LOG  [ComboTrace] LAUNCH OniBoss at 1.6m dist=1.62m in 0.16s
[  3886   24.113 x1.00] LOG  [ComboTrace] LAUNCH RESULT wanted=1.62m actually moved=1.16m, completed
[  3918   24.260 x1.00] LOG  [Combat] Queued click #1 (combo 1)
[  3918   24.260 x1.00] LOG  [ComboTrace] QUEUED #1 during step 1
[  3952   24.420 x1.00] LOG  OniBoss took 10 damage. HP: 2408/2500
[  3952   24.420 x1.00] LOG  [OniBoss] Chase → HitReact
[  3952   24.420 x1.00] LOG  [OniBoss:Layer] react tier: LIGHT (10 dmg) → 'Hit_react_light'
[  3952   24.420 x1.00] LOG  [OniReactTrace] #2 LIGHT (10 dmg) asked for 'Hit_react_light': crossfade 0.08s, animator speed 1.35, world x1.00
[  3952   24.420 x1.00] LOG  [Momentum] 0 -> 1 (hit), speed x1.05, damage x1.05, impact x1.05
[  3952   24.420 x1.00] LOG  [CameraGameFeel] Shake: intensity=0.06 duration=0.080s
[  3952   24.420 x1.00] LOG  [Combat] Hit OniBoss for 10
[  3952   24.420 x1.00] LOG  [CameraGameFeel] Shake: intensity=0.53 duration=0.200s
[  3952   24.420 x1.00] LOG  [CameraGameFeel] FOV punch: hit light (+1.5°)
[  3953   24.425 x1.00] LOG  [OniReactTrace] #2 +0.00s state SOMETHING ELSE, clip on his bones 'Take 001' weight 1.00, layer weight 1.00, animator speed 0.00, world x1.00, engine HitReact
[  3974   24.521 x1.00] LOG  [OniReactTrace] #2 +0.10s state SOMETHING ELSE, clip on his bones 'Take 001' weight 0.07, blending INTO 'Hit_react_light', layer weight 1.00, animator speed 1.35, world x1.00, engine HitReact
[  3977   24.536 x1.00] LOG  [Combat] Queued click #2 (combo 1)
[  3977   24.536 x1.00] LOG  [ComboTrace] QUEUED #2 during step 1
[  3990   24.588 x1.00] LOG  🐾 VFX_AttackPaw triggered!
[  4012   24.676 x1.00] LOG  [OniReactTrace] #2 +0.26s state 'Hit_react_light' at 36 % of its 0.59s, clip on his bones 'Take 001' weight 1.00, layer weight 1.00, animator speed 1.35, world x1.00, engine HitReact
[  4016   24.696 x1.00] LOG  [Combat] Combo 2: 20 dmg
[  4016   24.696 x1.00] LOG  [ComboTrace] START step=2 state='Combo2' queued=1 target='OniBoss' at 2.5m
[  4016   24.696 x1.00] LOG  [ComboTrace] LAUNCH OniBoss at 1.3m dist=1.26m in 0.13s
[  4046   24.829 x1.00] LOG  [ComboTrace] LAUNCH RESULT wanted=1.26m actually moved=0.54m, completed
[  4058   24.875 x1.00] LOG  [OniReactTrace] #2 +0.45s state 'Hit_react_light' at 69 % of its 0.59s, clip on his bones 'Take 001' weight 1.00, layer weight 1.00, animator speed 1.35, world x1.00, engine HitReact
[  4085   24.989 x1.00] LOG  [Combat] Queued click #2 (combo 2)
[  4085   24.989 x1.00] LOG  [ComboTrace] QUEUED #2 during step 2
[  4116   25.121 x1.00] LOG  [OniReactTrace] #2 +0.70s state 'Hit_react_light' at 100 % of its 0.59s, clip on his bones 'Take 001' weight 1.00, layer weight 1.00, animator speed 1.35, world x1.00, engine HitReact
[  4139   25.226 x1.00] LOG  [OniBoss] HitReact → Chase
[  4140   25.230 x1.00] LOG  [OniBoss] Playing animation: Watch
[  4148   25.270 x1.00] LOG  [ComboTrace] CLICK IGNORED (step=2 queued=2)
[  4154   25.296 x1.00] LOG  🐾🐾 VFX_TowPaw triggered!
[  4159   25.314 x1.00] LOG  OniBoss took 21 damage. HP: 2387/2500
[  4159   25.314 x1.00] LOG  [OniBoss] 🤕 Hit during Chase — flash only
[  4159   25.314 x1.00] LOG  [Momentum] 1 -> 2 (hit), speed x1.10, damage x1.10, impact x1.10
[  4159   25.314 x1.00] LOG  [CameraGameFeel] Shake: intensity=0.06 duration=0.080s
[  4159   25.314 x1.00] LOG  [Combat] Hit OniBoss for 21
[  4159   25.314 x1.00] LOG  [CameraGameFeel] Shake: intensity=0.55 duration=0.200s
[  4159   25.314 x1.00] LOG  [CameraGameFeel] FOV punch: hit light (+1.5°)
[  4171   25.371 x1.00] LOG  [OniReactTrace] #2 +0.95s state 'Hit_react_light' at 100 % of its 0.59s, clip on his bones 'Take 001' weight 0.47, blending into a DIFFERENT state, layer weight 1.00, animator speed 1.35, world x1.00, engine Chase
[  4171   25.371 x1.00] LOG  [OniReactTrace] #2 LIGHT verdict: played to 100 % of the clip, so the reaction IS on screen and what is missing is movement inside the clip itself
[  4174   25.386 x1.00] LOG  [OniBoss] Combo started: ClubSwing1 → ClubSwing2 → ClubSlam (3 steps remaining)
[  4174   25.386 x1.00] LOG  [OniBoss] Chase → Attack
[  4174   25.386 x1.00] LOG  [OniBoss] Attack: Club_Swing (16 dmg)
[  4174   25.386 x1.00] LOG  [OniBoss:Trail] Club_Swing trail START at clip 1.00 (transition still blending).
[  4206   25.536 x1.00] LOG  [ComboTrace] CLICK IGNORED (step=2 queued=2)
[  4239   25.696 x1.00] LOG  🐾🐾 VFX_TowPaw triggered!
[  4246   25.722 x1.00] LOG  [Combat] Combo 3: 35 dmg
[  4246   25.722 x1.00] LOG  [ComboTrace] START step=3 state='Combo3' queued=1 target='OniBoss' at 2.3m
[  4246   25.722 x1.00] LOG  [ComboTrace] LAUNCH OniBoss at 1.1m dist=1.09m in 0.13s
[  4246   25.722 x1.00] LOG  [YoruVFX] Ground hazard: 'VFX_Void_Area_GroundSpinYORU' laid at GroundVFX ((484.34, 0.53, 402.98)), floor tilt 9.4 deg, 17 delays shifted by 2.00s, own lifetime 8.98s
[  4246   25.722 x1.00] LOG  [Combat] Hazard zone tick: OniBoss for 25
[  4246   25.722 x1.00] LOG  [Combat] Hazard zone laid: 8.98s, 25 dmg every 0.50s in 2.00m
[  4250   25.744 x1.00] LOG  [OniBoss:ClubPos] Club_Swing at strike: club tip 3.02m up, 2.59m in front, -2.91m to his right (3.89m out from his centre). Club faces -80deg from his forward, pitch 0.40. (the ground wave is born 1.6m in front of him at 0.35m.)
[  4250   25.744 x1.00] LOG  [OniBoss:Layer] Club_Swing: club has not connected — ground wave released ARMED, 1.6m in front, 12m/s x 6.0m = 0.50s, carrying 8 (half of the club's 16).
[  4251   25.748 x1.00] LOG  [Peach] light hit 8 dmg: 1 bite. 8/16 bites = 2 of 4 peaches
[  4251   25.748 x1.00] LOG  [Momentum] 2 -> 1 (light hit taken, 50% = -1), speed x1.05, damage x1.05, impact x1.05
[  4251   25.748 x1.00] LOG  [Combat] Combo memory: light hit, keeping step 3
[  4251   25.748 x1.00] LOG  [Combat] Hit react: HitReact_Light_2Leg (0.5s, clip starts at 0.35s)
[  4251   25.748 x1.00] LOG  [CameraGameFeel] Shake: intensity=0.30 duration=0.200s
[  4251   25.748 x1.00] LOG  [CameraGameFeel] FOV punch: player damage (-2.0°)
[  4251   25.748 x1.00] LOG  [OniBoss:Wave] wave TOUCHED Yoru (grounded) for 8 after 0.1m / 0.00s of travel.
[  4256   25.770 x1.00] LOG  [HitReactTrace] asked for 'HitReact_Light_2Leg' (0.50s, clip start 0.35s): playing it, blend resolved after 22 ms, state 1.21s long at speed 1.00, now at 0.37s, layer weight 1.00, animator.speed 1.00.
[  4354   26.221 x1.00] LOG  [OniBoss] Attack → Recovery
[  4354   26.221 x1.00] LOG  [OniBoss] Playing animation: Watch
[  4354   26.221 x1.00] LOG  [OniBoss:Trail] trail END at clip 0.99, fading over 0.40s.
[  4354   26.221 x1.00] LOG  [OniBoss:Strike] Club_Swing: club tip closest to Yoru at 0.48m, clip position 0.91 | damage fires at 0.42 | clip 0.84s => damage fires 410 ms BEFORE the club is closest
[  4355   26.226 x1.00] LOG  [Combat] Hazard zone tick: OniBoss for 25
[  4389   26.371 x1.00] LOG  [OniBoss] Recovery → Attack
[  4389   26.371 x1.00] LOG  [OniBoss] Attack: ClubSwing2 (16 dmg)
[  4389   26.371 x1.00] LOG  [OniBoss:Trail] ClubSwing2 trail START at clip 1.00 (transition still blending).
[  4460   26.701 x1.00] LOG  [CameraGameFeel] Shake: intensity=0.20 duration=0.250s
[  4460   26.701 x1.00] LOG  [Peach] light hit 20 dmg: 2 bites. 6/16 bites = 1.5 of 4 peaches
[  4460   26.701 x1.00] LOG  [Momentum] light hit inside the 1.0s grace, no cost (count 1)
[  4460   26.701 x1.00] LOG  [Combat] Combo memory: light hit, keeping step 3
[  4460   26.701 x1.00] LOG  [Combat] Hit react: HitReact_Light_2Leg (0.5s, clip starts at 0.35s)
[  4460   26.701 x1.00] LOG  [CameraGameFeel] Shake: intensity=0.30 duration=0.200s
[  4460   26.701 x1.00] LOG  [CameraGameFeel] FOV punch: player damage (-2.0°)
[  4460   26.701 x1.00] LOG  [OniBoss] Hit player for 20 (ClubSwing2) [combo x1.25]
[  4460   26.701 x1.00] LOG  [OniBoss:Touch] ClubSwing2: club TOUCHED Yoru at clip 0.28, shaft 0.69m from her body line, head 0.48 along the club, tip 1.59m up, tip speed 93m/s, ONE FRAME EARLY (predicted). Full club hit delivered this frame.
[  4461   26.707 x1.00] LOG  [HitReactTrace] asked for 'HitReact_Light_2Leg' (0.50s, clip start 0.35s): NOT playing it, another state took the combat layer, blend resolved after 6 ms, state 1.00s long at speed 1.00, now at 0.45s, layer weight 1.00, animator.speed 1.00.
[  4465   26.727 x1.00] LOG  [Combat] Hazard zone tick: OniBoss for 25
[  4468   26.749 x1.00] LOG  [OniBoss:ClubPos] ClubSwing2 at strike: club tip 0.04m up, 1.96m in front, 2.23m to his right (2.97m out from his centre). Club faces -3deg from his forward, pitch -0.86. (the ground wave is born 1.6m in front of him at 0.35m.)
[  4468   26.749 x1.00] LOG  [OniBoss:Layer] ClubSwing2: club already hit — ground wave released as VISUAL only (0 damage).
[  4568   27.227 x1.00] LOG  [Combat] Hazard zone tick: OniBoss for 25
[  4638   27.537 x1.00] LOG  [OniBoss] Attack → Recovery
[  4638   27.537 x1.00] LOG  [OniBoss] Playing animation: Watch
[  4638   27.537 x1.00] LOG  [OniBoss:Trail] trail END at clip 0.99, fading over 0.40s.
[  4638   27.537 x1.00] LOG  [OniBoss:Strike] ClubSwing2: club tip closest to Yoru at 1.33m, clip position 0.30 | damage fires at 0.32 | clip 1.17s => MATCHED (within one or two frames)
[  4670   27.691 x1.00] LOG  [OniBoss] Recovery → Attack
[  4670   27.691 x1.00] LOG  [OniBoss] Attack: ClubSlam (20 dmg)
[  4670   27.691 x1.00] LOG  [OniBoss:Trail] ClubSlam trail START at clip 1.00 (transition still blending).
[  4679   27.730 x1.00] LOG  [Combat] Hazard zone tick: OniBoss for 25
[  4693   27.797 x1.00] LOG  [Combat] Combo 1: 10 dmg
[  4693   27.797 x1.00] LOG  [ComboTrace] START step=1 state='Combo1' queued=0 target='OniBoss' at 2.0m
[  4693   27.797 x1.00] LOG  [ComboTrace] LAUNCH OniBoss at 0.8m dist=0.80m in 0.13s
[  4697   27.817 x1.00] LOG  [Momentum] 1 -> 0 (drain), speed x1.00, damage x1.00, impact x1.00
[  4721   27.920 x1.00] LOG  [ComboTrace] LAUNCH RESULT wanted=0.80m actually moved=0.00m, completed
[  4734   27.987 x1.00] LOG  [Combat] Queued click #1 (combo 1)
[  4734   27.987 x1.00] LOG  [ComboTrace] QUEUED #1 during step 1
[  4762   28.117 x1.00] LOG  [CameraGameFeel] Shake: intensity=0.50 duration=0.400s
[  4762   28.117 x1.00] LOG  [Peach] heavy hit 30 dmg: 4 bites. 2/16 bites = 0.5 of 4 peaches
[  4762   28.117 x1.00] LOG  [Combat] Hit react: HitReact_Heavy_2Leg (0.9s, clip starts at 0.35s)
[  4762   28.117 x1.00] LOG  [CameraGameFeel] Shake: intensity=0.60 duration=0.200s
[  4762   28.117 x1.00] LOG  [CameraGameFeel] FOV punch: player damage (-3.0°)
[  4762   28.117 x1.00] LOG  [OniBoss] Hit player for 30 (ClubSlam) [combo x1.50]
[  4762   28.117 x1.00] LOG  [OniBoss:Touch] ClubSlam: club TOUCHED Yoru at clip 0.46, shaft 0.15m from her body line, head 0.44 along the club, tip 2.37m up, tip speed 101m/s. Full club hit delivered this frame.
[  4763   28.122 x1.00] LOG  [PeachUI] LOW HEALTH cue ON: 2 bites left, heartbeat 1.00s, bleed on, sound set
[  4763   28.122 x1.00] LOG  [HitReactTrace] asked for 'HitReact_Heavy_2Leg' (0.90s, clip start 0.35s): NOT playing it, another state took the combat layer, blend resolved after 6 ms, state 0.90s long at speed 1.60, now at 0.32s, layer weight 1.00, animator.speed 1.00.
[  4784   28.237 x1.00] LOG  [Combat] Hazard zone tick: OniBoss for 25
[  4831   28.487 x1.00] LOG  [OniBoss:ClubPos] ClubSlam at strike: club tip 0.59m up, 2.90m in front, -0.24m to his right (2.91m out from his centre). Club faces 4deg from his forward, pitch -0.25. (the ground wave is born 1.6m in front of him at 0.35m.)
[  4831   28.487 x1.00] LOG  [OniBoss:Layer] ClubSlam: club already hit — ground wave released as VISUAL only (0 damage), finisher size x2.0.
[  4852   28.615 x1.00] LOG  [OniBoss] Attack → Recovery
[  4852   28.615 x1.00] LOG  [OniBoss] Playing animation: Watch
[  4852   28.615 x1.00] LOG  [OniBoss:Trail] trail END at clip 0.99, fading over 0.40s.
[  4852   28.615 x1.00] LOG  [OniBoss:Strike] ClubSlam: club tip closest to Yoru at 0.20m, clip position 0.94 | damage fires at 0.85 | clip 0.93s => damage fires 83 ms BEFORE the club is closest
[  4874   28.740 x1.00] LOG  [Combat] Hazard zone tick: OniBoss for 25
[  4879   28.767 x1.00] LOG  [OniBoss] Recovery → Chase
[  4880   28.772 x1.00] LOG  [OniBoss] hold-ground: BACKSTEP 1.5m (player 2.0m)
[  4931   29.002 x1.00] LOG  🚶 2-LEG JUMP
[  4931   29.002 x1.00] LOG  🐾 Jump 1 VFX spawned!
[  4983   29.247 x1.00] LOG  [Combat] Hazard zone tick: OniBoss for 25
[  5020   29.410 x1.00] LOG  [ComboTrace] LAUNCH OniBoss at 1.4m dist=1.44m in 0.14s [AIRBORNE]
[  5020   29.410 x1.00] LOG  [Combat] Aerial spin, 25 dmg
[  5020   29.410 x1.00] LOG  [YoruVFX] Air spin: 'VFX_Void_Burst_AirSpinYoru' at CenterVFX, 46 systems, longest 1.00s fitted to 0.79s at speed 1.27, 8 forced Local, 38 delays zeroed, tail 2.37s
[  5020   29.410 x1.00] LOG  OniBoss took 10 damage. HP: 2177/2500
[  5020   29.410 x1.00] LOG  [OniBoss] Chase → HitReact
[  5020   29.410 x1.00] LOG  [OniBoss:Layer] react tier: LIGHT (10 dmg) → 'Hit_react_light'
[  5020   29.410 x1.00] LOG  [OniReactTrace] #3 LIGHT (10 dmg) asked for 'Hit_react_light': crossfade 0.08s, animator speed 1.35, world x1.00
[  5020   29.410 x1.00] LOG  [Momentum] 0 -> 1 (hit), speed x1.05, damage x1.05, impact x1.05
[  5020   29.410 x1.00] LOG  [CameraGameFeel] Shake: intensity=0.06 duration=0.080s
[  5020   29.410 x1.00] LOG  [CameraGameFeel] Shake: intensity=0.53 duration=0.200s
[  5020   29.410 x1.00] LOG  [CameraGameFeel] FOV punch: hit light (+1.5°)
[  5020   29.410 x1.00] LOG  [AirPosePin] engaged, holding body at 2.099m above the transform
[  5021   29.419 x1.00] LOG  [OniReactTrace] #3 +0.01s state SOMETHING ELSE, clip on his bones 'Take 001' weight 1.00, blending INTO 'Hit_react_light', layer weight 1.00, animator speed 0.00, world x1.00, engine HitReact
[  5041   29.512 x1.00] LOG  [OniReactTrace] #3 +0.10s state SOMETHING ELSE, clip on his bones 'Take 001' weight 0.10, blending INTO 'Hit_react_light', layer weight 1.00, animator speed 1.35, world x1.00, engine HitReact
[  5048   29.555 x1.00] LOG  [ComboTrace] LAUNCH RESULT wanted=1.44m actually moved=0.86m, completed
[  5050   29.563 x1.00] LOG  OniBoss took 10 damage. HP: 2167/2500
[  5050   29.563 x1.00] LOG  [OniBoss:Layer] burst: 2 hits / 20 dmg → flinch upgraded to 'HitReact_medium'
[  5050   29.563 x1.00] LOG  [OniReactTrace] #4 BURST UPGRADE (20 dmg) asked for 'HitReact_medium': crossfade 0.08s, animator speed 1.35, world x1.00
[  5050   29.563 x1.00] LOG  [CameraGameFeel] Shake: intensity=0.18 duration=0.200s
[  5051   29.568 x1.00] LOG  [OniReactTrace] #4 +0.01s state SOMETHING ELSE, clip on his bones 'Take 001' weight 0.94, blending INTO 'HitReact_medium', layer weight 1.00, animator speed 1.35, world x1.00, engine HitReact
[  5069   29.667 x1.00] LOG  [OniReactTrace] #4 +0.10s state 'HitReact_medium' at 9 % of its 1.08s, clip on his bones 'Take 001' weight 1.00, layer weight 1.00, animator speed 1.35, world x1.00, engine HitReact
[  5079   29.717 x1.00] LOG  OniBoss took 10 damage. HP: 2157/2500
[  5079   29.717 x1.00] LOG  [OniBoss] HitReact → Stagger
[  5079   29.717 x1.00] LOG  [OniBoss] Playing animation: Stagger
[  5079   29.717 x1.00] LOG  [OniBoss] STAGGERED for 2.5s
[  5079   29.717 x1.00] LOG  [OniBoss:Layer] heavy knock-back react (swirl burst, 3 hits / 30 dmg) → 'HitReact_Heavy', down for 1.80s
[  5079   29.717 x1.00] LOG  [OniReactTrace] #5 HEAVY (0 dmg) asked for 'HitReact_Heavy': crossfade 0.08s, animator speed 1.35, world x1.00
[  5079   29.717 x1.00] LOG  [OniBoss:Layer] burst: 3 hits / 30 dmg inside 0.8s → knock-back + 0.90m push
[  5079   29.717 x1.00] LOG  [Momentum] 1 -> 2 (hit), speed x1.10, damage x1.10, impact x1.10
[  5079   29.717 x1.00] LOG  [CameraGameFeel] Shake: intensity=0.06 duration=0.080s
[  5079   29.717 x1.00] LOG  [CameraGameFeel] Shake: intensity=0.19 duration=0.200s
[  5080   29.723 x1.00] LOG  [OniReactTrace] #5 +0.01s state SOMETHING ELSE, clip on his bones 'Take 001' weight 0.90, blending INTO 'HitReact_Heavy', layer weight 1.00, animator speed 1.35, world x1.00, engine Stagger
[  5096   29.820 x1.00] LOG  [OniReactTrace] #5 +0.10s state 'HitReact_Heavy' at 9 % of its 1.11s, clip on his bones 'Take 001' weight 1.00, layer weight 1.00, animator speed 1.35, world x1.00, engine Stagger
[  5105   29.867 x1.00] LOG  OniBoss punish window! 11 → 16 (x1.5)
[  5105   29.867 x1.00] LOG  OniBoss took 16 damage. HP: 2141/2500
[  5105   29.867 x1.00] LOG  [CameraGameFeel] Shake: intensity=0.19 duration=0.200s
[  5119   29.937 x1.00] LOG  💨 Landing VFX spawned!
[  5119   29.937 x1.00] LOG  ✅ LANDED! (was jump #1)
[  5119   29.937 x1.00] LOG  [AirPosePin] released, peak correction was 0.081m
[  5123   29.971 x1.00] LOG  [OniReactTrace] #5 +0.25s state 'HitReact_Heavy' at 22 % of its 1.11s, clip on his bones 'Take 001' weight 1.00, layer weight 1.00, animator speed 1.35, world x1.00, engine Stagger
[  5157   30.139 x1.00] LOG  [YoruVFX] Spin VFX stopped, fading for 2.37s
[  5164   30.167 x1.00] LOG  [OniReactTrace] #5 +0.45s state 'HitReact_Heavy' at 40 % of its 1.11s, clip on his bones 'Take 001' weight 1.00, layer weight 1.00, animator speed 1.35, world x1.00, engine Stagger
[  5164   30.167 x1.00] LOG  [ComboTrace] END step=3 clipProgress=0.90 clipLen=0.79s queued=0 elapsed=0.76s
[  5213   30.420 x1.00] LOG  [OniReactTrace] #5 +0.70s state 'HitReact_Heavy' at 63 % of its 1.11s, clip on his bones 'Take 001' weight 1.00, layer weight 1.00, animator speed 1.35, world x1.00, engine Stagger
[  5265   30.667 x1.00] LOG  [OniReactTrace] #5 +0.95s state 'HitReact_Heavy' at 85 % of its 1.11s, clip on his bones 'Take 001' weight 1.00, layer weight 1.00, animator speed 1.35, world x1.00, engine Stagger
[  5265   30.667 x1.00] LOG  [OniReactTrace] #5 HEAVY verdict: played to 85 % of the clip, so the reaction IS on screen and what is missing is movement inside the clip itself
[  5280   30.731 x1.00] LOG  [Combat] Combo 1: 10 dmg
[  5280   30.731 x1.00] LOG  [ComboTrace] START step=1 state='Combo1' queued=0 target='OniBoss' at 2.8m
[  5280   30.731 x1.00] LOG  [ComboTrace] LAUNCH OniBoss at 1.5m dist=1.53m in 0.15s
[  5280   30.731 x1.00] LOG  [AirPosePin] engaged, holding body at 0.657m above the transform
[  5284   30.748 x1.00] LOG  [AirPosePin] released, peak correction was 0.000m
[  5315   30.893 x1.00] LOG  [ComboTrace] LAUNCH RESULT wanted=1.53m actually moved=0.81m, completed
[  5322   30.918 x1.00] LOG  [Combat] Queued click #1 (combo 1)
[  5322   30.918 x1.00] LOG  [ComboTrace] QUEUED #1 during step 1
[  5361   31.105 x1.00] LOG  [Combat] Queued click #2 (combo 1)
[  5361   31.105 x1.00] LOG  [ComboTrace] QUEUED #2 during step 1
[  5372   31.159 x1.00] LOG  OniBoss punish window! 11 → 16 (x1.5)
[  5372   31.159 x1.00] LOG  OniBoss took 16 damage. HP: 2125/2500
[  5372   31.159 x1.00] LOG  [Momentum] 2 -> 3 (hit), speed x1.15, damage x1.15, impact x1.15
[  5372   31.159 x1.00] LOG  [CameraGameFeel] Shake: intensity=0.06 duration=0.080s
[  5372   31.159 x1.00] LOG  [Combat] Hit OniBoss for 11
[  5372   31.159 x1.00] LOG  [CameraGameFeel] Shake: intensity=0.58 duration=0.200s
[  5372   31.159 x1.00] LOG  [CameraGameFeel] FOV punch: hit light (+1.5°)
[  5407   31.314 x1.00] LOG  🐾 VFX_AttackPaw triggered!
[  5408   31.320 x1.00] LOG  [ComboTrace] CLICK IGNORED (step=1 queued=2)
[  5432   31.417 x1.00] LOG  [Combat] Combo 2: 20 dmg
[  5432   31.417 x1.00] LOG  [ComboTrace] START step=2 state='Combo2' queued=1 target='OniBoss' at 2.9m
[  5432   31.417 x1.00] LOG  [ComboTrace] LAUNCH OniBoss at 1.6m dist=1.62m in 0.16s
[  5451   31.518 x1.00] LOG  [OniBoss] Stagger → Chase
[  5451   31.518 x1.00] LOG  [Combat] Queued click #2 (combo 2)
[  5451   31.518 x1.00] LOG  [ComboTrace] QUEUED #2 during step 2
[  5452   31.522 x1.00] LOG  [OniBoss] Playing animation: Idle
[  5452   31.522 x1.00] LOG  [OniBoss] Chase → Attack
[  5452   31.522 x1.00] LOG  [OniBoss] Attack: Club_Swing (16 dmg)
[  5452   31.522 x1.00] LOG  [OniBoss:Trail] Club_Swing trail START at clip 1.00 (transition done).
[  5466   31.584 x1.00] LOG  [ComboTrace] LAUNCH RESULT wanted=1.62m actually moved=0.90m, completed
[  5500   31.738 x1.00] LOG  [ComboTrace] CLICK IGNORED (step=2 queued=2)
[  5529   31.882 x1.00] LOG  [OniBoss:ClubPos] Club_Swing at strike: club tip 3.02m up, 2.45m in front, -2.98m to his right (3.86m out from his centre). Club faces -83deg from his forward, pitch 0.41. (the ground wave is born 1.6m in front of him at 0.35m.)
[  5529   31.882 x1.00] LOG  [OniBoss:Layer] Club_Swing: club has not connected — ground wave released ARMED, 1.6m in front, 12m/s x 6.0m = 0.50s, carrying 8 (half of the club's 16).
[  5530   31.888 x1.00] LOG  [Peach] light hit 8 dmg: 1 bite. 1/16 bites = 0.25 of 4 peaches
[  5530   31.888 x1.00] LOG  [Momentum] 3 -> 1 (light hit taken, 50% = -2), speed x1.05, damage x1.05, impact x1.05
[  5530   31.888 x1.00] LOG  [Combat] Combo memory: light hit, keeping step 2
[  5530   31.888 x1.00] LOG  [Combat] Hit react: HitReact_Light_2Leg (0.5s, clip starts at 0.35s)
[  5530   31.888 x1.00] LOG  [CameraGameFeel] Shake: intensity=0.30 duration=0.200s
[  5530   31.888 x1.00] LOG  [CameraGameFeel] FOV punch: player damage (-2.0°)
[  5530   31.888 x1.00] LOG  [OniBoss:Wave] wave TOUCHED Yoru (grounded) for 8 after 0.1m / 0.01s of travel.
[  5534   31.909 x1.00] LOG  [HitReactTrace] asked for 'HitReact_Light_2Leg' (0.50s, clip start 0.35s): playing it, blend resolved after 22 ms, state 1.21s long at speed 1.00, now at 0.37s, layer weight 1.00, animator.speed 1.00.
[  5636   32.361 x1.00] LOG  [OniBoss] Attack → Recovery
[  5636   32.361 x1.00] LOG  [OniBoss] Playing animation: Watch
[  5636   32.361 x1.00] LOG  [OniBoss:Trail] trail END at clip 1.00, fading over 0.40s.
[  5636   32.361 x1.00] LOG  [OniBoss:Strike] Club_Swing: club tip closest to Yoru at 0.49m, clip position 0.91 | damage fires at 0.42 | clip 0.84s => damage fires 413 ms BEFORE the club is closest
[  5651   32.432 x1.00] LOG  [Combat] Combo 3: 35 dmg
[  5651   32.432 x1.00] LOG  [ComboTrace] START step=3 state='Combo3' queued=0 target='OniBoss' at 2.0m
[  5651   32.432 x1.00] LOG  [ComboTrace] LAUNCH OniBoss at 0.8m dist=0.84m in 0.13s
[  5651   32.432 x1.00] LOG  [YoruVFX] Ground hazard: 'VFX_Void_Area_GroundSpinYORU' laid at GroundVFX ((482.05, 0.32, 400.86)), floor tilt 0.0 deg, 17 delays shifted by 2.00s, own lifetime 8.98s
[  5651   32.432 x1.00] LOG  [Combat] Hazard zone tick: OniBoss for 25
[  5651   32.432 x1.00] LOG  [Combat] Hazard zone laid: 8.98s, 25 dmg every 0.50s in 2.00m
[  5666   32.498 x1.00] LOG  OniBoss took 37 damage. HP: 2063/2500
[  5666   32.498 x1.00] LOG  [OniBoss] Recovery → Stagger
[  5666   32.498 x1.00] LOG  [OniBoss] Playing animation: Stagger
[  5666   32.498 x1.00] LOG  [OniBoss] STAGGERED for 2.5s
[  5666   32.498 x1.00] LOG  [OniBoss:Layer] heavy knock-back react (37 dmg) → 'HitReact_Heavy', down for 1.80s
[  5666   32.498 x1.00] LOG  [OniReactTrace] #6 HEAVY (0 dmg) asked for 'HitReact_Heavy': crossfade 0.08s, animator speed 1.35, world x1.00
[  5666   32.498 x1.00] LOG  [Momentum] 1 -> 2 (hit), speed x1.10, damage x1.10, impact x1.10
[  5666   32.498 x1.00] LOG  [CameraGameFeel] Shake: intensity=0.06 duration=0.080s
[  5666   32.498 x1.00] LOG  [CameraGameFeel] Shake: intensity=0.55 duration=0.200s
[  5666   32.498 x1.00] LOG  [CameraGameFeel] FOV punch: hit light (+1.5°)
[  5667   32.504 x1.00] LOG  [OniReactTrace] #6 +0.01s state SOMETHING ELSE, clip on his bones '?' weight 0.00, blending INTO 'HitReact_Heavy', layer weight 1.00, animator speed 0.00, world x1.00, engine Stagger
[  5678   32.566 x1.00] LOG  [ComboTrace] LAUNCH RESULT wanted=0.84m actually moved=0.12m, completed
[  5686   32.601 x1.00] LOG  [OniReactTrace] #6 +0.10s state 'HitReact_Heavy' at 5 % of its 1.11s, clip on his bones 'Take 001' weight 1.00, layer weight 1.00, animator speed 1.35, world x1.00, engine Stagger
[  5691   32.630 x1.00] LOG  [ComboTrace] CLICK IGNORED (step=3 queued=0)
[  5716   32.755 x1.00] LOG  [OniReactTrace] #6 +0.26s state 'HitReact_Heavy' at 19 % of its 1.11s, clip on his bones 'Take 001' weight 1.00, layer weight 1.00, animator speed 1.35, world x1.00, engine Stagger
[  5726   32.836 x1.00] LOG  [ComboTrace] CLICK IGNORED (step=3 queued=0)
[  5747   32.932 x1.00] LOG  [Combat] Hazard zone tick: OniBoss for 25
[  5752   32.954 x1.00] LOG  [OniReactTrace] #6 +0.46s state 'HitReact_Heavy' at 37 % of its 1.11s, clip on his bones 'Take 001' weight 1.00, layer weight 1.00, animator speed 1.35, world x1.00, engine Stagger
[  5776   33.077 x1.00] LOG  [ComboTrace] CLICK IGNORED (step=3 queued=0)
[  5803   33.202 x1.00] LOG  [OniReactTrace] #6 +0.70s state 'HitReact_Heavy' at 59 % of its 1.11s, clip on his bones 'Take 001' weight 1.00, layer weight 1.00, animator speed 1.35, world x1.00, engine Stagger
[  5811   33.235 x1.00] LOG  [ComboTrace] END step=3 clipProgress=0.95 clipLen=0.79s queued=0 elapsed=0.80s
[  5841   33.384 x1.00] LOG  [Combat] Combo 1: 10 dmg
[  5841   33.384 x1.00] LOG  [ComboTrace] START step=1 state='Combo1' queued=0 target='OniBoss' at 2.8m
[  5841   33.384 x1.00] LOG  [ComboTrace] LAUNCH OniBoss at 1.5m dist=1.51m in 0.15s
[  5853   33.435 x1.00] LOG  [Combat] Hazard zone tick: OniBoss for 25
[  5856   33.449 x1.00] LOG  [OniReactTrace] #6 +0.95s state 'HitReact_Heavy' at 82 % of its 1.11s, clip on his bones 'Take 001' weight 1.00, layer weight 1.00, animator speed 1.35, world x1.00, engine Stagger
[  5856   33.449 x1.00] LOG  [OniReactTrace] #6 HEAVY verdict: played to 82 % of the clip, so the reaction IS on screen and what is missing is movement inside the clip itself
[  5875   33.538 x1.00] LOG  [ComboTrace] LAUNCH RESULT wanted=1.51m actually moved=0.78m, completed
[  5895   33.631 x1.00] LOG  [Combat] Queued click #1 (combo 1)
[  5895   33.631 x1.00] LOG  [ComboTrace] QUEUED #1 during step 1
[  5935   33.811 x1.00] LOG  OniBoss punish window! 11 → 16 (x1.5)
[  5935   33.811 x1.00] LOG  OniBoss took 16 damage. HP: 1997/2500
[  5935   33.811 x1.00] LOG  [Momentum] 2 -> 3 (hit), speed x1.15, damage x1.15, impact x1.15
[  5935   33.811 x1.00] LOG  [CameraGameFeel] Shake: intensity=0.06 duration=0.080s
[  5935   33.811 x1.00] LOG  [Combat] Hit OniBoss for 11
[  5935   33.811 x1.00] LOG  [CameraGameFeel] Shake: intensity=0.58 duration=0.200s
[  5935   33.811 x1.00] LOG  [CameraGameFeel] FOV punch: hit light (+1.5°)
[  5948   33.872 x1.00] LOG  [Combat] Queued click #2 (combo 1)
[  5948   33.872 x1.00] LOG  [ComboTrace] QUEUED #2 during step 1
[  5968   33.968 x1.00] LOG  🐾 VFX_AttackPaw triggered!
[  5989   34.068 x1.00] LOG  [ComboTrace] CLICK IGNORED (step=1 queued=2)
[  5989   34.068 x1.00] LOG  [Combat] Combo 2: 20 dmg
[  5989   34.068 x1.00] LOG  [ComboTrace] START step=2 state='Combo2' queued=1 target='OniBoss' at 2.9m
[  5989   34.068 x1.00] LOG  [ComboTrace] LAUNCH OniBoss at 1.6m dist=1.62m in 0.16s
[  6019   34.222 x1.00] LOG  [ComboTrace] LAUNCH RESULT wanted=1.62m actually moved=0.90m, completed
[  6030   34.265 x1.00] LOG  [Combat] Queued click #2 (combo 2)
[  6030   34.265 x1.00] LOG  [ComboTrace] QUEUED #2 during step 2
[  6040   34.301 x1.00] LOG  [OniBoss] Stagger → Chase
[  6041   34.308 x1.00] LOG  [OniBoss] Playing animation: Watch
[  6041   34.308 x1.00] LOG  [OniBoss] Combo started: ClubSwing1 → ClubSwing2 → ClubSlam (3 steps remaining)
[  6041   34.308 x1.00] LOG  [OniBoss] Chase → Attack
[  6041   34.308 x1.00] LOG  [OniBoss] Attack: Club_Swing (16 dmg)
[  6041   34.308 x1.00] LOG  [OniBoss:Trail] Club_Swing trail START at clip 1.00 (transition done).
[  6082   34.492 x1.00] LOG  [ComboTrace] CLICK IGNORED (step=2 queued=2)
[  6108   34.613 x1.00] LOG  🐾🐾 VFX_TowPaw triggered!
[  6113   34.631 x1.00] LOG  OniBoss took 23 damage. HP: 1974/2500
[  6113   34.631 x1.00] LOG  [OniBoss] 🤕 Hit during Attack — flash only
[  6113   34.631 x1.00] LOG  [Momentum] 3 -> 4 (hit), speed x1.20, damage x1.20, impact x1.20
[  6113   34.631 x1.00] LOG  [CameraGameFeel] Shake: intensity=0.06 duration=0.080s
[  6113   34.631 x1.00] LOG  [Combat] Hit OniBoss for 23
[  6113   34.631 x1.00] LOG  [CameraGameFeel] Shake: intensity=0.60 duration=0.200s
[  6113   34.631 x1.00] LOG  [CameraGameFeel] FOV punch: hit light (+1.5°)
[  6129   34.702 x1.00] LOG  [ComboTrace] CLICK IGNORED (step=2 queued=2)
[  6131   34.716 x1.00] LOG  [OniBoss:ClubPos] Club_Swing at strike: club tip 3.02m up, 2.29m in front, -3.06m to his right (3.82m out from his centre). Club faces -87deg from his forward, pitch 0.41. (the ground wave is born 1.6m in front of him at 0.35m.)
[  6131   34.716 x1.00] LOG  [OniBoss:Layer] Club_Swing: club has not connected — ground wave released ARMED, 1.6m in front, 12m/s x 6.0m = 0.50s, carrying 8 (half of the club's 16).
[  6132   34.721 x1.00] LOG  [Peach] light hit 8 dmg: 1 bite (Cannot Die held her at 1 bite). 1/16 bites = 0.25 of 4 peaches
[  6132   34.721 x1.00] LOG  [Momentum] 4 -> 2 (light hit taken, 50% = -2), speed x1.10, damage x1.10, impact x1.10
[  6132   34.721 x1.00] LOG  [Combat] Combo memory: light hit, keeping step 2
[  6132   34.721 x1.00] LOG  [Combat] Hit react: HitReact_Light_2Leg (0.5s, clip starts at 0.35s)
[  6132   34.721 x1.00] LOG  [CameraGameFeel] Shake: intensity=0.30 duration=0.200s
[  6132   34.721 x1.00] LOG  [CameraGameFeel] FOV punch: player damage (-2.0°)
[  6132   34.721 x1.00] LOG  [OniBoss:Wave] wave TOUCHED Yoru (grounded) for 8 after 0.1m / 0.00s of travel.
[  6137   34.742 x1.00] LOG  [HitReactTrace] asked for 'HitReact_Light_2Leg' (0.50s, clip start 0.35s): playing it, blend resolved after 21 ms, state 1.21s long at speed 1.00, now at 0.37s, layer weight 1.00, animator.speed 1.00.
[  6236   35.192 x1.00] LOG  [OniBoss] Attack → Recovery
[  6236   35.192 x1.00] LOG  [OniBoss] Playing animation: Watch
[  6236   35.192 x1.00] LOG  [OniBoss:Trail] trail END at clip 0.99, fading over 0.40s.
[  6236   35.192 x1.00] LOG  [OniBoss:Strike] Club_Swing: club tip closest to Yoru at 0.83m, clip position 0.91 | damage fires at 0.42 | clip 0.84s => damage fires 412 ms BEFORE the club is closest
[  6272   35.342 x1.00] LOG  [OniBoss] Recovery → Attack
[  6272   35.342 x1.00] LOG  [OniBoss] Attack: ClubSwing2 (16 dmg)
[  6272   35.342 x1.00] LOG  [OniBoss:Trail] ClubSwing2 trail START at clip 1.00 (transition still blending).
[  6284   35.407 x1.00] LOG  [Combat] Combo 3: 35 dmg
[  6284   35.407 x1.00] LOG  [ComboTrace] START step=3 state='Combo3' queued=0 target='OniBoss' at 2.3m
[  6284   35.407 x1.00] LOG  [ComboTrace] LAUNCH OniBoss at 1.1m dist=1.13m in 0.13s
[  6284   35.407 x1.00] LOG  [YoruVFX] Ground hazard: 'VFX_Void_Area_GroundSpinYORU' laid at GroundVFX ((480.62, 0.05, 399.54)), floor tilt 0.0 deg, 17 delays shifted by 2.00s, own lifetime 8.98s
[  6284   35.407 x1.00] LOG  [Combat] Hazard zone tick: OniBoss for 25
[  6284   35.407 x1.00] LOG  [Combat] Hazard zone laid: 8.98s, 25 dmg every 0.50s in 2.00m
[  6296   35.467 x1.00] LOG  OniBoss took 38 damage. HP: 1911/2500
[  6296   35.467 x1.00] LOG  [OniBoss] Attack → Stagger
[  6296   35.467 x1.00] LOG  [OniBoss] Playing animation: Stagger
[  6296   35.467 x1.00] LOG  [OniBoss] STAGGERED for 2.5s
[  6296   35.467 x1.00] LOG  [OniBoss:Layer] heavy knock-back react (38 dmg) → 'HitReact_Heavy', down for 1.80s
[  6296   35.467 x1.00] LOG  [OniReactTrace] #7 HEAVY (0 dmg) asked for 'HitReact_Heavy': crossfade 0.08s, animator speed 1.35, world x1.00
[  6296   35.467 x1.00] LOG  [Momentum] 2 -> 3 (hit), speed x1.15, damage x1.15, impact x1.15
[  6296   35.467 x1.00] LOG  [CameraGameFeel] Shake: intensity=0.06 duration=0.080s
[  6296   35.467 x1.00] LOG  [CameraGameFeel] Shake: intensity=0.58 duration=0.200s
[  6296   35.467 x1.00] LOG  [CameraGameFeel] FOV punch: hit light (+1.5°)
[  6296   35.467 x1.00] LOG  [OniBoss:Strike] ClubSwing2: club tip closest to Yoru at 4.54m, clip position 0.09 | damage fires at 0.32 | clip 1.17s => damage fires 264 ms AFTER the club is closest — it lands once the club has passed her
[  6297   35.473 x1.00] LOG  [OniBoss:Trail] trail END at clip 0.10, fading over 0.40s.
[  6297   35.473 x1.00] LOG  [OniReactTrace] #7 +0.01s state SOMETHING ELSE, clip on his bones 'Take 001' weight 1.00, blending INTO 'HitReact_Heavy', layer weight 1.00, animator speed 0.00, world x1.00, engine Stagger
[  6310   35.532 x1.00] LOG  [ComboTrace] LAUNCH RESULT wanted=1.13m actually moved=0.55m, completed
[  6317   35.568 x1.00] LOG  [OniReactTrace] #7 +0.10s state 'HitReact_Heavy' at 4 % of its 1.11s, clip on his bones 'Take 001' weight 1.00, layer weight 1.00, animator speed 1.35, world x1.00, engine Stagger
[  6324   35.612 x1.00] LOG  [ComboTrace] CLICK IGNORED (step=3 queued=0)
[  6346   35.718 x1.00] LOG  [OniReactTrace] #7 +0.25s state 'HitReact_Heavy' at 18 % of its 1.11s, clip on his bones 'Take 001' weight 1.00, layer weight 1.00, animator speed 1.35, world x1.00, engine Stagger
[  6367   35.825 x1.00] LOG  [ComboTrace] CLICK IGNORED (step=3 queued=0)
[  6382   35.907 x1.00] LOG  [Combat] Hazard zone tick: OniBoss for 25
[  6384   35.918 x1.00] LOG  [OniReactTrace] #7 +0.45s state 'HitReact_Heavy' at 36 % of its 1.11s, clip on his bones 'Take 001' weight 1.00, layer weight 1.00, animator speed 1.35, world x1.00, engine Stagger
[  6410   36.042 x1.00] LOG  [ComboTrace] CLICK IGNORED (step=3 queued=0)
[  6435   36.171 x1.00] LOG  [OniReactTrace] #7 +0.70s state 'HitReact_Heavy' at 58 % of its 1.11s, clip on his bones 'Take 001' weight 1.00, layer weight 1.00, animator speed 1.35, world x1.00, engine Stagger
[  6444   36.216 x1.00] LOG  [ComboTrace] END step=3 clipProgress=0.95 clipLen=0.79s queued=0 elapsed=0.81s
[  6461   36.289 x1.00] LOG  [ComboTrace] CLICK DROPPED by attackCooldown (0.10s, 0.07s since last attack) step=3
[  6486   36.408 x1.00] LOG  [Combat] Hazard zone tick: OniBoss for 25
[  6489   36.421 x1.00] LOG  [OniReactTrace] #7 +0.95s state 'HitReact_Heavy' at 81 % of its 1.11s, clip on his bones 'Take 001' weight 1.00, layer weight 1.00, animator speed 1.35, world x1.00, engine Stagger
[  6489   36.421 x1.00] LOG  [OniReactTrace] #7 HEAVY verdict: played to 81 % of the clip, so the reaction IS on screen and what is missing is movement inside the clip itself
[  6507   36.518 x1.00] LOG  [Combat] Combo 1: 10 dmg
[  6507   36.518 x1.00] LOG  [ComboTrace] START step=1 state='Combo1' queued=0 target='OniBoss' at 2.7m
[  6507   36.518 x1.00] LOG  [ComboTrace] LAUNCH OniBoss at 1.4m dist=1.44m in 0.14s
[  6539   36.658 x1.00] LOG  [ComboTrace] LAUNCH RESULT wanted=1.44m actually moved=0.70m, completed
[  6550   36.719 x1.00] LOG  [Combat] Queued click #1 (combo 1)
[  6550   36.719 x1.00] LOG  [ComboTrace] QUEUED #1 during step 1
[  6594   36.912 x1.00] LOG  [Combat] Hazard zone tick: OniBoss for 25
[  6598   36.927 x1.00] LOG  OniBoss punish window! 12 → 18 (x1.5)
[  6598   36.927 x1.00] LOG  OniBoss took 18 damage. HP: 1818/2500
[  6598   36.927 x1.00] LOG  [Momentum] 3 -> 4 (hit), speed x1.20, damage x1.20, impact x1.20
[  6598   36.927 x1.00] LOG  [CameraGameFeel] Shake: intensity=0.06 duration=0.080s
[  6598   36.927 x1.00] LOG  [Combat] Hit OniBoss for 12
[  6598   36.927 x1.00] LOG  [CameraGameFeel] Shake: intensity=0.60 duration=0.200s
[  6598   36.927 x1.00] LOG  [CameraGameFeel] FOV punch: hit light (+1.5°)
[  6599   36.932 x1.00] LOG  [Combat] Queued click #2 (combo 1)
[  6599   36.932 x1.00] LOG  [ComboTrace] QUEUED #2 during step 1
[  6630   37.082 x1.00] LOG  🐾 VFX_AttackPaw triggered!
[  6639   37.129 x1.00] LOG  [ComboTrace] CLICK IGNORED (step=1 queued=2)
[  6647   37.173 x1.00] LOG  [Combat] Combo 2: 20 dmg
[  6647   37.173 x1.00] LOG  [ComboTrace] START step=2 state='Combo2' queued=1 target='OniBoss' at 2.9m
[  6647   37.173 x1.00] LOG  [ComboTrace] LAUNCH OniBoss at 1.6m dist=1.62m in 0.16s
[  6667   37.270 x1.00] LOG  [OniBoss] Stagger → Chase
[  6668   37.274 x1.00] LOG  [OniBoss] Playing animation: Watch
[  6668   37.274 x1.00] LOG  [OniBoss] Combo started: ClubSwing1 → ClubSwing2 → ClubSlam (3 steps remaining)
[  6668   37.274 x1.00] LOG  [OniBoss] Chase → Attack
[  6668   37.274 x1.00] LOG  [OniBoss] Attack: Club_Swing (16 dmg)
[  6668   37.274 x1.00] LOG  [OniBoss:Trail] Club_Swing trail START at clip 1.00 (transition done).
[  6673   37.293 x1.00] LOG  [Combat] Queued click #2 (combo 2)
[  6673   37.293 x1.00] LOG  [ComboTrace] QUEUED #2 during step 2
[  6681   37.339 x1.00] LOG  [ComboTrace] LAUNCH RESULT wanted=1.62m actually moved=0.90m, completed
[  6710   37.492 x1.00] LOG  [ComboTrace] CLICK IGNORED (step=2 queued=2)
[  6738   37.632 x1.00] LOG  [OniBoss:ClubPos] Club_Swing at strike: club tip 3.02m up, 2.53m in front, -2.94m to his right (3.88m out from his centre). Club faces -82deg from his forward, pitch 0.40. (the ground wave is born 1.6m in front of him at 0.35m.)
[  6738   37.632 x1.00] LOG  [OniBoss:Layer] Club_Swing: club has not connected — ground wave released ARMED, 1.6m in front, 12m/s x 6.0m = 0.50s, carrying 8 (half of the club's 16).
[  6739   37.637 x1.00] LOG  [Peach] light hit 8 dmg: 1 bite (Cannot Die held her at 1 bite). 1/16 bites = 0.25 of 4 peaches
[  6739   37.637 x1.00] LOG  [Momentum] 4 -> 2 (light hit taken, 50% = -2), speed x1.10, damage x1.10, impact x1.10
[  6739   37.637 x1.00] LOG  [Combat] Combo memory: light hit, keeping step 2
[  6739   37.637 x1.00] LOG  [Combat] Hit react: HitReact_Light_2Leg (0.5s, clip starts at 0.35s)
[  6739   37.637 x1.00] LOG  [CameraGameFeel] Shake: intensity=0.30 duration=0.200s
[  6739   37.637 x1.00] LOG  [CameraGameFeel] FOV punch: player damage (-2.0°)
[  6739   37.637 x1.00] LOG  [OniBoss:Wave] wave TOUCHED Yoru (grounded) for 8 after 0.1m / 0.01s of travel.
[  6743   37.664 x1.00] LOG  [HitReactTrace] asked for 'HitReact_Light_2Leg' (0.50s, clip start 0.35s): playing it, blend resolved after 27 ms, state 1.21s long at speed 1.00, now at 0.37s, layer weight 1.00, animator.speed 1.00.
[  6837   38.113 x1.00] LOG  [OniBoss] Attack → Recovery
[  6837   38.113 x1.00] LOG  [OniBoss] Playing animation: Watch
[  6837   38.113 x1.00] LOG  [OniBoss:Trail] trail END at clip 1.00, fading over 0.40s.
[  6837   38.113 x1.00] LOG  [OniBoss:Strike] Club_Swing: club tip closest to Yoru at 0.49m, clip position 0.91 | damage fires at 0.42 | clip 0.84s => damage fires 413 ms BEFORE the club is closest
[  6868   38.269 x1.00] LOG  [OniBoss] Recovery → Attack
[  6868   38.269 x1.00] LOG  [OniBoss] Attack: ClubSwing2 (16 dmg)
[  6868   38.269 x1.00] LOG  [OniBoss:Trail] ClubSwing2 trail START at clip 1.00 (transition still blending).
[  6895   38.393 x1.00] LOG  🚶 2-LEG JUMP
[  6895   38.393 x1.00] LOG  🐾 Jump 1 VFX spawned!
[  6949   38.654 x1.00] LOG  [OniBoss:ClubPos] ClubSwing2 at strike: club tip 0.27m up, 1.45m in front, 2.83m to his right (3.18m out from his centre). Club faces 24deg from his forward, pitch -0.89. (the ground wave is born 1.6m in front of him at 0.35m.)
[  6949   38.654 x1.00] LOG  [OniBoss:Layer] ClubSwing2: club has not connected — ground wave released ARMED, 1.6m in front, 12m/s x 6.0m = 0.50s, carrying 10 (half of the club's 20).
[  6956   38.683 x1.00] LOG  [ComboTrace] LAUNCH OniBoss at 0.6m dist=0.58m in 0.13s [AIRBORNE]
[  6956   38.683 x1.00] LOG  [Combat] Aerial spin, 25 dmg
[  6956   38.683 x1.00] LOG  [YoruVFX] Air spin: 'VFX_Void_Burst_AirSpinYoru' at CenterVFX, 46 systems, longest 1.00s fitted to 0.79s at speed 1.27, 8 forced Local, 38 delays zeroed, tail 2.37s
[  6956   38.683 x1.00] LOG  OniBoss took 11 damage. HP: 1807/2500
[  6956   38.683 x1.00] LOG  [OniBoss] 🤕 Hit during Attack — flash only
[  6956   38.683 x1.00] LOG  [Momentum] 2 -> 3 (hit), speed x1.15, damage x1.15, impact x1.15
[  6956   38.683 x1.00] LOG  [CameraGameFeel] Shake: intensity=0.06 duration=0.080s
[  6956   38.683 x1.00] LOG  [CameraGameFeel] Shake: intensity=0.58 duration=0.200s
[  6956   38.683 x1.00] LOG  [CameraGameFeel] FOV punch: hit light (+1.5°)
[  6956   38.683 x1.00] LOG  [AirPosePin] engaged, holding body at 1.517m above the transform
[  6982   38.819 x1.00] LOG  [ComboTrace] LAUNCH RESULT wanted=0.58m actually moved=0.00m, completed
[  6985   38.834 x1.00] LOG  OniBoss took 12 damage. HP: 1795/2500
[  6985   38.834 x1.00] LOG  [OniBoss] 🤕 Hit during Attack — flash only
[  6985   38.834 x1.00] LOG  [CameraGameFeel] Shake: intensity=0.20 duration=0.200s
[  7014   38.989 x1.00] LOG  OniBoss took 12 damage. HP: 1783/2500
[  7014   38.989 x1.00] LOG  [OniBoss] 🤕 Hit during Attack — flash only
[  7014   38.989 x1.00] LOG  [OniBoss] Attack → Stagger
[  7014   38.989 x1.00] LOG  [OniBoss] Playing animation: Stagger
[  7014   38.989 x1.00] LOG  [OniBoss] STAGGERED for 2.5s
[  7014   38.989 x1.00] LOG  [OniBoss:Layer] heavy knock-back react (swirl burst, 3 hits / 35 dmg) → 'HitReact_Heavy', down for 1.80s
[  7014   38.989 x1.00] LOG  [OniReactTrace] #8 HEAVY (0 dmg) asked for 'HitReact_Heavy': crossfade 0.08s, animator speed 1.35, world x1.00
[  7014   38.989 x1.00] LOG  [OniBoss:Layer] burst: 3 hits / 35 dmg inside 0.8s → knock-back + 0.90m push
[  7014   38.989 x1.00] LOG  [Momentum] 3 -> 4 (hit), speed x1.20, damage x1.20, impact x1.20
[  7014   38.989 x1.00] LOG  [CameraGameFeel] Shake: intensity=0.06 duration=0.080s
[  7014   38.989 x1.00] LOG  [CameraGameFeel] Shake: intensity=0.21 duration=0.200s
[  7014   38.989 x1.00] LOG  [OniBoss:Touch] ClubSwing2: no touch this swing, closest 0.97m at clip 0.29 (head 0.58 along the club), fastest tip 110m/s (radius 0.70, min speed 50, max tip height 2.5m).
[  7014   38.989 x1.00] LOG  [OniBoss:Strike] ClubSwing2: club tip closest to Yoru at 2.01m, clip position 0.29 | damage fires at 0.32 | clip 1.17s => damage fires 30 ms AFTER the club is closest — it lands once the club has passed her
[  7015   38.995 x1.00] LOG  [OniBoss:Trail] trail END at clip 0.57, fading over 0.40s.
[  7015   38.995 x1.00] LOG  [OniReactTrace] #8 +0.01s state SOMETHING ELSE, clip on his bones 'Take 001' weight 0.87, blending INTO 'HitReact_Heavy', layer weight 1.00, animator speed 1.35, world x1.00, engine Stagger
[  7031   39.091 x1.00] LOG  [OniReactTrace] #8 +0.10s state 'HitReact_Heavy' at 8 % of its 1.11s, clip on his bones 'Take 001' weight 1.00, layer weight 1.00, animator speed 1.35, world x1.00, engine Stagger
[  7040   39.139 x1.00] LOG  OniBoss punish window! 12 → 18 (x1.5)
[  7040   39.139 x1.00] LOG  OniBoss took 18 damage. HP: 1765/2500
[  7040   39.139 x1.00] LOG  [CameraGameFeel] Shake: intensity=0.21 duration=0.200s
[  7043   39.159 x1.00] LOG  [OniBoss:Wave] armed wave expired UNTOUCHED — closest 0.00m to Yoru (hit width 1.60), she was AIRBORNE at the closest moment.
[  7058   39.241 x1.00] LOG  [OniReactTrace] #8 +0.25s state 'HitReact_Heavy' at 22 % of its 1.11s, clip on his bones 'Take 001' weight 1.00, layer weight 1.00, animator speed 1.35, world x1.00, engine Stagger
[  7067   39.291 x1.00] LOG  OniBoss punish window! 12 → 18 (x1.5)
[  7067   39.291 x1.00] LOG  OniBoss took 18 damage. HP: 1747/2500
[  7067   39.291 x1.00] LOG  [Momentum] 4 -> 5 (hit), speed x1.25, damage x1.25, impact x1.25
[  7067   39.291 x1.00] LOG  [CameraGameFeel] Shake: intensity=0.14 duration=0.080s
[  7067   39.291 x1.00] LOG  [CameraGameFeel] Shake: intensity=0.22 duration=0.200s
[  7072   39.318 x1.00] LOG  💨 Landing VFX spawned!
[  7072   39.318 x1.00] LOG  ✅ LANDED! (was jump #1)
[  7072   39.318 x1.00] LOG  [AirPosePin] released, peak correction was 0.000m
[  7076   39.334 x1.00] LOG  [ComboTrace] CLICK IGNORED (step=3 queued=0)
[  7091   39.414 x1.00] LOG  [YoruVFX] Spin VFX stopped, fading for 2.37s
[  7098   39.443 x1.00] LOG  [OniReactTrace] #8 +0.45s state 'HitReact_Heavy' at 40 % of its 1.11s, clip on his bones 'Take 001' weight 1.00, layer weight 1.00, animator speed 1.35, world x1.00, engine Stagger
[  7098   39.443 x1.00] LOG  [ComboTrace] END step=3 clipProgress=0.90 clipLen=0.79s queued=0 elapsed=0.76s
[  7144   39.676 x1.00] LOG  [Combat] Combo 1: 10 dmg
[  7144   39.676 x1.00] LOG  [ComboTrace] START step=1 state='Combo1' queued=0 target='OniBoss' at 3.6m
[  7144   39.676 x1.00] LOG  [ComboTrace] LAUNCH OniBoss at 2.3m dist=2.33m in 0.23s
[  7147   39.690 x1.00] LOG  [OniReactTrace] #8 +0.70s state 'HitReact_Heavy' at 63 % of its 1.11s, clip on his bones 'Take 001' weight 1.00, layer weight 1.00, animator speed 1.35, world x1.00, engine Stagger
[  7189   39.899 x1.00] LOG  [Combat] Queued click #1 (combo 1)
[  7189   39.899 x1.00] LOG  [ComboTrace] QUEUED #1 during step 1
[  7192   39.910 x1.00] LOG  [ComboTrace] LAUNCH RESULT wanted=2.33m actually moved=1.66m, completed
[  7200   39.943 x1.00] LOG  [OniReactTrace] #8 +0.95s state 'HitReact_Heavy' at 85 % of its 1.11s, clip on his bones 'Take 001' weight 1.00, layer weight 1.00, animator speed 1.35, world x1.00, engine Stagger
[  7200   39.943 x1.00] LOG  [OniReactTrace] #8 HEAVY verdict: played to 85 % of the clip, so the reaction IS on screen and what is missing is movement inside the clip itself
[  7225   40.053 x1.00] LOG  OniBoss punish window! 12 → 18 (x1.5)
[  7225   40.053 x1.00] LOG  OniBoss took 18 damage. HP: 1729/2500
[  7225   40.053 x1.00] LOG  [Momentum] 5 -> 6 (hit), speed x1.30, damage x1.30, impact x1.30
[  7225   40.053 x1.00] LOG  [CameraGameFeel] Shake: intensity=0.06 duration=0.080s
[  7225   40.053 x1.00] LOG  [Combat] Hit OniBoss for 12
[  7225   40.053 x1.00] LOG  [CameraGameFeel] Shake: intensity=0.65 duration=0.200s
[  7225   40.053 x1.00] LOG  [CameraGameFeel] FOV punch: hit light (+1.5°)
[  7234   40.092 x1.00] LOG  [Combat] Queued click #2 (combo 1)
[  7234   40.092 x1.00] LOG  [ComboTrace] QUEUED #2 during step 1
[  7258   40.201 x1.00] LOG  🐾 VFX_AttackPaw triggered!
[  7279   40.288 x1.00] LOG  [Combat] Combo 2: 20 dmg
[  7279   40.288 x1.00] LOG  [ComboTrace] START step=2 state='Combo2' queued=1 target='OniBoss' at 2.9m
[  7279   40.288 x1.00] LOG  [ComboTrace] LAUNCH OniBoss at 1.6m dist=1.62m in 0.16s
[  7282   40.311 x1.00] LOG  [ComboTrace] CLICK DROPPED by attackCooldown (0.10s, 0.02s since last attack) step=2
[  7314   40.459 x1.00] LOG  [ComboTrace] LAUNCH RESULT wanted=1.62m actually moved=0.90m, completed
[  7325   40.518 x1.00] LOG  [Combat] Queued click #2 (combo 2)
[  7325   40.518 x1.00] LOG  [ComboTrace] QUEUED #2 during step 2
[  7363   40.698 x1.00] LOG  [ComboTrace] CLICK IGNORED (step=2 queued=2)
[  7381   40.768 x1.00] LOG  🐾🐾 VFX_TowPaw triggered!
[  7384   40.788 x1.00] LOG  OniBoss punish window! 26 → 39 (x1.5)
[  7384   40.788 x1.00] LOG  OniBoss took 39 damage. HP: 1690/2500
[  7384   40.788 x1.00] LOG  [Momentum] 6 -> 7 (hit), speed x1.35, damage x1.35, impact x1.35
[  7384   40.788 x1.00] LOG  [CameraGameFeel] Shake: intensity=0.06 duration=0.080s
[  7384   40.788 x1.00] LOG  [Combat] Hit OniBoss for 26
[  7384   40.788 x1.00] LOG  [CameraGameFeel] Shake: intensity=0.68 duration=0.200s
[  7384   40.788 x1.00] LOG  [CameraGameFeel] FOV punch: hit light (+1.5°)
[  7385   40.793 x1.00] LOG  [OniBoss] Stagger → Chase
[  7386   40.799 x1.00] LOG  [OniBoss] Playing animation: Watch
[  7386   40.799 x1.00] LOG  [OniBoss] Chase → Attack
[  7386   40.799 x1.00] LOG  [OniBoss] Attack: Club_Swing (16 dmg)
[  7386   40.799 x1.00] LOG  [OniBoss:Trail] Club_Swing trail START at clip 1.00 (transition done).
[  7406   40.890 x1.00] LOG  [ComboTrace] CLICK IGNORED (step=2 queued=2)
[  7427   40.985 x1.00] LOG  [Combat] Dodge: Dodge_2Leg (4m, 2leg)
[  7427   40.985 x1.00] LOG  [AirPosePin] engaged, holding body at 0.654m above the transform
[  7468   41.167 x1.00] LOG  [CameraGameFeel] Shake: intensity=0.20 duration=0.250s
[  7468   41.167 x1.00] LOG  [Peach] light hit 16 dmg: 2 bites (Cannot Die held her at 1 bite). 1/16 bites = 0.25 of 4 peaches
[  7468   41.167 x1.00] LOG  [Momentum] 7 -> 3 (light hit taken, 50% = -4), speed x1.15, damage x1.15, impact x1.15
[  7468   41.167 x1.00] LOG  [Combat] Combo memory: light hit, keeping step 2
[  7468   41.167 x1.00] LOG  [Combat] Hit react: HitReact_Light_2Leg (0.5s, clip starts at 0.35s)
[  7468   41.167 x1.00] LOG  [CameraGameFeel] Shake: intensity=0.30 duration=0.200s
[  7468   41.167 x1.00] LOG  [CameraGameFeel] FOV punch: player damage (-2.0°)
[  7468   41.167 x1.00] LOG  [OniBoss] Hit player for 16 (Club_Swing)
[  7468   41.167 x1.00] LOG  [OniBoss:Touch] Club_Swing: club TOUCHED Yoru at clip 0.39, shaft 0.32m from her body line, head 0.43 along the club, tip 2.44m up, tip speed 163m/s. Full club hit delivered this frame.
[  7469   41.172 x1.00] LOG  [HitReactTrace] asked for 'HitReact_Light_2Leg' (0.50s, clip start 0.35s): NOT playing it, another state took the combat layer, blend resolved after 5 ms, state 0.49s long at speed 1.00, now at 0.18s, layer weight 1.00, animator.speed 1.00.
[  7475   41.204 x1.00] LOG  [OniBoss:ClubPos] Club_Swing at strike: club tip 3.03m up, 2.21m in front, -3.09m to his right (3.80m out from his centre). Club faces -88deg from his forward, pitch 0.41. (the ground wave is born 1.6m in front of him at 0.35m.)
[  7475   41.204 x1.00] LOG  [OniBoss:Layer] Club_Swing: club already hit — ground wave released as VISUAL only (0 damage).
[  7541   41.517 x1.00] LOG  💨 Landing VFX spawned!
[  7541   41.517 x1.00] LOG  [AirPosePin] released, peak correction was 0.002m
[  7576   41.670 x1.00] LOG  ✅ LANDED! (was jump #0)
[  7578   41.678 x1.00] LOG  [OniBoss] Attack → Recovery
[  7578   41.678 x1.00] LOG  [OniBoss] Playing animation: Watch
[  7578   41.678 x1.00] LOG  [OniBoss:Trail] trail END at clip 0.99, fading over 0.40s.
[  7578   41.678 x1.00] LOG  [OniBoss:Strike] Club_Swing: club tip closest to Yoru at 0.48m, clip position 0.91 | damage fires at 0.42 | clip 0.84s => damage fires 409 ms BEFORE the club is closest
[  7591   41.734 x1.00] LOG  [Combat] Dodge: Dodge_2Leg (4m, 2leg)
[  7591   41.734 x1.00] LOG  [AirPosePin] engaged, holding body at 0.645m above the transform
[  7611   41.831 x1.00] LOG  [OniBoss] Recovery → Chase
[  7612   41.839 x1.00] LOG  [OniBoss] hold-ground: BACKSTEP 1.5m (player 2.1m)
[  7717   42.319 x1.00] LOG  [DodgeTrace] 2leg flip: clip 0.58s, ran 0.59s, asked 4.0m, actually moved 0.75m forward and rose 1.50m at the peak (Dodge Height 1.5), travel finished at 0.58s, leaving 0.01s of clip with nothing moving.
[  7717   42.319 x1.00] LOG  [ComboTrace] move ended, combo kept at step 2, window restarted
[  7717   42.319 x1.00] LOG  [Combat] Dodge ended
[  7717   42.319 x1.00] LOG  [AirPosePin] released, peak correction was 0.000m
[  7718   42.323 x1.00] LOG  💨 Landing VFX spawned!
[  7718   42.323 x1.00] LOG  ✅ LANDED! (was jump #0)
[  7749   42.451 x1.00] LOG  [Combat] Combo 3: 35 dmg
[  7749   42.451 x1.00] LOG  [ComboTrace] START step=3 state='Combo3' queued=0 target='OniBoss' at 2.2m
[  7749   42.451 x1.00] LOG  [ComboTrace] LAUNCH OniBoss at 1.0m dist=1.03m in 0.13s
[  7749   42.451 x1.00] LOG  [YoruVFX] Ground hazard: 'VFX_Void_Area_GroundSpinYORU' laid at GroundVFX ((475.86, 0.05, 395.13)), floor tilt 0.0 deg, 17 delays shifted by 2.00s, own lifetime 8.98s
[  7749   42.451 x1.00] LOG  [Combat] Hazard zone tick: OniBoss for 25
[  7749   42.451 x1.00] LOG  [Combat] Hazard zone laid: 8.98s, 25 dmg every 0.50s in 2.00m
[  7761   42.512 x1.00] LOG  OniBoss took 40 damage. HP: 1625/2500
[  7761   42.512 x1.00] LOG  [OniBoss] Chase → Stagger
[  7761   42.512 x1.00] LOG  [OniBoss] Playing animation: Stagger
[  7761   42.512 x1.00] LOG  [OniBoss] STAGGERED for 2.5s
[  7761   42.512 x1.00] LOG  [OniBoss:Layer] heavy knock-back react (40 dmg) → 'HitReact_Heavy', down for 1.80s
[  7761   42.512 x1.00] LOG  [OniReactTrace] #9 HEAVY (0 dmg) asked for 'HitReact_Heavy': crossfade 0.08s, animator speed 1.35, world x1.00
[  7761   42.512 x1.00] LOG  [Momentum] 3 -> 4 (hit), speed x1.20, damage x1.20, impact x1.20
[  7761   42.512 x1.00] LOG  [CameraGameFeel] Shake: intensity=0.06 duration=0.080s
[  7761   42.512 x1.00] LOG  [CameraGameFeel] Shake: intensity=0.60 duration=0.200s
[  7761   42.512 x1.00] LOG  [CameraGameFeel] FOV punch: hit light (+1.5°)
[  7762   42.517 x1.00] LOG  [OniReactTrace] #9 +0.00s state SOMETHING ELSE, clip on his bones 'Take 001' weight 1.00, blending INTO 'HitReact_Heavy', layer weight 1.00, animator speed 0.00, world x1.00, engine Stagger
[  7776   42.580 x1.00] LOG  [ComboTrace] LAUNCH RESULT wanted=1.03m actually moved=0.48m, completed
[  7781   42.614 x1.00] LOG  [OniReactTrace] #9 +0.10s state 'HitReact_Heavy' at 5 % of its 1.11s, clip on his bones 'Take 001' weight 1.00, layer weight 1.00, animator speed 1.35, world x1.00, engine Stagger
[  7795   42.672 x1.00] LOG  [ComboTrace] CLICK IGNORED (step=3 queued=0)
[  7813   42.765 x1.00] LOG  [OniReactTrace] #9 +0.25s state 'HitReact_Heavy' at 18 % of its 1.11s, clip on his bones 'Take 001' weight 1.00, layer weight 1.00, animator speed 1.35, world x1.00, engine Stagger
[  7843   42.917 x1.00] LOG  [ComboTrace] CLICK IGNORED (step=3 queued=0)
[  7851   42.954 x1.00] LOG  [Combat] Hazard zone tick: OniBoss for 25
[  7854   42.965 x1.00] LOG  [OniReactTrace] #9 +0.45s state 'HitReact_Heavy' at 37 % of its 1.11s, clip on his bones 'Take 001' weight 1.00, layer weight 1.00, animator speed 1.35, world x1.00, engine Stagger
[  7906   43.215 x1.00] LOG  [OniReactTrace] #9 +0.70s state 'HitReact_Heavy' at 59 % of its 1.11s, clip on his bones 'Take 001' weight 1.00, layer weight 1.00, animator speed 1.35, world x1.00, engine Stagger
[  7915   43.253 x1.00] LOG  [ComboTrace] END step=3 clipProgress=0.95 clipLen=0.79s queued=0 elapsed=0.80s
[  7956   43.460 x1.00] LOG  [Combat] Hazard zone tick: OniBoss for 25
[  7957   43.464 x1.00] LOG  [OniReactTrace] #9 +0.95s state 'HitReact_Heavy' at 82 % of its 1.11s, clip on his bones 'Take 001' weight 1.00, layer weight 1.00, animator speed 1.35, world x1.00, engine Stagger
[  7957   43.464 x1.00] LOG  [OniReactTrace] #9 HEAVY verdict: played to 82 % of the clip, so the reaction IS on screen and what is missing is movement inside the clip itself
[  7987   43.594 x1.00] LOG  [Combat] Combo 1: 10 dmg
[  7987   43.594 x1.00] LOG  [ComboTrace] START step=1 state='Combo1' queued=0 target='OniBoss' at 2.7m
[  7987   43.594 x1.00] LOG  [ComboTrace] LAUNCH OniBoss at 1.5m dist=1.48m in 0.15s
[  8019   43.745 x1.00] LOG  [ComboTrace] LAUNCH RESULT wanted=1.48m actually moved=0.75m, completed
[  8024   43.765 x1.00] LOG  [Combat] Queued click #1 (combo 1)
[  8024   43.765 x1.00] LOG  [ComboTrace] QUEUED #1 during step 1
[  8061   43.963 x1.00] LOG  [Combat] Hazard zone tick: OniBoss for 25
[  8062   43.967 x1.00] LOG  [Combat] Queued click #2 (combo 1)
[  8062   43.967 x1.00] LOG  [ComboTrace] QUEUED #2 during step 1
[  8066   43.985 x1.00] LOG  OniBoss punish window! 12 → 18 (x1.5)
[  8066   43.985 x1.00] LOG  OniBoss took 18 damage. HP: 1532/2500
[  8066   43.985 x1.00] LOG  [Momentum] 4 -> 5 (hit), speed x1.25, damage x1.25, impact x1.25
[  8066   43.985 x1.00] LOG  [CameraGameFeel] Shake: intensity=0.14 duration=0.080s
[  8066   43.985 x1.00] LOG  [Combat] Hit OniBoss for 12
[  8066   43.985 x1.00] LOG  [CameraGameFeel] Shake: intensity=0.63 duration=0.200s
[  8066   43.985 x1.00] LOG  [CameraGameFeel] FOV punch: hit light (+1.5°)
[  8099   44.134 x1.00] LOG  🐾 VFX_AttackPaw triggered!
[  8111   44.183 x1.00] LOG  [ComboTrace] CLICK IGNORED (step=1 queued=2)
[  8122   44.226 x1.00] LOG  [Combat] Combo 2: 20 dmg
[  8122   44.226 x1.00] LOG  [ComboTrace] START step=2 state='Combo2' queued=1 target='OniBoss' at 2.9m
[  8122   44.226 x1.00] LOG  [ComboTrace] LAUNCH OniBoss at 1.6m dist=1.62m in 0.16s
[  8139   44.315 x1.00] LOG  [OniBoss] Stagger → Chase
[  8140   44.320 x1.00] LOG  [OniBoss] Playing animation: Watch
[  8140   44.320 x1.00] LOG  [OniBoss] Chase → Attack
[  8140   44.320 x1.00] LOG  [OniBoss] Attack: Club_Swing (16 dmg)
[  8140   44.320 x1.00] LOG  [OniBoss:Trail] Club_Swing trail START at clip 1.00 (transition done).
[  8149   44.366 x1.00] LOG  [Combat] Queued click #2 (combo 2)
[  8149   44.366 x1.00] LOG  [ComboTrace] QUEUED #2 during step 2
[  8155   44.394 x1.00] LOG  [ComboTrace] LAUNCH RESULT wanted=1.62m actually moved=0.90m, completed
[  8187   44.566 x1.00] LOG  [ComboTrace] CLICK IGNORED (step=2 queued=2)
[  8209   44.676 x1.00] LOG  [OniBoss:ClubPos] Club_Swing at strike: club tip 3.02m up, 2.72m in front, -2.83m to his right (3.93m out from his centre). Club faces -78deg from his forward, pitch 0.40. (the ground wave is born 1.6m in front of him at 0.35m.)
[  8209   44.676 x1.00] LOG  [OniBoss:Layer] Club_Swing: club has not connected — ground wave released ARMED, 1.6m in front, 12m/s x 6.0m = 0.50s, carrying 8 (half of the club's 16).
[  8210   44.681 x1.00] LOG  [Peach] light hit 8 dmg: 1 bite (Cannot Die held her at 1 bite). 1/16 bites = 0.25 of 4 peaches
[  8210   44.681 x1.00] LOG  [Momentum] 5 -> 2 (light hit taken, 50% = -3), speed x1.10, damage x1.10, impact x1.10
[  8210   44.681 x1.00] LOG  [Combat] Combo memory: light hit, keeping step 2
[  8210   44.681 x1.00] LOG  [Combat] Hit react: HitReact_Light_2Leg (0.5s, clip starts at 0.35s)
[  8210   44.681 x1.00] LOG  [CameraGameFeel] Shake: intensity=0.30 duration=0.200s
[  8210   44.681 x1.00] LOG  [CameraGameFeel] FOV punch: player damage (-2.0°)
[  8210   44.681 x1.00] LOG  [OniBoss:Wave] wave TOUCHED Yoru (grounded) for 8 after 0.1m / 0.00s of travel.
[  8215   44.704 x1.00] LOG  [HitReactTrace] asked for 'HitReact_Light_2Leg' (0.50s, clip start 0.35s): playing it, blend resolved after 23 ms, state 1.21s long at speed 1.00, now at 0.37s, layer weight 1.00, animator.speed 1.00.
[  8315   45.160 x1.00] LOG  [OniBoss] Attack → Recovery
[  8315   45.160 x1.00] LOG  [OniBoss] Playing animation: Watch
[  8315   45.160 x1.00] LOG  [OniBoss:Trail] trail END at clip 0.99, fading over 0.40s.
[  8315   45.160 x1.00] LOG  [OniBoss:Strike] Club_Swing: club tip closest to Yoru at 0.48m, clip position 0.91 | damage fires at 0.42 | clip 0.84s => damage fires 412 ms BEFORE the club is closest
[  8338   45.271 x1.00] LOG  [Combat] Combo 3: 35 dmg
[  8338   45.271 x1.00] LOG  [ComboTrace] START step=3 state='Combo3' queued=0 target='OniBoss' at 2.0m
[  8338   45.271 x1.00] LOG  [ComboTrace] LAUNCH OniBoss at 0.8m dist=0.83m in 0.13s
[  8338   45.271 x1.00] LOG  [YoruVFX] Ground hazard: 'VFX_Void_Area_GroundSpinYORU' laid at GroundVFX ((474.39, 0.05, 393.77)), floor tilt 0.0 deg, 17 delays shifted by 2.00s, own lifetime 8.98s
[  8338   45.271 x1.00] LOG  [Combat] Hazard zone tick: OniBoss for 25
[  8338   45.271 x1.00] LOG  [Combat] Hazard zone laid: 8.98s, 25 dmg every 0.50s in 2.00m
[  8345   45.310 x1.00] LOG  [OniBoss] Recovery → Chase
[  8346   45.314 x1.00] LOG  [OniBoss] hold-ground: BACKSTEP 1.5m (player 2.0m)
[  8351   45.333 x1.00] LOG  OniBoss took 38 damage. HP: 1469/2500
[  8351   45.333 x1.00] LOG  [OniBoss] Chase → Stagger
[  8351   45.333 x1.00] LOG  [OniBoss] Playing animation: Stagger
[  8351   45.333 x1.00] LOG  [OniBoss] STAGGERED for 2.5s
[  8351   45.333 x1.00] LOG  [OniBoss:Layer] heavy knock-back react (38 dmg) → 'HitReact_Heavy', down for 1.80s
[  8351   45.333 x1.00] LOG  [OniReactTrace] #10 HEAVY (0 dmg) asked for 'HitReact_Heavy': crossfade 0.08s, animator speed 1.35, world x1.00
[  8351   45.333 x1.00] LOG  [Momentum] 2 -> 3 (hit), speed x1.15, damage x1.15, impact x1.15
[  8351   45.333 x1.00] LOG  [CameraGameFeel] Shake: intensity=0.06 duration=0.080s
[  8351   45.333 x1.00] LOG  [CameraGameFeel] Shake: intensity=0.58 duration=0.200s
[  8351   45.333 x1.00] LOG  [CameraGameFeel] FOV punch: hit light (+1.5°)
[  8352   45.340 x1.00] LOG  [OniBoss] ⚡ PHASE 2 ACTIVATED
[  8352   45.340 x1.00] LOG  [OniBoss:Layer] PHASE 2: health snapped 1469 → 1500 (the phase line, 60 %) for the phase-2 start.
[  8352   45.340 x1.00] LOG  [OniBoss] STAGGERED (parry) for 3s
[  8352   45.340 x0.45] LOG  [Combat] Combat reset
[  8352   45.340 x0.45] LOG  [OniBoss:Cine] CINEMATIC ON — hard cut, bars in, world at x0.45, roar at x0.80 + 0.9s linger, rise at x0.45, beat frames 27-37/94 at x0.20, hang 2.0s, orbit roar 120° / rise 40° / drop 30°, lens 65° locked, fill 0.70, screen-y 0.40/0.33, apex at clip 0.40.
[  8352   45.340 x0.45] LOG  [OniBoss:Layer] PHASE 2: transition 'Phase_Transition' driven at x0.60 + 0.6s hold — untouchable, roar at 0.60
[  8352   45.340 x0.45] LOG  [BossBar] Hiding bar INSTANTLY (cinematic)
[  8352   45.340 x0.45] LOG  [OniBoss:Layer] boss bar hidden (cinematic)
[  8352   45.340 x0.45] LOG  [OniReactTrace] #10 +0.01s state SOMETHING ELSE, clip on his bones '?' weight 0.00, blending INTO 'HitReact_Heavy', layer weight 1.00, animator speed 0.00, world x0.45, engine Stagger
[  8353   45.353 x0.45] LOG  [OniBoss:Layer] PHASE 2: clip is 2.42s — cinematic: scream ~1.81s in + 0.9s linger
[  8371   45.434 x0.45] LOG  [OniReactTrace] #10 +0.10s state SOMETHING ELSE, clip on his bones 'Take 001' weight 1.00, layer weight 1.00, animator speed 1.35, world x0.45, engine Stagger
[  8397   45.584 x0.45] LOG  [OniReactTrace] #10 +0.25s state SOMETHING ELSE, clip on his bones 'Take 001' weight 1.00, layer weight 1.00, animator speed 1.35, world x0.45, engine Stagger
[  8433   45.784 x0.45] LOG  [OniReactTrace] #10 +0.45s state SOMETHING ELSE, clip on his bones 'Take 001' weight 1.00, layer weight 1.00, animator speed 1.35, world x0.45, engine Stagger
[  8475   46.035 x0.45] LOG  [OniReactTrace] #10 +0.70s state SOMETHING ELSE, clip on his bones 'Take 001' weight 1.00, layer weight 1.00, animator speed 1.35, world x0.45, engine Stagger
[  8523   46.285 x0.45] LOG  [OniReactTrace] #10 +0.95s state SOMETHING ELSE, clip on his bones 'Take 001' weight 1.00, layer weight 1.00, animator speed 1.35, world x0.45, engine Stagger
[  8523   46.285 x0.45] LOG  [OniReactTrace] #10 HEAVY verdict: NEVER REACHED that state: something else owns his animator, see the clip named on the lines above
[  8683   47.155 x0.45] LOG  [CameraGameFeel] Shake: intensity=0.60 duration=0.500s
[  8683   47.155 x0.45] LOG  [OniBoss:Layer] PHASE 2: roar at 1.45 clip-s
[  8853   48.055 x0.45] LOG  [OniBoss:Layer] PHASE 2: transition over after 2.71s real — he is back, and angrier
[  8853   48.055 x0.45] LOG  [OniBoss:Layer] PHASE 2: chaining into the GROUND POUND — no pause. The cinematic rides along until the top of the jump.
[  8853   48.055 x0.45] LOG  [OniBoss] STAGGERED (parry) for 3s
[  8853   48.055 x0.45] LOG  [OniBoss:Layer] GROUND POUND (phase-2 entrance): driving 'Ground_Pound' at x1.00, slam at 0.60, cinematic until the apex at 0.40
[  8854   48.061 x0.45] LOG  [OniBoss:Layer] GROUND POUND: clip is 3.13s
[  9232   50.055 x0.45] LOG  [StormWeather] storm break released
[  9232   50.055 x0.45] LOG  [CameraGameFeel] Shake: intensity=0.90 duration=0.500s
[  9232   50.055 x0.45] LOG  [OniBoss:Cine] LIGHTNING BEAT — sky show off, single strike 'LightningOrbSoftYellow'.
[  9233   50.061 x0.20] LOG  [StormWeather] ⚡ strike at (481.35, 45.00, 448.18)
[  9233   50.061 x0.20] LOG  [StormWeather] COZY → 'Yoru_Oni_Phase2_Storm' (the sky answers, storm chaos)
[  9233   50.061 x0.20] LOG  [StormWeather] fur lights boosted for the storm: fill 1.45, rim x1.30.
[  9233   50.061 x0.20] LOG  [StormWeather] PHASE 2 - storm breaking.
[  9554   51.811 x0.45] LOG  [Momentum] 3 -> 2 (drain), speed x1.10, damage x1.10, impact x1.10
[  9743   52.932 x0.45] LOG  [Momentum] 2 -> 1 (drain), speed x1.05, damage x1.05, impact x1.05
[  9903   53.762 x1.00] LOG  [OniBoss:Cine] the DROP at clip 0.40 (hung 2.0s) — full speed, the camera rides him DOWN.
[  9926   53.890 x1.00] LOG  [Momentum] 1 -> 0 (drain), speed x1.00, damage x1.00, impact x1.00
[ 10020   54.392 x1.00] LOG  [CameraGameFeel] FOV punch: hit light (+1.5°)
[ 10020   54.392 x1.00] LOG  [StormWeather] storm break released
[ 10020   54.392 x1.00] LOG  [OniBoss:Cine] CINEMATIC OFF (he LANDS at clip 0.60) — control returned, bars out, camera hands over in 0.30s. Lens locked at 65°; the camera stepped back to 23.0m at the farthest.
[ 10020   54.392 x1.00] LOG  [CameraGameFeel] Shake: intensity=1.10 duration=0.800s
[ 10020   54.392 x1.00] LOG  [OniBoss:Pound] SLAM at clip 0.60 (1.88 clip-s) — ring 12m/s out to 12m, 45 damage, jumpable.
[ 10021   54.398 x1.00] LOG  [BossBar] Showing bar for: Oni (1500/2500)
[ 10021   54.398 x1.00] LOG  [OniBoss:Layer] boss bar shown
[ 10021   54.398 x1.00] LOG  [BossBar] Bar switched to phase 2
[ 10021   54.398 x1.00] LOG  [OniBoss:Layer] boss bar → phase 2 crimson
[ 10052   54.571 x1.00] LOG  [Peach] heavy hit 45 dmg: 6 bites (Cannot Die held her at 1 bite). 1/16 bites = 0.25 of 4 peaches
[ 10052   54.571 x1.00] LOG  [Combat] Hit react: HitReact_Heavy_2Leg (0.9s, clip starts at 0.35s)
[ 10052   54.571 x1.00] LOG  [CameraGameFeel] Shake: intensity=0.60 duration=0.200s
[ 10052   54.571 x1.00] LOG  [CameraGameFeel] FOV punch: player damage (-3.0°)
[ 10052   54.571 x1.00] LOG  [OniBoss:Pound] shockwave CAUGHT Yoru (grounded) at 2.9m for 45.
[ 10056   54.594 x1.00] LOG  [HitReactTrace] asked for 'HitReact_Heavy_2Leg' (0.90s, clip start 0.35s): playing it, blend resolved after 23 ms, state 1.21s long at speed 1.00, now at 0.37s, layer weight 1.00, animator.speed 1.00.
[ 10136   55.016 x1.00] LOG  [StormWeather] storm post weight -> 1.00
[ 10252   55.556 x1.00] LOG  [Combat] Combo 1: 10 dmg
[ 10252   55.556 x1.00] LOG  [ComboTrace] START step=1 state='Combo1' queued=0 target='OniBoss' at 2.9m
[ 10252   55.556 x1.00] LOG  [ComboTrace] LAUNCH OniBoss at 1.6m dist=1.64m in 0.16s
[ 10269   55.636 x1.00] LOG  [OniBoss] Stagger → Chase
[ 10269   55.636 x1.00] LOG  [OniBoss:Cine] first-attack GRACE — at least 2.0s before he may swing.
[ 10269   55.636 x1.00] LOG  [OniBoss:Layer] GROUND POUND: done — the engine is his again.
[ 10270   55.640 x1.00] LOG  [OniBoss] Playing animation: Idle
[ 10270   55.640 x1.00] LOG  [OniBoss] Playing animation: Walk
[ 10286   55.724 x1.00] LOG  [ComboTrace] LAUNCH RESULT wanted=1.64m actually moved=0.93m, completed
[ 10296   55.776 x1.00] LOG  [Combat] Queued click #1 (combo 1)
[ 10296   55.776 x1.00] LOG  [ComboTrace] QUEUED #1 during step 1
[ 10311   55.842 x1.00] LOG  [Combat] Hazard zone tick: OniBoss for 25
[ 10350   56.002 x1.00] LOG  [Combat] Queued click #2 (combo 1)
[ 10350   56.002 x1.00] LOG  [ComboTrace] QUEUED #2 during step 1
[ 10356   56.025 x1.00] LOG  OniBoss took 10 damage. HP: 1465/2500
[ 10356   56.025 x1.00] LOG  [OniBoss] Chase → HitReact
[ 10356   56.025 x1.00] LOG  [OniBoss:Layer] react tier: LIGHT (10 dmg) → 'Hit_react_light'
[ 10356   56.025 x1.00] LOG  [OniReactTrace] #11 LIGHT (10 dmg) asked for 'Hit_react_light': crossfade 0.08s, animator speed 1.35, world x1.00
[ 10356   56.025 x1.00] LOG  [Momentum] 0 -> 1 (hit), speed x1.05, damage x1.05, impact x1.05
[ 10356   56.025 x1.00] LOG  [CameraGameFeel] Shake: intensity=0.06 duration=0.080s
[ 10356   56.025 x1.00] LOG  [Combat] Hit OniBoss for 10
[ 10356   56.025 x1.00] LOG  [CameraGameFeel] Shake: intensity=0.53 duration=0.200s
[ 10356   56.025 x1.00] LOG  [CameraGameFeel] FOV punch: hit light (+1.5°)
[ 10357   56.030 x1.00] LOG  [OniReactTrace] #11 +0.00s state SOMETHING ELSE, clip on his bones 'Take 001' weight 1.00, layer weight 1.00, animator speed 0.00, world x1.00, engine HitReact
[ 10380   56.126 x1.00] LOG  [OniReactTrace] #11 +0.10s state SOMETHING ELSE, clip on his bones 'Take 001' weight 0.05, blending INTO 'Hit_react_light', layer weight 1.00, animator speed 1.35, world x1.00, engine HitReact
[ 10396   56.192 x1.00] LOG  🐾 VFX_AttackPaw triggered!
[ 10406   56.237 x1.00] LOG  [ComboTrace] CLICK IGNORED (step=1 queued=2)
[ 10413   56.276 x1.00] LOG  [OniReactTrace] #11 +0.25s state 'Hit_react_light' at 35 % of its 0.59s, clip on his bones 'Take 001' weight 1.00, layer weight 1.00, animator speed 1.35, world x1.00, engine HitReact
[ 10419   56.296 x1.00] LOG  [Combat] Combo 2: 20 dmg
[ 10419   56.296 x1.00] LOG  [ComboTrace] START step=2 state='Combo2' queued=1 target='OniBoss' at 2.1m
[ 10419   56.296 x1.00] LOG  [ComboTrace] LAUNCH OniBoss at 0.9m dist=0.91m in 0.13s
[ 10429   56.346 x1.00] LOG  [Combat] Hazard zone tick: OniBoss for 25
[ 10439   56.395 x1.00] LOG  [StormWeather] ⚡ strike at (483.19, 45.00, 454.14)
[ 10446   56.428 x1.00] LOG  [ComboTrace] LAUNCH RESULT wanted=0.91m actually moved=0.10m, completed
[ 10455   56.470 x1.00] LOG  [Combat] Queued click #2 (combo 2)
[ 10455   56.470 x1.00] LOG  [ComboTrace] QUEUED #2 during step 2
[ 10457   56.478 x1.00] LOG  [OniReactTrace] #11 +0.45s state 'Hit_react_light' at 70 % of its 0.59s, clip on his bones 'Take 001' weight 1.00, layer weight 1.00, animator speed 1.35, world x1.00, engine HitReact
[ 10504   56.712 x1.00] LOG  [ComboTrace] CLICK IGNORED (step=2 queued=2)
[ 10506   56.726 x1.00] LOG  [OniReactTrace] #11 +0.70s state 'Hit_react_light' at 100 % of its 0.59s, clip on his bones 'Take 001' weight 1.00, layer weight 1.00, animator speed 1.35, world x1.00, engine HitReact
[ 10528   56.829 x1.00] LOG  [OniBoss] HitReact → Chase
[ 10529   56.833 x1.00] LOG  [OniBoss] Playing animation: Idle
[ 10529   56.833 x1.00] LOG  [OniBoss] Playing animation: Walk
[ 10532   56.846 x1.00] LOG  [Combat] Hazard zone tick: OniBoss for 25
[ 10542   56.892 x1.00] LOG  🐾🐾 VFX_TowPaw triggered!
[ 10546   56.912 x1.00] LOG  OniBoss took 21 damage. HP: 1394/2500
[ 10546   56.912 x1.00] LOG  [OniBoss] 🤕 Hit during Chase — flash only
[ 10546   56.912 x1.00] LOG  [Momentum] 1 -> 2 (hit), speed x1.10, damage x1.10, impact x1.10
[ 10546   56.912 x1.00] LOG  [CameraGameFeel] Shake: intensity=0.06 duration=0.080s
[ 10546   56.912 x1.00] LOG  [Combat] Hit OniBoss for 21
[ 10546   56.912 x1.00] LOG  [CameraGameFeel] Shake: intensity=0.55 duration=0.200s
[ 10546   56.912 x1.00] LOG  [CameraGameFeel] FOV punch: hit light (+1.5°)
[ 10555   56.952 x1.00] LOG  [ComboTrace] CLICK IGNORED (step=2 queued=2)
[ 10561   56.977 x1.00] LOG  [OniReactTrace] #11 +0.95s state 'Hit_react_light' at 100 % of its 0.59s, clip on his bones 'Take 001' weight 0.46, blending into a DIFFERENT state, layer weight 1.00, animator speed 1.35, world x1.00, engine Chase
[ 10561   56.977 x1.00] LOG  [OniReactTrace] #11 LIGHT verdict: played to 100 % of the clip, so the reaction IS on screen and what is missing is movement inside the clip itself
[ 10604   57.154 x1.00] LOG  [ComboTrace] CLICK IGNORED (step=2 queued=2)
[ 10623   57.239 x1.00] LOG  [OniBoss] Playing animation: Idle
[ 10632   57.292 x1.00] LOG  🐾🐾 VFX_TowPaw triggered!
[ 10639   57.321 x1.00] LOG  [Combat] Combo 3: 35 dmg
[ 10639   57.321 x1.00] LOG  [ComboTrace] START step=3 state='Combo3' queued=1 target='OniBoss' at 2.4m
[ 10639   57.321 x1.00] LOG  [ComboTrace] LAUNCH OniBoss at 1.2m dist=1.16m in 0.13s
[ 10639   57.321 x1.00] LOG  [YoruVFX] Ground hazard: 'VFX_Void_Area_GroundSpinYORU' laid at GroundVFX ((473.57, 0.05, 393.05)), floor tilt 0.0 deg, 17 delays shifted by 2.00s, own lifetime 8.98s
[ 10639   57.321 x1.00] LOG  [Combat] Hazard zone tick: OniBoss for 25
[ 10639   57.321 x1.00] LOG  [Combat] Hazard zone laid: 8.98s, 25 dmg every 0.50s in 2.00m
[ 10652   57.377 x1.00] LOG  [ComboTrace] CLICK DROPPED by attackCooldown (0.10s, 0.06s since last attack) step=3
[ 10653   57.381 x1.00] LOG  OniBoss took 38 damage. HP: 1331/2500
[ 10653   57.381 x1.00] LOG  [OniBoss] Chase → Stagger
[ 10653   57.381 x1.00] LOG  [OniBoss] Playing animation: Stagger
[ 10653   57.381 x1.00] LOG  [OniBoss] STAGGERED for 2.5s
[ 10653   57.381 x1.00] LOG  [OniBoss:Layer] heavy knock-back react (38 dmg) → 'HitReact_Heavy', down for 1.80s
[ 10653   57.381 x1.00] LOG  [OniReactTrace] #12 HEAVY (0 dmg) asked for 'HitReact_Heavy': crossfade 0.08s, animator speed 1.35, world x1.00
[ 10653   57.381 x1.00] LOG  [Momentum] 2 -> 3 (hit), speed x1.15, damage x1.15, impact x1.15
[ 10653   57.381 x1.00] LOG  [CameraGameFeel] Shake: intensity=0.06 duration=0.080s
[ 10653   57.381 x1.00] LOG  [CameraGameFeel] Shake: intensity=0.58 duration=0.200s
[ 10653   57.381 x1.00] LOG  [CameraGameFeel] FOV punch: hit light (+1.5°)
[ 10654   57.387 x1.00] LOG  [OniReactTrace] #12 +0.01s state SOMETHING ELSE, clip on his bones '?' weight 0.00, blending INTO 'HitReact_Heavy', layer weight 1.00, animator speed 0.00, world x1.00, engine Stagger
[ 10667   57.456 x1.00] LOG  [ComboTrace] LAUNCH RESULT wanted=1.16m actually moved=0.63m, completed
[ 10672   57.485 x1.00] LOG  [OniReactTrace] #12 +0.10s state 'HitReact_Heavy' at 5 % of its 1.11s, clip on his bones 'Take 001' weight 1.00, layer weight 1.00, animator speed 1.35, world x1.00, engine Stagger
[ 10696   57.595 x1.00] LOG  [ComboTrace] CLICK IGNORED (step=3 queued=1)
[ 10702   57.633 x1.00] LOG  [OniReactTrace] #12 +0.25s state 'HitReact_Heavy' at 18 % of its 1.11s, clip on his bones 'Take 001' weight 1.00, layer weight 1.00, animator speed 1.35, world x1.00, engine Stagger
[ 10735   57.807 x1.00] LOG  [ComboTrace] CLICK IGNORED (step=3 queued=1)
[ 10740   57.835 x1.00] LOG  [OniReactTrace] #12 +0.45s state 'HitReact_Heavy' at 36 % of its 1.11s, clip on his bones 'Take 001' weight 1.00, layer weight 1.00, animator speed 1.35, world x1.00, engine Stagger
[ 10775   58.023 x1.00] LOG  [ComboTrace] CLICK IGNORED (step=3 queued=1)
[ 10786   58.082 x1.00] LOG  [OniReactTrace] #12 +0.70s state 'HitReact_Heavy' at 59 % of its 1.11s, clip on his bones 'Take 001' weight 1.00, layer weight 1.00, animator speed 1.35, world x1.00, engine Stagger
[ 10798   58.136 x1.00] LOG  [ComboTrace] END step=3 clipProgress=0.95 clipLen=0.79s queued=0 elapsed=0.81s
[ 10827   58.256 x1.00] LOG  [Combat] Combo 1: 10 dmg
[ 10827   58.256 x1.00] LOG  [ComboTrace] START step=1 state='Combo1' queued=0 target='OniBoss' at 2.6m
[ 10827   58.256 x1.00] LOG  [ComboTrace] LAUNCH OniBoss at 1.4m dist=1.40m in 0.14s
[ 10843   58.333 x1.00] LOG  [OniReactTrace] #12 +0.95s state 'HitReact_Heavy' at 81 % of its 1.11s, clip on his bones 'Take 001' weight 1.00, layer weight 1.00, animator speed 1.35, world x1.00, engine Stagger
[ 10843   58.333 x1.00] LOG  [OniReactTrace] #12 HEAVY verdict: played to 81 % of the clip, so the reaction IS on screen and what is missing is movement inside the clip itself
[ 10857   58.396 x1.00] LOG  [ComboTrace] LAUNCH RESULT wanted=1.40m actually moved=0.66m, completed
[ 10867   58.447 x1.00] LOG  [Combat] Queued click #1 (combo 1)
[ 10867   58.447 x1.00] LOG  [ComboTrace] QUEUED #1 during step 1
[ 10912   58.658 x1.00] LOG  [Combat] Queued click #2 (combo 1)
[ 10912   58.658 x1.00] LOG  [ComboTrace] QUEUED #2 during step 1
[ 10914   58.666 x1.00] LOG  OniBoss punish window! 12 → 18 (x1.5)
[ 10914   58.666 x1.00] LOG  OniBoss took 18 damage. HP: 1313/2500
[ 10914   58.666 x1.00] LOG  [Momentum] 3 -> 4 (hit), speed x1.20, damage x1.20, impact x1.20
[ 10914   58.666 x1.00] LOG  [CameraGameFeel] Shake: intensity=0.06 duration=0.080s
[ 10914   58.666 x1.00] LOG  [Combat] Hit OniBoss for 12
[ 10914   58.666 x1.00] LOG  [CameraGameFeel] Shake: intensity=0.60 duration=0.200s
[ 10914   58.666 x1.00] LOG  [CameraGameFeel] FOV punch: hit light (+1.5°)
[ 10945   58.819 x1.00] LOG  🐾 VFX_AttackPaw triggered!
[ 10957   58.869 x1.00] LOG  [ComboTrace] CLICK IGNORED (step=1 queued=2)
[ 10966   58.913 x1.00] LOG  [Combat] Combo 2: 20 dmg
[ 10966   58.913 x1.00] LOG  [ComboTrace] START step=2 state='Combo2' queued=1 target='OniBoss' at 2.9m
[ 10966   58.913 x1.00] LOG  [ComboTrace] LAUNCH OniBoss at 1.6m dist=1.61m in 0.16s
[ 10984   58.996 x1.00] LOG  [StormWeather] ⚡ strike at (487.46, 45.00, 446.47)
[ 11000   59.076 x1.00] LOG  [Combat] Queued click #2 (combo 2)
[ 11000   59.076 x1.00] LOG  [ComboTrace] QUEUED #2 during step 2
[ 11000   59.076 x1.00] LOG  [ComboTrace] LAUNCH RESULT wanted=1.61m actually moved=0.90m, completed
[ 11021   59.186 x1.00] LOG  [OniBoss] Stagger → Chase
[ 11022   59.190 x1.00] LOG  [OniBoss] Playing animation: Watch
[ 11022   59.190 x1.00] LOG  [OniBoss] Combo started: ClubSwing1 → ClubSwing2 → ClubSlam (3 steps remaining)
[ 11022   59.190 x1.00] LOG  [OniBoss] Chase → Attack
[ 11022   59.190 x1.00] LOG  [OniBoss] Attack: Club_Swing (16 dmg)
[ 11022   59.190 x1.00] LOG  [OniBoss:Trail] Club_Swing trail START at clip 1.00 (transition done).
[ 11052   59.324 x1.00] LOG  [ComboTrace] CLICK IGNORED (step=2 queued=2)
[ 11075   59.441 x1.00] LOG  🐾🐾 VFX_TowPaw triggered!
[ 11078   59.456 x1.00] LOG  OniBoss took 24 damage. HP: 1289/2500
[ 11078   59.456 x1.00] LOG  [OniBoss] 🤕 Hit during Attack — flash only
[ 11078   59.456 x1.00] LOG  [OniBoss] Attack → Stagger
[ 11078   59.456 x1.00] LOG  [OniBoss] Playing animation: Stagger
[ 11078   59.456 x1.00] LOG  [OniBoss] STAGGERED for 2.5s
[ 11078   59.456 x1.00] LOG  [OniBoss:Layer] heavy knock-back react (swirl burst, 2 hits / 42 dmg) → 'HitReact_Heavy', down for 1.80s
[ 11078   59.456 x1.00] LOG  [OniReactTrace] #13 HEAVY (0 dmg) asked for 'HitReact_Heavy': crossfade 0.08s, animator speed 1.35, world x1.00
[ 11078   59.456 x1.00] LOG  [OniBoss:Layer] burst: 2 hits / 42 dmg inside 0.8s → knock-back + 0.90m push
[ 11078   59.456 x1.00] LOG  [Momentum] 4 -> 5 (hit), speed x1.25, damage x1.25, impact x1.25
[ 11078   59.456 x1.00] LOG  [CameraGameFeel] Shake: intensity=0.14 duration=0.080s
[ 11078   59.456 x1.00] LOG  [Combat] Hit OniBoss for 24
[ 11078   59.456 x1.00] LOG  [CameraGameFeel] Shake: intensity=0.63 duration=0.200s
[ 11078   59.456 x1.00] LOG  [CameraGameFeel] FOV punch: hit light (+1.5°)
[ 11078   59.456 x1.00] LOG  [OniBoss:Touch] Club_Swing: no touch this swing, closest 1.98m at clip 0.21 (head 0.00 along the club), fastest tip 156m/s (radius 0.70, min speed 50, max tip height 2.5m).
[ 11078   59.456 x1.00] LOG  [OniBoss:Strike] Club_Swing: club tip closest to Yoru at 7.05m, clip position 0.14 | damage fires at 0.42 | clip 0.84s => damage fires 235 ms AFTER the club is closest — it lands once the club has passed her
[ 11079   59.462 x1.00] LOG  [OniBoss:Trail] trail END at clip 0.32, fading over 0.40s.
[ 11079   59.462 x1.00] LOG  [OniReactTrace] #13 +0.01s state SOMETHING ELSE, clip on his bones 'Take 001' weight 1.00, layer weight 1.00, animator speed 0.00, world x1.00, engine Stagger
[ 11092   59.523 x1.00] LOG  [ComboTrace] CLICK IGNORED (step=2 queued=2)
[ 11099   59.558 x1.00] LOG  [OniReactTrace] #13 +0.10s state 'HitReact_Heavy' at 4 % of its 1.11s, clip on his bones 'Take 001' weight 1.00, layer weight 1.00, animator speed 1.35, world x1.00, engine Stagger
[ 11130   59.706 x1.00] LOG  [OniReactTrace] #13 +0.25s state 'HitReact_Heavy' at 18 % of its 1.11s, clip on his bones 'Take 001' weight 1.00, layer weight 1.00, animator speed 1.35, world x1.00, engine Stagger
[ 11138   59.753 x1.00] LOG  [ComboTrace] CLICK IGNORED (step=2 queued=2)
[ 11149   59.807 x1.00] LOG  🐾🐾 VFX_TowPaw triggered!
[ 11154   59.828 x1.00] LOG  [Combat] Combo 3: 35 dmg
[ 11154   59.828 x1.00] LOG  [ComboTrace] START step=3 state='Combo3' queued=1 target='OniBoss' at 2.9m
[ 11154   59.828 x1.00] LOG  [ComboTrace] LAUNCH OniBoss at 1.6m dist=1.61m in 0.16s
[ 11154   59.828 x1.00] LOG  [YoruVFX] Ground hazard: 'VFX_Void_Area_GroundSpinYORU' laid at GroundVFX ((471.52, 0.05, 392.22)), floor tilt 0.0 deg, 17 delays shifted by 2.00s, own lifetime 8.98s
[ 11154   59.828 x1.00] LOG  [Combat] Hazard zone tick: OniBoss for 25
[ 11154   59.828 x1.00] LOG  [Combat] Hazard zone laid: 8.98s, 25 dmg every 0.50s in 2.00m
[ 11167   59.892 x1.00] LOG  OniBoss punish window! 44 → 66 (x1.5)
[ 11167   59.892 x1.00] LOG  OniBoss took 66 damage. HP: 1198/2500
[ 11167   59.892 x1.00] LOG  [Momentum] 5 -> 6 (hit), speed x1.30, damage x1.30, impact x1.30
[ 11167   59.892 x1.00] LOG  [CameraGameFeel] Shake: intensity=0.06 duration=0.080s
[ 11167   59.892 x1.00] LOG  [CameraGameFeel] Shake: intensity=0.65 duration=0.200s
[ 11167   59.892 x1.00] LOG  [CameraGameFeel] FOV punch: hit light (+1.5°)
[ 11169   59.912 x1.00] LOG  [OniReactTrace] #13 +0.46s state 'HitReact_Heavy' at 34 % of its Infinitys, clip on his bones 'Take 001' weight 1.00, layer weight 1.00, animator speed 0.00, world x1.00, engine Stagger
[ 11180   59.973 x1.00] LOG  [ComboTrace] CLICK IGNORED (step=3 queued=1)
[ 11185   59.993 x1.00] LOG  [ComboTrace] LAUNCH RESULT wanted=1.61m actually moved=1.31m, completed
[ 11218   60.163 x1.00] LOG  [OniReactTrace] #13 +0.71s state 'HitReact_Heavy' at 53 % of its 1.11s, clip on his bones 'Take 001' weight 1.00, layer weight 1.00, animator speed 1.35, world x1.00, engine Stagger
[ 11226   60.203 x1.00] LOG  [ComboTrace] CLICK IGNORED (step=3 queued=1)
[ 11264   60.418 x1.00] LOG  [OniReactTrace] #13 +0.96s state 'HitReact_Heavy' at 75 % of its 1.11s, clip on his bones 'Take 001' weight 1.00, layer weight 1.00, animator speed 1.35, world x1.00, engine Stagger
[ 11264   60.418 x1.00] LOG  [OniReactTrace] #13 HEAVY verdict: played to 75 % of the clip, so the reaction IS on screen and what is missing is movement inside the clip itself
[ 11310   60.653 x1.00] LOG  [ComboTrace] END step=3 clipProgress=0.95 clipLen=0.79s queued=0 elapsed=0.83s
[ 11313   60.673 x1.00] LOG  [StormWeather] ⚡ strike at (476.22, 45.00, 456.19)
[ 11319   60.703 x1.00] LOG  [ComboTrace] CLICK DROPPED by attackCooldown (0.10s, 0.05s since last attack) step=3
[ 11358   60.887 x1.00] LOG  [Combat] Combo 1: 10 dmg
[ 11358   60.887 x1.00] LOG  [ComboTrace] START step=1 state='Combo1' queued=0 target='OniBoss' at 2.5m
[ 11358   60.887 x1.00] LOG  [ComboTrace] LAUNCH OniBoss at 1.2m dist=1.24m in 0.13s
[ 11383   61.019 x1.00] LOG  [ComboTrace] LAUNCH RESULT wanted=1.24m actually moved=0.49m, completed
[ 11398   61.084 x1.00] LOG  [Combat] Queued click #1 (combo 1)
[ 11398   61.084 x1.00] LOG  [ComboTrace] QUEUED #1 during step 1
[ 11435   61.254 x1.00] LOG  OniBoss punish window! 13 → 20 (x1.5)
[ 11435   61.254 x1.00] LOG  OniBoss took 20 damage. HP: 1178/2500
[ 11435   61.254 x1.00] LOG  [Momentum] 6 -> 7 (hit), speed x1.35, damage x1.35, impact x1.35
[ 11435   61.254 x1.00] LOG  [CameraGameFeel] Shake: intensity=0.06 duration=0.080s
[ 11435   61.254 x1.00] LOG  [Combat] Hit OniBoss for 13
[ 11435   61.254 x1.00] LOG  [CameraGameFeel] Shake: intensity=0.68 duration=0.200s
[ 11435   61.254 x1.00] LOG  [CameraGameFeel] FOV punch: hit light (+1.5°)
[ 11436   61.263 x1.00] LOG  [OniBoss] Stagger → Chase
[ 11437   61.267 x1.00] LOG  [OniBoss] Playing animation: Idle
[ 11437   61.267 x1.00] LOG  [OniBoss] Chase → Attack
[ 11437   61.267 x1.00] LOG  [OniBoss] Attack: ClubSlam (20 dmg)
[ 11437   61.267 x1.00] LOG  [OniBoss:Trail] ClubSlam trail START at clip 1.00 (transition done).
[ 11444   61.296 x1.00] LOG  [Combat] Queued click #2 (combo 1)
[ 11444   61.296 x1.00] LOG  [ComboTrace] QUEUED #2 during step 1
[ 11461   61.392 x1.00] LOG  🐾 VFX_AttackPaw triggered!
[ 11477   61.475 x1.00] LOG  [Combat] Combo 2: 20 dmg
[ 11477   61.475 x1.00] LOG  [ComboTrace] START step=2 state='Combo2' queued=1 target='OniBoss' at 2.9m
[ 11477   61.475 x1.00] LOG  [ComboTrace] LAUNCH OniBoss at 1.6m dist=1.60m in 0.16s
[ 11482   61.498 x1.00] LOG  [ComboTrace] CLICK DROPPED by attackCooldown (0.10s, 0.02s since last attack) step=2
[ 11512   61.637 x1.00] LOG  [ComboTrace] LAUNCH RESULT wanted=1.60m actually moved=0.90m, completed
[ 11525   61.697 x1.00] LOG  [Combat] Queued click #2 (combo 2)
[ 11525   61.697 x1.00] LOG  [ComboTrace] QUEUED #2 during step 2
[ 11532   61.729 x1.00] LOG  [CameraGameFeel] Shake: intensity=0.50 duration=0.400s
[ 11532   61.729 x1.00] LOG  [Peach] heavy hit 20 dmg: 3 bites (Cannot Die held her at 1 bite). 1/16 bites = 0.25 of 4 peaches
[ 11532   61.729 x1.00] LOG  [Momentum] 7 -> 0 (heavy hit taken, reset), speed x1.00, damage x1.00, impact x1.00
[ 11532   61.729 x1.00] LOG  [Combat] Hit react: HitReact_Heavy_2Leg (0.9s, clip starts at 0.35s)
[ 11532   61.729 x1.00] LOG  [CameraGameFeel] Shake: intensity=0.60 duration=0.200s
[ 11532   61.729 x1.00] LOG  [CameraGameFeel] FOV punch: player damage (-3.0°)
[ 11532   61.729 x1.00] LOG  [OniBoss] Hit player for 20 (ClubSlam)
[ 11532   61.729 x1.00] LOG  [OniBoss:Touch] ClubSlam: club TOUCHED Yoru at clip 0.46, shaft 0.15m from her body line, head 0.44 along the club, tip 2.40m up, tip speed 101m/s. Full club hit delivered this frame.
[ 11533   61.735 x1.00] LOG  [HitReactTrace] asked for 'HitReact_Heavy_2Leg' (0.90s, clip start 0.35s): NOT playing it, another state took the combat layer, blend resolved after 7 ms, state 1.00s long at speed 1.60, now at 0.25s, layer weight 1.00, animator.speed 1.00.
[ 11597   62.095 x1.00] LOG  [OniBoss:ClubPos] ClubSlam at strike: club tip 0.52m up, 2.91m in front, -0.08m to his right (2.91m out from his centre). Club faces 9deg from his forward, pitch -0.27. (the ground wave is born 1.6m in front of him at 0.35m.)
[ 11597   62.095 x1.00] LOG  [OniBoss:Layer] ClubSlam: club already hit — ground wave released as VISUAL only (0 damage).
[ 11621   62.226 x1.00] LOG  [OniBoss] Attack → Recovery
[ 11621   62.226 x1.00] LOG  [OniBoss] Playing animation: Watch
[ 11621   62.226 x1.00] LOG  [OniBoss:Trail] trail END at clip 0.99, fading over 0.40s.
[ 11621   62.226 x1.00] LOG  [OniBoss:Strike] ClubSlam: club tip closest to Yoru at 0.19m, clip position 0.94 | damage fires at 0.85 | clip 0.93s => damage fires 83 ms BEFORE the club is closest
[ 11653   62.380 x1.00] LOG  [OniBoss] Recovery → Chase
[ 11654   62.385 x1.00] LOG  [OniBoss] hold-ground: BACKSTEP 1.5m (player 2.0m)
[ 11738   62.803 x1.00] LOG  [Combat] Combo 1: 10 dmg
[ 11738   62.803 x1.00] LOG  [ComboTrace] START step=1 state='Combo1' queued=0 target='OniBoss' at 2.7m
[ 11738   62.803 x1.00] LOG  [ComboTrace] LAUNCH OniBoss at 1.4m dist=1.40m in 0.14s
[ 11769   62.943 x1.00] LOG  [ComboTrace] LAUNCH RESULT wanted=1.40m actually moved=0.84m, completed
[ 11780   62.997 x1.00] LOG  [Combat] Queued click #1 (combo 1)
[ 11780   62.997 x1.00] LOG  [ComboTrace] QUEUED #1 during step 1
[ 11793   63.063 x1.00] LOG  [StormWeather] ⚡ strike at (489.70, 45.00, 455.07)
[ 11827   63.221 x1.00] LOG  [Combat] Queued click #2 (combo 1)
[ 11827   63.221 x1.00] LOG  [ComboTrace] QUEUED #2 during step 1
[ 11838   63.274 x1.00] LOG  OniBoss took 10 damage. HP: 1168/2500
[ 11838   63.274 x1.00] LOG  [OniBoss] Chase → HitReact
[ 11838   63.274 x1.00] LOG  [OniBoss:Layer] react tier: LIGHT (10 dmg) → 'Hit_react_light'
[ 11838   63.274 x1.00] LOG  [OniReactTrace] #14 LIGHT (10 dmg) asked for 'Hit_react_light': crossfade 0.08s, animator speed 1.35, world x1.00
[ 11838   63.274 x1.00] LOG  [Momentum] 0 -> 1 (hit), speed x1.05, damage x1.05, impact x1.05
[ 11838   63.274 x1.00] LOG  [CameraGameFeel] Shake: intensity=0.06 duration=0.080s
[ 11838   63.274 x1.00] LOG  [Combat] Hit OniBoss for 10
[ 11838   63.274 x1.00] LOG  [CameraGameFeel] Shake: intensity=0.53 duration=0.200s
[ 11838   63.274 x1.00] LOG  [CameraGameFeel] FOV punch: hit light (+1.5°)
[ 11839   63.279 x1.00] LOG  [OniReactTrace] #14 +0.01s state SOMETHING ELSE, clip on his bones 'Take 001' weight 1.00, layer weight 1.00, animator speed 0.00, world x1.00, engine HitReact
[ 11857   63.376 x1.00] LOG  [OniReactTrace] #14 +0.10s state SOMETHING ELSE, clip on his bones 'Take 001' weight 0.02, blending INTO 'Hit_react_light', layer weight 1.00, animator speed 1.35, world x1.00, engine HitReact
[ 11869   63.432 x1.00] LOG  [ComboTrace] CLICK IGNORED (step=1 queued=2)
[ 11870   63.436 x1.00] LOG  🐾 VFX_AttackPaw triggered!
[ 11890   63.527 x1.00] LOG  [OniReactTrace] #14 +0.25s state 'Hit_react_light' at 36 % of its 0.59s, clip on his bones 'Take 001' weight 1.00, layer weight 1.00, animator speed 1.35, world x1.00, engine HitReact
[ 11893   63.543 x1.00] LOG  [Combat] Combo 2: 20 dmg
[ 11893   63.543 x1.00] LOG  [ComboTrace] START step=2 state='Combo2' queued=1 target='OniBoss' at 2.6m
[ 11893   63.543 x1.00] LOG  [ComboTrace] LAUNCH OniBoss at 1.3m dist=1.32m in 0.13s
[ 11916   63.653 x1.00] LOG  [Combat] Queued click #2 (combo 2)
[ 11916   63.653 x1.00] LOG  [ComboTrace] QUEUED #2 during step 2
[ 11920   63.675 x1.00] LOG  [ComboTrace] LAUNCH RESULT wanted=1.32m actually moved=0.59m, completed
[ 11930   63.726 x1.00] LOG  [OniReactTrace] #14 +0.45s state 'Hit_react_light' at 70 % of its 0.59s, clip on his bones 'Take 001' weight 1.00, layer weight 1.00, animator speed 1.35, world x1.00, engine HitReact
[ 11960   63.878 x1.00] LOG  [ComboTrace] CLICK IGNORED (step=2 queued=2)
[ 11985   63.976 x1.00] LOG  [OniReactTrace] #14 +0.70s state 'Hit_react_light' at 100 % of its 0.59s, clip on his bones 'Take 001' weight 1.00, layer weight 1.00, animator speed 1.35, world x1.00, engine HitReact
[ 12007   64.077 x1.00] LOG  [OniBoss] HitReact → Chase
[ 12008   64.080 x1.00] LOG  [OniBoss] Playing animation: Idle
[ 12008   64.080 x1.00] LOG  [OniBoss] Combo started: ClubSwing1 → ClubSwing2 → ClubSlam (3 steps remaining)
[ 12008   64.080 x1.00] LOG  [OniBoss] Chase → Attack
[ 12008   64.080 x1.00] LOG  [OniBoss] Attack: Club_Swing (16 dmg)
[ 12008   64.080 x1.00] LOG  [OniBoss:Trail] Club_Swing trail START at clip 1.00 (transition done).
[ 12014   64.114 x1.00] LOG  [ComboTrace] CLICK IGNORED (step=2 queued=2)
[ 12021   64.138 x1.00] LOG  🐾🐾 VFX_TowPaw triggered!
[ 12025   64.156 x1.00] LOG  OniBoss took 21 damage. HP: 1147/2500
[ 12025   64.156 x1.00] LOG  [OniBoss] 🤕 Hit during Attack — flash only
[ 12025   64.156 x1.00] LOG  [Momentum] 1 -> 2 (hit), speed x1.10, damage x1.10, impact x1.10
[ 12025   64.156 x1.00] LOG  [CameraGameFeel] Shake: intensity=0.06 duration=0.080s
[ 12025   64.156 x1.00] LOG  [Combat] Hit OniBoss for 21
[ 12025   64.156 x1.00] LOG  [CameraGameFeel] Shake: intensity=0.55 duration=0.200s
[ 12025   64.156 x1.00] LOG  [CameraGameFeel] FOV punch: hit light (+1.5°)
[ 12041   64.225 x1.00] LOG  [OniReactTrace] #14 +0.95s state 'Hit_react_light' at 100 % of its 0.59s, clip on his bones 'Take 001' weight 0.08, blending into a DIFFERENT state, layer weight 1.00, animator speed 1.35, world x1.00, engine Attack
[ 12041   64.225 x1.00] LOG  [OniReactTrace] #14 LIGHT verdict: played to 100 % of the clip, so the reaction IS on screen and what is missing is movement inside the clip itself
[ 12061   64.320 x1.00] LOG  [ComboTrace] CLICK IGNORED (step=2 queued=2)
[ 12096   64.483 x1.00] LOG  [OniBoss:ClubPos] Club_Swing at strike: club tip 3.02m up, 2.49m in front, -2.96m to his right (3.87m out from his centre). Club faces -82deg from his forward, pitch 0.41. (the ground wave is born 1.6m in front of him at 0.35m.)
[ 12096   64.483 x1.00] LOG  [OniBoss:Layer] Club_Swing: club has not connected — ground wave released ARMED, 1.6m in front, 12m/s x 6.0m = 0.50s, carrying 8 (half of the club's 16).
[ 12097   64.493 x1.00] LOG  [Peach] light hit 8 dmg: 1 bite (Cannot Die held her at 1 bite). 1/16 bites = 0.25 of 4 peaches
[ 12097   64.493 x1.00] LOG  [Momentum] 2 -> 1 (light hit taken, 50% = -1), speed x1.05, damage x1.05, impact x1.05
[ 12097   64.493 x1.00] LOG  [Combat] Combo memory: light hit, keeping step 2
[ 12097   64.493 x1.00] LOG  [Combat] Hit react: HitReact_Light_2Leg (0.5s, clip starts at 0.35s)
[ 12097   64.493 x1.00] LOG  [CameraGameFeel] Shake: intensity=0.30 duration=0.200s
[ 12097   64.493 x1.00] LOG  [CameraGameFeel] FOV punch: player damage (-2.0°)
[ 12097   64.493 x1.00] LOG  [OniBoss:Wave] wave TOUCHED Yoru (grounded) for 8 after 0.1m / 0.01s of travel.
[ 12100   64.518 x1.00] LOG  [HitReactTrace] asked for 'HitReact_Light_2Leg' (0.50s, clip start 0.35s): playing it, blend resolved after 25 ms, state 1.21s long at speed 1.00, now at 0.36s, layer weight 1.00, animator.speed 1.00.
[ 12193   64.964 x1.00] LOG  [OniBoss] Attack → Recovery
[ 12193   64.964 x1.00] LOG  [OniBoss] Playing animation: Watch
[ 12193   64.964 x1.00] LOG  [OniBoss:Trail] trail END at clip 0.99, fading over 0.40s.
[ 12193   64.964 x1.00] LOG  [OniBoss:Strike] Club_Swing: club tip closest to Yoru at 0.83m, clip position 0.91 | damage fires at 0.42 | clip 0.84s => damage fires 413 ms BEFORE the club is closest
[ 12220   65.079 x1.00] LOG  [StormWeather] ⚡ strike at (487.97, 45.00, 453.05)
[ 12227   65.117 x1.00] LOG  [OniBoss] Recovery → Attack
[ 12227   65.117 x1.00] LOG  [OniBoss] Attack: ClubSwing2 (16 dmg)
[ 12227   65.117 x1.00] LOG  [OniBoss:Trail] ClubSwing2 trail START at clip 1.00 (transition still blending).
[ 12245   65.194 x1.00] LOG  [Combat] Combo 3: 35 dmg
[ 12245   65.194 x1.00] LOG  [ComboTrace] START step=3 state='Combo3' queued=0 target='OniBoss' at 6.2m
[ 12245   65.194 x1.00] LOG  [ComboTrace] LAUNCH OniBoss at 2.0m dist=2.01m in 0.20s
[ 12245   65.194 x1.00] LOG  [YoruVFX] Ground hazard: 'VFX_Void_Area_GroundSpinYORU' laid at GroundVFX ((468.81, 0.05, 391.31)), floor tilt 0.0 deg, 17 delays shifted by 2.00s, own lifetime 8.98s
[ 12245   65.194 x1.00] LOG  [Combat] Hazard zone laid: 8.98s, 25 dmg every 0.50s in 2.00m
[ 12255   65.255 x1.00] LOG  OniBoss took 37 damage. HP: 1110/2500
[ 12255   65.255 x1.00] LOG  [OniBoss] Attack → Stagger
[ 12255   65.255 x1.00] LOG  [OniBoss] Playing animation: Stagger
[ 12255   65.255 x1.00] LOG  [OniBoss] STAGGERED for 2.5s
[ 12255   65.255 x1.00] LOG  [OniBoss:Layer] heavy knock-back react (37 dmg) → 'HitReact_Heavy', down for 1.80s
[ 12255   65.255 x1.00] LOG  [OniReactTrace] #15 HEAVY (0 dmg) asked for 'HitReact_Heavy': crossfade 0.08s, animator speed 1.35, world x1.00
[ 12255   65.255 x1.00] LOG  [Momentum] 1 -> 2 (hit), speed x1.10, damage x1.10, impact x1.10
[ 12255   65.255 x1.00] LOG  [CameraGameFeel] Shake: intensity=0.06 duration=0.080s
[ 12255   65.255 x1.00] LOG  [CameraGameFeel] Shake: intensity=0.55 duration=0.200s
[ 12255   65.255 x1.00] LOG  [CameraGameFeel] FOV punch: hit light (+1.5°)
[ 12255   65.255 x1.00] LOG  [OniBoss:Strike] ClubSwing2: club tip closest to Yoru at 4.78m, clip position 0.11 | damage fires at 0.32 | clip 1.17s => damage fires 249 ms AFTER the club is closest — it lands once the club has passed her
[ 12256   65.262 x1.00] LOG  [OniBoss:Trail] trail END at clip 0.11, fading over 0.40s.
[ 12256   65.262 x1.00] LOG  [OniReactTrace] #15 +0.01s state SOMETHING ELSE, clip on his bones 'Take 001' weight 1.00, blending INTO 'HitReact_Heavy', layer weight 1.00, animator speed 0.00, world x1.00, engine Stagger
[ 12276   65.364 x1.00] LOG  [OniReactTrace] #15 +0.11s state 'HitReact_Heavy' at 5 % of its 1.11s, clip on his bones 'Take 001' weight 1.00, layer weight 1.00, animator speed 1.35, world x1.00, engine Stagger
[ 12283   65.394 x1.00] LOG  [ComboTrace] LAUNCH RESULT wanted=2.01m actually moved=2.01m, completed
[ 12289   65.425 x1.00] LOG  [ComboTrace] CLICK IGNORED (step=3 queued=0)
[ 12304   65.513 x1.00] LOG  [OniReactTrace] #15 +0.26s state 'HitReact_Heavy' at 19 % of its 1.11s, clip on his bones 'Take 001' weight 1.00, layer weight 1.00, animator speed 1.35, world x1.00, engine Stagger
[ 12336   65.677 x1.00] LOG  [ComboTrace] CLICK IGNORED (step=3 queued=0)
[ 12343   65.715 x1.00] LOG  [OniReactTrace] #15 +0.46s state 'HitReact_Heavy' at 36 % of its 1.11s, clip on his bones 'Take 001' weight 1.00, layer weight 1.00, animator speed 1.35, world x1.00, engine Stagger
[ 12378   65.901 x1.00] LOG  [ComboTrace] CLICK IGNORED (step=3 queued=0)
[ 12390   65.956 x1.00] LOG  [OniReactTrace] #15 +0.70s state 'HitReact_Heavy' at 59 % of its 1.11s, clip on his bones 'Take 001' weight 1.00, layer weight 1.00, animator speed 1.35, world x1.00, engine Stagger
[ 12402   66.008 x1.00] LOG  [ComboTrace] END step=3 clipProgress=0.95 clipLen=0.79s queued=0 elapsed=0.81s
[ 12432   66.138 x1.00] LOG  [Combat] Combo 1: 10 dmg
[ 12432   66.138 x1.00] LOG  [ComboTrace] START step=1 state='Combo1' queued=0 target='OniBoss' at 5.3m
[ 12432   66.138 x1.00] LOG  [ComboTrace] LAUNCH OniBoss at 1.7m dist=1.73m in 0.17s
[ 12442   66.205 x1.00] LOG  [OniReactTrace] #15 +0.95s state 'HitReact_Heavy' at 81 % of its 1.11s, clip on his bones 'Take 001' weight 1.00, layer weight 1.00, animator speed 1.35, world x1.00, engine Stagger
[ 12442   66.205 x1.00] LOG  [OniReactTrace] #15 HEAVY verdict: played to 81 % of the clip, so the reaction IS on screen and what is missing is movement inside the clip itself
[ 12463   66.313 x1.00] LOG  [ComboTrace] LAUNCH RESULT wanted=1.73m actually moved=1.03m, completed
[ 12479   66.387 x1.00] LOG  [Combat] Queued click #1 (combo 1)
[ 12479   66.387 x1.00] LOG  [ComboTrace] QUEUED #1 during step 1
[ 12512   66.566 x1.00] LOG  OniBoss punish window! 11 → 16 (x1.5)
[ 12512   66.566 x1.00] LOG  OniBoss took 16 damage. HP: 1094/2500
[ 12512   66.566 x1.00] LOG  [Momentum] 2 -> 3 (hit), speed x1.15, damage x1.15, impact x1.15
[ 12512   66.566 x1.00] LOG  [CameraGameFeel] Shake: intensity=0.06 duration=0.080s
[ 12512   66.566 x1.00] LOG  [Combat] Hit OniBoss for 11
[ 12512   66.566 x1.00] LOG  [CameraGameFeel] Shake: intensity=0.58 duration=0.200s
[ 12512   66.566 x1.00] LOG  [CameraGameFeel] FOV punch: hit light (+1.5°)
[ 12527   66.644 x1.00] LOG  [Combat] Queued click #2 (combo 1)
[ 12527   66.644 x1.00] LOG  [ComboTrace] QUEUED #2 during step 1
[ 12544   66.721 x1.00] LOG  🐾 VFX_AttackPaw triggered!
[ 12567   66.821 x1.00] LOG  [Combat] Combo 2: 20 dmg
[ 12567   66.821 x1.00] LOG  [ComboTrace] START step=2 state='Combo2' queued=1 target='OniBoss' at 2.9m
[ 12567   66.821 x1.00] LOG  [ComboTrace] LAUNCH OniBoss at 1.6m dist=1.60m in 0.16s
[ 12573   66.854 x1.00] LOG  [ComboTrace] CLICK DROPPED by attackCooldown (0.10s, 0.03s since last attack) step=2
[ 12603   66.984 x1.00] LOG  [ComboTrace] LAUNCH RESULT wanted=1.60m actually moved=0.90m, completed
[ 12617   67.046 x1.00] LOG  [Combat] Queued click #2 (combo 2)
[ 12617   67.046 x1.00] LOG  [ComboTrace] QUEUED #2 during step 2
[ 12618   67.055 x1.00] LOG  [OniBoss] Stagger → Chase
[ 12619   67.059 x1.00] LOG  [OniBoss] Playing animation: Watch
[ 12619   67.059 x1.00] LOG  [OniBoss] Combo started: ClubSwing1 → ClubSwing2 → ClubSlam (3 steps remaining)
[ 12619   67.059 x1.00] LOG  [OniBoss] Chase → Attack
[ 12619   67.059 x1.00] LOG  [OniBoss] Attack: Club_Swing (16 dmg)
[ 12619   67.059 x1.00] LOG  [OniBoss:Trail] Club_Swing trail START at clip 1.00 (transition done).
[ 12679   67.369 x1.00] LOG  🐾🐾 VFX_TowPaw triggered!
[ 12681   67.385 x1.00] LOG  OniBoss took 23 damage. HP: 1071/2500
[ 12681   67.385 x1.00] LOG  [OniBoss] 🤕 Hit during Attack — flash only
[ 12681   67.385 x1.00] LOG  [Momentum] 3 -> 4 (hit), speed x1.20, damage x1.20, impact x1.20
[ 12681   67.385 x1.00] LOG  [CameraGameFeel] Shake: intensity=0.06 duration=0.080s
[ 12681   67.385 x1.00] LOG  [Combat] Hit OniBoss for 23
[ 12681   67.385 x1.00] LOG  [CameraGameFeel] Shake: intensity=0.60 duration=0.200s
[ 12681   67.385 x1.00] LOG  [CameraGameFeel] FOV punch: hit light (+1.5°)
[ 12691   67.468 x1.00] LOG  [OniBoss:ClubPos] Club_Swing at strike: club tip 3.03m up, 2.14m in front, -3.12m to his right (3.78m out from his centre). Club faces -90deg from his forward, pitch 0.41. (the ground wave is born 1.6m in front of him at 0.35m.)
[ 12691   67.468 x1.00] LOG  [OniBoss:Layer] Club_Swing: club has not connected — ground wave released ARMED, 1.6m in front, 12m/s x 6.0m = 0.50s, carrying 8 (half of the club's 16).
[ 12692   67.477 x1.00] LOG  [Peach] light hit 8 dmg: 1 bite (Cannot Die held her at 1 bite). 1/16 bites = 0.25 of 4 peaches
[ 12692   67.477 x1.00] LOG  [Momentum] 4 -> 2 (light hit taken, 50% = -2), speed x1.10, damage x1.10, impact x1.10
[ 12692   67.477 x1.00] LOG  [Combat] Combo memory: light hit, keeping step 2
[ 12692   67.477 x1.00] LOG  [Combat] Hit react: HitReact_Light_2Leg (0.5s, clip starts at 0.35s)
[ 12692   67.477 x1.00] LOG  [CameraGameFeel] Shake: intensity=0.30 duration=0.200s
[ 12692   67.477 x1.00] LOG  [CameraGameFeel] FOV punch: player damage (-2.0°)
[ 12692   67.477 x1.00] LOG  [OniBoss:Wave] wave TOUCHED Yoru (grounded) for 8 after 0.1m / 0.01s of travel.
[ 12695   67.503 x1.00] LOG  [HitReactTrace] asked for 'HitReact_Light_2Leg' (0.50s, clip start 0.35s): playing it, blend resolved after 26 ms, state 1.21s long at speed 1.00, now at 0.37s, layer weight 1.00, animator.speed 1.00.
[ 12769   67.938 x1.00] LOG  [OniBoss] Attack → Recovery
[ 12769   67.938 x1.00] LOG  [OniBoss] Playing animation: Watch
[ 12769   67.938 x1.00] LOG  [OniBoss:Trail] trail END at clip 0.99, fading over 0.40s.
[ 12769   67.938 x1.00] LOG  [OniBoss:Strike] Club_Swing: club tip closest to Yoru at 0.82m, clip position 0.91 | damage fires at 0.42 | clip 0.84s => damage fires 412 ms BEFORE the club is closest
[ 12799   68.091 x1.00] LOG  [OniBoss] Recovery → Attack
[ 12799   68.091 x1.00] LOG  [OniBoss] Attack: ClubSwing2 (16 dmg)
[ 12799   68.091 x1.00] LOG  [OniBoss:Trail] ClubSwing2 trail START at clip 1.00 (transition still blending).
[ 12864   68.422 x1.00] LOG  [StormWeather] ⚡ strike at (475.06, 45.00, 444.06)
[ 12865   68.427 x1.00] LOG  [CameraGameFeel] Shake: intensity=0.20 duration=0.250s
[ 12865   68.427 x1.00] LOG  [Peach] light hit 20 dmg: 2 bites (Cannot Die held her at 1 bite). 1/16 bites = 0.25 of 4 peaches
[ 12865   68.427 x1.00] LOG  [Momentum] light hit inside the 1.0s grace, no cost (count 2)
[ 12865   68.427 x1.00] LOG  [Combat] Combo memory: light hit, keeping step 2
[ 12865   68.427 x1.00] LOG  [Combat] Hit react: HitReact_Light_2Leg (0.5s, clip starts at 0.35s)
[ 12865   68.427 x1.00] LOG  [CameraGameFeel] Shake: intensity=0.30 duration=0.200s
[ 12865   68.427 x1.00] LOG  [CameraGameFeel] FOV punch: player damage (-2.0°)
[ 12865   68.427 x1.00] LOG  [OniBoss] Hit player for 20 (ClubSwing2) [combo x1.25]
[ 12865   68.427 x1.00] LOG  [OniBoss:Touch] ClubSwing2: club TOUCHED Yoru at clip 0.29, shaft 0.51m from her body line, head 0.62 along the club, tip 1.23m up, tip speed 97m/s, ONE FRAME EARLY (predicted). Full club hit delivered this frame.
[ 12866   68.433 x1.00] LOG  [HitReactTrace] asked for 'HitReact_Light_2Leg' (0.50s, clip start 0.35s): NOT playing it, another state took the combat layer, blend resolved after 6 ms, state 1.00s long at speed 1.00, now at 0.45s, layer weight 1.00, animator.speed 1.00.
[ 12873   68.474 x1.00] LOG  [OniBoss:ClubPos] ClubSwing2 at strike: club tip 0.09m up, 1.82m in front, 2.41m to his right (3.02m out from his centre). Club faces 4deg from his forward, pitch -0.88. (the ground wave is born 1.6m in front of him at 0.35m.)
[ 12873   68.474 x1.00] LOG  [OniBoss:Layer] ClubSwing2: club already hit — ground wave released as VISUAL only (0 damage).
[ 12954   68.845 x1.00] LOG  [StormWeather] terrain layers restored to dry values.
# end — 1232 lines
