# Oni combat log — 2026-08-22 21:46:22
# Unity 6000.2.7f2 | scene 'CaveScene_Oni_Boss1' | platform OSXEditor
# columns: [frame realSeconds timeScale] KIND message      (KIND: LOG WARN ERR EXC TEL)
#
[     0    0.000 x1.00] LOG  [OniLog] console + telemetry → /Users/asenahazal/Documents/Yoru/OniLogs/oni_2026-08-22_21-46-22.log
[     1    0.000 x1.00] LOG  [TailAirShot4Leg] Ready. drawState=shoot_4Leg castParam=Shoot4LegSpeed (found) readyFrame=5 fireFrame=10 frames=24 slowBudget=3s real damageMultiplier=2.00
  arrow leaves: PlayerYoru_1.1/Cat_All_10_Tails_v4/Group/DeformationSystem/root/Root_M/Tail15_R/Tail151_R/Tail152_R/Tail153_R/Tail154_R/Tail155_R/Tail156_R/Tail157_R/Tail158_R/Tail159_R/Tail1510_R/Tail1511_R/Tail1512_R/Tail6_R/Tail6_R_end/Tail6_R_end_end/Tail6_R_end_end_end/RightTailTip_Anchor
  aim VFX left:  PlayerYoru_1.1/Cat_All_10_Tails_v4/Group/DeformationSystem/root/Root_M/Tail15_L/Tail151_L/Tail152_L/Tail153_L/Tail154_L/Tail155_L/Tail156_L/Tail157_L/Tail158_L/Tail159_L/Tail1510_L/Tail1511_L/Tail1512_L/Tail6_L/Tail6_L_end/Tail6_L_end_end/Tail6_L_end_end_end/LeftTailTip_Anchor/Glow_4Leg_L
  aim VFX right: PlayerYoru_1.1/Cat_All_10_Tails_v4/Group/DeformationSystem/root/Root_M/Tail15_R/Tail151_R/Tail152_R/Tail153_R/Tail154_R/Tail155_R/Tail156_R/Tail157_R/Tail158_R/Tail159_R/Tail1510_R/Tail1511_R/Tail1512_R/Tail6_R/Tail6_R_end/Tail6_R_end_end/Tail6_R_end_end_end/RightTailTip_Anchor/Glow_4Leg_R
[     1    0.000 x1.00] LOG  [TailAirShot] Ready. drawState=RightTail_Fast castParam=TailCastSpeed (found)
  arrow leaves: PlayerYoru_1.1/Cat_All_10_Tails_v4/Group/DeformationSystem/root/Root_M/Tail15_R/Tail151_R/Tail152_R/Tail153_R/Tail154_R/Tail155_R/Tail156_R/Tail157_R/Tail158_R/Tail159_R/Tail1510_R/Tail1511_R/Tail1512_R/Tail6_R/Tail6_R_end/Tail6_R_end_end/Tail6_R_end_end_end/RightTailTip_Anchor
  aim VFX: PlayerYoru_1.1/Cat_All_10_Tails_v4/Group/DeformationSystem/root/Root_M/Tail15_R/Tail151_R/Tail152_R/Tail153_R/Tail154_R/Tail155_R/Tail156_R/Tail157_R/Tail158_R/Tail159_R/Tail1510_R/Tail1511_R/Tail1512_R/Tail6_R/Tail6_R_end/Tail6_R_end_end/Tail6_R_end_end_end/RightTailTip_Anchor/vfx_Muzzle_Fireball01Blue
[     1    0.000 x1.00] LOG  [PlayerCombat] Phase 2 form gate CONNECTED (FormController found on this GameObject).
[     1    0.000 x1.00] LOG  [Combat] PlayerCombat initialized — Phase 3C v27
[     1    0.000 x1.00] LOG  [RingMesh] VFX Status:
[     1    0.000 x1.00] LOG    Left: Prefab=✓, Spawn=Tail6_L_end_end_end
[     1    0.000 x1.00] LOG    Right: Prefab=✓, Spawn=Tail6_R_end_end_end
[     1    0.000 x1.00] LOG  === VFX MANAGER INITIALIZED ===
[     1    0.000 x1.00] LOG  Auto-detect animations: False
[     1    0.000 x1.00] LOG  Parent effects to tail: True
[     1    0.000 x1.00] LOG  Prefabs: Jump=True, Land=True, LTail=True, RTail=True
[     1    0.000 x1.00] LOG  ✅ Left Tail Tip: LeftTailVFX
[     1    0.000 x1.00] LOG  ✅ Right Tail Tip: RightTailTip_Anchor
[     1    0.000 x1.00] LOG  [StormWeather] layer 'TerrainLayer_Dirt_01' dry smoothness=0.00 (restore to this if a crash ever leaves it wet)
[     1    0.000 x1.00] LOG  [StormWeather] Ready. Rain on, floor drying... wait, soaking.
[     1    0.000 x1.00] LOG  [FreezeDebug v3] Armed. Manual=L. Auto=True. Buffer=60 snaps @ 0.1s = 6.0s history.
[     1    0.000 x1.00] LOG  [BossBar] BossHealthBarUI initialized
[     1    0.000 x1.00] LOG  OniBoss initialized with 500 HP
[     1    0.000 x1.00] LOG  [OniBoss] ANIMATOR SETUP: cullingMode=CullUpdateTransforms updateMode=Normal applyRootMotion=False speed=1
[     1    0.000 x1.00] LOG  [OniBoss] Initialized
[     1    0.000 x1.00] LOG  [OniBoss:Layer] facing: minFlat 1m, snapOnAttack off, trackInHitReact off
[     1    0.000 x1.00] LOG  [OniBoss:Layer] Yoru launch model ON: launches ALL THE WAY to an enemy within 4.7m of its surface at 10m/s (stop gap 0.00m, NO minimum distance), else steps 0.90m forward. Targeting cone left exactly as her prefab has it.
[     1    0.000 x1.00] LOG  [OniBoss:Layer] Yoru launch ROUND 9: airborne attacks launch too (ON), edge probe now runs on its OWN layer mask (Everything) instead of the line-of-sight mask - the Ground-only mask found no floor in this cave and was cancelling 100% of launches at 0.00m travelled.
[     1    0.000 x1.00] LOG  [OniBoss:Layer] animator speed x1.35 — his 1.13s swing now plays in 0.84s.
[     1    0.000 x1.00] LOG  [OniBoss:Layer] chase speed pushed: phase1 4.5, phase2 5.5 (Yoru runs at 7).
[     1    0.000 x1.00] LOG  [OniBoss:Layer] ground wave ON (round 38): half the club's damage on TOUCH, 12m/s x 6.0m from 1.6m in front at 0.35m height — a club hit cancels that swing's wave, jumping clears it. Per-attack effects come from the Swing Wave VFX By Attack rows. PlayerHealth found, PlayerMovement found.
[     1    0.000 x1.00] LOG  [OniBoss:Layer] strike contact measurement ON — tracking 'Kanabo3' at depth 4.
[     1    0.000 x1.00] LOG  [OniBoss:Layer] skinned meshes: 46 renderer(s), updateWhenOffscreen ON, body renderer 'Body' rootBone 'Hips'
[     1    0.000 x1.00] LOG  [OniBoss:Layer] charge travel bone: 'Hips' at depth 1 under 'OniBoss', rest local (0.00, 3.24, -0.24)
[     1    0.000 x1.00] LOG  [OniBoss:Layer] charge drive ON (windup to 0.40 at x1.3, rush 14m/s stops at 2.6m, steers 0.35s then commits, strike section from 0.58, strike moment 0.76, trail VFX off)
[     1    0.000 x1.00] LOG  [OniBoss:Layer] attack armor ON (his swings are not interrupted by light/medium hits; heavy hits and rapid-hit bursts still stop him)
[     1    0.000 x1.00] LOG  [OniBoss:Layer] strike moments overridden: Club_Swing=0.42 ClubSwing2=0.32 ClubSlam=0.85 KanaboSweep=0.48
[     1    0.000 x1.00] LOG  [OniBoss:Layer] hold-ground ON (backstep 1.5m @ 1.6m/s after own attacks, watch 'Watch', attack facing LOCKED)
[     1    0.000 x1.00] LOG  [OniBoss:Layer] OniBoss layer ready (reactions, wake-on-hit, watch stance, boss bar). player=found
[     1    0.000 x1.00] LOG  [OniBoss:Layer] charge clip 'Oni Charge.fbx' imports with Root Motion Node = None (in place) — good.
[     1    0.000 x1.00] LOG  [OniBoss:Layer] clips importing with Root Transform Position (Y) NOT baked into pose (12): Oni_Alert(Oni Alert), Club_Slam(Oni Club Slam), Club_Swing(Oni Club Swing), Club_swing2(Oni Club Swing 2), Death(Oni Death Kneel), Hit_react_light(Oni Hit react lighter light), KanaboSweep(Oni Kanabo sweep), Phase_Transition(Oni Phase transition), run(Oni Run), Walk(Oni Walk), Watch(Oni Watch), Idle(Oni Idle) — their hips' up/down motion is stripped (see round notes; optional).
[     1    0.000 x1.00] LOG  [VolumetricFogController] Found VolumetricFog component on mainCamera (1)
[     1    0.000 x1.00] LOG  [VolumetricFogController] Reflection init: density=True, height=True, baselineHeight=True, alpha=True, noiseStrength=True, lightScatteringExposure=True
[     1    0.000 x1.00] LOG  [VolumetricFogController] Initialized with Neutral preset (height=60, baselineHeight=0)
[     1    0.000 x1.00] WARN [VolumetricFogController] WorldStateManager not found!
[     1    0.000 x1.00] LOG  [CameraGameFeel] CameraGameFeel initialized (shake + FOV)
[     1    2.402 x1.00] LOG  [OniBoss] Playing animation: Idle
[    50    3.114 x1.00] LOG  💨 Landing VFX spawned!
[    50    3.114 x1.00] LOG  ✅ LANDED! (was jump #0)
[  2087   13.050 x1.00] LOG  
==================== [FREEZE-DEBUG v3] ====================
  Reason : WASD-NOMOVE: WASD recent + speed 0.00m/s for 0.40s
  Time   : 10.220s   Frame: 2087   Snaps: 60
===========================================================

--- CURRENT STATE ---
  Flags: atk=False hvy=False dod=False dsh=False
         grd=False hit=False aerial=False lockPos=False
         comboStep=0
  Anim : speed=1.00  combatLayer hash=-792875657 normT=10.214 weight=1.00 inTransition=False
  CC   : grounded=True  enabled=True  pos=(474.50, 0.64, 428.95)  vel=(0.00, -1.51, 0.00)
  Move : IsRunning=True
  Input: H=0.00 V=1.00  LMB=False MMB=False Q=False Sp=False Sh=True C=False
         WASD pressed in last 0.5s: True (last 0.00s ago)

--- FLIGHT RECORDER (60 snapshots, oldest first, dt=0.10s) ---
  Legend: flags = A(tk) H(vy) D(od) S(sh) G(rd) R(eact) Y(aerial) L(ock)   gnd/cc: Y/n
  t-now    flags     step gnd cc anSp normT layW tr | posX     posZ     spd   | H    V    LMB MMB Q  Sp Sh C
  ------   --------  ---- --- -- ---- ----- ---- -- | -----    -----    ----  | ---- ---- --- --- -- -- -- -
  - 6.12s  --------    0  Y   Y  1.00  4.10 1.00 -  |   474.5    427.2  0.00 |  0.0  0.0 0   0   0  0  0  0
  - 6.01s  --------    0  Y   Y  1.00  4.20 1.00 -  |   474.5    427.2  0.00 |  0.0  0.0 0   0   0  0  0  0
  - 5.91s  --------    0  Y   Y  1.00  4.31 1.00 -  |   474.5    427.2  0.00 |  0.0  0.0 0   0   0  0  0  0
  - 5.81s  --------    0  Y   Y  1.00  4.41 1.00 -  |   474.5    427.2  0.00 |  0.0  0.0 0   0   0  0  0  0
  - 5.71s  --------    0  Y   Y  1.00  4.51 1.00 -  |   474.5    427.2  0.00 |  0.0  0.0 0   0   0  0  0  0
  - 5.60s  --------    0  Y   Y  1.00  4.61 1.00 -  |   474.5    427.2  0.00 |  0.0  0.0 0   0   0  0  0  0
  - 5.50s  --------    0  Y   Y  1.00  4.71 1.00 -  |   474.5    427.2  0.00 |  0.0  0.0 0   0   0  0  0  0
  - 5.40s  --------    0  Y   Y  1.00  4.81 1.00 -  |   474.5    427.2  0.00 |  0.0  0.0 0   0   0  0  0  0
  - 5.30s  --------    0  Y   Y  1.00  4.92 1.00 -  |   474.5    427.2  0.00 |  0.0  0.0 0   0   0  0  0  0
  - 5.19s  --------    0  Y   Y  1.00  5.02 1.00 -  |   474.5    427.2  0.00 |  0.0  0.0 0   0   0  0  0  0
  - 5.09s  --------    0  Y   Y  1.00  5.12 1.00 -  |   474.5    427.2  0.00 |  0.0  0.0 0   0   0  0  0  0
  - 4.99s  --------    0  Y   Y  1.00  5.22 1.00 -  |   474.5    427.2  0.00 |  0.0  0.0 0   0   0  0  0  0
  - 4.89s  --------    0  Y   Y  1.00  5.33 1.00 -  |   474.5    427.2  0.00 |  0.0  0.0 0   0   0  0  0  0
  - 4.78s  --------    0  Y   Y  1.00  5.43 1.00 -  |   474.5    427.2  0.00 |  0.0  0.0 0   0   0  0  0  0
  - 4.68s  --------    0  Y   Y  1.00  5.54 1.00 -  |   474.5    427.2  0.00 |  0.0  0.0 0   0   0  0  0  0
  - 4.58s  --------    0  Y   Y  1.00  5.64 1.00 -  |   474.5    427.2  0.00 |  0.0  0.0 0   0   0  0  0  0
  - 4.47s  --------    0  Y   Y  1.00  5.74 1.00 -  |   474.5    427.2  0.00 |  0.0  0.0 0   0   0  0  0  0
  - 4.37s  --------    0  Y   Y  1.00  5.84 1.00 -  |   474.5    427.2  0.00 |  0.0  0.0 0   0   0  0  0  0
  - 4.27s  --------    0  Y   Y  1.00  5.95 1.00 -  |   474.5    427.2  0.00 |  0.0  0.0 0   0   0  0  0  0
  - 4.16s  --------    0  Y   Y  1.00  6.05 1.00 -  |   474.5    427.2  0.00 |  0.0  0.0 0   0   0  0  0  0
  - 4.06s  --------    0  Y   Y  1.00  6.16 1.00 -  |   474.5    427.2  0.00 |  0.0  0.0 0   0   0  0  0  0
  - 3.96s  --------    0  Y   Y  1.00  6.26 1.00 -  |   474.5    427.2  0.00 |  0.0  0.0 0   0   0  0  0  0
  - 3.85s  --------    0  Y   Y  1.00  6.36 1.00 -  |   474.5    427.2  0.00 |  0.0  0.0 0   0   0  0  0  0
  - 3.75s  --------    0  Y   Y  1.00  6.47 1.00 -  |   474.5    427.2  0.00 |  0.0  0.0 0   0   0  0  0  0
  - 3.65s  --------    0  Y   Y  1.00  6.57 1.00 -  |   474.5    427.2  0.00 |  0.0  0.0 0   0   0  0  0  0
  - 3.54s  --------    0  Y   Y  1.00  6.67 1.00 -  |   474.5    427.2  0.00 |  0.0  0.0 0   0   0  0  0  0
  - 3.44s  --------    0  Y   Y  1.00  6.77 1.00 -  |   474.5    427.2  0.00 |  0.0  0.0 0   0   0  0  0  0
  - 3.34s  --------    0  Y   Y  1.00  6.87 1.00 -  |   474.5    427.2  0.00 |  0.0  0.0 0   0   0  0  0  0
  - 3.24s  --------    0  Y   Y  1.00  6.97 1.00 -  |   474.5    427.2  0.00 |  0.0  0.0 0   0   0  0  0  0
  - 3.14s  --------    0  Y   Y  1.00  7.08 1.00 -  |   474.5    427.2  0.00 |  0.0  0.0 0   0   0  0  0  0
  - 3.04s  --------    0  Y   Y  1.00  7.18 1.00 -  |   474.5    427.2  0.00 |  0.0  0.0 0   0   0  0  0  0
  - 2.93s  --------    0  Y   Y  1.00  7.28 1.00 -  |   474.5    427.2  0.00 |  0.0  0.0 0   0   0  0  0  0
  - 2.83s  --------    0  Y   Y  1.00  7.38 1.00 -  |   474.5    427.2  0.00 |  0.0  0.0 0   0   0  0  0  0
  - 2.73s  --------    0  Y   Y  1.00  7.49 1.00 -  |   474.5    427.2  0.00 |  0.0  0.0 0   0   0  0  0  0
  - 2.63s  --------    0  Y   Y  1.00  7.59 1.00 -  |   474.5    427.2  0.00 |  0.0  0.0 0   0   0  0  0  0
  - 2.52s  --------    0  Y   Y  1.00  7.69 1.00 -  |   474.5    427.2  0.00 |  0.0  0.0 0   0   0  0  0  0
  - 2.42s  --------    0  Y   Y  1.00  7.79 1.00 -  |   474.5    427.2  0.00 |  0.0  0.0 0   0   0  0  0  0
  - 2.32s  --------    0  Y   Y  1.00  7.89 1.00 -  |   474.5    427.2  0.00 |  0.0  0.0 0   0   0  0  0  0
  - 2.22s  --------    0  Y   Y  1.00  8.00 1.00 -  |   474.5    427.2  0.00 |  0.0  0.0 0   0   0  0  0  0
  - 2.12s  --------    0  Y   Y  1.00  8.10 1.00 -  |   474.5    427.2  0.00 |  0.0  0.0 0   0   0  0  0  0
  - 2.01s  --------    0  Y   Y  1.00  8.20 1.00 -  |   474.5    427.2  0.00 |  0.0  0.0 0   0   0  0  0  0
  - 1.91s  --------    0  Y   Y  1.00  8.31 1.00 -  |   474.5    427.2  0.00 |  0.0  0.0 0   0   0  0  0  0
  - 1.81s  --------    0  Y   Y  1.00  8.41 1.00 -  |   474.5    427.2  0.00 |  0.0  0.0 0   0   0  0  0  0
  - 1.70s  --------    0  Y   Y  1.00  8.51 1.00 -  |   474.5    427.2  0.00 |  0.0  0.0 0   0   0  0  0  0
  - 1.60s  --------    0  Y   Y  1.00  8.61 1.00 -  |   474.5    427.2  0.00 |  0.0  0.0 0   0   0  0  0  0
  - 1.50s  --------    0  Y   Y  1.00  8.72 1.00 -  |   474.5    427.2  0.00 |  0.0  0.0 0   0   0  0  0  0
  - 1.40s  --------    0  Y   Y  1.00  8.82 1.00 -  |   474.5    427.2  0.00 |  0.0  0.0 0   0   0  0  0  0
  - 1.30s  --------    0  Y   Y  1.00  8.92 1.00 -  |   474.5    427.2  0.00 |  0.0  0.0 0   0   0  0  0  0
  - 1.19s  --------    0  Y   Y  1.00  9.02 1.00 -  |   474.5    427.2  0.00 |  0.0  0.0 0   0   0  0  0  0
  - 1.09s  --------    0  Y   Y  1.00  9.13 1.00 -  |   474.5    427.2  0.00 |  0.0  0.0 0   0   0  0  0  0
  - 0.99s  --------    0  Y   Y  1.00  9.23 1.00 -  |   474.5    427.2  0.00 |  0.0  0.0 0   0   0  0  0  0
  - 0.89s  --------    0  Y   Y  1.00  9.33 1.00 -  |   474.5    427.2  0.00 |  0.0  0.0 0   0   0  0  0  0
  - 0.78s  --------    0  Y   Y  1.00  9.43 1.00 -  |   474.5    427.2  0.00 |  0.0  0.0 0   0   0  0  0  0
  - 0.68s  --------    0  Y   Y  1.00  9.53 1.00 -  |   474.5    427.2  0.00 |  0.0  0.0 0   0   0  0  0  0
  - 0.58s  --------    0  Y   Y  1.00  9.64 1.00 -  |   474.5    427.2  0.00 |  0.0  0.0 0   0   0  0  0  0
  - 0.47s  --------    0  Y   Y  1.00  9.74 1.00 -  |   474.5    427.2  0.00 |  0.0  0.0 0   0   0  0  0  0
  - 0.37s  --------    0  Y   Y  1.00  9.84 1.00 -  |   474.5    427.2  0.00 |  0.0  1.0 0   0   0  0  0  0
  - 0.27s  --------    0  Y   Y  1.00  9.95 1.00 -  |   474.5    427.4  0.00 |  0.0  1.0 0   0   0  0  0  0
  - 0.16s  --------    0  Y   Y  1.00 10.05 1.00 -  |   474.5    427.8  0.00 |  0.0  1.0 0   0   0  0  1  0
  - 0.06s  --------    0  Y   Y  1.00 10.15 1.00 -  |   474.5    428.5  0.00 |  0.0  1.0 0   0   0  0  1  0
=========================================================== END

[  2150   13.342 x1.00] LOG  🐾 4-LEG JUMP #0
[  2150   13.342 x1.00] LOG  🐾 Jump 1 VFX spawned!
[  2201   13.597 x0.10] LOG  [TailAirShot4Leg] ENTER 4 leg, slow on for up to 3s real, waiting for the fire button, drawState=shoot_4Leg | y=1.69 ts=0.10 fdt=0.0020
[  2201   13.597 x0.10] LOG  [TailAirShot] entry refused: this airtime is not a 2 leg jump | y=1.69 ts=0.10 fdt=0.0020
[  2201   13.597 x0.10] LOG  [AirPosePin] engaged, holding body at 0.658m above the transform
[  2233   13.771 x0.10] LOG  [TailAirShot4Leg] DRAW started | y=1.77 ts=0.10 fdt=0.0020
[  2266   13.942 x0.10] LOG  [TailAirShot4Leg] READY, frozen on frame 5 | y=1.83 ts=0.10 fdt=0.0020
[  2421   14.771 x0.10] LOG  [TailAirShot4Leg] SHOT released (released from ready pose) | y=2.05 ts=0.10 fdt=0.0020
[  2435   14.841 x1.00] LOG  [TailAirShot4Leg] FINISHER (R released mid motion), motion completes and fires | y=2.06 ts=1.00 fdt=0.0200
[  2453   14.944 x1.00] LOG  [TailAirShot4Leg] FIRE, arrow away, dir=(0.34, -0.05, 0.94) damage=40 (20 x 2.00) | y=2.16 ts=1.00 fdt=0.0200
[  2545   15.400 x1.00] LOG  [TailAirShot4Leg] finisher done, fully idle | y=-0.01 ts=1.00 fdt=0.0200
[  2545   15.400 x1.00] LOG  [AirPosePin] released, peak correction was 0.047m
[  2549   15.420 x1.00] LOG  💨 Landing VFX spawned!
[  2549   15.420 x1.00] LOG  ✅ LANDED! (was jump #1)
[  2655   15.979 x1.00] LOG  OniBoss took 40 damage. HP: 460/500
[  2655   15.979 x1.00] LOG  [OniBoss] LostSoul → Stagger
[  2655   15.979 x1.00] LOG  [OniBoss] Playing animation: Stagger
[  2655   15.979 x1.00] LOG  [OniBoss] STAGGERED for 2.5s
[  2655   15.979 x1.00] LOG  [OniBoss:Layer] heavy knock-back react (40 dmg) → 'HitReact_Heavy', down for 1.80s
[  2656   15.986 x1.00] LOG  [BossBar] Showing bar for: Oni (460/500)
[  2656   15.986 x1.00] LOG  [OniBoss:Layer] boss bar shown
[  3025   17.780 x1.00] LOG  [OniBoss] Stagger → Chase
[  3026   17.786 x1.00] LOG  [OniBoss] Playing animation: run
[  3256   18.923 x1.00] LOG  [OniBoss] Ranged combo started: Charge→Slam: (2 steps, dist 20.0m)
[  3256   18.923 x1.00] LOG  [OniBoss] Chase → Attack
[  3256   18.923 x1.00] LOG  [OniBoss] Attack: Oni_Charge (18 dmg)

[  3256   18.923 x1.00] TEL ────────── CHARGE ──────────
[  3256   18.923 x1.00] LOG  [OniBoss:Layer] charge begin: travel bone 'Hips' depth 1, local now (0.26, 2.71, -0.26) vs rest (0.00, 3.24, -0.24); pin ON; drive windup→rush→strike; engine Attack, AnimSpeed 1.30, clip at 0.00, dist 20.0m
[  3256   18.923 x1.00] TEL charge Windup n=0.00 spd=1.30 mult=1.00 st=Attack anim=h1349952704/Charge drift=0.26 cut=0.26 meshOff=0.24m vis bounds+0.2m pos=(480.5,452.8) dist=20.0 vel=4.5
[  3271   19.009 x1.00] TEL charge Windup n=0.07 spd=1.30 mult=1.00 st=Attack anim=h1349952704/Charge drift=0.29 cut=0.29 meshOff=0.24m vis bounds+0.1m pos=(480.5,452.8) dist=20.0 vel=0.0
[  3290   19.095 x1.00] TEL charge Windup n=0.15 spd=1.30 mult=1.30 st=Attack anim=Charge/- drift=0.93 cut=0.93 meshOff=0.24m vis bounds+0.3m pos=(480.5,452.8) dist=20.0 vel=0.0
[  3308   19.183 x1.00] TEL charge Windup n=0.22 spd=1.30 mult=1.30 st=Attack anim=Charge/- drift=1.14 cut=1.14 meshOff=0.24m vis bounds+0.4m pos=(480.5,452.8) dist=20.0 vel=0.0
[  3326   19.271 x1.00] TEL charge Windup n=0.29 spd=1.30 mult=1.30 st=Attack anim=Charge/- drift=0.50 cut=0.50 meshOff=0.24m vis bounds+0.5m pos=(480.5,452.8) dist=20.0 vel=0.0
[  3343   19.356 x1.00] TEL charge Windup n=0.36 spd=1.30 mult=1.30 st=Attack anim=Charge/- drift=4.68 cut=4.68 meshOff=0.24m vis bounds+0.2m pos=(480.5,452.8) dist=20.0 vel=0.0
[  3352   19.401 x1.00] LOG  [OniBoss:Layer] charge RUSH: clip frozen at 0.40, 20.0m to go at 14m/s
[  3360   19.442 x1.00] TEL charge Rush   n=0.40 spd=0.00 mult=0.00 st=Attack anim=Charge/- drift=7.58 cut=7.58 meshOff=0.24m vis bounds+0.2m pos=(480.3,452.3) dist=19.4 vel=0.0
[  3377   19.525 x1.00] TEL charge Rush   n=0.40 spd=0.00 mult=0.00 st=Attack anim=Charge/- drift=7.58 cut=7.58 meshOff=0.24m vis bounds+0.2m pos=(479.8,451.2) dist=18.3 vel=0.0
[  3392   19.609 x1.00] TEL charge Rush   n=0.40 spd=0.00 mult=0.00 st=Attack anim=Charge/- drift=7.58 cut=7.58 meshOff=0.24m vis bounds+0.2m pos=(479.3,450.1) dist=17.1 vel=0.0
[  3411   19.697 x1.00] TEL charge Rush   n=0.40 spd=0.00 mult=0.00 st=Attack anim=Charge/- drift=7.58 cut=7.58 meshOff=0.24m vis bounds+0.2m pos=(478.8,449.0) dist=15.9 vel=0.0
[  3428   19.781 x1.00] TEL charge Rush   n=0.40 spd=0.00 mult=0.00 st=Attack anim=Charge/- drift=7.58 cut=7.58 meshOff=0.24m vis bounds+0.2m pos=(478.3,447.9) dist=14.7 vel=0.0
[  3445   19.866 x1.00] TEL charge Rush   n=0.40 spd=0.00 mult=0.00 st=Attack anim=Charge/- drift=7.58 cut=7.58 meshOff=0.24m vis bounds+0.2m pos=(477.8,446.9) dist=13.5 vel=0.0
[  3462   19.950 x1.00] TEL charge Rush   n=0.40 spd=0.00 mult=0.00 st=Attack anim=Charge/- drift=7.58 cut=7.58 meshOff=0.24m vis bounds+0.2m pos=(477.3,445.8) dist=12.3 vel=0.0
[  3479   20.035 x1.00] TEL charge Rush   n=0.40 spd=0.00 mult=0.00 st=Attack anim=Charge/- drift=7.58 cut=7.58 meshOff=0.24m vis bounds+0.2m pos=(476.8,444.7) dist=11.1 vel=0.0
[  3497   20.122 x1.00] TEL charge Rush   n=0.40 spd=0.00 mult=0.00 st=Attack anim=Charge/- drift=7.58 cut=7.58 meshOff=0.24m vis bounds+0.2m pos=(476.3,443.6) dist=9.9 vel=0.0
[  3514   20.209 x1.00] TEL charge Rush   n=0.40 spd=0.00 mult=0.00 st=Attack anim=Charge/- drift=7.58 cut=7.58 meshOff=0.24m vis bounds+0.2m pos=(475.8,442.5) dist=8.7 vel=0.0
[  3529   20.293 x1.00] TEL charge Rush   n=0.40 spd=0.00 mult=0.00 st=Attack anim=Charge/- drift=7.58 cut=7.58 meshOff=0.24m vis bounds+0.2m pos=(475.3,441.4) dist=7.5 vel=0.0
[  3547   20.377 x1.00] TEL charge Rush   n=0.40 spd=0.00 mult=0.00 st=Attack anim=Charge/- drift=7.58 cut=7.58 meshOff=0.24m vis bounds+0.2m pos=(474.8,440.4) dist=6.3 vel=0.0
[  3564   20.462 x1.00] TEL charge Rush   n=0.40 spd=0.00 mult=0.00 st=Attack anim=Charge/- drift=7.58 cut=7.58 meshOff=0.24m vis bounds+0.2m pos=(474.3,439.3) dist=5.1 vel=0.0
[  3582   20.550 x1.00] TEL charge Rush   n=0.40 spd=0.00 mult=0.00 st=Attack anim=Charge/- drift=7.58 cut=7.58 meshOff=0.24m vis bounds+0.2m pos=(473.8,438.2) dist=3.9 vel=0.0
[  3599   20.635 x1.00] TEL charge Rush   n=0.40 spd=0.00 mult=0.00 st=Attack anim=Charge/- drift=7.58 cut=7.58 meshOff=0.24m vis bounds+0.2m pos=(473.3,437.1) dist=2.7 vel=0.0
[  3601   20.645 x1.00] LOG  [OniBoss:Layer] charge STRIKE: arrived 2.6m from the lock point after 1.24s real — clip 0.40 → 0.58 (blend 0.10s), strike moment 0.76, Yoru 2.6m away
[  3616   20.721 x1.00] TEL charge Strike n=0.63 spd=1.00 mult=1.00 st=Attack anim=Charge/- drift=15.09 cut=15.09 meshOff=0.24m vis bounds+0.5m pos=(473.2,437.0) dist=2.6 vel=0.0
[  3632   20.812 x1.00] TEL charge Strike n=0.68 spd=1.00 mult=1.00 st=Attack anim=Charge/- drift=16.05 cut=16.05 meshOff=0.24m vis bounds+0.5m pos=(473.2,437.0) dist=2.6 vel=0.0
[  3651   20.898 x1.00] TEL charge Strike n=0.74 spd=1.00 mult=1.00 st=Attack anim=Charge/- drift=16.67 cut=16.67 meshOff=0.24m vis bounds+0.6m pos=(473.2,437.0) dist=2.6 vel=0.0
[  3659   20.939 x1.00] LOG  [CameraGameFeel] Shake: intensity=0.45 duration=0.350s
[  3659   20.939 x1.00] LOG  [Combat] Hit react: HitReact_Heavy_2Leg (0.9s)
[  3659   20.939 x1.00] LOG  [HitReactTrace] asked for 'HitReact_Heavy_2Leg' (0.90s) — blend resolved after 0 ms, now playing a clip 1.00s long at speed 1.00, layer weight 1.00, animator.speed 1.00.
[  3659   20.939 x1.00] LOG  [CameraGameFeel] Shake: intensity=0.28 duration=0.150s
[  3659   20.939 x1.00] LOG  [CameraGameFeel] FOV punch: player damage (-3.0°)
[  3659   20.939 x1.00] LOG  [OniBoss] Hit player for 18 (Oni_Charge)
[  3667   20.989 x1.00] TEL charge Strike n=0.80 spd=1.00 mult=1.00 st=Attack anim=Charge/- drift=17.18 cut=17.18 meshOff=0.24m vis bounds+0.5m pos=(473.2,437.0) dist=2.6 vel=0.0
[  3683   21.073 x1.00] TEL charge Strike n=0.85 spd=1.00 mult=1.00 st=Attack anim=Charge/- drift=17.59 cut=17.59 meshOff=0.24m vis bounds+0.3m pos=(473.2,437.0) dist=2.6 vel=0.0
[  3701   21.158 x1.00] TEL charge Strike n=0.91 spd=1.00 mult=1.00 st=Attack anim=Charge/- drift=17.88 cut=17.88 meshOff=0.24m vis bounds+0.2m pos=(473.2,437.0) dist=2.6 vel=0.0
[  3716   21.243 x1.00] TEL charge Strike n=0.96 spd=1.00 mult=1.00 st=Attack anim=Charge/- drift=18.04 cut=18.04 meshOff=0.24m vis bounds+0.1m pos=(473.2,437.0) dist=2.6 vel=0.0
[  3727   21.290 x1.00] LOG  [OniBoss] Attack → Recovery
[  3727   21.290 x1.00] LOG  [OniBoss] Playing animation: Watch
[  3727   21.290 x1.00] LOG  [OniBoss:Layer] charge complete: engine left Attack (now Recovery) during Strike
[  3735   21.329 x1.00] TEL charge None   n=1.02 spd=1.00 mult=1.00 st=Recovery anim=Charge/h-1849006814 drift=13.71 cut=13.71 meshOff=0.24m vis bounds+0.0m pos=(473.2,437.0) dist=2.6 vel=0.0
[  3750   21.416 x1.00] TEL charge None   n=1.08 spd=1.00 mult=1.00 st=Recovery anim=Charge/h-1849006814 drift=5.29 cut=5.29 meshOff=0.24m vis bounds+0.1m pos=(473.2,437.0) dist=2.6 vel=0.0
[  3756   21.441 x1.00] LOG  [OniBoss] Recovery → Attack
[  3756   21.441 x1.00] LOG  [OniBoss] Attack: ClubSlam (20 dmg)
[  3756   21.441 x1.00] LOG  [OniBoss:Trail] ClubSlam trail START at clip 1.00 (transition still blending).
[  3769   21.502 x1.00] TEL charge None   n=1.09 spd=2.00 mult=2.00 st=Attack anim=Charge/h283984468 drift=1.36 cut=1.36 meshOff=0.24m vis bounds+0.1m pos=(473.2,437.0) dist=2.6 vel=0.0
[  3779   21.551 x1.00] LOG  [OniBoss:Layer] charge end (clip left the animator) after 2.63s real: pin measured 523 frames, cancelled on 523, max raw drift 18.07m, max cancelled 18.07m — travel WAS baked in, pin held it
[  3914   22.235 x1.00] LOG  [CameraGameFeel] Shake: intensity=0.50 duration=0.400s
[  3914   22.235 x1.00] LOG  [Combat] Hit react: HitReact_Heavy_2Leg (0.9s)
[  3914   22.235 x1.00] LOG  [HitReactTrace] asked for 'HitReact_Heavy_2Leg' (0.90s) — blend resolved after 0 ms, now playing a clip 1.00s long at speed 1.00, layer weight 1.00, animator.speed 1.00.
[  3914   22.235 x1.00] LOG  [CameraGameFeel] Shake: intensity=0.28 duration=0.150s
[  3914   22.235 x1.00] LOG  [CameraGameFeel] FOV punch: player damage (-3.0°)
[  3914   22.235 x1.00] LOG  [OniBoss] Hit player for 20 (ClubSlam)
[  3914   22.235 x1.00] LOG  [OniBoss:ClubPos] ClubSlam at strike: club tip 0.57m up, 2.90m in front, -0.19m to his right (2.91m out from his centre). Club faces 6deg from his forward, pitch -0.25. (the ground wave is born 1.6m in front of him at 0.35m.)
[  3914   22.235 x1.00] LOG  [OniBoss:Layer] ClubSlam: club connected — this swing's wave is cancelled.
[  3937   22.363 x1.00] LOG  [OniBoss] Attack → Recovery
[  3937   22.363 x1.00] LOG  [OniBoss] Playing animation: Watch
[  3937   22.363 x1.00] LOG  [OniBoss:Trail] trail END at clip 0.99, fading over 0.40s.
[  3937   22.363 x1.00] LOG  [OniBoss:Strike] ClubSlam: club tip closest to Yoru at 0.29m, clip position 0.85 | damage fires at 0.85 | clip 0.93s => MATCHED (within one or two frames)
[  3965   22.517 x1.00] LOG  [OniBoss] Recovery → Chase
[  3966   22.521 x1.00] LOG  [OniBoss] hold-ground: BACKSTEP 1.5m (player 2.7m)
[  4152   23.463 x1.00] LOG  [OniBoss] hold-ground: backstep done (1.51m), WATCH (player 4.2m, cooldown 2.1s)
[  4152   23.463 x1.00] LOG  [OniBoss] Playing animation: Watch
[  4571   25.520 x1.00] LOG  [OniBoss] hold-ground: cooldown over, player 4.2m > 3.5m — APPROACH
[  4571   25.520 x1.00] LOG  [OniBoss] Playing animation: Walk
[  4698   26.149 x1.00] LOG  [OniBoss] Chase → Attack
[  4698   26.149 x1.00] LOG  [OniBoss] Attack: Club_Swing (16 dmg)
[  4698   26.149 x1.00] LOG  [OniBoss:Trail] Club_Swing trail START at clip 0.34 (transition done).
[  4702   26.169 x1.00] LOG  [OniBoss:Layer] step-in: 'Club_Swing' closed 0.07m, Yoru now 3.0m away (range 3.5)
[  4773   26.510 x1.00] LOG  [CameraGameFeel] Shake: intensity=0.20 duration=0.250s
[  4773   26.510 x1.00] LOG  [Combat] Hit react: HitReact_Light_2Leg (0.5s)
[  4773   26.510 x1.00] LOG  [HitReactTrace] asked for 'HitReact_Light_2Leg' (0.50s) — blend resolved after 0 ms, now playing a clip 1.00s long at speed 1.00, layer weight 1.00, animator.speed 1.00.
[  4773   26.510 x1.00] LOG  [CameraGameFeel] Shake: intensity=0.09 duration=0.150s
[  4773   26.510 x1.00] LOG  [CameraGameFeel] FOV punch: player damage (-2.0°)
[  4773   26.510 x1.00] LOG  [OniBoss] Hit player for 16 (Club_Swing)
[  4773   26.510 x1.00] LOG  [OniBoss:ClubPos] Club_Swing at strike: club tip 3.02m up, 2.69m in front, -2.85m to his right (3.92m out from his centre). Club faces -78deg from his forward, pitch 0.40. (the ground wave is born 1.6m in front of him at 0.35m.)
[  4773   26.510 x1.00] LOG  [OniBoss:Layer] Club_Swing: club connected — this swing's wave is cancelled.
[  4877   26.984 x1.00] LOG  [OniBoss] Attack → Recovery
[  4877   26.984 x1.00] LOG  [OniBoss] Playing animation: Watch
[  4877   26.984 x1.00] LOG  [OniBoss:Trail] trail END at clip 0.99, fading over 0.40s.
[  4877   26.984 x1.00] LOG  [OniBoss:Strike] Club_Swing: club tip closest to Yoru at 1.49m, clip position 0.91 | damage fires at 0.42 | clip 0.84s => damage fires 410 ms BEFORE the club is closest
[  4911   27.135 x1.00] LOG  [OniBoss] Recovery → Chase
[  4912   27.140 x1.00] LOG  [OniBoss] hold-ground: BACKSTEP 1.5m (player 3.0m)
[  5085   27.970 x1.00] LOG  [OniBoss] hold-ground: backstep done (1.32m), WATCH (player 4.3m, cooldown 2.2s)
[  5085   27.970 x1.00] LOG  [OniBoss] Playing animation: Watch
[  5191   28.470 x1.00] LOG  
==================== [FREEZE-DEBUG v3] ====================
  Reason : WASD-NOMOVE: WASD recent + speed 0.00m/s for 0.40s
  Time   : 24.520s   Frame: 5191   Snaps: 60
===========================================================

--- CURRENT STATE ---
  Flags: atk=False hvy=False dod=False dsh=False
         grd=False hit=False aerial=False lockPos=False
         comboStep=0
  Anim : speed=1.00  combatLayer hash=-792875657 normT=1.453 weight=1.00 inTransition=False
  CC   : grounded=True  enabled=True  pos=(472.57, -0.02, 435.19)  vel=(0.00, 0.00, 0.00)
  Move : IsRunning=False
  Input: H=0.00 V=0.00  LMB=False MMB=False Q=False Sp=False Sh=False C=False
         WASD pressed in last 0.5s: True (last 0.09s ago)

--- FLIGHT RECORDER (60 snapshots, oldest first, dt=0.10s) ---
  Legend: flags = A(tk) H(vy) D(od) S(sh) G(rd) R(eact) Y(aerial) L(ock)   gnd/cc: Y/n
  t-now    flags     step gnd cc anSp normT layW tr | posX     posZ     spd   | H    V    LMB MMB Q  Sp Sh C
  ------   --------  ---- --- -- ---- ----- ---- -- | -----    -----    ----  | ---- ---- --- --- -- -- -- -
  - 6.14s  -----R--    0  Y   Y  1.00  0.07 1.00 -  |   472.1    434.6  0.00 |  0.0  0.0 0   0   0  0  0  0
  - 6.04s  -----R--    0  Y   Y  1.00  0.16 1.00 -  |   472.1    434.6  0.00 |  0.0  0.0 0   0   0  0  0  0
  - 5.93s  -----R--    0  Y   Y  1.00  0.24 1.00 -  |   472.1    434.6  0.00 |  0.0  0.0 0   0   0  0  0  0
  - 5.83s  -----R--    0  Y   Y  1.00  0.33 1.00 -  |   472.1    434.6  0.00 |  0.0  0.0 0   0   0  0  0  0
  - 5.73s  -----R--    0  Y   Y  1.00  0.42 1.00 -  |   472.1    434.6  0.00 |  0.0  0.0 0   0   0  0  0  0
  - 5.62s  -----R--    0  Y   Y  1.00  0.50 1.00 -  |   472.1    434.6  0.00 |  0.0  0.0 0   0   0  0  0  0
  - 5.52s  -----R--    0  Y   Y  1.00  0.59 1.00 -  |   472.1    434.6  0.00 |  0.0  0.0 0   0   0  0  0  0
  - 5.42s  -----R--    0  Y   Y  1.00  0.67 1.00 -  |   472.1    434.6  0.00 |  0.0  0.0 0   0   0  0  0  0
  - 5.31s  --------    0  Y   Y  1.00  0.76 1.00 T  |   472.1    434.6  0.00 |  0.0  0.0 0   0   0  0  0  0
  - 5.21s  --------    0  Y   Y  1.00  0.12 1.00 -  |   472.1    434.6  0.00 |  0.0  0.0 0   0   0  0  0  0
  - 5.11s  --------    0  Y   Y  1.00  0.22 1.00 -  |   472.1    434.6  0.00 |  0.0  0.0 0   0   0  0  0  0
  - 5.00s  --------    0  Y   Y  1.00  0.33 1.00 -  |   472.1    434.6  0.00 |  0.0  0.0 0   0   0  0  0  0
  - 4.90s  --------    0  Y   Y  1.00  0.43 1.00 -  |   472.1    434.6  0.00 |  0.0  0.0 0   0   0  0  0  0
  - 4.79s  --------    0  Y   Y  1.00  0.53 1.00 -  |   472.1    434.6  0.00 |  0.0  0.0 0   0   0  0  0  0
  - 4.69s  --------    0  Y   Y  1.00  0.63 1.00 -  |   472.1    434.6  0.00 |  0.0  0.0 0   0   0  0  0  0
  - 4.59s  --------    0  Y   Y  1.00  0.74 1.00 -  |   472.1    434.6  0.00 |  0.0  0.0 0   0   0  0  0  0
  - 4.49s  --------    0  Y   Y  1.00  0.84 1.00 -  |   472.1    434.6  0.00 |  0.0  0.0 0   0   0  0  0  0
  - 4.39s  --------    0  Y   Y  1.00  0.94 1.00 -  |   472.1    434.6  0.00 |  0.0  0.0 0   0   0  0  0  0
  - 4.28s  --------    0  Y   Y  1.00  1.05 1.00 -  |   472.1    434.6  0.00 |  0.0  0.0 0   0   0  0  0  0
  - 4.18s  --------    0  Y   Y  1.00  1.15 1.00 -  |   472.1    434.6  0.00 |  0.0  0.0 0   0   0  0  0  0
  - 4.08s  --------    0  Y   Y  1.00  1.25 1.00 -  |   472.1    434.6  0.00 |  0.0  0.0 0   0   0  0  0  0
  - 3.98s  --------    0  Y   Y  1.00  1.35 1.00 -  |   472.1    434.6  0.00 |  0.0  0.0 0   0   0  0  0  0
  - 3.87s  --------    0  Y   Y  1.00  1.45 1.00 -  |   472.1    434.6  0.00 |  0.0  0.0 0   0   0  0  0  0
  - 3.77s  --------    0  Y   Y  1.00  1.56 1.00 -  |   472.1    434.6  0.00 |  0.0  0.0 0   0   0  0  0  0
  - 3.67s  --------    0  Y   Y  1.00  1.66 1.00 -  |   472.1    434.6  0.00 |  0.0  0.0 0   0   0  0  0  0
  - 3.57s  --------    0  Y   Y  1.00  1.76 1.00 -  |   472.1    434.6  0.00 |  0.0  0.0 0   0   0  0  0  0
  - 3.46s  --------    0  Y   Y  1.00  1.87 1.00 -  |   472.1    434.6  0.00 |  0.0  0.0 0   0   0  0  0  0
  - 3.36s  --------    0  Y   Y  1.00  1.97 1.00 -  |   472.1    434.6  0.00 |  0.0  0.0 0   0   0  0  0  0
  - 3.25s  --------    0  Y   Y  1.00  2.08 1.00 -  |   472.1    434.6  0.00 |  0.0  0.0 0   0   0  0  0  0
  - 3.15s  --------    0  Y   Y  1.00  2.18 1.00 -  |   472.1    434.6  0.00 |  0.0  0.0 0   0   0  0  0  0
  - 3.05s  --------    0  Y   Y  1.00  2.28 1.00 -  |   472.1    434.6  0.00 |  0.0  0.0 0   0   0  0  0  0
  - 2.95s  --------    0  Y   Y  1.00  2.38 1.00 -  |   472.1    434.6  0.00 |  0.0  0.0 0   0   0  0  0  0
  - 2.85s  --------    0  Y   Y  1.00  2.48 1.00 -  |   472.1    434.6  0.00 |  0.0  0.0 0   0   0  0  0  0
  - 2.75s  --------    0  Y   Y  1.00  2.58 1.00 -  |   472.1    434.6  0.00 |  0.0  0.0 0   0   0  0  0  0
  - 2.65s  --------    0  Y   Y  1.00  2.68 1.00 -  |   472.1    434.6  0.00 |  0.0  0.0 0   0   0  0  0  0
  - 2.54s  --------    0  Y   Y  1.00  2.79 1.00 -  |   472.1    434.6  0.00 |  0.0  0.0 0   0   0  0  0  0
  - 2.44s  --------    0  Y   Y  1.00  2.89 1.00 -  |   472.1    434.6  0.00 |  0.0  0.0 0   0   0  0  0  0
  - 2.33s  --------    0  Y   Y  1.00  3.00 1.00 -  |   472.1    434.6  0.00 |  0.0  0.0 0   0   0  0  0  0
  - 2.23s  --------    0  Y   Y  1.00  3.10 1.00 -  |   472.1    434.6  0.00 |  0.0  0.0 0   0   0  0  0  0
  - 2.13s  --------    0  Y   Y  1.00  3.20 1.00 -  |   472.1    434.6  0.00 |  0.0  0.0 0   0   0  0  0  0
  - 2.02s  --------    0  Y   Y  1.00  3.31 1.00 -  |   472.1    434.6  0.00 |  0.0  0.0 0   0   0  0  0  0
  - 1.92s  -----R--    0  Y   Y  1.00  0.03 1.00 -  |   472.1    434.6  0.00 |  0.0  0.0 0   0   0  0  0  0
  - 1.82s  -----R--    0  Y   Y  1.00  0.11 1.00 -  |   472.1    434.6  0.00 |  0.0  0.0 0   0   0  0  0  0
  - 1.72s  -----R--    0  Y   Y  1.00  0.20 1.00 -  |   472.1    434.6  0.00 |  0.0  0.0 0   0   0  0  0  0
  - 1.61s  -----R--    0  Y   Y  1.00  0.28 1.00 -  |   472.1    434.6  0.00 |  0.0  0.0 0   0   0  0  0  0
  - 1.51s  -----R--    0  Y   Y  1.00  0.37 1.00 -  |   472.1    434.6  0.00 |  0.0  0.0 0   0   0  0  0  0
  - 1.40s  --------    0  Y   Y  1.00  0.45 1.00 T  |   472.1    434.6  0.00 |  0.0  0.0 0   0   0  0  0  0
  - 1.30s  --------    0  Y   Y  1.00  0.15 1.00 -  |   472.1    434.6  0.00 |  0.0  0.0 0   0   0  0  0  0
  - 1.20s  --------    0  Y   Y  1.00  0.25 1.00 -  |   472.1    434.6  0.00 |  0.0  0.0 0   0   0  0  0  0
  - 1.10s  --------    0  Y   Y  1.00  0.35 1.00 -  |   472.1    434.6  0.00 |  0.0  0.0 0   0   0  0  0  0
  - 1.00s  --------    0  Y   Y  1.00  0.46 1.00 -  |   472.1    434.6  0.00 |  0.0  0.0 0   0   0  0  0  0
  - 0.89s  --------    0  Y   Y  1.00  0.56 1.00 -  |   472.1    434.6  0.00 |  0.0  0.0 0   0   0  0  0  0
  - 0.79s  --------    0  Y   Y  1.00  0.66 1.00 -  |   472.1    434.6  0.00 |  0.0  0.0 0   0   0  0  0  0
  - 0.69s  --------    0  Y   Y  1.00  0.76 1.00 -  |   472.1    434.6  0.00 |  0.0  0.0 0   0   0  0  0  0
  - 0.59s  --------    0  Y   Y  1.00  0.86 1.00 -  |   472.1    434.6  0.00 |  0.0  0.0 0   0   0  0  0  0
  - 0.49s  --------    0  Y   Y  1.00  0.97 1.00 -  |   472.1    434.6  0.00 |  0.0  0.0 0   0   0  0  0  0
  - 0.38s  --------    0  Y   Y  1.00  1.07 1.00 -  |   472.1    434.6  0.00 |  1.0  0.0 0   0   0  0  0  0
  - 0.28s  --------    0  Y   Y  1.00  1.18 1.00 -  |   472.2    434.8  0.00 |  1.0  0.0 0   0   0  0  0  0
  - 0.18s  --------    0  Y   Y  1.00  1.28 1.00 -  |   472.4    434.9  0.00 |  1.0  0.0 0   0   0  0  0  0
  - 0.07s  --------    0  Y   Y  1.00  1.38 1.00 -  |   472.5    435.1  0.00 |  0.0  0.0 0   0   0  0  0  0
=========================================================== END

[  5525   30.140 x1.00] LOG  [OniBoss] Chase → Attack
[  5525   30.140 x1.00] LOG  [OniBoss] Attack: Club_Swing (16 dmg)
[  5525   30.140 x1.00] LOG  [OniBoss:Trail] Club_Swing trail START at clip 1.00 (transition done).
[  5601   30.501 x1.00] LOG  [CameraGameFeel] Shake: intensity=0.20 duration=0.250s
[  5601   30.501 x1.00] LOG  [Combat] Hit react: HitReact_Light_2Leg (0.5s)
[  5601   30.501 x1.00] LOG  [HitReactTrace] asked for 'HitReact_Light_2Leg' (0.50s) — blend resolved after 0 ms, now playing a clip 1.00s long at speed 1.00, layer weight 1.00, animator.speed 1.00.
[  5601   30.501 x1.00] LOG  [CameraGameFeel] Shake: intensity=0.09 duration=0.150s
[  5601   30.501 x1.00] LOG  [CameraGameFeel] FOV punch: player damage (-2.0°)
[  5601   30.501 x1.00] LOG  [OniBoss] Hit player for 16 (Club_Swing)
[  5601   30.501 x1.00] LOG  [OniBoss:ClubPos] Club_Swing at strike: club tip 3.02m up, 2.45m in front, -2.98m to his right (3.86m out from his centre). Club faces -83deg from his forward, pitch 0.41. (the ground wave is born 1.6m in front of him at 0.35m.)
[  5601   30.501 x1.00] LOG  [OniBoss:Layer] Club_Swing: club connected — this swing's wave is cancelled.
[  5699   30.976 x1.00] LOG  [OniBoss] Attack → Recovery
[  5699   30.976 x1.00] LOG  [OniBoss] Playing animation: Watch
[  5699   30.976 x1.00] LOG  [OniBoss:Trail] trail END at clip 0.99, fading over 0.40s.
[  5699   30.976 x1.00] LOG  [OniBoss:Strike] Club_Swing: club tip closest to Yoru at 0.49m, clip position 0.89 | damage fires at 0.42 | clip 0.84s => damage fires 391 ms BEFORE the club is closest
[  5732   31.130 x1.00] LOG  [OniBoss] Recovery → Chase
[  5733   31.144 x1.00] LOG  [OniBoss] hold-ground: BACKSTEP 1.5m (player 2.2m)
[  5855   31.742 x1.00] LOG  [OniBoss] hold-ground: backstep done (0.97m), WATCH (player 4.4m, cooldown 2.4s)
[  5855   31.742 x1.00] LOG  [OniBoss] Playing animation: Watch
[  5890   31.921 x1.00] LOG  [OniBoss] Playing animation: run
[  6002   32.494 x1.00] LOG  
==================== [FREEZE-DEBUG v3] ====================
  Reason : WASD-NOMOVE: WASD recent + speed 0.00m/s for 0.40s
  Time   : 28.545s   Frame: 6002   Snaps: 60
===========================================================

--- CURRENT STATE ---
  Flags: atk=False hvy=False dod=False dsh=False
         grd=False hit=False aerial=False lockPos=False
         comboStep=0
  Anim : speed=1.00  combatLayer hash=-792875657 normT=1.488 weight=1.00 inTransition=False
  CC   : grounded=True  enabled=True  pos=(476.76, -0.02, 434.77)  vel=(0.00, -0.04, 0.00)
  Move : IsRunning=False
  Input: H=0.00 V=-1.00  LMB=False MMB=False Q=False Sp=False Sh=False C=False
         WASD pressed in last 0.5s: True (last 0.00s ago)

--- FLIGHT RECORDER (60 snapshots, oldest first, dt=0.10s) ---
  Legend: flags = A(tk) H(vy) D(od) S(sh) G(rd) R(eact) Y(aerial) L(ock)   gnd/cc: Y/n
  t-now    flags     step gnd cc anSp normT layW tr | posX     posZ     spd   | H    V    LMB MMB Q  Sp Sh C
  ------   --------  ---- --- -- ---- ----- ---- -- | -----    -----    ----  | ---- ---- --- --- -- -- -- -
  - 6.05s  --------    0  Y   Y  1.00  3.31 1.00 -  |   472.1    434.6  0.00 |  0.0  0.0 0   0   0  0  0  0
  - 5.95s  -----R--    0  Y   Y  1.00  0.03 1.00 -  |   472.1    434.6  0.00 |  0.0  0.0 0   0   0  0  0  0
  - 5.84s  -----R--    0  Y   Y  1.00  0.11 1.00 -  |   472.1    434.6  0.00 |  0.0  0.0 0   0   0  0  0  0
  - 5.74s  -----R--    0  Y   Y  1.00  0.20 1.00 -  |   472.1    434.6  0.00 |  0.0  0.0 0   0   0  0  0  0
  - 5.64s  -----R--    0  Y   Y  1.00  0.28 1.00 -  |   472.1    434.6  0.00 |  0.0  0.0 0   0   0  0  0  0
  - 5.54s  -----R--    0  Y   Y  1.00  0.37 1.00 -  |   472.1    434.6  0.00 |  0.0  0.0 0   0   0  0  0  0
  - 5.43s  --------    0  Y   Y  1.00  0.45 1.00 T  |   472.1    434.6  0.00 |  0.0  0.0 0   0   0  0  0  0
  - 5.33s  --------    0  Y   Y  1.00  0.15 1.00 -  |   472.1    434.6  0.00 |  0.0  0.0 0   0   0  0  0  0
  - 5.22s  --------    0  Y   Y  1.00  0.25 1.00 -  |   472.1    434.6  0.00 |  0.0  0.0 0   0   0  0  0  0
  - 5.12s  --------    0  Y   Y  1.00  0.35 1.00 -  |   472.1    434.6  0.00 |  0.0  0.0 0   0   0  0  0  0
  - 5.02s  --------    0  Y   Y  1.00  0.46 1.00 -  |   472.1    434.6  0.00 |  0.0  0.0 0   0   0  0  0  0
  - 4.92s  --------    0  Y   Y  1.00  0.56 1.00 -  |   472.1    434.6  0.00 |  0.0  0.0 0   0   0  0  0  0
  - 4.82s  --------    0  Y   Y  1.00  0.66 1.00 -  |   472.1    434.6  0.00 |  0.0  0.0 0   0   0  0  0  0
  - 4.72s  --------    0  Y   Y  1.00  0.76 1.00 -  |   472.1    434.6  0.00 |  0.0  0.0 0   0   0  0  0  0
  - 4.61s  --------    0  Y   Y  1.00  0.86 1.00 -  |   472.1    434.6  0.00 |  0.0  0.0 0   0   0  0  0  0
  - 4.51s  --------    0  Y   Y  1.00  0.97 1.00 -  |   472.1    434.6  0.00 |  0.0  0.0 0   0   0  0  0  0
  - 4.40s  --------    0  Y   Y  1.00  1.07 1.00 -  |   472.1    434.6  0.00 |  1.0  0.0 0   0   0  0  0  0
  - 4.30s  --------    0  Y   Y  1.00  1.18 1.00 -  |   472.2    434.8  0.00 |  1.0  0.0 0   0   0  0  0  0
  - 4.20s  --------    0  Y   Y  1.00  1.28 1.00 -  |   472.4    434.9  0.00 |  1.0  0.0 0   0   0  0  0  0
  - 4.10s  --------    0  Y   Y  1.00  1.38 1.00 -  |   472.5    435.1  0.00 |  0.0  0.0 0   0   0  0  0  0
  - 3.99s  --------    0  Y   Y  1.00  1.48 1.00 -  |   472.6    435.2  0.00 |  0.0  0.0 0   0   0  0  0  0
  - 3.89s  --------    0  Y   Y  1.00  1.58 1.00 -  |   472.7    435.4  0.00 |  1.0  0.0 0   0   0  0  0  0
  - 3.79s  --------    0  Y   Y  1.00  1.69 1.00 -  |   472.9    435.6  0.00 |  1.0  0.0 0   0   0  0  0  0
  - 3.69s  --------    0  Y   Y  1.00  1.79 1.00 -  |   473.0    435.7  0.00 |  1.0  0.0 0   0   0  0  0  0
  - 3.58s  --------    0  Y   Y  1.00  1.89 1.00 -  |   473.1    435.9  0.00 |  1.0  0.0 0   0   0  0  0  0
  - 3.48s  --------    0  Y   Y  1.00  1.99 1.00 -  |   473.2    436.0  0.00 |  1.0  0.0 0   0   0  0  0  0
  - 3.38s  --------    0  Y   Y  1.00  2.09 1.00 -  |   473.4    436.2  0.00 |  1.0  0.0 0   0   0  0  0  0
  - 3.28s  --------    0  Y   Y  1.00  2.20 1.00 -  |   473.5    436.4  0.00 |  1.0  0.0 0   0   0  0  0  0
  - 3.18s  --------    0  Y   Y  1.00  2.30 1.00 -  |   473.6    436.5  0.00 |  1.0  0.0 0   0   0  0  0  0
  - 3.07s  --------    0  Y   Y  1.00  2.40 1.00 -  |   473.7    436.6  0.00 |  1.0  0.0 0   0   0  0  0  0
  - 2.97s  --------    0  Y   Y  1.00  2.51 1.00 -  |   473.9    436.6  0.00 |  0.0  0.0 0   0   0  0  0  0
  - 2.87s  --------    0  Y   Y  1.00  2.61 1.00 -  |   474.0    436.6  0.00 |  0.0  0.0 0   0   0  0  0  0
  - 2.77s  --------    0  Y   Y  1.00  2.71 1.00 -  |   474.1    436.6  0.00 |  0.0  0.0 0   0   0  0  0  0
  - 2.67s  --------    0  Y   Y  1.00  2.81 1.00 -  |   474.3    436.6  0.00 |  1.0  0.0 0   0   0  0  0  0
  - 2.56s  --------    0  Y   Y  1.00  2.91 1.00 -  |   474.4    436.7  0.00 |  1.0  0.0 0   0   0  0  0  0
  - 2.46s  --------    0  Y   Y  1.00  3.01 1.00 -  |   474.6    436.7  0.00 |  1.0  0.0 0   0   0  0  0  0
  - 2.36s  --------    0  Y   Y  1.00  3.12 1.00 -  |   474.7    436.8  0.00 |  1.0  0.0 0   0   0  0  0  0
  - 2.26s  --------    0  Y   Y  1.00  3.22 1.00 -  |   474.9    436.9  0.00 |  1.0  0.0 0   0   0  0  0  0
  - 2.16s  --------    0  Y   Y  1.00  3.32 1.00 -  |   475.0    437.0  0.00 |  1.0  0.0 0   0   0  0  0  0
  - 2.06s  --------    0  Y   Y  1.00  3.42 1.00 -  |   475.2    437.1  0.00 | -1.0  0.0 0   0   0  0  0  0
  - 1.96s  -----R--    0  Y   Y  1.00  0.03 1.00 -  |   475.1    436.9  0.00 | -1.0  0.0 0   0   0  0  0  0
  - 1.85s  -----R--    0  Y   Y  1.00  0.11 1.00 -  |   475.1    436.9  0.00 |  0.0  0.0 0   0   0  0  0  0
  - 1.75s  -----R--    0  Y   Y  1.00  0.19 1.00 -  |   475.1    436.9  0.00 |  0.0 -1.0 0   0   0  0  0  0
  - 1.65s  -----R--    0  Y   Y  1.00  0.28 1.00 -  |   475.1    436.9  0.00 |  0.0 -1.0 0   0   0  0  0  0
  - 1.55s  -----R--    0  Y   Y  1.00  0.36 1.00 -  |   475.1    436.9  0.00 |  0.0 -1.0 0   0   0  0  0  0
  - 1.45s  --------    0  Y   Y  1.00  0.45 1.00 T  |   475.1    436.9  0.00 |  0.0 -1.0 0   0   0  0  0  0
  - 1.34s  --------    0  Y   Y  1.00  0.14 1.00 -  |   475.3    436.8  0.00 |  0.0 -1.0 0   0   0  0  0  0
  - 1.24s  --------    0  Y   Y  1.00  0.25 1.00 -  |   475.4    436.6  0.00 |  0.0 -1.0 0   0   0  0  0  0
  - 1.14s  --------    0  Y   Y  1.00  0.35 1.00 -  |   475.6    436.5  0.00 |  0.0 -1.0 0   0   0  0  0  0
  - 1.04s  --------    0  Y   Y  1.00  0.45 1.00 -  |   475.8    436.4  0.00 |  0.0 -1.0 0   0   0  0  0  0
  - 0.93s  --------    0  Y   Y  1.00  0.55 1.00 -  |   475.9    436.3  0.00 |  0.0 -1.0 0   0   0  0  0  0
  - 0.83s  --------    0  Y   Y  1.00  0.65 1.00 -  |   476.1    436.1  0.00 |  0.0 -1.0 0   0   0  0  0  0
  - 0.72s  --------    0  Y   Y  1.00  0.76 1.00 -  |   476.3    436.0  0.00 |  0.0 -1.0 0   0   0  0  0  0
  - 0.62s  --------    0  Y   Y  1.00  0.87 1.00 -  |   476.4    435.9  0.00 |  0.0 -1.0 0   0   0  0  0  0
  - 0.52s  --------    0  Y   Y  1.00  0.97 1.00 -  |   476.6    435.8  0.00 |  0.0 -1.0 0   0   0  0  0  0
  - 0.42s  --------    0  Y   Y  1.00  1.07 1.00 -  |   476.7    435.6  0.00 |  0.0 -1.0 0   0   0  0  0  0
  - 0.31s  --------    0  Y   Y  1.00  1.17 1.00 -  |   476.8    435.4  0.00 |  0.0 -1.0 0   0   0  0  0  0
  - 0.21s  --------    0  Y   Y  1.00  1.27 1.00 -  |   476.8    435.2  0.00 |  0.0 -1.0 0   0   0  0  0  0
  - 0.11s  --------    0  Y   Y  1.00  1.38 1.00 -  |   476.8    435.0  0.00 |  0.0 -1.0 0   0   0  0  0  0
  - 0.00s  --------    0  Y   Y  1.00  1.48 1.00 -  |   476.8    434.8  0.00 |  0.0 -1.0 0   0   0  0  0  0
=========================================================== END

[  6039   32.695 x1.00] LOG  [StormWeather] ⚡ strike at (487.00, 45.00, 442.08)
[  6061   32.812 x1.00] LOG  [OniBoss] Playing animation: Watch
[  6313   34.131 x1.00] LOG  [OniBoss] hold-ground: cooldown over, player 4.4m > 3.5m — APPROACH
[  6313   34.131 x1.00] LOG  [OniBoss] Playing animation: Walk
[  6808   36.529 x1.00] LOG  
==================== [FREEZE-DEBUG v3] ====================
  Reason : WASD-NOMOVE: WASD recent + speed 0.00m/s for 0.40s
  Time   : 32.580s   Frame: 6808   Snaps: 60
===========================================================

--- CURRENT STATE ---
  Flags: atk=False hvy=False dod=False dsh=False
         grd=False hit=False aerial=False lockPos=False
         comboStep=0
  Anim : speed=1.00  combatLayer hash=-792875657 normT=5.522 weight=1.00 inTransition=False
  CC   : grounded=True  enabled=True  pos=(471.00, 0.07, 429.67)  vel=(0.00, -0.02, 0.00)
  Move : IsRunning=False
  Input: H=-1.00 V=0.00  LMB=False MMB=False Q=False Sp=False Sh=False C=False
         WASD pressed in last 0.5s: True (last 0.00s ago)

--- FLIGHT RECORDER (60 snapshots, oldest first, dt=0.10s) ---
  Legend: flags = A(tk) H(vy) D(od) S(sh) G(rd) R(eact) Y(aerial) L(ock)   gnd/cc: Y/n
  t-now    flags     step gnd cc anSp normT layW tr | posX     posZ     spd   | H    V    LMB MMB Q  Sp Sh C
  ------   --------  ---- --- -- ---- ----- ---- -- | -----    -----    ----  | ---- ---- --- --- -- -- -- -
  - 6.09s  --------    0  Y   Y  1.00  3.42 1.00 -  |   475.2    437.1  0.00 | -1.0  0.0 0   0   0  0  0  0
  - 5.99s  -----R--    0  Y   Y  1.00  0.03 1.00 -  |   475.1    436.9  0.00 | -1.0  0.0 0   0   0  0  0  0
  - 5.89s  -----R--    0  Y   Y  1.00  0.11 1.00 -  |   475.1    436.9  0.00 |  0.0  0.0 0   0   0  0  0  0
  - 5.79s  -----R--    0  Y   Y  1.00  0.19 1.00 -  |   475.1    436.9  0.00 |  0.0 -1.0 0   0   0  0  0  0
  - 5.69s  -----R--    0  Y   Y  1.00  0.28 1.00 -  |   475.1    436.9  0.00 |  0.0 -1.0 0   0   0  0  0  0
  - 5.59s  -----R--    0  Y   Y  1.00  0.36 1.00 -  |   475.1    436.9  0.00 |  0.0 -1.0 0   0   0  0  0  0
  - 5.49s  --------    0  Y   Y  1.00  0.45 1.00 T  |   475.1    436.9  0.00 |  0.0 -1.0 0   0   0  0  0  0
  - 5.38s  --------    0  Y   Y  1.00  0.14 1.00 -  |   475.3    436.8  0.00 |  0.0 -1.0 0   0   0  0  0  0
  - 5.28s  --------    0  Y   Y  1.00  0.25 1.00 -  |   475.4    436.6  0.00 |  0.0 -1.0 0   0   0  0  0  0
  - 5.17s  --------    0  Y   Y  1.00  0.35 1.00 -  |   475.6    436.5  0.00 |  0.0 -1.0 0   0   0  0  0  0
  - 5.07s  --------    0  Y   Y  1.00  0.45 1.00 -  |   475.8    436.4  0.00 |  0.0 -1.0 0   0   0  0  0  0
  - 4.97s  --------    0  Y   Y  1.00  0.55 1.00 -  |   475.9    436.3  0.00 |  0.0 -1.0 0   0   0  0  0  0
  - 4.86s  --------    0  Y   Y  1.00  0.65 1.00 -  |   476.1    436.1  0.00 |  0.0 -1.0 0   0   0  0  0  0
  - 4.76s  --------    0  Y   Y  1.00  0.76 1.00 -  |   476.3    436.0  0.00 |  0.0 -1.0 0   0   0  0  0  0
  - 4.66s  --------    0  Y   Y  1.00  0.87 1.00 -  |   476.4    435.9  0.00 |  0.0 -1.0 0   0   0  0  0  0
  - 4.56s  --------    0  Y   Y  1.00  0.97 1.00 -  |   476.6    435.8  0.00 |  0.0 -1.0 0   0   0  0  0  0
  - 4.45s  --------    0  Y   Y  1.00  1.07 1.00 -  |   476.7    435.6  0.00 |  0.0 -1.0 0   0   0  0  0  0
  - 4.35s  --------    0  Y   Y  1.00  1.17 1.00 -  |   476.8    435.4  0.00 |  0.0 -1.0 0   0   0  0  0  0
  - 4.25s  --------    0  Y   Y  1.00  1.27 1.00 -  |   476.8    435.2  0.00 |  0.0 -1.0 0   0   0  0  0  0
  - 4.14s  --------    0  Y   Y  1.00  1.38 1.00 -  |   476.8    435.0  0.00 |  0.0 -1.0 0   0   0  0  0  0
  - 4.04s  --------    0  Y   Y  1.00  1.48 1.00 -  |   476.8    434.8  0.00 |  0.0 -1.0 0   0   0  0  0  0
  - 3.94s  --------    0  Y   Y  1.00  1.58 1.00 -  |   476.8    434.6  0.00 |  0.0 -1.0 0   0   0  0  0  0
  - 3.83s  --------    0  Y   Y  1.00  1.69 1.00 -  |   476.7    434.4  0.00 |  0.0 -1.0 0   0   0  0  0  0
  - 3.73s  --------    0  Y   Y  1.00  1.79 1.00 -  |   476.8    434.2  0.00 |  0.0 -1.0 0   0   0  0  0  0
  - 3.63s  --------    0  Y   Y  1.00  1.89 1.00 -  |   476.8    434.0  0.00 | -1.0  0.0 0   0   0  0  0  0
  - 3.53s  --------    0  Y   Y  1.00  1.99 1.00 -  |   476.7    433.8  0.00 | -1.0  0.0 0   0   0  0  0  0
  - 3.42s  --------    0  Y   Y  1.00  2.10 1.00 -  |   476.5    433.7  0.00 | -1.0  0.0 0   0   0  0  0  0
  - 3.32s  --------    0  Y   Y  1.00  2.20 1.00 -  |   476.3    433.6  0.00 | -1.0  0.0 0   0   0  0  0  0
  - 3.21s  --------    0  Y   Y  1.00  2.31 1.00 -  |   476.1    433.5  0.00 | -1.0  0.0 0   0   0  0  0  0
  - 3.11s  --------    0  Y   Y  1.00  2.41 1.00 -  |   475.9    433.4  0.00 | -1.0  0.0 0   0   0  0  0  0
  - 3.01s  --------    0  Y   Y  1.00  2.51 1.00 -  |   475.8    433.3  0.00 | -1.0  0.0 0   0   0  0  0  0
  - 2.91s  --------    0  Y   Y  1.00  2.61 1.00 -  |   475.6    433.3  0.00 | -1.0  0.0 0   0   0  0  0  0
  - 2.81s  --------    0  Y   Y  1.00  2.71 1.00 -  |   475.4    433.1  0.00 | -1.0  0.0 0   0   0  0  0  0
  - 2.71s  --------    0  Y   Y  1.00  2.81 1.00 -  |   475.2    433.0  0.00 | -1.0  0.0 0   0   0  0  0  0
  - 2.61s  --------    0  Y   Y  1.00  2.91 1.00 -  |   475.0    432.9  0.00 | -1.0  0.0 0   0   0  0  0  0
  - 2.50s  --------    0  Y   Y  1.00  3.02 1.00 -  |   474.9    432.8  0.00 | -1.0  0.0 0   0   0  0  0  0
  - 2.40s  --------    0  Y   Y  1.00  3.12 1.00 -  |   474.7    432.7  0.00 | -1.0  0.0 0   0   0  0  0  0
  - 2.30s  --------    0  Y   Y  1.00  3.22 1.00 -  |   474.5    432.6  0.00 | -1.0  0.0 0   0   0  0  0  0
  - 2.20s  --------    0  Y   Y  1.00  3.32 1.00 -  |   474.4    432.5  0.00 | -1.0  0.0 0   0   0  0  0  0
  - 2.09s  --------    0  Y   Y  1.00  3.43 1.00 -  |   474.2    432.4  0.00 | -1.0  0.0 0   0   0  0  0  0
  - 1.99s  --------    0  Y   Y  1.00  3.53 1.00 -  |   474.0    432.2  0.00 | -1.0  0.0 0   0   0  0  0  0
  - 1.89s  --------    0  Y   Y  1.00  3.63 1.00 -  |   473.9    432.1  0.00 | -1.0  0.0 0   0   0  0  0  0
  - 1.79s  --------    0  Y   Y  1.00  3.74 1.00 -  |   473.7    432.0  0.00 | -1.0  0.0 0   0   0  0  0  0
  - 1.69s  --------    0  Y   Y  1.00  3.83 1.00 -  |   473.5    431.9  0.00 | -1.0  0.0 0   0   0  0  0  0
  - 1.58s  --------    0  Y   Y  1.00  3.94 1.00 -  |   473.4    431.7  0.00 | -1.0  0.0 0   0   0  0  0  0
  - 1.48s  --------    0  Y   Y  1.00  4.04 1.00 -  |   473.2    431.6  0.00 | -1.0  0.0 0   0   0  0  0  0
  - 1.38s  --------    0  Y   Y  1.00  4.14 1.00 -  |   473.1    431.5  0.00 | -1.0  0.0 0   0   0  0  0  0
  - 1.28s  --------    0  Y   Y  1.00  4.25 1.00 -  |   472.9    431.4  0.00 | -1.0  0.0 0   0   0  0  0  0
  - 1.17s  --------    0  Y   Y  1.00  4.35 1.00 -  |   472.8    431.2  0.00 | -1.0  0.0 0   0   0  0  0  0
  - 1.07s  --------    0  Y   Y  1.00  4.45 1.00 -  |   472.6    431.1  0.00 | -1.0  0.0 0   0   0  0  0  0
  - 0.97s  --------    0  Y   Y  1.00  4.55 1.00 -  |   472.4    431.0  0.00 | -1.0  0.0 0   0   0  0  0  0
  - 0.86s  --------    0  Y   Y  1.00  4.66 1.00 -  |   472.3    430.8  0.00 | -1.0  0.0 0   0   0  0  0  0
  - 0.76s  --------    0  Y   Y  1.00  4.76 1.00 -  |   472.1    430.7  0.00 | -1.0  0.0 0   0   0  0  0  0
  - 0.65s  --------    0  Y   Y  1.00  4.87 1.00 -  |   472.0    430.6  0.00 | -1.0  0.0 0   0   0  0  0  0
  - 0.55s  --------    0  Y   Y  1.00  4.97 1.00 -  |   471.8    430.4  0.00 | -1.0  0.0 0   0   0  0  0  0
  - 0.45s  --------    0  Y   Y  1.00  5.07 1.00 -  |   471.6    430.3  0.00 | -1.0  0.0 0   0   0  0  0  0
  - 0.35s  --------    0  Y   Y  1.00  5.17 1.00 -  |   471.5    430.1  0.00 | -1.0  0.0 0   0   0  0  0  0
  - 0.24s  --------    0  Y   Y  1.00  5.28 1.00 -  |   471.3    430.0  0.00 | -1.0  0.0 0   0   0  0  0  0
  - 0.14s  --------    0  Y   Y  1.00  5.38 1.00 -  |   471.2    429.9  0.00 | -1.0  0.0 0   0   0  0  0  0
  - 0.03s  --------    0  Y   Y  1.00  5.49 1.00 -  |   471.1    429.7  0.00 | -1.0  0.0 0   0   0  0  0  0
=========================================================== END

[  7258   38.775 x1.00] LOG  [OniBoss] Combo started: ClubSwing1 → ClubSwing2 → ClubSlam (3 steps remaining)
[  7258   38.775 x1.00] LOG  [OniBoss] Chase → Attack
[  7258   38.775 x1.00] LOG  [OniBoss] Attack: Club_Swing (16 dmg)
[  7258   38.775 x1.00] LOG  [OniBoss:Trail] Club_Swing trail START at clip 1.00 (transition done).
[  7265   38.812 x1.00] LOG  [OniBoss:Layer] step-in: 'Club_Swing' closed 0.15m, Yoru now 3.0m away (range 3.5)
[  7266   38.821 x1.00] LOG  [OniBoss:Layer] step-in: 'Club_Swing' closed 0.19m, Yoru now 3.0m away (range 3.5)
[  7272   38.846 x1.00] LOG  [OniBoss:Layer] step-in: 'Club_Swing' closed 0.23m, Yoru now 3.0m away (range 3.5)
[  7279   38.869 x1.00] LOG  [OniBoss:Layer] step-in: 'Club_Swing' closed 0.27m, Yoru now 3.0m away (range 3.5)
[  7283   38.888 x1.00] LOG  [OniBoss:Layer] step-in: 'Club_Swing' closed 0.31m, Yoru now 3.0m away (range 3.5)
[  7287   38.907 x1.00] LOG  [OniBoss:Layer] step-in: 'Club_Swing' closed 0.35m, Yoru now 3.0m away (range 3.5)
[  7291   38.925 x1.00] LOG  [OniBoss:Layer] step-in: 'Club_Swing' closed 0.39m, Yoru now 3.0m away (range 3.5)
[  7296   38.947 x1.00] LOG  [OniBoss:Layer] step-in: 'Club_Swing' closed 0.43m, Yoru now 3.0m away (range 3.5)
[  7300   38.965 x1.00] LOG  [OniBoss:Layer] step-in: 'Club_Swing' closed 0.47m, Yoru now 3.0m away (range 3.5)
[  7302   38.983 x1.00] LOG  [OniBoss:Layer] step-in: 'Club_Swing' closed 0.51m, Yoru now 3.0m away (range 3.5)
[  7310   39.011 x1.00] LOG  [OniBoss:Layer] step-in: 'Club_Swing' closed 0.55m, Yoru now 3.0m away (range 3.5)
[  7313   39.024 x1.00] LOG  [OniBoss:Layer] step-in: 'Club_Swing' closed 0.59m, Yoru now 3.0m away (range 3.5)
[  7336   39.136 x1.00] LOG  [CameraGameFeel] Shake: intensity=0.20 duration=0.250s
[  7336   39.136 x1.00] LOG  [Combat] Hit react: HitReact_Light_2Leg (0.5s)
[  7336   39.136 x1.00] LOG  [HitReactTrace] asked for 'HitReact_Light_2Leg' (0.50s) — blend resolved after 0 ms, now playing a clip 1.00s long at speed 1.00, layer weight 1.00, animator.speed 1.00.
[  7336   39.136 x1.00] LOG  [CameraGameFeel] Shake: intensity=0.09 duration=0.150s
[  7336   39.136 x1.00] LOG  [CameraGameFeel] FOV punch: player damage (-2.0°)
[  7336   39.136 x1.00] LOG  [OniBoss] Hit player for 16 (Club_Swing)
[  7336   39.136 x1.00] LOG  [OniBoss:ClubPos] Club_Swing at strike: club tip 3.02m up, 2.81m in front, -2.77m to his right (3.95m out from his centre). Club faces -76deg from his forward, pitch 0.40. (the ground wave is born 1.6m in front of him at 0.35m.)
[  7336   39.136 x1.00] LOG  [OniBoss:Layer] Club_Swing: club connected — this swing's wave is cancelled.
[  7435   39.609 x1.00] LOG  [OniBoss] Attack → Recovery
[  7435   39.609 x1.00] LOG  [OniBoss] Playing animation: Watch
[  7435   39.609 x1.00] LOG  [OniBoss:Trail] trail END at clip 0.99, fading over 0.40s.
[  7435   39.609 x1.00] LOG  [OniBoss:Strike] Club_Swing: club tip closest to Yoru at 1.73m, clip position 0.91 | damage fires at 0.42 | clip 0.84s => damage fires 413 ms BEFORE the club is closest
[  7468   39.763 x1.00] LOG  [OniBoss] Recovery → Attack
[  7468   39.763 x1.00] LOG  [OniBoss] Attack: ClubSwing2 (16 dmg)
[  7468   39.763 x1.00] LOG  [OniBoss:Trail] ClubSwing2 trail START at clip 1.00 (transition still blending).
[  7501   39.932 x1.00] LOG  [OniBoss:Layer] step-in: 'ClubSwing2' closed 0.84m, Yoru now 3.0m away (range 3.5)
[  7503   39.943 x1.00] LOG  [OniBoss:Layer] step-in: 'ClubSwing2' closed 0.88m, Yoru now 3.0m away (range 3.5)
[  7508   39.965 x1.00] LOG  [OniBoss:Layer] step-in: 'ClubSwing2' closed 0.92m, Yoru now 3.0m away (range 3.5)
[  7512   39.984 x1.00] LOG  [OniBoss:Layer] step-in: 'ClubSwing2' closed 0.96m, Yoru now 3.0m away (range 3.5)
[  7516   40.005 x1.00] LOG  [OniBoss:Layer] step-in: 'ClubSwing2' closed 1.00m, Yoru now 3.0m away (range 3.5)
[  7520   40.025 x1.00] LOG  [OniBoss:Layer] step-in: 'ClubSwing2' closed 1.04m, Yoru now 3.0m away (range 3.5)
[  7522   40.041 x1.00] LOG  [OniBoss:Layer] step-in: 'ClubSwing2' closed 1.08m, Yoru now 3.0m away (range 3.5)
[  7528   40.072 x1.00] LOG  [OniBoss:Layer] step-in: 'ClubSwing2' closed 1.12m, Yoru now 3.0m away (range 3.5)
[  7531   40.085 x1.00] LOG  [OniBoss:Layer] step-in: 'ClubSwing2' closed 1.16m, Yoru now 3.0m away (range 3.5)
[  7535   40.105 x1.00] LOG  [OniBoss:Layer] step-in: 'ClubSwing2' closed 1.20m, Yoru now 3.0m away (range 3.5)
[  7543   40.145 x1.00] LOG  [CameraGameFeel] Shake: intensity=0.20 duration=0.250s
[  7543   40.145 x1.00] LOG  [Combat] Hit react: HitReact_Light_2Leg (0.5s)
[  7543   40.145 x1.00] LOG  [HitReactTrace] asked for 'HitReact_Light_2Leg' (0.50s) — blend resolved after 0 ms, now playing a clip 1.00s long at speed 1.00, layer weight 1.00, animator.speed 1.00.
[  7543   40.145 x1.00] LOG  [CameraGameFeel] Shake: intensity=0.09 duration=0.150s
[  7543   40.145 x1.00] LOG  [CameraGameFeel] FOV punch: player damage (-2.0°)
[  7543   40.145 x1.00] LOG  [OniBoss] Hit player for 16 (ClubSwing2)
[  7543   40.145 x1.00] LOG  [OniBoss:ClubPos] ClubSwing2 at strike: club tip 0.15m up, 1.68m in front, 2.57m to his right (3.07m out from his centre). Club faces 12deg from his forward, pitch -0.89. (the ground wave is born 1.6m in front of him at 0.35m.)
[  7543   40.145 x1.00] LOG  [OniBoss:Layer] ClubSwing2: club connected — this swing's wave is cancelled.
[  7621   40.552 x1.00] LOG  
==================== [FREEZE-DEBUG v3] ====================
  Reason : WASD-NOMOVE: WASD recent + speed 0.00m/s for 0.40s
  Time   : 36.602s   Frame: 7621   Snaps: 60
===========================================================

--- CURRENT STATE ---
  Flags: atk=False hvy=False dod=False dsh=False
         grd=False hit=True aerial=False lockPos=False
         comboStep=0
  Anim : speed=1.00  combatLayer hash=-900461460 normT=0.331 weight=1.00 inTransition=False
  CC   : grounded=True  enabled=True  pos=(466.53, 0.04, 425.25)  vel=(0.00, 0.00, 0.00)
  Move : IsRunning=False
  Input: H=-1.00 V=0.00  LMB=False MMB=False Q=False Sp=False Sh=False C=False
         WASD pressed in last 0.5s: True (last 0.00s ago)

--- FLIGHT RECORDER (60 snapshots, oldest first, dt=0.10s) ---
  Legend: flags = A(tk) H(vy) D(od) S(sh) G(rd) R(eact) Y(aerial) L(ock)   gnd/cc: Y/n
  t-now    flags     step gnd cc anSp normT layW tr | posX     posZ     spd   | H    V    LMB MMB Q  Sp Sh C
  ------   --------  ---- --- -- ---- ----- ---- -- | -----    -----    ----  | ---- ---- --- --- -- -- -- -
  - 6.12s  --------    0  Y   Y  1.00  3.43 1.00 -  |   474.2    432.4  0.00 | -1.0  0.0 0   0   0  0  0  0
  - 6.01s  --------    0  Y   Y  1.00  3.53 1.00 -  |   474.0    432.2  0.00 | -1.0  0.0 0   0   0  0  0  0
  - 5.91s  --------    0  Y   Y  1.00  3.63 1.00 -  |   473.9    432.1  0.00 | -1.0  0.0 0   0   0  0  0  0
  - 5.81s  --------    0  Y   Y  1.00  3.74 1.00 -  |   473.7    432.0  0.00 | -1.0  0.0 0   0   0  0  0  0
  - 5.71s  --------    0  Y   Y  1.00  3.83 1.00 -  |   473.5    431.9  0.00 | -1.0  0.0 0   0   0  0  0  0
  - 5.61s  --------    0  Y   Y  1.00  3.94 1.00 -  |   473.4    431.7  0.00 | -1.0  0.0 0   0   0  0  0  0
  - 5.50s  --------    0  Y   Y  1.00  4.04 1.00 -  |   473.2    431.6  0.00 | -1.0  0.0 0   0   0  0  0  0
  - 5.40s  --------    0  Y   Y  1.00  4.14 1.00 -  |   473.1    431.5  0.00 | -1.0  0.0 0   0   0  0  0  0
  - 5.30s  --------    0  Y   Y  1.00  4.25 1.00 -  |   472.9    431.4  0.00 | -1.0  0.0 0   0   0  0  0  0
  - 5.20s  --------    0  Y   Y  1.00  4.35 1.00 -  |   472.8    431.2  0.00 | -1.0  0.0 0   0   0  0  0  0
  - 5.09s  --------    0  Y   Y  1.00  4.45 1.00 -  |   472.6    431.1  0.00 | -1.0  0.0 0   0   0  0  0  0
  - 4.99s  --------    0  Y   Y  1.00  4.55 1.00 -  |   472.4    431.0  0.00 | -1.0  0.0 0   0   0  0  0  0
  - 4.89s  --------    0  Y   Y  1.00  4.66 1.00 -  |   472.3    430.8  0.00 | -1.0  0.0 0   0   0  0  0  0
  - 4.78s  --------    0  Y   Y  1.00  4.76 1.00 -  |   472.1    430.7  0.00 | -1.0  0.0 0   0   0  0  0  0
  - 4.68s  --------    0  Y   Y  1.00  4.87 1.00 -  |   472.0    430.6  0.00 | -1.0  0.0 0   0   0  0  0  0
  - 4.58s  --------    0  Y   Y  1.00  4.97 1.00 -  |   471.8    430.4  0.00 | -1.0  0.0 0   0   0  0  0  0
  - 4.47s  --------    0  Y   Y  1.00  5.07 1.00 -  |   471.6    430.3  0.00 | -1.0  0.0 0   0   0  0  0  0
  - 4.37s  --------    0  Y   Y  1.00  5.17 1.00 -  |   471.5    430.1  0.00 | -1.0  0.0 0   0   0  0  0  0
  - 4.27s  --------    0  Y   Y  1.00  5.28 1.00 -  |   471.3    430.0  0.00 | -1.0  0.0 0   0   0  0  0  0
  - 4.16s  --------    0  Y   Y  1.00  5.38 1.00 -  |   471.2    429.9  0.00 | -1.0  0.0 0   0   0  0  0  0
  - 4.06s  --------    0  Y   Y  1.00  5.49 1.00 -  |   471.1    429.7  0.00 | -1.0  0.0 0   0   0  0  0  0
  - 3.95s  --------    0  Y   Y  1.00  5.59 1.00 -  |   470.9    429.6  0.00 | -1.0  0.0 0   0   0  0  0  0
  - 3.85s  --------    0  Y   Y  1.00  5.69 1.00 -  |   470.7    429.4  0.00 | -1.0  0.0 0   0   0  0  0  0
  - 3.75s  --------    0  Y   Y  1.00  5.80 1.00 -  |   470.6    429.3  0.00 | -1.0  0.0 0   0   0  0  0  0
  - 3.65s  --------    0  Y   Y  1.00  5.90 1.00 -  |   470.5    429.1  0.00 | -1.0  0.0 0   0   0  0  0  0
  - 3.55s  --------    0  Y   Y  1.00  6.00 1.00 -  |   470.3    429.0  0.00 | -1.0  0.0 0   0   0  0  0  0
  - 3.44s  --------    0  Y   Y  1.00  6.10 1.00 -  |   470.2    428.9  0.00 | -1.0  0.0 0   0   0  0  0  0
  - 3.34s  --------    0  Y   Y  1.00  6.20 1.00 -  |   470.0    428.7  0.00 | -1.0  0.0 0   0   0  0  0  0
  - 3.24s  --------    0  Y   Y  1.00  6.30 1.00 -  |   469.9    428.6  0.00 | -1.0  0.0 0   0   0  0  0  0
  - 3.14s  --------    0  Y   Y  1.00  6.41 1.00 -  |   469.7    428.4  0.00 | -1.0  0.0 0   0   0  0  0  0
  - 3.04s  --------    0  Y   Y  1.00  6.51 1.00 -  |   469.6    428.3  0.00 | -1.0  0.0 0   0   0  0  0  0
  - 2.94s  --------    0  Y   Y  1.00  6.61 1.00 -  |   469.5    428.2  0.00 | -1.0  0.0 0   0   0  0  0  0
  - 2.83s  --------    0  Y   Y  1.00  6.71 1.00 -  |   469.3    428.0  0.00 | -1.0  0.0 0   0   0  0  0  0
  - 2.73s  --------    0  Y   Y  1.00  6.81 1.00 -  |   469.1    427.9  0.00 | -1.0  0.0 0   0   0  0  0  0
  - 2.63s  --------    0  Y   Y  1.00  6.92 1.00 -  |   469.0    427.7  0.00 | -1.0  0.0 0   0   0  0  0  0
  - 2.53s  --------    0  Y   Y  1.00  7.02 1.00 -  |   468.9    427.6  0.00 | -1.0  0.0 0   0   0  0  0  0
  - 2.42s  --------    0  Y   Y  1.00  7.12 1.00 -  |   468.7    427.4  0.00 | -1.0  0.0 0   0   0  0  0  0
  - 2.32s  --------    0  Y   Y  1.00  7.22 1.00 -  |   468.6    427.3  0.00 | -1.0  0.0 0   0   0  0  0  0
  - 2.22s  --------    0  Y   Y  1.00  7.33 1.00 -  |   468.4    427.1  0.00 | -1.0  0.0 0   0   0  0  0  0
  - 2.12s  --------    0  Y   Y  1.00  7.43 1.00 -  |   468.3    427.0  0.00 | -1.0  0.0 0   0   0  0  0  0
  - 2.02s  --------    0  Y   Y  1.00  7.53 1.00 -  |   468.1    426.9  0.00 | -1.0  0.0 0   0   0  0  0  0
  - 1.91s  --------    0  Y   Y  1.00  7.63 1.00 -  |   468.0    426.7  0.00 | -1.0  0.0 0   0   0  0  0  0
  - 1.81s  --------    0  Y   Y  1.00  7.73 1.00 -  |   467.8    426.6  0.00 | -1.0  0.0 0   0   0  0  0  0
  - 1.71s  --------    0  Y   Y  1.00  7.83 1.00 -  |   467.7    426.4  0.00 | -1.0  0.0 0   0   0  0  0  0
  - 1.60s  --------    0  Y   Y  1.00  7.94 1.00 -  |   467.5    426.3  0.00 | -1.0  0.0 0   0   0  0  0  0
  - 1.50s  --------    0  Y   Y  1.00  8.04 1.00 -  |   467.4    426.1  0.00 | -1.0  0.0 0   0   0  0  0  0
  - 1.40s  -----R--    0  Y   Y  1.00  0.01 1.00 -  |   467.3    426.0  0.00 | -1.0  0.0 0   0   0  0  0  0
  - 1.30s  -----R--    0  Y   Y  1.00  0.09 1.00 -  |   467.3    426.0  0.00 | -1.0  0.0 0   0   0  0  0  0
  - 1.20s  -----R--    0  Y   Y  1.00  0.18 1.00 -  |   467.3    426.0  0.00 | -1.0  0.0 0   0   0  0  0  0
  - 1.10s  -----R--    0  Y   Y  1.00  0.26 1.00 -  |   467.3    426.0  0.00 | -1.0  0.0 0   0   0  0  0  0
  - 0.99s  -----R--    0  Y   Y  1.00  0.35 1.00 -  |   467.3    426.0  0.00 | -1.0  0.0 0   0   0  0  0  0
  - 0.89s  --------    0  Y   Y  1.00  0.43 1.00 T  |   467.2    425.9  0.00 | -1.0  0.0 0   0   0  0  0  0
  - 0.79s  --------    0  Y   Y  1.00  0.12 1.00 -  |   467.1    425.8  0.00 | -1.0  0.0 0   0   0  0  0  0
  - 0.69s  --------    0  Y   Y  1.00  0.22 1.00 -  |   466.9    425.7  0.00 | -1.0  0.0 0   0   0  0  0  0
  - 0.58s  --------    0  Y   Y  1.00  0.33 1.00 -  |   466.8    425.5  0.00 | -1.0  0.0 0   0   0  0  0  0
  - 0.48s  --------    0  Y   Y  1.00  0.43 1.00 -  |   466.6    425.4  0.00 | -1.0  0.0 0   0   0  0  0  0
  - 0.38s  -----R--    0  Y   Y  1.00  0.02 1.00 -  |   466.5    425.3  0.00 | -1.0  0.0 0   0   0  0  0  0
  - 0.28s  -----R--    0  Y   Y  1.00  0.10 1.00 -  |   466.5    425.3  0.00 | -1.0  0.0 0   0   0  0  0  0
  - 0.18s  -----R--    0  Y   Y  1.00  0.18 1.00 -  |   466.5    425.3  0.00 | -1.0  0.0 0   0   0  0  0  0
  - 0.08s  -----R--    0  Y   Y  1.00  0.27 1.00 -  |   466.5    425.3  0.00 | -1.0  0.0 0   0   0  0  0  0
=========================================================== END

[  7696   40.926 x1.00] LOG  [OniBoss] Attack → Recovery
[  7696   40.926 x1.00] LOG  [OniBoss] Playing animation: Watch
[  7696   40.926 x1.00] LOG  [OniBoss:Trail] trail END at clip 0.99, fading over 0.40s.
[  7696   40.926 x1.00] LOG  [OniBoss:Strike] ClubSwing2: club tip closest to Yoru at 0.46m, clip position 0.30 | damage fires at 0.32 | clip 1.17s => MATCHED (within one or two frames)
[  7725   41.081 x1.00] LOG  [OniBoss] Recovery → Attack
[  7725   41.081 x1.00] LOG  [OniBoss] Attack: ClubSlam (20 dmg)
[  7725   41.081 x1.00] LOG  [OniBoss:Trail] ClubSlam trail START at clip 1.00 (transition still blending).
[  7896   41.876 x1.00] LOG  [CameraGameFeel] Shake: intensity=0.50 duration=0.400s
[  7896   41.876 x1.00] LOG  [OniBoss] Attack missed, player out of range (4.1m > 3.5m)
[  7896   41.876 x1.00] LOG  [OniBoss:ClubPos] ClubSlam at strike: club tip 0.57m up, 2.90m in front, -0.20m to his right (2.91m out from his centre). Club faces 5deg from his forward, pitch -0.25. (the ground wave is born 1.6m in front of him at 0.35m.)
[  7896   41.876 x1.00] LOG  [OniBoss:Layer] ClubSlam: club missed — ground wave born 1.6m in front, 12m/s x 6.0m = armed 0.50s, carrying 10 (half of the club's 20).
[  7923   42.004 x1.00] LOG  [OniBoss] Attack → Recovery
[  7923   42.004 x1.00] LOG  [OniBoss] Playing animation: Watch
[  7923   42.004 x1.00] LOG  [OniBoss:Trail] trail END at clip 0.99, fading over 0.40s.
[  7923   42.004 x1.00] LOG  [OniBoss:Strike] ClubSlam: club tip closest to Yoru at 0.57m, clip position 0.49 | damage fires at 0.85 | clip 0.93s => damage fires 335 ms AFTER the club is closest — it lands once the club has passed her
[  7924   42.008 x1.00] LOG  [Combat] Hit react: HitReact_Light_2Leg (0.5s)
[  7924   42.008 x1.00] LOG  [HitReactTrace] asked for 'HitReact_Light_2Leg' (0.50s) — blend resolved after 0 ms, now playing a clip 1.00s long at speed 1.00, layer weight 1.00, animator.speed 1.00.
[  7924   42.008 x1.00] LOG  [CameraGameFeel] Shake: intensity=0.09 duration=0.150s
[  7924   42.008 x1.00] LOG  [CameraGameFeel] FOV punch: player damage (-2.0°)
[  7924   42.008 x1.00] LOG  [OniBoss:Wave] wave TOUCHED Yoru (grounded) for 10 after 1.6m / 0.13s of travel.
[  7957   42.156 x1.00] LOG  [OniBoss] Recovery → Chase
[  7958   42.160 x1.00] LOG  [OniBoss] hold-ground: BACKSTEP 1.5m (player 4.4m)
[  7958   42.160 x1.00] LOG  [OniBoss] hold-ground: backstep done (0.00m), WATCH (player 4.4m, cooldown 3.0s)
[  8066   42.683 x1.00] LOG  [OniBoss] Playing animation: run
[  8230   43.525 x1.00] LOG  [OniBoss] Playing animation: Watch
[  8368   44.236 x1.00] LOG  🐾 4-LEG JUMP #0
[  8368   44.236 x1.00] LOG  🐾 Jump 1 VFX spawned!
[  8435   44.580 x1.00] LOG  🐾 4-LEG JUMP #1
[  8435   44.580 x1.00] LOG  🐾 Jump 2 VFX spawned!
[  8435   44.580 x1.00] LOG  
==================== [FREEZE-DEBUG v3] ====================
  Reason : WASD-NOMOVE: WASD recent + speed 0.00m/s for 0.40s
  Time   : 40.630s   Frame: 8435   Snaps: 60
===========================================================

--- CURRENT STATE ---
  Flags: atk=False hvy=False dod=False dsh=False
         grd=False hit=False aerial=False lockPos=False
         comboStep=0
  Anim : speed=1.00  combatLayer hash=-792875657 normT=2.060 weight=1.00 inTransition=False
  CC   : grounded=False  enabled=True  pos=(464.49, 1.77, 423.28)  vel=(0.00, 2.65, 0.00)
  Move : IsRunning=True
  Input: H=1.00 V=0.00  LMB=False MMB=False Q=False Sp=True Sh=True C=False
         WASD pressed in last 0.5s: True (last 0.00s ago)

--- FLIGHT RECORDER (60 snapshots, oldest first, dt=0.10s) ---
  Legend: flags = A(tk) H(vy) D(od) S(sh) G(rd) R(eact) Y(aerial) L(ock)   gnd/cc: Y/n
  t-now    flags     step gnd cc anSp normT layW tr | posX     posZ     spd   | H    V    LMB MMB Q  Sp Sh C
  ------   --------  ---- --- -- ---- ----- ---- -- | -----    -----    ----  | ---- ---- --- --- -- -- -- -
  - 6.04s  --------    0  Y   Y  1.00  7.53 1.00 -  |   468.1    426.9  0.00 | -1.0  0.0 0   0   0  0  0  0
  - 5.94s  --------    0  Y   Y  1.00  7.63 1.00 -  |   468.0    426.7  0.00 | -1.0  0.0 0   0   0  0  0  0
  - 5.84s  --------    0  Y   Y  1.00  7.73 1.00 -  |   467.8    426.6  0.00 | -1.0  0.0 0   0   0  0  0  0
  - 5.74s  --------    0  Y   Y  1.00  7.83 1.00 -  |   467.7    426.4  0.00 | -1.0  0.0 0   0   0  0  0  0
  - 5.63s  --------    0  Y   Y  1.00  7.94 1.00 -  |   467.5    426.3  0.00 | -1.0  0.0 0   0   0  0  0  0
  - 5.53s  --------    0  Y   Y  1.00  8.04 1.00 -  |   467.4    426.1  0.00 | -1.0  0.0 0   0   0  0  0  0
  - 5.43s  -----R--    0  Y   Y  1.00  0.01 1.00 -  |   467.3    426.0  0.00 | -1.0  0.0 0   0   0  0  0  0
  - 5.33s  -----R--    0  Y   Y  1.00  0.09 1.00 -  |   467.3    426.0  0.00 | -1.0  0.0 0   0   0  0  0  0
  - 5.23s  -----R--    0  Y   Y  1.00  0.18 1.00 -  |   467.3    426.0  0.00 | -1.0  0.0 0   0   0  0  0  0
  - 5.13s  -----R--    0  Y   Y  1.00  0.26 1.00 -  |   467.3    426.0  0.00 | -1.0  0.0 0   0   0  0  0  0
  - 5.02s  -----R--    0  Y   Y  1.00  0.35 1.00 -  |   467.3    426.0  0.00 | -1.0  0.0 0   0   0  0  0  0
  - 4.92s  --------    0  Y   Y  1.00  0.43 1.00 T  |   467.2    425.9  0.00 | -1.0  0.0 0   0   0  0  0  0
  - 4.82s  --------    0  Y   Y  1.00  0.12 1.00 -  |   467.1    425.8  0.00 | -1.0  0.0 0   0   0  0  0  0
  - 4.71s  --------    0  Y   Y  1.00  0.22 1.00 -  |   466.9    425.7  0.00 | -1.0  0.0 0   0   0  0  0  0
  - 4.61s  --------    0  Y   Y  1.00  0.33 1.00 -  |   466.8    425.5  0.00 | -1.0  0.0 0   0   0  0  0  0
  - 4.51s  --------    0  Y   Y  1.00  0.43 1.00 -  |   466.6    425.4  0.00 | -1.0  0.0 0   0   0  0  0  0
  - 4.41s  -----R--    0  Y   Y  1.00  0.02 1.00 -  |   466.5    425.3  0.00 | -1.0  0.0 0   0   0  0  0  0
  - 4.31s  -----R--    0  Y   Y  1.00  0.10 1.00 -  |   466.5    425.3  0.00 | -1.0  0.0 0   0   0  0  0  0
  - 4.21s  -----R--    0  Y   Y  1.00  0.18 1.00 -  |   466.5    425.3  0.00 | -1.0  0.0 0   0   0  0  0  0
  - 4.10s  -----R--    0  Y   Y  1.00  0.27 1.00 -  |   466.5    425.3  0.00 | -1.0  0.0 0   0   0  0  0  0
  - 4.00s  -----R--    0  Y   Y  1.00  0.35 1.00 -  |   466.5    425.3  0.00 | -1.0  0.0 0   0   0  0  0  0
  - 3.90s  --------    0  Y   Y  1.00  0.44 1.00 T  |   466.5    425.2  0.00 | -1.0  0.0 0   0   0  0  0  0
  - 3.80s  --------    0  Y   Y  1.00  0.13 1.00 -  |   466.3    425.1  0.00 | -1.0  0.0 0   0   0  0  0  0
  - 3.70s  --------    0  Y   Y  1.00  0.23 1.00 -  |   466.2    424.9  0.00 | -1.0  0.0 0   0   0  0  0  0
  - 3.60s  --------    0  Y   Y  1.00  0.33 1.00 -  |   466.1    424.8  0.00 | -1.0  0.0 0   0   0  0  0  0
  - 3.50s  --------    0  Y   Y  1.00  0.44 1.00 -  |   465.9    424.6  0.00 | -1.0  0.0 0   0   0  0  0  0
  - 3.39s  --------    0  Y   Y  1.00  0.54 1.00 -  |   465.8    424.5  0.00 | -1.0  0.0 0   0   0  0  0  0
  - 3.29s  --------    0  Y   Y  1.00  0.64 1.00 -  |   465.6    424.3  0.00 | -1.0  0.0 0   0   0  0  0  0
  - 3.19s  --------    0  Y   Y  1.00  0.74 1.00 -  |   465.5    424.2  0.00 | -1.0  0.0 0   0   0  0  0  0
  - 3.09s  --------    0  Y   Y  1.00  0.84 1.00 -  |   465.4    424.0  0.00 | -1.0  0.0 0   0   0  0  0  0
  - 2.99s  --------    0  Y   Y  1.00  0.94 1.00 -  |   465.2    423.9  0.00 | -1.0  0.0 0   0   0  0  0  0
  - 2.88s  --------    0  Y   Y  1.00  1.05 1.00 -  |   465.1    423.8  0.00 | -1.0  0.0 0   0   0  0  0  0
  - 2.78s  --------    0  Y   Y  1.00  1.15 1.00 -  |   464.9    423.6  0.00 | -1.0  0.0 0   0   0  0  0  0
  - 2.68s  --------    0  Y   Y  1.00  1.25 1.00 -  |   464.8    423.5  0.00 | -1.0  0.0 0   0   0  0  0  0
  - 2.58s  --------    0  Y   Y  1.00  1.35 1.00 -  |   464.6    423.3  0.00 | -1.0  0.0 0   0   0  0  0  0
  - 2.47s  -----R--    0  Y   Y  1.00  0.08 1.00 -  |   464.6    423.3  0.00 | -1.0  0.0 0   0   0  0  0  0
  - 2.37s  -----R--    0  Y   Y  1.00  0.16 1.00 -  |   464.6    423.3  0.00 | -1.0  0.0 0   0   0  0  0  0
  - 2.27s  -----R--    0  Y   Y  1.00  0.25 1.00 -  |   464.6    423.3  0.00 | -1.0  0.0 0   0   0  0  0  0
  - 2.17s  -----R--    0  Y   Y  1.00  0.33 1.00 -  |   464.6    423.3  0.00 | -1.0  0.0 0   0   0  0  0  0
  - 2.06s  --------    0  Y   Y  1.00  0.42 1.00 T  |   464.6    423.3  0.00 | -1.0  0.0 0   0   0  0  0  0
  - 1.96s  --------    0  Y   Y  1.00  0.10 1.00 -  |   464.5    423.1  0.00 | -1.0  0.0 0   0   0  0  0  0
  - 1.85s  --------    0  Y   Y  1.00  0.21 1.00 -  |   464.3    423.0  0.00 | -1.0  0.0 0   0   0  0  0  0
  - 1.75s  --------    0  Y   Y  1.00  0.31 1.00 -  |   464.2    422.8  0.00 | -1.0  0.0 0   0   0  0  0  0
  - 1.65s  --------    0  Y   Y  1.00  0.41 1.00 -  |   464.1    422.7  0.00 | -1.0  0.0 0   0   0  0  0  0
  - 1.54s  --------    0  Y   Y  1.00  0.52 1.00 -  |   463.9    422.5  0.00 | -1.0  0.0 0   0   0  0  0  0
  - 1.44s  --------    0  Y   Y  1.00  0.62 1.00 -  |   463.8    422.4  0.00 | -1.0  0.0 0   0   0  0  0  0
  - 1.33s  --------    0  Y   Y  1.00  0.73 1.00 -  |   463.6    422.2  0.00 | -1.0  0.0 0   0   0  0  0  0
  - 1.23s  --------    0  Y   Y  1.00  0.83 1.00 -  |   463.5    422.1  0.00 | -1.0  0.0 0   0   0  0  0  0
  - 1.13s  --------    0  Y   Y  1.00  0.93 1.00 -  |   463.4    422.0  0.00 |  1.0  0.0 0   0   0  0  0  0
  - 1.03s  --------    0  Y   Y  1.00  1.04 1.00 -  |   463.5    422.1  0.00 |  1.0  0.0 0   0   0  0  0  0
  - 0.92s  --------    0  Y   Y  1.00  1.14 1.00 -  |   463.7    422.3  0.00 |  1.0  0.0 0   0   0  0  0  0
  - 0.82s  --------    0  Y   Y  1.00  1.24 1.00 -  |   463.9    422.5  0.00 |  1.0  0.0 0   0   0  0  1  0
  - 0.72s  --------    0  Y   Y  1.00  1.34 1.00 -  |   464.4    423.0  0.00 |  1.0  0.0 0   0   0  0  1  0
  - 0.62s  --------    0  Y   Y  1.00  1.44 1.00 -  |   464.6    423.2  0.00 |  1.0  0.0 0   0   0  0  1  0
  - 0.52s  --------    0  Y   Y  1.00  1.54 1.00 -  |   464.5    423.2  0.00 |  1.0  0.0 0   0   0  0  1  0
  - 0.41s  --------    0  Y   Y  1.00  1.65 1.00 -  |   464.5    423.2  0.00 |  1.0  0.0 0   0   0  0  1  0
  - 0.31s  --------    0  n   Y  1.00  1.75 1.00 -  |   464.5    423.2  0.00 |  1.0  0.0 0   0   0  1  1  0
  - 0.21s  --------    0  n   Y  1.00  1.85 1.00 -  |   464.5    423.2  0.00 |  1.0  0.0 0   0   0  1  1  0
  - 0.11s  --------    0  n   Y  1.00  1.95 1.00 -  |   464.5    423.3  0.00 |  1.0  0.0 0   0   0  0  1  0
  - 0.01s  --------    0  n   Y  1.00  2.05 1.00 -  |   464.5    423.3  0.00 |  1.0  0.0 0   0   0  0  1  0
=========================================================== END

[  8496   44.858 x1.00] LOG  🐾 4-LEG JUMP #2
[  8496   44.858 x1.00] LOG  🐾 Jump 3 VFX spawned!
[  8496   44.858 x1.00] LOG  🚫 Max jumps reached!
[  8558   45.157 x1.00] LOG  [OniBoss] hold-ground: cooldown over, player 4.5m > 3.5m — APPROACH
[  8558   45.157 x1.00] LOG  [OniBoss] Playing animation: Walk
[  8583   45.281 x1.00] LOG  💨 Landing VFX spawned!
[  8583   45.281 x1.00] LOG  ✅ LANDED! (was jump #3)
[  8586   45.297 x1.00] LOG  [Combat] Combo 1: 10 dmg
[  8586   45.297 x1.00] LOG  [ComboTrace] START step=1 state='Combo1' queued=0 target='OniBoss' at 2.2m
[  8586   45.297 x1.00] LOG  [ComboTrace] LAUNCH OniBoss at 0.5m dist=0.45m in 0.13s
[  8586   45.297 x1.00] WARN [PlayerCombat] EDGE PROBE BLIND: nothing in Edge Ground Mask under Yoru's own feet, so the ledge check would cancel every launch in this scene. It has been stood down here. The floor under her is nothing at all within 1.50m. Add that layer to Edge Ground Mask (or move the floor onto a layer that is in it) to get ledge protection back.
[  8586   45.297 x1.00] LOG  [AirPosePin] engaged, holding body at 1.618m above the transform
[  8588   45.314 x1.00] LOG  [AirPosePin] released, peak correction was 0.119m
[  8589   45.321 x1.00] LOG  [AirPosePin] engaged, holding body at 1.091m above the transform
[  8612   45.427 x1.00] LOG  [ComboTrace] LAUNCH RESULT wanted=0.45m actually moved=0.25m — completed
[  8647   45.602 x1.00] LOG  [OniBoss] Combo started: swing1-2 (2 steps remaining)
[  8647   45.602 x1.00] LOG  [OniBoss] Chase → Attack
[  8647   45.602 x1.00] LOG  [OniBoss] Attack: Club_Swing (16 dmg)
[  8647   45.602 x1.00] LOG  [OniBoss:Trail] Club_Swing trail START at clip 0.24 (transition done).
[  8693   45.842 x1.00] LOG  💨 Landing VFX spawned!
[  8693   45.842 x1.00] LOG  [AirPosePin] released, peak correction was 0.436m
[  8707   45.912 x1.00] LOG  OniBoss took 10 damage. HP: 450/500
[  8707   45.912 x1.00] LOG  [OniBoss] 🤕 Hit during Attack — flash only
[  8707   45.912 x1.00] LOG  [Combat] Hit OniBoss for 10
[  8707   45.912 x1.00] LOG  [CameraGameFeel] Shake: intensity=0.15 duration=0.150s
[  8707   45.912 x1.00] LOG  [CameraGameFeel] FOV punch: hit light (+1.5°)
[  8724   45.998 x1.00] LOG  [CameraGameFeel] Shake: intensity=0.20 duration=0.250s
[  8724   45.998 x1.00] LOG  [Combat] Hit react: HitReact_Light_2Leg (0.5s)
[  8724   45.998 x1.00] LOG  [HitReactTrace] asked for 'HitReact_Light_2Leg' (0.50s) — blend resolved after 0 ms, now playing a clip 1.23s long at speed 1.60, layer weight 1.00, animator.speed 1.00.
[  8724   45.998 x1.00] LOG  [CameraGameFeel] Shake: intensity=0.09 duration=0.150s
[  8724   45.998 x1.00] LOG  [CameraGameFeel] FOV punch: player damage (-2.0°)
[  8724   45.998 x1.00] LOG  [OniBoss] Hit player for 16 (Club_Swing)
[  8724   45.998 x1.00] LOG  [OniBoss:ClubPos] Club_Swing at strike: club tip 3.02m up, 2.81m in front, -2.77m to his right (3.95m out from his centre). Club faces -76deg from his forward, pitch 0.40. (the ground wave is born 1.6m in front of him at 0.35m.)
[  8724   45.998 x1.00] LOG  [OniBoss:Layer] Club_Swing: club connected — this swing's wave is cancelled.
[  8823   46.477 x1.00] LOG  [OniBoss] Attack → Recovery
[  8823   46.477 x1.00] LOG  [OniBoss] Playing animation: Watch
[  8823   46.477 x1.00] LOG  [OniBoss:Trail] trail END at clip 0.99, fading over 0.40s.
[  8823   46.477 x1.00] LOG  [OniBoss:Strike] Club_Swing: club tip closest to Yoru at 0.43m, clip position 0.92 | damage fires at 0.42 | clip 0.84s => damage fires 422 ms BEFORE the club is closest
[  8828   46.503 x1.00] LOG  ✅ LANDED! (was jump #0)
[  8839   46.557 x1.00] LOG  [Combat] Combo 1: 10 dmg
[  8839   46.557 x1.00] LOG  [ComboTrace] START step=1 state='Combo1' queued=0 target='OniBoss' at 2.1m
[  8839   46.557 x1.00] LOG  [ComboTrace] LAUNCH OniBoss at 0.8m dist=0.77m in 0.13s
[  8852   46.630 x1.00] LOG  [OniBoss] Recovery → Attack
[  8852   46.630 x1.00] LOG  [OniBoss] Attack: ClubSwing2 (16 dmg)
[  8852   46.630 x1.00] LOG  [OniBoss:Trail] ClubSwing2 trail START at clip 1.00 (transition still blending).
[  8865   46.689 x1.00] LOG  [ComboTrace] LAUNCH RESULT wanted=0.77m actually moved=0.00m — completed
[  8892   46.820 x1.00] LOG  [Combat] Queued click #1 (combo 1)
[  8892   46.820 x1.00] LOG  [ComboTrace] QUEUED #1 during step 1
[  8933   47.010 x1.00] LOG  [CameraGameFeel] Shake: intensity=0.20 duration=0.250s
[  8933   47.010 x1.00] LOG  [Combat] Hit react: HitReact_Heavy_2Leg (0.9s)
[  8933   47.010 x1.00] LOG  [HitReactTrace] asked for 'HitReact_Heavy_2Leg' (0.90s) — blend resolved after 0 ms, now playing a clip 1.23s long at speed 1.60, layer weight 1.00, animator.speed 1.00.
[  8933   47.010 x1.00] LOG  [CameraGameFeel] Shake: intensity=0.28 duration=0.150s
[  8933   47.010 x1.00] LOG  [CameraGameFeel] FOV punch: player damage (-3.0°)
[  8933   47.010 x1.00] LOG  [OniBoss] Hit player for 16 (ClubSwing2)
[  8933   47.010 x1.00] LOG  [OniBoss:ClubPos] ClubSwing2 at strike: club tip 0.09m up, 1.82m in front, 2.41m to his right (3.02m out from his centre). Club faces 4deg from his forward, pitch -0.88. (the ground wave is born 1.6m in front of him at 0.35m.)
[  8933   47.010 x1.00] LOG  [OniBoss:Layer] ClubSwing2: club connected — this swing's wave is cancelled.
[  9093   47.793 x1.00] LOG  [OniBoss] Attack → Recovery
[  9093   47.793 x1.00] LOG  [OniBoss] Playing animation: Watch
[  9093   47.793 x1.00] LOG  [OniBoss:Trail] trail END at clip 0.99, fading over 0.40s.
[  9093   47.793 x1.00] LOG  [OniBoss:Strike] ClubSwing2: club tip closest to Yoru at 1.28m, clip position 0.31 | damage fires at 0.32 | clip 1.17s => MATCHED (within one or two frames)
[  9119   47.938 x1.00] LOG  [Combat] Combo 1: 10 dmg
[  9119   47.938 x1.00] LOG  [ComboTrace] START step=1 state='Combo1' queued=0 target='OniBoss' at 2.0m
[  9119   47.938 x1.00] LOG  [ComboTrace] LAUNCH OniBoss at 0.8m dist=0.77m in 0.13s
[  9120   47.945 x1.00] LOG  [OniBoss] Recovery → Chase
[  9121   47.951 x1.00] LOG  [OniBoss] hold-ground: BACKSTEP 1.5m (player 2.0m)
[  9146   48.065 x1.00] LOG  [ComboTrace] LAUNCH RESULT wanted=0.77m actually moved=0.12m — completed
[  9161   48.150 x1.00] LOG  [Combat] Queued click #1 (combo 1)
[  9161   48.150 x1.00] LOG  [ComboTrace] QUEUED #1 during step 1
[  9218   48.399 x1.00] LOG  [Combat] Queued click #2 (combo 1)
[  9218   48.399 x1.00] LOG  [ComboTrace] QUEUED #2 during step 1
[  9248   48.547 x1.00] LOG  OniBoss took 10 damage. HP: 440/500
[  9248   48.547 x1.00] LOG  [OniBoss] Chase → HitReact
[  9248   48.547 x1.00] LOG  [OniBoss:Layer] react tier: LIGHT (10 dmg) → 'Hit_react_light'
[  9248   48.547 x1.00] LOG  [Combat] Hit OniBoss for 10
[  9248   48.547 x1.00] LOG  [CameraGameFeel] Shake: intensity=0.15 duration=0.150s
[  9248   48.547 x1.00] LOG  [CameraGameFeel] FOV punch: hit light (+1.5°)
[  9263   48.617 x1.00] LOG  [ComboTrace] CLICK IGNORED (step=1 queued=2)
[  9288   48.756 x1.00] LOG  🐾 VFX_AttackPaw triggered!
[  9308   48.858 x1.00] LOG  
==================== [FREEZE-DEBUG v3] ====================
  Reason : WASD-NOMOVE: WASD recent + speed 0.00m/s for 0.40s
  Time   : 44.908s   Frame: 9308   Snaps: 60
===========================================================

--- CURRENT STATE ---
  Flags: atk=True hvy=False dod=False dsh=False
         grd=False hit=False aerial=False lockPos=False
         comboStep=1
  Anim : speed=1.00  combatLayer hash=726050830 normT=0.715 weight=1.00 inTransition=False
  CC   : grounded=True  enabled=True  pos=(463.63, 0.05, 424.06)  vel=(0.00, 0.00, 0.00)
  Move : IsRunning=False
  Input: H=1.00 V=0.00  LMB=True MMB=False Q=False Sp=True Sh=False C=False
         WASD pressed in last 0.5s: True (last 0.00s ago)

--- FLIGHT RECORDER (60 snapshots, oldest first, dt=0.10s) ---
  Legend: flags = A(tk) H(vy) D(od) S(sh) G(rd) R(eact) Y(aerial) L(ock)   gnd/cc: Y/n
  t-now    flags     step gnd cc anSp normT layW tr | posX     posZ     spd   | H    V    LMB MMB Q  Sp Sh C
  ------   --------  ---- --- -- ---- ----- ---- -- | -----    -----    ----  | ---- ---- --- --- -- -- -- -
  - 6.13s  --------    0  Y   Y  1.00  0.21 1.00 -  |   464.3    423.0  0.00 | -1.0  0.0 0   0   0  0  0  0
  - 6.03s  --------    0  Y   Y  1.00  0.31 1.00 -  |   464.2    422.8  0.00 | -1.0  0.0 0   0   0  0  0  0
  - 5.92s  --------    0  Y   Y  1.00  0.41 1.00 -  |   464.1    422.7  0.00 | -1.0  0.0 0   0   0  0  0  0
  - 5.82s  --------    0  Y   Y  1.00  0.52 1.00 -  |   463.9    422.5  0.00 | -1.0  0.0 0   0   0  0  0  0
  - 5.72s  --------    0  Y   Y  1.00  0.62 1.00 -  |   463.8    422.4  0.00 | -1.0  0.0 0   0   0  0  0  0
  - 5.61s  --------    0  Y   Y  1.00  0.73 1.00 -  |   463.6    422.2  0.00 | -1.0  0.0 0   0   0  0  0  0
  - 5.51s  --------    0  Y   Y  1.00  0.83 1.00 -  |   463.5    422.1  0.00 | -1.0  0.0 0   0   0  0  0  0
  - 5.41s  --------    0  Y   Y  1.00  0.93 1.00 -  |   463.4    422.0  0.00 |  1.0  0.0 0   0   0  0  0  0
  - 5.30s  --------    0  Y   Y  1.00  1.04 1.00 -  |   463.5    422.1  0.00 |  1.0  0.0 0   0   0  0  0  0
  - 5.20s  --------    0  Y   Y  1.00  1.14 1.00 -  |   463.7    422.3  0.00 |  1.0  0.0 0   0   0  0  0  0
  - 5.10s  --------    0  Y   Y  1.00  1.24 1.00 -  |   463.9    422.5  0.00 |  1.0  0.0 0   0   0  0  1  0
  - 5.00s  --------    0  Y   Y  1.00  1.34 1.00 -  |   464.4    423.0  0.00 |  1.0  0.0 0   0   0  0  1  0
  - 4.90s  --------    0  Y   Y  1.00  1.44 1.00 -  |   464.6    423.2  0.00 |  1.0  0.0 0   0   0  0  1  0
  - 4.80s  --------    0  Y   Y  1.00  1.54 1.00 -  |   464.5    423.2  0.00 |  1.0  0.0 0   0   0  0  1  0
  - 4.69s  --------    0  Y   Y  1.00  1.65 1.00 -  |   464.5    423.2  0.00 |  1.0  0.0 0   0   0  0  1  0
  - 4.59s  --------    0  n   Y  1.00  1.75 1.00 -  |   464.5    423.2  0.00 |  1.0  0.0 0   0   0  1  1  0
  - 4.49s  --------    0  n   Y  1.00  1.85 1.00 -  |   464.5    423.2  0.00 |  1.0  0.0 0   0   0  1  1  0
  - 4.39s  --------    0  n   Y  1.00  1.95 1.00 -  |   464.5    423.3  0.00 |  1.0  0.0 0   0   0  0  1  0
  - 4.29s  --------    0  n   Y  1.00  2.05 1.00 -  |   464.5    423.3  0.00 |  1.0  0.0 0   0   0  0  1  0
  - 4.19s  --------    0  n   Y  1.00  2.15 1.00 -  |   464.5    423.3  0.00 |  1.0  0.0 0   0   0  1  1  0
  - 4.09s  --------    0  n   Y  1.00  2.26 1.00 -  |   464.4    423.3  0.00 |  1.0  0.0 0   0   0  0  1  0
  - 3.98s  --------    0  n   Y  1.00  2.36 1.00 -  |   464.4    423.4  0.00 |  1.0  0.0 0   0   0  1  1  0
  - 3.88s  --------    0  n   Y  1.00  2.46 1.00 -  |   464.4    423.4  0.00 |  1.0  0.0 0   0   0  1  1  0
  - 3.78s  --------    0  n   Y  1.00  2.56 1.00 -  |   464.3    423.5  0.00 |  1.0  0.0 0   0   0  0  1  0
  - 3.67s  --------    0  n   Y  1.00  2.66 1.00 -  |   464.3    423.6  0.00 |  1.0  0.0 1   0   0  0  1  0
  - 3.57s  --------    0  Y   Y  1.00  2.77 1.00 -  |   464.2    423.7  0.00 |  1.0  0.0 1   0   0  0  1  0
  - 3.47s  A-------    1  n   Y  1.00  0.07 1.00 -  |   464.0    423.7  8.11 |  1.0  0.0 1   0   0  0  1  0
  - 3.36s  A-------    1  n   Y  1.00  0.15 1.00 -  |   463.9    423.7  0.00 |  1.0  0.0 1   0   0  0  1  0
  - 3.26s  A-------    1  n   Y  1.00  0.24 1.00 -  |   463.7    423.7  0.00 |  1.0  0.0 1   0   0  0  1  0
  - 3.16s  A-------    1  n   Y  1.00  0.32 1.00 -  |   463.6    423.8  0.00 |  1.0  0.0 0   0   0  0  0  0
  - 3.06s  A-------    1  n   Y  1.00  0.41 1.00 -  |   463.5    424.0  0.00 |  1.0  0.0 0   0   0  0  0  0
  - 2.95s  A-------    1  Y   Y  1.00  0.49 1.00 -  |   463.5    424.0  0.00 |  1.0  0.0 1   0   0  0  0  0
  - 2.85s  -----R--    0  Y   Y  1.00  0.54 1.00 T  |   463.5    424.0  0.00 |  1.0  0.0 1   0   0  0  0  0
  - 2.74s  -----R--    0  Y   Y  1.00  0.09 1.00 -  |   463.5    424.0  0.00 |  1.0  0.0 0   0   0  1  0  0
  - 2.64s  -----R--    0  Y   Y  1.00  0.18 1.00 -  |   463.5    424.0  0.00 |  1.0  0.0 1   0   0  0  0  0
  - 2.54s  -----R--    0  Y   Y  1.00  0.26 1.00 -  |   463.5    424.0  0.00 |  1.0  0.0 0   0   0  0  0  0
  - 2.43s  -----R--    0  Y   Y  1.00  0.35 1.00 -  |   463.5    424.0  0.00 |  1.0  0.0 1   0   0  1  0  0
  - 2.33s  --------    0  Y   Y  1.00  0.43 1.00 T  |   463.5    424.0  0.00 |  1.0  0.0 1   0   0  0  0  0
  - 2.23s  A-------    1  Y   Y  1.00  0.06 1.00 -  |   463.5    424.0  0.00 |  1.0  0.0 0   0   0  0  0  0
  - 2.13s  A-------    1  Y   Y  1.00  0.14 1.00 -  |   463.5    424.0  0.00 |  1.0  0.0 1   0   0  1  0  0
  - 2.02s  A-------    1  Y   Y  1.00  0.22 1.00 -  |   463.5    424.0  0.00 |  1.0  0.0 0   0   0  0  0  0
  - 1.92s  A-------    1  Y   Y  1.00  0.31 1.00 -  |   463.5    424.0  0.00 |  1.0  0.0 1   0   0  1  1  0
  - 1.82s  -----R--    0  Y   Y  1.00  0.02 1.00 -  |   463.5    424.0  0.00 |  1.0  0.0 0   0   0  1  1  0
  - 1.71s  -----R--    0  Y   Y  1.00  0.11 1.00 -  |   463.5    424.0  0.00 |  1.0  0.0 0   0   0  0  0  0
  - 1.61s  -----R--    0  Y   Y  1.00  0.19 1.00 -  |   463.5    424.0  0.00 |  1.0  0.0 1   0   0  1  0  0
  - 1.51s  -----R--    0  Y   Y  1.00  0.28 1.00 -  |   463.5    424.0  0.00 |  1.0  0.0 0   0   0  0  0  0
  - 1.40s  -----R--    0  Y   Y  1.00  0.36 1.00 -  |   463.5    424.0  0.00 |  1.0  0.0 1   0   0  0  0  0
  - 1.30s  -----R--    0  Y   Y  1.00  0.45 1.00 -  |   463.5    424.0  0.00 |  1.0  0.0 0   0   0  1  0  0
  - 1.19s  -----R--    0  Y   Y  1.00  0.53 1.00 -  |   463.5    424.0  0.00 |  1.0  0.0 1   0   0  0  0  0
  - 1.09s  -----R--    0  Y   Y  1.00  0.62 1.00 -  |   463.5    424.0  0.00 |  1.0  0.0 0   0   0  0  0  0
  - 0.99s  -----R--    0  Y   Y  1.00  0.71 1.00 -  |   463.5    424.0  0.00 |  1.0  0.0 1   0   0  1  0  0
  - 0.89s  A-------    1  Y   Y  1.00  0.77 1.00 T  |   463.5    424.0  0.00 |  1.0  0.0 0   0   0  0  0  0
  - 0.79s  A-------    1  Y   Y  1.00  0.10 1.00 -  |   463.6    424.1  0.00 |  1.0  0.0 1   0   0  1  0  0
  - 0.69s  A-------    1  Y   Y  1.00  0.19 1.00 -  |   463.6    424.1  0.00 |  1.0  0.0 0   0   0  0  0  0
  - 0.58s  A-------    1  Y   Y  1.00  0.27 1.00 -  |   463.6    424.1  0.00 |  1.0  0.0 1   0   0  0  0  0
  - 0.48s  A-------    1  Y   Y  1.00  0.36 1.00 -  |   463.6    424.1  0.00 |  1.0  0.0 1   0   0  1  0  0
  - 0.38s  A-------    1  Y   Y  1.00  0.44 1.00 -  |   463.6    424.1  0.00 |  1.0  0.0 0   0   0  0  0  0
  - 0.27s  A-------    1  Y   Y  0.00  0.50 1.00 -  |   463.6    424.1  0.00 |  1.0  0.0 1   0   0  1  0  0
  - 0.17s  A-------    1  Y   Y  1.00  0.57 1.00 -  |   463.6    424.1  0.00 |  1.0  0.0 0   0   0  0  0  0
  - 0.07s  A-------    1  Y   Y  1.00  0.66 1.00 -  |   463.6    424.1  0.00 |  1.0  0.0 1   0   0  0  0  0
=========================================================== END

[  9311   48.874 x1.00] LOG  [ComboTrace] CLICK IGNORED (step=1 queued=2)
[  9314   48.894 x1.00] LOG  [Combat] Combo 2: 20 dmg
[  9314   48.894 x1.00] LOG  [ComboTrace] START step=2 state='Combo2' queued=1 target='OniBoss' at 2.8m
[  9314   48.894 x1.00] LOG  [ComboTrace] LAUNCH OniBoss at 1.5m dist=1.52m in 0.15s
[  9343   49.041 x1.00] LOG  [ComboTrace] LAUNCH RESULT wanted=1.52m actually moved=0.83m — completed
[  9357   49.107 x1.00] LOG  [Combat] Queued click #2 (combo 2)
[  9357   49.107 x1.00] LOG  [ComboTrace] QUEUED #2 during step 2
[  9394   49.291 x1.00] LOG  [ComboTrace] CLICK IGNORED (step=2 queued=2)
[  9406   49.365 x1.00] LOG  [OniBoss] HitReact → Chase
[  9407   49.373 x1.00] LOG  [OniBoss] Playing animation: Watch
[  9438   49.526 x1.00] LOG  [ComboTrace] CLICK IGNORED (step=2 queued=2)
[  9477   49.712 x1.00] LOG  🐾🐾 VFX_TowPaw triggered!
[  9480   49.734 x1.00] LOG  [ComboTrace] CLICK IGNORED (step=2 queued=2)
[  9480   49.734 x1.00] LOG  OniBoss took 20 damage. HP: 420/500
[  9480   49.734 x1.00] LOG  [OniBoss] Chase → HitReact
[  9480   49.734 x1.00] LOG  [OniBoss:Layer] react tier: MEDIUM (20 dmg) → 'HitReact_medium'
[  9480   49.734 x1.00] LOG  [Combat] Hit OniBoss for 20
[  9480   49.734 x1.00] LOG  [CameraGameFeel] Shake: intensity=0.15 duration=0.150s
[  9480   49.734 x1.00] LOG  [CameraGameFeel] FOV punch: hit light (+1.5°)
[  9511   49.897 x1.00] LOG  [Combat] Safety: movement stuck 1.0s (atk=True dod=False dsh=False hvy=False hit=False animSpeed=1) — forcing reset
[  9511   49.897 x1.00] LOG  [Combat] Combat reset
[  9524   49.980 x1.00] LOG  [Combat] Combo 1: 10 dmg
[  9524   49.980 x1.00] LOG  [ComboTrace] START step=1 state='Combo1' queued=0 target='OniBoss' at 2.4m
[  9524   49.980 x1.00] LOG  [ComboTrace] LAUNCH OniBoss at 0.9m dist=0.92m in 0.13s
[  9552   50.108 x1.00] LOG  [ComboTrace] LAUNCH RESULT wanted=0.92m actually moved=0.16m — completed
[  9576   50.222 x1.00] LOG  [Combat] Queued click #1 (combo 1)
[  9576   50.222 x1.00] LOG  [ComboTrace] QUEUED #1 during step 1
[  9626   50.473 x1.00] LOG  [Combat] Queued click #2 (combo 1)
[  9626   50.473 x1.00] LOG  [ComboTrace] QUEUED #2 during step 1
[  9638   50.534 x1.00] LOG  [OniBoss] HitReact → Chase
[  9639   50.538 x1.00] LOG  [OniBoss] Playing animation: Watch
[  9648   50.589 x1.00] LOG  OniBoss took 10 damage. HP: 410/500
[  9648   50.589 x1.00] LOG  [OniBoss] 🤕 Hit during Chase — flash only
[  9648   50.589 x1.00] LOG  [Combat] Hit OniBoss for 10
[  9648   50.589 x1.00] LOG  [CameraGameFeel] Shake: intensity=0.15 duration=0.150s
[  9648   50.589 x1.00] LOG  [CameraGameFeel] FOV punch: hit light (+1.5°)
[  9663   50.650 x1.00] LOG  [ComboTrace] CLICK IGNORED (step=1 queued=2)
[  9690   50.787 x1.00] LOG  🐾 VFX_AttackPaw triggered!
[  9711   50.910 x1.00] LOG  [ComboTrace] CLICK IGNORED (step=1 queued=2)
[  9715   50.927 x1.00] LOG  [Combat] Combo 2: 20 dmg
[  9715   50.927 x1.00] LOG  [ComboTrace] START step=2 state='Combo2' queued=1 target='OniBoss' at 2.0m
[  9715   50.927 x1.00] LOG  [ComboTrace] LAUNCH OniBoss at 0.8m dist=0.78m in 0.13s
[  9719   50.950 x1.00] LOG  [OniBoss] Chase → Attack
[  9719   50.950 x1.00] LOG  [OniBoss] Attack: ClubSlam (20 dmg)
[  9719   50.950 x1.00] LOG  [OniBoss:Trail] ClubSlam trail START at clip 0.24 (transition done).
[  9740   51.061 x1.00] LOG  [ComboTrace] LAUNCH RESULT wanted=0.78m actually moved=0.00m — completed
[  9749   51.093 x1.00] LOG  [Combat] Queued click #2 (combo 2)
[  9749   51.093 x1.00] LOG  [ComboTrace] QUEUED #2 during step 2
[  9796   51.310 x1.00] LOG  [ComboTrace] CLICK IGNORED (step=2 queued=2)
[  9851   51.571 x1.00] LOG  [ComboTrace] CLICK IGNORED (step=2 queued=2)
[  9882   51.725 x1.00] LOG  [ComboTrace] CLICK IGNORED (step=2 queued=2)
[  9885   51.744 x1.00] LOG  [CameraGameFeel] Shake: intensity=0.50 duration=0.400s
[  9885   51.744 x1.00] LOG  [Combat] Hit react: HitReact_Heavy_2Leg (0.9s)
[  9885   51.744 x1.00] LOG  [HitReactTrace] asked for 'HitReact_Heavy_2Leg' (0.90s) — blend resolved after 0 ms, now playing a clip 1.75s long at speed 1.60, layer weight 1.00, animator.speed 1.00.
[  9885   51.744 x1.00] LOG  [CameraGameFeel] Shake: intensity=0.28 duration=0.150s
[  9885   51.744 x1.00] LOG  [CameraGameFeel] FOV punch: player damage (-3.0°)
[  9885   51.744 x1.00] LOG  [OniBoss] Hit player for 20 (ClubSlam)
[  9885   51.744 x1.00] LOG  [OniBoss:ClubPos] ClubSlam at strike: club tip 0.53m up, 2.91m in front, -0.12m to his right (2.91m out from his centre). Club faces 8deg from his forward, pitch -0.26. (the ground wave is born 1.6m in front of him at 0.35m.)
[  9885   51.744 x1.00] LOG  [OniBoss:Layer] ClubSlam: club connected — this swing's wave is cancelled.
[  9885   51.744 x1.00] LOG  🐾🐾 VFX_TowPaw triggered!
[  9889   51.764 x1.00] LOG  OniBoss took 10 damage. HP: 400/500
[  9889   51.764 x1.00] LOG  [OniBoss] 🤕 Hit during Attack — flash only
[  9889   51.764 x1.00] LOG  [Combat] Hit OniBoss for 10
[  9889   51.764 x1.00] LOG  [CameraGameFeel] Shake: intensity=0.15 duration=0.150s
[  9889   51.764 x1.00] LOG  [CameraGameFeel] FOV punch: hit light (+1.5°)
[  9920   51.914 x1.00] LOG  [OniBoss] Attack → Recovery
[  9920   51.914 x1.00] LOG  [OniBoss] Playing animation: Watch
[  9920   51.914 x1.00] LOG  [OniBoss:Trail] trail END at clip 1.00, fading over 0.40s.
[  9920   51.914 x1.00] LOG  [OniBoss:Strike] ClubSlam: club tip closest to Yoru at 0.25m, clip position 0.94 | damage fires at 0.85 | clip 0.93s => damage fires 84 ms BEFORE the club is closest
[  9947   52.064 x1.00] LOG  [OniBoss] Recovery → Chase
[  9948   52.067 x1.00] LOG  [OniBoss] hold-ground: BACKSTEP 1.5m (player 2.0m)
[ 10072   52.745 x1.00] LOG  [Combat] Combo 1: 10 dmg
[ 10072   52.745 x1.00] LOG  [ComboTrace] START step=1 state='Combo1' queued=0 target='OniBoss' at 3.1m
[ 10072   52.745 x1.00] LOG  [ComboTrace] LAUNCH OniBoss at 1.6m dist=1.58m in 0.16s
[ 10105   52.902 x1.00] LOG  [ComboTrace] LAUNCH RESULT wanted=1.58m actually moved=1.11m — completed
[ 10125   53.007 x1.00] LOG  [Combat] Queued click #1 (combo 1)
[ 10125   53.007 x1.00] LOG  [ComboTrace] QUEUED #1 during step 1
[ 10126   53.012 x1.00] LOG  [OniBoss] hold-ground: backstep done (1.51m), WATCH (player 2.2m, cooldown 2.1s)
[ 10126   53.012 x1.00] LOG  [OniBoss] Playing animation: Watch
[ 10174   53.230 x1.00] LOG  [Combat] Queued click #2 (combo 1)
[ 10174   53.230 x1.00] LOG  [ComboTrace] QUEUED #2 during step 1
[ 10188   53.296 x1.00] LOG  
==================== [FREEZE-DEBUG v3] ====================
  Reason : WASD-NOMOVE: WASD recent + speed 0.00m/s for 0.40s
  Time   : 49.346s   Frame: 10188   Snaps: 60
===========================================================

--- CURRENT STATE ---
  Flags: atk=True hvy=False dod=False dsh=False
         grd=False hit=False aerial=False lockPos=False
         comboStep=1
  Anim : speed=1.00  combatLayer hash=726050830 normT=0.444 weight=1.00 inTransition=False
  CC   : grounded=True  enabled=True  pos=(466.05, 0.05, 424.58)  vel=(0.00, 0.00, 0.00)
  Move : IsRunning=False
  Input: H=1.00 V=0.00  LMB=False MMB=False Q=False Sp=False Sh=False C=False
         WASD pressed in last 0.5s: True (last 0.00s ago)

--- FLIGHT RECORDER (60 snapshots, oldest first, dt=0.10s) ---
  Legend: flags = A(tk) H(vy) D(od) S(sh) G(rd) R(eact) Y(aerial) L(ock)   gnd/cc: Y/n
  t-now    flags     step gnd cc anSp normT layW tr | posX     posZ     spd   | H    V    LMB MMB Q  Sp Sh C
  ------   --------  ---- --- -- ---- ----- ---- -- | -----    -----    ----  | ---- ---- --- --- -- -- -- -
  - 6.15s  -----R--    0  Y   Y  1.00  0.11 1.00 -  |   463.5    424.0  0.00 |  1.0  0.0 0   0   0  0  0  0
  - 6.05s  -----R--    0  Y   Y  1.00  0.19 1.00 -  |   463.5    424.0  0.00 |  1.0  0.0 1   0   0  1  0  0
  - 5.95s  -----R--    0  Y   Y  1.00  0.28 1.00 -  |   463.5    424.0  0.00 |  1.0  0.0 0   0   0  0  0  0
  - 5.84s  -----R--    0  Y   Y  1.00  0.36 1.00 -  |   463.5    424.0  0.00 |  1.0  0.0 1   0   0  0  0  0
  - 5.74s  -----R--    0  Y   Y  1.00  0.45 1.00 -  |   463.5    424.0  0.00 |  1.0  0.0 0   0   0  1  0  0
  - 5.63s  -----R--    0  Y   Y  1.00  0.53 1.00 -  |   463.5    424.0  0.00 |  1.0  0.0 1   0   0  0  0  0
  - 5.53s  -----R--    0  Y   Y  1.00  0.62 1.00 -  |   463.5    424.0  0.00 |  1.0  0.0 0   0   0  0  0  0
  - 5.43s  -----R--    0  Y   Y  1.00  0.71 1.00 -  |   463.5    424.0  0.00 |  1.0  0.0 1   0   0  1  0  0
  - 5.33s  A-------    1  Y   Y  1.00  0.77 1.00 T  |   463.5    424.0  0.00 |  1.0  0.0 0   0   0  0  0  0
  - 5.23s  A-------    1  Y   Y  1.00  0.10 1.00 -  |   463.6    424.1  0.00 |  1.0  0.0 1   0   0  1  0  0
  - 5.13s  A-------    1  Y   Y  1.00  0.19 1.00 -  |   463.6    424.1  0.00 |  1.0  0.0 0   0   0  0  0  0
  - 5.02s  A-------    1  Y   Y  1.00  0.27 1.00 -  |   463.6    424.1  0.00 |  1.0  0.0 1   0   0  0  0  0
  - 4.92s  A-------    1  Y   Y  1.00  0.36 1.00 -  |   463.6    424.1  0.00 |  1.0  0.0 1   0   0  1  0  0
  - 4.81s  A-------    1  Y   Y  1.00  0.44 1.00 -  |   463.6    424.1  0.00 |  1.0  0.0 0   0   0  0  0  0
  - 4.71s  A-------    1  Y   Y  0.00  0.50 1.00 -  |   463.6    424.1  0.00 |  1.0  0.0 1   0   0  1  0  0
  - 4.61s  A-------    1  Y   Y  1.00  0.57 1.00 -  |   463.6    424.1  0.00 |  1.0  0.0 0   0   0  0  0  0
  - 4.51s  A-------    1  Y   Y  1.00  0.66 1.00 -  |   463.6    424.1  0.00 |  1.0  0.0 1   0   0  0  0  0
  - 4.40s  A-------    1  Y   Y  1.00  0.74 1.00 -  |   463.6    424.1  0.00 |  1.0  0.0 0   0   0  1  0  0
  - 4.30s  A-------    2  Y   Y  1.00  0.05 1.00 -  |   464.4    424.2  0.00 |  1.0  0.0 1   0   0  0  0  0
  - 4.20s  A-------    2  Y   Y  1.00  0.11 1.00 -  |   464.4    424.2  0.00 |  1.0  0.0 1   0   0  0  0  0
  - 4.09s  A-------    2  Y   Y  1.00  0.17 1.00 -  |   464.4    424.2  0.00 |  1.0  0.0 0   0   0  1  0  0
  - 3.99s  A-------    2  Y   Y  1.00  0.23 1.00 -  |   464.4    424.2  0.00 |  1.0  0.0 0   0   0  0  0  0
  - 3.89s  A-------    2  Y   Y  1.00  0.29 1.00 -  |   464.4    424.2  0.00 |  1.0  0.0 0   0   0  0  0  0
  - 3.78s  A-------    2  Y   Y  1.00  0.35 1.00 -  |   464.4    424.2  0.00 |  1.0  0.0 1   0   0  1  0  0
  - 3.67s  A-------    2  Y   Y  1.00  0.41 1.00 -  |   464.4    424.2  0.00 |  1.0  0.0 1   0   0  0  0  0
  - 3.56s  A-------    2  Y   Y  1.00  0.47 1.00 -  |   464.4    424.2  0.00 |  1.0  0.0 0   0   0  1  0  0
  - 3.46s  A-------    2  Y   Y  1.00  0.51 1.00 -  |   464.4    424.2  0.00 |  1.0  0.0 0   0   0  0  0  0
  - 3.36s  --------    0  Y   Y  1.00  0.57 1.00 T  |   464.5    424.3  0.00 |  1.0  0.0 1   0   0  1  0  0
  - 3.26s  A-------    1  Y   Y  1.00  0.05 1.00 -  |   464.8    424.3  0.00 |  1.0  0.0 0   0   0  0  0  0
  - 3.15s  A-------    1  Y   Y  1.00  0.13 1.00 -  |   464.8    424.3  0.00 |  1.0  0.0 1   0   0  0  0  0
  - 3.05s  A-------    1  Y   Y  1.00  0.21 1.00 -  |   464.8    424.3  0.00 |  1.0  0.0 0   0   0  1  0  0
  - 2.94s  A-------    1  Y   Y  1.00  0.30 1.00 -  |   464.8    424.3  0.00 |  1.0  0.0 1   0   0  0  0  0
  - 2.84s  A-------    1  Y   Y  1.00  0.38 1.00 -  |   464.8    424.3  0.00 |  1.0  0.0 1   0   0  1  0  0
  - 2.73s  A-------    1  Y   Y  1.00  0.47 1.00 -  |   464.8    424.3  0.00 |  1.0  0.0 1   0   0  0  0  0
  - 2.63s  A-------    1  Y   Y  1.00  0.53 1.00 -  |   464.8    424.3  0.00 |  1.0  0.0 0   0   0  1  0  0
  - 2.53s  A-------    1  Y   Y  1.00  0.61 1.00 -  |   464.8    424.3  0.00 |  1.0  0.0 1   0   0  0  0  0
  - 2.42s  A-------    1  Y   Y  1.00  0.69 1.00 -  |   464.8    424.3  0.00 |  1.0  0.0 1   0   0  1  0  0
  - 2.32s  A-------    2  Y   Y  1.00  0.78 1.00 T  |   464.8    424.3  0.00 |  1.0  0.0 1   0   0  1  0  0
  - 2.22s  A-------    2  Y   Y  1.00  0.08 1.00 -  |   464.8    424.3  0.00 |  1.0  0.0 1   0   0  0  0  0
  - 2.12s  A-------    2  Y   Y  1.00  0.14 1.00 -  |   464.8    424.3  0.00 |  1.0  0.0 0   0   0  1  0  0
  - 2.01s  A-------    2  Y   Y  1.00  0.20 1.00 -  |   464.8    424.3  0.00 |  1.0  0.0 1   0   0  0  0  0
  - 1.91s  A-------    2  Y   Y  1.00  0.26 1.00 -  |   464.8    424.3  0.00 |  1.0  0.0 0   0   0  1  0  0
  - 1.81s  A-------    2  Y   Y  1.00  0.31 1.00 -  |   464.8    424.3  0.00 |  1.0  0.0 1   0   0  0  0  0
  - 1.71s  A-------    2  Y   Y  1.00  0.37 1.00 -  |   464.8    424.3  0.00 |  1.0  0.0 0   0   0  1  0  0
  - 1.60s  A-------    2  Y   Y  1.00  0.43 1.00 -  |   464.8    424.3  0.00 |  1.0  0.0 1   0   0  1  0  0
  - 1.50s  -----R--    0  Y   Y  0.00  0.02 1.00 -  |   464.8    424.3  0.00 |  1.0  0.0 0   0   0  0  0  0
  - 1.40s  -----R--    0  Y   Y  1.00  0.09 1.00 -  |   464.8    424.3  0.00 |  1.0  0.0 1   0   0  1  0  0
  - 1.30s  -----R--    0  Y   Y  1.00  0.17 1.00 -  |   464.8    424.3  0.00 |  1.0  0.0 1   0   0  0  0  0
  - 1.20s  -----R--    0  Y   Y  1.00  0.25 1.00 -  |   464.8    424.3  0.00 |  1.0  0.0 0   0   0  0  0  0
  - 1.10s  -----R--    0  Y   Y  1.00  0.34 1.00 -  |   464.8    424.3  0.00 |  1.0  0.0 0   0   0  1  0  0
  - 1.00s  -----R--    0  Y   Y  1.00  0.42 1.00 -  |   464.8    424.3  0.00 |  1.0  0.0 1   0   0  0  0  0
  - 0.90s  -----R--    0  Y   Y  1.00  0.51 1.00 -  |   464.8    424.3  0.00 |  1.0  0.0 0   0   0  1  0  0
  - 0.79s  -----R--    0  Y   Y  1.00  0.59 1.00 -  |   464.8    424.3  0.00 |  1.0  0.0 1   0   0  1  0  0
  - 0.69s  -----R--    0  Y   Y  1.00  0.68 1.00 -  |   464.8    424.3  0.00 |  1.0  0.0 0   0   0  0  0  0
  - 0.58s  --------    0  Y   Y  1.00  0.77 1.00 T  |   464.9    424.4  0.00 |  1.0  0.0 1   0   0  1  0  0
  - 0.48s  A-------    1  Y   Y  1.00  0.05 1.00 -  |   465.9    424.6  0.00 |  1.0  0.0 0   0   0  0  0  0
  - 0.38s  A-------    1  Y   Y  1.00  0.14 1.00 -  |   466.1    424.6  0.00 |  1.0  0.0 1   0   0  1  0  0
  - 0.28s  A-------    1  Y   Y  1.00  0.22 1.00 -  |   466.1    424.6  0.00 |  1.0  0.0 0   0   0  0  0  0
  - 0.17s  A-------    1  Y   Y  1.00  0.30 1.00 -  |   466.1    424.6  0.00 |  1.0  0.0 1   0   0  1  0  0
  - 0.07s  A-------    1  Y   Y  1.00  0.39 1.00 -  |   466.1    424.6  0.00 |  1.0  0.0 1   0   0  0  0  0
=========================================================== END

[ 10199   53.355 x1.00] LOG  OniBoss took 10 damage. HP: 390/500
[ 10199   53.355 x1.00] LOG  [OniBoss] Chase → HitReact
[ 10199   53.355 x1.00] LOG  [OniBoss:Layer] react tier: LIGHT (10 dmg) → 'Hit_react_light'
[ 10199   53.355 x1.00] LOG  [Combat] Hit OniBoss for 10
[ 10199   53.355 x1.00] LOG  [CameraGameFeel] Shake: intensity=0.15 duration=0.150s
[ 10199   53.355 x1.00] LOG  [CameraGameFeel] FOV punch: hit light (+1.5°)
[ 10205   53.378 x1.00] LOG  [ComboTrace] CLICK IGNORED (step=1 queued=2)
[ 10240   53.553 x1.00] LOG  🐾 VFX_AttackPaw triggered!
[ 10266   53.695 x1.00] LOG  [Combat] Combo 2: 20 dmg
[ 10266   53.695 x1.00] LOG  [ComboTrace] START step=2 state='Combo2' queued=1 target='OniBoss' at 2.2m
[ 10266   53.695 x1.00] LOG  [ComboTrace] LAUNCH OniBoss at 1.0m dist=0.98m in 0.13s
[ 10290   53.824 x1.00] LOG  [ComboTrace] LAUNCH RESULT wanted=0.98m actually moved=0.22m — completed
[ 10304   53.887 x1.00] LOG  [Combat] Queued click #2 (combo 2)
[ 10304   53.887 x1.00] LOG  [ComboTrace] QUEUED #2 during step 2
[ 10350   54.116 x1.00] LOG  [ComboTrace] CLICK IGNORED (step=2 queued=2)
[ 10360   54.157 x1.00] LOG  [OniBoss] HitReact → Chase
[ 10361   54.162 x1.00] LOG  [OniBoss] Playing animation: Watch
[ 10400   54.347 x1.00] LOG  [ComboTrace] CLICK IGNORED (step=2 queued=2)
[ 10432   54.510 x1.00] LOG  🐾🐾 VFX_TowPaw triggered!
[ 10436   54.534 x1.00] LOG  OniBoss took 20 damage. HP: 370/500
[ 10436   54.534 x1.00] LOG  [OniBoss] Chase → HitReact
[ 10436   54.534 x1.00] LOG  [OniBoss:Layer] react tier: MEDIUM (20 dmg) → 'HitReact_medium'
[ 10436   54.534 x1.00] LOG  [Combat] Hit OniBoss for 20
[ 10436   54.534 x1.00] LOG  [CameraGameFeel] Shake: intensity=0.15 duration=0.150s
[ 10436   54.534 x1.00] LOG  [CameraGameFeel] FOV punch: hit light (+1.5°)
[ 10528   55.033 x1.00] LOG  🐾🐾 VFX_TowPaw triggered!
[ 10537   55.072 x1.00] LOG  [Combat] Combo 3: 35 dmg
[ 10537   55.072 x1.00] LOG  [ComboTrace] START step=3 state='Combo3' queued=1 target='OniBoss' at 2.3m
[ 10537   55.072 x1.00] LOG  [ComboTrace] LAUNCH OniBoss at 1.1m dist=1.10m in 0.13s
[ 10550   55.138 x1.00] LOG  OniBoss took 35 damage. HP: 335/500
[ 10550   55.138 x1.00] LOG  [OniBoss] HitReact → Stagger
[ 10550   55.138 x1.00] LOG  [OniBoss] Playing animation: Stagger
[ 10550   55.138 x1.00] LOG  [OniBoss] STAGGERED for 2.5s
[ 10550   55.138 x1.00] LOG  [OniBoss:Layer] heavy knock-back react (35 dmg) → 'HitReact_Heavy', down for 1.80s
[ 10550   55.138 x1.00] LOG  [CameraGameFeel] Shake: intensity=0.15 duration=0.150s
[ 10550   55.138 x1.00] LOG  [CameraGameFeel] FOV punch: hit light (+1.5°)
[ 10563   55.206 x1.00] LOG  [ComboTrace] LAUNCH RESULT wanted=1.10m actually moved=0.53m — completed
[ 10643   55.627 x1.00] LOG  [ComboTrace] CLICK IGNORED (step=3 queued=1)
[ 10655   55.688 x1.00] LOG  [StormWeather] ⚡ strike at (471.39, 45.00, 437.07)
[ 10686   55.857 x1.00] LOG  [ComboTrace] CLICK IGNORED (step=3 queued=1)
[ 10691   55.885 x1.00] LOG  [ComboTrace] END step=3 clipProgress=0.96 clipLen=0.79s queued=0 elapsed=0.81s
[ 10702   55.951 x1.00] LOG  🚶 2-LEG JUMP
[ 10702   55.951 x1.00] LOG  🐾 Jump 1 VFX spawned!
[ 10720   56.044 x1.00] LOG  [ComboTrace] LAUNCH OniBoss at 1.3m dist=1.31m in 0.13s [AIRBORNE]
[ 10720   56.044 x1.00] LOG  [Combat] Aerial spin — 25 dmg
[ 10720   56.044 x1.00] LOG  OniBoss punish window! 10 → 15 (x1.5)
[ 10720   56.044 x1.00] LOG  OniBoss took 15 damage. HP: 320/500
[ 10720   56.044 x1.00] LOG  [CameraGameFeel] Shake: intensity=0.15 duration=0.150s
[ 10720   56.044 x1.00] LOG  [CameraGameFeel] FOV punch: hit light (+1.5°)
[ 10720   56.044 x1.00] LOG  [AirPosePin] engaged, holding body at 0.615m above the transform
[ 10745   56.175 x1.00] LOG  [ComboTrace] LAUNCH RESULT wanted=1.31m actually moved=1.36m — completed
[ 10750   56.195 x1.00] LOG  OniBoss punish window! 10 → 15 (x1.5)
[ 10750   56.195 x1.00] LOG  OniBoss took 15 damage. HP: 305/500
[ 10750   56.195 x1.00] LOG  [CameraGameFeel] Shake: intensity=0.05 duration=0.150s
[ 10777   56.345 x1.00] LOG  OniBoss punish window! 10 → 15 (x1.5)
[ 10777   56.345 x1.00] LOG  OniBoss took 15 damage. HP: 290/500
[ 10777   56.345 x1.00] LOG  [CameraGameFeel] Shake: intensity=0.05 duration=0.150s
[ 10855   56.795 x1.00] LOG  [ComboTrace] END step=3 clipProgress=0.90 clipLen=0.79s queued=0 elapsed=0.75s
[ 10856   56.798 x1.00] LOG  [AirPosePin] released, peak correction was -0.073m
[ 10873   56.882 x1.00] LOG  💨 Landing VFX spawned!
[ 10873   56.882 x1.00] LOG  ✅ LANDED! (was jump #1)
[ 10884   56.939 x1.00] LOG  [OniBoss] Stagger → Chase
[ 10885   56.944 x1.00] LOG  [OniBoss] Playing animation: Watch
[ 10885   56.944 x1.00] LOG  [OniBoss] Combo started: ClubSwing1 → ClubSwing2 → ClubSlam (3 steps remaining)
[ 10885   56.944 x1.00] LOG  [OniBoss] Chase → Attack
[ 10885   56.944 x1.00] LOG  [OniBoss] Attack: Club_Swing (16 dmg)
[ 10885   56.944 x1.00] LOG  [OniBoss:Trail] Club_Swing trail START at clip 1.00 (transition done).
[ 10959   57.301 x1.00] LOG  [CameraGameFeel] Shake: intensity=0.20 duration=0.250s
[ 10959   57.301 x1.00] LOG  [Combat] Hit react: HitReact_Light_4Leg (0.5s)
[ 10959   57.301 x1.00] LOG  [HitReactTrace] asked for 'HitReact_Light_4Leg' (0.50s) — blend resolved after 0 ms, now playing a clip 1.00s long at speed 1.00, layer weight 1.00, animator.speed 1.00.
[ 10959   57.301 x1.00] LOG  [CameraGameFeel] Shake: intensity=0.09 duration=0.150s
[ 10959   57.301 x1.00] LOG  [CameraGameFeel] FOV punch: player damage (-2.0°)
[ 10959   57.301 x1.00] LOG  [OniBoss] Hit player for 16 (Club_Swing)
[ 10959   57.301 x1.00] LOG  [OniBoss:ClubPos] Club_Swing at strike: club tip 3.02m up, 2.83m in front, -2.76m to his right (3.95m out from his centre). Club faces -75deg from his forward, pitch 0.40. (the ground wave is born 1.6m in front of him at 0.35m.)
[ 10959   57.301 x1.00] LOG  [OniBoss:Layer] Club_Swing: club connected — this swing's wave is cancelled.
[ 11035   57.696 x1.00] LOG  
==================== [FREEZE-DEBUG v3] ====================
  Reason : WASD-NOMOVE: WASD recent + speed 0.00m/s for 0.40s
  Time   : 53.746s   Frame: 11035   Snaps: 60
===========================================================

--- CURRENT STATE ---
  Flags: atk=False hvy=False dod=False dsh=False
         grd=False hit=True aerial=False lockPos=False
         comboStep=0
  Anim : speed=1.00  combatLayer hash=-281062480 normT=0.197 weight=1.00 inTransition=False
  CC   : grounded=True  enabled=True  pos=(469.10, 0.06, 423.90)  vel=(0.00, 0.00, 0.00)
  Move : IsRunning=True
  Input: H=1.00 V=-1.00  LMB=False MMB=False Q=False Sp=True Sh=True C=False
         WASD pressed in last 0.5s: True (last 0.00s ago)

--- FLIGHT RECORDER (60 snapshots, oldest first, dt=0.10s) ---
  Legend: flags = A(tk) H(vy) D(od) S(sh) G(rd) R(eact) Y(aerial) L(ock)   gnd/cc: Y/n
  t-now    flags     step gnd cc anSp normT layW tr | posX     posZ     spd   | H    V    LMB MMB Q  Sp Sh C
  ------   --------  ---- --- -- ---- ----- ---- -- | -----    -----    ----  | ---- ---- --- --- -- -- -- -
  - 6.11s  A-------    2  Y   Y  1.00  0.37 1.00 -  |   464.8    424.3  0.00 |  1.0  0.0 0   0   0  1  0  0
  - 6.00s  A-------    2  Y   Y  1.00  0.43 1.00 -  |   464.8    424.3  0.00 |  1.0  0.0 1   0   0  1  0  0
  - 5.90s  -----R--    0  Y   Y  0.00  0.02 1.00 -  |   464.8    424.3  0.00 |  1.0  0.0 0   0   0  0  0  0
  - 5.80s  -----R--    0  Y   Y  1.00  0.09 1.00 -  |   464.8    424.3  0.00 |  1.0  0.0 1   0   0  1  0  0
  - 5.70s  -----R--    0  Y   Y  1.00  0.17 1.00 -  |   464.8    424.3  0.00 |  1.0  0.0 1   0   0  0  0  0
  - 5.60s  -----R--    0  Y   Y  1.00  0.25 1.00 -  |   464.8    424.3  0.00 |  1.0  0.0 0   0   0  0  0  0
  - 5.50s  -----R--    0  Y   Y  1.00  0.34 1.00 -  |   464.8    424.3  0.00 |  1.0  0.0 0   0   0  1  0  0
  - 5.40s  -----R--    0  Y   Y  1.00  0.42 1.00 -  |   464.8    424.3  0.00 |  1.0  0.0 1   0   0  0  0  0
  - 5.30s  -----R--    0  Y   Y  1.00  0.51 1.00 -  |   464.8    424.3  0.00 |  1.0  0.0 0   0   0  1  0  0
  - 5.19s  -----R--    0  Y   Y  1.00  0.59 1.00 -  |   464.8    424.3  0.00 |  1.0  0.0 1   0   0  1  0  0
  - 5.09s  -----R--    0  Y   Y  1.00  0.68 1.00 -  |   464.8    424.3  0.00 |  1.0  0.0 0   0   0  0  0  0
  - 4.98s  --------    0  Y   Y  1.00  0.77 1.00 T  |   464.9    424.4  0.00 |  1.0  0.0 1   0   0  1  0  0
  - 4.88s  A-------    1  Y   Y  1.00  0.05 1.00 -  |   465.9    424.6  0.00 |  1.0  0.0 0   0   0  0  0  0
  - 4.78s  A-------    1  Y   Y  1.00  0.14 1.00 -  |   466.1    424.6  0.00 |  1.0  0.0 1   0   0  1  0  0
  - 4.68s  A-------    1  Y   Y  1.00  0.22 1.00 -  |   466.1    424.6  0.00 |  1.0  0.0 0   0   0  0  0  0
  - 4.57s  A-------    1  Y   Y  1.00  0.30 1.00 -  |   466.1    424.6  0.00 |  1.0  0.0 1   0   0  1  0  0
  - 4.47s  A-------    1  Y   Y  1.00  0.39 1.00 -  |   466.1    424.6  0.00 |  1.0  0.0 1   0   0  0  0  0
  - 4.37s  A-------    1  Y   Y  1.00  0.47 1.00 -  |   466.1    424.6  0.00 |  1.0  0.0 1   0   0  0  0  0
  - 4.27s  A-------    1  Y   Y  1.00  0.52 1.00 -  |   466.1    424.6  0.00 |  0.0  0.0 0   0   0  1  0  0
  - 4.17s  A-------    1  Y   Y  1.00  0.60 1.00 -  |   466.1    424.6  0.00 |  0.0  0.0 0   0   0  0  0  0
  - 4.07s  A-------    1  Y   Y  1.00  0.69 1.00 -  |   466.1    424.6  0.00 |  0.0  0.0 0   0   0  0  0  0
  - 3.96s  A-------    2  Y   Y  1.00  0.77 1.00 T  |   466.3    424.6  0.00 |  0.0  0.0 0   0   0  0  0  0
  - 3.86s  A-------    2  Y   Y  1.00  0.07 1.00 -  |   466.3    424.6  0.00 |  0.0  0.0 1   0   0  1  0  0
  - 3.75s  A-------    2  Y   Y  1.00  0.13 1.00 -  |   466.3    424.6  0.00 |  0.0  0.0 0   0   0  0  0  0
  - 3.65s  A-------    2  Y   Y  1.00  0.19 1.00 -  |   466.3    424.6  0.00 |  0.0  0.0 1   0   0  1  0  0
  - 3.55s  A-------    2  Y   Y  1.00  0.25 1.00 -  |   466.3    424.6  0.00 |  0.0  0.0 0   0   0  0  0  0
  - 3.44s  A-------    2  Y   Y  1.00  0.31 1.00 -  |   466.3    424.6  0.00 |  0.0  0.0 0   0   0  0  0  0
  - 3.34s  A-------    2  Y   Y  1.00  0.37 1.00 -  |   466.3    424.6  0.00 |  0.0  0.0 0   0   0  1  0  0
  - 3.24s  A-------    2  Y   Y  1.00  0.43 1.00 -  |   466.3    424.6  0.00 |  0.0  0.0 0   0   0  0  0  0
  - 3.13s  A-------    2  Y   Y  0.00  0.47 1.00 -  |   466.3    424.6  0.00 |  0.0  0.0 0   0   0  0  0  0
  - 3.03s  A-------    2  Y   Y  1.00  0.52 1.00 -  |   466.3    424.6  0.00 |  0.0  0.0 0   0   0  0  0  0
  - 2.93s  A-------    2  Y   Y  1.00  0.58 1.00 -  |   466.3    424.6  0.00 |  0.0  0.0 0   0   0  0  0  0
  - 2.82s  A-------    2  Y   Y  1.00  0.64 1.00 -  |   466.3    424.6  0.00 |  0.0  0.0 0   0   0  0  0  0
  - 2.72s  A-------    2  Y   Y  1.00  0.70 1.00 -  |   466.3    424.6  0.00 |  0.0  0.0 0   0   0  0  0  0
  - 2.61s  A-------    3  Y   Y  1.00  0.76 1.00 T  |   466.4    424.6  0.00 |  0.0  0.0 0   0   0  0  0  0
  - 2.51s  A-------    3  Y   Y  0.00  0.07 1.00 -  |   466.8    424.7  0.00 |  0.0  0.0 0   0   0  0  0  0
  - 2.41s  A-------    3  Y   Y  1.00  0.20 1.00 -  |   466.8    424.7  0.00 |  0.0  0.0 0   0   0  0  0  0
  - 2.31s  A-------    3  Y   Y  1.00  0.33 1.00 -  |   466.8    424.7  0.00 |  0.0  0.0 0   0   0  0  0  0
  - 2.20s  A-------    3  Y   Y  1.00  0.46 1.00 -  |   466.8    424.7  0.00 |  0.0  0.0 0   0   0  1  0  0
  - 2.10s  A-------    3  Y   Y  1.00  0.59 1.00 -  |   466.8    424.7  0.00 |  0.0  0.0 1   0   0  0  0  0
  - 2.00s  A-------    3  Y   Y  1.00  0.71 1.00 -  |   466.8    424.7  0.00 |  0.0  0.0 0   0   0  0  0  0
  - 1.90s  A-------    3  Y   Y  1.00  0.85 1.00 -  |   466.8    424.7  0.00 |  0.0  0.0 1   0   0  1  0  0
  - 1.80s  --------    3  Y   Y  1.00  0.97 1.00 T  |   466.8    424.7  0.00 |  0.0  0.0 0   0   0  0  0  0
  - 1.69s  --------    3  n   Y  1.00  0.11 1.00 -  |   466.8    424.7  0.00 |  0.0  0.0 1   0   0  1  0  0
  - 1.59s  A-----Y-    3  n   Y  1.00  0.16 1.00 T  |   467.8    424.8  0.00 |  0.0  0.0 0   0   0  0  0  0
  - 1.49s  A-----Y-    3  n   Y  1.00  0.15 1.00 -  |   468.2    424.9  0.00 |  0.0  0.0 1   0   0  1  0  0
  - 1.39s  A-----Y-    3  n   Y  1.00  0.28 1.00 -  |   468.2    424.9  0.00 |  0.0  0.0 0   0   0  0  0  0
  - 1.29s  A-----Y-    3  n   Y  1.00  0.41 1.00 -  |   468.3    424.9  0.00 |  0.0  0.0 1   0   0  1  0  0
  - 1.18s  A-----Y-    3  n   Y  1.00  0.54 1.00 -  |   468.3    424.9  0.00 |  0.0  0.0 0   0   0  0  0  0
  - 1.08s  A-----Y-    3  n   Y  1.00  0.67 1.00 -  |   468.4    424.9  0.00 |  0.0  0.0 1   0   0  0  0  0
  - 0.97s  A-----Y-    3  n   Y  1.00  0.80 1.00 -  |   468.4    424.9  0.00 |  0.0  0.0 0   0   0  0  0  0
  - 0.87s  --------    3  n   Y  1.00  0.94 1.00 T  |   468.5    424.9  0.00 |  0.0  0.0 0   0   0  0  0  0
  - 0.77s  --------    3  Y   Y  1.00  0.12 1.00 -  |   468.5    424.9  0.00 |  0.0 -1.0 0   0   0  0  0  0
  - 0.67s  --------    3  Y   Y  1.00  0.23 1.00 -  |   468.6    424.7  0.00 |  0.0 -1.0 0   0   0  0  0  0
  - 0.56s  --------    3  Y   Y  1.00  0.33 1.00 -  |   468.7    424.5  0.00 |  0.0 -1.0 0   0   0  0  0  0
  - 0.46s  --------    3  Y   Y  1.00  0.43 1.00 -  |   468.8    424.4  0.00 |  0.0 -1.0 0   0   0  0  1  0
  - 0.36s  -----R--    0  Y   Y  1.00  0.02 1.00 -  |   469.1    423.9  0.00 |  1.0 -1.0 0   0   0  0  1  0
  - 0.25s  -----R--    0  Y   Y  1.00  0.07 1.00 -  |   469.1    423.9  0.00 |  1.0 -1.0 0   0   0  0  1  0
  - 0.15s  -----R--    0  Y   Y  1.00  0.12 1.00 -  |   469.1    423.9  0.00 |  1.0 -1.0 0   0   0  1  1  0
  - 0.05s  -----R--    0  Y   Y  1.00  0.17 1.00 -  |   469.1    423.9  0.00 |  1.0 -1.0 0   0   0  1  1  0
=========================================================== END

[ 11050   57.784 x1.00] LOG  [OniBoss] Attack → Recovery
[ 11050   57.784 x1.00] LOG  [OniBoss] Playing animation: Watch
[ 11050   57.784 x1.00] LOG  [OniBoss:Trail] trail END at clip 0.99, fading over 0.40s.
[ 11050   57.784 x1.00] LOG  [OniBoss:Strike] Club_Swing: club tip closest to Yoru at 1.18m, clip position 0.89 | damage fires at 0.42 | clip 0.84s => damage fires 393 ms BEFORE the club is closest
[ 11078   57.935 x1.00] LOG  [OniBoss] Recovery → Attack
[ 11078   57.935 x1.00] LOG  [OniBoss] Attack: ClubSwing2 (16 dmg)
[ 11078   57.935 x1.00] LOG  [OniBoss:Trail] ClubSwing2 trail START at clip 1.00 (transition still blending).
[ 11154   58.320 x1.00] LOG  [CameraGameFeel] Shake: intensity=0.20 duration=0.250s
[ 11154   58.320 x1.00] LOG  [Combat] Hit react: HitReact_Light_2Leg (0.5s)
[ 11154   58.320 x1.00] LOG  [HitReactTrace] asked for 'HitReact_Light_2Leg' (0.50s) — blend resolved after 0 ms, now playing a clip 1.00s long at speed 1.00, layer weight 1.00, animator.speed 1.00.
[ 11154   58.320 x1.00] LOG  [CameraGameFeel] Shake: intensity=0.09 duration=0.150s
[ 11154   58.320 x1.00] LOG  [CameraGameFeel] FOV punch: player damage (-2.0°)
[ 11154   58.320 x1.00] LOG  [OniBoss] Hit player for 16 (ClubSwing2)
[ 11154   58.320 x1.00] LOG  [OniBoss:ClubPos] ClubSwing2 at strike: club tip 0.19m up, 1.61m in front, 2.66m to his right (3.10m out from his centre). Club faces 16deg from his forward, pitch -0.89. (the ground wave is born 1.6m in front of him at 0.35m.)
[ 11154   58.320 x1.00] LOG  [OniBoss:Layer] ClubSwing2: club connected — this swing's wave is cancelled.
[ 11303   59.100 x1.00] LOG  [OniBoss] Attack → Recovery
[ 11303   59.100 x1.00] LOG  [OniBoss] Playing animation: Watch
[ 11303   59.100 x1.00] LOG  [OniBoss:Trail] trail END at clip 0.99, fading over 0.40s.
[ 11303   59.100 x1.00] LOG  [OniBoss:Strike] ClubSwing2: club tip closest to Yoru at 2.08m, clip position 0.29 | damage fires at 0.32 | clip 1.17s => damage fires 31 ms AFTER the club is closest — it lands once the club has passed her
[ 11333   59.253 x1.00] LOG  [OniBoss] Recovery → Attack
[ 11333   59.253 x1.00] LOG  [OniBoss] Attack: ClubSlam (20 dmg)
[ 11333   59.253 x1.00] LOG  [OniBoss:Trail] ClubSlam trail START at clip 1.00 (transition still blending).
[ 11363   59.420 x1.00] LOG  [OniBoss:Layer] step-in: 'ClubSlam' closed 0.01m, Yoru now 3.0m away (range 3.5)
[ 11368   59.454 x1.00] LOG  [OniBoss:Layer] step-in: 'ClubSlam' closed 0.09m, Yoru now 3.0m away (range 3.5)
[ 11374   59.478 x1.00] LOG  [OniBoss:Layer] step-in: 'ClubSlam' closed 0.18m, Yoru now 3.0m away (range 3.5)
[ 11415   59.701 x1.00] LOG  🐾 4-LEG JUMP #0
[ 11415   59.701 x1.00] LOG  🐾 Jump 1 VFX spawned!
[ 11477   60.046 x1.00] LOG  [CameraGameFeel] Shake: intensity=0.50 duration=0.400s
[ 11477   60.046 x1.00] LOG  [OniBoss] Attack missed, player out of range (6.2m > 3.5m)
[ 11477   60.046 x1.00] LOG  [OniBoss:ClubPos] ClubSlam at strike: club tip 0.52m up, 2.91m in front, -0.09m to his right (2.91m out from his centre). Club faces 8deg from his forward, pitch -0.26. (the ground wave is born 1.6m in front of him at 0.35m.)
[ 11477   60.046 x1.00] LOG  [OniBoss:Layer] ClubSlam: club missed — ground wave born 1.6m in front, 12m/s x 6.0m = armed 0.50s, carrying 10 (half of the club's 20).
[ 11497   60.175 x1.00] LOG  [OniBoss] Attack → Recovery
[ 11497   60.175 x1.00] LOG  [OniBoss] Playing animation: Watch
[ 11497   60.175 x1.00] LOG  [OniBoss:Trail] trail END at clip 0.99, fading over 0.40s.
[ 11497   60.175 x1.00] LOG  [OniBoss:Strike] ClubSlam: club tip closest to Yoru at 5.69m, clip position 0.33 | damage fires at 0.85 | clip 0.93s => damage fires 479 ms AFTER the club is closest — it lands once the club has passed her
[ 11523   60.330 x1.00] LOG  [OniBoss] Recovery → Chase
[ 11524   60.336 x1.00] LOG  [OniBoss] Playing animation: run
[ 11596   60.746 x1.00] LOG  💨 Landing VFX spawned!
[ 11596   60.746 x1.00] LOG  ✅ LANDED! (was jump #1)
[ 11780   61.739 x1.00] LOG  
==================== [FREEZE-DEBUG v3] ====================
  Reason : WASD-NOMOVE: WASD recent + speed 0.00m/s for 0.41s
  Time   : 57.789s   Frame: 11780   Snaps: 60
===========================================================

--- CURRENT STATE ---
  Flags: atk=False hvy=False dod=False dsh=False
         grd=False hit=False aerial=False lockPos=False
         comboStep=0
  Anim : speed=1.00  combatLayer hash=-792875657 normT=2.902 weight=1.00 inTransition=False
  CC   : grounded=True  enabled=True  pos=(481.14, 0.44, 428.18)  vel=(0.00, -0.43, 0.00)
  Move : IsRunning=False
  Input: H=1.00 V=0.00  LMB=False MMB=False Q=False Sp=False Sh=False C=False
         WASD pressed in last 0.5s: True (last 0.00s ago)

--- FLIGHT RECORDER (60 snapshots, oldest first, dt=0.10s) ---
  Legend: flags = A(tk) H(vy) D(od) S(sh) G(rd) R(eact) Y(aerial) L(ock)   gnd/cc: Y/n
  t-now    flags     step gnd cc anSp normT layW tr | posX     posZ     spd   | H    V    LMB MMB Q  Sp Sh C
  ------   --------  ---- --- -- ---- ----- ---- -- | -----    -----    ----  | ---- ---- --- --- -- -- -- -
  - 6.14s  A-------    3  Y   Y  1.00  0.59 1.00 -  |   466.8    424.7  0.00 |  0.0  0.0 1   0   0  0  0  0
  - 6.04s  A-------    3  Y   Y  1.00  0.71 1.00 -  |   466.8    424.7  0.00 |  0.0  0.0 0   0   0  0  0  0
  - 5.94s  A-------    3  Y   Y  1.00  0.85 1.00 -  |   466.8    424.7  0.00 |  0.0  0.0 1   0   0  1  0  0
  - 5.84s  --------    3  Y   Y  1.00  0.97 1.00 T  |   466.8    424.7  0.00 |  0.0  0.0 0   0   0  0  0  0
  - 5.73s  --------    3  n   Y  1.00  0.11 1.00 -  |   466.8    424.7  0.00 |  0.0  0.0 1   0   0  1  0  0
  - 5.63s  A-----Y-    3  n   Y  1.00  0.16 1.00 T  |   467.8    424.8  0.00 |  0.0  0.0 0   0   0  0  0  0
  - 5.53s  A-----Y-    3  n   Y  1.00  0.15 1.00 -  |   468.2    424.9  0.00 |  0.0  0.0 1   0   0  1  0  0
  - 5.43s  A-----Y-    3  n   Y  1.00  0.28 1.00 -  |   468.2    424.9  0.00 |  0.0  0.0 0   0   0  0  0  0
  - 5.33s  A-----Y-    3  n   Y  1.00  0.41 1.00 -  |   468.3    424.9  0.00 |  0.0  0.0 1   0   0  1  0  0
  - 5.22s  A-----Y-    3  n   Y  1.00  0.54 1.00 -  |   468.3    424.9  0.00 |  0.0  0.0 0   0   0  0  0  0
  - 5.12s  A-----Y-    3  n   Y  1.00  0.67 1.00 -  |   468.4    424.9  0.00 |  0.0  0.0 1   0   0  0  0  0
  - 5.01s  A-----Y-    3  n   Y  1.00  0.80 1.00 -  |   468.4    424.9  0.00 |  0.0  0.0 0   0   0  0  0  0
  - 4.91s  --------    3  n   Y  1.00  0.94 1.00 T  |   468.5    424.9  0.00 |  0.0  0.0 0   0   0  0  0  0
  - 4.81s  --------    3  Y   Y  1.00  0.12 1.00 -  |   468.5    424.9  0.00 |  0.0 -1.0 0   0   0  0  0  0
  - 4.71s  --------    3  Y   Y  1.00  0.23 1.00 -  |   468.6    424.7  0.00 |  0.0 -1.0 0   0   0  0  0  0
  - 4.61s  --------    3  Y   Y  1.00  0.33 1.00 -  |   468.7    424.5  0.00 |  0.0 -1.0 0   0   0  0  0  0
  - 4.50s  --------    3  Y   Y  1.00  0.43 1.00 -  |   468.8    424.4  0.00 |  0.0 -1.0 0   0   0  0  1  0
  - 4.40s  -----R--    0  Y   Y  1.00  0.02 1.00 -  |   469.1    423.9  0.00 |  1.0 -1.0 0   0   0  0  1  0
  - 4.30s  -----R--    0  Y   Y  1.00  0.07 1.00 -  |   469.1    423.9  0.00 |  1.0 -1.0 0   0   0  0  1  0
  - 4.19s  -----R--    0  Y   Y  1.00  0.12 1.00 -  |   469.1    423.9  0.00 |  1.0 -1.0 0   0   0  1  1  0
  - 4.09s  -----R--    0  Y   Y  1.00  0.17 1.00 -  |   469.1    423.9  0.00 |  1.0 -1.0 0   0   0  1  1  0
  - 3.98s  -----R--    0  Y   Y  1.00  0.23 1.00 -  |   469.1    423.9  0.00 |  1.0 -1.0 0   0   0  1  0  0
  - 3.88s  --------    0  Y   Y  1.00  0.28 1.00 T  |   469.2    423.9  0.00 |  1.0 -1.0 0   0   0  0  0  0
  - 3.77s  --------    0  Y   Y  1.00  0.16 1.00 -  |   469.4    423.8  0.00 |  1.0 -1.0 0   0   0  0  0  0
  - 3.67s  --------    0  Y   Y  1.00  0.26 1.00 -  |   469.6    423.8  0.00 |  0.0  0.0 0   0   0  0  0  0
  - 3.57s  --------    0  Y   Y  1.00  0.36 1.00 -  |   469.8    423.7  0.00 |  0.0  0.0 0   0   0  0  0  0
  - 3.47s  --------    0  Y   Y  1.00  0.47 1.00 -  |   470.0    423.7  0.00 |  1.0  0.0 0   0   0  0  0  0
  - 3.36s  -----R--    0  Y   Y  1.00  0.04 1.00 -  |   470.1    423.7  0.00 |  1.0 -1.0 0   0   0  0  0  0
  - 3.26s  -----R--    0  Y   Y  1.00  0.12 1.00 -  |   470.1    423.7  0.00 |  1.0 -1.0 0   0   0  1  1  0
  - 3.16s  -----R--    0  Y   Y  1.00  0.21 1.00 -  |   470.1    423.7  0.00 |  1.0 -1.0 0   0   0  1  1  0
  - 3.05s  -----R--    0  Y   Y  1.00  0.29 1.00 -  |   470.1    423.7  0.00 |  1.0 -1.0 0   0   0  0  1  0
  - 2.95s  -----R--    0  Y   Y  1.00  0.39 1.00 -  |   470.1    423.7  0.00 |  1.0 -1.0 0   0   0  0  1  0
  - 2.84s  --------    0  Y   Y  1.00  0.47 1.00 T  |   470.5    423.5  0.00 |  1.0 -1.0 0   0   0  0  1  0
  - 2.74s  --------    0  Y   Y  1.00  0.17 1.00 -  |   471.3    423.3  0.00 |  1.0  0.0 0   0   0  0  1  0
  - 2.63s  --------    0  Y   Y  1.00  0.27 1.00 -  |   472.0    423.2  0.00 |  1.0  0.0 0   0   0  0  1  0
  - 2.53s  --------    0  Y   Y  1.00  0.38 1.00 -  |   472.7    423.4  0.00 |  1.0  0.0 0   0   0  0  1  0
  - 2.42s  --------    0  Y   Y  1.00  0.48 1.00 -  |   473.3    423.7  0.00 |  1.0  0.0 0   0   0  0  1  0
  - 2.32s  --------    0  Y   Y  1.00  0.58 1.00 -  |   473.9    424.0  0.00 |  1.0  0.0 0   0   0  0  1  0
  - 2.22s  --------    0  Y   Y  1.00  0.69 1.00 -  |   474.6    424.4  0.00 |  1.0  0.0 0   0   0  0  1  0
  - 2.12s  --------    0  Y   Y  1.00  0.79 1.00 -  |   475.2    424.8  0.00 |  1.0  0.0 0   0   0  0  1  0
  - 2.01s  --------    0  n   Y  1.00  0.89 1.00 -  |   475.8    425.1  0.00 |  1.0  0.0 0   0   0  1  1  0
  - 1.91s  --------    0  n   Y  1.00  1.00 1.00 -  |   476.2    425.3  0.00 |  1.0  0.0 0   0   0  1  1  0
  - 1.81s  --------    0  n   Y  1.00  1.10 1.00 -  |   476.6    425.6  0.00 |  1.0  0.0 0   0   0  0  1  0
  - 1.70s  --------    0  n   Y  1.00  1.20 1.00 -  |   477.0    425.8  0.00 |  1.0  0.0 0   0   0  0  1  0
  - 1.60s  --------    0  n   Y  1.00  1.30 1.00 -  |   477.4    426.0  0.00 |  1.0  0.0 0   0   0  0  1  0
  - 1.50s  --------    0  n   Y  1.00  1.41 1.00 -  |   477.8    426.2  0.00 |  1.0  0.0 0   0   0  0  1  0
  - 1.40s  --------    0  n   Y  1.00  1.51 1.00 -  |   478.2    426.5  0.00 |  0.0  0.0 0   0   0  0  0  0
  - 1.30s  --------    0  n   Y  1.00  1.61 1.00 -  |   478.7    426.7  0.00 |  0.0  0.0 0   0   0  0  0  0
  - 1.20s  --------    0  n   Y  1.00  1.71 1.00 -  |   479.0    427.0  0.00 |  0.0  0.0 0   0   0  0  0  0
  - 1.09s  --------    0  n   Y  1.00  1.81 1.00 -  |   479.4    427.2  0.00 |  0.0  0.0 0   0   0  0  0  0
  - 0.99s  --------    0  Y   Y  1.00  1.91 1.00 -  |   479.8    427.4  0.00 |  0.0  0.0 0   0   0  0  0  0
  - 0.89s  --------    0  Y   Y  1.00  2.02 1.00 -  |   479.8    427.4  0.00 |  0.0  0.0 0   0   0  0  0  0
  - 0.79s  --------    0  Y   Y  1.00  2.12 1.00 -  |   479.8    427.4  0.00 |  1.0  0.0 0   0   0  0  0  0
  - 0.68s  --------    0  Y   Y  1.00  2.22 1.00 -  |   480.0    427.5  0.00 |  1.0  0.0 0   0   0  0  0  0
  - 0.58s  --------    0  Y   Y  1.00  2.32 1.00 -  |   480.1    427.6  0.00 |  1.0  0.0 0   0   0  0  0  0
  - 0.48s  --------    0  Y   Y  1.00  2.42 1.00 -  |   480.3    427.7  0.00 |  0.0  0.0 0   0   0  0  0  0
  - 0.37s  --------    0  Y   Y  1.00  2.53 1.00 -  |   480.5    427.8  0.00 |  1.0  0.0 0   0   0  0  0  0
  - 0.27s  --------    0  Y   Y  1.00  2.64 1.00 -  |   480.7    427.9  0.00 |  1.0  0.0 0   0   0  0  0  0
  - 0.17s  --------    0  Y   Y  1.00  2.74 1.00 -  |   480.9    428.0  0.00 |  1.0  0.0 0   0   0  0  0  0
  - 0.06s  --------    0  Y   Y  1.00  2.84 1.00 -  |   481.0    428.1  0.00 |  1.0  0.0 0   0   0  0  0  0
=========================================================== END

[ 11900   62.390 x1.00] LOG  [OniBoss] hold-ground: BACKSTEP 1.5m (player 3.5m)
[ 12011   62.980 x1.00] LOG  [OniBoss] hold-ground: backstep done (0.94m), WATCH (player 4.4m, cooldown 0.4s)
[ 12011   62.980 x1.00] LOG  [OniBoss] Playing animation: Watch
[ 12078   63.330 x1.00] LOG  [OniBoss] hold-ground: cooldown over, player 4.7m > 3.5m — APPROACH
[ 12078   63.330 x1.00] LOG  [OniBoss] Playing animation: Walk
[ 12243   64.206 x1.00] LOG  [OniBoss] Chase → Attack
[ 12243   64.206 x1.00] LOG  [OniBoss] Attack: Club_Swing (16 dmg)
[ 12243   64.206 x1.00] LOG  [OniBoss:Trail] Club_Swing trail START at clip 0.47 (transition done).
[ 12244   64.210 x1.00] LOG  [OniBoss:Layer] step-in: 'Club_Swing' closed 0.01m, Yoru now 3.0m away (range 3.5)
[ 12311   64.571 x1.00] LOG  [CameraGameFeel] Shake: intensity=0.20 duration=0.250s
[ 12311   64.571 x1.00] LOG  [Combat] Hit react: HitReact_Light_2Leg (0.5s)
[ 12311   64.571 x1.00] LOG  [HitReactTrace] asked for 'HitReact_Light_2Leg' (0.50s) — blend resolved after 0 ms, now playing a clip 1.00s long at speed 1.00, layer weight 1.00, animator.speed 1.00.
[ 12311   64.571 x1.00] LOG  [CameraGameFeel] Shake: intensity=0.09 duration=0.150s
[ 12311   64.571 x1.00] LOG  [CameraGameFeel] FOV punch: player damage (-2.0°)
[ 12311   64.571 x1.00] LOG  [OniBoss] Hit player for 16 (Club_Swing)
[ 12311   64.571 x1.00] LOG  [OniBoss:ClubPos] Club_Swing at strike: club tip 3.04m up, 1.64m in front, -3.25m to his right (3.64m out from his centre). Club faces -100deg from his forward, pitch 0.41. (the ground wave is born 1.6m in front of him at 0.35m.)
[ 12311   64.571 x1.00] LOG  [OniBoss:Layer] Club_Swing: club connected — this swing's wave is cancelled.
[ 12397   65.041 x1.00] LOG  [OniBoss] Attack → Recovery
[ 12397   65.041 x1.00] LOG  [OniBoss] Playing animation: Watch
[ 12397   65.041 x1.00] LOG  [OniBoss:Trail] trail END at clip 0.99, fading over 0.40s.
[ 12397   65.041 x1.00] LOG  [OniBoss:Strike] Club_Swing: club tip closest to Yoru at 1.57m, clip position 0.91 | damage fires at 0.42 | clip 0.84s => damage fires 413 ms BEFORE the club is closest
[ 12426   65.197 x1.00] LOG  [OniBoss] Recovery → Chase
[ 12427   65.200 x1.00] LOG  [OniBoss] hold-ground: BACKSTEP 1.5m (player 3.3m)
[ 12547   65.847 x1.00] LOG  [OniBoss] hold-ground: backstep done (1.03m), WATCH (player 4.3m, cooldown 2.4s)
[ 12547   65.847 x1.00] LOG  [OniBoss] Playing animation: Watch
[ 13001   68.197 x1.00] LOG  [OniBoss] hold-ground: cooldown over, player 4.3m > 3.5m — APPROACH
[ 13001   68.197 x1.00] LOG  [OniBoss] Playing animation: Walk
[ 13174   69.103 x1.00] LOG  
==================== [FREEZE-DEBUG v3] ====================
  Reason : WASD-NOMOVE: WASD recent + speed 0.00m/s for 0.40s
  Time   : 65.153s   Frame: 13174   Snaps: 60
===========================================================

--- CURRENT STATE ---
  Flags: atk=False hvy=False dod=False dsh=False
         grd=False hit=False aerial=False lockPos=False
         comboStep=0
  Anim : speed=1.00  combatLayer hash=-792875657 normT=4.020 weight=1.00 inTransition=False
  CC   : grounded=True  enabled=True  pos=(484.48, -0.01, 430.07)  vel=(0.00, -0.01, 0.00)
  Move : IsRunning=False
  Input: H=1.00 V=0.00  LMB=False MMB=False Q=False Sp=False Sh=False C=False
         WASD pressed in last 0.5s: True (last 0.00s ago)

--- FLIGHT RECORDER (60 snapshots, oldest first, dt=0.10s) ---
  Legend: flags = A(tk) H(vy) D(od) S(sh) G(rd) R(eact) Y(aerial) L(ock)   gnd/cc: Y/n
  t-now    flags     step gnd cc anSp normT layW tr | posX     posZ     spd   | H    V    LMB MMB Q  Sp Sh C
  ------   --------  ---- --- -- ---- ----- ---- -- | -----    -----    ----  | ---- ---- --- --- -- -- -- -
  - 6.19s  --------    0  Y   Y  1.00  4.08 1.00 -  |   483.2    429.4  0.00 |  0.0  0.0 0   0   0  0  0  0
  - 6.08s  --------    0  Y   Y  1.00  4.19 1.00 -  |   483.4    429.5  0.00 |  0.0  0.0 0   0   0  0  0  0
  - 5.98s  --------    0  Y   Y  1.00  4.29 1.00 -  |   483.6    429.6  0.00 |  0.0  0.0 0   0   0  0  0  0
  - 5.88s  --------    0  Y   Y  1.00  4.39 1.00 -  |   483.6    429.6  0.00 |  0.0  0.0 0   0   0  0  0  0
  - 5.78s  --------    0  Y   Y  1.00  4.49 1.00 -  |   483.6    429.6  0.00 |  0.0  0.0 0   0   0  0  0  0
  - 5.68s  --------    0  Y   Y  1.00  4.59 1.00 -  |   483.6    429.6  0.00 |  0.0  0.0 0   0   0  0  0  0
  - 5.57s  --------    0  Y   Y  1.00  4.70 1.00 -  |   483.6    429.6  0.00 |  0.0  0.0 0   0   0  0  0  0
  - 5.47s  --------    0  Y   Y  1.00  4.80 1.00 -  |   483.6    429.6  0.00 |  0.0  0.0 0   0   0  0  0  0
  - 5.36s  --------    0  Y   Y  1.00  4.91 1.00 -  |   483.6    429.6  0.00 |  0.0  0.0 0   0   0  0  0  0
  - 5.26s  --------    0  Y   Y  1.00  5.01 1.00 -  |   483.6    429.6  0.00 |  0.0  0.0 0   0   0  0  0  0
  - 5.16s  --------    0  Y   Y  1.00  5.11 1.00 -  |   483.6    429.6  0.00 |  0.0  0.0 0   0   0  0  0  0
  - 5.05s  --------    0  Y   Y  1.00  5.22 1.00 -  |   483.6    429.6  0.00 |  0.0  0.0 0   0   0  0  0  0
  - 4.95s  --------    0  Y   Y  1.00  5.32 1.00 -  |   483.6    429.6  0.00 |  0.0  0.0 0   0   0  0  0  0
  - 4.84s  --------    0  Y   Y  1.00  5.43 1.00 -  |   483.6    429.6  0.00 |  0.0  0.0 0   0   0  0  0  0
  - 4.74s  --------    0  Y   Y  1.00  5.53 1.00 -  |   483.6    429.6  0.00 |  0.0  0.0 0   0   0  0  0  0
  - 4.63s  --------    0  Y   Y  1.00  5.64 1.00 -  |   483.6    429.6  0.00 |  0.0  0.0 0   0   0  0  0  0
  - 4.53s  -----R--    0  Y   Y  1.00  5.74 1.00 T  |   483.6    429.6  0.00 |  0.0  0.0 0   0   0  0  0  0
  - 4.42s  -----R--    0  Y   Y  1.00  0.09 1.00 -  |   483.6    429.6  0.00 |  0.0  0.0 0   0   0  0  0  0
  - 4.32s  -----R--    0  Y   Y  1.00  0.17 1.00 -  |   483.6    429.6  0.00 |  0.0  0.0 0   0   0  0  0  0
  - 4.22s  -----R--    0  Y   Y  1.00  0.26 1.00 -  |   483.6    429.6  0.00 |  0.0  0.0 0   0   0  0  0  0
  - 4.12s  -----R--    0  Y   Y  1.00  0.34 1.00 -  |   483.6    429.6  0.00 |  1.0  0.0 0   0   0  0  0  0
  - 4.02s  --------    0  Y   Y  1.00  0.42 1.00 T  |   483.7    429.6  0.00 |  0.0  0.0 0   0   0  0  0  0
  - 3.92s  --------    0  Y   Y  1.00  0.11 1.00 -  |   483.8    429.7  0.00 |  0.0  0.0 0   0   0  0  0  0
  - 3.81s  --------    0  Y   Y  1.00  0.21 1.00 -  |   483.8    429.7  0.00 |  0.0  0.0 0   0   0  0  0  0
  - 3.71s  --------    0  Y   Y  1.00  0.31 1.00 -  |   483.8    429.7  0.00 |  0.0  0.0 0   0   0  0  0  0
  - 3.61s  --------    0  Y   Y  1.00  0.41 1.00 -  |   483.8    429.7  0.00 |  0.0  0.0 0   0   0  0  0  0
  - 3.50s  --------    0  Y   Y  1.00  0.52 1.00 -  |   483.8    429.7  0.00 |  0.0  0.0 0   0   0  0  0  0
  - 3.40s  --------    0  Y   Y  1.00  0.62 1.00 -  |   483.8    429.7  0.00 |  0.0  0.0 0   0   0  0  0  0
  - 3.30s  --------    0  Y   Y  1.00  0.72 1.00 -  |   483.8    429.7  0.00 |  0.0  0.0 0   0   0  0  0  0
  - 3.19s  --------    0  Y   Y  1.00  0.83 1.00 -  |   483.8    429.7  0.00 |  0.0  0.0 0   0   0  0  0  0
  - 3.09s  --------    0  Y   Y  1.00  0.93 1.00 -  |   483.8    429.7  0.00 |  0.0  0.0 0   0   0  0  0  0
  - 2.99s  --------    0  Y   Y  1.00  1.03 1.00 -  |   483.8    429.7  0.00 |  0.0  0.0 0   0   0  0  0  0
  - 2.89s  --------    0  Y   Y  1.00  1.13 1.00 -  |   483.8    429.7  0.00 |  0.0  0.0 0   0   0  0  0  0
  - 2.78s  --------    0  Y   Y  1.00  1.24 1.00 -  |   483.8    429.7  0.00 |  0.0  0.0 0   0   0  0  0  0
  - 2.68s  --------    0  Y   Y  1.00  1.34 1.00 -  |   483.8    429.7  0.00 |  0.0  0.0 0   0   0  0  0  0
  - 2.57s  --------    0  Y   Y  1.00  1.45 1.00 -  |   483.8    429.7  0.00 |  0.0  0.0 0   0   0  0  0  0
  - 2.46s  --------    0  Y   Y  1.00  1.55 1.00 -  |   483.8    429.7  0.00 |  0.0  0.0 0   0   0  0  0  0
  - 2.36s  --------    0  Y   Y  1.00  1.66 1.00 -  |   483.8    429.7  0.00 |  0.0  0.0 0   0   0  0  0  0
  - 2.26s  --------    0  Y   Y  1.00  1.76 1.00 -  |   483.8    429.7  0.00 |  0.0  0.0 0   0   0  0  0  0
  - 2.16s  --------    0  Y   Y  1.00  1.86 1.00 -  |   483.8    429.7  0.00 |  0.0  0.0 0   0   0  0  0  0
  - 2.06s  --------    0  Y   Y  1.00  1.97 1.00 -  |   483.8    429.7  0.00 |  0.0  0.0 0   0   0  0  0  0
  - 1.95s  --------    0  Y   Y  1.00  2.07 1.00 -  |   483.8    429.7  0.00 |  0.0  0.0 0   0   0  0  0  0
  - 1.85s  --------    0  Y   Y  1.00  2.17 1.00 -  |   483.8    429.7  0.00 |  0.0  0.0 0   0   0  0  0  0
  - 1.75s  --------    0  Y   Y  1.00  2.27 1.00 -  |   483.8    429.7  0.00 |  0.0  0.0 0   0   0  0  0  0
  - 1.64s  --------    0  Y   Y  1.00  2.38 1.00 -  |   483.8    429.7  0.00 |  0.0  0.0 0   0   0  0  0  0
  - 1.54s  --------    0  Y   Y  1.00  2.48 1.00 -  |   483.8    429.7  0.00 |  0.0  0.0 0   0   0  0  0  0
  - 1.44s  --------    0  Y   Y  1.00  2.58 1.00 -  |   483.8    429.7  0.00 |  0.0  0.0 0   0   0  0  0  0
  - 1.34s  --------    0  Y   Y  1.00  2.68 1.00 -  |   483.8    429.7  0.00 |  0.0  0.0 0   0   0  0  0  0
  - 1.23s  --------    0  Y   Y  1.00  2.79 1.00 -  |   483.8    429.7  0.00 |  0.0  0.0 0   0   0  0  0  0
  - 1.13s  --------    0  Y   Y  1.00  2.89 1.00 -  |   483.8    429.7  0.00 |  0.0  0.0 0   0   0  0  0  0
  - 1.02s  --------    0  Y   Y  1.00  3.00 1.00 -  |   483.8    429.7  0.00 |  0.0  0.0 0   0   0  0  0  0
  - 0.92s  --------    0  Y   Y  1.00  3.10 1.00 -  |   483.8    429.7  0.00 |  0.0  0.0 0   0   0  0  0  0
  - 0.82s  --------    0  Y   Y  1.00  3.20 1.00 -  |   483.8    429.7  0.00 |  0.0  0.0 0   0   0  0  0  0
  - 0.71s  --------    0  Y   Y  1.00  3.31 1.00 -  |   483.8    429.7  0.00 |  0.0  0.0 0   0   0  0  0  0
  - 0.61s  --------    0  Y   Y  1.00  3.41 1.00 -  |   483.8    429.7  0.00 |  0.0  0.0 0   0   0  0  0  0
  - 0.51s  --------    0  Y   Y  1.00  3.51 1.00 -  |   483.8    429.7  0.00 |  0.0  0.0 0   0   0  0  0  0
  - 0.40s  --------    0  Y   Y  1.00  3.62 1.00 -  |   483.8    429.7  0.00 |  0.0  0.0 0   0   0  0  0  0
  - 0.30s  --------    0  Y   Y  1.00  3.72 1.00 -  |   483.9    429.8  0.00 |  1.0  0.0 0   0   0  0  0  0
  - 0.20s  --------    0  Y   Y  1.00  3.83 1.00 -  |   484.1    429.9  0.00 |  1.0  0.0 0   0   0  0  0  0
  - 0.09s  --------    0  Y   Y  1.00  3.93 1.00 -  |   484.3    430.0  0.00 |  1.0  0.0 0   0   0  0  0  0
=========================================================== END

[ 13375   70.137 x1.00] LOG  [OniBoss] Combo started: ClubSwing1 → ClubSwing2 → ClubSlam (3 steps remaining)
[ 13375   70.137 x1.00] LOG  [OniBoss] Chase → Attack
[ 13375   70.137 x1.00] LOG  [OniBoss] Attack: Club_Swing (16 dmg)
[ 13375   70.137 x1.00] LOG  [OniBoss:Trail] Club_Swing trail START at clip 1.00 (transition done).
[ 13380   70.170 x1.00] LOG  [OniBoss:Layer] step-in: 'Club_Swing' closed 0.16m, Yoru now 3.0m away (range 3.5)
[ 13383   70.187 x1.00] LOG  [OniBoss:Layer] step-in: 'Club_Swing' closed 0.20m, Yoru now 3.0m away (range 3.5)
[ 13387   70.208 x1.00] LOG  [OniBoss:Layer] step-in: 'Club_Swing' closed 0.24m, Yoru now 3.0m away (range 3.5)
[ 13391   70.228 x1.00] LOG  [OniBoss:Layer] step-in: 'Club_Swing' closed 0.28m, Yoru now 3.0m away (range 3.5)
[ 13395   70.248 x1.00] LOG  [OniBoss:Layer] step-in: 'Club_Swing' closed 0.32m, Yoru now 3.0m away (range 3.5)
[ 13397   70.260 x1.00] LOG  [OniBoss:Layer] step-in: 'Club_Swing' closed 0.36m, Yoru now 3.0m away (range 3.5)
[ 13405   70.289 x1.00] LOG  [OniBoss:Layer] step-in: 'Club_Swing' closed 0.40m, Yoru now 3.0m away (range 3.5)
[ 13409   70.306 x1.00] LOG  [OniBoss:Layer] step-in: 'Club_Swing' closed 0.44m, Yoru now 3.0m away (range 3.5)
[ 13413   70.326 x1.00] LOG  [OniBoss:Layer] step-in: 'Club_Swing' closed 0.48m, Yoru now 3.0m away (range 3.5)
[ 13417   70.346 x1.00] LOG  [OniBoss:Layer] step-in: 'Club_Swing' closed 0.52m, Yoru now 3.0m away (range 3.5)
[ 13421   70.365 x1.00] LOG  [OniBoss:Layer] step-in: 'Club_Swing' closed 0.56m, Yoru now 3.0m away (range 3.5)
[ 13425   70.385 x1.00] LOG  [OniBoss:Layer] step-in: 'Club_Swing' closed 0.60m, Yoru now 3.0m away (range 3.5)
[ 13445   70.495 x1.00] LOG  [CameraGameFeel] Shake: intensity=0.20 duration=0.250s
[ 13445   70.495 x1.00] LOG  [Combat] Hit react: HitReact_Light_2Leg (0.5s)
[ 13445   70.495 x1.00] LOG  [HitReactTrace] asked for 'HitReact_Light_2Leg' (0.50s) — blend resolved after 0 ms, now playing a clip 1.00s long at speed 1.00, layer weight 1.00, animator.speed 1.00.
[ 13445   70.495 x1.00] LOG  [CameraGameFeel] Shake: intensity=0.09 duration=0.150s
[ 13445   70.495 x1.00] LOG  [CameraGameFeel] FOV punch: player damage (-2.0°)
[ 13445   70.495 x1.00] LOG  [OniBoss] Hit player for 16 (Club_Swing)
[ 13445   70.495 x1.00] LOG  [OniBoss:ClubPos] Club_Swing at strike: club tip 3.02m up, 2.55m in front, -2.93m to his right (3.89m out from his centre). Club faces -81deg from his forward, pitch 0.40. (the ground wave is born 1.6m in front of him at 0.35m.)
[ 13445   70.495 x1.00] LOG  [OniBoss:Layer] Club_Swing: club connected — this swing's wave is cancelled.
[ 13535   70.975 x1.00] LOG  [OniBoss] Attack → Recovery
[ 13535   70.975 x1.00] LOG  [OniBoss] Playing animation: Watch
[ 13535   70.975 x1.00] LOG  [OniBoss:Trail] trail END at clip 0.99, fading over 0.40s.
[ 13535   70.975 x1.00] LOG  [OniBoss:Strike] Club_Swing: club tip closest to Yoru at 1.69m, clip position 0.91 | damage fires at 0.42 | clip 0.84s => damage fires 412 ms BEFORE the club is closest
[ 13564   71.129 x1.00] LOG  [OniBoss] Recovery → Attack
[ 13564   71.129 x1.00] LOG  [OniBoss] Attack: ClubSwing2 (16 dmg)
[ 13564   71.129 x1.00] LOG  [OniBoss:Trail] ClubSwing2 trail START at clip 1.00 (transition still blending).
[ 13594   71.286 x1.00] LOG  [OniBoss:Layer] step-in: 'ClubSwing2' closed 0.80m, Yoru now 3.0m away (range 3.5)
[ 13600   71.307 x1.00] LOG  [OniBoss:Layer] step-in: 'ClubSwing2' closed 0.84m, Yoru now 3.0m away (range 3.5)
[ 13604   71.326 x1.00] LOG  [OniBoss:Layer] step-in: 'ClubSwing2' closed 0.88m, Yoru now 3.0m away (range 3.5)
[ 13608   71.346 x1.00] LOG  [OniBoss:Layer] step-in: 'ClubSwing2' closed 0.92m, Yoru now 3.0m away (range 3.5)
[ 13612   71.366 x1.00] LOG  [OniBoss:Layer] step-in: 'ClubSwing2' closed 0.96m, Yoru now 3.0m away (range 3.5)
[ 13616   71.391 x1.00] LOG  [OniBoss:Layer] step-in: 'ClubSwing2' closed 1.00m, Yoru now 3.0m away (range 3.5)
[ 13617   71.401 x1.00] LOG  [OniBoss:Layer] step-in: 'ClubSwing2' closed 1.04m, Yoru now 3.0m away (range 3.5)
[ 13624   71.429 x1.00] LOG  [OniBoss:Layer] step-in: 'ClubSwing2' closed 1.08m, Yoru now 3.0m away (range 3.5)
[ 13627   71.445 x1.00] LOG  [OniBoss:Layer] step-in: 'ClubSwing2' closed 1.12m, Yoru now 3.0m away (range 3.5)
[ 13632   71.471 x1.00] LOG  [OniBoss:Layer] step-in: 'ClubSwing2' closed 1.16m, Yoru now 3.0m away (range 3.5)
[ 13633   71.484 x1.00] LOG  [OniBoss:Layer] step-in: 'ClubSwing2' closed 1.20m, Yoru now 3.0m away (range 3.5)
[ 13638   71.508 x1.00] LOG  [CameraGameFeel] Shake: intensity=0.20 duration=0.250s
[ 13638   71.508 x1.00] LOG  [Combat] Hit react: HitReact_Light_2Leg (0.5s)
[ 13638   71.508 x1.00] LOG  [HitReactTrace] asked for 'HitReact_Light_2Leg' (0.50s) — blend resolved after 0 ms, now playing a clip 1.00s long at speed 1.00, layer weight 1.00, animator.speed 1.00.
[ 13638   71.508 x1.00] LOG  [CameraGameFeel] Shake: intensity=0.09 duration=0.150s
[ 13638   71.508 x1.00] LOG  [CameraGameFeel] FOV punch: player damage (-2.0°)
[ 13638   71.508 x1.00] LOG  [OniBoss] Hit player for 16 (ClubSwing2)
[ 13638   71.508 x1.00] LOG  [OniBoss:ClubPos] ClubSwing2 at strike: club tip 0.05m up, 1.93m in front, 2.27m to his right (2.98m out from his centre). Club faces -1deg from his forward, pitch -0.87. (the ground wave is born 1.6m in front of him at 0.35m.)
[ 13638   71.508 x1.00] LOG  [OniBoss:Layer] ClubSwing2: club connected — this swing's wave is cancelled.
[ 13786   72.291 x1.00] LOG  [OniBoss] Attack → Recovery
[ 13786   72.291 x1.00] LOG  [OniBoss] Playing animation: Watch
[ 13786   72.291 x1.00] LOG  [OniBoss:Trail] trail END at clip 0.99, fading over 0.40s.
[ 13786   72.291 x1.00] LOG  [OniBoss:Strike] ClubSwing2: club tip closest to Yoru at 0.68m, clip position 0.30 | damage fires at 0.32 | clip 1.17s => MATCHED (within one or two frames)
[ 13816   72.448 x1.00] LOG  [OniBoss] Recovery → Attack
[ 13816   72.448 x1.00] LOG  [OniBoss] Attack: ClubSlam (20 dmg)
[ 13816   72.448 x1.00] LOG  [OniBoss:Trail] ClubSlam trail START at clip 1.00 (transition still blending).
[ 13942   73.122 x1.00] LOG  
==================== [FREEZE-DEBUG v3] ====================
  Reason : WASD-NOMOVE: WASD recent + speed 0.00m/s for 0.40s
  Time   : 69.172s   Frame: 13942   Snaps: 60
===========================================================

--- CURRENT STATE ---
  Flags: atk=False hvy=False dod=False dsh=False
         grd=False hit=False aerial=False lockPos=False
         comboStep=0
  Anim : speed=1.00  combatLayer hash=-792875657 normT=1.110 weight=1.00 inTransition=False
  CC   : grounded=True  enabled=True  pos=(489.83, -0.02, 432.87)  vel=(0.00, 0.00, 0.00)
  Move : IsRunning=False
  Input: H=1.00 V=0.00  LMB=False MMB=False Q=False Sp=False Sh=False C=False
         WASD pressed in last 0.5s: True (last 0.00s ago)

--- FLIGHT RECORDER (60 snapshots, oldest first, dt=0.10s) ---
  Legend: flags = A(tk) H(vy) D(od) S(sh) G(rd) R(eact) Y(aerial) L(ock)   gnd/cc: Y/n
  t-now    flags     step gnd cc anSp normT layW tr | posX     posZ     spd   | H    V    LMB MMB Q  Sp Sh C
  ------   --------  ---- --- -- ---- ----- ---- -- | -----    -----    ----  | ---- ---- --- --- -- -- -- -
  - 6.18s  --------    0  Y   Y  1.00  1.86 1.00 -  |   483.8    429.7  0.00 |  0.0  0.0 0   0   0  0  0  0
  - 6.08s  --------    0  Y   Y  1.00  1.97 1.00 -  |   483.8    429.7  0.00 |  0.0  0.0 0   0   0  0  0  0
  - 5.97s  --------    0  Y   Y  1.00  2.07 1.00 -  |   483.8    429.7  0.00 |  0.0  0.0 0   0   0  0  0  0
  - 5.87s  --------    0  Y   Y  1.00  2.17 1.00 -  |   483.8    429.7  0.00 |  0.0  0.0 0   0   0  0  0  0
  - 5.76s  --------    0  Y   Y  1.00  2.27 1.00 -  |   483.8    429.7  0.00 |  0.0  0.0 0   0   0  0  0  0
  - 5.66s  --------    0  Y   Y  1.00  2.38 1.00 -  |   483.8    429.7  0.00 |  0.0  0.0 0   0   0  0  0  0
  - 5.56s  --------    0  Y   Y  1.00  2.48 1.00 -  |   483.8    429.7  0.00 |  0.0  0.0 0   0   0  0  0  0
  - 5.46s  --------    0  Y   Y  1.00  2.58 1.00 -  |   483.8    429.7  0.00 |  0.0  0.0 0   0   0  0  0  0
  - 5.36s  --------    0  Y   Y  1.00  2.68 1.00 -  |   483.8    429.7  0.00 |  0.0  0.0 0   0   0  0  0  0
  - 5.25s  --------    0  Y   Y  1.00  2.79 1.00 -  |   483.8    429.7  0.00 |  0.0  0.0 0   0   0  0  0  0
  - 5.15s  --------    0  Y   Y  1.00  2.89 1.00 -  |   483.8    429.7  0.00 |  0.0  0.0 0   0   0  0  0  0
  - 5.04s  --------    0  Y   Y  1.00  3.00 1.00 -  |   483.8    429.7  0.00 |  0.0  0.0 0   0   0  0  0  0
  - 4.94s  --------    0  Y   Y  1.00  3.10 1.00 -  |   483.8    429.7  0.00 |  0.0  0.0 0   0   0  0  0  0
  - 4.83s  --------    0  Y   Y  1.00  3.20 1.00 -  |   483.8    429.7  0.00 |  0.0  0.0 0   0   0  0  0  0
  - 4.73s  --------    0  Y   Y  1.00  3.31 1.00 -  |   483.8    429.7  0.00 |  0.0  0.0 0   0   0  0  0  0
  - 4.63s  --------    0  Y   Y  1.00  3.41 1.00 -  |   483.8    429.7  0.00 |  0.0  0.0 0   0   0  0  0  0
  - 4.53s  --------    0  Y   Y  1.00  3.51 1.00 -  |   483.8    429.7  0.00 |  0.0  0.0 0   0   0  0  0  0
  - 4.42s  --------    0  Y   Y  1.00  3.62 1.00 -  |   483.8    429.7  0.00 |  0.0  0.0 0   0   0  0  0  0
  - 4.32s  --------    0  Y   Y  1.00  3.72 1.00 -  |   483.9    429.8  0.00 |  1.0  0.0 0   0   0  0  0  0
  - 4.21s  --------    0  Y   Y  1.00  3.83 1.00 -  |   484.1    429.9  0.00 |  1.0  0.0 0   0   0  0  0  0
  - 4.11s  --------    0  Y   Y  1.00  3.93 1.00 -  |   484.3    430.0  0.00 |  1.0  0.0 0   0   0  0  0  0
  - 4.00s  --------    0  Y   Y  1.00  4.03 1.00 -  |   484.5    430.1  0.00 |  1.0  0.0 0   0   0  0  0  0
  - 3.90s  --------    0  Y   Y  1.00  4.14 1.00 -  |   484.7    430.2  0.00 |  1.0  0.0 0   0   0  0  0  0
  - 3.80s  --------    0  Y   Y  1.00  4.24 1.00 -  |   484.8    430.3  0.00 |  1.0  0.0 0   0   0  0  0  0
  - 3.70s  --------    0  Y   Y  1.00  4.34 1.00 -  |   485.0    430.3  0.00 |  1.0  0.0 0   0   0  0  0  0
  - 3.60s  --------    0  Y   Y  1.00  4.44 1.00 -  |   485.2    430.5  0.00 |  1.0  0.0 0   0   0  0  0  0
  - 3.50s  --------    0  Y   Y  1.00  4.54 1.00 -  |   485.4    430.5  0.00 |  1.0  0.0 0   0   0  0  0  0
  - 3.39s  --------    0  Y   Y  1.00  4.64 1.00 -  |   485.6    430.6  0.00 |  1.0  0.0 0   0   0  0  0  0
  - 3.29s  --------    0  Y   Y  1.00  4.74 1.00 -  |   485.8    430.7  0.00 |  1.0  0.0 0   0   0  0  0  0
  - 3.19s  --------    0  Y   Y  1.00  4.84 1.00 -  |   485.9    430.8  0.00 |  1.0  0.0 0   0   0  0  0  0
  - 3.08s  --------    0  Y   Y  1.00  4.95 1.00 -  |   486.1    430.9  0.00 |  1.0  0.0 0   0   0  0  0  0
  - 2.98s  --------    0  Y   Y  1.00  5.06 1.00 -  |   486.3    431.0  0.00 |  1.0  0.0 0   0   0  0  0  0
  - 2.87s  --------    0  Y   Y  1.00  5.16 1.00 -  |   486.5    431.1  0.00 |  1.0  0.0 0   0   0  0  0  0
  - 2.77s  --------    0  Y   Y  1.00  5.27 1.00 -  |   486.7    431.2  0.00 |  1.0  0.0 0   0   0  0  0  0
  - 2.67s  --------    0  Y   Y  1.00  5.37 1.00 -  |   486.9    431.3  0.00 |  1.0  0.0 0   0   0  0  0  0
  - 2.56s  -----R--    0  Y   Y  1.00  0.05 1.00 -  |   486.9    431.3  0.00 |  1.0  0.0 0   0   0  0  0  0
  - 2.46s  -----R--    0  Y   Y  1.00  0.13 1.00 -  |   486.9    431.3  0.00 |  1.0  0.0 0   0   0  0  0  0
  - 2.36s  -----R--    0  Y   Y  1.00  0.22 1.00 -  |   486.9    431.3  0.00 |  1.0  0.0 0   0   0  0  0  0
  - 2.25s  -----R--    0  Y   Y  1.00  0.30 1.00 -  |   486.9    431.3  0.00 |  1.0  0.0 0   0   0  0  0  0
  - 2.15s  -----R--    0  Y   Y  1.00  0.39 1.00 -  |   486.9    431.3  0.00 |  1.0  0.0 0   0   0  0  0  0
  - 2.04s  --------    0  Y   Y  1.00  0.47 1.00 T  |   487.1    431.4  0.00 |  1.0  0.0 0   0   0  0  0  0
  - 1.94s  --------    0  Y   Y  1.00  0.18 1.00 -  |   487.2    431.5  0.00 |  1.0  0.0 0   0   0  0  0  0
  - 1.84s  --------    0  Y   Y  1.00  0.27 1.00 -  |   487.5    431.6  0.00 |  1.0  0.0 0   0   0  0  0  0
  - 1.74s  --------    0  Y   Y  1.00  0.38 1.00 -  |   487.6    431.7  0.00 |  1.0  0.0 0   0   0  0  0  0
  - 1.64s  --------    0  Y   Y  1.00  0.47 1.00 -  |   487.8    431.8  0.00 |  1.0  0.0 0   0   0  0  0  0
  - 1.53s  -----R--    0  Y   Y  1.00  0.06 1.00 -  |   487.8    431.8  0.00 |  1.0  0.0 0   0   0  0  0  0
  - 1.43s  -----R--    0  Y   Y  1.00  0.15 1.00 -  |   487.8    431.8  0.00 |  1.0  0.0 0   0   0  0  0  0
  - 1.32s  -----R--    0  Y   Y  1.00  0.24 1.00 -  |   487.8    431.8  0.00 |  1.0  0.0 0   0   0  0  0  0
  - 1.22s  -----R--    0  Y   Y  1.00  0.32 1.00 -  |   487.8    431.8  0.00 |  1.0  0.0 0   0   0  0  0  0
  - 1.11s  --------    0  Y   Y  1.00  0.41 1.00 -  |   487.8    431.8  0.00 |  1.0  0.0 0   0   0  0  0  0
  - 1.01s  --------    0  Y   Y  1.00  0.10 1.00 -  |   488.0    431.9  0.00 |  1.0  0.0 0   0   0  0  0  0
  - 0.91s  --------    0  Y   Y  1.00  0.20 1.00 -  |   488.2    432.0  0.00 |  1.0  0.0 0   0   0  0  0  0
  - 0.80s  --------    0  Y   Y  1.00  0.30 1.00 -  |   488.4    432.1  0.00 |  1.0  0.0 0   0   0  0  0  0
  - 0.70s  --------    0  Y   Y  1.00  0.41 1.00 -  |   488.6    432.2  0.00 |  1.0  0.0 0   0   0  0  0  0
  - 0.60s  --------    0  Y   Y  1.00  0.51 1.00 -  |   488.8    432.3  0.00 |  1.0  0.0 0   0   0  0  0  0
  - 0.49s  --------    0  Y   Y  1.00  0.61 1.00 -  |   488.9    432.4  0.00 |  1.0  0.0 0   0   0  0  0  0
  - 0.39s  --------    0  Y   Y  1.00  0.71 1.00 -  |   489.1    432.5  0.00 |  1.0  0.0 0   0   0  0  0  0
  - 0.29s  --------    0  Y   Y  1.00  0.81 1.00 -  |   489.3    432.6  0.00 |  1.0  0.0 0   0   0  0  0  0
  - 0.19s  --------    0  Y   Y  1.00  0.92 1.00 -  |   489.5    432.7  0.00 |  1.0  0.0 0   0   0  0  0  0
  - 0.09s  --------    0  Y   Y  1.00  1.02 1.00 -  |   489.7    432.8  0.00 |  1.0  0.0 0   0   0  0  0  0
=========================================================== END

[ 13966   73.242 x1.00] LOG  [CameraGameFeel] Shake: intensity=0.50 duration=0.400s
[ 13966   73.242 x1.00] LOG  [OniBoss] Attack missed, player out of range (4.1m > 3.5m)
[ 13966   73.242 x1.00] LOG  [OniBoss:ClubPos] ClubSlam at strike: club tip 0.58m up, 2.90m in front, -0.22m to his right (2.91m out from his centre). Club faces 5deg from his forward, pitch -0.25. (the ground wave is born 1.6m in front of him at 0.35m.)
[ 13966   73.242 x1.00] LOG  [OniBoss:Layer] ClubSlam: club missed — ground wave born 1.6m in front, 12m/s x 6.0m = armed 0.50s, carrying 10 (half of the club's 20).
[ 13990   73.377 x1.00] LOG  [OniBoss] Attack → Recovery
[ 13990   73.377 x1.00] LOG  [OniBoss] Playing animation: Watch
[ 13990   73.377 x1.00] LOG  [OniBoss:Trail] trail END at clip 0.99, fading over 0.40s.
[ 13990   73.377 x1.00] LOG  [Combat] Hit react: HitReact_Light_2Leg (0.5s)
[ 13990   73.377 x1.00] LOG  [HitReactTrace] asked for 'HitReact_Light_2Leg' (0.50s) — blend resolved after 0 ms, now playing a clip 1.00s long at speed 1.00, layer weight 1.00, animator.speed 1.00.
[ 13990   73.377 x1.00] LOG  [CameraGameFeel] Shake: intensity=0.09 duration=0.150s
[ 13990   73.377 x1.00] LOG  [CameraGameFeel] FOV punch: player damage (-2.0°)
[ 13990   73.377 x1.00] LOG  [OniBoss:Wave] wave TOUCHED Yoru (grounded) for 10 after 1.6m / 0.13s of travel.
[ 13990   73.377 x1.00] LOG  [OniBoss:Strike] ClubSlam: club tip closest to Yoru at 0.51m, clip position 0.60 | damage fires at 0.85 | clip 0.93s => damage fires 233 ms AFTER the club is closest — it lands once the club has passed her
[ 14018   73.527 x1.00] LOG  [OniBoss] Recovery → Chase
[ 14019   73.537 x1.00] LOG  [OniBoss] hold-ground: BACKSTEP 1.5m (player 4.4m)
[ 14019   73.537 x1.00] LOG  [OniBoss] hold-ground: backstep done (0.00m), WATCH (player 4.4m, cooldown 3.0s)
[ 14119   74.062 x1.00] LOG  [OniBoss] Playing animation: run
[ 14308   75.058 x1.00] LOG  [OniBoss] Playing animation: Watch
[ 14423   75.662 x1.00] LOG  [OniBoss] Playing animation: run
[ 14584   76.529 x1.00] LOG  [OniBoss] Pull-band decision: RUN-IN (dist 3.8m, pullRange 0m, chance 0.50)
[ 14610   76.656 x1.00] LOG  [OniBoss] Playing animation: Watch
[ 14610   76.656 x1.00] LOG  [OniBoss] Combo started: ClubSwing1 → ClubSwing2 → ClubSlam (3 steps remaining)
[ 14610   76.656 x1.00] LOG  [OniBoss] Chase → Attack
[ 14610   76.656 x1.00] LOG  [OniBoss] Attack: Club_Swing (16 dmg)
[ 14610   76.656 x1.00] LOG  [OniBoss:Trail] Club_Swing trail START at clip 1.00 (transition done).
[ 14639   76.819 x1.00] LOG  [OniBoss:Layer] step-in: 'Club_Swing' closed 0.81m, Yoru now 3.0m away (range 3.5)
[ 14641   76.829 x1.00] LOG  [OniBoss:Layer] step-in: 'Club_Swing' closed 0.85m, Yoru now 3.0m away (range 3.5)
[ 14645   76.849 x1.00] LOG  [OniBoss:Layer] step-in: 'Club_Swing' closed 0.89m, Yoru now 3.0m away (range 3.5)
[ 14649   76.869 x1.00] LOG  [OniBoss:Layer] step-in: 'Club_Swing' closed 0.93m, Yoru now 3.0m away (range 3.5)
[ 14652   76.891 x1.00] LOG  [OniBoss:Layer] step-in: 'Club_Swing' closed 0.97m, Yoru now 3.0m away (range 3.5)
[ 14653   76.900 x1.00] LOG  [OniBoss:Layer] step-in: 'Club_Swing' closed 1.01m, Yoru now 3.0m away (range 3.5)
[ 14674   77.012 x1.00] LOG  [CameraGameFeel] Shake: intensity=0.20 duration=0.250s
[ 14674   77.012 x1.00] LOG  [Combat] Hit react: HitReact_Light_2Leg (0.5s)
[ 14674   77.012 x1.00] LOG  [HitReactTrace] asked for 'HitReact_Light_2Leg' (0.50s) — blend resolved after 0 ms, now playing a clip 1.00s long at speed 1.00, layer weight 1.00, animator.speed 1.00.
[ 14674   77.012 x1.00] LOG  [CameraGameFeel] Shake: intensity=0.09 duration=0.150s
[ 14674   77.012 x1.00] LOG  [CameraGameFeel] FOV punch: player damage (-2.0°)
[ 14674   77.012 x1.00] LOG  [OniBoss] Hit player for 16 (Club_Swing)
[ 14674   77.012 x1.00] LOG  [OniBoss:ClubPos] Club_Swing at strike: club tip 3.02m up, 2.75m in front, -2.81m to his right (3.93m out from his centre). Club faces -77deg from his forward, pitch 0.40. (the ground wave is born 1.6m in front of him at 0.35m.)
[ 14674   77.012 x1.00] LOG  [OniBoss:Layer] Club_Swing: club connected — this swing's wave is cancelled.
[ 14700   77.159 x1.00] LOG  
==================== [FREEZE-DEBUG v3] ====================
  Reason : WASD-NOMOVE: WASD recent + speed 0.00m/s for 0.41s
  Time   : 73.209s   Frame: 14700   Snaps: 60
===========================================================

--- CURRENT STATE ---
  Flags: atk=False hvy=False dod=False dsh=False
         grd=False hit=True aerial=False lockPos=False
         comboStep=0
  Anim : speed=1.00  combatLayer hash=-900461460 normT=0.114 weight=1.00 inTransition=False
  CC   : grounded=True  enabled=True  pos=(495.82, -0.02, 436.01)  vel=(0.00, 0.00, 0.00)
  Move : IsRunning=False
  Input: H=1.00 V=0.00  LMB=False MMB=False Q=False Sp=False Sh=False C=False
         WASD pressed in last 0.5s: True (last 0.00s ago)

--- FLIGHT RECORDER (60 snapshots, oldest first, dt=0.10s) ---
  Legend: flags = A(tk) H(vy) D(od) S(sh) G(rd) R(eact) Y(aerial) L(ock)   gnd/cc: Y/n
  t-now    flags     step gnd cc anSp normT layW tr | posX     posZ     spd   | H    V    LMB MMB Q  Sp Sh C
  ------   --------  ---- --- -- ---- ----- ---- -- | -----    -----    ----  | ---- ---- --- --- -- -- -- -
  - 6.19s  -----R--    0  Y   Y  1.00  0.39 1.00 -  |   486.9    431.3  0.00 |  1.0  0.0 0   0   0  0  0  0
  - 6.08s  --------    0  Y   Y  1.00  0.47 1.00 T  |   487.1    431.4  0.00 |  1.0  0.0 0   0   0  0  0  0
  - 5.98s  --------    0  Y   Y  1.00  0.18 1.00 -  |   487.2    431.5  0.00 |  1.0  0.0 0   0   0  0  0  0
  - 5.88s  --------    0  Y   Y  1.00  0.27 1.00 -  |   487.5    431.6  0.00 |  1.0  0.0 0   0   0  0  0  0
  - 5.78s  --------    0  Y   Y  1.00  0.38 1.00 -  |   487.6    431.7  0.00 |  1.0  0.0 0   0   0  0  0  0
  - 5.67s  --------    0  Y   Y  1.00  0.47 1.00 -  |   487.8    431.8  0.00 |  1.0  0.0 0   0   0  0  0  0
  - 5.57s  -----R--    0  Y   Y  1.00  0.06 1.00 -  |   487.8    431.8  0.00 |  1.0  0.0 0   0   0  0  0  0
  - 5.46s  -----R--    0  Y   Y  1.00  0.15 1.00 -  |   487.8    431.8  0.00 |  1.0  0.0 0   0   0  0  0  0
  - 5.36s  -----R--    0  Y   Y  1.00  0.24 1.00 -  |   487.8    431.8  0.00 |  1.0  0.0 0   0   0  0  0  0
  - 5.26s  -----R--    0  Y   Y  1.00  0.32 1.00 -  |   487.8    431.8  0.00 |  1.0  0.0 0   0   0  0  0  0
  - 5.15s  --------    0  Y   Y  1.00  0.41 1.00 -  |   487.8    431.8  0.00 |  1.0  0.0 0   0   0  0  0  0
  - 5.05s  --------    0  Y   Y  1.00  0.10 1.00 -  |   488.0    431.9  0.00 |  1.0  0.0 0   0   0  0  0  0
  - 4.95s  --------    0  Y   Y  1.00  0.20 1.00 -  |   488.2    432.0  0.00 |  1.0  0.0 0   0   0  0  0  0
  - 4.84s  --------    0  Y   Y  1.00  0.30 1.00 -  |   488.4    432.1  0.00 |  1.0  0.0 0   0   0  0  0  0
  - 4.74s  --------    0  Y   Y  1.00  0.41 1.00 -  |   488.6    432.2  0.00 |  1.0  0.0 0   0   0  0  0  0
  - 4.64s  --------    0  Y   Y  1.00  0.51 1.00 -  |   488.8    432.3  0.00 |  1.0  0.0 0   0   0  0  0  0
  - 4.53s  --------    0  Y   Y  1.00  0.61 1.00 -  |   488.9    432.4  0.00 |  1.0  0.0 0   0   0  0  0  0
  - 4.43s  --------    0  Y   Y  1.00  0.71 1.00 -  |   489.1    432.5  0.00 |  1.0  0.0 0   0   0  0  0  0
  - 4.33s  --------    0  Y   Y  1.00  0.81 1.00 -  |   489.3    432.6  0.00 |  1.0  0.0 0   0   0  0  0  0
  - 4.23s  --------    0  Y   Y  1.00  0.92 1.00 -  |   489.5    432.7  0.00 |  1.0  0.0 0   0   0  0  0  0
  - 4.13s  --------    0  Y   Y  1.00  1.02 1.00 -  |   489.7    432.8  0.00 |  1.0  0.0 0   0   0  0  0  0
  - 4.03s  --------    0  Y   Y  1.00  1.12 1.00 -  |   489.8    432.9  0.00 |  1.0  0.0 0   0   0  0  0  0
  - 3.92s  --------    0  Y   Y  1.00  1.22 1.00 -  |   490.0    433.0  0.00 |  1.0  0.0 0   0   0  0  0  0
  - 3.82s  --------    0  Y   Y  1.00  1.33 1.00 -  |   490.2    433.1  0.00 |  1.0  0.0 0   0   0  0  0  0
  - 3.71s  -----R--    0  Y   Y  1.00  0.05 1.00 -  |   490.3    433.1  0.00 |  1.0  0.0 0   0   0  0  0  0
  - 3.61s  -----R--    0  Y   Y  1.00  0.14 1.00 -  |   490.3    433.1  0.00 |  1.0  0.0 0   0   0  0  0  0
  - 3.50s  -----R--    0  Y   Y  1.00  0.23 1.00 -  |   490.3    433.1  0.00 |  1.0  0.0 0   0   0  0  0  0
  - 3.40s  -----R--    0  Y   Y  1.00  0.31 1.00 -  |   490.3    433.1  0.00 |  1.0  0.0 0   0   0  0  0  0
  - 3.29s  -----R--    0  Y   Y  1.00  0.40 1.00 -  |   490.3    433.1  0.00 |  1.0  0.0 0   0   0  0  0  0
  - 3.19s  --------    0  Y   Y  1.00  0.48 1.00 T  |   490.4    433.2  0.00 |  1.0  0.0 0   0   0  0  0  0
  - 3.09s  --------    0  Y   Y  1.00  0.18 1.00 -  |   490.6    433.3  0.00 |  1.0  0.0 0   0   0  0  0  0
  - 2.99s  --------    0  Y   Y  1.00  0.29 1.00 -  |   490.8    433.4  0.00 |  1.0  0.0 0   0   0  0  0  0
  - 2.89s  --------    0  Y   Y  1.00  0.39 1.00 -  |   491.0    433.5  0.00 |  1.0  0.0 0   0   0  0  0  0
  - 2.78s  --------    0  Y   Y  1.00  0.49 1.00 -  |   491.1    433.6  0.00 |  1.0  0.0 0   0   0  0  0  0
  - 2.68s  --------    0  Y   Y  1.00  0.59 1.00 -  |   491.3    433.6  0.00 |  1.0  0.0 0   0   0  0  0  0
  - 2.58s  --------    0  Y   Y  1.00  0.70 1.00 -  |   491.5    433.8  0.00 |  1.0  0.0 0   0   0  0  0  0
  - 2.48s  --------    0  Y   Y  1.00  0.80 1.00 -  |   491.7    433.9  0.00 |  1.0  0.0 0   0   0  0  0  0
  - 2.37s  --------    0  Y   Y  1.00  0.90 1.00 -  |   491.9    433.9  0.00 |  1.0  0.0 0   0   0  0  0  0
  - 2.27s  --------    0  Y   Y  1.00  1.01 1.00 -  |   492.1    434.0  0.00 |  1.0  0.0 0   0   0  0  0  0
  - 2.16s  --------    0  Y   Y  1.00  1.11 1.00 -  |   492.2    434.1  0.00 |  1.0  0.0 0   0   0  0  0  0
  - 2.06s  --------    0  Y   Y  1.00  1.21 1.00 -  |   492.5    434.2  0.00 |  1.0  0.0 0   0   0  0  0  0
  - 1.96s  --------    0  Y   Y  1.00  1.32 1.00 -  |   492.6    434.3  0.00 |  1.0  0.0 0   0   0  0  0  0
  - 1.85s  --------    0  Y   Y  1.00  1.42 1.00 -  |   492.8    434.4  0.00 |  1.0  0.0 0   0   0  0  0  0
  - 1.75s  --------    0  Y   Y  1.00  1.52 1.00 -  |   493.0    434.5  0.00 |  1.0  0.0 0   0   0  0  0  0
  - 1.65s  --------    0  Y   Y  1.00  1.63 1.00 -  |   493.2    434.6  0.00 |  1.0  0.0 0   0   0  0  0  0
  - 1.55s  --------    0  Y   Y  1.00  1.73 1.00 -  |   493.3    434.7  0.00 |  1.0  0.0 0   0   0  0  0  0
  - 1.44s  --------    0  Y   Y  1.00  1.83 1.00 -  |   493.5    434.8  0.00 |  1.0  0.0 0   0   0  0  0  0
  - 1.34s  --------    0  Y   Y  1.00  1.93 1.00 -  |   493.7    434.9  0.00 |  1.0  0.0 0   0   0  0  0  0
  - 1.23s  --------    0  Y   Y  1.00  2.04 1.00 -  |   493.9    435.0  0.00 |  1.0  0.0 0   0   0  0  0  0
  - 1.13s  --------    0  Y   Y  1.00  2.14 1.00 -  |   494.1    435.1  0.00 |  1.0  0.0 0   0   0  0  0  0
  - 1.02s  --------    0  Y   Y  1.00  2.25 1.00 -  |   494.3    435.2  0.00 |  1.0  0.0 0   0   0  0  0  0
  - 0.92s  --------    0  Y   Y  1.00  2.35 1.00 -  |   494.4    435.3  0.00 |  1.0  0.0 0   0   0  0  0  0
  - 0.82s  --------    0  Y   Y  1.00  2.45 1.00 -  |   494.6    435.4  0.00 |  1.0  0.0 0   0   0  0  0  0
  - 0.72s  --------    0  Y   Y  1.00  2.55 1.00 -  |   494.8    435.5  0.00 |  1.0  0.0 0   0   0  0  0  0
  - 0.62s  --------    0  Y   Y  1.00  2.66 1.00 -  |   495.0    435.6  0.00 |  1.0  0.0 0   0   0  0  0  0
  - 0.51s  --------    0  Y   Y  1.00  2.76 1.00 -  |   495.2    435.7  0.00 |  1.0  0.0 0   0   0  0  0  0
  - 0.41s  --------    0  Y   Y  1.00  2.86 1.00 -  |   495.4    435.8  0.00 |  1.0  0.0 0   0   0  0  0  0
  - 0.30s  --------    0  Y   Y  1.00  2.97 1.00 -  |   495.5    435.9  0.00 |  1.0  0.0 0   0   0  0  0  0
  - 0.20s  --------    0  Y   Y  1.00  3.07 1.00 -  |   495.7    436.0  0.00 |  1.0  0.0 0   0   0  0  0  0
  - 0.10s  -----R--    0  Y   Y  1.00  0.04 1.00 -  |   495.8    436.0  0.00 |  1.0  0.0 0   0   0  0  0  0
=========================================================== END

[ 14767   77.501 x1.00] LOG  [OniBoss] Attack → Recovery
[ 14767   77.501 x1.00] LOG  [OniBoss] Playing animation: Watch
[ 14767   77.501 x1.00] LOG  [OniBoss:Trail] trail END at clip 1.00, fading over 0.40s.
[ 14767   77.501 x1.00] LOG  [OniBoss:Strike] Club_Swing: club tip closest to Yoru at 1.69m, clip position 0.91 | damage fires at 0.42 | clip 0.84s => damage fires 413 ms BEFORE the club is closest
[ 14796   77.660 x1.00] LOG  [OniBoss] Recovery → Attack
[ 14796   77.660 x1.00] LOG  [OniBoss] Attack: ClubSwing2 (16 dmg)
[ 14796   77.660 x1.00] LOG  [OniBoss:Trail] ClubSwing2 trail START at clip 1.00 (transition still blending).
[ 14823   77.814 x1.00] LOG  [OniBoss:Layer] step-in: 'ClubSwing2' closed 0.80m, Yoru now 3.0m away (range 3.5)
[ 14825   77.823 x1.00] LOG  [OniBoss:Layer] step-in: 'ClubSwing2' closed 0.84m, Yoru now 3.0m away (range 3.5)
[ 14830   77.849 x1.00] LOG  [OniBoss:Layer] step-in: 'ClubSwing2' closed 0.88m, Yoru now 3.0m away (range 3.5)
[ 14834   77.869 x1.00] LOG  [OniBoss:Layer] step-in: 'ClubSwing2' closed 0.92m, Yoru now 3.0m away (range 3.5)
[ 14838   77.889 x1.00] LOG  [OniBoss:Layer] step-in: 'ClubSwing2' closed 0.96m, Yoru now 3.0m away (range 3.5)
[ 14842   77.909 x1.00] LOG  [OniBoss:Layer] step-in: 'ClubSwing2' closed 1.00m, Yoru now 3.0m away (range 3.5)
[ 14846   77.929 x1.00] LOG  [OniBoss:Layer] step-in: 'ClubSwing2' closed 1.04m, Yoru now 3.0m away (range 3.5)
[ 14850   77.951 x1.00] LOG  [OniBoss:Layer] step-in: 'ClubSwing2' closed 1.08m, Yoru now 3.0m away (range 3.5)
[ 14852   77.968 x1.00] LOG  [OniBoss:Layer] step-in: 'ClubSwing2' closed 1.12m, Yoru now 3.0m away (range 3.5)
[ 14856   77.989 x1.00] LOG  [OniBoss:Layer] step-in: 'ClubSwing2' closed 1.16m, Yoru now 3.0m away (range 3.5)
[ 14860   78.009 x1.00] LOG  [OniBoss:Layer] step-in: 'ClubSwing2' closed 1.20m, Yoru now 3.0m away (range 3.5)
[ 14867   78.043 x1.00] LOG  [CameraGameFeel] Shake: intensity=0.20 duration=0.250s
[ 14867   78.043 x1.00] LOG  [Combat] Hit react: HitReact_Light_2Leg (0.5s)
[ 14867   78.043 x1.00] LOG  [HitReactTrace] asked for 'HitReact_Light_2Leg' (0.50s) — blend resolved after 0 ms, now playing a clip 1.00s long at speed 1.00, layer weight 1.00, animator.speed 1.00.
[ 14867   78.043 x1.00] LOG  [CameraGameFeel] Shake: intensity=0.09 duration=0.150s
[ 14867   78.043 x1.00] LOG  [CameraGameFeel] FOV punch: player damage (-2.0°)
[ 14867   78.043 x1.00] LOG  [OniBoss] Hit player for 16 (ClubSwing2)
[ 14867   78.043 x1.00] LOG  [OniBoss:ClubPos] ClubSwing2 at strike: club tip 0.16m up, 1.66m in front, 2.60m to his right (3.08m out from his centre). Club faces 13deg from his forward, pitch -0.89. (the ground wave is born 1.6m in front of him at 0.35m.)
[ 14867   78.043 x1.00] LOG  [OniBoss:Layer] ClubSwing2: club connected — this swing's wave is cancelled.
[ 15017   78.823 x1.00] LOG  [OniBoss] Attack → Recovery
[ 15017   78.823 x1.00] LOG  [OniBoss] Playing animation: Watch
[ 15017   78.823 x1.00] LOG  [OniBoss:Trail] trail END at clip 0.99, fading over 0.40s.
[ 15017   78.823 x1.00] LOG  [OniBoss:Strike] ClubSwing2: club tip closest to Yoru at 0.45m, clip position 0.30 | damage fires at 0.32 | clip 1.17s => MATCHED (within one or two frames)
[ 15046   78.973 x1.00] LOG  [OniBoss] Recovery → Attack
[ 15046   78.973 x1.00] LOG  [OniBoss] Attack: ClubSlam (20 dmg)
[ 15046   78.973 x1.00] LOG  [OniBoss:Trail] ClubSlam trail START at clip 1.00 (transition still blending).
[ 15203   79.769 x1.00] LOG  [CameraGameFeel] Shake: intensity=0.50 duration=0.400s
[ 15203   79.769 x1.00] LOG  [OniBoss] Attack missed, player out of range (4.1m > 3.5m)
[ 15203   79.769 x1.00] LOG  [OniBoss:ClubPos] ClubSlam at strike: club tip 0.57m up, 2.90m in front, -0.20m to his right (2.91m out from his centre). Club faces 5deg from his forward, pitch -0.25. (the ground wave is born 1.6m in front of him at 0.35m.)
[ 15203   79.769 x1.00] LOG  [OniBoss:Layer] ClubSlam: club missed — ground wave born 1.6m in front, 12m/s x 6.0m = armed 0.50s, carrying 10 (half of the club's 20).
[ 15227   79.900 x1.00] LOG  [OniBoss] Attack → Recovery
[ 15227   79.900 x1.00] LOG  [OniBoss] Playing animation: Watch
[ 15227   79.900 x1.00] LOG  [OniBoss:Trail] trail END at clip 0.99, fading over 0.40s.
[ 15227   79.900 x1.00] LOG  [OniBoss:Strike] ClubSlam: club tip closest to Yoru at 0.56m, clip position 0.59 | damage fires at 0.85 | clip 0.93s => damage fires 237 ms AFTER the club is closest — it lands once the club has passed her
[ 15228   79.904 x1.00] LOG  [Combat] Hit react: HitReact_Light_2Leg (0.5s)
[ 15228   79.904 x1.00] LOG  [HitReactTrace] asked for 'HitReact_Light_2Leg' (0.50s) — blend resolved after 0 ms, now playing a clip 1.00s long at speed 1.00, layer weight 1.00, animator.speed 1.00.
[ 15228   79.904 x1.00] LOG  [CameraGameFeel] Shake: intensity=0.09 duration=0.150s
[ 15228   79.904 x1.00] LOG  [CameraGameFeel] FOV punch: player damage (-2.0°)
[ 15228   79.904 x1.00] LOG  [OniBoss:Wave] wave TOUCHED Yoru (grounded) for 10 after 1.6m / 0.13s of travel.
[ 15257   80.052 x1.00] LOG  [OniBoss] Recovery → Chase
[ 15258   80.058 x1.00] LOG  [OniBoss] hold-ground: BACKSTEP 1.5m (player 4.4m)
[ 15258   80.058 x1.00] LOG  [OniBoss] hold-ground: backstep done (0.00m), WATCH (player 4.4m, cooldown 3.0s)
[ 15357   80.583 x1.00] LOG  [OniBoss] Playing animation: run
[ 15378   80.702 x1.00] LOG  [StormWeather] ⚡ strike at (475.67, 45.00, 454.06)
[ 15470   81.179 x1.00] LOG  
==================== [FREEZE-DEBUG v3] ====================
  Reason : WASD-NOMOVE: WASD recent + speed 0.00m/s for 0.40s
  Time   : 77.230s   Frame: 15470   Snaps: 60
===========================================================

--- CURRENT STATE ---
  Flags: atk=False hvy=False dod=False dsh=False
         grd=False hit=False aerial=False lockPos=False
         comboStep=0
  Anim : speed=1.00  combatLayer hash=-792875657 normT=0.769 weight=1.00 inTransition=False
  CC   : grounded=True  enabled=True  pos=(500.53, -0.02, 438.47)  vel=(0.00, 0.00, 0.00)
  Move : IsRunning=False
  Input: H=1.00 V=0.00  LMB=False MMB=False Q=False Sp=False Sh=False C=False
         WASD pressed in last 0.5s: True (last 0.00s ago)

--- FLIGHT RECORDER (60 snapshots, oldest first, dt=0.10s) ---
  Legend: flags = A(tk) H(vy) D(od) S(sh) G(rd) R(eact) Y(aerial) L(ock)   gnd/cc: Y/n
  t-now    flags     step gnd cc anSp normT layW tr | posX     posZ     spd   | H    V    LMB MMB Q  Sp Sh C
  ------   --------  ---- --- -- ---- ----- ---- -- | -----    -----    ----  | ---- ---- --- --- -- -- -- -
  - 6.08s  --------    0  Y   Y  1.00  1.21 1.00 -  |   492.5    434.2  0.00 |  1.0  0.0 0   0   0  0  0  0
  - 5.98s  --------    0  Y   Y  1.00  1.32 1.00 -  |   492.6    434.3  0.00 |  1.0  0.0 0   0   0  0  0  0
  - 5.87s  --------    0  Y   Y  1.00  1.42 1.00 -  |   492.8    434.4  0.00 |  1.0  0.0 0   0   0  0  0  0
  - 5.77s  --------    0  Y   Y  1.00  1.52 1.00 -  |   493.0    434.5  0.00 |  1.0  0.0 0   0   0  0  0  0
  - 5.67s  --------    0  Y   Y  1.00  1.63 1.00 -  |   493.2    434.6  0.00 |  1.0  0.0 0   0   0  0  0  0
  - 5.57s  --------    0  Y   Y  1.00  1.73 1.00 -  |   493.3    434.7  0.00 |  1.0  0.0 0   0   0  0  0  0
  - 5.46s  --------    0  Y   Y  1.00  1.83 1.00 -  |   493.5    434.8  0.00 |  1.0  0.0 0   0   0  0  0  0
  - 5.36s  --------    0  Y   Y  1.00  1.93 1.00 -  |   493.7    434.9  0.00 |  1.0  0.0 0   0   0  0  0  0
  - 5.25s  --------    0  Y   Y  1.00  2.04 1.00 -  |   493.9    435.0  0.00 |  1.0  0.0 0   0   0  0  0  0
  - 5.15s  --------    0  Y   Y  1.00  2.14 1.00 -  |   494.1    435.1  0.00 |  1.0  0.0 0   0   0  0  0  0
  - 5.04s  --------    0  Y   Y  1.00  2.25 1.00 -  |   494.3    435.2  0.00 |  1.0  0.0 0   0   0  0  0  0
  - 4.94s  --------    0  Y   Y  1.00  2.35 1.00 -  |   494.4    435.3  0.00 |  1.0  0.0 0   0   0  0  0  0
  - 4.84s  --------    0  Y   Y  1.00  2.45 1.00 -  |   494.6    435.4  0.00 |  1.0  0.0 0   0   0  0  0  0
  - 4.74s  --------    0  Y   Y  1.00  2.55 1.00 -  |   494.8    435.5  0.00 |  1.0  0.0 0   0   0  0  0  0
  - 4.64s  --------    0  Y   Y  1.00  2.66 1.00 -  |   495.0    435.6  0.00 |  1.0  0.0 0   0   0  0  0  0
  - 4.53s  --------    0  Y   Y  1.00  2.76 1.00 -  |   495.2    435.7  0.00 |  1.0  0.0 0   0   0  0  0  0
  - 4.43s  --------    0  Y   Y  1.00  2.86 1.00 -  |   495.4    435.8  0.00 |  1.0  0.0 0   0   0  0  0  0
  - 4.32s  --------    0  Y   Y  1.00  2.97 1.00 -  |   495.5    435.9  0.00 |  1.0  0.0 0   0   0  0  0  0
  - 4.22s  --------    0  Y   Y  1.00  3.07 1.00 -  |   495.7    436.0  0.00 |  1.0  0.0 0   0   0  0  0  0
  - 4.12s  -----R--    0  Y   Y  1.00  0.04 1.00 -  |   495.8    436.0  0.00 |  1.0  0.0 0   0   0  0  0  0
  - 4.01s  -----R--    0  Y   Y  1.00  0.12 1.00 -  |   495.8    436.0  0.00 |  1.0  0.0 0   0   0  0  0  0
  - 3.91s  -----R--    0  Y   Y  1.00  0.21 1.00 -  |   495.8    436.0  0.00 |  1.0  0.0 0   0   0  0  0  0
  - 3.81s  -----R--    0  Y   Y  1.00  0.29 1.00 -  |   495.8    436.0  0.00 |  1.0  0.0 0   0   0  0  0  0
  - 3.71s  -----R--    0  Y   Y  1.00  0.38 1.00 -  |   495.8    436.0  0.00 |  1.0  0.0 0   0   0  0  0  0
  - 3.60s  --------    0  Y   Y  1.00  0.46 1.00 T  |   495.9    436.1  0.00 |  1.0  0.0 0   0   0  0  0  0
  - 3.50s  --------    0  Y   Y  1.00  0.16 1.00 -  |   496.1    436.2  0.00 |  1.0  0.0 0   0   0  0  0  0
  - 3.40s  --------    0  Y   Y  1.00  0.26 1.00 -  |   496.3    436.3  0.00 |  1.0  0.0 0   0   0  0  0  0
  - 3.30s  --------    0  Y   Y  1.00  0.36 1.00 -  |   496.5    436.4  0.00 |  1.0  0.0 0   0   0  0  0  0
  - 3.20s  --------    0  Y   Y  1.00  0.46 1.00 -  |   496.7    436.5  0.00 |  1.0  0.0 0   0   0  0  0  0
  - 3.09s  -----R--    0  Y   Y  1.00  0.03 1.00 -  |   496.8    436.5  0.00 |  1.0  0.0 0   0   0  0  0  0
  - 2.99s  -----R--    0  Y   Y  1.00  0.12 1.00 -  |   496.8    436.5  0.00 |  1.0  0.0 0   0   0  0  0  0
  - 2.89s  -----R--    0  Y   Y  1.00  0.20 1.00 -  |   496.8    436.5  0.00 |  1.0  0.0 0   0   0  0  0  0
  - 2.79s  -----R--    0  Y   Y  1.00  0.29 1.00 -  |   496.8    436.5  0.00 |  1.0  0.0 0   0   0  0  0  0
  - 2.68s  -----R--    0  Y   Y  1.00  0.37 1.00 -  |   496.8    436.5  0.00 |  1.0  0.0 0   0   0  0  0  0
  - 2.58s  --------    0  Y   Y  1.00  0.46 1.00 T  |   496.9    436.6  0.00 |  0.0  0.0 0   0   0  0  0  0
  - 2.47s  --------    0  Y   Y  1.00  0.16 1.00 -  |   497.1    436.7  0.00 |  0.0  0.0 0   0   0  0  0  0
  - 2.37s  --------    0  Y   Y  1.00  0.27 1.00 -  |   497.2    436.7  0.00 |  1.0  0.0 0   0   0  0  0  0
  - 2.26s  --------    0  Y   Y  1.00  0.37 1.00 -  |   497.4    436.8  0.00 |  1.0  0.0 0   0   0  0  0  0
  - 2.16s  --------    0  Y   Y  1.00  0.47 1.00 -  |   497.6    437.0  0.00 |  1.0  0.0 0   0   0  0  0  0
  - 2.05s  --------    0  Y   Y  1.00  0.58 1.00 -  |   497.8    437.0  0.00 |  1.0  0.0 0   0   0  0  0  0
  - 1.95s  --------    0  Y   Y  1.00  0.68 1.00 -  |   498.0    437.1  0.00 |  1.0  0.0 0   0   0  0  0  0
  - 1.85s  --------    0  Y   Y  1.00  0.78 1.00 -  |   498.2    437.2  0.00 |  1.0  0.0 0   0   0  0  0  0
  - 1.75s  --------    0  Y   Y  1.00  0.89 1.00 -  |   498.3    437.3  0.00 |  1.0  0.0 0   0   0  0  0  0
  - 1.65s  --------    0  Y   Y  1.00  0.99 1.00 -  |   498.5    437.4  0.00 |  1.0  0.0 0   0   0  0  0  0
  - 1.54s  --------    0  Y   Y  1.00  1.09 1.00 -  |   498.7    437.5  0.00 |  1.0  0.0 0   0   0  0  0  0
  - 1.44s  --------    0  Y   Y  1.00  1.19 1.00 -  |   498.9    437.6  0.00 |  1.0  0.0 0   0   0  0  0  0
  - 1.34s  --------    0  Y   Y  1.00  1.29 1.00 -  |   499.1    437.7  0.00 |  1.0  0.0 0   0   0  0  0  0
  - 1.24s  -----R--    0  Y   Y  1.00  0.03 1.00 -  |   499.2    437.8  0.00 |  1.0  0.0 0   0   0  0  0  0
  - 1.13s  -----R--    0  Y   Y  1.00  0.11 1.00 -  |   499.2    437.8  0.00 |  1.0  0.0 0   0   0  0  0  0
  - 1.03s  -----R--    0  Y   Y  1.00  0.20 1.00 -  |   499.2    437.8  0.00 |  1.0  0.0 0   0   0  0  0  0
  - 0.93s  -----R--    0  Y   Y  1.00  0.28 1.00 -  |   499.2    437.8  0.00 |  1.0  0.0 0   0   0  0  0  0
  - 0.83s  -----R--    0  Y   Y  1.00  0.37 1.00 -  |   499.2    437.8  0.00 |  1.0  0.0 0   0   0  0  0  0
  - 0.72s  --------    0  Y   Y  1.00  0.45 1.00 T  |   499.3    437.8  0.00 |  1.0  0.0 0   0   0  0  0  0
  - 0.62s  --------    0  Y   Y  1.00  0.15 1.00 -  |   499.4    437.9  0.00 |  1.0  0.0 0   0   0  0  0  0
  - 0.51s  --------    0  Y   Y  1.00  0.25 1.00 -  |   499.6    438.0  0.00 |  1.0  0.0 0   0   0  0  0  0
  - 0.41s  --------    0  Y   Y  1.00  0.36 1.00 -  |   499.8    438.1  0.00 |  1.0  0.0 0   0   0  0  0  0
  - 0.31s  --------    0  Y   Y  1.00  0.46 1.00 -  |   500.0    438.2  0.00 |  1.0  0.0 0   0   0  0  0  0
  - 0.21s  --------    0  Y   Y  1.00  0.56 1.00 -  |   500.2    438.3  0.00 |  1.0  0.0 0   0   0  0  0  0
  - 0.11s  --------    0  Y   Y  1.00  0.66 1.00 -  |   500.4    438.4  0.00 |  1.0  0.0 0   0   0  0  0  0
  - 0.01s  --------    0  Y   Y  1.00  0.77 1.00 -  |   500.5    438.5  0.00 |  1.0  0.0 0   0   0  0  0  0
=========================================================== END

[ 15548   81.590 x1.00] LOG  [OniBoss] Playing animation: Watch
[ 15828   83.054 x1.00] LOG  [OniBoss] hold-ground: cooldown over, player 3.7m > 3.5m — APPROACH
[ 15828   83.054 x1.00] LOG  [OniBoss] Playing animation: Walk
[ 15913   83.490 x1.00] LOG  [OniBoss] Combo started: ClubSwing1 → ClubSwing2 → ClubSlam (3 steps remaining)
[ 15913   83.490 x1.00] LOG  [OniBoss] Chase → Attack
[ 15913   83.490 x1.00] LOG  [OniBoss] Attack: Club_Swing (16 dmg)
[ 15913   83.490 x1.00] LOG  [OniBoss:Trail] Club_Swing trail START at clip 0.23 (transition done).
[ 15915   83.500 x1.00] LOG  [OniBoss:Layer] step-in: 'Club_Swing' closed 0.08m, Yoru now 3.0m away (range 3.5)
[ 15982   83.854 x1.00] LOG  [CameraGameFeel] Shake: intensity=0.20 duration=0.250s
[ 15982   83.854 x1.00] LOG  [Combat] Hit react: HitReact_Light_2Leg (0.5s)
[ 15982   83.854 x1.00] LOG  [HitReactTrace] asked for 'HitReact_Light_2Leg' (0.50s) — blend resolved after 0 ms, now playing a clip 1.00s long at speed 1.00, layer weight 1.00, animator.speed 1.00.
[ 15982   83.854 x1.00] LOG  [CameraGameFeel] Shake: intensity=0.09 duration=0.150s
[ 15982   83.854 x1.00] LOG  [CameraGameFeel] FOV punch: player damage (-2.0°)
[ 15982   83.854 x1.00] LOG  [OniBoss] Hit player for 16 (Club_Swing)
[ 15982   83.854 x1.00] LOG  [OniBoss:ClubPos] Club_Swing at strike: club tip 3.04m up, 1.77m in front, -3.22m to his right (3.68m out from his centre). Club faces -98deg from his forward, pitch 0.41. (the ground wave is born 1.6m in front of him at 0.35m.)
[ 15982   83.854 x1.00] LOG  [OniBoss:Layer] Club_Swing: club connected — this swing's wave is cancelled.
[ 16054   84.245 x1.00] LOG  [StormWeather] terrain layers restored to dry values.
# end — 737 lines
