# Oni combat log — 2026-09-02 19:10:42
# Unity 6000.2.7f2 | scene 'CaveScene_Oni_Boss1' | platform OSXEditor
# columns: [frame realSeconds timeScale] KIND message      (KIND: LOG WARN ERR EXC TEL)
#
[     0    0.000 x1.00] LOG  [OniLog] console + telemetry → /Users/asenahazal/Documents/Yoru/OniLogs/oni_2026-09-02_19-10-42.log
[     1    0.000 x1.00] LOG  [TailAirShot4Leg] Ready. drawState=shoot_4Leg castParam=Shoot4LegSpeed (found) readyFrame=5 fireFrame=10 frames=24 slowBudget=3s real damageMultiplier=2.00
  arrow leaves: PlayerYoru_1.1/Cat_All_10_Tails_v4/Group/DeformationSystem/root/Root_M/Tail15_R/Tail151_R/Tail152_R/Tail153_R/Tail154_R/Tail155_R/Tail156_R/Tail157_R/Tail158_R/Tail159_R/Tail1510_R/Tail1511_R/Tail1512_R/Tail6_R/Tail6_R_end/Tail6_R_end_end/Tail6_R_end_end_end/RightTailTip_Anchor
  aim VFX left:  PlayerYoru_1.1/Cat_All_10_Tails_v4/Group/DeformationSystem/root/Root_M/Tail15_L/Tail151_L/Tail152_L/Tail153_L/Tail154_L/Tail155_L/Tail156_L/Tail157_L/Tail158_L/Tail159_L/Tail1510_L/Tail1511_L/Tail1512_L/Tail6_L/Tail6_L_end/Tail6_L_end_end/Tail6_L_end_end_end/LeftTailTip_Anchor/Glow_4Leg_L
  aim VFX right: PlayerYoru_1.1/Cat_All_10_Tails_v4/Group/DeformationSystem/root/Root_M/Tail15_R/Tail151_R/Tail152_R/Tail153_R/Tail154_R/Tail155_R/Tail156_R/Tail157_R/Tail158_R/Tail159_R/Tail1510_R/Tail1511_R/Tail1512_R/Tail6_R/Tail6_R_end/Tail6_R_end_end/Tail6_R_end_end_end/RightTailTip_Anchor/Glow_4Leg_R
[     1    0.000 x1.00] LOG  [TailAirShot] Ready. drawState=RightTail_Fast castParam=TailCastSpeed (found)
  arrow leaves: PlayerYoru_1.1/Cat_All_10_Tails_v4/Group/DeformationSystem/root/Root_M/Tail15_R/Tail151_R/Tail152_R/Tail153_R/Tail154_R/Tail155_R/Tail156_R/Tail157_R/Tail158_R/Tail159_R/Tail1510_R/Tail1511_R/Tail1512_R/Tail6_R/Tail6_R_end/Tail6_R_end_end/Tail6_R_end_end_end/RightTailTip_Anchor
  aim VFX: PlayerYoru_1.1/Cat_All_10_Tails_v4/Group/DeformationSystem/root/Root_M/Tail15_R/Tail151_R/Tail152_R/Tail153_R/Tail154_R/Tail155_R/Tail156_R/Tail157_R/Tail158_R/Tail159_R/Tail1510_R/Tail1511_R/Tail1512_R/Tail6_R/Tail6_R_end/Tail6_R_end_end/Tail6_R_end_end_end/RightTailTip_Anchor/vfx_Muzzle_Fireball01Blue
[     1    0.000 x1.00] LOG  [PlayerCombat] Phase 2 form gate CONNECTED (FormController found on this GameObject).
[     1    0.000 x1.00] LOG  [Combat] PlayerCombat initialized — Phase 3C v27
[     1    0.000 x1.00] LOG  [RingMesh] VFX Status:
[     1    0.000 x1.00] LOG    Left: Prefab=✓, Spawn=Tail6_L_end_end_end
[     1    0.000 x1.00] LOG    Right: Prefab=✓, Spawn=Tail6_R_end_end_end
[     1    0.000 x1.00] LOG  === VFX MANAGER INITIALIZED ===
[     1    0.000 x1.00] LOG  Auto-detect animations: False
[     1    0.000 x1.00] LOG  Parent effects to tail: True
[     1    0.000 x1.00] LOG  Prefabs: Jump=True, Land=True, LTail=True, RTail=True
[     1    0.000 x1.00] LOG  ✅ Left Tail Tip: LeftTailVFX
[     1    0.000 x1.00] LOG  ✅ Right Tail Tip: RightTailTip_Anchor
[     1    0.000 x1.00] LOG  [StormWeather] layer 'TerrainLayer_Dirt_01' dry smoothness=0.00 (restore to this if a crash ever leaves it wet)
[     1    0.000 x1.00] LOG  [StormWeather] COZY bridge: Rain_Cave retired — COZY owns the rain now.
[     1    0.000 x1.00] LOG  [StormWeather] COZY → 'Receeding Storm' (phase 1 — dark clouds gather)
[     1    0.000 x1.00] LOG  [StormWeather] Ready. Rain on, floor drying... wait, soaking.
[     1    0.000 x1.00] LOG  [FreezeDebug v3] Armed. Manual=L. Auto=True. Buffer=60 snaps @ 0.1s = 6.0s history.
[     1    0.000 x1.00] LOG  [BossBar] BossHealthBarUI initialized
[     1    0.000 x1.00] LOG  OniBoss initialized with 500 HP
[     1    0.000 x1.00] LOG  [OniBoss] ANIMATOR SETUP: cullingMode=CullUpdateTransforms updateMode=Normal applyRootMotion=False speed=1
[     1    0.000 x1.00] LOG  [OniBoss] Initialized
[     1    0.000 x1.00] LOG  [OniBoss:Layer] facing: minFlat 1m, snapOnAttack off, trackInHitReact off
[     1    0.000 x1.00] LOG  [OniBoss:Layer] Yoru launch model ON: launches ALL THE WAY to an enemy within 4.7m of its surface at 10m/s (stop gap 0.00m, NO minimum distance), else steps 0.90m forward. Targeting cone left exactly as her prefab has it.
[     1    0.000 x1.00] LOG  [OniBoss:Layer] Yoru launch ROUND 9: airborne attacks launch too (ON), edge probe now runs on its OWN layer mask (Everything) instead of the line-of-sight mask - the Ground-only mask found no floor in this cave and was cancelling 100% of launches at 0.00m travelled.
[     1    0.000 x1.00] LOG  [OniBoss:Layer] animator speed x1.35 — his 1.13s swing now plays in 0.84s.
[     1    0.000 x1.00] LOG  [OniBoss:Layer] chase speed pushed: phase1 4.5, phase2 5.5 (Yoru runs at 7).
[     1    0.000 x1.00] LOG  [OniBoss:Layer] ground wave ON (round 38): half the club's damage on TOUCH, 12m/s x 6.0m from 1.6m in front at 0.35m height — a club hit cancels that swing's wave, jumping clears it. Per-attack effects come from the Swing Wave VFX By Attack rows. PlayerHealth found, PlayerMovement found.
[     1    0.000 x1.00] LOG  [StormWeather] storm break HELD (waiting for the lightning beat)
[     1    0.000 x1.00] LOG  [OniBoss:Layer] storm break HELD — it releases at the lightning-on-the-club beat.
[     1    0.000 x1.00] LOG  [OniBoss:Layer] club tracking ON — tip 'Kanabo3' (depth 4), shaft root 'kanabo'.
[     1    0.000 x1.00] LOG  [OniBoss:Layer] skinned meshes: 46 renderer(s), updateWhenOffscreen ON, body renderer 'Body' rootBone 'Hips'
[     1    0.000 x1.00] LOG  [OniBoss:Layer] charge travel bone: 'Hips' at depth 1 under 'OniBoss', rest local (0.00, 3.24, -0.24)
[     1    0.000 x1.00] LOG  [OniBoss:Layer] anti-kite ON: thrown swing after 4s of failed chase (within 7.6m), charge after 6s.
[     1    0.000 x1.00] LOG  [OniBoss:Layer] charge drive ON (windup to 0.40 at x1.3, rush 14m/s stops at 2.6m, steers 0.35s then commits, strike section from 0.58, strike moment 0.76, trail VFX off)
[     1    0.000 x1.00] LOG  [OniBoss:Layer] attack armor ON (his swings are not interrupted by light/medium hits; heavy hits and rapid-hit bursts still stop him)
[     1    0.000 x1.00] LOG  [OniBoss:Layer] strike moments overridden: Club_Swing=0.42 ClubSwing2=0.32 ClubSlam=0.85 KanaboSweep=0.48
[     1    0.000 x1.00] LOG  [OniBoss:Layer] club TOUCH hits ON (radius 0.70m, min tip speed 50m/s, armed from 0.20 of the clip): Club_Swing ClubSwing2 ClubSlam KanaboSweep. First touch wins — club full damage, wave half, one hit per swing.
[     1    0.000 x1.00] LOG  [OniBoss:Layer] combo damage ramp ON: mid x1.25, finisher x1.50 — finisher wave carries FULL damage at x2.0 size, x2.0 travel.
[     1    0.000 x1.00] LOG  [OniBoss:Layer] charge follow-up ON: 90 % of solo charges chain into a random melee finisher.
[     1    0.000 x1.00] LOG  [OniBoss:Layer] hold-ground ON (backstep 1.5m @ 1.6m/s after own attacks, watch 'Watch', attack facing LOCKED)
[     1    0.000 x1.00] LOG  [OniBoss:Layer] OniBoss layer ready (reactions, wake-on-hit, watch stance, boss bar). player=found
[     1    0.000 x1.00] LOG  [OniBoss:Layer] charge clip 'Oni Charge.fbx' imports with Root Motion Node = None (in place) — good.
[     1    0.000 x1.00] LOG  [OniBoss:Layer] clips importing with Root Transform Position (Y) NOT baked into pose (12): Oni_Alert(Oni Alert), Club_Slam(Oni Club Slam), Club_Swing(Oni Club Swing), Club_swing2(Oni Club Swing 2), Death(Oni Death Kneel), Hit_react_light(Oni Hit react lighter light), KanaboSweep(Oni Kanabo sweep), Phase_Transition(Oni Phase transition), run(Oni Run), Walk(Oni Walk), Watch(Oni Watch), Idle(Oni Idle) — their hips' up/down motion is stripped (see round notes; optional).
[     1    0.000 x1.00] LOG  [VolumetricFogController] Found VolumetricFog component on mainCamera (1)
[     1    0.000 x1.00] LOG  [VolumetricFogController] Reflection init: density=True, height=True, baselineHeight=True, alpha=True, noiseStrength=True, lightScatteringExposure=True
[     1    0.000 x1.00] LOG  [VolumetricFogController] Initialized with Neutral preset (height=60, baselineHeight=0)
[     1    0.000 x1.00] WARN [VolumetricFogController] WorldStateManager not found!
[     1    0.000 x1.00] LOG  [CameraGameFeel] CameraGameFeel initialized (shake + FOV)
[     1    2.431 x1.00] LOG  [OniBoss] Playing animation: Idle
[     1    2.431 x1.00] LOG  [OniBoss:Layer] watch stance ON (player 13.4m)
[    18    3.251 x1.00] LOG  💨 Landing VFX spawned!
[    18    3.251 x1.00] LOG  ✅ LANDED! (was jump #0)
[   239    5.706 x1.00] LOG  
==================== [FREEZE-DEBUG v3] ====================
  Reason : WASD-NOMOVE: WASD recent + speed 0.00m/s for 0.41s
  Time   : 2.736s   Frame: 239   Snaps: 26
===========================================================

--- CURRENT STATE ---
  Flags: atk=False hvy=False dod=False dsh=False
         grd=False hit=False aerial=False lockPos=False
         comboStep=0
  Anim : speed=1.00  combatLayer hash=-792875657 normT=2.726 weight=1.00 inTransition=False
  CC   : grounded=True  enabled=True  pos=(473.61, 0.89, 427.01)  vel=(0.00, -1.61, 0.00)
  Move : IsRunning=True
  Input: H=0.00 V=1.00  LMB=False MMB=False Q=False Sp=False Sh=True C=False
         WASD pressed in last 0.5s: True (last 0.00s ago)

--- FLIGHT RECORDER (26 snapshots, oldest first, dt=0.10s) ---
  Legend: flags = A(tk) H(vy) D(od) S(sh) G(rd) R(eact) Y(aerial) L(ock)   gnd/cc: Y/n
  t-now    flags     step gnd cc anSp normT layW tr | posX     posZ     spd   | H    V    LMB MMB Q  Sp Sh C
  ------   --------  ---- --- -- ---- ----- ---- -- | -----    -----    ----  | ---- ---- --- --- -- -- -- -
  - 2.74s  --------    0  n   Y  1.00  0.00 1.00 -  |   474.5    427.2  0.00 |  0.0  0.0 0   0   0  0  0  0
  - 2.62s  --------    0  n   Y  1.00  0.09 1.00 -  |   474.5    427.2  0.00 |  0.0  0.0 0   0   0  0  0  0
  - 2.52s  --------    0  n   Y  1.00  0.20 1.00 -  |   474.5    427.2  0.00 |  0.0  0.0 0   0   0  0  0  0
  - 2.42s  --------    0  Y   Y  1.00  0.31 1.00 -  |   474.5    427.2  0.00 |  0.0  0.0 0   0   0  0  0  0
  - 2.31s  --------    0  Y   Y  1.00  0.41 1.00 -  |   474.5    427.2  0.00 |  0.0  0.0 0   0   0  0  0  0
  - 2.20s  --------    0  Y   Y  1.00  0.52 1.00 -  |   474.5    427.2  0.00 |  0.0  0.0 0   0   0  0  0  0
  - 2.09s  --------    0  Y   Y  1.00  0.63 1.00 -  |   474.5    427.2  0.00 |  0.0  0.0 0   0   0  0  0  0
  - 1.98s  --------    0  Y   Y  1.00  0.74 1.00 -  |   474.5    427.2  0.00 |  0.0  0.0 0   0   0  0  0  0
  - 1.87s  --------    0  Y   Y  1.00  0.85 1.00 -  |   474.5    427.2  0.00 |  0.0  0.0 0   0   0  0  0  0
  - 1.77s  --------    0  Y   Y  1.00  0.95 1.00 -  |   474.5    427.2  0.00 |  0.0  0.0 0   0   0  0  0  0
  - 1.67s  --------    0  Y   Y  1.00  1.05 1.00 -  |   474.5    427.2  0.00 |  0.0  0.0 0   0   0  0  0  0
  - 1.57s  --------    0  Y   Y  1.00  1.16 1.00 -  |   474.5    427.2  0.00 |  0.0  0.0 0   0   0  0  0  0
  - 1.46s  --------    0  Y   Y  1.00  1.27 1.00 -  |   474.5    427.2  0.00 |  0.0  0.0 0   0   0  0  0  0
  - 1.35s  --------    0  Y   Y  1.00  1.38 1.00 -  |   474.5    427.2  0.00 |  0.0  0.0 0   0   0  0  0  0
  - 1.24s  --------    0  Y   Y  1.00  1.48 1.00 -  |   474.5    427.2  0.00 |  0.0  0.0 0   0   0  0  0  0
  - 1.13s  --------    0  Y   Y  1.00  1.59 1.00 -  |   474.5    427.2  0.00 |  0.0  0.0 0   0   0  0  0  0
  - 1.02s  --------    0  Y   Y  1.00  1.70 1.00 -  |   474.5    427.2  0.00 |  0.0  0.0 0   0   0  0  0  0
  - 0.92s  --------    0  Y   Y  1.00  1.81 1.00 -  |   474.5    427.2  0.00 |  0.0  0.0 0   0   0  0  0  0
  - 0.81s  --------    0  Y   Y  1.00  1.92 1.00 -  |   474.5    427.2  0.00 |  0.0  0.0 0   0   0  0  0  0
  - 0.71s  --------    0  Y   Y  1.00  2.02 1.00 -  |   474.5    427.2  0.00 |  0.0  0.0 0   0   0  0  0  0
  - 0.60s  --------    0  Y   Y  1.00  2.13 1.00 -  |   474.5    427.2  0.00 |  0.0  0.0 0   0   0  0  0  0
  - 0.49s  --------    0  Y   Y  1.00  2.24 1.00 -  |   474.5    427.2  0.00 |  0.0  0.0 0   0   0  0  0  0
  - 0.39s  --------    0  Y   Y  1.00  2.34 1.00 -  |   474.5    427.2  0.00 |  0.0  1.0 0   0   0  0  0  0
  - 0.28s  --------    0  Y   Y  1.00  2.44 1.00 -  |   474.3    427.2  0.00 |  0.0  1.0 0   0   0  0  0  0
  - 0.18s  --------    0  Y   Y  1.00  2.55 1.00 -  |   474.1    427.1  0.00 |  0.0  1.0 0   0   0  0  0  0
  - 0.07s  --------    0  Y   Y  1.00  2.65 1.00 -  |   473.9    427.1  0.00 |  0.0  1.0 0   0   0  0  0  0
=========================================================== END

[   342    6.755 x1.00] LOG  [OniBoss:Layer] watch stance OFF, back to Idle (player 16.5m)
[   638    9.773 x1.00] LOG  
==================== [FREEZE-DEBUG v3] ====================
  Reason : WASD-NOMOVE: WASD recent + speed 0.00m/s for 0.40s
  Time   : 6.803s   Frame: 638   Snaps: 60
===========================================================

--- CURRENT STATE ---
  Flags: atk=False hvy=False dod=False dsh=False
         grd=False hit=False aerial=False lockPos=False
         comboStep=0
  Anim : speed=1.00  combatLayer hash=-792875657 normT=6.789 weight=1.00 inTransition=False
  CC   : grounded=True  enabled=True  pos=(456.49, -0.02, 408.63)  vel=(0.00, 0.00, 0.00)
  Move : IsRunning=False
  Input: H=0.00 V=0.00  LMB=False MMB=False Q=False Sp=False Sh=True C=False
         WASD pressed in last 0.5s: True (last 0.42s ago)

--- FLIGHT RECORDER (60 snapshots, oldest first, dt=0.10s) ---
  Legend: flags = A(tk) H(vy) D(od) S(sh) G(rd) R(eact) Y(aerial) L(ock)   gnd/cc: Y/n
  t-now    flags     step gnd cc anSp normT layW tr | posX     posZ     spd   | H    V    LMB MMB Q  Sp Sh C
  ------   --------  ---- --- -- ---- ----- ---- -- | -----    -----    ----  | ---- ---- --- --- -- -- -- -
  - 6.27s  --------    0  Y   Y  1.00  0.52 1.00 -  |   474.5    427.2  0.00 |  0.0  0.0 0   0   0  0  0  0
  - 6.16s  --------    0  Y   Y  1.00  0.63 1.00 -  |   474.5    427.2  0.00 |  0.0  0.0 0   0   0  0  0  0
  - 6.05s  --------    0  Y   Y  1.00  0.74 1.00 -  |   474.5    427.2  0.00 |  0.0  0.0 0   0   0  0  0  0
  - 5.94s  --------    0  Y   Y  1.00  0.85 1.00 -  |   474.5    427.2  0.00 |  0.0  0.0 0   0   0  0  0  0
  - 5.84s  --------    0  Y   Y  1.00  0.95 1.00 -  |   474.5    427.2  0.00 |  0.0  0.0 0   0   0  0  0  0
  - 5.74s  --------    0  Y   Y  1.00  1.05 1.00 -  |   474.5    427.2  0.00 |  0.0  0.0 0   0   0  0  0  0
  - 5.64s  --------    0  Y   Y  1.00  1.16 1.00 -  |   474.5    427.2  0.00 |  0.0  0.0 0   0   0  0  0  0
  - 5.53s  --------    0  Y   Y  1.00  1.27 1.00 -  |   474.5    427.2  0.00 |  0.0  0.0 0   0   0  0  0  0
  - 5.42s  --------    0  Y   Y  1.00  1.38 1.00 -  |   474.5    427.2  0.00 |  0.0  0.0 0   0   0  0  0  0
  - 5.31s  --------    0  Y   Y  1.00  1.48 1.00 -  |   474.5    427.2  0.00 |  0.0  0.0 0   0   0  0  0  0
  - 5.20s  --------    0  Y   Y  1.00  1.59 1.00 -  |   474.5    427.2  0.00 |  0.0  0.0 0   0   0  0  0  0
  - 5.09s  --------    0  Y   Y  1.00  1.70 1.00 -  |   474.5    427.2  0.00 |  0.0  0.0 0   0   0  0  0  0
  - 4.99s  --------    0  Y   Y  1.00  1.81 1.00 -  |   474.5    427.2  0.00 |  0.0  0.0 0   0   0  0  0  0
  - 4.88s  --------    0  Y   Y  1.00  1.92 1.00 -  |   474.5    427.2  0.00 |  0.0  0.0 0   0   0  0  0  0
  - 4.78s  --------    0  Y   Y  1.00  2.02 1.00 -  |   474.5    427.2  0.00 |  0.0  0.0 0   0   0  0  0  0
  - 4.67s  --------    0  Y   Y  1.00  2.13 1.00 -  |   474.5    427.2  0.00 |  0.0  0.0 0   0   0  0  0  0
  - 4.56s  --------    0  Y   Y  1.00  2.24 1.00 -  |   474.5    427.2  0.00 |  0.0  0.0 0   0   0  0  0  0
  - 4.46s  --------    0  Y   Y  1.00  2.34 1.00 -  |   474.5    427.2  0.00 |  0.0  1.0 0   0   0  0  0  0
  - 4.35s  --------    0  Y   Y  1.00  2.44 1.00 -  |   474.3    427.2  0.00 |  0.0  1.0 0   0   0  0  0  0
  - 4.25s  --------    0  Y   Y  1.00  2.55 1.00 -  |   474.1    427.1  0.00 |  0.0  1.0 0   0   0  0  0  0
  - 4.14s  --------    0  Y   Y  1.00  2.65 1.00 -  |   473.9    427.1  0.00 |  0.0  1.0 0   0   0  0  0  0
  - 4.04s  --------    0  Y   Y  1.00  2.76 1.00 -  |   473.3    426.9  0.00 |  0.0  1.0 0   0   0  0  1  0
  - 3.93s  --------    0  Y   Y  1.00  2.87 1.00 -  |   472.7    426.7  0.00 |  0.0  1.0 0   0   0  0  1  0
  - 3.82s  --------    0  Y   Y  1.00  2.98 1.00 -  |   471.9    426.5  0.00 |  0.0  1.0 0   0   0  0  1  0
  - 3.71s  --------    0  Y   Y  1.00  3.08 1.00 -  |   471.2    426.2  0.00 |  0.0  1.0 0   0   0  0  1  0
  - 3.61s  --------    0  Y   Y  1.00  3.19 1.00 -  |   470.6    425.9  0.00 |  0.0  1.0 0   0   0  0  1  0
  - 3.50s  --------    0  Y   Y  1.00  3.30 1.00 -  |   470.0    425.3  0.00 |  0.0  1.0 0   0   0  0  1  0
  - 3.40s  --------    0  Y   Y  1.00  3.40 1.00 -  |   469.7    424.7  0.00 |  0.0  1.0 0   0   0  0  1  0
  - 3.30s  --------    0  Y   Y  1.00  3.50 1.00 -  |   469.5    424.0  0.00 |  0.0  1.0 0   0   0  0  1  0
  - 3.20s  --------    0  Y   Y  1.00  3.60 1.00 -  |   469.3    423.3  0.00 |  0.0  1.0 0   0   0  0  1  0
  - 3.09s  --------    0  Y   Y  1.00  3.71 1.00 -  |   469.1    422.7  0.00 |  0.0  1.0 0   0   0  0  1  0
  - 2.98s  --------    0  Y   Y  1.00  3.82 1.00 -  |   468.8    421.9  0.00 |  0.0  1.0 0   0   0  0  1  0
  - 2.88s  --------    0  Y   Y  1.00  3.92 1.00 -  |   468.7    421.2  0.00 |  0.0  1.0 0   0   0  0  1  0
  - 2.78s  --------    0  Y   Y  1.00  4.02 1.00 -  |   468.5    420.5  0.00 |  0.0  1.0 0   0   0  0  1  0
  - 2.67s  --------    0  Y   Y  1.00  4.12 1.00 -  |   468.3    419.8  0.00 |  0.0  1.0 0   0   0  0  1  0
  - 2.56s  --------    0  Y   Y  1.00  4.23 1.00 -  |   468.0    419.0  0.00 |  0.0  1.0 0   0   0  0  1  0
  - 2.46s  --------    0  Y   Y  1.00  4.33 1.00 -  |   467.8    418.4  0.00 |  0.0  1.0 0   0   0  0  1  0
  - 2.35s  --------    0  Y   Y  1.00  4.45 1.00 -  |   467.7    417.7  0.00 |  0.0  1.0 0   0   0  0  1  0
  - 2.25s  --------    0  Y   Y  1.00  4.55 1.00 -  |   467.5    417.0  0.00 |  0.0  1.0 0   0   0  0  1  0
  - 2.14s  --------    0  Y   Y  1.00  4.66 1.00 -  |   467.2    416.2  0.00 |  0.0  1.0 0   0   0  0  1  0
  - 2.04s  --------    0  Y   Y  1.00  4.76 1.00 -  |   466.9    415.6  0.00 |  0.0  1.0 0   0   0  0  1  0
  - 1.93s  --------    0  Y   Y  1.00  4.87 1.00 -  |   466.6    415.0  0.00 |  0.0  1.0 0   0   0  0  1  0
  - 1.83s  --------    0  Y   Y  1.00  4.97 1.00 -  |   466.1    414.4  0.00 |  0.0  1.0 0   0   0  0  1  0
  - 1.72s  --------    0  Y   Y  1.00  5.08 1.00 -  |   465.5    413.8  0.00 |  0.0  1.0 0   0   0  0  1  0
  - 1.61s  --------    0  Y   Y  1.00  5.19 1.00 -  |   465.1    413.3  0.00 |  0.0  1.0 0   0   0  0  1  0
  - 1.50s  --------    0  Y   Y  1.00  5.29 1.00 -  |   464.5    412.7  0.00 |  0.0  1.0 0   0   0  0  1  0
  - 1.39s  --------    0  Y   Y  1.00  5.40 1.00 -  |   464.0    412.2  0.00 |  0.0  1.0 0   0   0  0  1  0
  - 1.29s  --------    0  Y   Y  1.00  5.50 1.00 -  |   463.5    411.7  0.00 |  0.0  1.0 0   0   0  0  1  0
  - 1.19s  --------    0  Y   Y  1.00  5.60 1.00 -  |   463.0    411.2  0.00 |  0.0  1.0 0   0   0  0  1  0
  - 1.08s  --------    0  Y   Y  1.00  5.71 1.00 -  |   462.4    410.6  0.00 |  0.0  1.0 0   0   0  0  1  0
  - 0.98s  --------    0  Y   Y  1.00  5.81 1.00 -  |   461.9    410.1  0.00 |  0.0  1.0 0   0   0  0  1  0
  - 0.88s  --------    0  Y   Y  1.00  5.92 1.00 -  |   461.5    409.6  0.00 |  0.0  1.0 0   0   0  0  1  0
  - 0.77s  --------    0  Y   Y  1.00  6.02 1.00 -  |   460.9    409.1  0.00 |  0.0  1.0 0   0   0  0  1  0
  - 0.67s  --------    0  Y   Y  1.00  6.13 1.00 -  |   460.4    408.7  0.00 |  0.0  1.0 0   0   0  0  1  0
  - 0.56s  --------    0  Y   Y  1.00  6.24 1.00 -  |   459.5    408.5  0.00 |  0.0  1.0 0   0   0  0  1  0
  - 0.45s  --------    0  Y   Y  1.00  6.34 1.00 -  |   458.9    408.4  0.00 |  0.0  1.0 0   0   0  0  1  0
  - 0.34s  --------    0  Y   Y  1.00  6.45 1.00 -  |   458.0    408.4  0.00 |  0.0  0.0 0   0   0  0  1  0
  - 0.24s  --------    0  Y   Y  1.00  6.56 1.00 -  |   457.3    408.5  0.00 |  0.0  0.0 0   0   0  0  1  0
  - 0.13s  --------    0  Y   Y  1.00  6.67 1.00 -  |   456.6    408.6  0.00 |  0.0  0.0 0   0   0  0  1  0
  - 0.01s  --------    0  Y   Y  1.00  6.78 1.00 -  |   456.5    408.6  0.00 |  0.0  0.0 0   0   0  0  1  0
=========================================================== END

[  1024   13.853 x1.00] LOG  
==================== [FREEZE-DEBUG v3] ====================
  Reason : WASD-NOMOVE: WASD recent + speed 0.00m/s for 0.41s
  Time   : 10.883s   Frame: 1024   Snaps: 60
===========================================================

--- CURRENT STATE ---
  Flags: atk=False hvy=False dod=False dsh=False
         grd=False hit=False aerial=False lockPos=False
         comboStep=0
  Anim : speed=1.00  combatLayer hash=-792875657 normT=10.873 weight=1.00 inTransition=False
  CC   : grounded=True  enabled=True  pos=(444.86, 0.02, 430.69)  vel=(0.00, -0.68, 0.00)
  Move : IsRunning=True
  Input: H=0.00 V=0.00  LMB=False MMB=False Q=False Sp=False Sh=True C=False
         WASD pressed in last 0.5s: True (last 0.16s ago)

--- FLIGHT RECORDER (60 snapshots, oldest first, dt=0.10s) ---
  Legend: flags = A(tk) H(vy) D(od) S(sh) G(rd) R(eact) Y(aerial) L(ock)   gnd/cc: Y/n
  t-now    flags     step gnd cc anSp normT layW tr | posX     posZ     spd   | H    V    LMB MMB Q  Sp Sh C
  ------   --------  ---- --- -- ---- ----- ---- -- | -----    -----    ----  | ---- ---- --- --- -- -- -- -
  - 6.22s  --------    0  Y   Y  1.00  4.66 1.00 -  |   467.2    416.2  0.00 |  0.0  1.0 0   0   0  0  1  0
  - 6.12s  --------    0  Y   Y  1.00  4.76 1.00 -  |   466.9    415.6  0.00 |  0.0  1.0 0   0   0  0  1  0
  - 6.01s  --------    0  Y   Y  1.00  4.87 1.00 -  |   466.6    415.0  0.00 |  0.0  1.0 0   0   0  0  1  0
  - 5.91s  --------    0  Y   Y  1.00  4.97 1.00 -  |   466.1    414.4  0.00 |  0.0  1.0 0   0   0  0  1  0
  - 5.80s  --------    0  Y   Y  1.00  5.08 1.00 -  |   465.5    413.8  0.00 |  0.0  1.0 0   0   0  0  1  0
  - 5.69s  --------    0  Y   Y  1.00  5.19 1.00 -  |   465.1    413.3  0.00 |  0.0  1.0 0   0   0  0  1  0
  - 5.58s  --------    0  Y   Y  1.00  5.29 1.00 -  |   464.5    412.7  0.00 |  0.0  1.0 0   0   0  0  1  0
  - 5.47s  --------    0  Y   Y  1.00  5.40 1.00 -  |   464.0    412.2  0.00 |  0.0  1.0 0   0   0  0  1  0
  - 5.37s  --------    0  Y   Y  1.00  5.50 1.00 -  |   463.5    411.7  0.00 |  0.0  1.0 0   0   0  0  1  0
  - 5.27s  --------    0  Y   Y  1.00  5.60 1.00 -  |   463.0    411.2  0.00 |  0.0  1.0 0   0   0  0  1  0
  - 5.16s  --------    0  Y   Y  1.00  5.71 1.00 -  |   462.4    410.6  0.00 |  0.0  1.0 0   0   0  0  1  0
  - 5.06s  --------    0  Y   Y  1.00  5.81 1.00 -  |   461.9    410.1  0.00 |  0.0  1.0 0   0   0  0  1  0
  - 4.96s  --------    0  Y   Y  1.00  5.92 1.00 -  |   461.5    409.6  0.00 |  0.0  1.0 0   0   0  0  1  0
  - 4.85s  --------    0  Y   Y  1.00  6.02 1.00 -  |   460.9    409.1  0.00 |  0.0  1.0 0   0   0  0  1  0
  - 4.75s  --------    0  Y   Y  1.00  6.13 1.00 -  |   460.4    408.7  0.00 |  0.0  1.0 0   0   0  0  1  0
  - 4.64s  --------    0  Y   Y  1.00  6.24 1.00 -  |   459.5    408.5  0.00 |  0.0  1.0 0   0   0  0  1  0
  - 4.53s  --------    0  Y   Y  1.00  6.34 1.00 -  |   458.9    408.4  0.00 |  0.0  1.0 0   0   0  0  1  0
  - 4.42s  --------    0  Y   Y  1.00  6.45 1.00 -  |   458.0    408.4  0.00 |  0.0  0.0 0   0   0  0  1  0
  - 4.32s  --------    0  Y   Y  1.00  6.56 1.00 -  |   457.3    408.5  0.00 |  0.0  0.0 0   0   0  0  1  0
  - 4.21s  --------    0  Y   Y  1.00  6.67 1.00 -  |   456.6    408.6  0.00 |  0.0  0.0 0   0   0  0  1  0
  - 4.09s  --------    0  Y   Y  1.00  6.78 1.00 -  |   456.5    408.6  0.00 |  0.0  0.0 0   0   0  0  1  0
  - 3.99s  --------    0  Y   Y  1.00  6.88 1.00 -  |   456.5    408.6  0.00 |  0.0  0.0 0   0   0  0  1  0
  - 3.89s  --------    0  Y   Y  1.00  6.99 1.00 -  |   456.5    408.6  0.00 |  0.0  0.0 0   0   0  0  1  0
  - 3.79s  --------    0  Y   Y  1.00  7.09 1.00 -  |   456.5    408.6  0.00 |  0.0  0.0 0   0   0  0  1  0
  - 3.67s  --------    0  Y   Y  1.00  7.20 1.00 -  |   456.5    408.6  0.00 |  0.0  0.0 0   0   0  0  1  0
  - 3.57s  --------    0  Y   Y  1.00  7.31 1.00 -  |   456.1    408.8  0.00 |  0.0  1.0 0   0   0  0  1  0
  - 3.46s  --------    0  Y   Y  1.00  7.41 1.00 -  |   455.4    409.3  0.00 |  0.0  1.0 0   0   0  0  1  0
  - 3.36s  --------    0  Y   Y  1.00  7.51 1.00 -  |   454.9    409.8  0.00 |  0.0  1.0 0   0   0  0  1  0
  - 3.26s  --------    0  Y   Y  1.00  7.61 1.00 -  |   454.4    410.3  0.00 |  0.0  1.0 0   0   0  0  1  0
  - 3.15s  --------    0  Y   Y  1.00  7.72 1.00 -  |   454.0    410.8  0.00 |  0.0  1.0 0   0   0  0  1  0
  - 3.05s  --------    0  Y   Y  1.00  7.82 1.00 -  |   453.6    411.4  0.00 |  0.0  1.0 0   0   0  0  1  0
  - 2.94s  --------    0  Y   Y  1.00  7.93 1.00 -  |   453.2    412.1  0.00 |  0.0  1.0 0   0   0  0  1  0
  - 2.83s  --------    0  Y   Y  1.00  8.04 1.00 -  |   452.9    412.8  0.00 |  0.0  1.0 0   0   0  0  1  0
  - 2.73s  --------    0  Y   Y  1.00  8.14 1.00 -  |   452.6    413.4  0.00 |  0.0  1.0 0   0   0  0  1  0
  - 2.63s  --------    0  Y   Y  1.00  8.24 1.00 -  |   452.3    414.1  0.00 |  0.0  1.0 0   0   0  0  1  0
  - 2.53s  --------    0  Y   Y  1.00  8.34 1.00 -  |   452.0    414.7  0.00 |  0.0  1.0 0   0   0  0  1  0
  - 2.43s  --------    0  Y   Y  1.00  8.44 1.00 -  |   451.7    415.3  0.00 |  0.0  1.0 0   0   0  0  1  0
  - 2.32s  --------    0  Y   Y  1.00  8.55 1.00 -  |   451.4    416.1  0.00 |  0.0  1.0 0   0   0  0  1  0
  - 2.22s  --------    0  Y   Y  1.00  8.65 1.00 -  |   451.1    416.7  0.00 |  0.0  1.0 0   0   0  0  1  0
  - 2.11s  --------    0  Y   Y  1.00  8.76 1.00 -  |   450.8    417.4  0.00 |  0.0  1.0 0   0   0  0  1  0
  - 2.01s  --------    0  Y   Y  1.00  8.87 1.00 -  |   450.5    418.0  0.00 |  0.0  1.0 0   0   0  0  1  0
  - 1.90s  --------    0  Y   Y  1.00  8.97 1.00 -  |   450.3    418.7  0.00 |  0.0  1.0 0   0   0  0  1  0
  - 1.80s  --------    0  Y   Y  1.00  9.07 1.00 -  |   449.9    419.4  0.00 |  0.0  1.0 0   0   0  0  1  0
  - 1.69s  --------    0  Y   Y  1.00  9.18 1.00 -  |   449.6    420.1  0.00 |  0.0  1.0 0   0   0  0  1  0
  - 1.58s  --------    0  Y   Y  1.00  9.29 1.00 -  |   449.3    420.8  0.00 |  0.0  1.0 0   0   0  0  1  0
  - 1.47s  --------    0  Y   Y  1.00  9.40 1.00 -  |   449.0    421.5  0.00 |  0.0  1.0 0   0   0  0  1  0
  - 1.36s  --------    0  Y   Y  1.00  9.51 1.00 -  |   448.7    422.1  0.00 |  0.0  1.0 0   0   0  0  1  0
  - 1.26s  --------    0  Y   Y  1.00  9.61 1.00 -  |   448.4    422.9  0.00 |  0.0  1.0 0   0   0  0  1  0
  - 1.16s  --------    0  Y   Y  1.00  9.71 1.00 -  |   448.1    423.5  0.00 |  0.0  1.0 0   0   0  0  1  0
  - 1.06s  --------    0  Y   Y  1.00  9.82 1.00 -  |   447.8    424.2  0.00 |  0.0  1.0 0   0   0  0  1  0
  - 0.96s  --------    0  Y   Y  1.00  9.92 1.00 -  |   447.5    424.8  0.00 |  0.0  1.0 0   0   0  0  1  0
  - 0.85s  --------    0  Y   Y  1.00 10.03 1.00 -  |   447.3    425.4  0.00 |  0.0  1.0 0   0   0  0  1  0
  - 0.74s  --------    0  Y   Y  1.00 10.13 1.00 -  |   446.9    426.2  0.00 |  0.0  1.0 0   0   0  0  1  0
  - 0.64s  --------    0  Y   Y  1.00 10.24 1.00 -  |   446.7    426.7  0.00 |  0.0  1.0 0   0   0  0  1  0
  - 0.53s  --------    0  Y   Y  1.00 10.34 1.00 -  |   446.4    427.3  0.00 |  0.0  1.0 0   0   0  0  1  0
  - 0.43s  --------    0  Y   Y  1.00 10.44 1.00 -  |   446.1    427.9  0.00 |  0.0  1.0 0   0   0  0  1  0
  - 0.32s  --------    0  Y   Y  1.00 10.55 1.00 -  |   445.8    428.7  0.00 |  0.0  1.0 0   0   0  0  1  0
  - 0.22s  --------    0  Y   Y  1.00 10.66 1.00 -  |   445.5    429.3  0.00 |  0.0  1.0 0   0   0  0  1  0
  - 0.11s  --------    0  Y   Y  1.00 10.77 1.00 -  |   445.2    429.9  0.00 |  0.0  0.0 0   0   0  0  1  0
  - 0.00s  --------    0  Y   Y  1.00 10.87 1.00 -  |   444.9    430.7  0.00 |  0.0  0.0 0   0   0  0  1  0
=========================================================== END

[  1544   19.179 x1.00] LOG  [Combat] Dodge: Dodge_2Leg (3m, 2leg)
[  1544   19.179 x1.00] LOG  [AirPosePin] engaged, holding body at 0.657m above the transform
[  1545   19.200 x1.00] LOG  [AirPosePin] released, peak correction was 0.000m
[  1546   19.210 x1.00] LOG  [AirPosePin] engaged, holding body at 0.668m above the transform
[  1547   19.220 x1.00] LOG  [AirPosePin] released, peak correction was 0.000m
[  1548   19.229 x1.00] LOG  [AirPosePin] engaged, holding body at 0.701m above the transform
[  1549   19.240 x1.00] LOG  [AirPosePin] released, peak correction was 0.000m
[  1550   19.250 x1.00] LOG  [AirPosePin] engaged, holding body at 0.771m above the transform
[  1551   19.260 x1.00] LOG  [AirPosePin] released, peak correction was 0.000m
[  1552   19.273 x1.00] LOG  [AirPosePin] engaged, holding body at 0.896m above the transform
[  1553   19.283 x1.00] LOG  [AirPosePin] released, peak correction was 0.000m
[  1554   19.293 x1.00] LOG  [AirPosePin] engaged, holding body at 1.045m above the transform
[  1555   19.304 x1.00] LOG  [AirPosePin] released, peak correction was 0.000m
[  1556   19.314 x1.00] LOG  [AirPosePin] engaged, holding body at 1.165m above the transform
[  1557   19.323 x1.00] LOG  [AirPosePin] released, peak correction was 0.000m
[  1558   19.334 x1.00] LOG  [AirPosePin] engaged, holding body at 1.284m above the transform
[  1559   19.343 x1.00] LOG  [AirPosePin] released, peak correction was 0.000m
[  1561   19.365 x1.00] LOG  [AirPosePin] engaged, holding body at 1.458m above the transform
[  1562   19.377 x1.00] LOG  [AirPosePin] released, peak correction was 0.000m
[  1563   19.388 x1.00] LOG  [AirPosePin] engaged, holding body at 1.571m above the transform
[  1564   19.398 x1.00] LOG  [AirPosePin] released, peak correction was 0.000m
[  1565   19.409 x1.00] LOG  [AirPosePin] engaged, holding body at 1.647m above the transform
[  1566   19.420 x1.00] LOG  [AirPosePin] released, peak correction was 0.000m
[  1567   19.429 x1.00] LOG  [AirPosePin] engaged, holding body at 1.692m above the transform
[  1568   19.438 x1.00] LOG  [AirPosePin] released, peak correction was 0.000m
[  1569   19.448 x1.00] LOG  [AirPosePin] engaged, holding body at 1.706m above the transform
[  1570   19.459 x1.00] LOG  [AirPosePin] released, peak correction was 0.000m
[  1571   19.470 x1.00] LOG  [AirPosePin] engaged, holding body at 1.690m above the transform
[  1572   19.479 x1.00] LOG  [AirPosePin] released, peak correction was 0.000m
[  1573   19.489 x1.00] LOG  [AirPosePin] engaged, holding body at 1.599m above the transform
[  1574   19.498 x1.00] LOG  [AirPosePin] released, peak correction was 0.000m
[  1575   19.509 x1.00] LOG  [AirPosePin] engaged, holding body at 1.436m above the transform
[  1576   19.519 x1.00] LOG  [AirPosePin] released, peak correction was 0.000m
[  1577   19.528 x1.00] LOG  [AirPosePin] engaged, holding body at 1.325m above the transform
[  1578   19.538 x1.00] LOG  [AirPosePin] released, peak correction was 0.000m
[  1579   19.548 x1.00] LOG  [AirPosePin] engaged, holding body at 1.231m above the transform
[  1580   19.559 x1.00] LOG  [AirPosePin] released, peak correction was 0.000m
[  1581   19.570 x1.00] LOG  [AirPosePin] engaged, holding body at 1.122m above the transform
[  1582   19.579 x1.00] LOG  [AirPosePin] released, peak correction was 0.000m
[  1583   19.589 x1.00] LOG  [AirPosePin] engaged, holding body at 1.019m above the transform
[  1584   19.598 x1.00] LOG  [AirPosePin] released, peak correction was 0.000m
[  1585   19.609 x1.00] LOG  [AirPosePin] engaged, holding body at 0.906m above the transform
[  1586   19.620 x1.00] LOG  [AirPosePin] released, peak correction was 0.000m
[  1587   19.629 x1.00] LOG  [AirPosePin] engaged, holding body at 0.810m above the transform
[  1588   19.638 x1.00] LOG  [AirPosePin] released, peak correction was 0.000m
[  1589   19.649 x1.00] LOG  [AirPosePin] engaged, holding body at 0.761m above the transform
[  1590   19.658 x1.00] LOG  [AirPosePin] released, peak correction was 0.000m
[  1591   19.669 x1.00] LOG  [AirPosePin] engaged, holding body at 0.794m above the transform
[  1592   19.679 x1.00] LOG  [AirPosePin] released, peak correction was 0.000m
[  1593   19.688 x1.00] LOG  [AirPosePin] engaged, holding body at 0.802m above the transform
[  1594   19.698 x1.00] LOG  [AirPosePin] released, peak correction was 0.000m
[  1595   19.709 x1.00] LOG  [AirPosePin] engaged, holding body at 0.772m above the transform
[  1596   19.722 x1.00] LOG  [AirPosePin] released, peak correction was 0.000m
[  1597   19.733 x1.00] LOG  [AirPosePin] engaged, holding body at 0.740m above the transform
[  1598   19.742 x1.00] LOG  [AirPosePin] released, peak correction was 0.000m
[  1600   19.763 x1.00] LOG  [AirPosePin] engaged, holding body at 0.703m above the transform
[  1601   19.773 x1.00] LOG  [AirPosePin] released, peak correction was 0.000m
[  1602   19.783 x1.00] LOG  [AirPosePin] engaged, holding body at 0.683m above the transform
[  1603   19.793 x1.00] LOG  [AirPosePin] released, peak correction was 0.000m
[  1604   19.803 x1.00] LOG  [AirPosePin] engaged, holding body at 0.667m above the transform
[  1605   19.815 x1.00] LOG  [AirPosePin] released, peak correction was 0.000m
[  1606   19.825 x1.00] LOG  [AirPosePin] engaged, holding body at 0.656m above the transform
[  1607   19.835 x1.00] LOG  [AirPosePin] released, peak correction was 0.000m
[  1608   19.845 x1.00] LOG  [AirPosePin] engaged, holding body at 0.652m above the transform
[  1609   19.855 x1.00] LOG  [AirPosePin] released, peak correction was 0.000m
[  1610   19.864 x1.00] LOG  [DodgeTrace] 2leg flip: clip 0.67s, ran 0.70s, 3.0m — travel finished at 0.69s, leaving 0.01s of clip with nothing moving.
[  1610   19.864 x1.00] LOG  [Combat] Dodge ended
[  1673   20.499 x1.00] LOG  [Combat] Dodge: Dodge_2Leg (3m, 2leg)
[  1673   20.499 x1.00] LOG  [AirPosePin] engaged, holding body at 0.657m above the transform
[  1674   20.509 x1.00] LOG  [AirPosePin] released, peak correction was 0.000m
[  1675   20.520 x1.00] LOG  [AirPosePin] engaged, holding body at 0.662m above the transform
[  1676   20.530 x1.00] LOG  [AirPosePin] released, peak correction was 0.000m
[  1677   20.539 x1.00] LOG  [AirPosePin] engaged, holding body at 0.681m above the transform
[  1678   20.550 x1.00] LOG  [AirPosePin] released, peak correction was 0.000m
[  1679   20.559 x1.00] LOG  [AirPosePin] engaged, holding body at 0.729m above the transform
[  1680   20.569 x1.00] LOG  [AirPosePin] released, peak correction was 0.000m
[  1682   20.588 x1.00] LOG  [AirPosePin] engaged, holding body at 0.866m above the transform
[  1683   20.598 x1.00] LOG  [AirPosePin] released, peak correction was 0.000m
[  1685   20.620 x1.00] LOG  [AirPosePin] engaged, holding body at 1.084m above the transform
[  1686   20.629 x1.00] LOG  [AirPosePin] released, peak correction was 0.000m
[  1687   20.639 x1.00] LOG  [AirPosePin] engaged, holding body at 1.194m above the transform
[  1688   20.648 x1.00] LOG  [AirPosePin] released, peak correction was 0.000m
[  1689   20.659 x1.00] LOG  [AirPosePin] engaged, holding body at 1.316m above the transform
[  1690   20.671 x1.00] LOG  [AirPosePin] released, peak correction was 0.000m
[  1691   20.683 x1.00] LOG  [AirPosePin] engaged, holding body at 1.451m above the transform
[  1692   20.693 x1.00] LOG  [AirPosePin] released, peak correction was 0.000m
[  1693   20.704 x1.00] LOG  [AirPosePin] engaged, holding body at 1.554m above the transform
[  1694   20.714 x1.00] LOG  [AirPosePin] released, peak correction was 0.000m
[  1695   20.723 x1.00] LOG  [AirPosePin] engaged, holding body at 1.631m above the transform
[  1696   20.733 x1.00] LOG  [AirPosePin] released, peak correction was 0.000m
[  1697   20.743 x1.00] LOG  [AirPosePin] engaged, holding body at 1.682m above the transform
[  1698   20.753 x1.00] LOG  [AirPosePin] released, peak correction was 0.000m
[  1699   20.763 x1.00] LOG  [AirPosePin] engaged, holding body at 1.706m above the transform
[  1700   20.772 x1.00] LOG  [AirPosePin] released, peak correction was 0.000m
[  1701   20.782 x1.00] LOG  [AirPosePin] engaged, holding body at 1.703m above the transform
[  1702   20.792 x1.00] LOG  [AirPosePin] released, peak correction was 0.000m
[  1703   20.802 x1.00] LOG  [AirPosePin] engaged, holding body at 1.644m above the transform
[  1704   20.813 x1.00] LOG  [AirPosePin] released, peak correction was 0.000m
[  1705   20.823 x1.00] LOG  [AirPosePin] engaged, holding body at 1.481m above the transform
[  1706   20.833 x1.00] LOG  [AirPosePin] released, peak correction was 0.000m
[  1707   20.843 x1.00] LOG  [AirPosePin] engaged, holding body at 1.354m above the transform
[  1708   20.853 x1.00] LOG  [AirPosePin] released, peak correction was 0.000m
[  1709   20.863 x1.00] LOG  [AirPosePin] engaged, holding body at 1.254m above the transform
[  1710   20.873 x1.00] LOG  [AirPosePin] released, peak correction was 0.000m
[  1711   20.884 x1.00] LOG  [AirPosePin] engaged, holding body at 1.153m above the transform
[  1712   20.893 x1.00] LOG  [AirPosePin] released, peak correction was 0.000m
[  1713   20.903 x1.00] LOG  [AirPosePin] engaged, holding body at 1.051m above the transform
[  1714   20.913 x1.00] LOG  [AirPosePin] released, peak correction was 0.000m
[  1715   20.923 x1.00] LOG  [AirPosePin] engaged, holding body at 0.938m above the transform
[  1716   20.933 x1.00] LOG  [AirPosePin] released, peak correction was 0.000m
[  1717   20.943 x1.00] LOG  [AirPosePin] engaged, holding body at 0.839m above the transform
[  1718   20.954 x1.00] LOG  [AirPosePin] released, peak correction was 0.000m
[  1719   20.964 x1.00] LOG  [AirPosePin] engaged, holding body at 0.765m above the transform
[  1720   20.974 x1.00] LOG  [AirPosePin] released, peak correction was 0.000m
[  1722   20.994 x1.00] LOG  [AirPosePin] engaged, holding body at 0.803m above the transform
[  1723   21.004 x1.00] LOG  [AirPosePin] released, peak correction was 0.000m
[  1724   21.014 x1.00] LOG  [AirPosePin] engaged, holding body at 0.794m above the transform
[  1725   21.026 x1.00] LOG  [AirPosePin] released, peak correction was 0.000m
[  1726   21.035 x1.00] LOG  [AirPosePin] engaged, holding body at 0.762m above the transform
[  1727   21.046 x1.00] LOG  [AirPosePin] released, peak correction was 0.000m
[  1728   21.055 x1.00] LOG  [AirPosePin] engaged, holding body at 0.737m above the transform
[  1729   21.065 x1.00] LOG  [AirPosePin] released, peak correction was 0.000m
[  1730   21.078 x1.00] LOG  [AirPosePin] engaged, holding body at 0.709m above the transform
[  1731   21.094 x1.00] LOG  [AirPosePin] released, peak correction was 0.000m
[  1733   21.114 x1.00] LOG  [AirPosePin] engaged, holding body at 0.674m above the transform
[  1734   21.125 x1.00] LOG  [AirPosePin] released, peak correction was 0.000m
[  1735   21.135 x1.00] LOG  [AirPosePin] engaged, holding body at 0.660m above the transform
[  1736   21.145 x1.00] LOG  [AirPosePin] released, peak correction was 0.000m
[  1737   21.155 x1.00] LOG  [AirPosePin] engaged, holding body at 0.654m above the transform
[  1738   21.164 x1.00] LOG  [AirPosePin] released, peak correction was 0.000m
[  1739   21.176 x1.00] LOG  [AirPosePin] engaged, holding body at 0.652m above the transform
[  1740   21.186 x1.00] LOG  [DodgeTrace] 2leg flip: clip 0.67s, ran 0.70s, 3.0m — travel finished at 0.69s, leaving 0.01s of clip with nothing moving.
[  1740   21.186 x1.00] LOG  [Combat] Dodge ended
[  1740   21.186 x1.00] LOG  [AirPosePin] released, peak correction was 0.000m
[  1779   21.605 x1.00] LOG  [Combat] Dodge: Dodge_2Leg (3m, 2leg)
[  1780   21.616 x1.00] LOG  [AirPosePin] engaged, holding body at 0.655m above the transform
[  1781   21.630 x1.00] LOG  [AirPosePin] released, peak correction was 0.000m
[  1782   21.640 x1.00] LOG  [AirPosePin] engaged, holding body at 0.672m above the transform
[  1783   21.654 x1.00] LOG  [AirPosePin] released, peak correction was 0.000m
[  1784   21.665 x1.00] LOG  [AirPosePin] engaged, holding body at 0.728m above the transform
[  1785   21.675 x1.00] LOG  [AirPosePin] released, peak correction was 0.000m
[  1786   21.686 x1.00] LOG  [AirPosePin] engaged, holding body at 0.821m above the transform
[  1787   21.699 x1.00] LOG  [AirPosePin] released, peak correction was 0.000m
[  1788   21.709 x1.00] LOG  [AirPosePin] engaged, holding body at 0.981m above the transform
[  1789   21.720 x1.00] LOG  [AirPosePin] released, peak correction was 0.000m
[  1790   21.730 x1.00] LOG  [AirPosePin] engaged, holding body at 1.112m above the transform
[  1791   21.743 x1.00] LOG  [AirPosePin] released, peak correction was 0.000m
[  1792   21.754 x1.00] LOG  [AirPosePin] engaged, holding body at 1.251m above the transform
[  1793   21.765 x1.00] LOG  [AirPosePin] released, peak correction was 0.000m
[  1794   21.778 x1.00] LOG  [AirPosePin] engaged, holding body at 1.391m above the transform
[  1795   21.789 x1.00] LOG  [AirPosePin] released, peak correction was 0.000m
[  1796   21.801 x1.00] LOG  [AirPosePin] engaged, holding body at 1.512m above the transform
[  1797   21.811 x1.00] LOG  [AirPosePin] released, peak correction was 0.000m
[  1798   21.823 x1.00] LOG  [AirPosePin] engaged, holding body at 1.611m above the transform
[  1799   21.834 x1.00] LOG  [AirPosePin] released, peak correction was 0.000m
[  1800   21.846 x1.00] LOG  [AirPosePin] engaged, holding body at 1.676m above the transform
[  1801   21.859 x1.00] LOG  [AirPosePin] released, peak correction was 0.000m
[  1802   21.870 x1.00] LOG  [AirPosePin] engaged, holding body at 1.706m above the transform
[  1803   21.880 x1.00] LOG  [AirPosePin] released, peak correction was 0.000m
[  1804   21.890 x1.00] LOG  [AirPosePin] engaged, holding body at 1.700m above the transform
[  1805   21.901 x1.00] LOG  [AirPosePin] released, peak correction was 0.000m
[  1806   21.914 x1.00] LOG  [AirPosePin] engaged, holding body at 1.607m above the transform
[  1807   21.925 x1.00] LOG  [AirPosePin] released, peak correction was 0.000m
[  1809   21.946 x1.00] LOG  [AirPosePin] engaged, holding body at 1.367m above the transform
[  1810   21.958 x1.00] LOG  [AirPosePin] released, peak correction was 0.000m
[  1811   21.968 x1.00] LOG  [AirPosePin] engaged, holding body at 1.257m above the transform
[  1812   21.979 x1.00] LOG  [AirPosePin] released, peak correction was 0.000m
[  1813   21.989 x1.00] LOG  [AirPosePin] engaged, holding body at 1.156m above the transform
[  1814   22.000 x1.00] LOG  [AirPosePin] released, peak correction was 0.000m
[  1816   22.025 x1.00] LOG  [AirPosePin] engaged, holding body at 0.956m above the transform
[  1817   22.039 x1.00] LOG  [AirPosePin] released, peak correction was 0.000m
[  1819   22.064 x1.00] LOG  [AirPosePin] engaged, holding body at 0.779m above the transform
[  1820   22.075 x1.00] LOG  [AirPosePin] released, peak correction was 0.000m
[  1821   22.086 x1.00] LOG  [AirPosePin] engaged, holding body at 0.776m above the transform
[  1822   22.098 x1.00] LOG  [AirPosePin] released, peak correction was 0.000m
[  1823   22.110 x1.00] LOG  [AirPosePin] engaged, holding body at 0.805m above the transform
[  1824   22.120 x1.00] LOG  [AirPosePin] released, peak correction was 0.000m
[  1825   22.131 x1.00] LOG  [AirPosePin] engaged, holding body at 0.777m above the transform
[  1826   22.143 x1.00] LOG  [AirPosePin] released, peak correction was 0.000m
[  1828   22.164 x1.00] LOG  [AirPosePin] engaged, holding body at 0.732m above the transform
[  1829   22.175 x1.00] LOG  [AirPosePin] released, peak correction was 0.000m
[  1830   22.186 x1.00] LOG  [AirPosePin] engaged, holding body at 0.707m above the transform
[  1831   22.199 x1.00] LOG  [AirPosePin] released, peak correction was 0.000m
[  1832   22.209 x1.00] LOG  [AirPosePin] engaged, holding body at 0.683m above the transform
[  1833   22.220 x1.00] LOG  [AirPosePin] released, peak correction was 0.000m
[  1834   22.231 x1.00] LOG  [AirPosePin] engaged, holding body at 0.666m above the transform
[  1835   22.243 x1.00] LOG  [AirPosePin] released, peak correction was 0.000m
[  1836   22.254 x1.00] LOG  [AirPosePin] engaged, holding body at 0.655m above the transform
[  1837   22.264 x1.00] LOG  [AirPosePin] released, peak correction was 0.000m
[  1839   22.286 x1.00] LOG  [DodgeTrace] 2leg flip: clip 0.67s, ran 0.69s, 3.0m — travel finished at 0.69s, leaving 0.00s of clip with nothing moving.
[  1839   22.286 x1.00] LOG  [Combat] Dodge ended
[  1895   22.905 x1.00] LOG  [Combat] Dodge: Dodge_2Leg (3m, 2leg)
[  1895   22.905 x1.00] LOG  [AirPosePin] engaged, holding body at 0.652m above the transform
[  1896   22.918 x1.00] LOG  [AirPosePin] released, peak correction was 0.000m
[  1898   22.940 x1.00] LOG  [AirPosePin] engaged, holding body at 0.669m above the transform
[  1899   22.950 x1.00] LOG  [AirPosePin] released, peak correction was 0.000m
[  1900   22.960 x1.00] LOG  [AirPosePin] engaged, holding body at 0.712m above the transform
[  1901   22.970 x1.00] LOG  [AirPosePin] released, peak correction was 0.000m
[  1902   22.986 x1.00] LOG  [AirPosePin] engaged, holding body at 0.819m above the transform
[  1903   23.000 x1.00] LOG  [AirPosePin] released, peak correction was 0.000m
[  1904   23.011 x1.00] LOG  [AirPosePin] engaged, holding body at 0.988m above the transform
[  1905   23.021 x1.00] LOG  [AirPosePin] released, peak correction was 0.000m
[  1906   23.033 x1.00] LOG  [AirPosePin] engaged, holding body at 1.123m above the transform
[  1907   23.043 x1.00] LOG  [AirPosePin] released, peak correction was 0.000m
[  1908   23.055 x1.00] LOG  [AirPosePin] engaged, holding body at 1.254m above the transform
[  1909   23.065 x1.00] LOG  [AirPosePin] released, peak correction was 0.000m
[  1910   23.076 x1.00] LOG  [AirPosePin] engaged, holding body at 1.375m above the transform
[  1911   23.088 x1.00] LOG  [AirPosePin] released, peak correction was 0.000m
[  1912   23.099 x1.00] LOG  [AirPosePin] engaged, holding body at 1.497m above the transform
[  1913   23.110 x1.00] LOG  [AirPosePin] released, peak correction was 0.000m
[  1914   23.120 x1.00] LOG  [AirPosePin] engaged, holding body at 1.597m above the transform
[  1915   23.133 x1.00] LOG  [AirPosePin] released, peak correction was 0.000m
[  1916   23.147 x1.00] LOG  [AirPosePin] engaged, holding body at 1.677m above the transform
[  1917   23.160 x1.00] LOG  [AirPosePin] released, peak correction was 0.000m
[  1918   23.171 x1.00] LOG  [AirPosePin] engaged, holding body at 1.706m above the transform
[  1919   23.183 x1.00] LOG  [AirPosePin] released, peak correction was 0.000m
[  1920   23.194 x1.00] LOG  [AirPosePin] engaged, holding body at 1.695m above the transform
[  1921   23.204 x1.00] LOG  [AirPosePin] released, peak correction was 0.000m
[  1922   23.215 x1.00] LOG  [AirPosePin] engaged, holding body at 1.602m above the transform
[  1923   23.225 x1.00] LOG  [AirPosePin] released, peak correction was 0.000m
[  1924   23.236 x1.00] LOG  [AirPosePin] engaged, holding body at 1.428m above the transform
[  1925   23.249 x1.00] LOG  [AirPosePin] released, peak correction was 0.000m
[  1927   23.270 x1.00] LOG  [AirPosePin] engaged, holding body at 1.253m above the transform
[  1928   23.280 x1.00] LOG  [AirPosePin] released, peak correction was 0.000m
[  1929   23.290 x1.00] LOG  [AirPosePin] engaged, holding body at 1.155m above the transform
[  1930   23.301 x1.00] LOG  [AirPosePin] released, peak correction was 0.000m
[  1932   23.325 x1.00] LOG  [AirPosePin] engaged, holding body at 0.960m above the transform
[  1933   23.336 x1.00] LOG  [AirPosePin] released, peak correction was 0.000m
[  1934   23.350 x1.00] LOG  [AirPosePin] engaged, holding body at 0.836m above the transform
[  1935   23.360 x1.00] LOG  [AirPosePin] released, peak correction was 0.000m
[  1936   23.371 x1.00] LOG  [AirPosePin] engaged, holding body at 0.764m above the transform
[  1937   23.384 x1.00] LOG  [AirPosePin] released, peak correction was 0.000m
[  1938   23.395 x1.00] LOG  [AirPosePin] engaged, holding body at 0.794m above the transform
[  1939   23.406 x1.00] LOG  [AirPosePin] released, peak correction was 0.000m
[  1940   23.419 x1.00] LOG  [AirPosePin] engaged, holding body at 0.796m above the transform
[  1941   23.430 x1.00] LOG  [AirPosePin] released, peak correction was 0.000m
[  1942   23.440 x1.00] LOG  [AirPosePin] engaged, holding body at 0.764m above the transform
[  1943   23.451 x1.00] LOG  [AirPosePin] released, peak correction was 0.000m
[  1944   23.464 x1.00] LOG  [AirPosePin] engaged, holding body at 0.734m above the transform
[  1945   23.475 x1.00] LOG  [AirPosePin] released, peak correction was 0.000m
[  1946   23.487 x1.00] LOG  [AirPosePin] engaged, holding body at 0.706m above the transform
[  1947   23.499 x1.00] LOG  [AirPosePin] released, peak correction was 0.000m
[  1948   23.510 x1.00] LOG  [AirPosePin] engaged, holding body at 0.683m above the transform
[  1949   23.520 x1.00] LOG  [AirPosePin] released, peak correction was 0.000m
[  1950   23.530 x1.00] LOG  [AirPosePin] engaged, holding body at 0.667m above the transform
[  1951   23.540 x1.00] LOG  [AirPosePin] released, peak correction was 0.000m
[  1952   23.552 x1.00] LOG  [AirPosePin] engaged, holding body at 0.656m above the transform
[  1953   23.565 x1.00] LOG  [AirPosePin] released, peak correction was 0.000m
[  1955   23.585 x1.00] LOG  [DodgeTrace] 2leg flip: clip 0.67s, ran 0.69s, 3.0m — travel finished at 0.69s, leaving 0.00s of clip with nothing moving.
[  1955   23.585 x1.00] LOG  [Combat] Dodge ended
[  1980   23.851 x1.00] LOG  [Combat] Dodge: Dodge_2Leg (3m, 2leg)
[  1981   23.863 x1.00] LOG  [AirPosePin] engaged, holding body at 0.658m above the transform
[  1982   23.876 x1.00] LOG  [AirPosePin] released, peak correction was 0.000m
[  1983   23.888 x1.00] LOG  [AirPosePin] engaged, holding body at 0.674m above the transform
[  1984   23.898 x1.00] LOG  [AirPosePin] released, peak correction was 0.000m
[  1985   23.909 x1.00] LOG  [AirPosePin] engaged, holding body at 0.720m above the transform
[  1986   23.923 x1.00] LOG  [AirPosePin] released, peak correction was 0.000m
[  1987   23.934 x1.00] LOG  [AirPosePin] engaged, holding body at 0.830m above the transform
[  1988   23.946 x1.00] LOG  [AirPosePin] released, peak correction was 0.000m
[  1990   23.970 x1.00] LOG  [AirPosePin] engaged, holding body at 1.074m above the transform
[  1991   23.981 x1.00] LOG  [AirPosePin] released, peak correction was 0.000m
[  1992   23.994 x1.00] LOG  [AirPosePin] engaged, holding body at 1.212m above the transform
[  1993   24.007 x1.00] LOG  [AirPosePin] released, peak correction was 0.000m
[  1994   24.020 x1.00] LOG  [AirPosePin] engaged, holding body at 1.364m above the transform
[  1995   24.030 x1.00] LOG  [AirPosePin] released, peak correction was 0.000m
[  1996   24.040 x1.00] LOG  [AirPosePin] engaged, holding body at 1.473m above the transform
[  1997   24.050 x1.00] LOG  [AirPosePin] released, peak correction was 0.000m
[  1999   24.070 x1.00] LOG  [AirPosePin] engaged, holding body at 1.611m above the transform
[  2000   24.081 x1.00] LOG  [AirPosePin] released, peak correction was 0.000m
[  2001   24.095 x1.00] LOG  [AirPosePin] engaged, holding body at 1.681m above the transform
[  2002   24.105 x1.00] LOG  [AirPosePin] released, peak correction was 0.000m
[  2003   24.117 x1.00] LOG  [AirPosePin] engaged, holding body at 1.706m above the transform
[  2004   24.129 x1.00] LOG  [AirPosePin] released, peak correction was 0.000m
[  2005   24.139 x1.00] LOG  [AirPosePin] engaged, holding body at 1.696m above the transform
[  2006   24.150 x1.00] LOG  [AirPosePin] released, peak correction was 0.000m
[  2007   24.161 x1.00] LOG  [AirPosePin] engaged, holding body at 1.604m above the transform
[  2008   24.171 x1.00] LOG  [AirPosePin] released, peak correction was 0.000m
[  2009   24.181 x1.00] LOG  [AirPosePin] engaged, holding body at 1.439m above the transform
[  2010   24.194 x1.00] LOG  [AirPosePin] released, peak correction was 0.000m
[  2011   24.205 x1.00] LOG  [AirPosePin] engaged, holding body at 1.306m above the transform
[  2012   24.215 x1.00] LOG  [AirPosePin] released, peak correction was 0.000m
[  2013   24.225 x1.00] LOG  [AirPosePin] engaged, holding body at 1.206m above the transform
[  2014   24.236 x1.00] LOG  [AirPosePin] released, peak correction was 0.000m
[  2016   24.259 x1.00] LOG  [AirPosePin] engaged, holding body at 1.030m above the transform
[  2017   24.270 x1.00] LOG  [AirPosePin] released, peak correction was 0.000m
[  2018   24.280 x1.00] LOG  [AirPosePin] engaged, holding body at 0.911m above the transform
[  2019   24.290 x1.00] LOG  [AirPosePin] released, peak correction was 0.000m
[  2020   24.301 x1.00] LOG  [AirPosePin] engaged, holding body at 0.815m above the transform
[  2021   24.310 x1.00] LOG  [AirPosePin] released, peak correction was 0.000m
[  2022   24.321 x1.00] LOG  [AirPosePin] engaged, holding body at 0.761m above the transform
[  2023   24.330 x1.00] LOG  [AirPosePin] released, peak correction was 0.000m
[  2024   24.344 x1.00] LOG  [AirPosePin] engaged, holding body at 0.799m above the transform
[  2025   24.354 x1.00] LOG  [AirPosePin] released, peak correction was 0.000m
[  2026   24.366 x1.00] LOG  [AirPosePin] engaged, holding body at 0.795m above the transform
[  2027   24.376 x1.00] LOG  [AirPosePin] released, peak correction was 0.000m
[  2028   24.387 x1.00] LOG  [AirPosePin] engaged, holding body at 0.764m above the transform
[  2029   24.399 x1.00] LOG  [AirPosePin] released, peak correction was 0.000m
[  2031   24.421 x1.00] LOG  [AirPosePin] engaged, holding body at 0.720m above the transform
[  2032   24.434 x1.00] LOG  [AirPosePin] released, peak correction was 0.000m
[  2033   24.445 x1.00] LOG  [AirPosePin] engaged, holding body at 0.693m above the transform
[  2034   24.455 x1.00] LOG  [AirPosePin] released, peak correction was 0.000m
[  2035   24.465 x1.00] LOG  [AirPosePin] engaged, holding body at 0.675m above the transform
[  2036   24.475 x1.00] LOG  [AirPosePin] released, peak correction was 0.000m
[  2037   24.487 x1.00] LOG  [AirPosePin] engaged, holding body at 0.660m above the transform
[  2038   24.499 x1.00] LOG  [AirPosePin] released, peak correction was 0.000m
[  2039   24.510 x1.00] LOG  [AirPosePin] engaged, holding body at 0.653m above the transform
[  2040   24.520 x1.00] LOG  [AirPosePin] released, peak correction was 0.000m
[  2041   24.530 x1.00] LOG  [DodgeTrace] 2leg flip: clip 0.67s, ran 0.69s, 3.0m — travel finished at 0.69s, leaving 0.00s of clip with nothing moving.
[  2041   24.530 x1.00] LOG  [Combat] Dodge ended
[  2111   25.261 x1.00] LOG  [Combat] Combo 1: 10 dmg
[  2111   25.261 x1.00] LOG  [ComboTrace] START step=1 state='Combo1' queued=0 target=none: no collider on enemyLayer within 8m
[  2111   25.261 x1.00] LOG  [ComboTrace] LAUNCH STEP (no enemy) dist=0.90m in 0.13s
[  2124   25.401 x1.00] LOG  [ComboTrace] LAUNCH RESULT wanted=0.90m actually moved=0.90m — completed
[  2183   26.030 x1.00] LOG  🐾 VFX_AttackPaw triggered!
[  2209   26.310 x1.00] LOG  [ComboTrace] END step=1 clipProgress=0.85 clipLen=1.23s queued=0 elapsed=1.05s
[  2238   26.621 x1.00] LOG  🚶 2-LEG JUMP
[  2238   26.621 x1.00] LOG  🐾 Jump 1 VFX spawned!
[  2283   27.115 x1.00] LOG  [Combat] Dodge: Dodge_2Leg (3m, 2leg)
[  2283   27.115 x1.00] LOG  [AirPosePin] engaged, holding body at 2.220m above the transform
[  2345   27.794 x1.00] LOG  [DodgeTrace] 2leg flip: clip 0.67s, ran 0.69s, 3.0m — travel finished at 0.69s, leaving 0.00s of clip with nothing moving.
[  2345   27.794 x1.00] LOG  [Combat] Dodge ended
[  2345   27.794 x1.00] LOG  [AirPosePin] released, peak correction was 1.568m
[  2365   28.015 x1.00] LOG  💨 Landing VFX spawned!
[  2365   28.015 x1.00] LOG  ✅ LANDED! (was jump #1)
[  2615   30.601 x1.00] LOG  [StormWeather] ⚡ strike at (471.10, 45.00, 445.07)
[  2715   31.691 x1.00] LOG  
==================== [FREEZE-DEBUG v3] ====================
  Reason : WASD-NOMOVE: WASD recent + speed 0.00m/s for 0.40s
  Time   : 28.721s   Frame: 2715   Snaps: 60
===========================================================

--- CURRENT STATE ---
  Flags: atk=False hvy=False dod=False dsh=False
         grd=False hit=False aerial=False lockPos=False
         comboStep=1
  Anim : speed=1.00  combatLayer hash=-792875657 normT=3.884 weight=1.00 inTransition=False
  CC   : grounded=True  enabled=True  pos=(434.02, 0.00, 455.00)  vel=(0.00, -0.03, 0.00)
  Move : IsRunning=False
  Input: H=0.00 V=1.00  LMB=False MMB=False Q=False Sp=False Sh=False C=False
         WASD pressed in last 0.5s: True (last 0.00s ago)

--- FLIGHT RECORDER (60 snapshots, oldest first, dt=0.10s) ---
  Legend: flags = A(tk) H(vy) D(od) S(sh) G(rd) R(eact) Y(aerial) L(ock)   gnd/cc: Y/n
  t-now    flags     step gnd cc anSp normT layW tr | posX     posZ     spd   | H    V    LMB MMB Q  Sp Sh C
  ------   --------  ---- --- -- ---- ----- ---- -- | -----    -----    ----  | ---- ---- --- --- -- -- -- -
  - 6.28s  A-------    1  Y   Y  1.00  0.11 1.00 -  |   435.0    452.2  0.00 |  0.0  0.0 0   0   0  1  0  0
  - 6.17s  A-------    1  Y   Y  1.00  0.20 1.00 -  |   435.0    452.2  0.00 |  0.0  0.0 0   0   0  0  0  0
  - 6.07s  A-------    1  Y   Y  1.00  0.29 1.00 -  |   435.0    452.2  0.00 |  0.0  0.0 0   0   0  1  0  0
  - 5.96s  A-------    1  Y   Y  1.00  0.37 1.00 -  |   435.0    452.2  0.00 |  0.0  0.0 0   0   0  0  0  0
  - 5.85s  A-------    1  Y   Y  1.00  0.46 1.00 -  |   435.0    452.2  0.00 |  0.0  0.0 0   0   0  0  0  0
  - 5.75s  A-------    1  Y   Y  1.00  0.55 1.00 -  |   435.0    452.2  0.00 |  0.0  0.0 0   0   0  0  0  0
  - 5.64s  A-------    1  Y   Y  1.00  0.63 1.00 -  |   435.0    452.2  0.00 |  0.0  0.0 0   0   0  0  0  0
  - 5.53s  A-------    1  Y   Y  1.00  0.72 1.00 -  |   435.0    452.2  0.00 |  0.0  0.0 0   0   0  0  0  0
  - 5.42s  A-------    1  Y   Y  1.00  0.81 1.00 -  |   435.0    452.2  0.00 |  0.0  0.0 0   0   0  0  0  0
  - 5.31s  --------    1  Y   Y  1.00  0.90 1.00 T  |   435.0    452.2  0.00 |  0.0  0.0 0   0   0  0  0  0
  - 5.20s  --------    1  Y   Y  1.00  0.15 1.00 -  |   435.0    452.2  0.00 |  0.0  0.0 0   0   0  0  0  0
  - 5.10s  --------    1  Y   Y  1.00  0.26 1.00 -  |   435.0    452.2  0.00 |  0.0  0.0 0   0   0  0  0  0
  - 4.99s  --------    1  n   Y  1.00  0.37 1.00 -  |   435.0    452.2  0.00 |  0.0  0.0 0   0   0  1  0  0
  - 4.89s  --------    1  n   Y  1.00  0.47 1.00 -  |   435.0    452.3  0.00 |  0.0  0.0 0   0   0  0  0  0
  - 4.78s  --------    1  n   Y  1.00  0.58 1.00 -  |   435.0    452.3  0.00 |  0.0  0.0 0   0   0  0  0  0
  - 4.67s  --------    1  n   Y  1.00  0.68 1.00 -  |   434.9    452.4  0.00 |  0.0  0.0 0   0   0  0  0  0
  - 4.57s  --D-----    1  n   Y  1.00  0.79 1.00 T  |   434.9    452.5  5.14 |  0.0  0.0 0   0   0  0  0  1
  - 4.46s  --D-----    1  n   Y  1.00  0.16 1.00 -  |   434.7    452.9  4.24 |  0.0  0.0 0   0   0  0  0  1
  - 4.35s  --D-----    1  n   Y  1.00  0.32 1.00 -  |   434.5    453.4  4.76 |  0.0  0.0 0   0   0  0  0  0
  - 4.24s  --D-----    1  n   Y  1.00  0.49 1.00 -  |   434.2    453.9  4.74 |  0.0  0.0 0   0   0  0  0  0
  - 4.13s  --D-----    1  n   Y  1.00  0.65 1.00 -  |   434.0    454.3  4.88 |  0.0  0.0 0   0   0  0  0  0
  - 4.02s  --D-----    1  n   Y  1.00  0.81 1.00 -  |   433.8    454.8  4.19 |  0.0  0.0 0   0   0  0  0  0
  - 3.92s  --D-----    1  n   Y  1.00  0.97 1.00 -  |   433.7    455.1  3.16 |  0.0  0.0 0   0   0  0  0  0
  - 3.81s  --------    1  n   Y  1.00  1.13 1.00 T  |   433.6    455.3  0.00 |  0.0  0.0 0   0   0  0  0  0
  - 3.70s  --------    1  n   Y  1.00  1.30 1.00 T  |   433.5    455.5  0.00 |  0.0  0.0 0   0   0  0  0  0
  - 3.59s  --------    1  Y   Y  1.00  0.30 1.00 -  |   433.5    455.5  0.00 |  0.0  0.0 0   0   0  0  0  0
  - 3.48s  --------    1  Y   Y  1.00  0.40 1.00 -  |   433.5    455.5  0.00 |  0.0  0.0 0   0   0  0  0  0
  - 3.37s  --------    1  Y   Y  1.00  0.51 1.00 -  |   433.5    455.5  0.00 |  0.0  0.0 0   0   0  0  0  0
  - 3.26s  --------    1  Y   Y  1.00  0.62 1.00 -  |   433.5    455.5  0.00 |  0.0  0.0 0   0   0  0  0  0
  - 3.16s  --------    1  Y   Y  1.00  0.73 1.00 -  |   433.5    455.5  0.00 |  0.0  0.0 0   0   0  0  0  0
  - 3.06s  --------    1  Y   Y  1.00  0.83 1.00 -  |   433.5    455.5  0.00 |  0.0  0.0 0   0   0  0  0  0
  - 2.95s  --------    1  Y   Y  1.00  0.93 1.00 -  |   433.5    455.5  0.00 |  0.0  0.0 0   0   0  0  0  0
  - 2.85s  --------    1  Y   Y  1.00  1.04 1.00 -  |   433.5    455.5  0.00 |  0.0  0.0 0   0   0  0  0  0
  - 2.74s  --------    1  Y   Y  1.00  1.14 1.00 -  |   433.5    455.5  0.00 |  0.0  0.0 0   0   0  0  0  0
  - 2.64s  --------    1  Y   Y  1.00  1.25 1.00 -  |   433.5    455.5  0.00 |  0.0  0.0 0   0   0  0  0  0
  - 2.54s  --------    1  Y   Y  1.00  1.35 1.00 -  |   433.5    455.5  0.00 |  0.0  0.0 0   0   0  0  0  0
  - 2.43s  --------    1  Y   Y  1.00  1.46 1.00 -  |   433.5    455.5  0.00 |  0.0  0.0 0   0   0  0  0  0
  - 2.33s  --------    1  Y   Y  1.00  1.56 1.00 -  |   433.5    455.5  0.00 |  0.0  0.0 0   0   0  0  0  0
  - 2.22s  --------    1  Y   Y  1.00  1.67 1.00 -  |   433.5    455.5  0.00 |  0.0  0.0 0   0   0  0  0  0
  - 2.12s  --------    1  Y   Y  1.00  1.77 1.00 -  |   433.5    455.5  0.00 |  0.0  0.0 0   0   0  0  0  0
  - 2.01s  --------    1  Y   Y  1.00  1.88 1.00 -  |   433.5    455.5  0.00 |  0.0  0.0 0   0   0  0  0  0
  - 1.91s  --------    1  Y   Y  1.00  1.98 1.00 -  |   433.5    455.5  0.00 |  0.0  0.0 0   0   0  0  0  0
  - 1.80s  --------    1  Y   Y  1.00  2.08 1.00 -  |   433.5    455.5  0.00 |  0.0  0.0 0   0   0  0  0  0
  - 1.70s  --------    1  Y   Y  1.00  2.19 1.00 -  |   433.5    455.5  0.00 |  0.0  0.0 0   0   0  0  0  0
  - 1.59s  --------    1  Y   Y  1.00  2.29 1.00 -  |   433.5    455.5  0.00 |  0.0  0.0 0   0   0  0  0  0
  - 1.49s  --------    1  Y   Y  1.00  2.40 1.00 -  |   433.5    455.5  0.00 |  0.0  0.0 0   0   0  0  0  0
  - 1.39s  --------    1  Y   Y  1.00  2.50 1.00 -  |   433.5    455.5  0.00 |  0.0  0.0 0   0   0  0  0  0
  - 1.29s  --------    1  Y   Y  1.00  2.60 1.00 -  |   433.5    455.5  0.00 |  0.0  0.0 0   0   0  0  0  0
  - 1.18s  --------    1  Y   Y  1.00  2.71 1.00 -  |   433.5    455.5  0.00 |  0.0  0.0 0   0   0  0  0  0
  - 1.08s  --------    1  Y   Y  1.00  2.81 1.00 -  |   433.5    455.5  0.00 |  0.0  0.0 0   0   0  0  0  0
  - 0.97s  --------    1  Y   Y  1.00  2.91 1.00 -  |   433.5    455.5  0.00 |  0.0  0.0 0   0   0  0  0  0
  - 0.87s  --------    1  Y   Y  1.00  3.02 1.00 -  |   433.5    455.5  0.00 |  0.0  0.0 0   0   0  0  0  0
  - 0.76s  --------    1  Y   Y  1.00  3.13 1.00 -  |   433.5    455.5  0.00 |  0.0  0.0 0   0   0  0  0  0
  - 0.65s  --------    1  Y   Y  1.00  3.23 1.00 -  |   433.5    455.5  0.00 |  0.0  0.0 0   0   0  0  0  0
  - 0.55s  --------    1  Y   Y  1.00  3.34 1.00 -  |   433.5    455.5  0.00 |  0.0  0.0 0   0   0  0  0  0
  - 0.45s  --------    1  Y   Y  1.00  3.44 1.00 -  |   433.5    455.5  0.00 |  0.0  0.0 0   0   0  0  0  0
  - 0.34s  --------    1  Y   Y  1.00  3.55 1.00 -  |   433.5    455.5  0.00 |  0.0  1.0 0   0   0  0  0  0
  - 0.23s  --------    1  Y   Y  1.00  3.65 1.00 -  |   433.7    455.3  0.00 |  0.0  1.0 0   0   0  0  0  0
  - 0.13s  --------    1  Y   Y  1.00  3.76 1.00 -  |   433.8    455.2  0.00 |  0.0  1.0 0   0   0  0  0  0
  - 0.02s  --------    1  Y   Y  1.00  3.86 1.00 -  |   434.0    455.1  0.00 |  0.0  1.0 0   0   0  0  0  0
=========================================================== END

[  3091   35.738 x1.00] LOG  
==================== [FREEZE-DEBUG v3] ====================
  Reason : WASD-NOMOVE: WASD recent + speed 0.00m/s for 0.41s
  Time   : 32.769s   Frame: 3091   Snaps: 60
===========================================================

--- CURRENT STATE ---
  Flags: atk=False hvy=False dod=False dsh=False
         grd=False hit=False aerial=False lockPos=False
         comboStep=1
  Anim : speed=1.00  combatLayer hash=-792875657 normT=7.934 weight=1.00 inTransition=False
  CC   : grounded=True  enabled=True  pos=(433.38, -0.02, 437.71)  vel=(0.00, 0.00, 0.00)
  Move : IsRunning=True
  Input: H=1.00 V=1.00  LMB=False MMB=False Q=False Sp=False Sh=True C=False
         WASD pressed in last 0.5s: True (last 0.00s ago)

--- FLIGHT RECORDER (60 snapshots, oldest first, dt=0.10s) ---
  Legend: flags = A(tk) H(vy) D(od) S(sh) G(rd) R(eact) Y(aerial) L(ock)   gnd/cc: Y/n
  t-now    flags     step gnd cc anSp normT layW tr | posX     posZ     spd   | H    V    LMB MMB Q  Sp Sh C
  ------   --------  ---- --- -- ---- ----- ---- -- | -----    -----    ----  | ---- ---- --- --- -- -- -- -
  - 6.27s  --------    1  Y   Y  1.00  1.67 1.00 -  |   433.5    455.5  0.00 |  0.0  0.0 0   0   0  0  0  0
  - 6.17s  --------    1  Y   Y  1.00  1.77 1.00 -  |   433.5    455.5  0.00 |  0.0  0.0 0   0   0  0  0  0
  - 6.06s  --------    1  Y   Y  1.00  1.88 1.00 -  |   433.5    455.5  0.00 |  0.0  0.0 0   0   0  0  0  0
  - 5.95s  --------    1  Y   Y  1.00  1.98 1.00 -  |   433.5    455.5  0.00 |  0.0  0.0 0   0   0  0  0  0
  - 5.85s  --------    1  Y   Y  1.00  2.08 1.00 -  |   433.5    455.5  0.00 |  0.0  0.0 0   0   0  0  0  0
  - 5.75s  --------    1  Y   Y  1.00  2.19 1.00 -  |   433.5    455.5  0.00 |  0.0  0.0 0   0   0  0  0  0
  - 5.64s  --------    1  Y   Y  1.00  2.29 1.00 -  |   433.5    455.5  0.00 |  0.0  0.0 0   0   0  0  0  0
  - 5.54s  --------    1  Y   Y  1.00  2.40 1.00 -  |   433.5    455.5  0.00 |  0.0  0.0 0   0   0  0  0  0
  - 5.44s  --------    1  Y   Y  1.00  2.50 1.00 -  |   433.5    455.5  0.00 |  0.0  0.0 0   0   0  0  0  0
  - 5.34s  --------    1  Y   Y  1.00  2.60 1.00 -  |   433.5    455.5  0.00 |  0.0  0.0 0   0   0  0  0  0
  - 5.23s  --------    1  Y   Y  1.00  2.71 1.00 -  |   433.5    455.5  0.00 |  0.0  0.0 0   0   0  0  0  0
  - 5.13s  --------    1  Y   Y  1.00  2.81 1.00 -  |   433.5    455.5  0.00 |  0.0  0.0 0   0   0  0  0  0
  - 5.02s  --------    1  Y   Y  1.00  2.91 1.00 -  |   433.5    455.5  0.00 |  0.0  0.0 0   0   0  0  0  0
  - 4.92s  --------    1  Y   Y  1.00  3.02 1.00 -  |   433.5    455.5  0.00 |  0.0  0.0 0   0   0  0  0  0
  - 4.81s  --------    1  Y   Y  1.00  3.13 1.00 -  |   433.5    455.5  0.00 |  0.0  0.0 0   0   0  0  0  0
  - 4.70s  --------    1  Y   Y  1.00  3.23 1.00 -  |   433.5    455.5  0.00 |  0.0  0.0 0   0   0  0  0  0
  - 4.60s  --------    1  Y   Y  1.00  3.34 1.00 -  |   433.5    455.5  0.00 |  0.0  0.0 0   0   0  0  0  0
  - 4.50s  --------    1  Y   Y  1.00  3.44 1.00 -  |   433.5    455.5  0.00 |  0.0  0.0 0   0   0  0  0  0
  - 4.39s  --------    1  Y   Y  1.00  3.55 1.00 -  |   433.5    455.5  0.00 |  0.0  1.0 0   0   0  0  0  0
  - 4.28s  --------    1  Y   Y  1.00  3.65 1.00 -  |   433.7    455.3  0.00 |  0.0  1.0 0   0   0  0  0  0
  - 4.18s  --------    1  Y   Y  1.00  3.76 1.00 -  |   433.8    455.2  0.00 |  0.0  1.0 0   0   0  0  0  0
  - 4.07s  --------    1  Y   Y  1.00  3.86 1.00 -  |   434.0    455.1  0.00 |  0.0  1.0 0   0   0  0  0  0
  - 3.97s  --------    1  Y   Y  1.00  3.97 1.00 -  |   434.1    454.9  0.00 |  0.0  1.0 0   0   0  0  0  0
  - 3.86s  --------    1  Y   Y  1.00  4.08 1.00 -  |   434.3    454.7  0.00 |  0.0  1.0 0   0   0  0  0  0
  - 3.76s  --------    1  Y   Y  1.00  4.18 1.00 -  |   434.4    454.6  0.00 |  0.0  1.0 0   0   0  0  0  0
  - 3.65s  --------    1  Y   Y  1.00  4.28 1.00 -  |   434.6    454.4  0.00 |  0.0  1.0 0   0   0  0  0  0
  - 3.54s  --------    1  Y   Y  1.00  4.39 1.00 -  |   434.7    454.3  0.00 |  0.0  1.0 0   0   0  0  0  0
  - 3.44s  --------    1  Y   Y  1.00  4.49 1.00 -  |   435.1    453.8  0.00 |  0.0  1.0 0   0   0  0  1  0
  - 3.33s  --------    1  Y   Y  1.00  4.60 1.00 -  |   435.6    453.2  0.00 |  0.0  1.0 0   0   0  0  1  0
  - 3.22s  --------    1  Y   Y  1.00  4.71 1.00 -  |   436.1    452.6  0.00 |  0.0  1.0 0   0   0  0  1  0
  - 3.12s  --------    1  Y   Y  1.00  4.82 1.00 -  |   436.6    452.1  0.00 |  0.0  1.0 0   0   0  0  1  0
  - 3.01s  --------    1  Y   Y  1.00  4.92 1.00 -  |   437.0    451.6  0.00 |  0.0  1.0 0   0   0  0  1  0
  - 2.90s  --------    1  Y   Y  1.00  5.03 1.00 -  |   437.6    451.0  0.00 |  0.0  1.0 0   0   0  0  1  0
  - 2.80s  --------    1  Y   Y  1.00  5.13 1.00 -  |   438.1    450.5  0.00 |  0.0  1.0 0   0   0  0  1  0
  - 2.69s  --------    1  Y   Y  1.00  5.24 1.00 -  |   438.6    450.0  0.00 |  0.0  1.0 0   0   0  0  1  0
  - 2.58s  --------    1  Y   Y  1.00  5.35 1.00 -  |   439.2    449.4  0.00 |  0.0  1.0 0   0   0  0  1  0
  - 2.47s  --------    1  Y   Y  1.00  5.46 1.00 -  |   439.8    449.0  0.00 |  0.0  1.0 0   0   0  0  1  0
  - 2.37s  --------    1  Y   Y  1.00  5.57 1.00 -  |   440.5    448.6  0.00 |  0.0  1.0 0   0   0  0  1  0
  - 2.26s  --------    1  Y   Y  1.00  5.68 1.00 -  |   441.1    448.2  0.00 |  0.0  1.0 0   0   0  0  1  0
  - 2.16s  --------    1  Y   Y  1.00  5.78 1.00 -  |   441.7    447.8  0.00 |  1.0  1.0 0   0   0  0  1  0
  - 2.05s  --------    1  Y   Y  1.00  5.88 1.00 -  |   442.2    447.3  0.00 |  1.0  1.0 0   0   0  0  1  0
  - 1.94s  --------    1  Y   Y  1.00  5.99 1.00 -  |   442.6    446.6  0.00 |  1.0  1.0 0   0   0  0  1  0
  - 1.83s  --------    1  Y   Y  1.00  6.10 1.00 -  |   442.6    445.9  0.00 |  1.0  1.0 0   0   0  0  1  0
  - 1.73s  --------    1  Y   Y  1.00  6.20 1.00 -  |   442.5    445.2  0.00 |  1.0  1.0 0   0   0  0  1  0
  - 1.63s  --------    1  Y   Y  1.00  6.31 1.00 -  |   442.1    444.5  0.00 |  1.0  1.0 0   0   0  0  1  0
  - 1.52s  --------    1  Y   Y  1.00  6.41 1.00 -  |   441.8    443.8  0.00 |  1.0  1.0 0   0   0  0  1  0
  - 1.42s  --------    1  Y   Y  1.00  6.52 1.00 -  |   441.5    443.2  0.00 |  1.0  0.0 0   0   0  0  1  0
  - 1.32s  --------    1  Y   Y  1.00  6.62 1.00 -  |   441.0    442.7  0.00 |  1.0  0.0 0   0   0  0  1  0
  - 1.21s  --------    1  Y   Y  1.00  6.72 1.00 -  |   440.4    442.2  0.00 |  1.0  0.0 0   0   0  0  1  0
  - 1.10s  --------    1  Y   Y  1.00  6.83 1.00 -  |   439.7    441.9  0.00 |  1.0  0.0 0   0   0  0  1  0
  - 1.00s  --------    1  Y   Y  1.00  6.93 1.00 -  |   439.0    441.7  0.00 |  1.0  0.0 0   0   0  0  1  0
  - 0.90s  --------    1  Y   Y  1.00  7.03 1.00 -  |   438.4    441.5  0.00 |  1.0  0.0 0   0   0  0  1  0
  - 0.80s  --------    1  Y   Y  1.00  7.14 1.00 -  |   437.8    441.2  0.00 |  1.0  0.0 0   0   0  0  1  0
  - 0.70s  --------    1  Y   Y  1.00  7.24 1.00 -  |   437.2    440.8  0.00 |  1.0  0.0 0   0   0  0  1  0
  - 0.59s  --------    1  Y   Y  1.00  7.34 1.00 -  |   436.6    440.4  0.00 |  1.0  0.0 0   0   0  0  1  0
  - 0.49s  --------    1  Y   Y  1.00  7.44 1.00 -  |   436.1    440.0  0.00 |  1.0  0.0 0   0   0  0  1  0
  - 0.39s  --------    1  Y   Y  1.00  7.55 1.00 -  |   435.4    439.4  0.00 |  1.0  0.0 0   0   0  0  1  0
  - 0.29s  --------    1  Y   Y  1.00  7.65 1.00 -  |   434.9    439.0  0.00 |  1.0  0.0 0   0   0  0  1  0
  - 0.18s  --------    1  Y   Y  1.00  7.76 1.00 -  |   434.3    438.5  0.00 |  1.0  0.0 0   0   0  0  1  0
  - 0.07s  --------    1  Y   Y  1.00  7.86 1.00 -  |   433.8    438.1  0.00 |  1.0  0.0 0   0   0  0  1  0
=========================================================== END

[  3494   39.797 x1.00] LOG  
==================== [FREEZE-DEBUG v3] ====================
  Reason : WASD-NOMOVE: WASD recent + speed 0.00m/s for 0.41s
  Time   : 36.827s   Frame: 3494   Snaps: 60
===========================================================

--- CURRENT STATE ---
  Flags: atk=False hvy=False dod=False dsh=False
         grd=False hit=False aerial=False lockPos=False
         comboStep=1
  Anim : speed=1.00  combatLayer hash=-792875657 normT=11.992 weight=1.00 inTransition=False
  CC   : grounded=True  enabled=True  pos=(413.19, -0.02, 421.34)  vel=(0.00, 0.00, 0.00)
  Move : IsRunning=True
  Input: H=0.00 V=1.00  LMB=False MMB=False Q=False Sp=False Sh=True C=False
         WASD pressed in last 0.5s: True (last 0.00s ago)

--- FLIGHT RECORDER (60 snapshots, oldest first, dt=0.10s) ---
  Legend: flags = A(tk) H(vy) D(od) S(sh) G(rd) R(eact) Y(aerial) L(ock)   gnd/cc: Y/n
  t-now    flags     step gnd cc anSp normT layW tr | posX     posZ     spd   | H    V    LMB MMB Q  Sp Sh C
  ------   --------  ---- --- -- ---- ----- ---- -- | -----    -----    ----  | ---- ---- --- --- -- -- -- -
  - 6.21s  --------    1  Y   Y  1.00  5.78 1.00 -  |   441.7    447.8  0.00 |  1.0  1.0 0   0   0  0  1  0
  - 6.11s  --------    1  Y   Y  1.00  5.88 1.00 -  |   442.2    447.3  0.00 |  1.0  1.0 0   0   0  0  1  0
  - 6.00s  --------    1  Y   Y  1.00  5.99 1.00 -  |   442.6    446.6  0.00 |  1.0  1.0 0   0   0  0  1  0
  - 5.89s  --------    1  Y   Y  1.00  6.10 1.00 -  |   442.6    445.9  0.00 |  1.0  1.0 0   0   0  0  1  0
  - 5.79s  --------    1  Y   Y  1.00  6.20 1.00 -  |   442.5    445.2  0.00 |  1.0  1.0 0   0   0  0  1  0
  - 5.68s  --------    1  Y   Y  1.00  6.31 1.00 -  |   442.1    444.5  0.00 |  1.0  1.0 0   0   0  0  1  0
  - 5.58s  --------    1  Y   Y  1.00  6.41 1.00 -  |   441.8    443.8  0.00 |  1.0  1.0 0   0   0  0  1  0
  - 5.48s  --------    1  Y   Y  1.00  6.52 1.00 -  |   441.5    443.2  0.00 |  1.0  0.0 0   0   0  0  1  0
  - 5.37s  --------    1  Y   Y  1.00  6.62 1.00 -  |   441.0    442.7  0.00 |  1.0  0.0 0   0   0  0  1  0
  - 5.27s  --------    1  Y   Y  1.00  6.72 1.00 -  |   440.4    442.2  0.00 |  1.0  0.0 0   0   0  0  1  0
  - 5.16s  --------    1  Y   Y  1.00  6.83 1.00 -  |   439.7    441.9  0.00 |  1.0  0.0 0   0   0  0  1  0
  - 5.06s  --------    1  Y   Y  1.00  6.93 1.00 -  |   439.0    441.7  0.00 |  1.0  0.0 0   0   0  0  1  0
  - 4.96s  --------    1  Y   Y  1.00  7.03 1.00 -  |   438.4    441.5  0.00 |  1.0  0.0 0   0   0  0  1  0
  - 4.86s  --------    1  Y   Y  1.00  7.14 1.00 -  |   437.8    441.2  0.00 |  1.0  0.0 0   0   0  0  1  0
  - 4.75s  --------    1  Y   Y  1.00  7.24 1.00 -  |   437.2    440.8  0.00 |  1.0  0.0 0   0   0  0  1  0
  - 4.65s  --------    1  Y   Y  1.00  7.34 1.00 -  |   436.6    440.4  0.00 |  1.0  0.0 0   0   0  0  1  0
  - 4.55s  --------    1  Y   Y  1.00  7.44 1.00 -  |   436.1    440.0  0.00 |  1.0  0.0 0   0   0  0  1  0
  - 4.45s  --------    1  Y   Y  1.00  7.55 1.00 -  |   435.4    439.4  0.00 |  1.0  0.0 0   0   0  0  1  0
  - 4.34s  --------    1  Y   Y  1.00  7.65 1.00 -  |   434.9    439.0  0.00 |  1.0  0.0 0   0   0  0  1  0
  - 4.23s  --------    1  Y   Y  1.00  7.76 1.00 -  |   434.3    438.5  0.00 |  1.0  0.0 0   0   0  0  1  0
  - 4.13s  --------    1  Y   Y  1.00  7.86 1.00 -  |   433.8    438.1  0.00 |  1.0  0.0 0   0   0  0  1  0
  - 4.03s  --------    1  Y   Y  1.00  7.97 1.00 -  |   433.2    437.5  0.00 |  1.0  1.0 0   0   0  0  1  0
  - 3.93s  --------    1  Y   Y  1.00  8.07 1.00 -  |   433.1    437.4  0.00 |  1.0  1.0 0   0   0  0  0  0
  - 3.82s  --------    1  Y   Y  1.00  8.18 1.00 -  |   432.9    437.2  0.00 |  0.0  1.0 0   0   0  0  0  0
  - 3.72s  --------    1  Y   Y  1.00  8.28 1.00 -  |   432.8    437.1  0.00 |  0.0  1.0 0   0   0  0  0  0
  - 3.61s  --------    1  Y   Y  1.00  8.38 1.00 -  |   432.6    436.9  0.00 |  0.0  1.0 0   0   0  0  0  0
  - 3.50s  --------    1  Y   Y  1.00  8.49 1.00 -  |   432.3    436.6  0.00 |  0.0  1.0 0   0   0  0  1  0
  - 3.40s  --------    1  Y   Y  1.00  8.59 1.00 -  |   431.7    436.2  0.00 |  0.0  1.0 0   0   0  0  1  0
  - 3.30s  --------    1  Y   Y  1.00  8.69 1.00 -  |   431.2    435.8  0.00 |  0.0  1.0 0   0   0  0  1  0
  - 3.19s  --------    1  Y   Y  1.00  8.80 1.00 -  |   430.6    435.5  0.00 |  0.0  1.0 0   0   0  0  1  0
  - 3.08s  --------    1  Y   Y  1.00  8.91 1.00 -  |   429.9    435.0  0.00 |  0.0  1.0 0   0   0  0  1  0
  - 2.98s  --------    1  Y   Y  1.00  9.01 1.00 -  |   429.3    434.6  0.00 |  0.0  1.0 0   0   0  0  1  0
  - 2.88s  --------    1  Y   Y  1.00  9.11 1.00 -  |   428.7    434.2  0.00 |  0.0  1.0 0   0   0  0  1  0
  - 2.77s  --------    1  Y   Y  1.00  9.22 1.00 -  |   428.1    433.8  0.00 |  0.0  1.0 0   0   0  0  1  0
  - 2.66s  --------    1  Y   Y  1.00  9.33 1.00 -  |   427.5    433.3  0.00 |  0.0  1.0 0   0   0  0  1  0
  - 2.55s  --------    1  Y   Y  1.00  9.44 1.00 -  |   426.9    432.8  0.00 |  0.0  1.0 0   0   0  0  1  0
  - 2.45s  --------    1  Y   Y  1.00  9.54 1.00 -  |   426.4    432.4  0.00 |  0.0  1.0 0   0   0  0  1  0
  - 2.35s  --------    1  Y   Y  1.00  9.64 1.00 -  |   425.9    431.9  0.00 |  0.0  1.0 0   0   0  0  1  0
  - 2.25s  --------    1  Y   Y  1.00  9.74 1.00 -  |   425.3    431.5  0.00 |  0.0  1.0 0   0   0  0  1  0
  - 2.14s  --------    1  Y   Y  1.00  9.85 1.00 -  |   424.7    431.0  0.00 |  0.0  1.0 0   0   0  0  1  0
  - 2.04s  --------    1  Y   Y  1.00  9.95 1.00 -  |   424.1    430.5  0.00 |  0.0  1.0 0   0   0  0  1  0
  - 1.93s  --------    1  Y   Y  1.00 10.06 1.00 -  |   423.6    430.1  0.00 |  0.0  1.0 0   0   0  0  1  0
  - 1.83s  --------    1  Y   Y  1.00 10.16 1.00 -  |   423.1    429.6  0.00 |  0.0  1.0 0   0   0  0  1  0
  - 1.73s  --------    1  Y   Y  1.00 10.27 1.00 -  |   422.4    429.1  0.00 |  0.0  1.0 0   0   0  0  1  0
  - 1.62s  --------    1  Y   Y  1.00 10.37 1.00 -  |   421.9    428.6  0.00 |  0.0  1.0 0   0   0  0  1  0
  - 1.51s  --------    1  Y   Y  1.00 10.48 1.00 -  |   421.3    428.2  0.00 |  0.0  1.0 0   0   0  0  1  0
  - 1.41s  --------    1  Y   Y  1.00 10.58 1.00 -  |   420.8    427.7  0.00 |  0.0  1.0 0   0   0  0  1  0
  - 1.30s  --------    1  Y   Y  1.00 10.69 1.00 -  |   420.2    427.2  0.00 |  0.0  1.0 0   0   0  0  1  0
  - 1.19s  --------    1  Y   Y  1.00 10.80 1.00 -  |   419.6    426.8  0.00 |  0.0  1.0 0   0   0  0  1  0
  - 1.09s  --------    1  Y   Y  1.00 10.90 1.00 -  |   419.1    426.3  0.00 |  0.0  1.0 0   0   0  0  1  0
  - 0.99s  --------    1  Y   Y  1.00 11.00 1.00 -  |   418.5    425.9  0.00 |  0.0  1.0 0   0   0  0  1  0
  - 0.88s  --------    1  Y   Y  1.00 11.11 1.00 -  |   417.9    425.3  0.00 |  0.0  1.0 0   0   0  0  1  0
  - 0.77s  --------    1  Y   Y  1.00 11.22 1.00 -  |   417.3    424.9  0.00 |  0.0  1.0 0   0   0  0  1  0
  - 0.67s  --------    1  Y   Y  1.00 11.32 1.00 -  |   416.8    424.4  0.00 |  0.0  1.0 0   0   0  0  1  0
  - 0.57s  --------    1  Y   Y  1.00 11.42 1.00 -  |   416.3    424.0  0.00 |  0.0  1.0 0   0   0  0  1  0
  - 0.46s  --------    1  Y   Y  1.00 11.53 1.00 -  |   415.6    423.4  0.00 |  0.0  1.0 0   0   0  0  1  0
  - 0.35s  --------    1  Y   Y  1.00 11.64 1.00 -  |   415.1    423.0  0.00 |  0.0  1.0 0   0   0  0  1  0
  - 0.25s  --------    1  Y   Y  1.00 11.74 1.00 -  |   414.6    422.5  0.00 |  0.0  1.0 0   0   0  0  1  0
  - 0.14s  --------    1  Y   Y  1.00 11.85 1.00 -  |   413.9    422.0  0.00 |  0.0  1.0 0   0   0  0  1  0
  - 0.04s  --------    1  Y   Y  1.00 11.95 1.00 -  |   413.4    421.5  0.00 |  0.0  1.0 0   0   0  0  1  0
=========================================================== END

[  3922   44.118 x1.00] LOG  
==================== [FREEZE-DEBUG v3] ====================
  Reason : WASD-NOMOVE: WASD recent + speed 0.00m/s for 0.40s
  Time   : 41.148s   Frame: 3922   Snaps: 60
===========================================================

--- CURRENT STATE ---
  Flags: atk=False hvy=False dod=False dsh=False
         grd=False hit=False aerial=False lockPos=False
         comboStep=1
  Anim : speed=1.00  combatLayer hash=-792875657 normT=16.314 weight=1.00 inTransition=False
  CC   : grounded=True  enabled=True  pos=(400.99, -0.02, 411.06)  vel=(0.00, 0.00, 0.00)
  Move : IsRunning=True
  Input: H=0.00 V=1.00  LMB=False MMB=False Q=False Sp=False Sh=True C=False
         WASD pressed in last 0.5s: True (last 0.00s ago)

--- FLIGHT RECORDER (60 snapshots, oldest first, dt=0.10s) ---
  Legend: flags = A(tk) H(vy) D(od) S(sh) G(rd) R(eact) Y(aerial) L(ock)   gnd/cc: Y/n
  t-now    flags     step gnd cc anSp normT layW tr | posX     posZ     spd   | H    V    LMB MMB Q  Sp Sh C
  ------   --------  ---- --- -- ---- ----- ---- -- | -----    -----    ----  | ---- ---- --- --- -- -- -- -
  - 6.26s  --------    1  Y   Y  1.00 10.06 1.00 -  |   423.6    430.1  0.00 |  0.0  1.0 0   0   0  0  1  0
  - 6.15s  --------    1  Y   Y  1.00 10.16 1.00 -  |   423.1    429.6  0.00 |  0.0  1.0 0   0   0  0  1  0
  - 6.05s  --------    1  Y   Y  1.00 10.27 1.00 -  |   422.4    429.1  0.00 |  0.0  1.0 0   0   0  0  1  0
  - 5.95s  --------    1  Y   Y  1.00 10.37 1.00 -  |   421.9    428.6  0.00 |  0.0  1.0 0   0   0  0  1  0
  - 5.84s  --------    1  Y   Y  1.00 10.48 1.00 -  |   421.3    428.2  0.00 |  0.0  1.0 0   0   0  0  1  0
  - 5.73s  --------    1  Y   Y  1.00 10.58 1.00 -  |   420.8    427.7  0.00 |  0.0  1.0 0   0   0  0  1  0
  - 5.62s  --------    1  Y   Y  1.00 10.69 1.00 -  |   420.2    427.2  0.00 |  0.0  1.0 0   0   0  0  1  0
  - 5.51s  --------    1  Y   Y  1.00 10.80 1.00 -  |   419.6    426.8  0.00 |  0.0  1.0 0   0   0  0  1  0
  - 5.41s  --------    1  Y   Y  1.00 10.90 1.00 -  |   419.1    426.3  0.00 |  0.0  1.0 0   0   0  0  1  0
  - 5.31s  --------    1  Y   Y  1.00 11.00 1.00 -  |   418.5    425.9  0.00 |  0.0  1.0 0   0   0  0  1  0
  - 5.20s  --------    1  Y   Y  1.00 11.11 1.00 -  |   417.9    425.3  0.00 |  0.0  1.0 0   0   0  0  1  0
  - 5.10s  --------    1  Y   Y  1.00 11.22 1.00 -  |   417.3    424.9  0.00 |  0.0  1.0 0   0   0  0  1  0
  - 5.00s  --------    1  Y   Y  1.00 11.32 1.00 -  |   416.8    424.4  0.00 |  0.0  1.0 0   0   0  0  1  0
  - 4.89s  --------    1  Y   Y  1.00 11.42 1.00 -  |   416.3    424.0  0.00 |  0.0  1.0 0   0   0  0  1  0
  - 4.78s  --------    1  Y   Y  1.00 11.53 1.00 -  |   415.6    423.4  0.00 |  0.0  1.0 0   0   0  0  1  0
  - 4.67s  --------    1  Y   Y  1.00 11.64 1.00 -  |   415.1    423.0  0.00 |  0.0  1.0 0   0   0  0  1  0
  - 4.57s  --------    1  Y   Y  1.00 11.74 1.00 -  |   414.6    422.5  0.00 |  0.0  1.0 0   0   0  0  1  0
  - 4.46s  --------    1  Y   Y  1.00 11.85 1.00 -  |   413.9    422.0  0.00 |  0.0  1.0 0   0   0  0  1  0
  - 4.36s  --------    1  Y   Y  1.00 11.95 1.00 -  |   413.4    421.5  0.00 |  0.0  1.0 0   0   0  0  1  0
  - 4.25s  --------    1  Y   Y  1.00 12.06 1.00 -  |   412.9    421.1  0.00 |  0.0  1.0 0   0   0  0  1  0
  - 4.15s  --------    1  Y   Y  1.00 12.17 1.00 -  |   412.2    420.5  0.00 |  0.0  1.0 0   0   0  0  1  0
  - 4.04s  --------    1  Y   Y  1.00 12.28 1.00 -  |   411.7    420.1  0.00 |  0.0  1.0 0   0   0  0  1  0
  - 3.93s  --------    1  Y   Y  1.00 12.39 1.00 -  |   411.1    419.5  0.00 |  0.0  1.0 0   0   0  0  1  0
  - 3.82s  --------    1  Y   Y  1.00 12.49 1.00 -  |   410.5    419.1  0.00 |  0.0  0.0 0   0   0  0  1  0
  - 3.71s  --------    1  Y   Y  1.00 12.60 1.00 -  |   410.0    418.6  0.00 |  0.0  0.0 0   0   0  0  1  0
  - 3.61s  --------    1  Y   Y  1.00 12.70 1.00 -  |   409.4    418.2  0.00 |  0.0  0.0 0   0   0  0  1  0
  - 3.50s  --------    1  Y   Y  1.00 12.81 1.00 -  |   409.4    418.2  0.00 |  0.0  0.0 0   0   0  0  1  0
  - 3.40s  --------    1  Y   Y  1.00 12.92 1.00 -  |   409.4    418.2  0.00 |  0.0  0.0 0   0   0  0  1  0
  - 3.29s  --------    1  Y   Y  1.00 13.03 1.00 -  |   409.4    418.2  0.00 |  0.0  0.0 0   0   0  0  1  0
  - 3.19s  --------    1  Y   Y  1.00 13.13 1.00 -  |   409.4    418.2  0.00 |  0.0  0.0 0   0   0  0  1  0
  - 3.08s  --------    1  Y   Y  1.00 13.23 1.00 -  |   409.4    418.2  0.00 |  0.0  0.0 0   0   0  0  1  0
  - 2.98s  --------    1  Y   Y  1.00 13.33 1.00 -  |   409.4    418.2  0.00 |  0.0  0.0 0   0   0  0  1  0
  - 2.88s  --------    1  Y   Y  1.00 13.43 1.00 -  |   409.4    418.2  0.00 |  0.0  0.0 0   0   0  0  1  0
  - 2.77s  --------    1  Y   Y  1.00 13.54 1.00 -  |   409.4    418.2  0.00 |  0.0  0.0 0   0   0  0  1  0
  - 2.66s  --------    1  Y   Y  1.00 13.65 1.00 -  |   409.4    418.2  0.00 |  0.0  0.0 0   0   0  0  1  0
  - 2.55s  --------    1  Y   Y  1.00 13.76 1.00 -  |   409.4    418.2  0.00 |  0.0  0.0 0   0   0  0  1  0
  - 2.45s  --------    1  Y   Y  1.00 13.86 1.00 -  |   409.4    418.2  0.00 |  0.0  0.0 0   0   0  0  1  0
  - 2.35s  --------    1  Y   Y  1.00 13.96 1.00 -  |   409.4    418.2  0.00 |  0.0  0.0 0   0   0  0  1  0
  - 2.24s  --------    1  Y   Y  1.00 14.07 1.00 -  |   409.4    418.2  0.00 |  0.0  0.0 0   0   0  0  1  0
  - 2.13s  --------    1  Y   Y  1.00 14.18 1.00 -  |   409.4    418.2  0.00 |  0.0  0.0 0   0   0  0  1  0
  - 2.02s  --------    1  Y   Y  1.00 14.29 1.00 -  |   409.4    418.2  0.00 |  0.0  0.0 0   0   0  0  1  0
  - 1.91s  --------    1  Y   Y  1.00 14.40 1.00 -  |   409.4    418.2  0.00 |  0.0  0.0 0   0   0  0  1  0
  - 1.81s  --------    1  Y   Y  1.00 14.50 1.00 -  |   409.4    418.2  0.00 |  0.0  0.0 0   0   0  0  1  0
  - 1.70s  --------    1  Y   Y  1.00 14.61 1.00 -  |   409.4    418.2  0.00 |  0.0  0.0 0   0   0  0  1  0
  - 1.60s  --------    1  Y   Y  1.00 14.72 1.00 -  |   409.4    418.2  0.00 |  0.0  1.0 0   0   0  0  1  0
  - 1.50s  --------    1  Y   Y  1.00 14.82 1.00 -  |   409.0    417.8  0.00 |  0.0  1.0 0   0   0  0  1  0
  - 1.39s  --------    1  Y   Y  1.00 14.92 1.00 -  |   408.5    417.4  0.00 |  0.0  1.0 0   0   0  0  1  0
  - 1.29s  --------    1  Y   Y  1.00 15.02 1.00 -  |   407.9    416.9  0.00 |  0.0  1.0 0   0   0  0  1  0
  - 1.19s  --------    1  Y   Y  1.00 15.12 1.00 -  |   407.4    416.5  0.00 |  0.0  1.0 0   0   0  0  1  0
  - 1.08s  --------    1  Y   Y  1.00 15.23 1.00 -  |   406.8    415.9  0.00 |  0.0  1.0 0   0   0  0  1  0
  - 0.97s  --------    1  Y   Y  1.00 15.34 1.00 -  |   406.2    415.5  0.00 |  0.0  1.0 0   0   0  0  1  0
  - 0.87s  --------    1  Y   Y  1.00 15.44 1.00 -  |   405.7    415.0  0.00 |  0.0  1.0 0   0   0  0  1  0
  - 0.77s  --------    1  Y   Y  1.00 15.55 1.00 -  |   405.1    414.5  0.00 |  0.0  1.0 0   0   0  0  1  0
  - 0.66s  --------    1  Y   Y  1.00 15.65 1.00 -  |   404.5    414.0  0.00 |  0.0  1.0 0   0   0  0  1  0
  - 0.56s  --------    1  Y   Y  1.00 15.75 1.00 -  |   404.0    413.6  0.00 |  0.0  1.0 0   0   0  0  1  0
  - 0.46s  --------    1  Y   Y  1.00 15.85 1.00 -  |   403.4    413.1  0.00 |  0.0  1.0 0   0   0  0  1  0
  - 0.35s  --------    1  Y   Y  1.00 15.96 1.00 -  |   402.9    412.7  0.00 |  0.0  1.0 0   0   0  0  1  0
  - 0.24s  --------    1  Y   Y  1.00 16.07 1.00 -  |   402.3    412.1  0.00 |  0.0  1.0 0   0   0  0  1  0
  - 0.13s  --------    1  Y   Y  1.00 16.18 1.00 -  |   401.7    411.7  0.00 |  0.0  1.0 0   0   0  0  1  0
  - 0.03s  --------    1  Y   Y  1.00 16.28 1.00 -  |   401.2    411.2  0.00 |  0.0  1.0 0   0   0  0  1  0
=========================================================== END

[  4297   47.883 x1.00] LOG  [StormWeather] ⚡ strike at (485.76, 45.00, 438.47)
[  4324   48.163 x1.00] LOG  
==================== [FREEZE-DEBUG v3] ====================
  Reason : WASD-NOMOVE: WASD recent + speed 0.00m/s for 0.40s
  Time   : 45.193s   Frame: 4324   Snaps: 60
===========================================================

--- CURRENT STATE ---
  Flags: atk=False hvy=False dod=False dsh=False
         grd=False hit=False aerial=False lockPos=False
         comboStep=1
  Anim : speed=1.00  combatLayer hash=-792875657 normT=20.359 weight=1.00 inTransition=False
  CC   : grounded=True  enabled=True  pos=(379.35, -0.02, 392.84)  vel=(0.00, 0.00, 0.00)
  Move : IsRunning=True
  Input: H=0.00 V=1.00  LMB=False MMB=False Q=False Sp=False Sh=True C=False
         WASD pressed in last 0.5s: True (last 0.00s ago)

--- FLIGHT RECORDER (60 snapshots, oldest first, dt=0.10s) ---
  Legend: flags = A(tk) H(vy) D(od) S(sh) G(rd) R(eact) Y(aerial) L(ock)   gnd/cc: Y/n
  t-now    flags     step gnd cc anSp normT layW tr | posX     posZ     spd   | H    V    LMB MMB Q  Sp Sh C
  ------   --------  ---- --- -- ---- ----- ---- -- | -----    -----    ----  | ---- ---- --- --- -- -- -- -
  - 6.29s  --------    1  Y   Y  1.00 14.07 1.00 -  |   409.4    418.2  0.00 |  0.0  0.0 0   0   0  0  1  0
  - 6.18s  --------    1  Y   Y  1.00 14.18 1.00 -  |   409.4    418.2  0.00 |  0.0  0.0 0   0   0  0  1  0
  - 6.07s  --------    1  Y   Y  1.00 14.29 1.00 -  |   409.4    418.2  0.00 |  0.0  0.0 0   0   0  0  1  0
  - 5.96s  --------    1  Y   Y  1.00 14.40 1.00 -  |   409.4    418.2  0.00 |  0.0  0.0 0   0   0  0  1  0
  - 5.85s  --------    1  Y   Y  1.00 14.50 1.00 -  |   409.4    418.2  0.00 |  0.0  0.0 0   0   0  0  1  0
  - 5.75s  --------    1  Y   Y  1.00 14.61 1.00 -  |   409.4    418.2  0.00 |  0.0  0.0 0   0   0  0  1  0
  - 5.64s  --------    1  Y   Y  1.00 14.72 1.00 -  |   409.4    418.2  0.00 |  0.0  1.0 0   0   0  0  1  0
  - 5.54s  --------    1  Y   Y  1.00 14.82 1.00 -  |   409.0    417.8  0.00 |  0.0  1.0 0   0   0  0  1  0
  - 5.44s  --------    1  Y   Y  1.00 14.92 1.00 -  |   408.5    417.4  0.00 |  0.0  1.0 0   0   0  0  1  0
  - 5.34s  --------    1  Y   Y  1.00 15.02 1.00 -  |   407.9    416.9  0.00 |  0.0  1.0 0   0   0  0  1  0
  - 5.23s  --------    1  Y   Y  1.00 15.12 1.00 -  |   407.4    416.5  0.00 |  0.0  1.0 0   0   0  0  1  0
  - 5.12s  --------    1  Y   Y  1.00 15.23 1.00 -  |   406.8    415.9  0.00 |  0.0  1.0 0   0   0  0  1  0
  - 5.02s  --------    1  Y   Y  1.00 15.34 1.00 -  |   406.2    415.5  0.00 |  0.0  1.0 0   0   0  0  1  0
  - 4.91s  --------    1  Y   Y  1.00 15.44 1.00 -  |   405.7    415.0  0.00 |  0.0  1.0 0   0   0  0  1  0
  - 4.81s  --------    1  Y   Y  1.00 15.55 1.00 -  |   405.1    414.5  0.00 |  0.0  1.0 0   0   0  0  1  0
  - 4.71s  --------    1  Y   Y  1.00 15.65 1.00 -  |   404.5    414.0  0.00 |  0.0  1.0 0   0   0  0  1  0
  - 4.61s  --------    1  Y   Y  1.00 15.75 1.00 -  |   404.0    413.6  0.00 |  0.0  1.0 0   0   0  0  1  0
  - 4.50s  --------    1  Y   Y  1.00 15.85 1.00 -  |   403.4    413.1  0.00 |  0.0  1.0 0   0   0  0  1  0
  - 4.40s  --------    1  Y   Y  1.00 15.96 1.00 -  |   402.9    412.7  0.00 |  0.0  1.0 0   0   0  0  1  0
  - 4.29s  --------    1  Y   Y  1.00 16.07 1.00 -  |   402.3    412.1  0.00 |  0.0  1.0 0   0   0  0  1  0
  - 4.18s  --------    1  Y   Y  1.00 16.18 1.00 -  |   401.7    411.7  0.00 |  0.0  1.0 0   0   0  0  1  0
  - 4.08s  --------    1  Y   Y  1.00 16.28 1.00 -  |   401.2    411.2  0.00 |  0.0  1.0 0   0   0  0  1  0
  - 3.97s  --------    1  Y   Y  1.00 16.38 1.00 -  |   400.7    410.8  0.00 |  0.0  1.0 0   0   0  0  1  0
  - 3.87s  --------    1  Y   Y  1.00 16.48 1.00 -  |   400.1    410.3  0.00 |  0.0  1.0 0   0   0  0  1  0
  - 3.76s  --------    1  Y   Y  1.00 16.59 1.00 -  |   399.5    409.8  0.00 |  0.0  1.0 0   0   0  0  1  0
  - 3.66s  --------    1  Y   Y  1.00 16.70 1.00 -  |   399.0    409.3  0.00 |  0.0  1.0 0   0   0  0  1  0
  - 3.55s  --------    1  Y   Y  1.00 16.80 1.00 -  |   398.4    408.9  0.00 |  0.0  1.0 0   0   0  0  1  0
  - 3.45s  --------    1  Y   Y  1.00 16.90 1.00 -  |   397.9    408.4  0.00 |  0.0  1.0 0   0   0  0  1  0
  - 3.35s  --------    1  Y   Y  1.00 17.01 1.00 -  |   397.2    407.9  0.00 |  0.0  1.0 0   0   0  0  1  0
  - 3.24s  --------    1  Y   Y  1.00 17.12 1.00 -  |   396.7    407.5  0.00 |  0.0  1.0 0   0   0  0  1  0
  - 3.14s  --------    1  Y   Y  1.00 17.22 1.00 -  |   396.2    407.0  0.00 |  0.0  1.0 0   0   0  0  1  0
  - 3.03s  --------    1  Y   Y  1.00 17.33 1.00 -  |   395.5    406.5  0.00 |  0.0  1.0 0   0   0  0  1  0
  - 2.93s  --------    1  Y   Y  1.00 17.43 1.00 -  |   395.0    406.0  0.00 |  0.0  1.0 0   0   0  0  1  0
  - 2.82s  --------    1  Y   Y  1.00 17.54 1.00 -  |   394.5    405.6  0.00 |  0.0  1.0 0   0   0  0  1  0
  - 2.72s  --------    1  Y   Y  1.00 17.64 1.00 -  |   393.9    405.1  0.00 |  0.0  1.0 0   0   0  0  1  0
  - 2.61s  --------    1  Y   Y  1.00 17.75 1.00 -  |   393.3    404.6  0.00 |  0.0  1.0 0   0   0  0  1  0
  - 2.51s  --------    1  Y   Y  1.00 17.85 1.00 -  |   392.7    404.1  0.00 |  0.0  1.0 0   0   0  0  1  0
  - 2.41s  --------    1  Y   Y  1.00 17.95 1.00 -  |   392.2    403.7  0.00 |  0.0  1.0 0   0   0  0  1  0
  - 2.30s  --------    1  Y   Y  1.00 18.05 1.00 -  |   391.7    403.2  0.00 |  0.0  1.0 0   0   0  0  1  0
  - 2.20s  --------    1  Y   Y  1.00 18.16 1.00 -  |   391.1    402.8  0.00 |  0.0  1.0 0   0   0  0  1  0
  - 2.10s  --------    1  Y   Y  1.00 18.26 1.00 -  |   390.6    402.3  0.00 |  0.0  1.0 0   0   0  0  1  0
  - 2.00s  --------    1  Y   Y  1.00 18.36 1.00 -  |   390.1    401.9  0.00 |  0.0  1.0 0   0   0  0  1  0
  - 1.90s  --------    1  Y   Y  1.00 18.46 1.00 -  |   389.5    401.4  0.00 |  0.0  1.0 0   0   0  0  1  0
  - 1.79s  --------    1  Y   Y  1.00 18.57 1.00 -  |   388.9    400.9  0.00 |  0.0  1.0 0   0   0  0  1  0
  - 1.68s  --------    1  Y   Y  1.00 18.67 1.00 -  |   388.3    400.4  0.00 |  0.0  1.0 0   0   0  0  1  0
  - 1.58s  --------    1  Y   Y  1.00 18.78 1.00 -  |   387.8    400.0  0.00 |  0.0  1.0 0   0   0  0  1  0
  - 1.48s  --------    1  Y   Y  1.00 18.88 1.00 -  |   387.3    399.5  0.00 |  0.0  1.0 0   0   0  0  1  0
  - 1.37s  --------    1  Y   Y  1.00 18.99 1.00 -  |   386.6    399.0  0.00 |  0.0  1.0 0   0   0  0  1  0
  - 1.26s  --------    1  Y   Y  1.00 19.10 1.00 -  |   386.1    398.5  0.00 |  0.0  1.0 0   0   0  0  1  0
  - 1.16s  --------    1  Y   Y  1.00 19.20 1.00 -  |   385.6    398.1  0.00 |  0.0  1.0 0   0   0  0  1  0
  - 1.05s  --------    1  Y   Y  1.00 19.31 1.00 -  |   384.9    397.5  0.00 |  0.0  1.0 0   0   0  0  1  0
  - 0.94s  --------    1  Y   Y  1.00 19.42 1.00 -  |   384.4    397.1  0.00 |  0.0  1.0 0   0   0  0  1  0
  - 0.83s  --------    1  Y   Y  1.00 19.53 1.00 -  |   383.7    396.5  0.00 |  0.0  1.0 0   0   0  0  1  0
  - 0.73s  --------    1  Y   Y  1.00 19.63 1.00 -  |   383.2    396.1  0.00 |  0.0  1.0 0   0   0  0  1  0
  - 0.62s  --------    1  Y   Y  1.00 19.74 1.00 -  |   382.7    395.6  0.00 |  0.0  1.0 0   0   0  0  1  0
  - 0.51s  --------    1  Y   Y  1.00 19.85 1.00 -  |   382.0    395.1  0.00 |  0.0  1.0 0   0   0  0  1  0
  - 0.40s  --------    1  Y   Y  1.00 19.96 1.00 -  |   381.5    394.6  0.00 |  0.0  1.0 0   0   0  0  1  0
  - 0.29s  --------    1  Y   Y  1.00 20.07 1.00 -  |   380.9    394.1  0.00 |  0.0  1.0 0   0   0  0  1  0
  - 0.18s  --------    1  Y   Y  1.00 20.17 1.00 -  |   380.3    393.7  0.00 |  0.0  1.0 0   0   0  0  1  0
  - 0.08s  --------    1  Y   Y  1.00 20.28 1.00 -  |   379.8    393.2  0.00 |  0.0  1.0 0   0   0  0  1  0
=========================================================== END

[  4691   52.220 x1.00] LOG  
==================== [FREEZE-DEBUG v3] ====================
  Reason : WASD-NOMOVE: WASD recent + speed 0.00m/s for 0.41s
  Time   : 49.251s   Frame: 4691   Snaps: 60
===========================================================

--- CURRENT STATE ---
  Flags: atk=False hvy=False dod=False dsh=False
         grd=False hit=False aerial=False lockPos=False
         comboStep=1
  Anim : speed=1.00  combatLayer hash=-792875657 normT=24.414 weight=1.00 inTransition=False
  CC   : grounded=True  enabled=True  pos=(355.71, -0.02, 381.47)  vel=(0.00, 0.00, 0.00)
  Move : IsRunning=True
  Input: H=0.00 V=1.00  LMB=False MMB=False Q=False Sp=False Sh=True C=False
         WASD pressed in last 0.5s: True (last 0.00s ago)

--- FLIGHT RECORDER (60 snapshots, oldest first, dt=0.10s) ---
  Legend: flags = A(tk) H(vy) D(od) S(sh) G(rd) R(eact) Y(aerial) L(ock)   gnd/cc: Y/n
  t-now    flags     step gnd cc anSp normT layW tr | posX     posZ     spd   | H    V    LMB MMB Q  Sp Sh C
  ------   --------  ---- --- -- ---- ----- ---- -- | -----    -----    ----  | ---- ---- --- --- -- -- -- -
  - 6.26s  --------    1  Y   Y  1.00 18.16 1.00 -  |   391.1    402.8  0.00 |  0.0  1.0 0   0   0  0  1  0
  - 6.16s  --------    1  Y   Y  1.00 18.26 1.00 -  |   390.6    402.3  0.00 |  0.0  1.0 0   0   0  0  1  0
  - 6.06s  --------    1  Y   Y  1.00 18.36 1.00 -  |   390.1    401.9  0.00 |  0.0  1.0 0   0   0  0  1  0
  - 5.96s  --------    1  Y   Y  1.00 18.46 1.00 -  |   389.5    401.4  0.00 |  0.0  1.0 0   0   0  0  1  0
  - 5.85s  --------    1  Y   Y  1.00 18.57 1.00 -  |   388.9    400.9  0.00 |  0.0  1.0 0   0   0  0  1  0
  - 5.74s  --------    1  Y   Y  1.00 18.67 1.00 -  |   388.3    400.4  0.00 |  0.0  1.0 0   0   0  0  1  0
  - 5.64s  --------    1  Y   Y  1.00 18.78 1.00 -  |   387.8    400.0  0.00 |  0.0  1.0 0   0   0  0  1  0
  - 5.54s  --------    1  Y   Y  1.00 18.88 1.00 -  |   387.3    399.5  0.00 |  0.0  1.0 0   0   0  0  1  0
  - 5.43s  --------    1  Y   Y  1.00 18.99 1.00 -  |   386.6    399.0  0.00 |  0.0  1.0 0   0   0  0  1  0
  - 5.32s  --------    1  Y   Y  1.00 19.10 1.00 -  |   386.1    398.5  0.00 |  0.0  1.0 0   0   0  0  1  0
  - 5.22s  --------    1  Y   Y  1.00 19.20 1.00 -  |   385.6    398.1  0.00 |  0.0  1.0 0   0   0  0  1  0
  - 5.11s  --------    1  Y   Y  1.00 19.31 1.00 -  |   384.9    397.5  0.00 |  0.0  1.0 0   0   0  0  1  0
  - 5.00s  --------    1  Y   Y  1.00 19.42 1.00 -  |   384.4    397.1  0.00 |  0.0  1.0 0   0   0  0  1  0
  - 4.89s  --------    1  Y   Y  1.00 19.53 1.00 -  |   383.7    396.5  0.00 |  0.0  1.0 0   0   0  0  1  0
  - 4.79s  --------    1  Y   Y  1.00 19.63 1.00 -  |   383.2    396.1  0.00 |  0.0  1.0 0   0   0  0  1  0
  - 4.68s  --------    1  Y   Y  1.00 19.74 1.00 -  |   382.7    395.6  0.00 |  0.0  1.0 0   0   0  0  1  0
  - 4.57s  --------    1  Y   Y  1.00 19.85 1.00 -  |   382.0    395.1  0.00 |  0.0  1.0 0   0   0  0  1  0
  - 4.46s  --------    1  Y   Y  1.00 19.96 1.00 -  |   381.5    394.6  0.00 |  0.0  1.0 0   0   0  0  1  0
  - 4.35s  --------    1  Y   Y  1.00 20.07 1.00 -  |   380.9    394.1  0.00 |  0.0  1.0 0   0   0  0  1  0
  - 4.24s  --------    1  Y   Y  1.00 20.17 1.00 -  |   380.3    393.7  0.00 |  0.0  1.0 0   0   0  0  1  0
  - 4.14s  --------    1  Y   Y  1.00 20.28 1.00 -  |   379.8    393.2  0.00 |  0.0  1.0 0   0   0  0  1  0
  - 4.03s  --------    1  Y   Y  1.00 20.38 1.00 -  |   379.2    392.8  0.00 |  0.0  1.0 0   0   0  0  1  0
  - 3.93s  --------    1  Y   Y  1.00 20.49 1.00 -  |   378.6    392.2  0.00 |  0.0  1.0 0   0   0  0  1  0
  - 3.82s  --------    1  Y   Y  1.00 20.59 1.00 -  |   378.1    391.8  0.00 |  0.0  1.0 0   0   0  0  1  0
  - 3.72s  --------    1  Y   Y  1.00 20.69 1.00 -  |   377.5    391.3  0.00 |  0.0  1.0 0   0   0  0  1  0
  - 3.62s  --------    1  Y   Y  1.00 20.79 1.00 -  |   377.0    390.9  0.00 |  0.0  1.0 0   0   0  0  1  0
  - 3.51s  --------    1  Y   Y  1.00 20.90 1.00 -  |   376.5    390.4  0.00 |  0.0  1.0 0   0   0  0  1  0
  - 3.41s  --------    1  Y   Y  1.00 21.01 1.00 -  |   375.8    389.9  0.00 |  0.0  1.0 0   0   0  0  1  0
  - 3.31s  --------    1  Y   Y  1.00 21.11 1.00 -  |   375.3    389.4  0.00 |  0.0  1.0 0   0   0  0  1  0
  - 3.21s  --------    1  Y   Y  1.00 21.21 1.00 -  |   374.7    389.1  0.00 |  0.0  1.0 0   0   0  0  1  0
  - 3.11s  --------    1  Y   Y  1.00 21.31 1.00 -  |   374.0    388.8  0.00 |  0.0  1.0 0   0   0  0  1  0
  - 3.01s  --------    1  Y   Y  1.00 21.41 1.00 -  |   373.4    388.6  0.00 |  0.0  1.0 0   0   0  0  1  0
  - 2.90s  --------    1  Y   Y  1.00 21.52 1.00 -  |   372.7    388.6  0.00 |  0.0  1.0 0   0   0  0  1  0
  - 2.79s  --------    1  Y   Y  1.00 21.62 1.00 -  |   372.0    388.8  0.00 |  0.0  1.0 0   0   0  0  1  0
  - 2.69s  --------    1  Y   Y  1.00 21.72 1.00 -  |   371.3    389.0  0.00 |  0.0  1.0 0   0   0  0  1  0
  - 2.59s  --------    1  Y   Y  1.00 21.83 1.00 -  |   370.5    389.2  0.00 |  0.0  1.0 0   0   0  0  1  0
  - 2.48s  --------    1  Y   Y  1.00 21.93 1.00 -  |   369.8    389.4  0.00 |  0.0  1.0 0   0   0  0  1  0
  - 2.37s  --------    1  Y   Y  1.00 22.04 1.00 -  |   369.2    389.6  0.00 |  0.0  0.0 0   0   0  0  1  0
  - 2.27s  --------    1  Y   Y  1.00 22.14 1.00 -  |   368.5    389.8  0.00 |  0.0  0.0 0   0   0  0  1  0
  - 2.17s  --------    1  Y   Y  1.00 22.24 1.00 -  |   367.7    390.0  0.00 |  0.0  1.0 0   0   0  0  1  0
  - 2.06s  --------    1  Y   Y  1.00 22.35 1.00 -  |   367.0    390.1  0.00 |  0.0  1.0 0   0   0  0  1  0
  - 1.96s  --------    1  Y   Y  1.00 22.45 1.00 -  |   366.3    390.0  0.00 |  0.0  1.0 0   0   0  0  1  0
  - 1.86s  --------    1  Y   Y  1.00 22.56 1.00 -  |   365.6    389.8  0.00 |  0.0  1.0 0   0   0  0  1  0
  - 1.75s  --------    1  Y   Y  1.00 22.66 1.00 -  |   365.0    389.4  0.00 |  0.0  1.0 0   0   0  0  1  0
  - 1.64s  --------    1  Y   Y  1.00 22.77 1.00 -  |   364.3    389.0  0.00 |  0.0  1.0 0   0   0  0  1  0
  - 1.53s  --------    1  Y   Y  1.00 22.88 1.00 -  |   363.7    388.6  0.00 |  0.0  1.0 0   0   0  0  1  0
  - 1.43s  --------    1  Y   Y  1.00 22.98 1.00 -  |   363.1    388.2  0.00 |  0.0  1.0 0   0   0  0  1  0
  - 1.32s  --------    1  Y   Y  1.00 23.08 1.00 -  |   362.4    387.8  0.00 |  0.0  1.0 0   0   0  0  1  0
  - 1.22s  --------    1  Y   Y  1.00 23.20 1.00 -  |   361.8    387.4  0.00 |  0.0  1.0 0   0   0  0  1  0
  - 1.11s  --------    1  Y   Y  1.00 23.30 1.00 -  |   361.2    387.0  0.00 |  0.0  1.0 0   0   0  0  1  0
  - 1.01s  --------    1  Y   Y  1.00 23.40 1.00 -  |   360.7    386.6  0.00 |  0.0  1.0 0   0   0  0  1  0
  - 0.91s  --------    1  Y   Y  1.00 23.51 1.00 -  |   360.0    386.1  0.00 |  0.0  1.0 0   0   0  0  1  0
  - 0.80s  --------    1  Y   Y  1.00 23.61 1.00 -  |   359.5    385.6  0.00 |  0.0  1.0 0   0   0  0  1  0
  - 0.70s  --------    1  Y   Y  1.00 23.71 1.00 -  |   359.0    385.1  0.00 |  0.0  1.0 0   0   0  0  1  0
  - 0.60s  --------    1  Y   Y  1.00 23.82 1.00 -  |   358.5    384.6  0.00 |  0.0  1.0 0   0   0  0  1  0
  - 0.49s  --------    1  Y   Y  1.00 23.93 1.00 -  |   358.1    384.1  0.00 |  0.0  1.0 0   0   0  0  1  0
  - 0.38s  --------    1  Y   Y  1.00 24.03 1.00 -  |   357.5    383.4  0.00 |  0.0  1.0 0   0   0  0  1  0
  - 0.27s  --------    1  Y   Y  1.00 24.14 1.00 -  |   357.0    382.9  0.00 |  0.0  1.0 0   0   0  0  1  0
  - 0.17s  --------    1  Y   Y  1.00 24.24 1.00 -  |   356.6    382.4  0.00 |  0.0  1.0 0   0   0  0  1  0
  - 0.07s  --------    1  Y   Y  1.00 24.35 1.00 -  |   356.0    381.8  0.00 |  0.0  1.0 0   0   0  0  1  0
=========================================================== END

[  5058   56.260 x1.00] LOG  
==================== [FREEZE-DEBUG v3] ====================
  Reason : WASD-NOMOVE: WASD recent + speed 0.00m/s for 0.40s
  Time   : 53.290s   Frame: 5058   Snaps: 60
===========================================================

--- CURRENT STATE ---
  Flags: atk=False hvy=False dod=False dsh=False
         grd=False hit=False aerial=False lockPos=False
         comboStep=1
  Anim : speed=1.00  combatLayer hash=-792875657 normT=28.452 weight=1.00 inTransition=False
  CC   : grounded=True  enabled=True  pos=(337.65, -0.02, 372.82)  vel=(0.00, 0.00, 0.00)
  Move : IsRunning=True
  Input: H=0.00 V=1.00  LMB=False MMB=False Q=False Sp=False Sh=True C=False
         WASD pressed in last 0.5s: True (last 0.00s ago)

--- FLIGHT RECORDER (60 snapshots, oldest first, dt=0.10s) ---
  Legend: flags = A(tk) H(vy) D(od) S(sh) G(rd) R(eact) Y(aerial) L(ock)   gnd/cc: Y/n
  t-now    flags     step gnd cc anSp normT layW tr | posX     posZ     spd   | H    V    LMB MMB Q  Sp Sh C
  ------   --------  ---- --- -- ---- ----- ---- -- | -----    -----    ----  | ---- ---- --- --- -- -- -- -
  - 6.31s  --------    1  Y   Y  1.00 22.14 1.00 -  |   368.5    389.8  0.00 |  0.0  0.0 0   0   0  0  1  0
  - 6.21s  --------    1  Y   Y  1.00 22.24 1.00 -  |   367.7    390.0  0.00 |  0.0  1.0 0   0   0  0  1  0
  - 6.10s  --------    1  Y   Y  1.00 22.35 1.00 -  |   367.0    390.1  0.00 |  0.0  1.0 0   0   0  0  1  0
  - 6.00s  --------    1  Y   Y  1.00 22.45 1.00 -  |   366.3    390.0  0.00 |  0.0  1.0 0   0   0  0  1  0
  - 5.90s  --------    1  Y   Y  1.00 22.56 1.00 -  |   365.6    389.8  0.00 |  0.0  1.0 0   0   0  0  1  0
  - 5.79s  --------    1  Y   Y  1.00 22.66 1.00 -  |   365.0    389.4  0.00 |  0.0  1.0 0   0   0  0  1  0
  - 5.68s  --------    1  Y   Y  1.00 22.77 1.00 -  |   364.3    389.0  0.00 |  0.0  1.0 0   0   0  0  1  0
  - 5.57s  --------    1  Y   Y  1.00 22.88 1.00 -  |   363.7    388.6  0.00 |  0.0  1.0 0   0   0  0  1  0
  - 5.47s  --------    1  Y   Y  1.00 22.98 1.00 -  |   363.1    388.2  0.00 |  0.0  1.0 0   0   0  0  1  0
  - 5.36s  --------    1  Y   Y  1.00 23.08 1.00 -  |   362.4    387.8  0.00 |  0.0  1.0 0   0   0  0  1  0
  - 5.25s  --------    1  Y   Y  1.00 23.20 1.00 -  |   361.8    387.4  0.00 |  0.0  1.0 0   0   0  0  1  0
  - 5.15s  --------    1  Y   Y  1.00 23.30 1.00 -  |   361.2    387.0  0.00 |  0.0  1.0 0   0   0  0  1  0
  - 5.05s  --------    1  Y   Y  1.00 23.40 1.00 -  |   360.7    386.6  0.00 |  0.0  1.0 0   0   0  0  1  0
  - 4.94s  --------    1  Y   Y  1.00 23.51 1.00 -  |   360.0    386.1  0.00 |  0.0  1.0 0   0   0  0  1  0
  - 4.84s  --------    1  Y   Y  1.00 23.61 1.00 -  |   359.5    385.6  0.00 |  0.0  1.0 0   0   0  0  1  0
  - 4.74s  --------    1  Y   Y  1.00 23.71 1.00 -  |   359.0    385.1  0.00 |  0.0  1.0 0   0   0  0  1  0
  - 4.64s  --------    1  Y   Y  1.00 23.82 1.00 -  |   358.5    384.6  0.00 |  0.0  1.0 0   0   0  0  1  0
  - 4.53s  --------    1  Y   Y  1.00 23.93 1.00 -  |   358.1    384.1  0.00 |  0.0  1.0 0   0   0  0  1  0
  - 4.42s  --------    1  Y   Y  1.00 24.03 1.00 -  |   357.5    383.4  0.00 |  0.0  1.0 0   0   0  0  1  0
  - 4.31s  --------    1  Y   Y  1.00 24.14 1.00 -  |   357.0    382.9  0.00 |  0.0  1.0 0   0   0  0  1  0
  - 4.21s  --------    1  Y   Y  1.00 24.24 1.00 -  |   356.6    382.4  0.00 |  0.0  1.0 0   0   0  0  1  0
  - 4.11s  --------    1  Y   Y  1.00 24.35 1.00 -  |   356.0    381.8  0.00 |  0.0  1.0 0   0   0  0  1  0
  - 4.00s  --------    1  Y   Y  1.00 24.45 1.00 -  |   355.5    381.3  0.00 |  0.0  1.0 0   0   0  0  1  0
  - 3.89s  --------    1  Y   Y  1.00 24.56 1.00 -  |   355.0    380.8  0.00 |  0.0  1.0 0   0   0  0  1  0
  - 3.78s  --------    1  Y   Y  1.00 24.66 1.00 -  |   354.5    380.1  0.00 |  0.0  1.0 0   0   0  0  1  0
  - 3.67s  --------    1  Y   Y  1.00 24.78 1.00 -  |   354.0    379.6  0.00 |  0.0  1.0 0   0   0  0  1  0
  - 3.57s  --------    1  Y   Y  1.00 24.88 1.00 -  |   353.4    379.0  0.00 |  0.0  1.0 0   0   0  0  1  0
  - 3.46s  --------    1  Y   Y  1.00 24.99 1.00 -  |   353.0    378.5  0.00 |  0.0  1.0 0   0   0  0  1  0
  - 3.36s  --------    1  Y   Y  1.00 25.09 1.00 -  |   352.5    378.0  0.00 |  0.0  1.0 0   0   0  0  1  0
  - 3.26s  --------    1  Y   Y  1.00 25.19 1.00 -  |   352.0    377.4  0.00 |  0.0  1.0 0   0   0  0  1  0
  - 3.16s  --------    1  Y   Y  1.00 25.30 1.00 -  |   351.6    376.9  0.00 |  0.0  1.0 0   0   0  0  1  0
  - 3.05s  --------    1  Y   Y  1.00 25.40 1.00 -  |   351.1    376.4  0.00 |  0.0  1.0 0   0   0  0  1  0
  - 2.95s  --------    1  Y   Y  1.00 25.50 1.00 -  |   350.6    375.9  0.00 |  0.0  1.0 0   0   0  0  1  0
  - 2.84s  --------    1  Y   Y  1.00 25.61 1.00 -  |   350.1    375.3  0.00 |  0.0  1.0 0   0   0  0  1  0
  - 2.73s  --------    1  Y   Y  1.00 25.71 1.00 -  |   349.5    374.6  0.00 |  0.0  1.0 0   0   0  0  1  0
  - 2.61s  --------    1  Y   Y  1.00 25.84 1.00 -  |   349.0    374.1  0.00 |  0.0  1.0 0   0   0  0  1  0
  - 2.51s  --------    1  Y   Y  1.00 25.94 1.00 -  |   348.6    373.6  0.00 |  0.0  1.0 0   0   0  0  1  0
  - 2.40s  --------    1  Y   Y  1.00 26.05 1.00 -  |   348.0    373.0  0.00 |  0.0  1.0 0   0   0  0  1  0
  - 2.29s  --------    1  Y   Y  1.00 26.17 1.00 -  |   347.4    372.4  0.00 |  0.0  1.0 0   0   0  0  1  0
  - 2.18s  --------    1  Y   Y  1.00 26.27 1.00 -  |   347.0    371.8  0.00 |  0.0  1.0 0   0   0  0  1  0
  - 2.08s  --------    1  Y   Y  1.00 26.38 1.00 -  |   346.5    371.3  0.00 |  0.0  1.0 0   0   0  0  1  0
  - 1.97s  --------    1  Y   Y  1.00 26.48 1.00 -  |   346.0    370.8  0.00 |  0.0  1.0 0   0   0  0  1  0
  - 1.87s  --------    1  Y   Y  1.00 26.59 1.00 -  |   345.5    370.3  0.00 |  0.0  1.0 0   0   0  0  1  0
  - 1.76s  --------    1  Y   Y  1.00 26.69 1.00 -  |   345.0    369.7  0.00 |  0.0  1.0 0   0   0  0  1  0
  - 1.66s  --------    1  Y   Y  1.00 26.79 1.00 -  |   344.5    369.1  0.00 |  0.0  1.0 0   0   0  0  1  0
  - 1.56s  --------    1  Y   Y  1.00 26.89 1.00 -  |   344.0    368.6  0.00 |  0.0  1.0 0   0   0  0  1  0
  - 1.46s  --------    1  Y   Y  1.00 27.00 1.00 -  |   343.6    368.1  0.00 |  0.0  1.0 0   0   0  0  1  0
  - 1.35s  --------    1  Y   Y  1.00 27.10 1.00 -  |   343.1    367.6  0.00 |  0.0  1.0 0   0   0  0  1  0
  - 1.24s  --------    1  Y   Y  1.00 27.21 1.00 -  |   342.5    367.0  0.00 |  0.0  1.0 0   0   0  0  1  0
  - 1.13s  --------    1  Y   Y  1.00 27.32 1.00 -  |   341.8    366.6  0.00 |  0.0  1.0 0   0   0  0  1  0
  - 1.02s  --------    1  Y   Y  1.00 27.43 1.00 -  |   341.1    366.8  0.00 |  0.0  1.0 0   0   0  0  1  0
  - 0.92s  --------    1  Y   Y  1.00 27.53 1.00 -  |   340.7    367.3  0.00 |  0.0  1.0 0   0   0  0  1  0
  - 0.82s  --------    1  Y   Y  1.00 27.64 1.00 -  |   340.4    368.0  0.00 |  0.0  1.0 0   0   0  0  1  0
  - 0.71s  --------    1  Y   Y  1.00 27.74 1.00 -  |   340.1    368.7  0.00 |  0.0  1.0 0   0   0  0  1  0
  - 0.61s  --------    1  Y   Y  1.00 27.85 1.00 -  |   339.8    369.4  0.00 |  0.0  1.0 0   0   0  0  1  0
  - 0.50s  --------    1  Y   Y  1.00 27.96 1.00 -  |   339.5    370.0  0.00 |  0.0  1.0 0   0   0  0  1  0
  - 0.39s  --------    1  Y   Y  1.00 28.07 1.00 -  |   339.2    370.8  0.00 |  0.0  1.0 0   0   0  0  1  0
  - 0.28s  --------    1  Y   Y  1.00 28.18 1.00 -  |   339.0    371.5  0.00 |  0.0  1.0 0   0   0  0  1  0
  - 0.17s  --------    1  Y   Y  1.00 28.29 1.00 -  |   338.6    372.2  0.00 |  0.0  1.0 0   0   0  0  1  0
  - 0.07s  --------    1  Y   Y  1.00 28.39 1.00 -  |   338.0    372.7  0.00 |  0.0  1.0 0   0   0  0  1  0
=========================================================== END

[  5965   66.281 x1.00] LOG  [StormWeather] terrain layers restored to dry values.
# end — 392 lines
