# Oni combat log — 2026-08-22 20:17:36
# Unity 6000.2.7f2 | scene 'CaveScene_Oni_Boss1' | platform OSXEditor
# columns: [frame realSeconds timeScale] KIND message      (KIND: LOG WARN ERR EXC TEL)
#
[     0    0.000 x1.00] LOG  [OniLog] console + telemetry → /Users/asenahazal/Documents/Yoru/OniLogs/oni_2026-08-22_20-17-36.log
[     1    0.000 x1.00] LOG  [TailAirShot4Leg] Ready. drawState=shoot_4Leg castParam=Shoot4LegSpeed (found) readyFrame=5 fireFrame=10 frames=24 slowBudget=3s real damageMultiplier=2.00
  arrow leaves: PlayerYoru_1.1/Cat_All_10_Tails_v4/Group/DeformationSystem/root/Root_M/Tail15_R/Tail151_R/Tail152_R/Tail153_R/Tail154_R/Tail155_R/Tail156_R/Tail157_R/Tail158_R/Tail159_R/Tail1510_R/Tail1511_R/Tail1512_R/Tail6_R/Tail6_R_end/Tail6_R_end_end/Tail6_R_end_end_end/RightTailTip_Anchor
  aim VFX left:  PlayerYoru_1.1/Cat_All_10_Tails_v4/Group/DeformationSystem/root/Root_M/Tail15_L/Tail151_L/Tail152_L/Tail153_L/Tail154_L/Tail155_L/Tail156_L/Tail157_L/Tail158_L/Tail159_L/Tail1510_L/Tail1511_L/Tail1512_L/Tail6_L/Tail6_L_end/Tail6_L_end_end/Tail6_L_end_end_end/LeftTailTip_Anchor/Glow_4Leg_L
  aim VFX right: PlayerYoru_1.1/Cat_All_10_Tails_v4/Group/DeformationSystem/root/Root_M/Tail15_R/Tail151_R/Tail152_R/Tail153_R/Tail154_R/Tail155_R/Tail156_R/Tail157_R/Tail158_R/Tail159_R/Tail1510_R/Tail1511_R/Tail1512_R/Tail6_R/Tail6_R_end/Tail6_R_end_end/Tail6_R_end_end_end/RightTailTip_Anchor/Glow_4Leg_R
[     1    0.000 x1.00] LOG  [TailAirShot] Ready. drawState=RightTail_Fast castParam=TailCastSpeed (found)
  arrow leaves: PlayerYoru_1.1/Cat_All_10_Tails_v4/Group/DeformationSystem/root/Root_M/Tail15_R/Tail151_R/Tail152_R/Tail153_R/Tail154_R/Tail155_R/Tail156_R/Tail157_R/Tail158_R/Tail159_R/Tail1510_R/Tail1511_R/Tail1512_R/Tail6_R/Tail6_R_end/Tail6_R_end_end/Tail6_R_end_end_end/RightTailTip_Anchor
  aim VFX: PlayerYoru_1.1/Cat_All_10_Tails_v4/Group/DeformationSystem/root/Root_M/Tail15_R/Tail151_R/Tail152_R/Tail153_R/Tail154_R/Tail155_R/Tail156_R/Tail157_R/Tail158_R/Tail159_R/Tail1510_R/Tail1511_R/Tail1512_R/Tail6_R/Tail6_R_end/Tail6_R_end_end/Tail6_R_end_end_end/RightTailTip_Anchor/vfx_Muzzle_Fireball01Blue
[     1    0.000 x1.00] LOG  [PlayerCombat] Phase 2 form gate CONNECTED (FormController found on this GameObject).
[     1    0.000 x1.00] LOG  [Combat] PlayerCombat initialized — Phase 3C v27
[     1    0.000 x1.00] LOG  [RingMesh] VFX Status:
[     1    0.000 x1.00] LOG    Left: Prefab=✓, Spawn=Tail6_L_end_end_end
[     1    0.000 x1.00] LOG    Right: Prefab=✓, Spawn=Tail6_R_end_end_end
[     1    0.000 x1.00] LOG  === VFX MANAGER INITIALIZED ===
[     1    0.000 x1.00] LOG  Auto-detect animations: False
[     1    0.000 x1.00] LOG  Parent effects to tail: True
[     1    0.000 x1.00] LOG  Prefabs: Jump=True, Land=True, LTail=True, RTail=True
[     1    0.000 x1.00] LOG  ✅ Left Tail Tip: LeftTailVFX
[     1    0.000 x1.00] LOG  ✅ Right Tail Tip: RightTailTip_Anchor
[     1    0.000 x1.00] LOG  [StormWeather] layer 'TerrainLayer_Dirt_01' dry smoothness=0.00 (restore to this if a crash ever leaves it wet)
[     1    0.000 x1.00] LOG  [StormWeather] Ready. Rain on, floor drying... wait, soaking.
[     1    0.000 x1.00] LOG  [FreezeDebug v3] Armed. Manual=L. Auto=True. Buffer=60 snaps @ 0.1s = 6.0s history.
[     1    0.000 x1.00] LOG  [BossBar] BossHealthBarUI initialized
[     1    0.000 x1.00] LOG  OniBoss initialized with 500 HP
[     1    0.000 x1.00] LOG  [OniBoss] ANIMATOR SETUP: cullingMode=CullUpdateTransforms updateMode=Normal applyRootMotion=False speed=1
[     1    0.000 x1.00] LOG  [OniBoss] Initialized
[     1    0.000 x1.00] LOG  [OniBoss:Layer] facing: minFlat 1m, snapOnAttack off, trackInHitReact off
[     1    0.000 x1.00] LOG  [OniBoss:Layer] Yoru launch model ON: launches ALL THE WAY to an enemy within 4.7m of its surface at 10m/s (stop gap 0.00m, NO minimum distance), else steps 0.90m forward. Targeting cone left exactly as her prefab has it.
[     1    0.000 x1.00] LOG  [OniBoss:Layer] Yoru launch ROUND 9: airborne attacks launch too (ON), edge probe now runs on its OWN layer mask (Everything) instead of the line-of-sight mask - the Ground-only mask found no floor in this cave and was cancelling 100% of launches at 0.00m travelled.
[     1    0.000 x1.00] LOG  [OniBoss:Layer] animator speed x1.35 — his 1.13s swing now plays in 0.84s.
[     1    0.000 x1.00] LOG  [OniBoss:Layer] chase speed pushed: phase1 4.5, phase2 5.5 (Yoru runs at 7).
[     1    0.000 x1.00] LOG  [OniBoss:Layer] swing wave ON: 8 dmg out to 5.5m in a 120deg arc, Per-attack effects come from the Swing Wave VFX By Attack rows. PlayerHealth found.
[     1    0.000 x1.00] LOG  [OniBoss:Layer] strike contact measurement ON — tracking 'Kanabo3' at depth 4.
[     1    0.000 x1.00] LOG  [OniBoss:Layer] skinned meshes: 46 renderer(s), updateWhenOffscreen ON, body renderer 'Body' rootBone 'Hips'
[     1    0.000 x1.00] LOG  [OniBoss:Layer] charge travel bone: 'Hips' at depth 1 under 'OniBoss', rest local (0.00, 3.24, -0.24)
[     1    0.000 x1.00] LOG  [OniBoss:Layer] charge drive ON (windup to 0.40 at x1.3, rush 14m/s stops at 2.6m, steers 0.35s then commits, strike section from 0.58, strike moment 0.76, trail VFX off)
[     1    0.000 x1.00] LOG  [OniBoss:Layer] attack armor ON (his swings are not interrupted by light/medium hits; heavy hits and rapid-hit bursts still stop him)
[     1    0.000 x1.00] LOG  [OniBoss:Layer] strike moments overridden: Club_Swing=0.85 ClubSwing2=0.32 ClubSlam=0.52 KanaboSweep=0.48
[     1    0.000 x1.00] LOG  [OniBoss:Layer] hold-ground ON (backstep 1.5m @ 1.6m/s after own attacks, watch 'Watch', attack facing LOCKED)
[     1    0.000 x1.00] LOG  [OniBoss:Layer] OniBoss layer ready (reactions, wake-on-hit, watch stance, boss bar). player=found
[     1    0.000 x1.00] LOG  [OniBoss:Layer] charge clip 'Oni Charge.fbx' imports with Root Motion Node = None (in place) — good.
[     1    0.000 x1.00] LOG  [OniBoss:Layer] clips importing with Root Transform Position (Y) NOT baked into pose (12): Oni_Alert(Oni Alert), Club_Slam(Oni Club Slam), Club_Swing(Oni Club Swing), Club_swing2(Oni Club Swing 2), Death(Oni Death Kneel), Hit_react_light(Oni Hit react lighter light), KanaboSweep(Oni Kanabo sweep), Phase_Transition(Oni Phase transition), run(Oni Run), Walk(Oni Walk), Watch(Oni Watch), Idle(Oni Idle) — their hips' up/down motion is stripped (see round notes; optional).
[     1    0.000 x1.00] LOG  [VolumetricFogController] Found VolumetricFog component on mainCamera (1)
[     1    0.000 x1.00] LOG  [VolumetricFogController] Reflection init: density=True, height=True, baselineHeight=True, alpha=True, noiseStrength=True, lightScatteringExposure=True
[     1    0.000 x1.00] LOG  [VolumetricFogController] Initialized with Neutral preset (height=60, baselineHeight=0)
[     1    0.000 x1.00] WARN [VolumetricFogController] WorldStateManager not found!
[     1    0.000 x1.00] LOG  [CameraGameFeel] CameraGameFeel initialized (shake + FOV)
[     1    2.393 x1.00] LOG  [OniBoss] Playing animation: Idle
[    15    3.225 x1.00] LOG  💨 Landing VFX spawned!
[    15    3.225 x1.00] LOG  ✅ LANDED! (was jump #0)
[   295    7.712 x1.00] LOG  
==================== [FREEZE-DEBUG v3] ====================
  Reason : WASD-NOMOVE: WASD recent + speed 0.00m/s for 0.40s
  Time   : 4.779s   Frame: 295   Snaps: 45
===========================================================

--- CURRENT STATE ---
  Flags: atk=False hvy=False dod=False dsh=False
         grd=False hit=False aerial=False lockPos=False
         comboStep=0
  Anim : speed=1.00  combatLayer hash=-792875657 normT=4.762 weight=1.00 inTransition=False
  CC   : grounded=True  enabled=True  pos=(474.50, 0.77, 428.35)  vel=(0.00, -1.51, 0.00)
  Move : IsRunning=True
  Input: H=0.00 V=1.00  LMB=False MMB=False Q=False Sp=False Sh=True C=False
         WASD pressed in last 0.5s: True (last 0.00s ago)

--- FLIGHT RECORDER (45 snapshots, oldest first, dt=0.10s) ---
  Legend: flags = A(tk) H(vy) D(od) S(sh) G(rd) R(eact) Y(aerial) L(ock)   gnd/cc: Y/n
  t-now    flags     step gnd cc anSp normT layW tr | posX     posZ     spd   | H    V    LMB MMB Q  Sp Sh C
  ------   --------  ---- --- -- ---- ----- ---- -- | -----    -----    ----  | ---- ---- --- --- -- -- -- -
  - 4.78s  --------    0  n   Y  1.00  0.00 1.00 -  |   474.5    427.2  0.00 |  0.0  0.0 0   0   0  0  0  0
  - 4.67s  --------    0  n   Y  1.00  0.08 1.00 -  |   474.5    427.2  0.00 |  0.0  0.0 0   0   0  0  0  0
  - 4.56s  --------    0  n   Y  1.00  0.20 1.00 -  |   474.5    427.2  0.00 |  0.0  0.0 0   0   0  0  0  0
  - 4.45s  --------    0  Y   Y  1.00  0.31 1.00 -  |   474.5    427.2  0.00 |  0.0  0.0 0   0   0  0  0  0
  - 4.35s  --------    0  Y   Y  1.00  0.41 1.00 -  |   474.5    427.2  0.00 |  0.0  0.0 0   0   0  0  0  0
  - 4.25s  --------    0  Y   Y  1.00  0.52 1.00 -  |   474.5    427.2  0.00 |  0.0  0.0 0   0   0  0  0  0
  - 4.14s  --------    0  Y   Y  1.00  0.62 1.00 -  |   474.5    427.2  0.00 |  0.0  0.0 0   0   0  0  0  0
  - 4.04s  --------    0  Y   Y  1.00  0.73 1.00 -  |   474.5    427.2  0.00 |  0.0  0.0 0   0   0  0  0  0
  - 3.93s  --------    0  Y   Y  1.00  0.84 1.00 -  |   474.5    427.2  0.00 |  0.0  0.0 0   0   0  0  0  0
  - 3.81s  --------    0  Y   Y  1.00  0.95 1.00 -  |   474.5    427.2  0.00 |  0.0  0.0 0   0   0  0  0  0
  - 3.71s  --------    0  Y   Y  1.00  1.05 1.00 -  |   474.5    427.2  0.00 |  0.0  0.0 0   0   0  0  0  0
  - 3.60s  --------    0  Y   Y  1.00  1.17 1.00 -  |   474.5    427.2  0.00 |  0.0  0.0 0   0   0  0  0  0
  - 3.49s  --------    0  Y   Y  1.00  1.27 1.00 -  |   474.5    427.2  0.00 |  0.0  0.0 0   0   0  0  0  0
  - 3.39s  --------    0  Y   Y  1.00  1.38 1.00 -  |   474.5    427.2  0.00 |  0.0  0.0 0   0   0  0  0  0
  - 3.28s  --------    0  Y   Y  1.00  1.49 1.00 -  |   474.5    427.2  0.00 |  0.0  0.0 0   0   0  0  0  0
  - 3.18s  --------    0  Y   Y  1.00  1.59 1.00 -  |   474.5    427.2  0.00 |  0.0  0.0 0   0   0  0  0  0
  - 3.06s  --------    0  Y   Y  1.00  1.70 1.00 -  |   474.5    427.2  0.00 |  0.0  0.0 0   0   0  0  0  0
  - 2.95s  --------    0  Y   Y  1.00  1.82 1.00 -  |   474.5    427.2  0.00 |  0.0  0.0 0   0   0  0  0  0
  - 2.84s  --------    0  Y   Y  1.00  1.92 1.00 -  |   474.5    427.2  0.00 |  0.0  0.0 0   0   0  0  0  0
  - 2.73s  --------    0  Y   Y  1.00  2.03 1.00 -  |   474.5    427.2  0.00 |  0.0  0.0 0   0   0  0  0  0
  - 2.63s  --------    0  Y   Y  1.00  2.14 1.00 -  |   474.5    427.2  0.00 |  0.0  0.0 0   0   0  0  0  0
  - 2.52s  --------    0  Y   Y  1.00  2.25 1.00 -  |   474.5    427.2  0.00 |  0.0  0.0 0   0   0  0  0  0
  - 2.41s  --------    0  Y   Y  1.00  2.35 1.00 -  |   474.5    427.2  0.00 |  0.0  0.0 0   0   0  0  0  0
  - 2.30s  --------    0  Y   Y  1.00  2.46 1.00 -  |   474.5    427.2  0.00 |  0.0  0.0 0   0   0  0  0  0
  - 2.20s  --------    0  Y   Y  1.00  2.56 1.00 -  |   474.5    427.2  0.00 |  0.0  0.0 0   0   0  0  0  0
  - 2.09s  --------    0  Y   Y  1.00  2.67 1.00 -  |   474.5    427.2  0.00 |  0.0  0.0 0   0   0  0  0  0
  - 1.98s  --------    0  Y   Y  1.00  2.78 1.00 -  |   474.5    427.2  0.00 |  0.0  0.0 0   0   0  0  0  0
  - 1.87s  --------    0  Y   Y  1.00  2.90 1.00 -  |   474.5    427.2  0.00 |  0.0  0.0 0   0   0  0  0  0
  - 1.76s  --------    0  Y   Y  1.00  3.01 1.00 -  |   474.5    427.2  0.00 |  0.0  0.0 0   0   0  0  0  0
  - 1.65s  --------    0  Y   Y  1.00  3.12 1.00 -  |   474.5    427.2  0.00 |  0.0  0.0 0   0   0  0  0  0
  - 1.55s  --------    0  Y   Y  1.00  3.22 1.00 -  |   474.5    427.2  0.00 |  0.0  0.0 0   0   0  0  0  0
  - 1.43s  --------    0  Y   Y  1.00  3.33 1.00 -  |   474.5    427.2  0.00 |  0.0  0.0 0   0   0  0  0  0
  - 1.32s  --------    0  Y   Y  1.00  3.44 1.00 -  |   474.5    427.2  0.00 |  0.0  0.0 0   0   0  0  0  0
  - 1.22s  --------    0  Y   Y  1.00  3.54 1.00 -  |   474.5    427.2  0.00 |  0.0  0.0 0   0   0  0  0  0
  - 1.11s  --------    0  Y   Y  1.00  3.66 1.00 -  |   474.5    427.2  0.00 |  0.0  0.0 0   0   0  0  0  0
  - 1.01s  --------    0  Y   Y  1.00  3.76 1.00 -  |   474.5    427.2  0.00 |  0.0  0.0 0   0   0  0  0  0
  - 0.90s  --------    0  Y   Y  1.00  3.87 1.00 -  |   474.5    427.2  0.00 |  0.0  0.0 0   0   0  0  0  0
  - 0.79s  --------    0  Y   Y  1.00  3.97 1.00 -  |   474.5    427.2  0.00 |  0.0  0.0 0   0   0  0  0  0
  - 0.68s  --------    0  Y   Y  1.00  4.09 1.00 -  |   474.5    427.2  0.00 |  0.0  0.0 0   0   0  0  0  0
  - 0.56s  --------    0  Y   Y  1.00  4.20 1.00 -  |   474.5    427.2  0.00 |  0.0  0.0 0   0   0  0  0  0
  - 0.45s  --------    0  Y   Y  1.00  4.31 1.00 -  |   474.5    427.2  0.00 |  0.0  0.0 0   0   0  0  0  0
  - 0.34s  --------    0  Y   Y  1.00  4.43 1.00 -  |   474.5    427.3  0.00 |  0.0  1.0 0   0   0  0  0  0
  - 0.24s  --------    0  Y   Y  1.00  4.52 1.00 -  |   474.5    427.5  0.00 |  0.0  1.0 0   0   0  0  0  0
  - 0.12s  --------    0  Y   Y  1.00  4.64 1.00 -  |   474.5    427.7  0.00 |  0.0  1.0 0   0   0  0  0  0
  - 0.02s  --------    0  Y   Y  1.00  4.75 1.00 -  |   474.5    428.3  0.00 |  0.0  1.0 0   0   0  0  1  0
=========================================================== END

[   330    8.375 x1.00] LOG  🐾 4-LEG JUMP #0
[   330    8.375 x1.00] LOG  🐾 Jump 1 VFX spawned!
[   353    8.796 x0.10] LOG  [TailAirShot4Leg] ENTER 4 leg, slow on for up to 3s real, waiting for the fire button, drawState=shoot_4Leg | y=1.88 ts=0.10 fdt=0.0020
[   353    8.796 x0.10] LOG  [TailAirShot] entry refused: this airtime is not a 2 leg jump | y=1.88 ts=0.10 fdt=0.0020
[   353    8.796 x0.10] LOG  [AirPosePin] engaged, holding body at 1.742m above the transform
[   357    8.876 x0.10] LOG  [TailAirShot4Leg] DRAW started | y=1.89 ts=0.10 fdt=0.0020
[   368    9.076 x0.10] LOG  [TailAirShot4Leg] READY, frozen on frame 5 | y=1.92 ts=0.10 fdt=0.0020
[   406    9.735 x0.10] LOG  [TailAirShot4Leg] SHOT released (released from ready pose) | y=1.94 ts=0.10 fdt=0.0020
[   410    9.809 x1.00] LOG  [TailAirShot4Leg] FINISHER (R released mid motion), motion completes and fires | y=1.94 ts=1.00 fdt=0.0200
[   417    9.935 x1.00] LOG  [TailAirShot4Leg] FIRE, arrow away, dir=(0.31, -0.06, 0.95) damage=40 (20 x 2.00) | y=1.73 ts=1.00 fdt=0.0200
[   432   10.236 x1.00] LOG  💨 Landing VFX spawned!
[   432   10.236 x1.00] LOG  ✅ LANDED! (was jump #1)
[   432   10.236 x1.00] LOG  [AirPosePin] released, peak correction was 0.930m
[   440   10.395 x1.00] LOG  [TailAirShot4Leg] finisher done, fully idle | y=-0.02 ts=1.00 fdt=0.0200
[   462   10.818 x1.00] LOG  OniBoss took 40 damage. HP: 460/500
[   462   10.818 x1.00] LOG  [OniBoss] LostSoul → Stagger
[   462   10.818 x1.00] LOG  [OniBoss] Playing animation: Stagger
[   462   10.818 x1.00] LOG  [OniBoss] STAGGERED for 2.5s
[   462   10.818 x1.00] LOG  [OniBoss:Layer] heavy knock-back react (40 dmg) → 'HitReact_Heavy', down for 1.80s
[   463   10.839 x1.00] LOG  [BossBar] Showing bar for: Oni (460/500)
[   463   10.839 x1.00] LOG  [OniBoss:Layer] boss bar shown
[   555   12.636 x1.00] LOG  [OniBoss] Stagger → Chase
[   556   12.657 x1.00] LOG  [OniBoss] Playing animation: run
[   568   12.876 x1.00] LOG  
==================== [FREEZE-DEBUG v3] ====================
  Reason : WASD-NOMOVE: WASD recent + speed 0.00m/s for 0.40s
  Time   : 9.032s   Frame: 568   Snaps: 60
===========================================================

--- CURRENT STATE ---
  Flags: atk=False hvy=False dod=False dsh=False
         grd=False hit=False aerial=False lockPos=False
         comboStep=0
  Anim : speed=1.00  combatLayer hash=-792875657 normT=2.461 weight=1.00 inTransition=False
  CC   : grounded=True  enabled=True  pos=(476.96, -0.02, 436.30)  vel=(0.00, 0.00, 0.00)
  Move : IsRunning=True
  Input: H=-1.00 V=0.00  LMB=False MMB=False Q=False Sp=False Sh=True C=False
         WASD pressed in last 0.5s: True (last 0.00s ago)

--- FLIGHT RECORDER (60 snapshots, oldest first, dt=0.10s) ---
  Legend: flags = A(tk) H(vy) D(od) S(sh) G(rd) R(eact) Y(aerial) L(ock)   gnd/cc: Y/n
  t-now    flags     step gnd cc anSp normT layW tr | posX     posZ     spd   | H    V    LMB MMB Q  Sp Sh C
  ------   --------  ---- --- -- ---- ----- ---- -- | -----    -----    ----  | ---- ---- --- --- -- -- -- -
  - 6.56s  --------    0  Y   Y  1.00  2.46 1.00 -  |   474.5    427.2  0.00 |  0.0  0.0 0   0   0  0  0  0
  - 6.45s  --------    0  Y   Y  1.00  2.56 1.00 -  |   474.5    427.2  0.00 |  0.0  0.0 0   0   0  0  0  0
  - 6.34s  --------    0  Y   Y  1.00  2.67 1.00 -  |   474.5    427.2  0.00 |  0.0  0.0 0   0   0  0  0  0
  - 6.23s  --------    0  Y   Y  1.00  2.78 1.00 -  |   474.5    427.2  0.00 |  0.0  0.0 0   0   0  0  0  0
  - 6.12s  --------    0  Y   Y  1.00  2.90 1.00 -  |   474.5    427.2  0.00 |  0.0  0.0 0   0   0  0  0  0
  - 6.01s  --------    0  Y   Y  1.00  3.01 1.00 -  |   474.5    427.2  0.00 |  0.0  0.0 0   0   0  0  0  0
  - 5.90s  --------    0  Y   Y  1.00  3.12 1.00 -  |   474.5    427.2  0.00 |  0.0  0.0 0   0   0  0  0  0
  - 5.80s  --------    0  Y   Y  1.00  3.22 1.00 -  |   474.5    427.2  0.00 |  0.0  0.0 0   0   0  0  0  0
  - 5.68s  --------    0  Y   Y  1.00  3.33 1.00 -  |   474.5    427.2  0.00 |  0.0  0.0 0   0   0  0  0  0
  - 5.57s  --------    0  Y   Y  1.00  3.44 1.00 -  |   474.5    427.2  0.00 |  0.0  0.0 0   0   0  0  0  0
  - 5.47s  --------    0  Y   Y  1.00  3.54 1.00 -  |   474.5    427.2  0.00 |  0.0  0.0 0   0   0  0  0  0
  - 5.36s  --------    0  Y   Y  1.00  3.66 1.00 -  |   474.5    427.2  0.00 |  0.0  0.0 0   0   0  0  0  0
  - 5.26s  --------    0  Y   Y  1.00  3.76 1.00 -  |   474.5    427.2  0.00 |  0.0  0.0 0   0   0  0  0  0
  - 5.15s  --------    0  Y   Y  1.00  3.87 1.00 -  |   474.5    427.2  0.00 |  0.0  0.0 0   0   0  0  0  0
  - 5.04s  --------    0  Y   Y  1.00  3.97 1.00 -  |   474.5    427.2  0.00 |  0.0  0.0 0   0   0  0  0  0
  - 4.93s  --------    0  Y   Y  1.00  4.09 1.00 -  |   474.5    427.2  0.00 |  0.0  0.0 0   0   0  0  0  0
  - 4.82s  --------    0  Y   Y  1.00  4.20 1.00 -  |   474.5    427.2  0.00 |  0.0  0.0 0   0   0  0  0  0
  - 4.70s  --------    0  Y   Y  1.00  4.31 1.00 -  |   474.5    427.2  0.00 |  0.0  0.0 0   0   0  0  0  0
  - 4.59s  --------    0  Y   Y  1.00  4.43 1.00 -  |   474.5    427.3  0.00 |  0.0  1.0 0   0   0  0  0  0
  - 4.49s  --------    0  Y   Y  1.00  4.52 1.00 -  |   474.5    427.5  0.00 |  0.0  1.0 0   0   0  0  0  0
  - 4.37s  --------    0  Y   Y  1.00  4.64 1.00 -  |   474.5    427.7  0.00 |  0.0  1.0 0   0   0  0  0  0
  - 4.27s  --------    0  Y   Y  1.00  4.75 1.00 -  |   474.5    428.3  0.00 |  0.0  1.0 0   0   0  0  1  0
  - 4.17s  --------    0  Y   Y  1.00  4.85 1.00 -  |   474.5    429.0  0.00 |  0.0  1.0 0   0   0  0  1  0
  - 4.06s  --------    0  Y   Y  1.00  4.95 1.00 -  |   474.5    429.7  0.00 |  0.0  1.0 0   0   0  0  1  0
  - 3.95s  --------    0  Y   Y  1.00  5.06 1.00 -  |   474.5    430.6  0.00 |  0.0  1.0 0   0   0  0  1  0
  - 3.85s  --------    0  Y   Y  1.00  5.16 1.00 -  |   474.5    431.3  0.00 |  0.0  1.0 0   0   0  0  1  0
  - 3.73s  --------    0  Y   Y  1.00  5.28 1.00 -  |   474.5    432.1  0.00 |  0.0  1.0 0   0   0  0  1  0
  - 3.61s  --------    0  Y   Y  1.00  5.40 1.00 -  |   474.5    433.0  0.00 |  0.0  1.0 0   0   0  0  1  0
  - 3.49s  --------    0  n   Y  1.00  5.52 1.00 -  |   474.5    433.6  0.00 |  0.0  1.0 0   0   0  1  1  0
  - 3.39s  --------    0  n   Y  1.00  5.62 1.00 -  |   474.5    434.1  0.00 |  0.0  1.0 0   0   0  0  1  0
  - 3.29s  --------    0  n   Y  1.00  5.73 1.00 -  |   474.5    434.5  0.00 |  0.0  1.0 0   0   0  0  1  0
  - 3.19s  --------    0  n   Y  1.00  5.83 1.00 -  |   474.5    435.0  0.00 |  0.0  1.0 0   0   0  0  1  0
  - 3.08s  --------    0  n   Y  1.00  0.21 1.00 -  |   474.5    435.4  0.00 |  0.0  1.0 0   0   0  0  1  0
  - 2.98s  --------    0  n   Y  1.00  0.39 1.00 -  |   474.7    435.8  0.00 |  0.0  0.0 0   0   0  0  1  0
  - 2.86s  --------    0  n   Y  1.00  0.53 1.00 -  |   474.9    436.3  0.00 |  0.0  0.0 0   0   0  0  1  0
  - 2.74s  --------    0  n   Y  1.00  0.69 1.00 -  |   475.2    436.8  0.00 |  1.0  0.0 0   0   0  0  1  0
  - 2.62s  --------    0  Y   Y  1.00  0.83 1.00 -  |   475.6    436.9  0.00 |  1.0  0.0 0   0   0  0  1  0
  - 2.50s  --------    0  Y   Y  1.00  0.98 1.00 -  |   476.3    436.6  0.00 |  1.0  0.0 0   0   0  0  1  0
  - 2.40s  --------    0  Y   Y  1.00  1.11 1.00 T  |   477.0    436.3  0.00 |  0.0  0.0 0   0   0  0  1  0
  - 2.28s  --------    0  Y   Y  1.00  0.18 1.00 -  |   477.7    436.0  0.00 |  0.0  0.0 0   0   0  0  1  0
  - 2.17s  --------    0  Y   Y  1.00  0.29 1.00 -  |   478.4    435.7  0.00 |  0.0  0.0 0   0   0  0  1  0
  - 2.06s  --------    0  Y   Y  1.00  0.40 1.00 -  |   479.1    435.3  0.00 |  0.0  0.0 0   0   0  0  1  0
  - 1.94s  --------    0  Y   Y  1.00  0.52 1.00 -  |   479.9    435.0  0.00 |  0.0  0.0 0   0   0  0  1  0
  - 1.82s  --------    0  Y   Y  1.00  0.64 1.00 -  |   480.6    434.6  0.00 |  0.0  0.0 0   0   0  0  1  0
  - 1.70s  --------    0  Y   Y  1.00  0.76 1.00 -  |   481.4    434.3  0.00 |  0.0  0.0 0   0   0  0  1  0
  - 1.60s  --------    0  Y   Y  1.00  0.86 1.00 -  |   482.1    434.0  0.00 |  0.0  0.0 0   0   0  0  1  0
  - 1.50s  --------    0  Y   Y  1.00  0.96 1.00 -  |   482.7    433.7  0.00 |  0.0  0.0 0   0   0  0  1  0
  - 1.40s  --------    0  Y   Y  1.00  1.06 1.00 -  |   483.3    433.4  0.00 |  0.0  0.0 0   0   0  0  1  0
  - 1.28s  --------    0  Y   Y  1.00  1.18 1.00 -  |   484.1    433.1  0.00 |  0.0  0.0 0   0   0  0  1  0
  - 1.17s  --------    0  Y   Y  1.00  1.29 1.00 -  |   484.5    432.9  0.00 | -1.0  0.0 0   0   0  0  1  0
  - 1.07s  --------    0  Y   Y  1.00  1.39 1.00 -  |   483.8    433.2  0.00 | -1.0  0.0 0   0   0  0  1  0
  - 0.96s  --------    0  Y   Y  1.00  1.50 1.00 -  |   483.1    433.5  0.00 | -1.0  0.0 0   0   0  0  1  0
  - 0.84s  --------    0  Y   Y  1.00  1.62 1.00 -  |   482.3    433.9  0.00 | -1.0  0.0 0   0   0  0  1  0
  - 0.74s  --------    0  Y   Y  1.00  1.72 1.00 -  |   481.7    434.2  0.00 | -1.0  0.0 0   0   0  0  1  0
  - 0.64s  --------    0  Y   Y  1.00  1.82 1.00 -  |   481.0    434.4  0.00 | -1.0  0.0 0   0   0  0  1  0
  - 0.52s  --------    0  Y   Y  1.00  1.94 1.00 -  |   480.3    434.8  0.00 | -1.0  0.0 0   0   0  0  1  0
  - 0.40s  --------    0  Y   Y  1.00  2.06 1.00 -  |   479.5    435.1  0.00 | -1.0  0.0 0   0   0  0  1  0
  - 0.30s  --------    0  Y   Y  1.00  2.16 1.00 -  |   478.9    435.4  0.00 | -1.0  0.0 0   0   0  0  1  0
  - 0.18s  --------    0  Y   Y  1.00  2.28 1.00 -  |   478.1    435.8  0.00 | -1.0  0.0 0   0   0  0  1  0
  - 0.08s  --------    0  Y   Y  1.00  2.39 1.00 -  |   477.5    436.1  0.00 | -1.0  0.0 0   0   0  0  1  0
=========================================================== END

[   575   13.018 x1.00] LOG  [OniBoss] Ranged combo started: Charge→Slam: (2 steps, dist 20.0m)
[   575   13.018 x1.00] LOG  [OniBoss] Chase → Attack
[   575   13.018 x1.00] LOG  [OniBoss] Attack: Oni_Charge (18 dmg)

[   575   13.018 x1.00] TEL ────────── CHARGE ──────────
[   575   13.018 x1.00] LOG  [OniBoss:Layer] charge begin: travel bone 'Hips' depth 1, local now (0.11, 2.91, -0.24) vs rest (0.00, 3.24, -0.24); pin ON; drive windup→rush→strike; engine Attack, AnimSpeed 1.30, clip at 0.00, dist 20.0m
[   575   13.018 x1.00] TEL charge Windup n=0.00 spd=1.30 mult=1.00 st=Attack anim=h1349952704/Charge drift=0.11 cut=0.11 meshOff=0.24m vis bounds+0.1m pos=(481.8,455.8) dist=20.0 vel=2.7
[   580   13.116 x1.00] TEL charge Windup n=0.08 spd=1.30 mult=1.30 st=Attack anim=Charge/- drift=0.42 cut=0.42 meshOff=0.24m vis bounds+0.1m pos=(481.8,455.8) dist=19.9 vel=0.0
[   585   13.216 x1.00] TEL charge Windup n=0.17 spd=1.30 mult=1.30 st=Attack anim=Charge/- drift=1.06 cut=1.06 meshOff=0.24m vis bounds+0.3m pos=(481.8,455.8) dist=19.8 vel=0.0
[   590   13.316 x1.00] TEL charge Windup n=0.25 spd=1.30 mult=1.30 st=Attack anim=Charge/- drift=1.04 cut=1.04 meshOff=0.24m vis bounds+0.5m pos=(481.8,455.8) dist=19.8 vel=0.0
[   595   13.417 x1.00] TEL charge Windup n=0.34 spd=1.30 mult=1.30 st=Attack anim=Charge/- drift=1.92 cut=1.92 meshOff=0.24m vis bounds+0.3m pos=(481.8,455.8) dist=19.8 vel=0.0
[   599   13.497 x1.00] LOG  [OniBoss:Layer] charge RUSH: clip frozen at 0.40, 19.8m to go at 14m/s
[   600   13.517 x1.00] TEL charge Rush   n=0.40 spd=0.00 mult=0.00 st=Attack anim=Charge/- drift=7.58 cut=7.58 meshOff=0.24m vis bounds+0.2m pos=(481.7,455.6) dist=19.5 vel=0.0
[   605   13.617 x1.00] TEL charge Rush   n=0.40 spd=0.00 mult=0.00 st=Attack anim=Charge/- drift=7.58 cut=7.58 meshOff=0.24m vis bounds+0.2m pos=(481.0,454.4) dist=18.2 vel=0.0
[   610   13.717 x1.00] TEL charge Rush   n=0.40 spd=0.00 mult=0.00 st=Attack anim=Charge/- drift=7.58 cut=7.58 meshOff=0.24m vis bounds+0.2m pos=(480.3,453.1) dist=16.8 vel=0.0
[   615   13.811 x1.00] TEL charge Rush   n=0.40 spd=0.00 mult=0.00 st=Attack anim=Charge/- drift=7.58 cut=7.58 meshOff=0.24m vis bounds+0.1m pos=(479.6,452.0) dist=15.6 vel=0.0
[   620   13.908 x1.00] TEL charge Rush   n=0.40 spd=0.00 mult=0.00 st=Attack anim=Charge/- drift=7.58 cut=7.58 meshOff=0.24m vis bounds+0.1m pos=(478.8,450.9) dist=14.3 vel=0.0
[   625   14.006 x1.00] TEL charge Rush   n=0.40 spd=0.00 mult=0.00 st=Attack anim=Charge/- drift=7.58 cut=7.58 meshOff=0.24m vis bounds+0.1m pos=(478.1,449.8) dist=13.1 vel=0.0
[   630   14.106 x1.00] TEL charge Rush   n=0.40 spd=0.00 mult=0.00 st=Attack anim=Charge/- drift=7.58 cut=7.58 meshOff=0.24m vis bounds+0.1m pos=(477.3,448.6) dist=11.9 vel=0.0
[   635   14.206 x1.00] TEL charge Rush   n=0.40 spd=0.00 mult=0.00 st=Attack anim=Charge/- drift=7.58 cut=7.58 meshOff=0.24m vis bounds+0.1m pos=(476.5,447.5) dist=10.8 vel=0.0
[   640   14.306 x1.00] TEL charge Rush   n=0.40 spd=0.00 mult=0.00 st=Attack anim=Charge/- drift=7.58 cut=7.58 meshOff=0.24m vis bounds+0.1m pos=(475.7,446.3) dist=9.8 vel=0.0
[   645   14.407 x1.00] TEL charge Rush   n=0.40 spd=0.00 mult=0.00 st=Attack anim=Charge/- drift=7.58 cut=7.58 meshOff=0.24m vis bounds+0.1m pos=(474.9,445.1) dist=8.8 vel=0.0
[   650   14.508 x1.00] TEL charge Rush   n=0.40 spd=0.00 mult=0.00 st=Attack anim=Charge/- drift=7.58 cut=7.58 meshOff=0.24m vis bounds+0.1m pos=(474.1,444.0) dist=8.1 vel=0.0
[   655   14.606 x1.00] TEL charge Rush   n=0.40 spd=0.00 mult=0.00 st=Attack anim=Charge/- drift=7.58 cut=7.58 meshOff=0.24m vis bounds+0.1m pos=(473.4,442.8) dist=7.5 vel=0.0
[   660   14.701 x1.00] TEL charge Rush   n=0.40 spd=0.00 mult=0.00 st=Attack anim=Charge/- drift=7.58 cut=7.58 meshOff=0.24m vis bounds+0.1m pos=(472.6,441.7) dist=7.3 vel=0.0
[   664   14.779 x1.00] LOG  [OniBoss:Layer] charge STRIKE: arrived 2.6m from the lock point after 1.28s real — clip 0.40 → 0.58 (blend 0.10s), strike moment 0.76, Yoru 7.5m away
[   665   14.798 x1.00] TEL charge Strike n=0.58 spd=1.00 mult=1.00 st=Attack anim=Charge/Charge drift=9.65 cut=9.65 meshOff=0.24m vis bounds+0.1m pos=(472.3,441.2) dist=7.6 vel=0.0
[   670   14.893 x1.00] TEL charge Strike n=0.64 spd=1.00 mult=1.00 st=Attack anim=Charge/- drift=15.40 cut=15.40 meshOff=0.24m vis bounds+0.5m pos=(472.3,441.2) dist=8.2 vel=0.0
[   675   14.985 x1.00] TEL charge Strike n=0.70 spd=1.00 mult=1.00 st=Attack anim=Charge/- drift=16.26 cut=16.26 meshOff=0.24m vis bounds+0.6m pos=(472.3,441.2) dist=8.7 vel=0.0
[   680   15.086 x1.00] TEL charge Strike n=0.77 spd=1.00 mult=1.00 st=Attack anim=Charge/- drift=16.91 cut=16.91 meshOff=0.24m vis bounds+0.6m pos=(472.3,441.2) dist=9.2 vel=0.0
[   681   15.107 x1.00] LOG  [CameraGameFeel] Shake: intensity=0.45 duration=0.350s
[   681   15.107 x1.00] LOG  [OniBoss] Attack missed, player out of range (9.3m > 3.5m)
[   685   15.186 x1.00] TEL charge Strike n=0.83 spd=1.00 mult=1.00 st=Attack anim=Charge/- drift=17.44 cut=17.44 meshOff=0.24m vis bounds+0.4m pos=(472.3,441.2) dist=9.7 vel=0.0
[   690   15.286 x1.00] TEL charge Strike n=0.90 spd=1.00 mult=1.00 st=Attack anim=Charge/- drift=17.83 cut=17.83 meshOff=0.24m vis bounds+0.2m pos=(472.3,441.2) dist=10.2 vel=0.0
[   695   15.386 x1.00] TEL charge Strike n=0.96 spd=1.00 mult=1.00 st=Attack anim=Charge/- drift=18.04 cut=18.04 meshOff=0.24m vis bounds+0.1m pos=(472.3,441.2) dist=10.3 vel=0.0
[   699   15.467 x1.00] LOG  [OniBoss] Attack → Recovery
[   699   15.467 x1.00] LOG  [OniBoss] Playing animation: Watch
[   699   15.467 x1.00] LOG  [OniBoss:Layer] charge complete: engine left Attack (now Recovery) during Strike
[   700   15.487 x1.00] TEL charge None   n=1.03 spd=1.00 mult=1.00 st=Recovery anim=Charge/h-1849006814 drift=14.14 cut=14.14 meshOff=0.24m vis bounds+0.1m pos=(472.3,441.2) dist=10.5 vel=0.0
[   705   15.576 x1.00] TEL charge None   n=1.08 spd=1.00 mult=1.00 st=Recovery anim=Charge/h-1849006814 drift=5.44 cut=5.44 meshOff=0.24m vis bounds+0.1m pos=(472.3,441.2) dist=10.5 vel=0.0
[   708   15.627 x1.00] LOG  [OniBoss] Recovery → Attack
[   708   15.627 x1.00] LOG  [OniBoss] Attack: ClubSlam (20 dmg)
[   708   15.627 x1.00] LOG  [OniBoss:Trail] ClubSlam trail START at clip 1.00 (transition still blending).
[   710   15.667 x1.00] TEL charge None   n=1.13 spd=2.00 mult=2.00 st=Attack anim=Charge/h283984468 drift=1.03 cut=1.03 meshOff=0.24m vis bounds+0.2m pos=(472.0,441.3) dist=10.2 vel=0.0
[   714   15.737 x1.00] LOG  [OniBoss:Layer] charge end (clip left the animator) after 2.72s real: pin measured 139 frames, cancelled on 139, max raw drift 18.08m, max cancelled 18.08m — travel WAS baked in, pin held it
[   737   16.141 x1.00] LOG  [CameraGameFeel] Shake: intensity=0.50 duration=0.400s
[   737   16.141 x1.00] LOG  [OniBoss] Attack missed, player out of range (8.9m > 3.5m)
[   737   16.141 x1.00] LOG  [OniBoss:ClubPos] ClubSlam at strike: club tip 0.17m up, 3.58m in front, 0.34m to his right (3.60m out from his centre). Club faces 19deg from his forward, pitch -0.07. (the wave is not anchored here any more — it is born 0.3m in front of him at 0.8m.)
[   737   16.141 x1.00] LOG  [OniBoss:Layer] swing wave born 0.3m in front of him, 3m/s x 12.0m = 4.00s of flight, visual lives 2.0s, threatens out to 12.3m — carrying 8 damage.
[   763   16.575 x1.00] LOG  [OniBoss] Attack → Recovery
[   763   16.575 x1.00] LOG  [OniBoss] Playing animation: Watch
[   763   16.575 x1.00] LOG  [OniBoss:Trail] trail END at clip 1.00, fading over 0.40s.
[   763   16.575 x1.00] LOG  [OniBoss:Strike] ClubSlam: club tip closest to Yoru at 5.50m, clip position 0.46 | damage fires at 0.52 | clip 0.93s => damage fires 52 ms AFTER the club is closest — it lands once the club has passed her
[   772   16.726 x1.00] LOG  [OniBoss] Recovery → Chase
[   773   16.741 x1.00] LOG  [OniBoss] Playing animation: run
[   851   18.247 x1.00] LOG  [OniBoss] hold-ground: BACKSTEP 1.5m (player 3.5m)
[   901   19.197 x1.00] LOG  [OniBoss] hold-ground: backstep done (1.52m), WATCH (player 4.0m, cooldown 0.5s)
[   901   19.197 x1.00] LOG  [OniBoss] Playing animation: Watch
[   907   19.307 x1.00] LOG  
==================== [FREEZE-DEBUG v3] ====================
  Reason : WASD-NOMOVE: WASD recent + speed 0.00m/s for 0.41s
  Time   : 15.463s   Frame: 907   Snaps: 60
===========================================================

--- CURRENT STATE ---
  Flags: atk=False hvy=False dod=False dsh=False
         grd=False hit=False aerial=False lockPos=False
         comboStep=0
  Anim : speed=1.00  combatLayer hash=-792875657 normT=8.894 weight=1.00 inTransition=False
  CC   : grounded=True  enabled=True  pos=(462.09, 0.03, 445.30)  vel=(0.00, -0.15, 0.00)
  Move : IsRunning=False
  Input: H=-1.00 V=0.00  LMB=False MMB=False Q=False Sp=False Sh=False C=False
         WASD pressed in last 0.5s: True (last 0.00s ago)

--- FLIGHT RECORDER (60 snapshots, oldest first, dt=0.10s) ---
  Legend: flags = A(tk) H(vy) D(od) S(sh) G(rd) R(eact) Y(aerial) L(ock)   gnd/cc: Y/n
  t-now    flags     step gnd cc anSp normT layW tr | posX     posZ     spd   | H    V    LMB MMB Q  Sp Sh C
  ------   --------  ---- --- -- ---- ----- ---- -- | -----    -----    ----  | ---- ---- --- --- -- -- -- -
  - 6.61s  --------    0  Y   Y  1.00  2.28 1.00 -  |   478.1    435.8  0.00 | -1.0  0.0 0   0   0  0  1  0
  - 6.51s  --------    0  Y   Y  1.00  2.39 1.00 -  |   477.5    436.1  0.00 | -1.0  0.0 0   0   0  0  1  0
  - 6.39s  --------    0  Y   Y  1.00  2.50 1.00 -  |   476.7    436.4  0.00 | -1.0  0.0 0   0   0  0  1  0
  - 6.29s  --------    0  Y   Y  1.00  2.60 1.00 -  |   476.1    436.7  0.00 | -1.0  0.0 0   0   0  0  1  0
  - 6.17s  --------    0  Y   Y  1.00  2.72 1.00 -  |   475.3    437.1  0.00 | -1.0  0.0 0   0   0  0  1  0
  - 6.07s  --------    0  Y   Y  1.00  2.82 1.00 -  |   474.7    437.3  0.00 | -1.0  0.0 0   0   0  0  1  0
  - 5.95s  --------    0  Y   Y  1.00  2.94 1.00 -  |   473.9    437.7  0.00 | -1.0  0.0 0   0   0  0  1  0
  - 5.83s  --------    0  Y   Y  1.00  3.06 1.00 -  |   473.1    438.0  0.00 | -1.0  0.0 0   0   0  0  1  0
  - 5.73s  --------    0  Y   Y  1.00  3.16 1.00 -  |   472.5    438.3  0.00 | -1.0  0.0 0   0   0  0  1  0
  - 5.61s  --------    0  Y   Y  1.00  3.28 1.00 -  |   471.7    438.7  0.00 | -1.0  0.0 0   0   0  0  1  0
  - 5.50s  --------    0  Y   Y  1.00  3.40 1.00 -  |   471.0    439.0  0.00 | -1.0  0.0 0   0   0  0  1  0
  - 5.38s  --------    0  Y   Y  1.00  3.51 1.00 -  |   470.2    439.4  0.00 | -1.0  0.0 0   0   0  0  1  0
  - 5.26s  --------    0  Y   Y  1.00  3.63 1.00 -  |   469.6    439.7  0.00 | -1.0  0.0 0   0   0  0  1  0
  - 5.16s  --------    0  Y   Y  1.00  3.73 1.00 -  |   468.9    440.0  0.00 | -1.0  0.0 0   0   0  0  1  0
  - 5.04s  --------    0  Y   Y  1.00  3.85 1.00 -  |   468.2    440.3  0.00 | -1.0  0.0 0   0   0  0  1  0
  - 4.94s  --------    0  Y   Y  1.00  3.95 1.00 -  |   467.5    440.6  0.00 | -1.0  0.0 0   0   0  0  1  0
  - 4.84s  --------    0  Y   Y  1.00  4.05 1.00 -  |   466.9    440.9  0.00 | -1.0  0.0 0   0   0  0  1  0
  - 4.74s  --------    0  Y   Y  1.00  4.15 1.00 -  |   466.3    441.2  0.00 | -1.0  0.0 0   0   0  0  1  0
  - 4.62s  --------    0  Y   Y  1.00  4.27 1.00 -  |   465.5    441.5  0.00 | -1.0  0.0 0   0   0  0  1  0
  - 4.51s  --------    0  Y   Y  1.00  4.38 1.00 -  |   464.7    441.9  0.00 | -1.0  0.0 0   0   0  0  1  0
  - 4.40s  --------    0  Y   Y  1.00  4.50 1.00 -  |   464.0    442.4  0.00 | -1.0  0.0 0   0   0  0  1  0
  - 4.28s  --------    0  Y   Y  1.00  4.61 1.00 -  |   463.6    442.9  0.00 | -1.0  0.0 0   0   0  0  1  0
  - 4.16s  --------    0  Y   Y  1.00  4.73 1.00 -  |   463.1    443.6  0.00 | -1.0  0.0 0   0   0  0  1  0
  - 4.06s  --------    0  Y   Y  1.00  4.83 1.00 -  |   462.7    444.2  0.00 |  0.0  0.0 0   0   0  0  1  0
  - 3.96s  --------    0  Y   Y  1.00  4.93 1.00 -  |   462.5    444.4  0.00 |  0.0  0.0 0   0   0  0  0  0
  - 3.84s  --------    0  Y   Y  1.00  5.05 1.00 -  |   462.4    444.6  0.00 |  0.0  0.0 0   0   0  0  0  0
  - 3.73s  --------    0  Y   Y  1.00  5.16 1.00 -  |   462.4    444.6  0.00 |  0.0  0.0 0   0   0  0  0  0
  - 3.62s  --------    0  Y   Y  1.00  5.27 1.00 -  |   462.4    444.6  0.00 |  0.0  0.0 0   0   0  0  0  0
  - 3.52s  --------    0  Y   Y  1.00  5.38 1.00 -  |   462.4    444.6  0.00 |  0.0  0.0 0   0   0  0  0  0
  - 3.41s  --------    0  Y   Y  1.00  5.48 1.00 -  |   462.4    444.6  0.00 |  0.0  0.0 0   0   0  0  0  0
  - 3.30s  --------    0  Y   Y  1.00  5.59 1.00 -  |   462.4    444.6  0.00 |  0.0  0.0 0   0   0  0  0  0
  - 3.18s  --------    0  Y   Y  1.00  5.71 1.00 -  |   462.4    444.6  0.00 |  0.0  0.0 0   0   0  0  0  0
  - 3.08s  --------    0  Y   Y  1.00  5.81 1.00 -  |   462.4    444.6  0.00 |  0.0  0.0 0   0   0  0  0  0
  - 2.97s  --------    0  Y   Y  1.00  5.93 1.00 -  |   462.4    444.6  0.00 |  0.0  0.0 0   0   0  0  0  0
  - 2.85s  --------    0  Y   Y  1.00  6.04 1.00 -  |   462.4    444.6  0.00 |  0.0  0.0 0   0   0  0  0  0
  - 2.75s  --------    0  Y   Y  1.00  6.15 1.00 -  |   462.4    444.6  0.00 |  0.0  0.0 0   0   0  0  0  0
  - 2.65s  --------    0  Y   Y  1.00  6.25 1.00 -  |   462.4    444.6  0.00 |  0.0  0.0 0   0   0  0  0  0
  - 2.53s  --------    0  Y   Y  1.00  6.36 1.00 -  |   462.4    444.6  0.00 |  0.0  0.0 0   0   0  0  0  0
  - 2.43s  --------    0  Y   Y  1.00  6.46 1.00 -  |   462.4    444.6  0.00 |  0.0  0.0 0   0   0  0  0  0
  - 2.31s  --------    0  Y   Y  1.00  6.58 1.00 -  |   462.4    444.6  0.00 |  0.0  0.0 0   0   0  0  0  0
  - 2.19s  --------    0  Y   Y  1.00  6.70 1.00 -  |   462.4    444.6  0.00 |  0.0  0.0 0   0   0  0  0  0
  - 2.07s  --------    0  Y   Y  1.00  6.82 1.00 -  |   462.4    444.6  0.00 |  0.0  0.0 0   0   0  0  0  0
  - 1.97s  --------    0  Y   Y  1.00  6.92 1.00 -  |   462.4    444.6  0.00 |  0.0  0.0 0   0   0  0  0  0
  - 1.87s  --------    0  Y   Y  1.00  7.02 1.00 -  |   462.4    444.6  0.00 |  0.0  0.0 0   0   0  0  0  0
  - 1.77s  --------    0  Y   Y  1.00  7.12 1.00 -  |   462.4    444.6  0.00 |  0.0  0.0 0   0   0  0  0  0
  - 1.67s  --------    0  Y   Y  1.00  7.22 1.00 -  |   462.4    444.6  0.00 |  0.0  0.0 0   0   0  0  0  0
  - 1.56s  --------    0  Y   Y  1.00  7.34 1.00 -  |   462.4    444.6  0.00 |  0.0  0.0 0   0   0  0  0  0
  - 1.45s  --------    0  Y   Y  1.00  7.44 1.00 -  |   462.4    444.6  0.00 |  0.0  0.0 0   0   0  0  0  0
  - 1.34s  --------    0  Y   Y  1.00  7.55 1.00 -  |   462.4    444.6  0.00 |  0.0  0.0 0   0   0  0  0  0
  - 1.22s  --------    0  Y   Y  1.00  7.67 1.00 -  |   462.4    444.6  0.00 |  0.0  0.0 0   0   0  0  0  0
  - 1.10s  --------    0  Y   Y  1.00  7.79 1.00 -  |   462.4    444.6  0.00 |  0.0  0.0 0   0   0  0  0  0
  - 0.98s  --------    0  Y   Y  1.00  7.91 1.00 -  |   462.4    444.6  0.00 |  0.0  0.0 0   0   0  0  0  0
  - 0.88s  --------    0  Y   Y  1.00  8.01 1.00 -  |   462.4    444.6  0.00 |  0.0  0.0 0   0   0  0  0  0
  - 0.76s  --------    0  Y   Y  1.00  8.13 1.00 -  |   462.4    444.6  0.00 |  0.0  0.0 0   0   0  0  0  0
  - 0.65s  --------    0  Y   Y  1.00  8.25 1.00 -  |   462.4    444.6  0.00 |  0.0  0.0 0   0   0  0  0  0
  - 0.54s  --------    0  Y   Y  1.00  8.36 1.00 -  |   462.4    444.6  0.00 |  0.0  0.0 0   0   0  0  0  0
  - 0.43s  --------    0  Y   Y  1.00  8.47 1.00 -  |   462.4    444.6  0.00 |  0.0  0.0 0   0   0  0  0  0
  - 0.31s  --------    0  Y   Y  1.00  8.58 1.00 -  |   462.3    444.8  0.00 | -1.0  0.0 0   0   0  0  0  0
  - 0.21s  --------    0  Y   Y  1.00  8.68 1.00 -  |   462.3    444.9  0.00 | -1.0  0.0 0   0   0  0  0  0
  - 0.09s  --------    0  Y   Y  1.00  8.80 1.00 -  |   462.2    445.2  0.00 | -1.0  0.0 0   0   0  0  0  0
=========================================================== END

[   924   19.637 x1.00] LOG  [OniBoss] Playing animation: run
[   929   19.727 x1.00] LOG  [OniBoss] Pull-band decision: RUN-IN (dist 4.9m, pullRange 0m, chance 0.50)
[   966   20.447 x1.00] LOG  [OniBoss] Playing animation: Watch
[   966   20.447 x1.00] LOG  [OniBoss] Combo started: ClubSwing1 → ClubSwing2 → ClubSlam (3 steps remaining)
[   966   20.447 x1.00] LOG  [OniBoss] Chase → Attack
[   966   20.447 x1.00] LOG  [OniBoss] Attack: Club_Swing (16 dmg)
[   966   20.447 x1.00] LOG  [OniBoss:Trail] Club_Swing trail START at clip 0.85 (transition done).
[   966   20.447 x1.00] LOG  [OniBoss:ClubPos] Club_Swing at strike: club tip 0.50m up, -1.78m in front, 1.95m to his right (2.64m out from his centre). Club faces 108deg from his forward, pitch -0.75. (the wave is not anchored here any more — it is born 0.3m in front of him at 0.8m.)
[   966   20.447 x1.00] LOG  [OniBoss:Layer] swing wave born 0.3m in front of him, 3m/s x 12.0m = 4.00s of flight, visual lives 2.0s, threatens out to 12.3m — carrying 8 damage (the club also reached her at 3.4m).
[   971   20.544 x1.00] LOG  [OniBoss:Layer] step-in: 'Club_Swing' closed 0.41m, Yoru now 3.0m away (range 3.5)
[  1005   21.090 x1.00] LOG  [Combat] Hit react: HitReact_Light_2Leg (0.5s)
[  1005   21.090 x1.00] LOG  [HitReactTrace] asked for 'HitReact_Light_2Leg' (0.50s) — blend resolved after 0 ms, now playing a clip 1.00s long at speed 1.00, layer weight 1.00, animator.speed 1.00.
[  1005   21.090 x1.00] LOG  [CameraGameFeel] Shake: intensity=0.09 duration=0.150s
[  1005   21.090 x1.00] LOG  [CameraGameFeel] FOV punch: player damage (-2.0°)
[  1005   21.090 x1.00] LOG  [OniBoss:Wave] wave reached Yoru for 8 after 1.9m of travel.
[  1011   21.191 x1.00] LOG  [CameraGameFeel] Shake: intensity=0.20 duration=0.250s
[  1011   21.191 x1.00] LOG  [OniBoss] Hit player for 16 (Club_Swing)
[  1018   21.306 x1.00] LOG  [OniBoss] Attack → Recovery
[  1018   21.306 x1.00] LOG  [OniBoss] Playing animation: Watch
[  1018   21.306 x1.00] LOG  [OniBoss:Trail] trail END at clip 1.00, fading over 0.40s.
[  1018   21.306 x1.00] LOG  [OniBoss:Strike] Club_Swing: club tip closest to Yoru at 1.50m, clip position 0.91 | damage fires at 0.85 | clip 0.84s => damage fires 48 ms BEFORE the club is closest
[  1028   21.467 x1.00] LOG  [OniBoss] Recovery → Attack
[  1028   21.467 x1.00] LOG  [OniBoss] Attack: ClubSwing2 (16 dmg)
[  1028   21.467 x1.00] LOG  [OniBoss:Trail] ClubSwing2 trail START at clip 1.00 (transition still blending).
[  1053   21.867 x1.00] LOG  [CameraGameFeel] Shake: intensity=0.20 duration=0.250s
[  1053   21.867 x1.00] LOG  [Combat] Hit react: HitReact_Light_2Leg (0.5s)
[  1053   21.867 x1.00] LOG  [HitReactTrace] asked for 'HitReact_Light_2Leg' (0.50s) — blend resolved after 0 ms, now playing a clip 1.00s long at speed 1.00, layer weight 1.00, animator.speed 1.00.
[  1053   21.867 x1.00] LOG  [CameraGameFeel] Shake: intensity=0.09 duration=0.150s
[  1053   21.867 x1.00] LOG  [CameraGameFeel] FOV punch: player damage (-2.0°)
[  1053   21.867 x1.00] LOG  [OniBoss] Hit player for 16 (ClubSwing2)
[  1053   21.867 x1.00] LOG  [OniBoss:ClubPos] ClubSwing2 at strike: club tip 0.22m up, 1.55m in front, 2.73m to his right (3.13m out from his centre). Club faces 19deg from his forward, pitch -0.89. (the wave is not anchored here any more — it is born 0.3m in front of him at 0.8m.)
[  1053   21.867 x1.00] LOG  [OniBoss:Layer] swing wave born 0.3m in front of him, 3m/s x 12.0m = 4.00s of flight, visual lives 2.0s, threatens out to 12.3m — carrying 8 damage (the club also reached her at 3.0m).
[  1084   22.370 x1.00] LOG  [Combat] Hit react: HitReact_Light_2Leg (0.5s)
[  1084   22.370 x1.00] LOG  [HitReactTrace] asked for 'HitReact_Light_2Leg' (0.50s) — blend resolved after 0 ms, now playing a clip 1.21s long at speed 1.00, layer weight 1.00, animator.speed 1.00.
[  1084   22.370 x1.00] LOG  [CameraGameFeel] Shake: intensity=0.09 duration=0.150s
[  1084   22.370 x1.00] LOG  [CameraGameFeel] FOV punch: player damage (-2.0°)
[  1084   22.370 x1.00] LOG  [OniBoss:Wave] wave reached Yoru for 8 after 1.5m of travel.
[  1101   22.649 x1.00] LOG  [OniBoss] Attack → Recovery
[  1101   22.649 x1.00] LOG  [OniBoss] Playing animation: Watch
[  1101   22.649 x1.00] LOG  [OniBoss:Trail] trail END at clip 0.99, fading over 0.40s.
[  1101   22.649 x1.00] LOG  [OniBoss:Strike] ClubSwing2: club tip closest to Yoru at 0.48m, clip position 0.30 | damage fires at 0.32 | clip 1.17s => MATCHED (within one or two frames)
[  1111   22.811 x1.00] LOG  [OniBoss] Recovery → Attack
[  1111   22.811 x1.00] LOG  [OniBoss] Attack: ClubSlam (20 dmg)
[  1111   22.811 x1.00] LOG  [OniBoss:Trail] ClubSlam trail START at clip 1.00 (transition still blending).
[  1143   23.321 x1.00] LOG  [CameraGameFeel] Shake: intensity=0.50 duration=0.400s
[  1143   23.321 x1.00] LOG  [Combat] Hit react: HitReact_Heavy_2Leg (0.9s)
[  1143   23.321 x1.00] LOG  [HitReactTrace] asked for 'HitReact_Heavy_2Leg' (0.90s) — blend resolved after 0 ms, now playing a clip 1.00s long at speed 1.00, layer weight 1.00, animator.speed 1.00.
[  1143   23.321 x1.00] LOG  [CameraGameFeel] Shake: intensity=0.28 duration=0.150s
[  1143   23.321 x1.00] LOG  [CameraGameFeel] FOV punch: player damage (-3.0°)
[  1143   23.321 x1.00] LOG  [OniBoss] Hit player for 20 (ClubSlam)
[  1143   23.321 x1.00] LOG  [OniBoss:ClubPos] ClubSlam at strike: club tip 0.17m up, 3.57m in front, 0.34m to his right (3.59m out from his centre). Club faces 19deg from his forward, pitch -0.07. (the wave is not anchored here any more — it is born 0.3m in front of him at 0.8m.)
[  1143   23.321 x1.00] LOG  [OniBoss:Layer] swing wave born 0.3m in front of him, 3m/s x 12.0m = 4.00s of flight, visual lives 2.0s, threatens out to 12.3m — carrying 8 damage (the club also reached her at 3.0m).
[  1170   23.758 x1.00] LOG  [OniBoss] Attack → Recovery
[  1170   23.758 x1.00] LOG  [OniBoss] Playing animation: Watch
[  1170   23.758 x1.00] LOG  [OniBoss:Trail] trail END at clip 1.00, fading over 0.40s.
[  1170   23.758 x1.00] LOG  [OniBoss:Strike] ClubSlam: club tip closest to Yoru at 0.25m, clip position 0.85 | damage fires at 0.52 | clip 0.93s => damage fires 308 ms BEFORE the club is closest
[  1174   23.826 x1.00] LOG  [Combat] Hit react: HitReact_Light_2Leg (0.5s)
[  1174   23.826 x1.00] LOG  [HitReactTrace] asked for 'HitReact_Light_2Leg' (0.50s) — blend resolved after 0 ms, now playing a clip 1.21s long at speed 1.00, layer weight 1.00, animator.speed 1.00.
[  1174   23.826 x1.00] LOG  [CameraGameFeel] Shake: intensity=0.09 duration=0.150s
[  1174   23.826 x1.00] LOG  [CameraGameFeel] FOV punch: player damage (-2.0°)
[  1174   23.826 x1.00] LOG  [OniBoss:Wave] wave reached Yoru for 8 after 1.5m of travel.
[  1180   23.926 x1.00] LOG  [OniBoss] Recovery → Chase
[  1181   23.941 x1.00] LOG  [OniBoss] hold-ground: BACKSTEP 1.5m (player 3.0m)
[  1226   24.788 x1.00] LOG  [OniBoss] hold-ground: backstep done (1.35m), WATCH (player 4.4m, cooldown 2.1s)
[  1226   24.788 x1.00] LOG  [OniBoss] Playing animation: Watch
[  1242   25.070 x1.00] LOG  [OniBoss] Playing animation: run
[  1249   25.208 x1.00] LOG  
==================== [FREEZE-DEBUG v3] ====================
  Reason : WASD-NOMOVE: WASD recent + speed 0.00m/s for 0.40s
  Time   : 21.364s   Frame: 1249   Snaps: 60
===========================================================

--- CURRENT STATE ---
  Flags: atk=False hvy=False dod=False dsh=False
         grd=False hit=False aerial=False lockPos=False
         comboStep=0
  Anim : speed=1.00  combatLayer hash=-792875657 normT=0.851 weight=1.00 inTransition=False
  CC   : grounded=True  enabled=True  pos=(461.04, -0.02, 447.59)  vel=(0.00, 0.00, 0.00)
  Move : IsRunning=False
  Input: H=-1.00 V=0.00  LMB=False MMB=False Q=False Sp=False Sh=False C=False
         WASD pressed in last 0.5s: True (last 0.00s ago)

--- FLIGHT RECORDER (60 snapshots, oldest first, dt=0.10s) ---
  Legend: flags = A(tk) H(vy) D(od) S(sh) G(rd) R(eact) Y(aerial) L(ock)   gnd/cc: Y/n
  t-now    flags     step gnd cc anSp normT layW tr | posX     posZ     spd   | H    V    LMB MMB Q  Sp Sh C
  ------   --------  ---- --- -- ---- ----- ---- -- | -----    -----    ----  | ---- ---- --- --- -- -- -- -
  - 6.66s  --------    0  Y   Y  1.00  8.13 1.00 -  |   462.4    444.6  0.00 |  0.0  0.0 0   0   0  0  0  0
  - 6.55s  --------    0  Y   Y  1.00  8.25 1.00 -  |   462.4    444.6  0.00 |  0.0  0.0 0   0   0  0  0  0
  - 6.44s  --------    0  Y   Y  1.00  8.36 1.00 -  |   462.4    444.6  0.00 |  0.0  0.0 0   0   0  0  0  0
  - 6.33s  --------    0  Y   Y  1.00  8.47 1.00 -  |   462.4    444.6  0.00 |  0.0  0.0 0   0   0  0  0  0
  - 6.21s  --------    0  Y   Y  1.00  8.58 1.00 -  |   462.3    444.8  0.00 | -1.0  0.0 0   0   0  0  0  0
  - 6.11s  --------    0  Y   Y  1.00  8.68 1.00 -  |   462.3    444.9  0.00 | -1.0  0.0 0   0   0  0  0  0
  - 5.99s  --------    0  Y   Y  1.00  8.80 1.00 -  |   462.2    445.2  0.00 | -1.0  0.0 0   0   0  0  0  0
  - 5.88s  --------    0  Y   Y  1.00  8.91 1.00 -  |   462.1    445.3  0.00 | -1.0  0.0 0   0   0  0  0  0
  - 5.77s  --------    0  Y   Y  1.00  9.02 1.00 -  |   462.0    445.6  0.00 | -1.0  0.0 0   0   0  0  0  0
  - 5.65s  --------    0  Y   Y  1.00  9.14 1.00 -  |   461.9    445.8  0.00 | -1.0  0.0 0   0   0  0  0  0
  - 5.53s  --------    0  Y   Y  1.00  9.26 1.00 -  |   461.8    446.0  0.00 | -1.0  0.0 0   0   0  0  0  0
  - 5.43s  --------    0  Y   Y  1.00  9.37 1.00 -  |   461.7    446.2  0.00 | -1.0  0.0 0   0   0  0  0  0
  - 5.32s  --------    0  Y   Y  1.00  9.48 1.00 -  |   461.6    446.4  0.00 | -1.0  0.0 0   0   0  0  0  0
  - 5.20s  --------    0  Y   Y  1.00  9.59 1.00 -  |   461.5    446.6  0.00 |  0.0  0.0 0   0   0  0  0  0
  - 5.10s  --------    0  Y   Y  1.00  9.69 1.00 -  |   461.4    446.8  0.00 |  0.0  0.0 0   0   0  0  0  0
  - 4.98s  --------    0  Y   Y  1.00  9.81 1.00 -  |   461.3    447.0  0.00 |  0.0  0.0 0   0   0  0  0  0
  - 4.88s  --------    0  Y   Y  1.00  9.91 1.00 -  |   461.3    447.0  0.00 |  0.0  0.0 0   0   0  0  0  0
  - 4.76s  --------    0  Y   Y  1.00 10.03 1.00 -  |   461.3    447.0  0.00 |  0.0  0.0 0   0   0  0  0  0
  - 4.65s  --------    0  Y   Y  1.00 10.15 1.00 -  |   461.3    447.0  0.00 |  0.0  0.0 0   0   0  0  0  0
  - 4.54s  --------    0  Y   Y  1.00 10.26 1.00 -  |   461.3    447.0  0.00 |  0.0  0.0 0   0   0  0  0  0
  - 4.43s  --------    0  Y   Y  1.00 10.37 1.00 -  |   461.3    447.0  0.00 |  0.0  0.0 0   0   0  0  0  0
  - 4.31s  --------    0  Y   Y  1.00 10.49 1.00 -  |   461.3    447.0  0.00 |  0.0  0.0 0   0   0  0  0  0
  - 4.20s  --------    0  Y   Y  1.00 10.60 1.00 -  |   461.3    447.0  0.00 |  0.0  0.0 0   0   0  0  0  0
  - 4.10s  -----R--    0  Y   Y  1.00 10.70 1.00 T  |   461.3    447.0  0.00 |  0.0  0.0 0   0   0  0  0  0
  - 3.98s  -----R--    0  Y   Y  1.00  0.10 1.00 -  |   461.3    447.0  0.00 |  0.0  0.0 0   0   0  0  0  0
  - 3.87s  -----R--    0  Y   Y  1.00  0.19 1.00 -  |   461.3    447.0  0.00 |  0.0  0.0 0   0   0  0  0  0
  - 3.76s  -----R--    0  Y   Y  1.00  0.29 1.00 -  |   461.3    447.0  0.00 |  0.0  0.0 0   0   0  0  0  0
  - 3.64s  -----R--    0  Y   Y  1.00  0.38 1.00 -  |   461.3    447.0  0.00 |  0.0  0.0 0   0   0  0  0  0
  - 3.53s  --------    0  Y   Y  1.00  0.47 1.00 T  |   461.3    447.0  0.00 |  0.0  0.0 0   0   0  0  0  0
  - 3.42s  --------    0  Y   Y  1.00  0.17 1.00 -  |   461.3    447.0  0.00 |  0.0  0.0 0   0   0  0  0  0
  - 3.31s  -----R--    0  Y   Y  1.00  0.01 1.00 -  |   461.3    447.0  0.00 |  0.0  0.0 0   0   0  0  0  0
  - 3.20s  -----R--    0  Y   Y  1.00  0.11 1.00 -  |   461.3    447.0  0.00 |  0.0  0.0 0   0   0  0  0  0
  - 3.10s  -----R--    0  Y   Y  1.00  0.19 1.00 -  |   461.3    447.0  0.00 |  0.0  0.0 0   0   0  0  0  0
  - 2.98s  -----R--    0  Y   Y  1.00  0.28 1.00 -  |   461.3    447.0  0.00 |  0.0  0.0 0   0   0  0  0  0
  - 2.87s  -----R--    0  Y   Y  1.00  0.38 1.00 -  |   461.3    447.0  0.00 |  0.0  0.0 0   0   0  0  0  0
  - 2.75s  -----R--    0  Y   Y  1.00  0.06 1.00 -  |   461.3    447.0  0.00 |  0.0  0.0 0   0   0  0  0  0
  - 2.64s  -----R--    0  Y   Y  1.00  0.15 1.00 -  |   461.3    447.0  0.00 |  0.0  0.0 0   0   0  0  0  0
  - 2.52s  -----R--    0  Y   Y  1.00  0.24 1.00 -  |   461.3    447.0  0.00 |  0.0  0.0 0   0   0  0  0  0
  - 2.41s  -----R--    0  Y   Y  1.00  0.34 1.00 -  |   461.3    447.0  0.00 |  0.0  0.0 0   0   0  0  0  0
  - 2.30s  --------    0  Y   Y  1.00  0.43 1.00 T  |   461.3    447.0  0.00 |  0.0  0.0 0   0   0  0  0  0
  - 2.19s  --------    0  Y   Y  1.00  0.12 1.00 -  |   461.3    447.0  0.00 |  0.0  0.0 0   0   0  0  0  0
  - 2.08s  --------    0  Y   Y  1.00  0.24 1.00 -  |   461.3    447.0  0.00 |  0.0  0.0 0   0   0  0  0  0
  - 1.97s  --------    0  Y   Y  1.00  0.35 1.00 -  |   461.3    447.0  0.00 |  0.0  0.0 0   0   0  0  0  0
  - 1.85s  -----R--    0  Y   Y  1.00  0.01 1.00 -  |   461.3    447.0  0.00 |  0.0  0.0 0   0   0  0  0  0
  - 1.74s  -----R--    0  Y   Y  1.00  0.10 1.00 -  |   461.3    447.0  0.00 |  0.0  0.0 0   0   0  0  0  0
  - 1.64s  -----R--    0  Y   Y  1.00  0.20 1.00 -  |   461.3    447.0  0.00 |  0.0  0.0 0   0   0  0  0  0
  - 1.53s  -----R--    0  Y   Y  1.00  0.28 1.00 -  |   461.3    447.0  0.00 |  0.0  0.0 0   0   0  0  0  0
  - 1.41s  -----R--    0  Y   Y  1.00  0.38 1.00 -  |   461.3    447.0  0.00 |  0.0  0.0 0   0   0  0  0  0
  - 1.30s  -----R--    0  Y   Y  1.00  0.05 1.00 -  |   461.3    447.0  0.00 |  0.0  0.0 0   0   0  0  0  0
  - 1.19s  -----R--    0  Y   Y  1.00  0.14 1.00 -  |   461.3    447.0  0.00 |  0.0  0.0 0   0   0  0  0  0
  - 1.08s  -----R--    0  Y   Y  1.00  0.24 1.00 -  |   461.3    447.0  0.00 |  0.0  0.0 0   0   0  0  0  0
  - 0.96s  -----R--    0  Y   Y  1.00  0.33 1.00 -  |   461.3    447.0  0.00 |  0.0  0.0 0   0   0  0  0  0
  - 0.85s  --------    0  Y   Y  1.00  0.42 1.00 T  |   461.3    447.0  0.00 |  0.0  0.0 0   0   0  0  0  0
  - 0.74s  --------    0  Y   Y  1.00  0.11 1.00 -  |   461.3    447.0  0.00 |  0.0  0.0 0   0   0  0  0  0
  - 0.63s  --------    0  Y   Y  1.00  0.22 1.00 -  |   461.3    447.0  0.00 |  0.0  0.0 0   0   0  0  0  0
  - 0.51s  --------    0  Y   Y  1.00  0.34 1.00 -  |   461.3    447.0  0.00 |  0.0  0.0 0   0   0  0  0  0
  - 0.40s  --------    0  Y   Y  1.00  0.45 1.00 -  |   461.3    447.0  0.00 |  0.0  0.0 0   0   0  0  0  0
  - 0.29s  --------    0  Y   Y  1.00  0.56 1.00 -  |   461.3    447.1  0.00 | -1.0  0.0 0   0   0  0  0  0
  - 0.19s  --------    0  Y   Y  1.00  0.66 1.00 -  |   461.2    447.3  0.00 | -1.0  0.0 0   0   0  0  0  0
  - 0.08s  --------    0  Y   Y  1.00  0.77 1.00 -  |   461.1    447.5  0.00 | -1.0  0.0 0   0   0  0  0  0
=========================================================== END

[  1292   26.048 x1.00] LOG  [OniBoss] Playing animation: Watch
[  1298   26.165 x1.00] LOG  [StormWeather] ⚡ strike at (479.09, 45.00, 447.91)
[  1328   26.693 x1.00] LOG  [OniBoss] Playing animation: run
[  1342   26.930 x1.00] LOG  [OniBoss] Pull-band decision: RUN-IN (dist 5.0m, pullRange 0m, chance 0.50)
[  1382   27.709 x1.00] LOG  [OniBoss] Playing animation: Watch
[  1382   27.709 x1.00] LOG  [OniBoss] Combo started: swing1-2 (2 steps remaining)
[  1382   27.709 x1.00] LOG  [OniBoss] Chase → Attack
[  1382   27.709 x1.00] LOG  [OniBoss] Attack: Club_Swing (16 dmg)
[  1382   27.709 x1.00] LOG  [OniBoss:Trail] Club_Swing trail START at clip 1.00 (transition done).
[  1382   27.709 x1.00] LOG  [OniBoss:ClubPos] Club_Swing at strike: club tip 0.46m up, -1.58m in front, 2.15m to his right (2.66m out from his centre). Club faces 104deg from his forward, pitch -0.77. (the wave is not anchored here any more — it is born 0.3m in front of him at 0.8m.)
[  1382   27.709 x1.00] LOG  [OniBoss:Layer] swing wave born 0.3m in front of him, 3m/s x 12.0m = 4.00s of flight, visual lives 2.0s, threatens out to 12.3m — carrying 8 damage (the club also reached her at 3.5m).
[  1390   27.876 x1.00] LOG  [OniBoss:Layer] step-in: 'Club_Swing' closed 0.81m, Yoru now 3.0m away (range 3.5)
[  1391   27.897 x1.00] LOG  [OniBoss:Layer] step-in: 'Club_Swing' closed 0.85m, Yoru now 3.0m away (range 3.5)
[  1392   27.934 x1.00] LOG  [OniBoss:Layer] step-in: 'Club_Swing' closed 0.93m, Yoru now 3.0m away (range 3.5)
[  1393   27.953 x1.00] LOG  [OniBoss:Layer] step-in: 'Club_Swing' closed 0.97m, Yoru now 3.0m away (range 3.5)
[  1394   27.973 x1.00] LOG  [OniBoss:Layer] step-in: 'Club_Swing' closed 1.01m, Yoru now 3.0m away (range 3.5)
[  1418   28.450 x1.00] LOG  [CameraGameFeel] Shake: intensity=0.20 duration=0.250s
[  1418   28.450 x1.00] LOG  [OniBoss] Attack missed, player out of range (4.0m > 3.5m)
[  1424   28.569 x1.00] LOG  [OniBoss] Attack → Recovery
[  1424   28.569 x1.00] LOG  [OniBoss] Playing animation: Watch
[  1424   28.569 x1.00] LOG  [OniBoss:Trail] trail END at clip 1.00, fading over 0.40s.
[  1424   28.569 x1.00] LOG  [OniBoss:Strike] Club_Swing: club tip closest to Yoru at 2.51m, clip position 0.91 | damage fires at 0.85 | clip 0.84s => damage fires 48 ms BEFORE the club is closest
[  1433   28.731 x1.00] LOG  [OniBoss] Recovery → Attack
[  1433   28.731 x1.00] LOG  [OniBoss] Attack: ClubSwing2 (16 dmg)
[  1433   28.731 x1.00] LOG  [OniBoss:Trail] ClubSwing2 trail START at clip 1.00 (transition still blending).
[  1454   29.129 x1.00] LOG  [CameraGameFeel] Shake: intensity=0.20 duration=0.250s
[  1454   29.129 x1.00] LOG  [Combat] Hit react: HitReact_Heavy_2Leg (0.9s)
[  1454   29.129 x1.00] LOG  [HitReactTrace] asked for 'HitReact_Heavy_2Leg' (0.90s) — blend resolved after 0 ms, now playing a clip 1.00s long at speed 1.00, layer weight 1.00, animator.speed 1.00.
[  1454   29.129 x1.00] LOG  [CameraGameFeel] Shake: intensity=0.28 duration=0.150s
[  1454   29.129 x1.00] LOG  [CameraGameFeel] FOV punch: player damage (-3.0°)
[  1454   29.129 x1.00] LOG  [OniBoss] Hit player for 16 (ClubSwing2)
[  1454   29.129 x1.00] LOG  [OniBoss:ClubPos] ClubSwing2 at strike: club tip 0.18m up, 1.62m in front, 2.65m to his right (3.10m out from his centre). Club faces 15deg from his forward, pitch -0.89. (the wave is not anchored here any more — it is born 0.3m in front of him at 0.8m.)
[  1454   29.129 x1.00] LOG  [OniBoss:Layer] swing wave born 0.3m in front of him, 3m/s x 12.0m = 4.00s of flight, visual lives 2.0s, threatens out to 12.3m — carrying 8 damage (the club also reached her at 3.4m).
[  1463   29.291 x1.00] LOG  
==================== [FREEZE-DEBUG v3] ====================
  Reason : WASD-NOMOVE: WASD recent + speed 0.00m/s for 0.41s
  Time   : 25.447s   Frame: 1463   Snaps: 60
===========================================================

--- CURRENT STATE ---
  Flags: atk=False hvy=False dod=False dsh=False
         grd=False hit=True aerial=False lockPos=False
         comboStep=0
  Anim : speed=1.00  combatLayer hash=1755030216 normT=0.122 weight=1.00 inTransition=False
  CC   : grounded=True  enabled=True  pos=(457.76, 0.10, 454.80)  vel=(0.00, 0.00, 0.00)
  Move : IsRunning=False
  Input: H=-1.00 V=0.00  LMB=False MMB=False Q=False Sp=False Sh=False C=False
         WASD pressed in last 0.5s: True (last 0.00s ago)

--- FLIGHT RECORDER (60 snapshots, oldest first, dt=0.10s) ---
  Legend: flags = A(tk) H(vy) D(od) S(sh) G(rd) R(eact) Y(aerial) L(ock)   gnd/cc: Y/n
  t-now    flags     step gnd cc anSp normT layW tr | posX     posZ     spd   | H    V    LMB MMB Q  Sp Sh C
  ------   --------  ---- --- -- ---- ----- ---- -- | -----    -----    ----  | ---- ---- --- --- -- -- -- -
  - 6.61s  -----R--    0  Y   Y  1.00  0.24 1.00 -  |   461.3    447.0  0.00 |  0.0  0.0 0   0   0  0  0  0
  - 6.49s  -----R--    0  Y   Y  1.00  0.34 1.00 -  |   461.3    447.0  0.00 |  0.0  0.0 0   0   0  0  0  0
  - 6.38s  --------    0  Y   Y  1.00  0.43 1.00 T  |   461.3    447.0  0.00 |  0.0  0.0 0   0   0  0  0  0
  - 6.27s  --------    0  Y   Y  1.00  0.12 1.00 -  |   461.3    447.0  0.00 |  0.0  0.0 0   0   0  0  0  0
  - 6.16s  --------    0  Y   Y  1.00  0.24 1.00 -  |   461.3    447.0  0.00 |  0.0  0.0 0   0   0  0  0  0
  - 6.05s  --------    0  Y   Y  1.00  0.35 1.00 -  |   461.3    447.0  0.00 |  0.0  0.0 0   0   0  0  0  0
  - 5.93s  -----R--    0  Y   Y  1.00  0.01 1.00 -  |   461.3    447.0  0.00 |  0.0  0.0 0   0   0  0  0  0
  - 5.82s  -----R--    0  Y   Y  1.00  0.10 1.00 -  |   461.3    447.0  0.00 |  0.0  0.0 0   0   0  0  0  0
  - 5.72s  -----R--    0  Y   Y  1.00  0.20 1.00 -  |   461.3    447.0  0.00 |  0.0  0.0 0   0   0  0  0  0
  - 5.61s  -----R--    0  Y   Y  1.00  0.28 1.00 -  |   461.3    447.0  0.00 |  0.0  0.0 0   0   0  0  0  0
  - 5.50s  -----R--    0  Y   Y  1.00  0.38 1.00 -  |   461.3    447.0  0.00 |  0.0  0.0 0   0   0  0  0  0
  - 5.38s  -----R--    0  Y   Y  1.00  0.05 1.00 -  |   461.3    447.0  0.00 |  0.0  0.0 0   0   0  0  0  0
  - 5.27s  -----R--    0  Y   Y  1.00  0.14 1.00 -  |   461.3    447.0  0.00 |  0.0  0.0 0   0   0  0  0  0
  - 5.16s  -----R--    0  Y   Y  1.00  0.24 1.00 -  |   461.3    447.0  0.00 |  0.0  0.0 0   0   0  0  0  0
  - 5.05s  -----R--    0  Y   Y  1.00  0.33 1.00 -  |   461.3    447.0  0.00 |  0.0  0.0 0   0   0  0  0  0
  - 4.94s  --------    0  Y   Y  1.00  0.42 1.00 T  |   461.3    447.0  0.00 |  0.0  0.0 0   0   0  0  0  0
  - 4.82s  --------    0  Y   Y  1.00  0.11 1.00 -  |   461.3    447.0  0.00 |  0.0  0.0 0   0   0  0  0  0
  - 4.71s  --------    0  Y   Y  1.00  0.22 1.00 -  |   461.3    447.0  0.00 |  0.0  0.0 0   0   0  0  0  0
  - 4.59s  --------    0  Y   Y  1.00  0.34 1.00 -  |   461.3    447.0  0.00 |  0.0  0.0 0   0   0  0  0  0
  - 4.49s  --------    0  Y   Y  1.00  0.45 1.00 -  |   461.3    447.0  0.00 |  0.0  0.0 0   0   0  0  0  0
  - 4.37s  --------    0  Y   Y  1.00  0.56 1.00 -  |   461.3    447.1  0.00 | -1.0  0.0 0   0   0  0  0  0
  - 4.27s  --------    0  Y   Y  1.00  0.66 1.00 -  |   461.2    447.3  0.00 | -1.0  0.0 0   0   0  0  0  0
  - 4.16s  --------    0  Y   Y  1.00  0.77 1.00 -  |   461.1    447.5  0.00 | -1.0  0.0 0   0   0  0  0  0
  - 4.04s  --------    0  Y   Y  1.00  0.89 1.00 -  |   461.0    447.7  0.00 | -1.0  0.0 0   0   0  0  0  0
  - 3.94s  --------    0  Y   Y  1.00  0.99 1.00 -  |   460.9    447.8  0.00 | -1.0  0.0 0   0   0  0  0  0
  - 3.84s  --------    0  Y   Y  1.00  1.09 1.00 -  |   460.8    448.1  0.00 | -1.0  0.0 0   0   0  0  0  0
  - 3.72s  --------    0  Y   Y  1.00  1.21 1.00 -  |   460.7    448.3  0.00 | -1.0  0.0 0   0   0  0  0  0
  - 3.61s  --------    0  Y   Y  1.00  1.33 1.00 -  |   460.6    448.5  0.00 | -1.0  0.0 0   0   0  0  0  0
  - 3.49s  --------    0  Y   Y  1.00  1.44 1.00 -  |   460.5    448.7  0.00 | -1.0  0.0 0   0   0  0  0  0
  - 3.38s  --------    0  Y   Y  1.00  1.56 1.00 -  |   460.4    448.9  0.00 | -1.0  0.0 0   0   0  0  0  0
  - 3.26s  --------    0  Y   Y  1.00  1.67 1.00 -  |   460.4    449.1  0.00 | -1.0  0.0 0   0   0  0  0  0
  - 3.16s  --------    0  Y   Y  1.00  1.77 1.00 -  |   460.3    449.3  0.00 | -1.0  0.0 0   0   0  0  0  0
  - 3.05s  --------    0  Y   Y  1.00  1.88 1.00 -  |   460.2    449.5  0.00 | -1.0  0.0 0   0   0  0  0  0
  - 2.93s  --------    0  Y   Y  1.00  2.00 1.00 -  |   460.1    449.7  0.00 | -1.0  0.0 0   0   0  0  0  0
  - 2.81s  --------    0  Y   Y  1.00  2.12 1.00 -  |   460.0    449.9  0.00 | -1.0  0.0 0   0   0  0  0  0
  - 2.70s  --------    0  Y   Y  1.00  2.24 1.00 -  |   459.9    450.1  0.00 | -1.0  0.0 0   0   0  0  0  0
  - 2.60s  --------    0  Y   Y  1.00  2.34 1.00 -  |   459.8    450.3  0.00 | -1.0  0.0 0   0   0  0  0  0
  - 2.50s  --------    0  Y   Y  1.00  2.44 1.00 -  |   459.7    450.5  0.00 | -1.0  0.0 0   0   0  0  0  0
  - 2.38s  --------    0  Y   Y  1.00  2.56 1.00 -  |   459.6    450.7  0.00 | -1.0  0.0 0   0   0  0  0  0
  - 2.26s  --------    0  Y   Y  1.00  2.67 1.00 -  |   459.5    450.9  0.00 | -1.0  0.0 0   0   0  0  0  0
  - 2.16s  --------    0  Y   Y  1.00  2.77 1.00 -  |   459.4    451.1  0.00 | -1.0  0.0 0   0   0  0  0  0
  - 2.04s  --------    0  Y   Y  1.00  2.89 1.00 -  |   459.3    451.3  0.00 | -1.0  0.0 0   0   0  0  0  0
  - 1.93s  --------    0  Y   Y  1.00  3.00 1.00 -  |   459.3    451.5  0.00 | -1.0  0.0 0   0   0  0  0  0
  - 1.83s  --------    0  Y   Y  1.00  3.10 1.00 -  |   459.2    451.7  0.00 | -1.0  0.0 0   0   0  0  0  0
  - 1.71s  --------    0  Y   Y  1.00  3.22 1.00 -  |   459.1    451.9  0.00 | -1.0  0.0 0   0   0  0  0  0
  - 1.60s  --------    0  Y   Y  1.00  3.34 1.00 -  |   459.0    452.1  0.00 | -1.0  0.0 0   0   0  0  0  0
  - 1.50s  --------    0  Y   Y  1.00  3.43 1.00 -  |   458.9    452.3  0.00 | -1.0  0.0 0   0   0  0  0  0
  - 1.39s  --------    0  Y   Y  1.00  3.54 1.00 -  |   458.8    452.5  0.00 | -1.0  0.0 0   0   0  0  0  0
  - 1.28s  --------    0  Y   Y  1.00  3.66 1.00 -  |   458.7    452.7  0.00 | -1.0  0.0 0   0   0  0  0  0
  - 1.16s  --------    0  Y   Y  1.00  3.77 1.00 -  |   458.6    452.9  0.00 | -1.0  0.0 0   0   0  0  0  0
  - 1.04s  --------    0  Y   Y  1.00  3.89 1.00 -  |   458.5    453.2  0.00 | -1.0  0.0 0   0   0  0  0  0
  - 0.92s  --------    0  Y   Y  1.00  4.01 1.00 -  |   458.4    453.4  0.00 | -1.0  0.0 0   0   0  0  0  0
  - 0.82s  --------    0  Y   Y  1.00  4.11 1.00 -  |   458.3    453.6  0.00 | -1.0  0.0 0   0   0  0  0  0
  - 0.70s  --------    0  Y   Y  1.00  4.23 1.00 -  |   458.2    453.8  0.00 | -1.0  0.0 0   0   0  0  0  0
  - 0.59s  --------    0  Y   Y  1.00  4.34 1.00 -  |   458.1    454.0  0.00 | -1.0  0.0 0   0   0  0  0  0
  - 0.48s  --------    0  Y   Y  1.00  4.45 1.00 -  |   458.0    454.2  0.00 | -1.0  0.0 0   0   0  0  0  0
  - 0.38s  --------    0  Y   Y  1.00  4.56 1.00 -  |   458.0    454.4  0.00 | -1.0  0.0 0   0   0  0  0  0
  - 0.26s  --------    0  Y   Y  1.00  4.67 1.00 -  |   457.9    454.6  0.00 | -1.0  0.0 0   0   0  0  0  0
  - 0.16s  --------    0  Y   Y  1.00  4.77 1.00 -  |   457.8    454.8  0.00 | -1.0  0.0 0   0   0  0  0  0
  - 0.05s  -----R--    0  Y   Y  1.00  0.08 1.00 -  |   457.8    454.8  0.00 | -1.0  0.0 0   0   0  0  0  0
=========================================================== END

[  1468   29.368 x1.00] LOG  [OniBoss:Wave] wave reached Yoru for 8 after 5.0m of travel.
[  1495   29.797 x1.00] LOG  [Combat] Hit react: HitReact_Light_2Leg (0.5s)
[  1495   29.797 x1.00] LOG  [HitReactTrace] asked for 'HitReact_Light_2Leg' (0.50s) — blend resolved after 0 ms, now playing a clip 1.21s long at speed 1.00, layer weight 1.00, animator.speed 1.00.
[  1495   29.797 x1.00] LOG  [CameraGameFeel] Shake: intensity=0.09 duration=0.150s
[  1495   29.797 x1.00] LOG  [CameraGameFeel] FOV punch: player damage (-2.0°)
[  1495   29.797 x1.00] LOG  [OniBoss:Wave] wave reached Yoru for 8 after 2.0m of travel.
[  1502   29.918 x1.00] LOG  [OniBoss] Attack → Recovery
[  1502   29.918 x1.00] LOG  [OniBoss] Playing animation: Watch
[  1502   29.918 x1.00] LOG  [OniBoss:Trail] trail END at clip 1.00, fading over 0.40s.
[  1502   29.918 x1.00] LOG  [OniBoss:Strike] ClubSwing2: club tip closest to Yoru at 1.10m, clip position 0.29 | damage fires at 0.32 | clip 1.17s => damage fires 36 ms AFTER the club is closest — it lands once the club has passed her
[  1512   30.082 x1.00] LOG  [OniBoss] Recovery → Chase
[  1513   30.100 x1.00] LOG  [OniBoss] hold-ground: BACKSTEP 1.5m (player 3.5m)
[  1531   30.460 x1.00] LOG  [OniBoss] hold-ground: backstep done (0.57m), WATCH (player 4.4m, cooldown 2.6s)
[  1531   30.460 x1.00] LOG  [OniBoss] Playing animation: Watch
[  1540   30.631 x1.00] LOG  [OniBoss] Playing animation: run
[  1585   31.510 x1.00] LOG  [OniBoss] Playing animation: Watch
[  1672   33.090 x1.00] LOG  [OniBoss] hold-ground: cooldown over, player 3.9m > 3.5m — APPROACH
[  1672   33.090 x1.00] LOG  [OniBoss] Playing animation: Walk
[  1688   33.410 x1.00] LOG  
==================== [FREEZE-DEBUG v3] ====================
  Reason : WASD-NOMOVE: WASD recent + speed 0.00m/s for 0.42s
  Time   : 29.566s   Frame: 1688   Snaps: 60
===========================================================

--- CURRENT STATE ---
  Flags: atk=False hvy=False dod=False dsh=False
         grd=False hit=False aerial=False lockPos=False
         comboStep=0
  Anim : speed=1.00  combatLayer hash=-792875657 normT=3.091 weight=1.00 inTransition=False
  CC   : grounded=True  enabled=True  pos=(456.03, 0.13, 456.85)  vel=(0.00, 0.00, 0.00)
  Move : IsRunning=False
  Input: H=0.00 V=-1.00  LMB=False MMB=False Q=False Sp=False Sh=False C=False
         WASD pressed in last 0.5s: True (last 0.00s ago)

--- FLIGHT RECORDER (60 snapshots, oldest first, dt=0.10s) ---
  Legend: flags = A(tk) H(vy) D(od) S(sh) G(rd) R(eact) Y(aerial) L(ock)   gnd/cc: Y/n
  t-now    flags     step gnd cc anSp normT layW tr | posX     posZ     spd   | H    V    LMB MMB Q  Sp Sh C
  ------   --------  ---- --- -- ---- ----- ---- -- | -----    -----    ----  | ---- ---- --- --- -- -- -- -
  - 6.61s  --------    0  Y   Y  1.00  2.44 1.00 -  |   459.7    450.5  0.00 | -1.0  0.0 0   0   0  0  0  0
  - 6.50s  --------    0  Y   Y  1.00  2.56 1.00 -  |   459.6    450.7  0.00 | -1.0  0.0 0   0   0  0  0  0
  - 6.38s  --------    0  Y   Y  1.00  2.67 1.00 -  |   459.5    450.9  0.00 | -1.0  0.0 0   0   0  0  0  0
  - 6.28s  --------    0  Y   Y  1.00  2.77 1.00 -  |   459.4    451.1  0.00 | -1.0  0.0 0   0   0  0  0  0
  - 6.16s  --------    0  Y   Y  1.00  2.89 1.00 -  |   459.3    451.3  0.00 | -1.0  0.0 0   0   0  0  0  0
  - 6.05s  --------    0  Y   Y  1.00  3.00 1.00 -  |   459.3    451.5  0.00 | -1.0  0.0 0   0   0  0  0  0
  - 5.95s  --------    0  Y   Y  1.00  3.10 1.00 -  |   459.2    451.7  0.00 | -1.0  0.0 0   0   0  0  0  0
  - 5.83s  --------    0  Y   Y  1.00  3.22 1.00 -  |   459.1    451.9  0.00 | -1.0  0.0 0   0   0  0  0  0
  - 5.72s  --------    0  Y   Y  1.00  3.34 1.00 -  |   459.0    452.1  0.00 | -1.0  0.0 0   0   0  0  0  0
  - 5.62s  --------    0  Y   Y  1.00  3.43 1.00 -  |   458.9    452.3  0.00 | -1.0  0.0 0   0   0  0  0  0
  - 5.51s  --------    0  Y   Y  1.00  3.54 1.00 -  |   458.8    452.5  0.00 | -1.0  0.0 0   0   0  0  0  0
  - 5.40s  --------    0  Y   Y  1.00  3.66 1.00 -  |   458.7    452.7  0.00 | -1.0  0.0 0   0   0  0  0  0
  - 5.28s  --------    0  Y   Y  1.00  3.77 1.00 -  |   458.6    452.9  0.00 | -1.0  0.0 0   0   0  0  0  0
  - 5.16s  --------    0  Y   Y  1.00  3.89 1.00 -  |   458.5    453.2  0.00 | -1.0  0.0 0   0   0  0  0  0
  - 5.04s  --------    0  Y   Y  1.00  4.01 1.00 -  |   458.4    453.4  0.00 | -1.0  0.0 0   0   0  0  0  0
  - 4.94s  --------    0  Y   Y  1.00  4.11 1.00 -  |   458.3    453.6  0.00 | -1.0  0.0 0   0   0  0  0  0
  - 4.82s  --------    0  Y   Y  1.00  4.23 1.00 -  |   458.2    453.8  0.00 | -1.0  0.0 0   0   0  0  0  0
  - 4.71s  --------    0  Y   Y  1.00  4.34 1.00 -  |   458.1    454.0  0.00 | -1.0  0.0 0   0   0  0  0  0
  - 4.60s  --------    0  Y   Y  1.00  4.45 1.00 -  |   458.0    454.2  0.00 | -1.0  0.0 0   0   0  0  0  0
  - 4.50s  --------    0  Y   Y  1.00  4.56 1.00 -  |   458.0    454.4  0.00 | -1.0  0.0 0   0   0  0  0  0
  - 4.38s  --------    0  Y   Y  1.00  4.67 1.00 -  |   457.9    454.6  0.00 | -1.0  0.0 0   0   0  0  0  0
  - 4.28s  --------    0  Y   Y  1.00  4.77 1.00 -  |   457.8    454.8  0.00 | -1.0  0.0 0   0   0  0  0  0
  - 4.17s  -----R--    0  Y   Y  1.00  0.08 1.00 -  |   457.8    454.8  0.00 | -1.0  0.0 0   0   0  0  0  0
  - 4.06s  -----R--    0  Y   Y  1.00  0.17 1.00 -  |   457.8    454.8  0.00 | -1.0  0.0 0   0   0  0  0  0
  - 3.95s  -----R--    0  Y   Y  1.00  0.26 1.00 -  |   457.8    454.8  0.00 | -1.0  0.0 0   0   0  0  0  0
  - 3.83s  -----R--    0  Y   Y  1.00  0.36 1.00 -  |   457.8    454.8  0.00 | -1.0  0.0 0   0   0  0  0  0
  - 3.72s  -----R--    0  Y   Y  1.00  0.45 1.00 -  |   457.8    454.8  0.00 | -1.0  0.0 0   0   0  0  0  0
  - 3.61s  -----R--    0  Y   Y  1.00  0.54 1.00 -  |   457.8    454.8  0.00 | -1.0  0.0 0   0   0  0  0  0
  - 3.51s  -----R--    0  Y   Y  1.00  0.07 1.00 -  |   457.8    454.8  0.00 | -1.0  0.0 0   0   0  0  0  0
  - 3.41s  -----R--    0  Y   Y  1.00  0.15 1.00 -  |   457.8    454.8  0.00 | -1.0  0.0 0   0   0  0  0  0
  - 3.29s  -----R--    0  Y   Y  1.00  0.25 1.00 -  |   457.8    454.8  0.00 | -1.0  0.0 0   0   0  0  0  0
  - 3.17s  -----R--    0  Y   Y  1.00  0.35 1.00 -  |   457.8    454.8  0.00 | -1.0  0.0 0   0   0  0  0  0
  - 3.07s  --------    0  Y   Y  1.00  0.43 1.00 T  |   457.7    454.9  0.00 | -1.0  0.0 0   0   0  0  0  0
  - 2.95s  --------    0  Y   Y  1.00  0.14 1.00 -  |   457.6    455.1  0.00 | -1.0  0.0 0   0   0  0  0  0
  - 2.83s  --------    0  Y   Y  1.00  0.26 1.00 -  |   457.5    455.3  0.00 | -1.0  0.0 0   0   0  0  0  0
  - 2.72s  --------    0  Y   Y  1.00  0.37 1.00 -  |   457.4    455.5  0.00 | -1.0  0.0 0   0   0  0  0  0
  - 2.61s  --------    0  Y   Y  1.00  0.48 1.00 -  |   457.3    455.7  0.00 | -1.0  0.0 0   0   0  0  0  0
  - 2.50s  --------    0  Y   Y  1.00  0.60 1.00 -  |   457.2    455.9  0.00 | -1.0  0.0 0   0   0  0  0  0
  - 2.38s  --------    0  Y   Y  1.00  0.71 1.00 -  |   457.1    456.1  0.00 | -1.0  0.0 0   0   0  0  0  0
  - 2.26s  --------    0  Y   Y  1.00  0.83 1.00 -  |   457.0    456.4  0.00 | -1.0  0.0 0   0   0  0  0  0
  - 2.14s  --------    0  Y   Y  1.00  0.95 1.00 -  |   456.9    456.6  0.00 | -1.0  0.0 0   0   0  0  0  0
  - 2.02s  --------    0  Y   Y  1.00  1.07 1.00 -  |   456.8    456.8  0.00 |  1.0  0.0 0   0   0  0  0  0
  - 1.90s  --------    0  Y   Y  1.00  1.19 1.00 -  |   456.9    456.7  0.00 |  1.0  0.0 0   0   0  0  0  0
  - 1.80s  --------    0  Y   Y  1.00  1.29 1.00 -  |   457.0    456.5  0.00 |  1.0  0.0 0   0   0  0  0  0
  - 1.69s  --------    0  Y   Y  1.00  1.40 1.00 -  |   457.1    456.3  0.00 |  1.0  0.0 0   0   0  0  0  0
  - 1.59s  --------    0  Y   Y  1.00  1.50 1.00 -  |   457.2    456.1  0.00 |  1.0  0.0 0   0   0  0  0  0
  - 1.49s  --------    0  Y   Y  1.00  1.60 1.00 -  |   457.2    455.9  0.00 |  1.0  0.0 0   0   0  0  0  0
  - 1.39s  --------    0  Y   Y  1.00  1.70 1.00 -  |   457.3    455.7  0.00 |  1.0  0.0 0   0   0  0  0  0
  - 1.28s  --------    0  Y   Y  1.00  1.81 1.00 -  |   457.4    455.5  0.00 |  1.0  0.0 0   0   0  0  0  0
  - 1.17s  --------    0  Y   Y  1.00  1.93 1.00 -  |   457.4    455.5  0.00 | -1.0  0.0 0   0   0  0  0  0
  - 1.06s  --------    0  Y   Y  1.00  2.03 1.00 -  |   457.3    455.7  0.00 | -1.0  0.0 0   0   0  0  0  0
  - 0.96s  --------    0  Y   Y  1.00  2.14 1.00 -  |   457.3    455.9  0.00 | -1.0  0.0 0   0   0  0  0  0
  - 0.84s  --------    0  Y   Y  1.00  2.25 1.00 -  |   457.2    456.1  0.00 | -1.0  0.0 0   0   0  0  0  0
  - 0.74s  --------    0  Y   Y  1.00  2.35 1.00 -  |   457.1    456.3  0.00 | -1.0  0.0 0   0   0  0  0  0
  - 0.64s  --------    0  Y   Y  1.00  2.45 1.00 -  |   457.0    456.5  0.00 | -1.0  0.0 0   0   0  0  0  0
  - 0.52s  --------    0  Y   Y  1.00  2.57 1.00 -  |   456.9    456.7  0.00 | -1.0  0.0 0   0   0  0  0  0
  - 0.42s  --------    0  Y   Y  1.00  2.68 1.00 -  |   456.8    456.9  0.00 |  0.0 -1.0 0   0   0  0  0  0
  - 0.30s  --------    0  Y   Y  1.00  2.79 1.00 -  |   456.6    457.0  0.00 |  0.0 -1.0 0   0   0  0  0  0
  - 0.20s  --------    0  Y   Y  1.00  2.89 1.00 -  |   456.4    457.0  0.00 |  0.0 -1.0 0   0   0  0  0  0
  - 0.08s  --------    0  Y   Y  1.00  3.01 1.00 -  |   456.2    456.9  0.00 |  0.0 -1.0 0   0   0  0  0  0
=========================================================== END

[  1731   34.250 x1.00] LOG  [OniBoss] Chase → Attack
[  1731   34.250 x1.00] LOG  [OniBoss] Attack: Club_Swing (16 dmg)
[  1731   34.250 x1.00] LOG  [OniBoss:Trail] Club_Swing trail START at clip 0.62 (transition done).
[  1732   34.270 x1.00] LOG  [OniBoss:Layer] step-in: 'Club_Swing' closed 0.03m, Yoru now 3.0m away (range 3.5)
[  1733   34.291 x1.00] LOG  [OniBoss:Layer] step-in: 'Club_Swing' closed 0.05m, Yoru now 3.0m away (range 3.5)
[  1734   34.311 x1.00] LOG  [OniBoss:Layer] step-in: 'Club_Swing' closed 0.07m, Yoru now 3.0m away (range 3.5)
[  1735   34.330 x1.00] LOG  [OniBoss:Layer] step-in: 'Club_Swing' closed 0.10m, Yoru now 3.0m away (range 3.5)
[  1736   34.352 x1.00] LOG  [OniBoss:Layer] step-in: 'Club_Swing' closed 0.13m, Yoru now 3.0m away (range 3.5)
[  1737   34.371 x1.00] LOG  [OniBoss:Layer] step-in: 'Club_Swing' closed 0.18m, Yoru now 3.0m away (range 3.5)
[  1738   34.390 x1.00] LOG  [OniBoss:Layer] step-in: 'Club_Swing' closed 0.22m, Yoru now 3.0m away (range 3.5)
[  1739   34.410 x1.00] LOG  [OniBoss:Layer] step-in: 'Club_Swing' closed 0.27m, Yoru now 3.0m away (range 3.5)
[  1740   34.430 x1.00] LOG  [OniBoss:Layer] step-in: 'Club_Swing' closed 0.33m, Yoru now 3.0m away (range 3.5)
[  1741   34.451 x1.00] LOG  🐾 4-LEG JUMP #0
[  1741   34.451 x1.00] LOG  🐾 Jump 1 VFX spawned!
[  1741   34.451 x1.00] LOG  [OniBoss:Layer] step-in: 'Club_Swing' closed 0.39m, Yoru now 3.0m away (range 3.5)
[  1742   34.470 x1.00] LOG  [OniBoss:Layer] step-in: 'Club_Swing' closed 0.46m, Yoru now 3.0m away (range 3.5)
[  1743   34.490 x1.00] LOG  [OniBoss:Layer] step-in: 'Club_Swing' closed 0.51m, Yoru now 3.0m away (range 3.5)
[  1744   34.512 x1.00] LOG  [OniBoss:Layer] step-in: 'Club_Swing' closed 0.56m, Yoru now 3.0m away (range 3.5)
[  1759   34.796 x1.00] LOG  [ComboTrace] LAUNCH OniBoss at 2.4m dist=2.44m in 0.24s [AIRBORNE]
[  1759   34.796 x1.00] LOG  [Combat] Aerial spin — 25 dmg
[  1759   34.796 x1.00] LOG  [AirPosePin] engaged, holding body at 1.021m above the transform
[  1767   34.951 x1.00] LOG  OniBoss took 10 damage. HP: 450/500
[  1767   34.951 x1.00] LOG  [OniBoss] 🤕 Hit during Attack — flash only
[  1767   34.951 x1.00] LOG  [CameraGameFeel] Shake: intensity=0.15 duration=0.150s
[  1767   34.951 x1.00] LOG  [CameraGameFeel] FOV punch: hit light (+1.5°)
[  1772   35.050 x1.00] LOG  [CameraGameFeel] Shake: intensity=0.20 duration=0.250s
[  1772   35.050 x1.00] LOG  [Combat] Hit react: HitReact_Light_2Leg (0.5s)
[  1772   35.050 x1.00] LOG  [HitReactTrace] asked for 'HitReact_Light_2Leg' (0.50s) — blend resolved after 0 ms, now playing a clip 0.79s long at speed 0.80, layer weight 1.00, animator.speed 1.00.
[  1772   35.050 x1.00] LOG  [CameraGameFeel] Shake: intensity=0.09 duration=0.150s
[  1772   35.050 x1.00] LOG  [CameraGameFeel] FOV punch: player damage (-2.0°)
[  1772   35.050 x1.00] LOG  [OniBoss] Hit player for 16 (Club_Swing)
[  1772   35.050 x1.00] LOG  [OniBoss:ClubPos] Club_Swing at strike: club tip 0.96m up, 1.04m in front, -1.16m to his right (1.56m out from his centre). Club faces -77deg from his forward, pitch -0.27. (the wave is not anchored here any more — it is born 0.3m in front of him at 0.8m.)
[  1772   35.050 x1.00] LOG  [OniBoss:Layer] swing wave born 0.3m in front of him, 3m/s x 12.0m = 4.00s of flight, visual lives 2.0s, threatens out to 12.3m — carrying 8 damage (the club also reached her at 2.4m).
[  1778   35.170 x1.00] LOG  [OniBoss] Attack → Recovery
[  1778   35.170 x1.00] LOG  [OniBoss] Playing animation: Watch
[  1778   35.170 x1.00] LOG  [OniBoss:Trail] trail END at clip 1.00, fading over 0.40s.
[  1778   35.170 x1.00] LOG  [OniBoss:Strike] Club_Swing: club tip closest to Yoru at 1.70m, clip position 0.84 | damage fires at 0.85 | clip 0.84s => MATCHED (within one or two frames)
[  1786   35.330 x1.00] LOG  [OniBoss] Recovery → Chase
[  1787   35.352 x1.00] LOG  [OniBoss] hold-ground: BACKSTEP 1.5m (player 3.7m)
[  1789   35.390 x1.00] LOG  💨 Landing VFX spawned!
[  1789   35.390 x1.00] LOG  [AirPosePin] released, peak correction was 0.381m
[  1797   35.551 x1.00] LOG  ✅ LANDED! (was jump #0)
[  1802   35.651 x1.00] LOG  [OniBoss] hold-ground: backstep done (0.48m), WATCH (player 4.4m, cooldown 2.7s)
[  1802   35.651 x1.00] LOG  [OniBoss] Playing animation: Watch
[  1812   35.844 x1.00] LOG  [OniBoss] Playing animation: run
[  1865   36.870 x1.00] LOG  [OniBoss] Playing animation: Watch
[  1898   37.513 x1.00] LOG  [OniBoss] Playing animation: run
[  1905   37.652 x1.00] LOG  
==================== [FREEZE-DEBUG v3] ====================
  Reason : WASD-NOMOVE: WASD recent + speed 0.00m/s for 0.41s
  Time   : 33.807s   Frame: 1905   Snaps: 60
===========================================================

--- CURRENT STATE ---
  Flags: atk=False hvy=False dod=False dsh=False
         grd=False hit=False aerial=False lockPos=False
         comboStep=0
  Anim : speed=1.00  combatLayer hash=-792875657 normT=2.080 weight=1.00 inTransition=False
  CC   : grounded=True  enabled=True  pos=(458.69, -0.02, 446.69)  vel=(0.00, 0.00, 0.00)
  Move : IsRunning=False
  Input: H=1.00 V=0.00  LMB=False MMB=False Q=False Sp=False Sh=False C=False
         WASD pressed in last 0.5s: True (last 0.00s ago)

--- FLIGHT RECORDER (60 snapshots, oldest first, dt=0.10s) ---
  Legend: flags = A(tk) H(vy) D(od) S(sh) G(rd) R(eact) Y(aerial) L(ock)   gnd/cc: Y/n
  t-now    flags     step gnd cc anSp normT layW tr | posX     posZ     spd   | H    V    LMB MMB Q  Sp Sh C
  ------   --------  ---- --- -- ---- ----- ---- -- | -----    -----    ----  | ---- ---- --- --- -- -- -- -
  - 6.62s  --------    0  Y   Y  1.00  0.71 1.00 -  |   457.1    456.1  0.00 | -1.0  0.0 0   0   0  0  0  0
  - 6.50s  --------    0  Y   Y  1.00  0.83 1.00 -  |   457.0    456.4  0.00 | -1.0  0.0 0   0   0  0  0  0
  - 6.38s  --------    0  Y   Y  1.00  0.95 1.00 -  |   456.9    456.6  0.00 | -1.0  0.0 0   0   0  0  0  0
  - 6.26s  --------    0  Y   Y  1.00  1.07 1.00 -  |   456.8    456.8  0.00 |  1.0  0.0 0   0   0  0  0  0
  - 6.14s  --------    0  Y   Y  1.00  1.19 1.00 -  |   456.9    456.7  0.00 |  1.0  0.0 0   0   0  0  0  0
  - 6.04s  --------    0  Y   Y  1.00  1.29 1.00 -  |   457.0    456.5  0.00 |  1.0  0.0 0   0   0  0  0  0
  - 5.93s  --------    0  Y   Y  1.00  1.40 1.00 -  |   457.1    456.3  0.00 |  1.0  0.0 0   0   0  0  0  0
  - 5.83s  --------    0  Y   Y  1.00  1.50 1.00 -  |   457.2    456.1  0.00 |  1.0  0.0 0   0   0  0  0  0
  - 5.73s  --------    0  Y   Y  1.00  1.60 1.00 -  |   457.2    455.9  0.00 |  1.0  0.0 0   0   0  0  0  0
  - 5.63s  --------    0  Y   Y  1.00  1.70 1.00 -  |   457.3    455.7  0.00 |  1.0  0.0 0   0   0  0  0  0
  - 5.52s  --------    0  Y   Y  1.00  1.81 1.00 -  |   457.4    455.5  0.00 |  1.0  0.0 0   0   0  0  0  0
  - 5.41s  --------    0  Y   Y  1.00  1.93 1.00 -  |   457.4    455.5  0.00 | -1.0  0.0 0   0   0  0  0  0
  - 5.30s  --------    0  Y   Y  1.00  2.03 1.00 -  |   457.3    455.7  0.00 | -1.0  0.0 0   0   0  0  0  0
  - 5.20s  --------    0  Y   Y  1.00  2.14 1.00 -  |   457.3    455.9  0.00 | -1.0  0.0 0   0   0  0  0  0
  - 5.08s  --------    0  Y   Y  1.00  2.25 1.00 -  |   457.2    456.1  0.00 | -1.0  0.0 0   0   0  0  0  0
  - 4.98s  --------    0  Y   Y  1.00  2.35 1.00 -  |   457.1    456.3  0.00 | -1.0  0.0 0   0   0  0  0  0
  - 4.88s  --------    0  Y   Y  1.00  2.45 1.00 -  |   457.0    456.5  0.00 | -1.0  0.0 0   0   0  0  0  0
  - 4.76s  --------    0  Y   Y  1.00  2.57 1.00 -  |   456.9    456.7  0.00 | -1.0  0.0 0   0   0  0  0  0
  - 4.66s  --------    0  Y   Y  1.00  2.68 1.00 -  |   456.8    456.9  0.00 |  0.0 -1.0 0   0   0  0  0  0
  - 4.54s  --------    0  Y   Y  1.00  2.79 1.00 -  |   456.6    457.0  0.00 |  0.0 -1.0 0   0   0  0  0  0
  - 4.44s  --------    0  Y   Y  1.00  2.89 1.00 -  |   456.4    457.0  0.00 |  0.0 -1.0 0   0   0  0  0  0
  - 4.32s  --------    0  Y   Y  1.00  3.01 1.00 -  |   456.2    456.9  0.00 |  0.0 -1.0 0   0   0  0  0  0
  - 4.22s  --------    0  Y   Y  1.00  3.11 1.00 -  |   456.0    456.8  0.00 |  0.0 -1.0 0   0   0  0  0  0
  - 4.10s  --------    0  Y   Y  1.00  3.23 1.00 -  |   455.8    456.7  0.00 |  0.0 -1.0 0   0   0  0  0  0
  - 4.00s  --------    0  Y   Y  1.00  3.33 1.00 -  |   455.5    456.6  0.00 |  0.0 -1.0 0   0   0  0  1  0
  - 3.89s  --------    0  Y   Y  1.00  3.44 1.00 -  |   454.9    456.3  0.00 |  1.0 -1.0 0   0   0  0  1  0
  - 3.78s  --------    0  Y   Y  1.00  3.55 1.00 -  |   454.3    455.7  0.00 |  1.0 -1.0 0   0   0  0  1  0
  - 3.68s  --------    0  Y   Y  1.00  3.65 1.00 -  |   453.9    455.1  0.00 |  1.0  0.0 0   0   0  0  1  0
  - 3.56s  --------    0  Y   Y  1.00  3.77 1.00 -  |   453.8    454.3  0.00 |  1.0  0.0 0   0   0  0  1  0
  - 3.44s  --------    0  Y   Y  1.00  3.89 1.00 -  |   453.9    453.5  0.00 |  1.0  0.0 0   0   0  0  1  0
  - 3.32s  --------    0  Y   Y  1.00  4.01 1.00 -  |   454.2    452.7  0.00 |  1.0  0.0 0   0   0  0  1  0
  - 3.20s  --------    0  Y   Y  1.00  4.13 1.00 -  |   454.6    451.9  0.00 |  1.0  0.0 0   0   0  1  1  0
  - 3.08s  --------    0  n   Y  1.00  4.25 1.00 -  |   454.8    451.4  0.00 |  1.0  0.0 0   0   0  1  1  0
  - 2.96s  --------    0  n   Y  1.00  4.37 1.00 -  |   455.0    451.0  0.00 |  1.0  0.0 1   0   0  0  1  0
  - 2.86s  A-----Y-    3  n   Y  1.00  4.48 1.00 -  |   455.3    450.8  19.33 |  0.0  0.0 0   0   0  0  1  0
  - 2.74s  A-----Y-    3  n   Y  1.00  0.12 1.00 -  |   455.9    451.6  0.00 |  0.0  0.0 1   0   0  1  1  0
  - 2.62s  A-----Y-    3  n   Y  1.00  0.20 1.00 -  |   456.3    451.8  0.00 |  0.0  0.0 0   0   0  1  1  0
  - 2.52s  -----R--    0  n   Y  1.00  0.05 1.00 -  |   456.5    451.4  0.00 |  0.0  0.0 1   0   0  1  1  0
  - 2.40s  -----R--    0  n   Y  1.00  0.15 1.00 -  |   456.8    450.9  0.00 |  0.0  0.0 0   0   0  1  1  0
  - 2.30s  -----R--    0  n   Y  1.00  0.23 1.00 -  |   456.9    450.5  0.00 |  0.0  0.0 0   0   0  0  1  0
  - 2.18s  -----R--    0  Y   Y  1.00  0.33 1.00 -  |   457.0    450.4  0.00 |  0.0  0.0 0   0   0  0  0  0
  - 2.08s  --------    0  Y   Y  1.00  0.41 1.00 T  |   457.0    450.4  0.00 |  0.0  0.0 0   0   0  0  0  0
  - 1.96s  --------    0  Y   Y  1.00  0.12 1.00 -  |   457.1    450.3  0.00 |  1.0  0.0 0   0   0  0  0  0
  - 1.84s  --------    0  Y   Y  1.00  0.24 1.00 -  |   457.2    450.0  0.00 |  1.0  0.0 0   0   0  0  0  0
  - 1.74s  --------    0  Y   Y  1.00  0.35 1.00 -  |   457.2    449.9  0.00 |  1.0  0.0 0   0   0  0  0  0
  - 1.62s  --------    0  Y   Y  1.00  0.46 1.00 -  |   457.3    449.6  0.00 |  1.0  0.0 0   0   0  0  0  0
  - 1.52s  --------    0  Y   Y  1.00  0.56 1.00 -  |   457.4    449.5  0.00 |  1.0  0.0 0   0   0  0  0  0
  - 1.40s  --------    0  Y   Y  1.00  0.68 1.00 -  |   457.5    449.2  0.00 |  1.0  0.0 0   0   0  0  0  0
  - 1.30s  --------    0  Y   Y  1.00  0.78 1.00 -  |   457.6    449.1  0.00 |  1.0  0.0 0   0   0  0  0  0
  - 1.18s  --------    0  Y   Y  1.00  0.90 1.00 -  |   457.7    448.8  0.00 |  1.0  0.0 0   0   0  0  0  0
  - 1.08s  --------    0  Y   Y  1.00  1.00 1.00 -  |   457.8    448.7  0.00 |  1.0  0.0 0   0   0  0  0  0
  - 0.96s  --------    0  Y   Y  1.00  1.12 1.00 -  |   457.9    448.5  0.00 |  1.0  0.0 0   0   0  0  0  0
  - 0.85s  --------    0  Y   Y  1.00  1.23 1.00 -  |   458.0    448.3  0.00 |  1.0  0.0 0   0   0  0  0  0
  - 0.74s  --------    0  Y   Y  1.00  1.34 1.00 -  |   458.1    448.0  0.00 |  1.0  0.0 0   0   0  0  0  0
  - 0.64s  --------    0  Y   Y  1.00  1.44 1.00 -  |   458.2    447.9  0.00 |  1.0  0.0 0   0   0  0  0  0
  - 0.53s  --------    0  Y   Y  1.00  1.55 1.00 -  |   458.2    447.7  0.00 |  1.0  0.0 0   0   0  0  0  0
  - 0.41s  --------    0  Y   Y  1.00  1.67 1.00 -  |   458.3    447.5  0.00 |  1.0  0.0 0   0   0  0  0  0
  - 0.29s  --------    0  Y   Y  1.00  1.79 1.00 -  |   458.4    447.2  0.00 |  1.0  0.0 0   0   0  0  0  0
  - 0.17s  --------    0  Y   Y  1.00  1.91 1.00 -  |   458.5    447.0  0.00 |  1.0  0.0 0   0   0  0  0  0
  - 0.06s  --------    0  Y   Y  1.00  2.02 1.00 -  |   458.6    446.8  0.00 |  1.0  0.0 0   0   0  0  0  0
=========================================================== END

[  1941   38.342 x1.00] LOG  [OniBoss] Pull-band decision: RUN-IN (dist 4.0m, pullRange 0m, chance 0.50)
[  1951   38.541 x1.00] LOG  [OniBoss] Playing animation: Watch
[  1951   38.541 x1.00] LOG  [OniBoss] Chase → Attack
[  1951   38.541 x1.00] LOG  [OniBoss] Attack: Club_Swing (16 dmg)
[  1951   38.541 x1.00] LOG  [OniBoss:Trail] Club_Swing trail START at clip 1.00 (transition done).
[  1951   38.541 x1.00] LOG  [OniBoss:ClubPos] Club_Swing at strike: club tip 0.44m up, -1.58m in front, 2.17m to his right (2.69m out from his centre). Club faces 104deg from his forward, pitch -0.77. (the wave is not anchored here any more — it is born 0.3m in front of him at 0.8m.)
[  1951   38.541 x1.00] LOG  [OniBoss:Layer] swing wave born 0.3m in front of him, 3m/s x 12.0m = 4.00s of flight, visual lives 2.0s, threatens out to 12.3m — carrying 8 damage (the club also reached her at 3.5m).
[  1960   38.711 x1.00] LOG  [OniBoss:Layer] step-in: 'Club_Swing' closed 0.83m, Yoru now 3.0m away (range 3.5)
[  1961   38.732 x1.00] LOG  [OniBoss:Layer] step-in: 'Club_Swing' closed 0.87m, Yoru now 3.0m away (range 3.5)
[  1962   38.749 x1.00] LOG  [OniBoss:Layer] step-in: 'Club_Swing' closed 0.91m, Yoru now 3.0m away (range 3.5)
[  1963   38.771 x1.00] LOG  [OniBoss:Layer] step-in: 'Club_Swing' closed 0.95m, Yoru now 3.0m away (range 3.5)
[  1964   38.790 x1.00] LOG  [OniBoss:Layer] step-in: 'Club_Swing' closed 0.99m, Yoru now 3.0m away (range 3.5)
[  1990   39.291 x1.00] LOG  [CameraGameFeel] Shake: intensity=0.20 duration=0.250s
[  1990   39.291 x1.00] LOG  [OniBoss] Attack missed, player out of range (4.0m > 3.5m)
[  1995   39.391 x1.00] LOG  [OniBoss] Attack → Recovery
[  1995   39.391 x1.00] LOG  [OniBoss] Playing animation: Watch
[  1995   39.391 x1.00] LOG  [OniBoss:Trail] trail END at clip 0.99, fading over 0.40s.
[  1995   39.391 x1.00] LOG  [OniBoss:Strike] Club_Swing: club tip closest to Yoru at 2.56m, clip position 0.92 | damage fires at 0.85 | clip 0.84s => damage fires 58 ms BEFORE the club is closest
[  2003   39.551 x1.00] LOG  [OniBoss] Recovery → Chase
[  2004   39.571 x1.00] LOG  [OniBoss] hold-ground: BACKSTEP 1.5m (player 4.6m)
[  2004   39.571 x1.00] LOG  [OniBoss] hold-ground: backstep done (0.00m), WATCH (player 4.6m, cooldown 3.0s)
[  2009   39.671 x1.00] LOG  [OniBoss] Playing animation: run
[  2054   40.542 x1.00] LOG  [Combat] Hit react: HitReact_Light_2Leg (0.5s)
[  2054   40.542 x1.00] LOG  [HitReactTrace] asked for 'HitReact_Light_2Leg' (0.50s) — blend resolved after 0 ms, now playing a clip 1.00s long at speed 1.00, layer weight 1.00, animator.speed 1.00.
[  2054   40.542 x1.00] LOG  [CameraGameFeel] Shake: intensity=0.09 duration=0.150s
[  2054   40.542 x1.00] LOG  [CameraGameFeel] FOV punch: player damage (-2.0°)
[  2054   40.542 x1.00] LOG  [OniBoss:Wave] wave reached Yoru for 8 after 6.0m of travel.
[  2059   40.642 x1.00] LOG  [OniBoss] Playing animation: Watch
[  2117   41.669 x1.00] LOG  [OniBoss] Playing animation: run
[  2122   41.753 x1.00] LOG  
==================== [FREEZE-DEBUG v3] ====================
  Reason : WASD-NOMOVE: WASD recent + speed 0.00m/s for 0.40s
  Time   : 37.908s   Frame: 2122   Snaps: 60
===========================================================

--- CURRENT STATE ---
  Flags: atk=False hvy=False dod=False dsh=False
         grd=False hit=False aerial=False lockPos=False
         comboStep=0
  Anim : speed=1.00  combatLayer hash=-792875657 normT=0.689 weight=1.00 inTransition=False
  CC   : grounded=True  enabled=True  pos=(461.69, 0.11, 440.10)  vel=(0.00, 0.00, 0.00)
  Move : IsRunning=False
  Input: H=1.00 V=0.00  LMB=False MMB=False Q=False Sp=False Sh=False C=False
         WASD pressed in last 0.5s: True (last 0.00s ago)

--- FLIGHT RECORDER (60 snapshots, oldest first, dt=0.10s) ---
  Legend: flags = A(tk) H(vy) D(od) S(sh) G(rd) R(eact) Y(aerial) L(ock)   gnd/cc: Y/n
  t-now    flags     step gnd cc anSp normT layW tr | posX     posZ     spd   | H    V    LMB MMB Q  Sp Sh C
  ------   --------  ---- --- -- ---- ----- ---- -- | -----    -----    ----  | ---- ---- --- --- -- -- -- -
  - 6.62s  -----R--    0  n   Y  1.00  0.05 1.00 -  |   456.5    451.4  0.00 |  0.0  0.0 1   0   0  1  1  0
  - 6.50s  -----R--    0  n   Y  1.00  0.15 1.00 -  |   456.8    450.9  0.00 |  0.0  0.0 0   0   0  1  1  0
  - 6.40s  -----R--    0  n   Y  1.00  0.23 1.00 -  |   456.9    450.5  0.00 |  0.0  0.0 0   0   0  0  1  0
  - 6.28s  -----R--    0  Y   Y  1.00  0.33 1.00 -  |   457.0    450.4  0.00 |  0.0  0.0 0   0   0  0  0  0
  - 6.18s  --------    0  Y   Y  1.00  0.41 1.00 T  |   457.0    450.4  0.00 |  0.0  0.0 0   0   0  0  0  0
  - 6.06s  --------    0  Y   Y  1.00  0.12 1.00 -  |   457.1    450.3  0.00 |  1.0  0.0 0   0   0  0  0  0
  - 5.94s  --------    0  Y   Y  1.00  0.24 1.00 -  |   457.2    450.0  0.00 |  1.0  0.0 0   0   0  0  0  0
  - 5.84s  --------    0  Y   Y  1.00  0.35 1.00 -  |   457.2    449.9  0.00 |  1.0  0.0 0   0   0  0  0  0
  - 5.72s  --------    0  Y   Y  1.00  0.46 1.00 -  |   457.3    449.6  0.00 |  1.0  0.0 0   0   0  0  0  0
  - 5.62s  --------    0  Y   Y  1.00  0.56 1.00 -  |   457.4    449.5  0.00 |  1.0  0.0 0   0   0  0  0  0
  - 5.50s  --------    0  Y   Y  1.00  0.68 1.00 -  |   457.5    449.2  0.00 |  1.0  0.0 0   0   0  0  0  0
  - 5.40s  --------    0  Y   Y  1.00  0.78 1.00 -  |   457.6    449.1  0.00 |  1.0  0.0 0   0   0  0  0  0
  - 5.28s  --------    0  Y   Y  1.00  0.90 1.00 -  |   457.7    448.8  0.00 |  1.0  0.0 0   0   0  0  0  0
  - 5.18s  --------    0  Y   Y  1.00  1.00 1.00 -  |   457.8    448.7  0.00 |  1.0  0.0 0   0   0  0  0  0
  - 5.07s  --------    0  Y   Y  1.00  1.12 1.00 -  |   457.9    448.5  0.00 |  1.0  0.0 0   0   0  0  0  0
  - 4.95s  --------    0  Y   Y  1.00  1.23 1.00 -  |   458.0    448.3  0.00 |  1.0  0.0 0   0   0  0  0  0
  - 4.84s  --------    0  Y   Y  1.00  1.34 1.00 -  |   458.1    448.0  0.00 |  1.0  0.0 0   0   0  0  0  0
  - 4.74s  --------    0  Y   Y  1.00  1.44 1.00 -  |   458.2    447.9  0.00 |  1.0  0.0 0   0   0  0  0  0
  - 4.63s  --------    0  Y   Y  1.00  1.55 1.00 -  |   458.2    447.7  0.00 |  1.0  0.0 0   0   0  0  0  0
  - 4.51s  --------    0  Y   Y  1.00  1.67 1.00 -  |   458.3    447.5  0.00 |  1.0  0.0 0   0   0  0  0  0
  - 4.39s  --------    0  Y   Y  1.00  1.79 1.00 -  |   458.4    447.2  0.00 |  1.0  0.0 0   0   0  0  0  0
  - 4.28s  --------    0  Y   Y  1.00  1.91 1.00 -  |   458.5    447.0  0.00 |  1.0  0.0 0   0   0  0  0  0
  - 4.16s  --------    0  Y   Y  1.00  2.02 1.00 -  |   458.6    446.8  0.00 |  1.0  0.0 0   0   0  0  0  0
  - 4.04s  --------    0  Y   Y  1.00  2.14 1.00 -  |   458.7    446.6  0.00 |  1.0  0.0 0   0   0  0  0  0
  - 3.93s  --------    0  Y   Y  1.00  2.25 1.00 -  |   458.8    446.4  0.00 |  1.0  0.0 0   0   0  0  0  0
  - 3.82s  --------    0  Y   Y  1.00  2.36 1.00 -  |   458.9    446.2  0.00 |  1.0  0.0 0   0   0  0  0  0
  - 3.70s  --------    0  Y   Y  1.00  2.48 1.00 -  |   459.0    446.0  0.00 |  1.0  0.0 0   0   0  0  0  0
  - 3.59s  --------    0  Y   Y  1.00  2.59 1.00 -  |   459.1    445.8  0.00 |  1.0  0.0 0   0   0  0  0  0
  - 3.47s  --------    0  Y   Y  1.00  2.71 1.00 -  |   459.2    445.6  0.00 |  1.0  0.0 0   0   0  0  0  0
  - 3.35s  --------    0  Y   Y  1.00  2.83 1.00 -  |   459.3    445.3  0.00 |  1.0  0.0 0   0   0  0  0  0
  - 3.25s  --------    0  Y   Y  1.00  2.93 1.00 -  |   459.4    445.2  0.00 |  1.0  0.0 0   0   0  0  0  0
  - 3.15s  --------    0  Y   Y  1.00  3.03 1.00 -  |   459.5    445.0  0.00 |  1.0  0.0 0   0   0  0  0  0
  - 3.04s  --------    0  Y   Y  1.00  3.14 1.00 -  |   459.6    444.8  0.00 |  1.0  0.0 0   0   0  0  0  0
  - 2.93s  --------    0  Y   Y  1.00  3.25 1.00 -  |   459.7    444.6  0.00 |  1.0  0.0 0   0   0  0  0  0
  - 2.82s  --------    0  Y   Y  1.00  3.36 1.00 -  |   459.8    444.4  0.00 |  1.0  0.0 0   0   0  0  0  0
  - 2.70s  --------    0  Y   Y  1.00  3.48 1.00 -  |   459.9    444.1  0.00 |  1.0  0.0 0   0   0  0  0  0
  - 2.58s  --------    0  Y   Y  1.00  3.60 1.00 -  |   460.0    443.9  0.00 |  1.0  0.0 0   0   0  0  0  0
  - 2.48s  --------    0  Y   Y  1.00  3.70 1.00 -  |   460.0    443.7  0.00 |  1.0  0.0 0   0   0  0  0  0
  - 2.36s  --------    0  Y   Y  1.00  3.82 1.00 -  |   460.1    443.5  0.00 |  1.0  0.0 0   0   0  0  0  0
  - 2.24s  --------    0  Y   Y  1.00  3.94 1.00 -  |   460.2    443.3  0.00 |  1.0  0.0 0   0   0  0  0  0
  - 2.14s  --------    0  Y   Y  1.00  4.04 1.00 -  |   460.3    443.1  0.00 |  1.0  0.0 0   0   0  0  0  0
  - 2.03s  --------    0  Y   Y  1.00  4.15 1.00 -  |   460.4    442.9  0.00 |  1.0  0.0 0   0   0  0  0  0
  - 1.92s  --------    0  Y   Y  1.00  4.26 1.00 -  |   460.5    442.7  0.00 |  1.0  0.0 0   0   0  0  0  0
  - 1.81s  --------    0  Y   Y  1.00  4.37 1.00 -  |   460.6    442.5  0.00 |  1.0  0.0 0   0   0  0  0  0
  - 1.69s  --------    0  Y   Y  1.00  4.49 1.00 -  |   460.7    442.3  0.00 |  1.0  0.0 0   0   0  0  0  0
  - 1.59s  --------    0  Y   Y  1.00  4.59 1.00 -  |   460.8    442.1  0.00 |  1.0  0.0 0   0   0  0  0  0
  - 1.47s  --------    0  Y   Y  1.00  4.71 1.00 -  |   460.9    441.9  0.00 |  1.0  0.0 0   0   0  0  0  0
  - 1.35s  --------    0  Y   Y  1.00  4.83 1.00 -  |   461.0    441.7  0.00 |  1.0  0.0 0   0   0  0  0  0
  - 1.23s  --------    0  Y   Y  1.00  4.95 1.00 -  |   461.1    441.5  0.00 |  1.0  0.0 0   0   0  0  0  0
  - 1.11s  -----R--    0  Y   Y  1.00  0.07 1.00 -  |   461.1    441.4  0.00 |  1.0  0.0 0   0   0  0  0  0
  - 1.01s  -----R--    0  Y   Y  1.00  0.16 1.00 -  |   461.1    441.4  0.00 |  1.0  0.0 0   0   0  0  0  0
  - 0.90s  -----R--    0  Y   Y  1.00  0.25 1.00 -  |   461.1    441.4  0.00 |  1.0  0.0 0   0   0  0  0  0
  - 0.79s  -----R--    0  Y   Y  1.00  0.34 1.00 -  |   461.1    441.4  0.00 |  1.0  0.0 0   0   0  0  0  0
  - 0.67s  --------    0  Y   Y  1.00  0.43 1.00 T  |   461.1    441.3  0.00 |  1.0  0.0 0   0   0  0  0  0
  - 0.56s  --------    0  Y   Y  1.00  0.13 1.00 -  |   461.2    441.1  0.00 |  1.0  0.0 0   0   0  0  0  0
  - 0.46s  --------    0  Y   Y  1.00  0.23 1.00 -  |   461.3    440.9  0.00 |  1.0  0.0 0   0   0  0  0  0
  - 0.34s  --------    0  Y   Y  1.00  0.35 1.00 -  |   461.4    440.7  0.00 |  1.0  0.0 0   0   0  0  0  0
  - 0.24s  --------    0  Y   Y  1.00  0.45 1.00 -  |   461.5    440.5  0.00 |  1.0  0.0 0   0   0  0  0  0
  - 0.14s  --------    0  Y   Y  1.00  0.55 1.00 -  |   461.6    440.4  0.00 |  1.0  0.0 0   0   0  0  0  0
  - 0.04s  --------    0  Y   Y  1.00  0.66 1.00 -  |   461.7    440.2  0.00 |  1.0  0.0 0   0   0  0  0  0
=========================================================== END

[  2129   41.885 x1.00] LOG  [StormWeather] ⚡ strike at (481.02, 45.00, 448.05)
[  2163   42.561 x1.00] LOG  [OniBoss] Pull-band decision: RUN-IN (dist 3.8m, pullRange 0m, chance 0.50)
[  2170   42.694 x1.00] LOG  [OniBoss] Playing animation: Watch
[  2170   42.694 x1.00] LOG  [OniBoss] Chase → Attack
[  2170   42.694 x1.00] LOG  [OniBoss] Attack: Club_Swing (16 dmg)
[  2170   42.694 x1.00] LOG  [OniBoss:Trail] Club_Swing trail START at clip 1.00 (transition done).
[  2170   42.694 x1.00] LOG  [OniBoss:ClubPos] Club_Swing at strike: club tip 0.43m up, -1.58m in front, 2.18m to his right (2.69m out from his centre). Club faces 104deg from his forward, pitch -0.77. (the wave is not anchored here any more — it is born 0.3m in front of him at 0.8m.)
[  2170   42.694 x1.00] LOG  [OniBoss:Layer] swing wave born 0.3m in front of him, 3m/s x 12.0m = 4.00s of flight, visual lives 2.0s, threatens out to 12.3m — carrying 8 damage (the club also reached her at 3.5m).
[  2179   42.863 x1.00] LOG  [OniBoss:Layer] step-in: 'Club_Swing' closed 0.79m, Yoru now 3.0m away (range 3.5)
[  2180   42.883 x1.00] LOG  [OniBoss:Layer] step-in: 'Club_Swing' closed 0.83m, Yoru now 3.0m away (range 3.5)
[  2181   42.904 x1.00] LOG  [OniBoss:Layer] step-in: 'Club_Swing' closed 0.87m, Yoru now 3.0m away (range 3.5)
[  2182   42.921 x1.00] LOG  [OniBoss:Layer] step-in: 'Club_Swing' closed 0.91m, Yoru now 3.0m away (range 3.5)
[  2183   42.943 x1.00] LOG  [OniBoss:Layer] step-in: 'Club_Swing' closed 0.95m, Yoru now 3.0m away (range 3.5)
[  2184   42.961 x1.00] LOG  [OniBoss:Layer] step-in: 'Club_Swing' closed 0.99m, Yoru now 3.0m away (range 3.5)
[  2208   43.442 x1.00] LOG  [CameraGameFeel] Shake: intensity=0.20 duration=0.250s
[  2208   43.442 x1.00] LOG  [OniBoss] Attack missed, player out of range (4.0m > 3.5m)
[  2214   43.562 x1.00] LOG  [OniBoss] Attack → Recovery
[  2214   43.562 x1.00] LOG  [OniBoss] Playing animation: Watch
[  2214   43.562 x1.00] LOG  [OniBoss:Trail] trail END at clip 1.00, fading over 0.40s.
[  2214   43.562 x1.00] LOG  [OniBoss:Strike] Club_Swing: club tip closest to Yoru at 2.50m, clip position 0.92 | damage fires at 0.85 | clip 0.84s => damage fires 56 ms BEFORE the club is closest
[  2222   43.712 x1.00] LOG  [OniBoss] Recovery → Chase
[  2223   43.733 x1.00] LOG  [OniBoss] hold-ground: BACKSTEP 1.5m (player 4.6m)
[  2223   43.733 x1.00] LOG  [OniBoss] hold-ground: backstep done (0.00m), WATCH (player 4.6m, cooldown 3.0s)
[  2229   43.835 x1.00] LOG  [OniBoss] Playing animation: run
[  2271   44.672 x1.00] LOG  [Combat] Hit react: HitReact_Light_2Leg (0.5s)
[  2271   44.672 x1.00] LOG  [HitReactTrace] asked for 'HitReact_Light_2Leg' (0.50s) — blend resolved after 0 ms, now playing a clip 1.00s long at speed 1.00, layer weight 1.00, animator.speed 1.00.
[  2271   44.672 x1.00] LOG  [CameraGameFeel] Shake: intensity=0.09 duration=0.150s
[  2271   44.672 x1.00] LOG  [CameraGameFeel] FOV punch: player damage (-2.0°)
[  2271   44.672 x1.00] LOG  [OniBoss:Wave] wave reached Yoru for 8 after 5.9m of travel.
[  2278   44.803 x1.00] LOG  [OniBoss] Playing animation: Watch
[  2336   45.833 x1.00] LOG  
==================== [FREEZE-DEBUG v3] ====================
  Reason : WASD-NOMOVE: WASD recent + speed 0.00m/s for 0.41s
  Time   : 41.988s   Frame: 2336   Snaps: 60
===========================================================

--- CURRENT STATE ---
  Flags: atk=False hvy=False dod=False dsh=False
         grd=False hit=False aerial=False lockPos=False
         comboStep=0
  Anim : speed=1.00  combatLayer hash=-792875657 normT=0.631 weight=1.00 inTransition=False
  CC   : grounded=True  enabled=True  pos=(464.68, 0.03, 433.55)  vel=(0.00, -0.17, 0.00)
  Move : IsRunning=False
  Input: H=1.00 V=0.00  LMB=False MMB=False Q=False Sp=False Sh=False C=False
         WASD pressed in last 0.5s: True (last 0.00s ago)

--- FLIGHT RECORDER (60 snapshots, oldest first, dt=0.10s) ---
  Legend: flags = A(tk) H(vy) D(od) S(sh) G(rd) R(eact) Y(aerial) L(ock)   gnd/cc: Y/n
  t-now    flags     step gnd cc anSp normT layW tr | posX     posZ     spd   | H    V    LMB MMB Q  Sp Sh C
  ------   --------  ---- --- -- ---- ----- ---- -- | -----    -----    ----  | ---- ---- --- --- -- -- -- -
  - 6.56s  --------    0  Y   Y  1.00  3.70 1.00 -  |   460.0    443.7  0.00 |  1.0  0.0 0   0   0  0  0  0
  - 6.44s  --------    0  Y   Y  1.00  3.82 1.00 -  |   460.1    443.5  0.00 |  1.0  0.0 0   0   0  0  0  0
  - 6.32s  --------    0  Y   Y  1.00  3.94 1.00 -  |   460.2    443.3  0.00 |  1.0  0.0 0   0   0  0  0  0
  - 6.22s  --------    0  Y   Y  1.00  4.04 1.00 -  |   460.3    443.1  0.00 |  1.0  0.0 0   0   0  0  0  0
  - 6.11s  --------    0  Y   Y  1.00  4.15 1.00 -  |   460.4    442.9  0.00 |  1.0  0.0 0   0   0  0  0  0
  - 6.00s  --------    0  Y   Y  1.00  4.26 1.00 -  |   460.5    442.7  0.00 |  1.0  0.0 0   0   0  0  0  0
  - 5.89s  --------    0  Y   Y  1.00  4.37 1.00 -  |   460.6    442.5  0.00 |  1.0  0.0 0   0   0  0  0  0
  - 5.77s  --------    0  Y   Y  1.00  4.49 1.00 -  |   460.7    442.3  0.00 |  1.0  0.0 0   0   0  0  0  0
  - 5.67s  --------    0  Y   Y  1.00  4.59 1.00 -  |   460.8    442.1  0.00 |  1.0  0.0 0   0   0  0  0  0
  - 5.55s  --------    0  Y   Y  1.00  4.71 1.00 -  |   460.9    441.9  0.00 |  1.0  0.0 0   0   0  0  0  0
  - 5.43s  --------    0  Y   Y  1.00  4.83 1.00 -  |   461.0    441.7  0.00 |  1.0  0.0 0   0   0  0  0  0
  - 5.31s  --------    0  Y   Y  1.00  4.95 1.00 -  |   461.1    441.5  0.00 |  1.0  0.0 0   0   0  0  0  0
  - 5.19s  -----R--    0  Y   Y  1.00  0.07 1.00 -  |   461.1    441.4  0.00 |  1.0  0.0 0   0   0  0  0  0
  - 5.09s  -----R--    0  Y   Y  1.00  0.16 1.00 -  |   461.1    441.4  0.00 |  1.0  0.0 0   0   0  0  0  0
  - 4.98s  -----R--    0  Y   Y  1.00  0.25 1.00 -  |   461.1    441.4  0.00 |  1.0  0.0 0   0   0  0  0  0
  - 4.87s  -----R--    0  Y   Y  1.00  0.34 1.00 -  |   461.1    441.4  0.00 |  1.0  0.0 0   0   0  0  0  0
  - 4.75s  --------    0  Y   Y  1.00  0.43 1.00 T  |   461.1    441.3  0.00 |  1.0  0.0 0   0   0  0  0  0
  - 4.64s  --------    0  Y   Y  1.00  0.13 1.00 -  |   461.2    441.1  0.00 |  1.0  0.0 0   0   0  0  0  0
  - 4.54s  --------    0  Y   Y  1.00  0.23 1.00 -  |   461.3    440.9  0.00 |  1.0  0.0 0   0   0  0  0  0
  - 4.42s  --------    0  Y   Y  1.00  0.35 1.00 -  |   461.4    440.7  0.00 |  1.0  0.0 0   0   0  0  0  0
  - 4.32s  --------    0  Y   Y  1.00  0.45 1.00 -  |   461.5    440.5  0.00 |  1.0  0.0 0   0   0  0  0  0
  - 4.22s  --------    0  Y   Y  1.00  0.55 1.00 -  |   461.6    440.4  0.00 |  1.0  0.0 0   0   0  0  0  0
  - 4.12s  --------    0  Y   Y  1.00  0.66 1.00 -  |   461.7    440.2  0.00 |  1.0  0.0 0   0   0  0  0  0
  - 4.00s  --------    0  Y   Y  1.00  0.77 1.00 -  |   461.8    440.0  0.00 |  1.0  0.0 0   0   0  0  0  0
  - 3.89s  --------    0  Y   Y  1.00  0.88 1.00 -  |   461.8    439.8  0.00 |  1.0  0.0 0   0   0  0  0  0
  - 3.77s  --------    0  Y   Y  1.00  1.00 1.00 -  |   461.9    439.6  0.00 |  1.0  0.0 0   0   0  0  0  0
  - 3.67s  --------    0  Y   Y  1.00  1.10 1.00 -  |   462.0    439.4  0.00 |  1.0  0.0 0   0   0  0  0  0
  - 3.55s  --------    0  Y   Y  1.00  1.22 1.00 -  |   462.1    439.2  0.00 |  1.0  0.0 0   0   0  0  0  0
  - 3.43s  --------    0  Y   Y  1.00  1.34 1.00 -  |   462.2    438.9  0.00 |  1.0  0.0 0   0   0  0  0  0
  - 3.33s  --------    0  Y   Y  1.00  1.44 1.00 -  |   462.3    438.8  0.00 |  1.0  0.0 0   0   0  0  0  0
  - 3.23s  --------    0  Y   Y  1.00  1.54 1.00 -  |   462.4    438.6  0.00 |  1.0  0.0 0   0   0  0  0  0
  - 3.12s  --------    0  Y   Y  1.00  1.65 1.00 -  |   462.5    438.4  0.00 |  1.0  0.0 0   0   0  0  0  0
  - 3.01s  --------    0  Y   Y  1.00  1.77 1.00 -  |   462.6    438.2  0.00 |  1.0  0.0 0   0   0  0  0  0
  - 2.89s  --------    0  Y   Y  1.00  1.88 1.00 -  |   462.7    438.0  0.00 |  1.0  0.0 0   0   0  0  0  0
  - 2.79s  --------    0  Y   Y  1.00  1.98 1.00 -  |   462.8    437.8  0.00 |  1.0  0.0 0   0   0  0  0  0
  - 2.67s  --------    0  Y   Y  1.00  2.10 1.00 -  |   462.9    437.5  0.00 |  1.0  0.0 0   0   0  0  0  0
  - 2.57s  --------    0  Y   Y  1.00  2.20 1.00 -  |   462.9    437.4  0.00 |  1.0  0.0 0   0   0  0  0  0
  - 2.47s  --------    0  Y   Y  1.00  2.30 1.00 -  |   463.0    437.2  0.00 |  1.0  0.0 0   0   0  0  0  0
  - 2.35s  --------    0  Y   Y  1.00  2.42 1.00 -  |   463.1    437.0  0.00 |  1.0  0.0 0   0   0  0  0  0
  - 2.25s  --------    0  Y   Y  1.00  2.52 1.00 -  |   463.2    436.8  0.00 |  1.0  0.0 0   0   0  0  0  0
  - 2.14s  --------    0  Y   Y  1.00  2.63 1.00 -  |   463.3    436.6  0.00 |  1.0  0.0 0   0   0  0  0  0
  - 2.03s  --------    0  Y   Y  1.00  2.74 1.00 -  |   463.4    436.4  0.00 |  1.0  0.0 0   0   0  0  0  0
  - 1.92s  --------    0  Y   Y  1.00  2.85 1.00 -  |   463.5    436.2  0.00 |  1.0  0.0 0   0   0  0  0  0
  - 1.82s  --------    0  Y   Y  1.00  2.95 1.00 -  |   463.6    436.0  0.00 |  1.0  0.0 0   0   0  0  0  0
  - 1.72s  --------    0  Y   Y  1.00  3.05 1.00 -  |   463.7    435.8  0.00 |  1.0  0.0 0   0   0  0  0  0
  - 1.60s  --------    0  Y   Y  1.00  3.17 1.00 -  |   463.8    435.6  0.00 |  1.0  0.0 0   0   0  0  0  0
  - 1.50s  --------    0  Y   Y  1.00  3.27 1.00 -  |   463.8    435.4  0.00 |  1.0  0.0 0   0   0  0  0  0
  - 1.40s  --------    0  Y   Y  1.00  3.37 1.00 -  |   463.9    435.2  0.00 |  1.0  0.0 0   0   0  0  0  0
  - 1.30s  --------    0  Y   Y  1.00  3.47 1.00 -  |   464.0    435.0  0.00 |  1.0  0.0 0   0   0  0  0  0
  - 1.18s  --------    0  Y   Y  1.00  3.59 1.00 -  |   464.1    434.8  0.00 |  1.0  0.0 0   0   0  0  0  0
  - 1.07s  -----R--    0  Y   Y  1.00  0.06 1.00 -  |   464.1    434.7  0.00 |  1.0  0.0 0   0   0  0  0  0
  - 0.96s  -----R--    0  Y   Y  1.00  0.16 1.00 -  |   464.1    434.7  0.00 |  1.0  0.0 0   0   0  0  0  0
  - 0.85s  -----R--    0  Y   Y  1.00  0.25 1.00 -  |   464.1    434.7  0.00 |  1.0  0.0 0   0   0  0  0  0
  - 0.73s  -----R--    0  Y   Y  1.00  0.34 1.00 -  |   464.1    434.7  0.00 |  1.0  0.0 0   0   0  0  0  0
  - 0.63s  --------    0  Y   Y  1.00  0.42 1.00 T  |   464.1    434.7  0.00 |  1.0  0.0 0   0   0  0  0  0
  - 0.53s  --------    0  Y   Y  1.00  0.11 1.00 -  |   464.2    434.5  0.00 |  1.0  0.0 0   0   0  0  0  0
  - 0.41s  --------    0  Y   Y  1.00  0.22 1.00 -  |   464.3    434.3  0.00 |  1.0  0.0 0   0   0  0  0  0
  - 0.29s  --------    0  Y   Y  1.00  0.34 1.00 -  |   464.4    434.1  0.00 |  1.0  0.0 0   0   0  0  0  0
  - 0.17s  --------    0  Y   Y  1.00  0.46 1.00 -  |   464.5    433.9  0.00 |  1.0  0.0 0   0   0  0  0  0
  - 0.05s  --------    0  Y   Y  1.00  0.58 1.00 -  |   464.6    433.7  0.00 |  1.0  0.0 0   0   0  0  0  0
=========================================================== END

[  2336   45.833 x1.00] LOG  [OniBoss] Playing animation: run
[  2375   46.603 x1.00] LOG  [OniBoss] Playing animation: Watch
[  2382   46.729 x1.00] LOG  [OniBoss] Chase → Attack
[  2382   46.729 x1.00] LOG  [OniBoss] Attack: KanaboSweep (15 dmg)
[  2382   46.729 x1.00] LOG  [OniBoss:Trail] KanaboSweep trail START at clip 0.95 (transition still blending).
[  2386   46.803 x1.00] LOG  [OniBoss:Layer] step-in: 'KanaboSweep' closed 0.44m, Yoru now 3.0m away (range 3.5)
[  2405   47.123 x1.00] LOG  [CameraGameFeel] Shake: intensity=0.25 duration=0.250s
[  2405   47.123 x1.00] LOG  [Combat] Hit react: HitReact_Light_2Leg (0.5s)
[  2405   47.123 x1.00] LOG  [HitReactTrace] asked for 'HitReact_Light_2Leg' (0.50s) — blend resolved after 0 ms, now playing a clip 1.00s long at speed 1.00, layer weight 1.00, animator.speed 1.00.
[  2405   47.123 x1.00] LOG  [CameraGameFeel] Shake: intensity=0.09 duration=0.150s
[  2405   47.123 x1.00] LOG  [CameraGameFeel] FOV punch: player damage (-2.0°)
[  2405   47.123 x1.00] LOG  [OniBoss] Hit player for 15 (KanaboSweep)
[  2405   47.123 x1.00] LOG  [OniBoss:ClubPos] KanaboSweep at strike: club tip 2.01m up, 5.64m in front, -1.75m to his right (5.91m out from his centre). Club faces -51deg from his forward, pitch 0.18. (the wave is not anchored here any more — it is born 0.3m in front of him at 0.8m.)
[  2405   47.123 x1.00] LOG  [OniBoss:Layer] swing wave born 0.3m in front of him, 3m/s x 12.0m = 4.00s of flight, visual lives 2.0s, threatens out to 12.3m — carrying 8 damage (the club also reached her at 3.0m).
[  2429   47.511 x1.00] LOG  [OniBoss] Attack → Recovery
[  2429   47.511 x1.00] LOG  [OniBoss] Playing animation: Watch
[  2429   47.511 x1.00] LOG  [OniBoss:Trail] trail END at clip 0.99, fading over 0.40s.
[  2429   47.511 x1.00] LOG  [OniBoss:Strike] KanaboSweep: club tip closest to Yoru at 0.54m, clip position 0.79 | damage fires at 0.48 | clip 0.77s => damage fires 243 ms BEFORE the club is closest
[  2437   47.636 x1.00] LOG  [Combat] Hit react: HitReact_Light_2Leg (0.5s)
[  2437   47.636 x1.00] LOG  [HitReactTrace] asked for 'HitReact_Light_2Leg' (0.50s) — blend resolved after 0 ms, now playing a clip 1.21s long at speed 1.00, layer weight 1.00, animator.speed 1.00.
[  2437   47.636 x1.00] LOG  [CameraGameFeel] Shake: intensity=0.09 duration=0.150s
[  2437   47.636 x1.00] LOG  [CameraGameFeel] FOV punch: player damage (-2.0°)
[  2437   47.636 x1.00] LOG  [OniBoss:Wave] wave reached Yoru for 8 after 1.5m of travel.
[  2439   47.670 x1.00] LOG  [OniBoss] Recovery → Chase
[  2440   47.685 x1.00] LOG  [OniBoss] hold-ground: BACKSTEP 1.5m (player 3.0m)
[  2448   47.831 x1.00] LOG  [StormWeather] terrain layers restored to dry values.
# end — 383 lines
