# Oni combat log — 2026-08-20 21:06:13
# Unity 6000.2.7f2 | scene 'CaveScene_Oni_Boss1' | platform OSXEditor
# columns: [frame realSeconds timeScale] KIND message      (KIND: LOG WARN ERR EXC TEL)
#
[     0    0.000 x1.00] LOG  [OniLog] console + telemetry → /Users/asenahazal/Documents/Yoru/OniLogs/oni_2026-08-20_21-06-13.log
[     1    0.000 x1.00] LOG  [TailAirShot4Leg] Ready. drawState=shoot_4Leg castParam=Shoot4LegSpeed (found) readyFrame=5 fireFrame=10 frames=24 slowBudget=3s real damageMultiplier=2.00
  arrow leaves: PlayerYoru_1.1/Cat_All_10_Tails_v4/Group/DeformationSystem/root/Root_M/Tail15_R/Tail151_R/Tail152_R/Tail153_R/Tail154_R/Tail155_R/Tail156_R/Tail157_R/Tail158_R/Tail159_R/Tail1510_R/Tail1511_R/Tail1512_R/Tail6_R/Tail6_R_end/Tail6_R_end_end/Tail6_R_end_end_end/RightTailTip_Anchor
  aim VFX left:  PlayerYoru_1.1/Cat_All_10_Tails_v4/Group/DeformationSystem/root/Root_M/Tail15_L/Tail151_L/Tail152_L/Tail153_L/Tail154_L/Tail155_L/Tail156_L/Tail157_L/Tail158_L/Tail159_L/Tail1510_L/Tail1511_L/Tail1512_L/Tail6_L/Tail6_L_end/Tail6_L_end_end/Tail6_L_end_end_end/LeftTailTip_Anchor/Glow_4Leg_L
  aim VFX right: PlayerYoru_1.1/Cat_All_10_Tails_v4/Group/DeformationSystem/root/Root_M/Tail15_R/Tail151_R/Tail152_R/Tail153_R/Tail154_R/Tail155_R/Tail156_R/Tail157_R/Tail158_R/Tail159_R/Tail1510_R/Tail1511_R/Tail1512_R/Tail6_R/Tail6_R_end/Tail6_R_end_end/Tail6_R_end_end_end/RightTailTip_Anchor/Glow_4Leg_R
[     1    0.000 x1.00] LOG  [TailAirShot] Ready. drawState=RightTail_Fast castParam=TailCastSpeed (found)
  arrow leaves: PlayerYoru_1.1/Cat_All_10_Tails_v4/Group/DeformationSystem/root/Root_M/Tail15_R/Tail151_R/Tail152_R/Tail153_R/Tail154_R/Tail155_R/Tail156_R/Tail157_R/Tail158_R/Tail159_R/Tail1510_R/Tail1511_R/Tail1512_R/Tail6_R/Tail6_R_end/Tail6_R_end_end/Tail6_R_end_end_end/RightTailTip_Anchor
  aim VFX: PlayerYoru_1.1/Cat_All_10_Tails_v4/Group/DeformationSystem/root/Root_M/Tail15_R/Tail151_R/Tail152_R/Tail153_R/Tail154_R/Tail155_R/Tail156_R/Tail157_R/Tail158_R/Tail159_R/Tail1510_R/Tail1511_R/Tail1512_R/Tail6_R/Tail6_R_end/Tail6_R_end_end/Tail6_R_end_end_end/RightTailTip_Anchor/vfx_Muzzle_Fireball01Blue
[     1    0.000 x1.00] LOG  [PlayerCombat] Phase 2 form gate CONNECTED (FormController found on this GameObject).
[     1    0.000 x1.00] LOG  [Combat] PlayerCombat initialized — Phase 3C v27
[     1    0.000 x1.00] LOG  [RingMesh] VFX Status:
[     1    0.000 x1.00] LOG    Left: Prefab=✓, Spawn=Tail6_L_end_end_end
[     1    0.000 x1.00] LOG    Right: Prefab=✓, Spawn=Tail6_R_end_end_end
[     1    0.000 x1.00] LOG  === VFX MANAGER INITIALIZED ===
[     1    0.000 x1.00] LOG  Auto-detect animations: False
[     1    0.000 x1.00] LOG  Parent effects to tail: True
[     1    0.000 x1.00] LOG  Prefabs: Jump=True, Land=True, LTail=True, RTail=True
[     1    0.000 x1.00] LOG  ✅ Left Tail Tip: LeftTailVFX
[     1    0.000 x1.00] LOG  ✅ Right Tail Tip: RightTailTip_Anchor
[     1    0.000 x1.00] LOG  [StormWeather] layer 'TerrainLayer_Dirt_01' dry smoothness=0.00 (restore to this if a crash ever leaves it wet)
[     1    0.000 x1.00] LOG  [StormWeather] Ready. Rain on, floor drying... wait, soaking.
[     1    0.000 x1.00] LOG  [FreezeDebug v3] Armed. Manual=L. Auto=True. Buffer=60 snaps @ 0.1s = 6.0s history.
[     1    0.000 x1.00] LOG  [BossBar] BossHealthBarUI initialized
[     1    0.000 x1.00] LOG  OniBoss initialized with 500 HP
[     1    0.000 x1.00] LOG  [OniBoss] ANIMATOR SETUP: cullingMode=CullUpdateTransforms updateMode=Normal applyRootMotion=False speed=1
[     1    0.000 x1.00] LOG  [OniBoss] Initialized
[     1    0.000 x1.00] LOG  [OniBoss:Layer] facing: minFlat 1m, snapOnAttack off, trackInHitReact off
[     1    0.000 x1.00] LOG  [OniBoss:Layer] Yoru launch model ON: launches ALL THE WAY to an enemy within 4.7m of its surface at 10m/s (stop gap 0.00m, NO minimum distance), else steps 0.90m forward. Targeting cone left exactly as her prefab has it.
[     1    0.000 x1.00] LOG  [OniBoss:Layer] Yoru launch ROUND 9: airborne attacks launch too (ON), edge probe now runs on its OWN layer mask (Everything) instead of the line-of-sight mask - the Ground-only mask found no floor in this cave and was cancelling 100% of launches at 0.00m travelled.
[     1    0.000 x1.00] LOG  [OniBoss:Layer] strike contact measurement ON — tracking 'Kanabo3' at depth 4.
[     1    0.000 x1.00] LOG  [OniBoss:Layer] skinned meshes: 46 renderer(s), updateWhenOffscreen ON, body renderer 'Body' rootBone 'Hips'
[     1    0.000 x1.00] LOG  [OniBoss:Layer] charge travel bone: 'Hips' at depth 1 under 'OniBoss', rest local (0.00, 3.24, -0.24)
[     1    0.000 x1.00] LOG  [OniBoss:Layer] charge drive ON (windup to 0.40 at x1.3, rush 14m/s stops at 2.6m, steers 0.35s then commits, strike section from 0.58, strike moment 0.76, trail VFX off)
[     1    0.000 x1.00] LOG  [OniBoss:Layer] attack armor ON (his swings are not interrupted by light/medium hits; heavy hits and rapid-hit bursts still stop him)
[     1    0.000 x1.00] LOG  [OniBoss:Layer] strike moments overridden: Club_Swing=0.55 ClubSwing2=0.32 ClubSlam=0.52 KanaboSweep=0.48
[     1    0.000 x1.00] LOG  [OniBoss:Layer] hold-ground ON (backstep 1.5m @ 1.6m/s after own attacks, watch 'Watch', attack facing LOCKED)
[     1    0.000 x1.00] LOG  [OniBoss:Layer] OniBoss layer ready (reactions, wake-on-hit, watch stance, boss bar). player=found
[     1    0.000 x1.00] WARN [OniBoss] animator state 'KanaboSweep' uses the SAME clip as 'Idle' — the sweep attack plays the idle pose. Drag the 'Oni Kanabo sweep' clip onto KanaboSweep's Motion field.
[     1    0.000 x1.00] LOG  [OniBoss:Layer] charge clip 'Oni Charge.fbx' imports with Root Motion Node = None (in place) — good.
[     1    0.000 x1.00] LOG  [OniBoss:Layer] clips importing with Root Transform Position (Y) NOT baked into pose (12): Oni_Alert(Oni Alert), Club_Slam(Oni Club Slam), Club_Swing(Oni Club Swing), Club_swing2(Oni Club Swing 2), Death(Oni Death Kneel), Hit_react_light(Oni Hit react lighter light), KanaboSweep(Oni Idle), Phase_Transition(Oni Phase transition), run(Oni Run), Walk(Oni Walk), Watch(Oni Watch), Idle(Oni Idle) — their hips' up/down motion is stripped (see round notes; optional).
[     1    0.000 x1.00] LOG  [VolumetricFogController] Found VolumetricFog component on mainCamera (1)
[     1    0.000 x1.00] LOG  [VolumetricFogController] Reflection init: density=True, height=True, baselineHeight=True, alpha=True, noiseStrength=True, lightScatteringExposure=True
[     1    0.000 x1.00] LOG  [VolumetricFogController] Initialized with Neutral preset (height=60, baselineHeight=0)
[     1    0.000 x1.00] WARN [VolumetricFogController] WorldStateManager not found!
[     1    0.000 x1.00] LOG  [CameraGameFeel] CameraGameFeel initialized (shake + FOV)
[     1    1.734 x1.00] LOG  [OniBoss] Playing animation: Idle
[    34    2.396 x1.00] LOG  💨 Landing VFX spawned!
[    34    2.396 x1.00] LOG  ✅ LANDED! (was jump #0)
[   172    3.277 x1.00] LOG  
==================== [FREEZE-DEBUG v3] ====================
  Reason : WASD-NOMOVE: WASD recent + speed 0.00m/s for 0.40s
  Time   : 1.167s   Frame: 172   Snaps: 12
===========================================================

--- CURRENT STATE ---
  Flags: atk=False hvy=False dod=False dsh=False
         grd=False hit=False aerial=False lockPos=False
         comboStep=0
  Anim : speed=1.00  combatLayer hash=-792875657 normT=1.160 weight=1.00 inTransition=False
  CC   : grounded=True  enabled=True  pos=(475.56, 1.33, 427.23)  vel=(0.00, 0.00, 0.00)
  Move : IsRunning=True
  Input: H=1.00 V=0.00  LMB=False MMB=False Q=False Sp=False Sh=True C=False
         WASD pressed in last 0.5s: True (last 0.00s ago)

--- FLIGHT RECORDER (12 snapshots, oldest first, dt=0.10s) ---
  Legend: flags = A(tk) H(vy) D(od) S(sh) G(rd) R(eact) Y(aerial) L(ock)   gnd/cc: Y/n
  t-now    flags     step gnd cc anSp normT layW tr | posX     posZ     spd   | H    V    LMB MMB Q  Sp Sh C
  ------   --------  ---- --- -- ---- ----- ---- -- | -----    -----    ----  | ---- ---- --- --- -- -- -- -
  - 1.17s  --------    0  n   Y  1.00  0.00 1.00 -  |   474.5    427.2  0.00 |  0.0  0.0 0   0   0  0  0  0
  - 1.06s  --------    0  n   Y  1.00  0.10 1.00 -  |   474.5    427.2  0.00 |  0.0  0.0 0   0   0  0  0  0
  - 0.96s  --------    0  n   Y  1.00  0.20 1.00 -  |   474.5    427.2  0.00 |  0.0  0.0 0   0   0  0  0  0
  - 0.85s  --------    0  Y   Y  1.00  0.30 1.00 -  |   474.5    427.2  0.00 |  0.0  0.0 0   0   0  0  0  0
  - 0.75s  --------    0  Y   Y  1.00  0.41 1.00 -  |   474.5    427.2  0.00 |  0.0  0.0 0   0   0  0  0  0
  - 0.64s  --------    0  Y   Y  1.00  0.52 1.00 -  |   474.5    427.2  0.00 |  0.0  0.0 0   0   0  0  0  0
  - 0.54s  --------    0  Y   Y  1.00  0.62 1.00 -  |   474.5    427.2  0.00 |  0.0  0.0 0   0   0  0  0  0
  - 0.43s  --------    0  Y   Y  1.00  0.73 1.00 -  |   474.5    427.2  0.00 |  0.0  0.0 0   0   0  0  0  0
  - 0.33s  --------    0  Y   Y  1.00  0.83 1.00 -  |   474.6    427.2  0.00 |  1.0  0.0 0   0   0  0  0  0
  - 0.23s  --------    0  Y   Y  1.00  0.94 1.00 -  |   474.8    427.2  0.00 |  1.0  0.0 0   0   0  0  0  0
  - 0.12s  --------    0  Y   Y  1.00  1.04 1.00 -  |   475.0    427.2  0.00 |  1.0  0.0 0   0   0  0  0  0
  - 0.02s  --------    0  Y   Y  1.00  1.14 1.00 -  |   475.4    427.2  0.00 |  1.0  0.0 0   0   0  0  1  0
=========================================================== END

[   375    4.481 x1.00] LOG  🐾 4-LEG JUMP #0
[   375    4.481 x1.00] LOG  🐾 Jump 1 VFX spawned!
[   440    4.880 x1.00] LOG  🐾 4-LEG JUMP #1
[   440    4.880 x1.00] LOG  🐾 Jump 2 VFX spawned!
[   502    5.261 x1.00] LOG  🐾 4-LEG JUMP #2
[   502    5.261 x1.00] LOG  🐾 Jump 3 VFX spawned!
[   502    5.261 x1.00] LOG  🚫 Max jumps reached!
[   682    6.294 x1.00] LOG  💨 Landing VFX spawned!
[   682    6.294 x1.00] LOG  ✅ LANDED! (was jump #3)
[   710    6.451 x1.00] LOG  🐾 4-LEG JUMP #0
[   710    6.451 x1.00] LOG  🐾 Jump 1 VFX spawned!
[   761    6.756 x1.00] LOG  🐾 4-LEG JUMP #1
[   761    6.756 x1.00] LOG  🐾 Jump 2 VFX spawned!
[   850    7.309 x1.00] LOG  
==================== [FREEZE-DEBUG v3] ====================
  Reason : WASD-NOMOVE: WASD recent + speed 0.00m/s for 0.40s
  Time   : 5.199s   Frame: 850   Snaps: 51
===========================================================

--- CURRENT STATE ---
  Flags: atk=False hvy=False dod=False dsh=False
         grd=False hit=False aerial=False lockPos=False
         comboStep=0
  Anim : speed=1.00  combatLayer hash=-792875657 normT=5.193 weight=1.00 inTransition=False
  CC   : grounded=False  enabled=True  pos=(496.37, 2.91, 427.23)  vel=(0.00, -1.99, 0.00)
  Move : IsRunning=True
  Input: H=-1.00 V=0.00  LMB=False MMB=False Q=False Sp=False Sh=True C=False
         WASD pressed in last 0.5s: True (last 0.00s ago)

--- FLIGHT RECORDER (51 snapshots, oldest first, dt=0.10s) ---
  Legend: flags = A(tk) H(vy) D(od) S(sh) G(rd) R(eact) Y(aerial) L(ock)   gnd/cc: Y/n
  t-now    flags     step gnd cc anSp normT layW tr | posX     posZ     spd   | H    V    LMB MMB Q  Sp Sh C
  ------   --------  ---- --- -- ---- ----- ---- -- | -----    -----    ----  | ---- ---- --- --- -- -- -- -
  - 5.20s  --------    0  n   Y  1.00  0.00 1.00 -  |   474.5    427.2  0.00 |  0.0  0.0 0   0   0  0  0  0
  - 5.09s  --------    0  n   Y  1.00  0.10 1.00 -  |   474.5    427.2  0.00 |  0.0  0.0 0   0   0  0  0  0
  - 4.99s  --------    0  n   Y  1.00  0.20 1.00 -  |   474.5    427.2  0.00 |  0.0  0.0 0   0   0  0  0  0
  - 4.89s  --------    0  Y   Y  1.00  0.30 1.00 -  |   474.5    427.2  0.00 |  0.0  0.0 0   0   0  0  0  0
  - 4.78s  --------    0  Y   Y  1.00  0.41 1.00 -  |   474.5    427.2  0.00 |  0.0  0.0 0   0   0  0  0  0
  - 4.67s  --------    0  Y   Y  1.00  0.52 1.00 -  |   474.5    427.2  0.00 |  0.0  0.0 0   0   0  0  0  0
  - 4.57s  --------    0  Y   Y  1.00  0.62 1.00 -  |   474.5    427.2  0.00 |  0.0  0.0 0   0   0  0  0  0
  - 4.47s  --------    0  Y   Y  1.00  0.73 1.00 -  |   474.5    427.2  0.00 |  0.0  0.0 0   0   0  0  0  0
  - 4.36s  --------    0  Y   Y  1.00  0.83 1.00 -  |   474.6    427.2  0.00 |  1.0  0.0 0   0   0  0  0  0
  - 4.26s  --------    0  Y   Y  1.00  0.94 1.00 -  |   474.8    427.2  0.00 |  1.0  0.0 0   0   0  0  0  0
  - 4.16s  --------    0  Y   Y  1.00  1.04 1.00 -  |   475.0    427.2  0.00 |  1.0  0.0 0   0   0  0  0  0
  - 4.06s  --------    0  Y   Y  1.00  1.14 1.00 -  |   475.4    427.2  0.00 |  1.0  0.0 0   0   0  0  1  0
  - 3.95s  --------    0  Y   Y  1.00  1.24 1.00 -  |   476.1    427.2  0.00 |  1.0  0.0 0   0   0  0  1  0
  - 3.85s  --------    0  Y   Y  1.00  1.34 1.00 -  |   476.8    427.2  0.00 |  1.0  0.0 0   0   0  0  1  0
  - 3.75s  --------    0  Y   Y  1.00  1.44 1.00 -  |   477.5    427.2  0.00 |  1.0  0.0 0   0   0  0  1  0
  - 3.65s  --------    0  Y   Y  1.00  1.55 1.00 -  |   478.2    427.2  0.00 |  1.0  0.0 0   0   0  0  1  0
  - 3.54s  --------    0  Y   Y  1.00  1.65 1.00 -  |   478.9    427.2  0.00 |  1.0  0.0 0   0   0  0  1  0
  - 3.44s  --------    0  Y   Y  1.00  1.75 1.00 -  |   479.6    427.2  0.00 |  1.0  0.0 0   0   0  0  1  0
  - 3.34s  --------    0  Y   Y  1.00  1.85 1.00 -  |   480.5    427.2  0.00 |  1.0  0.0 0   0   0  0  1  0
  - 3.24s  --------    0  Y   Y  1.00  1.96 1.00 -  |   481.2    427.2  0.00 |  1.0  0.0 0   0   0  0  1  0
  - 3.13s  --------    0  Y   Y  1.00  2.06 1.00 -  |   481.9    427.2  0.00 |  1.0  0.0 0   0   0  0  1  0
  - 3.03s  --------    0  Y   Y  1.00  2.16 1.00 -  |   482.6    427.2  0.00 |  1.0  0.0 0   0   0  0  1  0
  - 2.93s  --------    0  Y   Y  1.00  2.27 1.00 -  |   483.3    427.2  0.00 |  1.0  0.0 0   0   0  0  1  0
  - 2.82s  --------    0  Y   Y  1.00  2.37 1.00 -  |   484.0    427.2  0.00 |  1.0  0.0 0   0   0  1  1  0
  - 2.72s  --------    0  n   Y  1.00  2.48 1.00 -  |   484.5    427.2  0.00 |  1.0  0.0 0   0   0  1  1  0
  - 2.61s  --------    0  n   Y  1.00  2.58 1.00 -  |   485.0    427.2  0.00 |  1.0  0.0 0   0   0  0  1  0
  - 2.51s  --------    0  n   Y  1.00  2.68 1.00 -  |   485.4    427.2  0.00 |  1.0  0.0 0   0   0  0  1  0
  - 2.41s  --------    0  n   Y  1.00  2.78 1.00 -  |   485.9    427.2  0.00 |  1.0  0.0 0   0   0  1  1  0
  - 2.31s  --------    0  n   Y  1.00  2.89 1.00 -  |   486.3    427.2  0.00 |  1.0  0.0 0   0   0  1  1  0
  - 2.20s  --------    0  n   Y  1.00  2.99 1.00 -  |   486.8    427.2  0.00 |  1.0  0.0 0   0   0  0  1  0
  - 2.10s  --------    0  n   Y  1.00  3.10 1.00 -  |   487.3    427.2  0.00 |  1.0  0.0 0   0   0  0  1  0
  - 1.99s  --------    0  n   Y  1.00  3.20 1.00 -  |   487.8    427.2  0.00 |  1.0  0.0 0   0   0  1  1  0
  - 1.89s  --------    0  n   Y  1.00  3.30 1.00 -  |   488.2    427.2  0.00 |  1.0  0.0 0   0   0  0  1  0
  - 1.79s  --------    0  n   Y  1.00  3.41 1.00 -  |   488.7    427.2  0.00 |  1.0  0.0 0   0   0  0  1  0
  - 1.69s  --------    0  n   Y  1.00  3.51 1.00 -  |   489.1    427.2  0.00 |  1.0  0.0 0   0   0  0  1  0
  - 1.58s  --------    0  n   Y  1.00  3.61 1.00 -  |   489.6    427.2  0.00 |  1.0  0.0 0   0   0  0  1  0
  - 1.48s  --------    0  n   Y  1.00  3.72 1.00 -  |   490.1    427.2  0.00 |  1.0  0.0 0   0   0  0  1  0
  - 1.37s  --------    0  n   Y  1.00  3.82 1.00 -  |   490.6    427.2  0.00 |  1.0  0.0 0   0   0  0  1  0
  - 1.27s  --------    0  n   Y  1.00  3.92 1.00 -  |   491.0    427.2  0.00 |  1.0  0.0 0   0   0  0  1  0
  - 1.17s  --------    0  n   Y  1.00  4.03 1.00 -  |   491.5    427.2  0.00 |  1.0  0.0 0   0   0  0  1  0
  - 1.06s  --------    0  n   Y  1.00  4.13 1.00 -  |   491.9    427.2  0.00 |  1.0  0.0 0   0   0  0  1  0
  - 0.96s  --------    0  Y   Y  1.00  4.24 1.00 -  |   492.6    427.2  0.00 |  1.0  0.0 0   0   0  0  1  0
  - 0.85s  --------    0  Y   Y  1.00  4.34 1.00 -  |   493.3    427.2  0.00 |  0.0  0.0 0   0   0  1  1  0
  - 0.75s  --------    0  n   Y  1.00  4.45 1.00 -  |   493.8    427.2  0.00 |  1.0  0.0 0   0   0  1  1  0
  - 0.64s  --------    0  n   Y  1.00  4.55 1.00 -  |   494.3    427.2  0.00 |  1.0  0.0 0   0   0  0  1  0
  - 0.54s  --------    0  n   Y  1.00  4.66 1.00 -  |   494.8    427.2  0.00 |  1.0  0.0 0   0   0  1  1  0
  - 0.43s  --------    0  n   Y  1.00  4.76 1.00 -  |   495.3    427.2  0.00 |  0.0  0.0 0   0   0  1  1  0
  - 0.33s  --------    0  n   Y  1.00  4.86 1.00 -  |   495.7    427.2  0.00 |  0.0  0.0 0   0   0  0  1  0
  - 0.23s  --------    0  n   Y  1.00  4.96 1.00 -  |   496.1    427.2  0.00 | -1.0  0.0 0   0   0  0  1  0
  - 0.13s  --------    0  n   Y  1.00  5.07 1.00 -  |   496.4    427.2  0.00 | -1.0  0.0 0   0   0  0  1  0
  - 0.02s  --------    0  n   Y  1.00  5.17 1.00 -  |   496.4    427.2  0.00 | -1.0  0.0 0   0   0  0  1  0
=========================================================== END

[   925    7.733 x1.00] LOG  💨 Landing VFX spawned!
[   925    7.733 x1.00] LOG  ✅ LANDED! (was jump #2)
[   947    7.862 x1.00] LOG  🐾 4-LEG JUMP #0
[   947    7.862 x1.00] LOG  🐾 Jump 1 VFX spawned!
[   994    8.142 x1.00] LOG  🐾 4-LEG JUMP #1
[   994    8.142 x1.00] LOG  🐾 Jump 2 VFX spawned!
[  1152    9.091 x1.00] LOG  💨 Landing VFX spawned!
[  1152    9.091 x1.00] LOG  ✅ LANDED! (was jump #2)
[  1192    9.322 x1.00] LOG  🐾 4-LEG JUMP #0
[  1192    9.322 x1.00] LOG  🐾 Jump 1 VFX spawned!
[  1236    9.590 x1.00] LOG  🐾 4-LEG JUMP #1
[  1236    9.590 x1.00] LOG  🐾 Jump 2 VFX spawned!
[  1396   10.553 x1.00] LOG  💨 Landing VFX spawned!
[  1396   10.553 x1.00] LOG  ✅ LANDED! (was jump #2)
[  1462   10.936 x1.00] LOG  🐾 4-LEG JUMP #0
[  1462   10.936 x1.00] LOG  🐾 Jump 1 VFX spawned!
[  1516   11.274 x1.00] LOG  🐾 4-LEG JUMP #1
[  1516   11.274 x1.00] LOG  🐾 Jump 2 VFX spawned!
[  1524   11.325 x1.00] LOG  
==================== [FREEZE-DEBUG v3] ====================
  Reason : WASD-NOMOVE: WASD recent + speed 0.00m/s for 0.40s
  Time   : 9.215s   Frame: 1524   Snaps: 60
===========================================================

--- CURRENT STATE ---
  Flags: atk=False hvy=False dod=False dsh=False
         grd=False hit=False aerial=False lockPos=False
         comboStep=0
  Anim : speed=1.00  combatLayer hash=-792875657 normT=9.209 weight=1.00 inTransition=False
  CC   : grounded=False  enabled=True  pos=(487.67, 1.95, 427.23)  vel=(0.00, 6.11, 0.00)
  Move : IsRunning=True
  Input: H=-1.00 V=0.00  LMB=False MMB=False Q=False Sp=True Sh=True C=False
         WASD pressed in last 0.5s: True (last 0.00s ago)

--- FLIGHT RECORDER (60 snapshots, oldest first, dt=0.10s) ---
  Legend: flags = A(tk) H(vy) D(od) S(sh) G(rd) R(eact) Y(aerial) L(ock)   gnd/cc: Y/n
  t-now    flags     step gnd cc anSp normT layW tr | posX     posZ     spd   | H    V    LMB MMB Q  Sp Sh C
  ------   --------  ---- --- -- ---- ----- ---- -- | -----    -----    ----  | ---- ---- --- --- -- -- -- -
  - 6.11s  --------    0  n   Y  1.00  3.10 1.00 -  |   487.3    427.2  0.00 |  1.0  0.0 0   0   0  0  1  0
  - 6.01s  --------    0  n   Y  1.00  3.20 1.00 -  |   487.8    427.2  0.00 |  1.0  0.0 0   0   0  1  1  0
  - 5.90s  --------    0  n   Y  1.00  3.30 1.00 -  |   488.2    427.2  0.00 |  1.0  0.0 0   0   0  0  1  0
  - 5.80s  --------    0  n   Y  1.00  3.41 1.00 -  |   488.7    427.2  0.00 |  1.0  0.0 0   0   0  0  1  0
  - 5.70s  --------    0  n   Y  1.00  3.51 1.00 -  |   489.1    427.2  0.00 |  1.0  0.0 0   0   0  0  1  0
  - 5.60s  --------    0  n   Y  1.00  3.61 1.00 -  |   489.6    427.2  0.00 |  1.0  0.0 0   0   0  0  1  0
  - 5.49s  --------    0  n   Y  1.00  3.72 1.00 -  |   490.1    427.2  0.00 |  1.0  0.0 0   0   0  0  1  0
  - 5.39s  --------    0  n   Y  1.00  3.82 1.00 -  |   490.6    427.2  0.00 |  1.0  0.0 0   0   0  0  1  0
  - 5.28s  --------    0  n   Y  1.00  3.92 1.00 -  |   491.0    427.2  0.00 |  1.0  0.0 0   0   0  0  1  0
  - 5.18s  --------    0  n   Y  1.00  4.03 1.00 -  |   491.5    427.2  0.00 |  1.0  0.0 0   0   0  0  1  0
  - 5.08s  --------    0  n   Y  1.00  4.13 1.00 -  |   491.9    427.2  0.00 |  1.0  0.0 0   0   0  0  1  0
  - 4.97s  --------    0  Y   Y  1.00  4.24 1.00 -  |   492.6    427.2  0.00 |  1.0  0.0 0   0   0  0  1  0
  - 4.87s  --------    0  Y   Y  1.00  4.34 1.00 -  |   493.3    427.2  0.00 |  0.0  0.0 0   0   0  1  1  0
  - 4.76s  --------    0  n   Y  1.00  4.45 1.00 -  |   493.8    427.2  0.00 |  1.0  0.0 0   0   0  1  1  0
  - 4.66s  --------    0  n   Y  1.00  4.55 1.00 -  |   494.3    427.2  0.00 |  1.0  0.0 0   0   0  0  1  0
  - 4.55s  --------    0  n   Y  1.00  4.66 1.00 -  |   494.8    427.2  0.00 |  1.0  0.0 0   0   0  1  1  0
  - 4.45s  --------    0  n   Y  1.00  4.76 1.00 -  |   495.3    427.2  0.00 |  0.0  0.0 0   0   0  1  1  0
  - 4.35s  --------    0  n   Y  1.00  4.86 1.00 -  |   495.7    427.2  0.00 |  0.0  0.0 0   0   0  0  1  0
  - 4.24s  --------    0  n   Y  1.00  4.96 1.00 -  |   496.1    427.2  0.00 | -1.0  0.0 0   0   0  0  1  0
  - 4.14s  --------    0  n   Y  1.00  5.07 1.00 -  |   496.4    427.2  0.00 | -1.0  0.0 0   0   0  0  1  0
  - 4.04s  --------    0  n   Y  1.00  5.17 1.00 -  |   496.4    427.2  0.00 | -1.0  0.0 0   0   0  0  1  0
  - 3.94s  --------    0  n   Y  1.00  5.27 1.00 -  |   496.2    427.2  0.00 | -1.0  0.0 0   0   0  0  1  0
  - 3.83s  --------    0  n   Y  1.00  5.38 1.00 -  |   495.8    427.2  0.00 | -1.0  0.0 0   0   0  0  1  0
  - 3.73s  --------    0  n   Y  1.00  5.48 1.00 -  |   495.5    427.2  0.00 | -1.0  0.0 0   0   0  0  1  0
  - 3.62s  --------    0  n   Y  1.00  5.59 1.00 -  |   495.2    427.2  0.00 | -1.0  0.0 0   0   0  0  1  0
  - 3.52s  --------    0  Y   Y  1.00  5.69 1.00 -  |   494.7    427.2  0.00 | -1.0  0.0 0   0   0  0  1  0
  - 3.42s  --------    0  n   Y  1.00  5.79 1.00 -  |   494.0    427.2  0.00 | -1.0  0.0 0   0   0  1  1  0
  - 3.31s  --------    0  n   Y  1.00  5.89 1.00 -  |   493.5    427.2  0.00 | -1.0  0.0 0   0   0  0  1  0
  - 3.21s  --------    0  n   Y  1.00  6.00 1.00 -  |   493.0    427.2  0.00 | -1.0  0.0 0   0   0  0  1  0
  - 3.11s  --------    0  n   Y  1.00  6.10 1.00 -  |   492.6    427.2  0.00 | -1.0  0.0 0   0   0  1  1  0
  - 3.00s  --------    0  n   Y  1.00  6.21 1.00 -  |   492.1    427.2  0.00 | -1.0  0.0 0   0   0  0  1  0
  - 2.90s  --------    0  n   Y  1.00  6.31 1.00 -  |   491.7    427.2  0.00 |  0.0  0.0 0   0   0  0  1  0
  - 2.79s  --------    0  n   Y  1.00  6.42 1.00 -  |   491.1    427.2  0.00 |  0.0  0.0 0   0   0  0  1  0
  - 2.69s  --------    0  n   Y  1.00  6.52 1.00 -  |   490.7    427.2  0.00 |  0.0  0.0 0   0   0  0  1  0
  - 2.59s  --------    0  n   Y  1.00  6.62 1.00 -  |   490.2    427.2  0.00 |  0.0  0.0 0   0   0  0  1  0
  - 2.48s  --------    0  n   Y  1.00  6.73 1.00 -  |   489.8    427.2  0.00 |  0.0  0.0 0   0   0  0  1  0
  - 2.38s  --------    0  n   Y  1.00  6.83 1.00 -  |   489.3    427.2  0.00 |  1.0  0.0 0   0   0  0  1  0
  - 2.27s  --------    0  n   Y  1.00  6.93 1.00 -  |   489.0    427.2  0.00 |  1.0  0.0 0   0   0  0  1  0
  - 2.17s  --------    0  Y   Y  1.00  7.04 1.00 -  |   489.4    427.2  0.00 |  1.0  0.0 0   0   0  0  1  0
  - 2.07s  --------    0  Y   Y  1.00  7.14 1.00 -  |   490.1    427.2  0.00 |  1.0  0.0 0   0   0  0  1  0
  - 1.96s  --------    0  n   Y  1.00  7.25 1.00 -  |   490.7    427.2  0.00 |  1.0  0.0 0   0   0  1  1  0
  - 1.86s  --------    0  n   Y  1.00  7.35 1.00 -  |   491.2    427.2  0.00 |  1.0  0.0 0   0   0  0  1  0
  - 1.75s  --------    0  n   Y  1.00  7.46 1.00 -  |   491.7    427.2  0.00 |  1.0  0.0 0   0   0  0  1  0
  - 1.65s  --------    0  n   Y  1.00  7.56 1.00 -  |   492.2    427.2  0.00 |  1.0  0.0 0   0   0  1  1  0
  - 1.55s  --------    0  n   Y  1.00  7.66 1.00 -  |   492.6    427.2  0.00 |  1.0  0.0 0   0   0  0  1  0
  - 1.45s  --------    0  n   Y  1.00  7.76 1.00 -  |   493.1    427.2  0.00 | -1.0  0.0 0   0   0  0  1  0
  - 1.34s  --------    0  n   Y  1.00  7.87 1.00 -  |   493.4    427.2  0.00 | -1.0  0.0 0   0   0  0  1  0
  - 1.24s  --------    0  n   Y  1.00  7.97 1.00 -  |   493.4    427.2  0.00 | -1.0  0.0 0   0   0  0  1  0
  - 1.14s  --------    0  n   Y  1.00  8.07 1.00 -  |   493.2    427.2  0.00 | -1.0  0.0 0   0   0  0  1  0
  - 1.03s  --------    0  n   Y  1.00  8.18 1.00 -  |   492.9    427.2  0.00 | -1.0  0.0 0   0   0  0  1  0
  - 0.93s  --------    0  n   Y  1.00  8.28 1.00 -  |   492.6    427.2  0.00 | -1.0  0.0 0   0   0  0  1  0
  - 0.83s  --------    0  n   Y  1.00  8.38 1.00 -  |   492.3    427.2  0.00 | -1.0  0.0 0   0   0  0  1  0
  - 0.73s  --------    0  Y   Y  1.00  8.48 1.00 -  |   491.8    427.2  0.00 | -1.0  0.0 0   0   0  0  1  0
  - 0.62s  --------    0  Y   Y  1.00  8.58 1.00 -  |   491.1    427.2  0.00 | -1.0  0.0 0   0   0  0  1  0
  - 0.52s  --------    0  Y   Y  1.00  8.68 1.00 -  |   490.4    427.2  0.00 | -1.0  0.0 0   0   0  0  1  0
  - 0.42s  --------    0  Y   Y  1.00  8.79 1.00 -  |   489.7    427.2  0.00 | -1.0  0.0 0   0   0  0  1  0
  - 0.32s  --------    0  n   Y  1.00  8.89 1.00 -  |   489.1    427.2  0.00 | -1.0  0.0 0   0   0  1  1  0
  - 0.21s  --------    0  n   Y  1.00  8.99 1.00 -  |   488.6    427.2  0.00 | -1.0  0.0 0   0   0  0  1  0
  - 0.11s  --------    0  n   Y  1.00  9.10 1.00 -  |   488.1    427.2  0.00 | -1.0  0.0 0   0   0  0  1  0
  - 0.01s  --------    0  n   Y  1.00  9.20 1.00 -  |   487.7    427.2  0.00 | -1.0  0.0 0   0   0  1  1  0
=========================================================== END

[  1673   12.252 x1.00] LOG  💨 Landing VFX spawned!
[  1673   12.252 x1.00] LOG  ✅ LANDED! (was jump #2)
[  1748   12.692 x1.00] LOG  🐾 4-LEG JUMP #0
[  1748   12.692 x1.00] LOG  🐾 Jump 1 VFX spawned!
[  1903   13.630 x1.00] LOG  💨 Landing VFX spawned!
[  1903   13.630 x1.00] LOG  ✅ LANDED! (was jump #1)
[  1984   14.111 x1.00] LOG  🐾 4-LEG JUMP #0
[  1984   14.111 x1.00] LOG  🐾 Jump 1 VFX spawned!
[  2037   14.439 x1.00] LOG  🐾 4-LEG JUMP #1
[  2037   14.439 x1.00] LOG  🐾 Jump 2 VFX spawned!
[  2072   14.663 x1.00] LOG  🐾 4-LEG JUMP #2
[  2072   14.663 x1.00] LOG  🐾 Jump 3 VFX spawned!
[  2072   14.663 x1.00] LOG  🚫 Max jumps reached!
[  2180   15.355 x1.00] LOG  
==================== [FREEZE-DEBUG v3] ====================
  Reason : WASD-NOMOVE: WASD recent + speed 0.00m/s for 0.40s
  Time   : 13.245s   Frame: 2180   Snaps: 60
===========================================================

--- CURRENT STATE ---
  Flags: atk=False hvy=False dod=False dsh=False
         grd=False hit=False aerial=False lockPos=False
         comboStep=0
  Anim : speed=1.00  combatLayer hash=-792875657 normT=13.239 weight=1.00 inTransition=False
  CC   : grounded=False  enabled=True  pos=(484.07, 2.83, 428.42)  vel=(0.00, -6.60, 0.00)
  Move : IsRunning=True
  Input: H=0.00 V=1.00  LMB=False MMB=False Q=False Sp=False Sh=True C=False
         WASD pressed in last 0.5s: True (last 0.00s ago)

--- FLIGHT RECORDER (60 snapshots, oldest first, dt=0.10s) ---
  Legend: flags = A(tk) H(vy) D(od) S(sh) G(rd) R(eact) Y(aerial) L(ock)   gnd/cc: Y/n
  t-now    flags     step gnd cc anSp normT layW tr | posX     posZ     spd   | H    V    LMB MMB Q  Sp Sh C
  ------   --------  ---- --- -- ---- ----- ---- -- | -----    -----    ----  | ---- ---- --- --- -- -- -- -
  - 6.10s  --------    0  Y   Y  1.00  7.14 1.00 -  |   490.1    427.2  0.00 |  1.0  0.0 0   0   0  0  1  0
  - 5.99s  --------    0  n   Y  1.00  7.25 1.00 -  |   490.7    427.2  0.00 |  1.0  0.0 0   0   0  1  1  0
  - 5.89s  --------    0  n   Y  1.00  7.35 1.00 -  |   491.2    427.2  0.00 |  1.0  0.0 0   0   0  0  1  0
  - 5.78s  --------    0  n   Y  1.00  7.46 1.00 -  |   491.7    427.2  0.00 |  1.0  0.0 0   0   0  0  1  0
  - 5.68s  --------    0  n   Y  1.00  7.56 1.00 -  |   492.2    427.2  0.00 |  1.0  0.0 0   0   0  1  1  0
  - 5.58s  --------    0  n   Y  1.00  7.66 1.00 -  |   492.6    427.2  0.00 |  1.0  0.0 0   0   0  0  1  0
  - 5.48s  --------    0  n   Y  1.00  7.76 1.00 -  |   493.1    427.2  0.00 | -1.0  0.0 0   0   0  0  1  0
  - 5.37s  --------    0  n   Y  1.00  7.87 1.00 -  |   493.4    427.2  0.00 | -1.0  0.0 0   0   0  0  1  0
  - 5.27s  --------    0  n   Y  1.00  7.97 1.00 -  |   493.4    427.2  0.00 | -1.0  0.0 0   0   0  0  1  0
  - 5.17s  --------    0  n   Y  1.00  8.07 1.00 -  |   493.2    427.2  0.00 | -1.0  0.0 0   0   0  0  1  0
  - 5.06s  --------    0  n   Y  1.00  8.18 1.00 -  |   492.9    427.2  0.00 | -1.0  0.0 0   0   0  0  1  0
  - 4.96s  --------    0  n   Y  1.00  8.28 1.00 -  |   492.6    427.2  0.00 | -1.0  0.0 0   0   0  0  1  0
  - 4.86s  --------    0  n   Y  1.00  8.38 1.00 -  |   492.3    427.2  0.00 | -1.0  0.0 0   0   0  0  1  0
  - 4.76s  --------    0  Y   Y  1.00  8.48 1.00 -  |   491.8    427.2  0.00 | -1.0  0.0 0   0   0  0  1  0
  - 4.65s  --------    0  Y   Y  1.00  8.58 1.00 -  |   491.1    427.2  0.00 | -1.0  0.0 0   0   0  0  1  0
  - 4.55s  --------    0  Y   Y  1.00  8.68 1.00 -  |   490.4    427.2  0.00 | -1.0  0.0 0   0   0  0  1  0
  - 4.45s  --------    0  Y   Y  1.00  8.79 1.00 -  |   489.7    427.2  0.00 | -1.0  0.0 0   0   0  0  1  0
  - 4.35s  --------    0  n   Y  1.00  8.89 1.00 -  |   489.1    427.2  0.00 | -1.0  0.0 0   0   0  1  1  0
  - 4.24s  --------    0  n   Y  1.00  8.99 1.00 -  |   488.6    427.2  0.00 | -1.0  0.0 0   0   0  0  1  0
  - 4.14s  --------    0  n   Y  1.00  9.10 1.00 -  |   488.1    427.2  0.00 | -1.0  0.0 0   0   0  0  1  0
  - 4.04s  --------    0  n   Y  1.00  9.20 1.00 -  |   487.7    427.2  0.00 | -1.0  0.0 0   0   0  1  1  0
  - 3.93s  --------    0  n   Y  1.00  9.31 1.00 -  |   487.2    427.2  0.00 | -1.0  0.0 0   0   0  1  1  0
  - 3.83s  --------    0  n   Y  1.00  9.41 1.00 -  |   486.8    427.2  0.00 | -1.0  0.0 0   0   0  0  1  0
  - 3.73s  --------    0  n   Y  1.00  9.51 1.00 -  |   486.3    427.2  0.00 |  1.0  0.0 0   0   0  0  1  0
  - 3.63s  --------    0  n   Y  1.00  9.61 1.00 -  |   486.1    427.2  0.00 |  1.0  0.0 0   0   0  0  1  0
  - 3.52s  --------    0  n   Y  1.00  9.72 1.00 -  |   486.1    427.2  0.00 |  1.0  0.0 0   0   0  0  1  0
  - 3.42s  --------    0  n   Y  1.00  9.82 1.00 -  |   486.4    427.2  0.00 |  1.0  0.0 0   0   0  0  1  0
  - 3.32s  --------    0  n   Y  1.00  9.92 1.00 -  |   486.7    427.2  0.00 |  1.0  0.0 0   0   0  0  1  0
  - 3.22s  --------    0  n   Y  1.00 10.02 1.00 -  |   487.0    427.2  0.00 |  1.0  0.0 0   0   0  0  1  0
  - 3.11s  --------    0  n   Y  1.00 10.13 1.00 -  |   487.3    427.2  0.00 |  1.0  0.0 0   0   0  0  1  0
  - 3.01s  --------    0  Y   Y  1.00 10.23 1.00 -  |   487.9    427.2  0.00 |  1.0  0.0 0   0   0  0  1  0
  - 2.91s  --------    0  Y   Y  1.00 10.33 1.00 -  |   488.6    427.2  0.00 |  1.0  0.0 0   0   0  0  1  0
  - 2.81s  --------    0  Y   Y  1.00 10.43 1.00 -  |   489.3    427.2  0.00 |  1.0  0.0 0   0   0  0  1  0
  - 2.70s  --------    0  Y   Y  1.00 10.53 1.00 -  |   490.1    427.2  0.00 |  1.0  0.0 0   0   0  0  1  0
  - 2.60s  --------    0  n   Y  1.00 10.64 1.00 -  |   490.7    427.2  0.00 |  1.0  0.0 0   0   0  1  1  0
  - 2.50s  --------    0  n   Y  1.00 10.73 1.00 -  |   491.2    427.2  0.00 |  1.0  0.0 0   0   0  0  1  0
  - 2.40s  --------    0  n   Y  1.00 10.84 1.00 -  |   491.6    427.2  0.00 |  1.0  0.0 0   0   0  0  1  0
  - 2.29s  --------    0  n   Y  1.00 10.95 1.00 -  |   492.1    427.2  0.00 |  1.0  0.0 0   0   0  0  1  0
  - 2.19s  --------    0  n   Y  1.00 11.05 1.00 -  |   492.5    427.2  0.00 | -1.0  0.0 0   0   0  0  1  0
  - 2.09s  --------    0  n   Y  1.00 11.15 1.00 -  |   492.8    427.2  0.00 | -1.0  0.0 0   0   0  0  1  0
  - 1.99s  --------    0  n   Y  1.00 11.25 1.00 -  |   492.9    427.2  0.00 | -1.0  0.0 0   0   0  0  1  0
  - 1.88s  --------    0  n   Y  1.00 11.35 1.00 -  |   492.6    427.2  0.00 | -1.0  0.0 0   0   0  0  1  0
  - 1.78s  --------    0  n   Y  1.00 11.46 1.00 -  |   492.3    427.2  0.00 | -1.0  0.0 0   0   0  0  1  0
  - 1.68s  --------    0  Y   Y  1.00 11.56 1.00 -  |   491.9    427.2  0.00 | -1.0  0.0 0   0   0  0  1  0
  - 1.57s  --------    0  Y   Y  1.00 11.66 1.00 -  |   491.2    427.2  0.00 | -1.0  0.0 0   0   0  0  1  0
  - 1.47s  --------    0  Y   Y  1.00 11.77 1.00 -  |   490.5    427.2  0.00 | -1.0  0.0 0   0   0  0  1  0
  - 1.37s  --------    0  Y   Y  1.00 11.87 1.00 -  |   489.8    427.2  0.00 | -1.0  0.0 0   0   0  0  1  0
  - 1.27s  --------    0  Y   Y  1.00 11.97 1.00 -  |   489.1    427.2  0.00 | -1.0  0.0 0   0   0  0  1  0
  - 1.16s  --------    0  n   Y  1.00 12.07 1.00 -  |   488.4    427.2  0.00 | -1.0  0.0 0   0   0  1  1  0
  - 1.06s  --------    0  n   Y  1.00 12.18 1.00 -  |   487.9    427.2  0.00 | -1.0  0.0 0   0   0  0  1  0
  - 0.95s  --------    0  n   Y  1.00 12.28 1.00 -  |   487.5    427.2  0.00 | -1.0  0.0 0   0   0  0  1  0
  - 0.85s  --------    0  n   Y  1.00 12.39 1.00 -  |   487.0    427.2  0.00 | -1.0  0.0 0   0   0  1  1  0
  - 0.75s  --------    0  n   Y  1.00 12.49 1.00 -  |   486.6    427.2  0.00 | -1.0  0.0 0   0   0  0  1  0
  - 0.64s  --------    0  n   Y  1.00 12.60 1.00 -  |   486.0    427.2  0.00 | -1.0  0.0 0   0   0  1  1  0
  - 0.54s  --------    0  n   Y  1.00 12.70 1.00 -  |   485.6    427.2  0.00 | -1.0  0.0 0   0   0  0  1  0
  - 0.44s  --------    0  n   Y  1.00 12.80 1.00 -  |   485.1    427.2  0.00 |  0.0  0.0 0   0   0  0  1  0
  - 0.34s  --------    0  n   Y  1.00 12.90 1.00 -  |   484.7    427.2  0.00 |  0.0  1.0 0   0   0  0  1  0
  - 0.24s  --------    0  n   Y  1.00 13.00 1.00 -  |   484.3    427.5  0.00 |  0.0  1.0 0   0   0  0  1  0
  - 0.13s  --------    0  n   Y  1.00 13.11 1.00 -  |   484.1    427.8  0.00 |  0.0  1.0 0   0   0  0  1  0
  - 0.03s  --------    0  n   Y  1.00 13.21 1.00 -  |   484.1    428.3  0.00 |  0.0  1.0 0   0   0  0  1  0
=========================================================== END

[  2229   15.655 x1.00] LOG  💨 Landing VFX spawned!
[  2229   15.655 x1.00] LOG  ✅ LANDED! (was jump #3)
[  2300   16.085 x1.00] LOG  🐾 4-LEG JUMP #0
[  2300   16.085 x1.00] LOG  🐾 Jump 1 VFX spawned!
[  2346   16.372 x1.00] LOG  🐾 4-LEG JUMP #1
[  2346   16.372 x1.00] LOG  🐾 Jump 2 VFX spawned!
[  2395   16.684 x1.00] LOG  🐾 4-LEG JUMP #2
[  2395   16.684 x1.00] LOG  🐾 Jump 3 VFX spawned!
[  2395   16.684 x1.00] LOG  🚫 Max jumps reached!
[  2554   17.672 x1.00] LOG  💨 Landing VFX spawned!
[  2554   17.672 x1.00] LOG  ✅ LANDED! (was jump #3)
[  2612   18.013 x1.00] LOG  🐾 4-LEG JUMP #0
[  2612   18.013 x1.00] LOG  🐾 Jump 1 VFX spawned!
[  2655   18.292 x1.00] LOG  🐾 4-LEG JUMP #1
[  2655   18.292 x1.00] LOG  🐾 Jump 2 VFX spawned!
[  2699   18.583 x1.00] LOG  🐾 4-LEG JUMP #2
[  2699   18.583 x1.00] LOG  🐾 Jump 3 VFX spawned!
[  2699   18.583 x1.00] LOG  🚫 Max jumps reached!
[  2830   19.379 x1.00] LOG  
==================== [FREEZE-DEBUG v3] ====================
  Reason : WASD-NOMOVE: WASD recent + speed 0.00m/s for 0.40s
  Time   : 17.269s   Frame: 2830   Snaps: 60
===========================================================

--- CURRENT STATE ---
  Flags: atk=False hvy=False dod=False dsh=False
         grd=False hit=False aerial=False lockPos=False
         comboStep=0
  Anim : speed=1.00  combatLayer hash=-792875657 normT=17.263 weight=1.00 inTransition=False
  CC   : grounded=False  enabled=True  pos=(493.99, 2.08, 435.32)  vel=(0.00, -8.85, 0.00)
  Move : IsRunning=True
  Input: H=0.00 V=-1.00  LMB=False MMB=False Q=False Sp=False Sh=True C=False
         WASD pressed in last 0.5s: True (last 0.00s ago)

--- FLIGHT RECORDER (60 snapshots, oldest first, dt=0.10s) ---
  Legend: flags = A(tk) H(vy) D(od) S(sh) G(rd) R(eact) Y(aerial) L(ock)   gnd/cc: Y/n
  t-now    flags     step gnd cc anSp normT layW tr | posX     posZ     spd   | H    V    LMB MMB Q  Sp Sh C
  ------   --------  ---- --- -- ---- ----- ---- -- | -----    -----    ----  | ---- ---- --- --- -- -- -- -
  - 6.12s  --------    0  n   Y  1.00 11.15 1.00 -  |   492.8    427.2  0.00 | -1.0  0.0 0   0   0  0  1  0
  - 6.01s  --------    0  n   Y  1.00 11.25 1.00 -  |   492.9    427.2  0.00 | -1.0  0.0 0   0   0  0  1  0
  - 5.91s  --------    0  n   Y  1.00 11.35 1.00 -  |   492.6    427.2  0.00 | -1.0  0.0 0   0   0  0  1  0
  - 5.80s  --------    0  n   Y  1.00 11.46 1.00 -  |   492.3    427.2  0.00 | -1.0  0.0 0   0   0  0  1  0
  - 5.70s  --------    0  Y   Y  1.00 11.56 1.00 -  |   491.9    427.2  0.00 | -1.0  0.0 0   0   0  0  1  0
  - 5.60s  --------    0  Y   Y  1.00 11.66 1.00 -  |   491.2    427.2  0.00 | -1.0  0.0 0   0   0  0  1  0
  - 5.50s  --------    0  Y   Y  1.00 11.77 1.00 -  |   490.5    427.2  0.00 | -1.0  0.0 0   0   0  0  1  0
  - 5.39s  --------    0  Y   Y  1.00 11.87 1.00 -  |   489.8    427.2  0.00 | -1.0  0.0 0   0   0  0  1  0
  - 5.29s  --------    0  Y   Y  1.00 11.97 1.00 -  |   489.1    427.2  0.00 | -1.0  0.0 0   0   0  0  1  0
  - 5.19s  --------    0  n   Y  1.00 12.07 1.00 -  |   488.4    427.2  0.00 | -1.0  0.0 0   0   0  1  1  0
  - 5.08s  --------    0  n   Y  1.00 12.18 1.00 -  |   487.9    427.2  0.00 | -1.0  0.0 0   0   0  0  1  0
  - 4.98s  --------    0  n   Y  1.00 12.28 1.00 -  |   487.5    427.2  0.00 | -1.0  0.0 0   0   0  0  1  0
  - 4.87s  --------    0  n   Y  1.00 12.39 1.00 -  |   487.0    427.2  0.00 | -1.0  0.0 0   0   0  1  1  0
  - 4.77s  --------    0  n   Y  1.00 12.49 1.00 -  |   486.6    427.2  0.00 | -1.0  0.0 0   0   0  0  1  0
  - 4.67s  --------    0  n   Y  1.00 12.60 1.00 -  |   486.0    427.2  0.00 | -1.0  0.0 0   0   0  1  1  0
  - 4.57s  --------    0  n   Y  1.00 12.70 1.00 -  |   485.6    427.2  0.00 | -1.0  0.0 0   0   0  0  1  0
  - 4.46s  --------    0  n   Y  1.00 12.80 1.00 -  |   485.1    427.2  0.00 |  0.0  0.0 0   0   0  0  1  0
  - 4.36s  --------    0  n   Y  1.00 12.90 1.00 -  |   484.7    427.2  0.00 |  0.0  1.0 0   0   0  0  1  0
  - 4.26s  --------    0  n   Y  1.00 13.00 1.00 -  |   484.3    427.5  0.00 |  0.0  1.0 0   0   0  0  1  0
  - 4.16s  --------    0  n   Y  1.00 13.11 1.00 -  |   484.1    427.8  0.00 |  0.0  1.0 0   0   0  0  1  0
  - 4.05s  --------    0  n   Y  1.00 13.21 1.00 -  |   484.1    428.3  0.00 |  0.0  1.0 0   0   0  0  1  0
  - 3.95s  --------    0  n   Y  1.00 13.31 1.00 -  |   484.1    428.7  0.00 |  0.0  1.0 0   0   0  0  1  0
  - 3.85s  --------    0  n   Y  1.00 13.41 1.00 -  |   484.1    429.1  0.00 |  0.0  1.0 0   0   0  0  1  0
  - 3.75s  --------    0  n   Y  1.00 13.51 1.00 -  |   484.1    429.6  0.00 |  0.0  1.0 0   0   0  0  1  0
  - 3.64s  --------    0  Y   Y  1.00 13.62 1.00 -  |   484.1    430.3  0.00 |  0.0  1.0 0   0   0  0  1  0
  - 3.54s  --------    0  Y   Y  1.00 13.72 1.00 -  |   484.1    431.0  0.00 |  0.0  1.0 0   0   0  0  1  0
  - 3.44s  --------    0  Y   Y  1.00 13.82 1.00 -  |   484.1    431.7  0.00 |  0.0  1.0 0   0   0  0  1  0
  - 3.34s  --------    0  Y   Y  1.00 13.92 1.00 -  |   484.1    432.4  0.00 |  0.0  1.0 0   0   0  0  1  0
  - 3.24s  --------    0  n   Y  1.00 14.03 1.00 -  |   484.1    433.0  0.00 |  0.0  1.0 0   0   0  1  1  0
  - 3.13s  --------    0  n   Y  1.00 14.13 1.00 -  |   484.1    433.4  0.00 |  0.0  1.0 0   0   0  0  1  0
  - 3.03s  --------    0  n   Y  1.00 14.24 1.00 -  |   484.1    433.9  0.00 |  0.0  1.0 0   0   0  0  1  0
  - 2.92s  --------    0  n   Y  1.00 14.34 1.00 -  |   484.1    434.4  0.00 |  0.0  1.0 0   0   0  1  1  0
  - 2.82s  --------    0  n   Y  1.00 14.44 1.00 -  |   484.1    434.8  0.00 |  0.0  1.0 0   0   0  0  1  0
  - 2.72s  --------    0  n   Y  1.00 14.54 1.00 -  |   484.1    435.3  0.00 |  0.0  1.0 0   0   0  0  1  0
  - 2.62s  --------    0  n   Y  1.00 14.65 1.00 -  |   484.1    435.7  0.00 |  0.0  1.0 0   0   0  1  1  0
  - 2.51s  --------    0  n   Y  1.00 14.75 1.00 -  |   484.1    436.2  0.00 |  0.0  0.0 0   0   0  0  1  0
  - 2.41s  --------    0  n   Y  1.00 14.85 1.00 -  |   484.1    436.6  0.00 |  1.0  0.0 0   0   0  0  1  0
  - 2.31s  --------    0  n   Y  1.00 14.95 1.00 -  |   484.4    437.0  0.00 |  1.0  0.0 0   0   0  0  1  0
  - 2.20s  --------    0  n   Y  1.00 15.06 1.00 -  |   484.9    437.1  0.00 |  1.0  0.0 0   0   0  0  1  0
  - 2.10s  --------    0  n   Y  1.00 15.16 1.00 -  |   485.4    437.1  0.00 |  1.0  0.0 0   0   0  0  1  0
  - 2.00s  --------    0  n   Y  1.00 15.26 1.00 -  |   485.8    437.1  0.00 |  1.0  0.0 0   0   0  0  1  0
  - 1.89s  --------    0  n   Y  1.00 15.37 1.00 -  |   486.2    437.1  0.00 |  1.0  0.0 0   0   0  0  1  0
  - 1.79s  --------    0  n   Y  1.00 15.47 1.00 -  |   486.7    437.1  0.00 |  1.0  0.0 0   0   0  0  1  0
  - 1.69s  --------    0  Y   Y  1.00 15.57 1.00 -  |   487.1    437.1  0.00 |  1.0  0.0 0   0   0  0  1  0
  - 1.59s  --------    0  Y   Y  1.00 15.68 1.00 -  |   488.0    437.1  0.00 |  1.0  0.0 0   0   0  0  1  0
  - 1.48s  --------    0  Y   Y  1.00 15.78 1.00 -  |   488.7    437.1  0.00 |  1.0  0.0 0   0   0  0  1  0
  - 1.38s  --------    0  Y   Y  1.00 15.88 1.00 -  |   489.4    437.1  0.00 |  1.0  0.0 0   0   0  0  1  0
  - 1.27s  --------    0  n   Y  1.00 15.99 1.00 -  |   489.9    437.1  0.00 |  1.0  0.0 0   0   0  1  1  0
  - 1.17s  --------    0  n   Y  1.00 16.09 1.00 -  |   490.4    437.1  0.00 |  1.0  0.0 0   0   0  0  1  0
  - 1.07s  --------    0  n   Y  1.00 16.20 1.00 -  |   490.9    437.1  0.00 |  1.0  0.0 0   0   0  1  1  0
  - 0.96s  --------    0  n   Y  1.00 16.30 1.00 -  |   491.3    437.1  0.00 |  1.0  0.0 0   0   0  0  1  0
  - 0.86s  --------    0  n   Y  1.00 16.40 1.00 -  |   491.8    437.1  0.00 |  1.0  0.0 0   0   0  0  1  0
  - 0.76s  --------    0  n   Y  1.00 16.50 1.00 -  |   492.2    437.1  0.00 |  1.0  0.0 0   0   0  1  1  0
  - 0.65s  --------    0  n   Y  1.00 16.61 1.00 -  |   492.7    437.1  0.00 |  1.0  0.0 0   0   0  1  1  0
  - 0.55s  --------    0  n   Y  1.00 16.71 1.00 -  |   493.1    437.1  0.00 |  0.0  0.0 0   0   0  0  1  0
  - 0.44s  --------    0  n   Y  1.00 16.82 1.00 -  |   493.7    437.0  0.00 |  0.0 -1.0 0   0   0  0  1  0
  - 0.34s  --------    0  n   Y  1.00 16.92 1.00 -  |   493.9    436.7  0.00 |  0.0 -1.0 0   0   0  0  1  0
  - 0.24s  --------    0  n   Y  1.00 17.03 1.00 -  |   494.0    436.3  0.00 |  0.0 -1.0 0   0   0  0  1  0
  - 0.14s  --------    0  n   Y  1.00 17.13 1.00 -  |   494.0    435.9  0.00 |  0.0 -1.0 0   0   0  0  1  0
  - 0.03s  --------    0  n   Y  1.00 17.23 1.00 -  |   494.0    435.5  0.00 |  0.0 -1.0 0   0   0  0  1  0
=========================================================== END

[  2865   19.574 x1.00] LOG  💨 Landing VFX spawned!
[  2865   19.574 x1.00] LOG  ✅ LANDED! (was jump #3)
[  2956   20.093 x1.00] LOG  🚶 2-LEG JUMP
[  2956   20.093 x1.00] LOG  🐾 Jump 1 VFX spawned!
[  3114   21.032 x1.00] LOG  💨 Landing VFX spawned!
[  3114   21.032 x1.00] LOG  ✅ LANDED! (was jump #1)
[  3159   21.291 x1.00] LOG  🚶 2-LEG JUMP
[  3159   21.291 x1.00] LOG  🐾 Jump 1 VFX spawned!
[  3317   22.232 x1.00] LOG  💨 Landing VFX spawned!
[  3317   22.232 x1.00] LOG  ✅ LANDED! (was jump #1)
[  3508   23.401 x1.00] LOG  
==================== [FREEZE-DEBUG v3] ====================
  Reason : WASD-NOMOVE: WASD recent + speed 0.00m/s for 0.40s
  Time   : 21.291s   Frame: 3508   Snaps: 60
===========================================================

--- CURRENT STATE ---
  Flags: atk=False hvy=False dod=False dsh=False
         grd=False hit=False aerial=False lockPos=False
         comboStep=0
  Anim : speed=1.00  combatLayer hash=-792875657 normT=21.285 weight=1.00 inTransition=False
  CC   : grounded=True  enabled=True  pos=(486.71, -0.02, 430.90)  vel=(0.00, 0.00, 0.00)
  Move : IsRunning=False
  Input: H=0.00 V=0.00  LMB=False MMB=False Q=False Sp=False Sh=False C=False
         WASD pressed in last 0.5s: True (last 0.45s ago)

--- FLIGHT RECORDER (60 snapshots, oldest first, dt=0.10s) ---
  Legend: flags = A(tk) H(vy) D(od) S(sh) G(rd) R(eact) Y(aerial) L(ock)   gnd/cc: Y/n
  t-now    flags     step gnd cc anSp normT layW tr | posX     posZ     spd   | H    V    LMB MMB Q  Sp Sh C
  ------   --------  ---- --- -- ---- ----- ---- -- | -----    -----    ----  | ---- ---- --- --- -- -- -- -
  - 6.12s  --------    0  n   Y  1.00 15.16 1.00 -  |   485.4    437.1  0.00 |  1.0  0.0 0   0   0  0  1  0
  - 6.02s  --------    0  n   Y  1.00 15.26 1.00 -  |   485.8    437.1  0.00 |  1.0  0.0 0   0   0  0  1  0
  - 5.92s  --------    0  n   Y  1.00 15.37 1.00 -  |   486.2    437.1  0.00 |  1.0  0.0 0   0   0  0  1  0
  - 5.81s  --------    0  n   Y  1.00 15.47 1.00 -  |   486.7    437.1  0.00 |  1.0  0.0 0   0   0  0  1  0
  - 5.71s  --------    0  Y   Y  1.00 15.57 1.00 -  |   487.1    437.1  0.00 |  1.0  0.0 0   0   0  0  1  0
  - 5.61s  --------    0  Y   Y  1.00 15.68 1.00 -  |   488.0    437.1  0.00 |  1.0  0.0 0   0   0  0  1  0
  - 5.51s  --------    0  Y   Y  1.00 15.78 1.00 -  |   488.7    437.1  0.00 |  1.0  0.0 0   0   0  0  1  0
  - 5.40s  --------    0  Y   Y  1.00 15.88 1.00 -  |   489.4    437.1  0.00 |  1.0  0.0 0   0   0  0  1  0
  - 5.30s  --------    0  n   Y  1.00 15.99 1.00 -  |   489.9    437.1  0.00 |  1.0  0.0 0   0   0  1  1  0
  - 5.19s  --------    0  n   Y  1.00 16.09 1.00 -  |   490.4    437.1  0.00 |  1.0  0.0 0   0   0  0  1  0
  - 5.09s  --------    0  n   Y  1.00 16.20 1.00 -  |   490.9    437.1  0.00 |  1.0  0.0 0   0   0  1  1  0
  - 4.99s  --------    0  n   Y  1.00 16.30 1.00 -  |   491.3    437.1  0.00 |  1.0  0.0 0   0   0  0  1  0
  - 4.88s  --------    0  n   Y  1.00 16.40 1.00 -  |   491.8    437.1  0.00 |  1.0  0.0 0   0   0  0  1  0
  - 4.78s  --------    0  n   Y  1.00 16.50 1.00 -  |   492.2    437.1  0.00 |  1.0  0.0 0   0   0  1  1  0
  - 4.67s  --------    0  n   Y  1.00 16.61 1.00 -  |   492.7    437.1  0.00 |  1.0  0.0 0   0   0  1  1  0
  - 4.57s  --------    0  n   Y  1.00 16.71 1.00 -  |   493.1    437.1  0.00 |  0.0  0.0 0   0   0  0  1  0
  - 4.47s  --------    0  n   Y  1.00 16.82 1.00 -  |   493.7    437.0  0.00 |  0.0 -1.0 0   0   0  0  1  0
  - 4.36s  --------    0  n   Y  1.00 16.92 1.00 -  |   493.9    436.7  0.00 |  0.0 -1.0 0   0   0  0  1  0
  - 4.26s  --------    0  n   Y  1.00 17.03 1.00 -  |   494.0    436.3  0.00 |  0.0 -1.0 0   0   0  0  1  0
  - 4.16s  --------    0  n   Y  1.00 17.13 1.00 -  |   494.0    435.9  0.00 |  0.0 -1.0 0   0   0  0  1  0
  - 4.06s  --------    0  n   Y  1.00 17.23 1.00 -  |   494.0    435.5  0.00 |  0.0 -1.0 0   0   0  0  1  0
  - 3.95s  --------    0  n   Y  1.00 17.33 1.00 -  |   494.0    435.1  0.00 |  0.0 -1.0 0   0   0  0  1  0
  - 3.85s  --------    0  n   Y  1.00 17.44 1.00 -  |   494.0    434.6  0.00 |  0.0 -1.0 0   0   0  0  1  0
  - 3.75s  --------    0  Y   Y  1.00 17.54 1.00 -  |   494.0    434.4  0.00 |  0.0 -1.0 0   0   0  0  0  0
  - 3.64s  --------    0  Y   Y  1.00 17.64 1.00 -  |   494.0    434.2  0.00 | -1.0 -1.0 0   0   0  0  0  0
  - 3.54s  --------    0  Y   Y  1.00 17.75 1.00 -  |   493.9    434.0  0.00 | -1.0 -1.0 0   0   0  0  0  0
  - 3.44s  --------    0  Y   Y  1.00 17.85 1.00 -  |   493.9    433.8  0.00 | -1.0 -1.0 0   0   0  0  0  0
  - 3.33s  --------    0  Y   Y  1.00 17.95 1.00 -  |   493.7    433.6  0.00 | -1.0 -1.0 0   0   0  0  0  0
  - 3.23s  --------    0  n   Y  1.00 18.05 1.00 -  |   493.6    433.5  0.00 |  0.0 -1.0 0   0   0  1  0  0
  - 3.13s  --------    0  n   Y  1.00 18.16 1.00 -  |   493.4    433.2  0.00 | -1.0 -1.0 0   0   0  0  0  0
  - 3.03s  --------    0  n   Y  1.00 18.26 1.00 -  |   493.2    432.9  0.00 | -1.0 -1.0 0   0   0  0  0  0
  - 2.92s  --------    0  n   Y  1.00 18.36 1.00 -  |   493.0    432.7  0.00 |  0.0 -1.0 0   0   0  1  0  0
  - 2.82s  --------    0  n   Y  1.00 18.47 1.00 -  |   492.8    432.5  0.00 | -1.0 -1.0 0   0   0  0  0  0
  - 2.72s  --------    0  n   Y  1.00 18.57 1.00 -  |   492.6    432.2  0.00 | -1.0 -1.0 0   0   0  0  0  0
  - 2.62s  --------    0  n   Y  1.00 18.67 1.00 -  |   492.4    432.0  0.00 | -1.0 -1.0 0   0   0  1  0  0
  - 2.52s  --------    0  n   Y  1.00 18.77 1.00 -  |   492.2    431.8  0.00 | -1.0 -1.0 0   0   0  0  0  0
  - 2.41s  --------    0  n   Y  1.00 18.87 1.00 -  |   492.0    431.6  0.00 | -1.0 -1.0 0   0   0  0  0  0
  - 2.31s  --------    0  Y   Y  1.00 18.97 1.00 -  |   491.8    431.4  0.00 | -1.0 -1.0 0   0   0  0  0  0
  - 2.21s  --------    0  Y   Y  1.00 19.08 1.00 -  |   491.6    431.2  0.00 | -1.0 -1.0 0   0   0  0  0  0
  - 2.10s  --------    0  Y   Y  1.00 19.18 1.00 -  |   491.5    431.1  0.00 | -1.0  0.0 0   0   0  1  0  0
  - 2.00s  --------    0  n   Y  1.00 19.28 1.00 -  |   491.2    431.0  0.00 | -1.0  0.0 0   0   0  1  0  0
  - 1.90s  --------    0  n   Y  1.00 19.39 1.00 -  |   490.9    430.9  0.00 | -1.0  0.0 0   0   0  0  0  0
  - 1.80s  --------    0  n   Y  1.00 19.49 1.00 -  |   490.6    430.9  0.00 | -1.0  0.0 0   0   0  0  0  0
  - 1.69s  --------    0  n   Y  1.00 19.60 1.00 -  |   490.3    430.9  0.00 | -1.0  0.0 0   0   0  0  0  0
  - 1.59s  --------    0  n   Y  1.00 19.70 1.00 -  |   490.0    430.9  0.00 | -1.0  0.0 0   0   0  0  0  0
  - 1.48s  --------    0  n   Y  1.00 19.80 1.00 -  |   489.7    430.9  0.00 | -1.0  0.0 0   0   0  0  0  0
  - 1.38s  --------    0  n   Y  1.00 19.91 1.00 -  |   489.4    430.9  0.00 | -1.0  0.0 0   0   0  0  0  0
  - 1.28s  --------    0  n   Y  1.00 20.01 1.00 -  |   489.1    430.9  0.00 | -1.0  0.0 0   0   0  0  0  0
  - 1.18s  --------    0  n   Y  1.00 20.11 1.00 -  |   488.8    430.9  0.00 | -1.0  0.0 0   0   0  0  0  0
  - 1.07s  --------    0  Y   Y  1.00 20.21 1.00 -  |   488.5    430.9  0.00 | -1.0  0.0 0   0   0  0  0  0
  - 0.97s  --------    0  Y   Y  1.00 20.32 1.00 -  |   488.3    430.9  0.00 | -1.0  0.0 0   0   0  0  0  0
  - 0.87s  --------    0  Y   Y  1.00 20.42 1.00 -  |   488.1    430.9  0.00 | -1.0  0.0 0   0   0  0  0  0
  - 0.76s  --------    0  Y   Y  1.00 20.52 1.00 -  |   487.9    430.9  0.00 | -1.0  0.0 0   0   0  0  0  0
  - 0.66s  --------    0  Y   Y  1.00 20.62 1.00 -  |   487.7    430.9  0.00 | -1.0  0.0 0   0   0  0  0  0
  - 0.56s  --------    0  Y   Y  1.00 20.73 1.00 -  |   487.5    430.9  0.00 | -1.0  0.0 0   0   0  0  0  0
  - 0.45s  --------    0  Y   Y  1.00 20.83 1.00 -  |   487.3    430.9  0.00 | -1.0  0.0 0   0   0  0  0  0
  - 0.35s  --------    0  Y   Y  1.00 20.93 1.00 -  |   487.1    430.9  0.00 |  0.0  0.0 0   0   0  0  0  0
  - 0.25s  --------    0  Y   Y  1.00 21.03 1.00 -  |   486.9    430.9  0.00 |  0.0  0.0 0   0   0  0  0  0
  - 0.15s  --------    0  Y   Y  1.00 21.14 1.00 -  |   486.7    430.9  0.00 |  0.0  0.0 0   0   0  0  0  0
  - 0.04s  --------    0  Y   Y  1.00 21.24 1.00 -  |   486.7    430.9  0.00 |  0.0  0.0 0   0   0  0  0  0
=========================================================== END

[  3830   25.293 x1.00] LOG  🚶 2-LEG JUMP
[  3830   25.293 x1.00] LOG  🐾 Jump 1 VFX spawned!
[  3988   26.233 x1.00] LOG  💨 Landing VFX spawned!
[  3988   26.233 x1.00] LOG  ✅ LANDED! (was jump #1)
[  4187   27.401 x1.00] LOG  🐾 4-LEG JUMP #0
[  4187   27.401 x1.00] LOG  🐾 Jump 1 VFX spawned!
[  4200   27.482 x1.00] LOG  
==================== [FREEZE-DEBUG v3] ====================
  Reason : WASD-NOMOVE: WASD recent + speed 0.00m/s for 0.40s
  Time   : 25.372s   Frame: 4200   Snaps: 60
===========================================================

--- CURRENT STATE ---
  Flags: atk=False hvy=False dod=False dsh=False
         grd=False hit=False aerial=False lockPos=False
         comboStep=0
  Anim : speed=1.00  combatLayer hash=-792875657 normT=25.366 weight=1.00 inTransition=False
  CC   : grounded=False  enabled=True  pos=(481.43, 0.61, 430.90)  vel=(0.00, 6.55, 0.00)
  Move : IsRunning=True
  Input: H=-1.00 V=0.00  LMB=False MMB=False Q=False Sp=True Sh=True C=False
         WASD pressed in last 0.5s: True (last 0.00s ago)

--- FLIGHT RECORDER (60 snapshots, oldest first, dt=0.10s) ---
  Legend: flags = A(tk) H(vy) D(od) S(sh) G(rd) R(eact) Y(aerial) L(ock)   gnd/cc: Y/n
  t-now    flags     step gnd cc anSp normT layW tr | posX     posZ     spd   | H    V    LMB MMB Q  Sp Sh C
  ------   --------  ---- --- -- ---- ----- ---- -- | -----    -----    ----  | ---- ---- --- --- -- -- -- -
  - 6.08s  --------    0  n   Y  1.00 19.28 1.00 -  |   491.2    431.0  0.00 | -1.0  0.0 0   0   0  1  0  0
  - 5.98s  --------    0  n   Y  1.00 19.39 1.00 -  |   490.9    430.9  0.00 | -1.0  0.0 0   0   0  0  0  0
  - 5.88s  --------    0  n   Y  1.00 19.49 1.00 -  |   490.6    430.9  0.00 | -1.0  0.0 0   0   0  0  0  0
  - 5.77s  --------    0  n   Y  1.00 19.60 1.00 -  |   490.3    430.9  0.00 | -1.0  0.0 0   0   0  0  0  0
  - 5.67s  --------    0  n   Y  1.00 19.70 1.00 -  |   490.0    430.9  0.00 | -1.0  0.0 0   0   0  0  0  0
  - 5.57s  --------    0  n   Y  1.00 19.80 1.00 -  |   489.7    430.9  0.00 | -1.0  0.0 0   0   0  0  0  0
  - 5.46s  --------    0  n   Y  1.00 19.91 1.00 -  |   489.4    430.9  0.00 | -1.0  0.0 0   0   0  0  0  0
  - 5.36s  --------    0  n   Y  1.00 20.01 1.00 -  |   489.1    430.9  0.00 | -1.0  0.0 0   0   0  0  0  0
  - 5.26s  --------    0  n   Y  1.00 20.11 1.00 -  |   488.8    430.9  0.00 | -1.0  0.0 0   0   0  0  0  0
  - 5.15s  --------    0  Y   Y  1.00 20.21 1.00 -  |   488.5    430.9  0.00 | -1.0  0.0 0   0   0  0  0  0
  - 5.05s  --------    0  Y   Y  1.00 20.32 1.00 -  |   488.3    430.9  0.00 | -1.0  0.0 0   0   0  0  0  0
  - 4.95s  --------    0  Y   Y  1.00 20.42 1.00 -  |   488.1    430.9  0.00 | -1.0  0.0 0   0   0  0  0  0
  - 4.85s  --------    0  Y   Y  1.00 20.52 1.00 -  |   487.9    430.9  0.00 | -1.0  0.0 0   0   0  0  0  0
  - 4.74s  --------    0  Y   Y  1.00 20.62 1.00 -  |   487.7    430.9  0.00 | -1.0  0.0 0   0   0  0  0  0
  - 4.64s  --------    0  Y   Y  1.00 20.73 1.00 -  |   487.5    430.9  0.00 | -1.0  0.0 0   0   0  0  0  0
  - 4.54s  --------    0  Y   Y  1.00 20.83 1.00 -  |   487.3    430.9  0.00 | -1.0  0.0 0   0   0  0  0  0
  - 4.43s  --------    0  Y   Y  1.00 20.93 1.00 -  |   487.1    430.9  0.00 |  0.0  0.0 0   0   0  0  0  0
  - 4.33s  --------    0  Y   Y  1.00 21.03 1.00 -  |   486.9    430.9  0.00 |  0.0  0.0 0   0   0  0  0  0
  - 4.23s  --------    0  Y   Y  1.00 21.14 1.00 -  |   486.7    430.9  0.00 |  0.0  0.0 0   0   0  0  0  0
  - 4.12s  --------    0  Y   Y  1.00 21.24 1.00 -  |   486.7    430.9  0.00 |  0.0  0.0 0   0   0  0  0  0
  - 4.02s  --------    0  Y   Y  1.00 21.34 1.00 -  |   486.7    430.9  0.00 |  0.0  0.0 0   0   0  0  0  0
  - 3.92s  --------    0  Y   Y  1.00 21.45 1.00 -  |   486.7    430.9  0.00 |  0.0  0.0 0   0   0  0  0  0
  - 3.82s  --------    0  Y   Y  1.00 21.55 1.00 -  |   486.7    430.9  0.00 |  0.0  0.0 0   0   0  0  0  0
  - 3.72s  --------    0  Y   Y  1.00 21.65 1.00 -  |   486.7    430.9  0.00 |  0.0  0.0 0   0   0  0  0  0
  - 3.61s  --------    0  Y   Y  1.00 21.75 1.00 -  |   486.7    430.9  0.00 |  0.0  0.0 0   0   0  0  0  0
  - 3.51s  --------    0  Y   Y  1.00 21.86 1.00 -  |   486.7    430.9  0.00 |  0.0  0.0 0   0   0  0  0  0
  - 3.40s  --------    0  Y   Y  1.00 21.96 1.00 -  |   486.7    430.9  0.00 |  0.0  0.0 0   0   0  0  0  0
  - 3.30s  --------    0  Y   Y  1.00 22.07 1.00 -  |   486.7    430.9  0.00 |  0.0  0.0 0   0   0  0  0  0
  - 3.19s  --------    0  Y   Y  1.00 22.17 1.00 -  |   486.7    430.9  0.00 |  0.0  0.0 0   0   0  0  0  0
  - 3.09s  --------    0  Y   Y  1.00 22.28 1.00 -  |   486.7    430.9  0.00 |  0.0  0.0 0   0   0  0  0  0
  - 2.99s  --------    0  Y   Y  1.00 22.38 1.00 -  |   486.7    430.9  0.00 |  0.0  0.0 0   0   0  0  0  0
  - 2.88s  --------    0  Y   Y  1.00 22.49 1.00 -  |   486.7    430.9  0.00 |  0.0  0.0 0   0   0  0  0  0
  - 2.78s  --------    0  Y   Y  1.00 22.59 1.00 -  |   486.7    430.9  0.00 |  0.0  0.0 0   0   0  0  0  0
  - 2.67s  --------    0  Y   Y  1.00 22.69 1.00 -  |   486.7    430.9  0.00 |  0.0  0.0 0   0   0  0  0  0
  - 2.57s  --------    0  Y   Y  1.00 22.80 1.00 -  |   486.7    430.9  0.00 |  0.0  0.0 0   0   0  0  0  0
  - 2.47s  --------    0  Y   Y  1.00 22.90 1.00 -  |   486.7    430.9  0.00 |  0.0  0.0 0   0   0  0  0  0
  - 2.36s  --------    0  Y   Y  1.00 23.00 1.00 -  |   486.7    430.9  0.00 |  0.0  0.0 0   0   0  0  0  0
  - 2.26s  --------    0  Y   Y  1.00 23.11 1.00 -  |   486.7    430.9  0.00 |  0.0  0.0 0   0   0  0  0  0
  - 2.16s  --------    0  n   Y  1.00 23.21 1.00 -  |   486.7    430.9  0.00 |  0.0  0.0 0   0   0  1  1  0
  - 2.05s  --------    0  n   Y  1.00 23.31 1.00 -  |   486.7    430.9  0.00 |  0.0  0.0 0   0   0  1  1  0
  - 1.95s  --------    0  n   Y  1.00 23.42 1.00 -  |   486.6    430.9  0.00 |  0.0  0.0 0   0   0  0  0  0
  - 1.85s  --------    0  n   Y  1.00 23.52 1.00 -  |   486.6    430.9  0.00 |  0.0  0.0 0   0   0  1  0  0
  - 1.74s  --------    0  n   Y  1.00 23.62 1.00 -  |   486.5    430.9  0.00 |  0.0  0.0 0   0   0  1  0  0
  - 1.64s  --------    0  n   Y  1.00 23.72 1.00 -  |   486.5    430.9  0.00 |  0.0  0.0 0   0   0  0  0  0
  - 1.54s  --------    0  n   Y  1.00 23.83 1.00 -  |   486.4    430.9  0.00 |  0.0  0.0 0   0   0  0  0  0
  - 1.44s  --------    0  n   Y  1.00 23.93 1.00 -  |   486.4    430.9  0.00 |  0.0  0.0 0   0   0  0  0  0
  - 1.34s  --------    0  n   Y  1.00 24.03 1.00 -  |   486.3    430.9  0.00 |  0.0  0.0 0   0   0  0  0  0
  - 1.24s  --------    0  Y   Y  1.00 24.13 1.00 -  |   486.3    430.9  0.00 |  0.0  0.0 0   0   0  0  0  0
  - 1.13s  --------    0  Y   Y  1.00 24.23 1.00 -  |   486.3    430.9  0.00 |  0.0  0.0 0   0   0  0  0  0
  - 1.03s  --------    0  Y   Y  1.00 24.34 1.00 -  |   486.3    430.9  0.00 |  0.0  0.0 0   0   0  0  0  0
  - 0.93s  --------    0  Y   Y  1.00 24.44 1.00 -  |   486.3    430.9  0.00 |  0.0  0.0 0   0   0  0  0  0
  - 0.82s  --------    0  Y   Y  1.00 24.54 1.00 -  |   486.3    430.9  0.00 |  0.0  0.0 0   0   0  0  0  0
  - 0.72s  --------    0  Y   Y  1.00 24.64 1.00 -  |   486.2    430.9  0.00 | -1.0  0.0 0   0   0  0  0  0
  - 0.62s  --------    0  Y   Y  1.00 24.75 1.00 -  |   485.6    430.9  0.00 | -1.0  0.0 0   0   0  0  1  0
  - 0.51s  --------    0  Y   Y  1.00 24.85 1.00 -  |   484.9    430.9  0.00 | -1.0  0.0 0   0   0  0  1  0
  - 0.41s  --------    0  Y   Y  1.00 24.96 1.00 -  |   484.1    430.9  0.00 | -1.0  0.0 0   0   0  0  1  0
  - 0.31s  --------    0  Y   Y  1.00 25.06 1.00 -  |   483.4    430.9  0.00 | -1.0  0.0 0   0   0  0  1  0
  - 0.21s  --------    0  Y   Y  1.00 25.16 1.00 -  |   482.7    430.9  0.00 | -1.0  0.0 0   0   0  0  1  0
  - 0.10s  --------    0  Y   Y  1.00 25.26 1.00 -  |   482.0    430.9  0.00 | -1.0  0.0 0   0   0  0  1  0
  - 0.00s  --------    0  n   Y  1.00 25.37 1.00 -  |   481.4    430.9  0.00 | -1.0  0.0 0   0   0  1  1  0
=========================================================== END

[  4237   27.713 x1.00] LOG  🐾 4-LEG JUMP #1
[  4237   27.713 x1.00] LOG  🐾 Jump 2 VFX spawned!
[  4289   28.034 x1.00] LOG  🐾 4-LEG JUMP #2
[  4289   28.034 x1.00] LOG  🐾 Jump 3 VFX spawned!
[  4289   28.034 x1.00] LOG  🚫 Max jumps reached!
[  4397   28.720 x1.00] LOG  [StormWeather] ⚡ strike at (479.13, 45.00, 450.07)
[  4450   29.034 x1.00] LOG  💨 Landing VFX spawned!
[  4450   29.034 x1.00] LOG  ✅ LANDED! (was jump #3)
[  4998   32.619 x1.00] LOG  
==================== [FREEZE-DEBUG v3] ====================
  Reason : WASD-NOMOVE: WASD recent + speed 0.00m/s for 0.40s
  Time   : 30.508s   Frame: 4998   Snaps: 60
===========================================================

--- CURRENT STATE ---
  Flags: atk=False hvy=False dod=False dsh=False
         grd=False hit=False aerial=False lockPos=False
         comboStep=0
  Anim : speed=1.00  combatLayer hash=-792875657 normT=30.502 weight=1.00 inTransition=False
  CC   : grounded=True  enabled=True  pos=(473.09, 0.07, 431.62)  vel=(0.00, -0.21, 0.00)
  Move : IsRunning=False
  Input: H=0.00 V=1.00  LMB=False MMB=False Q=False Sp=False Sh=False C=False
         WASD pressed in last 0.5s: True (last 0.00s ago)

--- FLIGHT RECORDER (60 snapshots, oldest first, dt=0.10s) ---
  Legend: flags = A(tk) H(vy) D(od) S(sh) G(rd) R(eact) Y(aerial) L(ock)   gnd/cc: Y/n
  t-now    flags     step gnd cc anSp normT layW tr | posX     posZ     spd   | H    V    LMB MMB Q  Sp Sh C
  ------   --------  ---- --- -- ---- ----- ---- -- | -----    -----    ----  | ---- ---- --- --- -- -- -- -
  - 6.27s  --------    0  Y   Y  1.00 24.23 1.00 -  |   486.3    430.9  0.00 |  0.0  0.0 0   0   0  0  0  0
  - 6.16s  --------    0  Y   Y  1.00 24.34 1.00 -  |   486.3    430.9  0.00 |  0.0  0.0 0   0   0  0  0  0
  - 6.06s  --------    0  Y   Y  1.00 24.44 1.00 -  |   486.3    430.9  0.00 |  0.0  0.0 0   0   0  0  0  0
  - 5.96s  --------    0  Y   Y  1.00 24.54 1.00 -  |   486.3    430.9  0.00 |  0.0  0.0 0   0   0  0  0  0
  - 5.86s  --------    0  Y   Y  1.00 24.64 1.00 -  |   486.2    430.9  0.00 | -1.0  0.0 0   0   0  0  0  0
  - 5.75s  --------    0  Y   Y  1.00 24.75 1.00 -  |   485.6    430.9  0.00 | -1.0  0.0 0   0   0  0  1  0
  - 5.65s  --------    0  Y   Y  1.00 24.85 1.00 -  |   484.9    430.9  0.00 | -1.0  0.0 0   0   0  0  1  0
  - 5.55s  --------    0  Y   Y  1.00 24.96 1.00 -  |   484.1    430.9  0.00 | -1.0  0.0 0   0   0  0  1  0
  - 5.44s  --------    0  Y   Y  1.00 25.06 1.00 -  |   483.4    430.9  0.00 | -1.0  0.0 0   0   0  0  1  0
  - 5.34s  --------    0  Y   Y  1.00 25.16 1.00 -  |   482.7    430.9  0.00 | -1.0  0.0 0   0   0  0  1  0
  - 5.24s  --------    0  Y   Y  1.00 25.26 1.00 -  |   482.0    430.9  0.00 | -1.0  0.0 0   0   0  0  1  0
  - 5.14s  --------    0  n   Y  1.00 25.37 1.00 -  |   481.4    430.9  0.00 | -1.0  0.0 0   0   0  1  1  0
  - 5.03s  --------    0  n   Y  1.00 25.47 1.00 -  |   481.0    430.9  0.00 | -1.0  0.0 0   0   0  0  1  0
  - 4.92s  --------    0  n   Y  1.00 25.58 1.00 -  |   480.4    430.9  0.00 | -1.0  0.0 0   0   0  0  1  0
  - 4.82s  --------    0  n   Y  1.00 25.68 1.00 -  |   480.0    430.9  0.00 | -1.0  0.0 0   0   0  1  1  0
  - 4.72s  --------    0  n   Y  1.00 25.78 1.00 -  |   479.5    430.9  0.00 | -1.0  0.0 0   0   0  0  1  0
  - 4.61s  --------    0  n   Y  1.00 25.89 1.00 -  |   479.1    430.9  0.00 | -1.0  0.0 0   0   0  0  1  0
  - 4.51s  --------    0  n   Y  1.00 25.99 1.00 -  |   478.6    430.9  0.00 | -1.0  0.0 0   0   0  1  1  0
  - 4.41s  --------    0  n   Y  1.00 26.09 1.00 -  |   478.1    430.9  0.00 | -1.0  0.0 0   0   0  0  1  0
  - 4.30s  --------    0  n   Y  1.00 26.20 1.00 -  |   477.6    430.9  0.00 | -1.0  0.0 0   0   0  0  1  0
  - 4.20s  --------    0  n   Y  1.00 26.30 1.00 -  |   477.2    430.9  0.00 | -1.0  0.0 0   0   0  0  1  0
  - 4.10s  --------    0  n   Y  1.00 26.41 1.00 -  |   476.7    430.9  0.00 | -1.0  0.0 0   0   0  0  1  0
  - 3.99s  --------    0  n   Y  1.00 26.51 1.00 -  |   476.3    430.9  0.00 | -1.0  0.0 0   0   0  0  1  0
  - 3.89s  --------    0  n   Y  1.00 26.61 1.00 -  |   475.8    430.9  0.00 | -1.0  0.0 0   0   0  0  1  0
  - 3.79s  --------    0  n   Y  1.00 26.71 1.00 -  |   475.3    430.9  0.00 | -1.0  0.0 0   0   0  0  1  0
  - 3.68s  --------    0  n   Y  1.00 26.82 1.00 -  |   474.9    430.9  0.00 | -1.0  0.0 0   0   0  0  1  0
  - 3.58s  --------    0  Y   Y  1.00 26.92 1.00 -  |   474.4    430.9  0.00 | -1.0  0.0 0   0   0  0  1  0
  - 3.48s  --------    0  Y   Y  1.00 27.02 1.00 -  |   473.7    430.9  0.00 |  0.0  0.0 0   0   0  0  1  0
  - 3.38s  --------    0  Y   Y  1.00 27.12 1.00 -  |   473.4    430.9  0.00 |  0.0  0.0 0   0   0  0  0  0
  - 3.28s  --------    0  Y   Y  1.00 27.22 1.00 -  |   473.2    430.9  0.00 |  0.0  0.0 0   0   0  0  0  0
  - 3.17s  --------    0  Y   Y  1.00 27.33 1.00 -  |   473.1    430.9  0.00 |  0.0  0.0 0   0   0  0  0  0
  - 3.07s  --------    0  Y   Y  1.00 27.43 1.00 -  |   473.1    430.9  0.00 |  0.0  0.0 0   0   0  0  0  0
  - 2.96s  --------    0  Y   Y  1.00 27.54 1.00 -  |   473.1    430.9  0.00 |  0.0  0.0 0   0   0  0  0  0
  - 2.86s  --------    0  Y   Y  1.00 27.64 1.00 -  |   473.1    430.9  0.00 |  0.0  0.0 0   0   0  0  0  0
  - 2.76s  --------    0  Y   Y  1.00 27.74 1.00 -  |   473.1    430.9  0.00 |  0.0  0.0 0   0   0  0  0  0
  - 2.65s  --------    0  Y   Y  1.00 27.85 1.00 -  |   473.1    430.9  0.00 |  0.0  0.0 0   0   0  0  0  0
  - 2.55s  --------    0  Y   Y  1.00 27.95 1.00 -  |   473.1    430.9  0.00 |  0.0  0.0 0   0   0  0  0  0
  - 2.45s  --------    0  Y   Y  1.00 28.06 1.00 -  |   473.1    430.9  0.00 |  0.0  0.0 0   0   0  0  0  0
  - 2.34s  --------    0  Y   Y  1.00 28.16 1.00 -  |   473.1    430.9  0.00 |  0.0  0.0 0   0   0  0  0  0
  - 2.24s  --------    0  Y   Y  1.00 28.26 1.00 -  |   473.1    430.9  0.00 |  0.0  0.0 0   0   0  0  0  0
  - 2.14s  --------    0  Y   Y  1.00 28.37 1.00 -  |   473.1    430.9  0.00 |  0.0  0.0 0   0   0  0  0  0
  - 2.03s  --------    0  Y   Y  1.00 28.47 1.00 -  |   473.1    430.9  0.00 |  0.0  0.0 0   0   0  0  0  0
  - 1.93s  --------    0  Y   Y  1.00 28.57 1.00 -  |   473.1    430.9  0.00 |  0.0  0.0 0   0   0  0  0  0
  - 1.83s  --------    0  Y   Y  1.00 28.67 1.00 -  |   473.1    430.9  0.00 |  0.0  0.0 0   0   0  0  0  0
  - 1.73s  --------    0  Y   Y  1.00 28.77 1.00 -  |   473.1    430.9  0.00 |  0.0  0.0 0   0   0  0  0  0
  - 1.63s  --------    0  Y   Y  1.00 28.88 1.00 -  |   473.1    430.9  0.00 |  0.0  0.0 0   0   0  0  0  0
  - 1.52s  --------    0  Y   Y  1.00 28.98 1.00 -  |   473.1    430.9  0.00 |  0.0  0.0 0   0   0  0  0  0
  - 1.42s  --------    0  Y   Y  1.00 29.08 1.00 -  |   473.1    430.9  0.00 |  0.0  0.0 0   0   0  0  0  0
  - 1.32s  --------    0  Y   Y  1.00 29.18 1.00 -  |   473.1    430.9  0.00 |  0.0  0.0 0   0   0  0  0  0
  - 1.22s  --------    0  Y   Y  1.00 29.28 1.00 -  |   473.1    430.9  0.00 |  0.0  0.0 0   0   0  0  0  0
  - 1.11s  --------    0  Y   Y  1.00 29.39 1.00 -  |   473.1    430.9  0.00 |  0.0  0.0 0   0   0  0  0  0
  - 1.01s  --------    0  Y   Y  1.00 29.49 1.00 -  |   473.1    430.9  0.00 |  0.0  0.0 0   0   0  0  0  0
  - 0.90s  --------    0  Y   Y  1.00 29.60 1.00 -  |   473.1    430.9  0.00 |  0.0  0.0 0   0   0  0  0  0
  - 0.71s  --------    0  Y   Y  1.00 29.66 1.00 -  |   473.1    430.9  0.00 |  0.0  0.0 0   0   0  0  0  0
  - 0.61s  --------    0  Y   Y  1.00 29.90 1.00 -  |   473.1    430.9  0.00 |  0.0  0.0 0   0   0  0  0  0
  - 0.51s  --------    0  Y   Y  1.00 30.00 1.00 -  |   473.1    430.9  0.00 |  0.0  0.0 0   0   0  0  0  0
  - 0.40s  --------    0  Y   Y  1.00 30.10 1.00 -  |   473.1    430.9  0.00 |  0.0  0.0 0   0   0  0  0  0
  - 0.30s  --------    0  Y   Y  1.00 30.21 1.00 -  |   473.1    431.0  0.00 |  0.0  1.0 0   0   0  0  0  0
  - 0.19s  --------    0  Y   Y  1.00 30.31 1.00 -  |   473.1    431.2  0.00 |  0.0  1.0 0   0   0  0  0  0
  - 0.09s  --------    0  Y   Y  1.00 30.41 1.00 -  |   473.1    431.4  0.00 |  0.0  1.0 0   0   0  0  0  0
=========================================================== END

[  5289   34.548 x1.00] LOG  🐾 4-LEG JUMP #0
[  5289   34.548 x1.00] LOG  🐾 Jump 1 VFX spawned!
[  5337   34.851 x1.00] LOG  [OniBoss:Layer] watch stance ON (player 15.0m)
[  5374   35.088 x0.10] LOG  [TailAirShot4Leg] ENTER 4 leg, slow on for up to 3s real, waiting for the fire button, drawState=shoot_4Leg | y=1.89 ts=0.10 fdt=0.0020
[  5374   35.088 x0.10] LOG  [TailAirShot] entry refused: this airtime is not a 2 leg jump | y=1.89 ts=0.10 fdt=0.0020
[  5374   35.088 x0.10] LOG  [AirPosePin] engaged, holding body at 2.220m above the transform
[  5420   35.386 x0.10] LOG  [TailAirShot4Leg] DRAW started | y=1.84 ts=0.10 fdt=0.0020
[  5447   35.559 x0.10] LOG  [TailAirShot4Leg] READY, frozen on frame 5 | y=1.81 ts=0.10 fdt=0.0020
[  5505   35.916 x0.10] LOG  [TailAirShot4Leg] SHOT released (released from ready pose) | y=1.73 ts=0.10 fdt=0.0020
[  5533   36.086 x0.10] LOG  [TailAirShot4Leg] FIRE, arrow away, dir=(-0.01, -0.34, 0.94) damage=40 (20 x 2.00) | y=1.67 ts=0.10 fdt=0.0020
[  5535   36.102 x1.00] LOG  [TailAirShot4Leg] FINISHER (R released mid motion), motion completes and fires | y=1.67 ts=1.00 fdt=0.0200
[  5581   36.383 x1.00] LOG  💨 Landing VFX spawned!
[  5581   36.383 x1.00] LOG  ✅ LANDED! (was jump #1)
[  5581   36.383 x1.00] LOG  [AirPosePin] released, peak correction was 1.411m
[  5609   36.551 x1.00] LOG  [TailAirShot4Leg] finisher done, fully idle | y=-0.02 ts=1.00 fdt=0.0200
[  5630   36.677 x1.00] LOG  OniBoss took 40 damage. HP: 460/500
[  5630   36.677 x1.00] LOG  [OniBoss] LostSoul → Stagger
[  5630   36.677 x1.00] LOG  [OniBoss] Playing animation: Stagger
[  5630   36.677 x1.00] LOG  [OniBoss] STAGGERED for 2.5s
[  5630   36.677 x1.00] LOG  [OniBoss:Layer] heavy knock-back react (40 dmg) → 'HitReact_Heavy', down for 1.80s
[  5631   36.687 x1.00] LOG  [BossBar] Showing bar for: Oni (460/500)
[  5631   36.687 x1.00] LOG  [OniBoss:Layer] boss bar shown
[  5671   36.929 x1.00] LOG  🚶 2-LEG JUMP
[  5671   36.929 x1.00] LOG  🐾 Jump 1 VFX spawned!
[  5774   37.564 x1.00] LOG  
==================== [FREEZE-DEBUG v3] ====================
  Reason : WASD-NOMOVE: WASD recent + speed 0.00m/s for 0.40s
  Time   : 34.542s   Frame: 5774   Snaps: 60
===========================================================

--- CURRENT STATE ---
  Flags: atk=False hvy=False dod=False dsh=False
         grd=False hit=False aerial=False lockPos=False
         comboStep=0
  Anim : speed=1.00  combatLayer hash=-792875657 normT=1.007 weight=1.00 inTransition=False
  CC   : grounded=False  enabled=True  pos=(481.71, 1.71, 442.64)  vel=(0.00, -2.75, 0.00)
  Move : IsRunning=False
  Input: H=0.00 V=0.00  LMB=False MMB=False Q=False Sp=False Sh=True C=False
         WASD pressed in last 0.5s: True (last 0.36s ago)

--- FLIGHT RECORDER (60 snapshots, oldest first, dt=0.10s) ---
  Legend: flags = A(tk) H(vy) D(od) S(sh) G(rd) R(eact) Y(aerial) L(ock)   gnd/cc: Y/n
  t-now    flags     step gnd cc anSp normT layW tr | posX     posZ     spd   | H    V    LMB MMB Q  Sp Sh C
  ------   --------  ---- --- -- ---- ----- ---- -- | -----    -----    ----  | ---- ---- --- --- -- -- -- -
  - 6.17s  --------    0  Y   Y  1.00 28.37 1.00 -  |   473.1    430.9  0.00 |  0.0  0.0 0   0   0  0  0  0
  - 6.07s  --------    0  Y   Y  1.00 28.47 1.00 -  |   473.1    430.9  0.00 |  0.0  0.0 0   0   0  0  0  0
  - 5.97s  --------    0  Y   Y  1.00 28.57 1.00 -  |   473.1    430.9  0.00 |  0.0  0.0 0   0   0  0  0  0
  - 5.86s  --------    0  Y   Y  1.00 28.67 1.00 -  |   473.1    430.9  0.00 |  0.0  0.0 0   0   0  0  0  0
  - 5.76s  --------    0  Y   Y  1.00 28.77 1.00 -  |   473.1    430.9  0.00 |  0.0  0.0 0   0   0  0  0  0
  - 5.66s  --------    0  Y   Y  1.00 28.88 1.00 -  |   473.1    430.9  0.00 |  0.0  0.0 0   0   0  0  0  0
  - 5.56s  --------    0  Y   Y  1.00 28.98 1.00 -  |   473.1    430.9  0.00 |  0.0  0.0 0   0   0  0  0  0
  - 5.46s  --------    0  Y   Y  1.00 29.08 1.00 -  |   473.1    430.9  0.00 |  0.0  0.0 0   0   0  0  0  0
  - 5.35s  --------    0  Y   Y  1.00 29.18 1.00 -  |   473.1    430.9  0.00 |  0.0  0.0 0   0   0  0  0  0
  - 5.25s  --------    0  Y   Y  1.00 29.28 1.00 -  |   473.1    430.9  0.00 |  0.0  0.0 0   0   0  0  0  0
  - 5.15s  --------    0  Y   Y  1.00 29.39 1.00 -  |   473.1    430.9  0.00 |  0.0  0.0 0   0   0  0  0  0
  - 5.04s  --------    0  Y   Y  1.00 29.49 1.00 -  |   473.1    430.9  0.00 |  0.0  0.0 0   0   0  0  0  0
  - 4.94s  --------    0  Y   Y  1.00 29.60 1.00 -  |   473.1    430.9  0.00 |  0.0  0.0 0   0   0  0  0  0
  - 4.74s  --------    0  Y   Y  1.00 29.66 1.00 -  |   473.1    430.9  0.00 |  0.0  0.0 0   0   0  0  0  0
  - 4.64s  --------    0  Y   Y  1.00 29.90 1.00 -  |   473.1    430.9  0.00 |  0.0  0.0 0   0   0  0  0  0
  - 4.54s  --------    0  Y   Y  1.00 30.00 1.00 -  |   473.1    430.9  0.00 |  0.0  0.0 0   0   0  0  0  0
  - 4.43s  --------    0  Y   Y  1.00 30.10 1.00 -  |   473.1    430.9  0.00 |  0.0  0.0 0   0   0  0  0  0
  - 4.33s  --------    0  Y   Y  1.00 30.21 1.00 -  |   473.1    431.0  0.00 |  0.0  1.0 0   0   0  0  0  0
  - 4.23s  --------    0  Y   Y  1.00 30.31 1.00 -  |   473.1    431.2  0.00 |  0.0  1.0 0   0   0  0  0  0
  - 4.12s  --------    0  Y   Y  1.00 30.41 1.00 -  |   473.1    431.4  0.00 |  0.0  1.0 0   0   0  0  0  0
  - 4.02s  --------    0  Y   Y  1.00 30.51 1.00 -  |   473.1    431.7  0.00 |  0.0  1.0 0   0   0  0  0  0
  - 3.92s  --------    0  Y   Y  1.00 30.61 1.00 -  |   473.1    432.0  0.00 |  0.0  1.0 0   0   0  0  1  0
  - 3.82s  --------    0  Y   Y  1.00 30.72 1.00 -  |   473.1    432.7  0.00 |  0.0  1.0 0   0   0  0  1  0
  - 3.71s  --------    0  Y   Y  1.00 30.82 1.00 -  |   473.1    433.4  0.00 |  0.0  1.0 0   0   0  0  1  0
  - 3.61s  --------    0  Y   Y  1.00 30.93 1.00 -  |   473.1    434.1  0.00 |  0.0  1.0 0   0   0  0  1  0
  - 3.51s  --------    0  Y   Y  1.00 31.03 1.00 -  |   473.1    434.8  0.00 |  0.0  1.0 0   0   0  0  1  0
  - 3.40s  --------    0  Y   Y  1.00 31.13 1.00 -  |   473.1    435.5  0.00 |  0.0  1.0 0   0   0  0  1  0
  - 3.30s  --------    0  Y   Y  1.00 31.24 1.00 -  |   473.1    436.3  0.00 |  0.0  1.0 0   0   0  0  1  0
  - 3.20s  --------    0  Y   Y  1.00 31.34 1.00 -  |   473.1    437.0  0.00 |  0.0  0.0 0   0   0  0  1  0
  - 3.09s  --------    0  Y   Y  1.00 31.44 1.00 -  |   473.1    437.7  0.00 |  0.0  0.0 0   0   0  0  1  0
  - 2.99s  --------    0  Y   Y  1.00 31.55 1.00 -  |   473.3    438.3  0.00 |  1.0  0.0 0   0   0  0  1  0
  - 2.88s  --------    0  Y   Y  1.00 31.65 1.00 -  |   474.0    438.5  0.00 |  1.0  0.0 0   0   0  0  1  0
  - 2.78s  --------    0  Y   Y  1.00 31.75 1.00 -  |   474.8    438.5  0.00 |  1.0  0.0 0   0   0  0  1  0
  - 2.67s  --------    0  Y   Y  1.00 31.86 1.00 -  |   475.5    438.5  0.00 |  1.0  0.0 0   0   0  0  1  0
  - 2.56s  --------    0  Y   Y  1.00 31.97 1.00 -  |   476.2    438.5  0.00 |  1.0  0.0 0   0   0  0  1  0
  - 2.46s  --------    0  Y   Y  1.00 32.07 1.00 -  |   476.9    438.5  0.00 |  1.0  0.0 0   0   0  0  1  0
  - 2.36s  --------    0  Y   Y  1.00 32.18 1.00 -  |   477.8    438.5  0.00 |  1.0  1.0 0   0   0  0  1  0
  - 2.26s  --------    0  Y   Y  1.00 32.28 1.00 -  |   478.4    438.7  0.00 |  1.0  1.0 0   0   0  0  1  0
  - 2.16s  --------    0  Y   Y  1.00 32.38 1.00 -  |   479.0    439.1  0.00 |  0.0  1.0 0   0   0  0  1  0
  - 2.06s  --------    0  n   Y  1.00 32.48 1.00 -  |   479.4    439.5  0.00 |  0.0  1.0 0   0   0  1  1  0
  - 1.95s  --------    0  n   Y  1.00 32.58 1.00 -  |   479.6    440.0  0.00 |  0.0  1.0 0   0   0  1  1  0
  - 1.85s  --------    0  n   Y  1.00 32.69 1.00 -  |   479.6    440.4  0.00 |  0.0  1.0 0   0   0  0  1  0
  - 1.74s  --------    0  n   Y  1.00 32.79 1.00 -  |   479.6    440.9  0.00 |  0.0  1.0 0   0   0  0  1  0
  - 1.64s  --------    0  n   Y  1.00 32.89 1.00 -  |   479.6    441.4  0.00 |  0.0  1.0 0   0   0  0  1  0
  - 1.54s  --------    0  n   Y  1.00 33.00 1.00 -  |   479.6    441.9  0.00 |  0.0  1.0 0   0   0  0  1  0
  - 1.44s  --------    0  n   Y  1.00  0.47 1.00 -  |   479.6    442.3  0.00 |  0.0  1.0 0   0   0  0  1  0
  - 1.34s  --------    0  n   Y  1.00  0.59 1.00 -  |   479.6    442.7  0.00 |  0.0  0.0 0   0   0  0  1  0
  - 1.24s  --------    0  n   Y  1.00  0.72 1.00 -  |   479.6    443.2  0.00 |  0.0  0.0 0   0   0  0  0  0
  - 1.13s  --------    0  Y   Y  1.00  0.85 1.00 -  |   479.6    443.5  0.00 |  0.0  0.0 0   0   0  0  0  0
  - 1.03s  --------    0  Y   Y  1.00  0.97 1.00 -  |   479.6    443.5  0.00 |  0.0 -1.0 0   0   0  0  0  0
  - 0.93s  --------    0  Y   Y  1.00  1.10 1.00 T  |   479.6    443.3  0.00 |  0.0 -1.0 0   0   0  0  0  0
  - 0.82s  --------    0  Y   Y  1.00  0.18 1.00 -  |   479.6    443.1  0.00 |  1.0 -1.0 0   0   0  0  0  0
  - 0.72s  --------    0  Y   Y  1.00  0.29 1.00 -  |   479.7    442.9  0.00 |  1.0  0.0 0   0   0  0  0  0
  - 0.62s  --------    0  n   Y  1.00  0.39 1.00 -  |   479.9    442.8  0.00 |  1.0  0.0 0   0   0  1  0  0
  - 0.52s  --------    0  n   Y  1.00  0.49 1.00 -  |   480.2    442.7  0.00 |  1.0  0.0 0   0   0  1  1  0
  - 0.41s  --------    0  n   Y  1.00  0.59 1.00 -  |   480.5    442.6  0.00 |  1.0  0.0 0   0   0  0  1  0
  - 0.31s  --------    0  n   Y  1.00  0.70 1.00 -  |   480.8    442.6  0.00 |  0.0  0.0 0   0   0  0  1  0
  - 0.21s  --------    0  n   Y  1.00  0.80 1.00 -  |   481.1    442.6  0.00 |  0.0  0.0 0   0   0  0  1  0
  - 0.10s  --------    0  n   Y  1.00  0.90 1.00 -  |   481.4    442.6  0.00 |  0.0  0.0 0   0   0  0  1  0
  - 0.00s  --------    0  n   Y  1.00  1.01 1.00 -  |   481.7    442.6  0.00 |  0.0  0.0 0   0   0  0  1  0
=========================================================== END

[  5824   37.862 x1.00] LOG  💨 Landing VFX spawned!
[  5824   37.862 x1.00] LOG  ✅ LANDED! (was jump #1)
[  5928   38.479 x1.00] LOG  [OniBoss] Stagger → Chase
[  5929   38.486 x1.00] LOG  [OniBoss] Ranged attack: Oni_Charge (dist 14.4m)
[  5929   38.486 x1.00] LOG  [OniBoss] Chase → Attack
[  5929   38.486 x1.00] LOG  [OniBoss] Attack: Oni_Charge (18 dmg)

[  5929   38.486 x1.00] TEL ────────── CHARGE ──────────
[  5929   38.486 x1.00] LOG  [OniBoss:Layer] charge begin: travel bone 'Hips' depth 1, local now (0.00, 3.24, -0.24) vs rest (0.00, 3.24, -0.24); pin ON; drive windup→rush→strike; engine Attack, AnimSpeed 1.30, clip at 0.00, dist 14.4m
[  5929   38.486 x1.00] TEL charge Windup n=0.00 spd=1.30 mult=1.00 st=Attack anim=h-1757638897/Charge drift=0.00 cut=0.00 meshOff=0.24m vis bounds+0.1m pos=(481.9,456.3) dist=14.4 vel=0.0
[  5942   38.574 x1.00] TEL charge Windup n=0.05 spd=1.30 mult=1.00 st=Attack anim=h-1757638897/Charge drift=0.13 cut=0.13 meshOff=0.24m vis bounds+0.0m pos=(481.9,456.3) dist=14.6 vel=0.0
[  5954   38.663 x1.00] TEL charge Windup n=0.11 spd=1.30 mult=1.30 st=Attack anim=Charge/- drift=0.66 cut=0.66 meshOff=0.24m vis bounds+0.3m pos=(481.9,456.3) dist=14.9 vel=0.0
[  5968   38.751 x1.00] TEL charge Windup n=0.17 spd=1.30 mult=1.30 st=Attack anim=Charge/- drift=1.05 cut=1.05 meshOff=0.24m vis bounds+0.3m pos=(481.9,456.3) dist=15.1 vel=0.0
[  5981   38.834 x1.00] TEL charge Windup n=0.22 spd=1.30 mult=1.30 st=Attack anim=Charge/- drift=1.14 cut=1.14 meshOff=0.24m vis bounds+0.4m pos=(481.9,456.3) dist=15.3 vel=0.0
[  5995   38.920 x1.00] TEL charge Windup n=0.27 spd=1.30 mult=1.30 st=Attack anim=Charge/- drift=0.85 cut=0.85 meshOff=0.24m vis bounds+0.4m pos=(481.9,456.3) dist=15.6 vel=0.0
[  6009   39.006 x1.00] TEL charge Windup n=0.32 spd=1.30 mult=1.30 st=Attack anim=Charge/- drift=0.98 cut=0.98 meshOff=0.24m vis bounds+0.3m pos=(481.9,456.3) dist=15.9 vel=0.0
[  6024   39.094 x1.00] TEL charge Windup n=0.38 spd=1.30 mult=1.30 st=Attack anim=Charge/- drift=6.00 cut=6.00 meshOff=0.24m vis bounds+0.2m pos=(481.9,456.3) dist=16.0 vel=0.0
[  6030   39.129 x1.00] LOG  [OniBoss:Layer] charge RUSH: clip frozen at 0.40, 16.0m to go at 14m/s
[  6039   39.181 x1.00] TEL charge Rush   n=0.40 spd=0.00 mult=0.00 st=Attack anim=Charge/- drift=7.48 cut=7.48 meshOff=0.24m vis bounds+0.1m pos=(481.5,455.7) dist=15.4 vel=0.0
[  6054   39.270 x1.00] TEL charge Rush   n=0.40 spd=0.00 mult=0.00 st=Attack anim=Charge/- drift=7.48 cut=7.48 meshOff=0.24m vis bounds+0.1m pos=(480.9,454.6) dist=14.2 vel=0.0
[  6069   39.356 x1.00] TEL charge Rush   n=0.40 spd=0.00 mult=0.00 st=Attack anim=Charge/- drift=7.48 cut=7.48 meshOff=0.24m vis bounds+0.1m pos=(480.2,453.6) dist=13.0 vel=0.0
[  6079   39.440 x1.00] TEL charge Rush   n=0.40 spd=0.00 mult=0.00 st=Attack anim=Charge/- drift=7.48 cut=7.48 meshOff=0.24m vis bounds+0.1m pos=(479.6,452.6) dist=11.8 vel=0.0
[  6094   39.528 x1.00] TEL charge Rush   n=0.40 spd=0.00 mult=0.00 st=Attack anim=Charge/- drift=7.48 cut=7.48 meshOff=0.24m vis bounds+0.1m pos=(479.0,451.6) dist=10.6 vel=0.0
[  6109   39.616 x1.00] TEL charge Rush   n=0.40 spd=0.00 mult=0.00 st=Attack anim=Charge/- drift=7.48 cut=7.48 meshOff=0.24m vis bounds+0.1m pos=(478.3,450.5) dist=9.3 vel=0.0
[  6124   39.702 x1.00] TEL charge Rush   n=0.40 spd=0.00 mult=0.00 st=Attack anim=Charge/- drift=7.48 cut=7.48 meshOff=0.24m vis bounds+0.1m pos=(477.7,449.5) dist=8.2 vel=0.0
[  6139   39.790 x1.00] TEL charge Rush   n=0.40 spd=0.00 mult=0.00 st=Attack anim=Charge/- drift=7.48 cut=7.48 meshOff=0.24m vis bounds+0.1m pos=(477.0,448.5) dist=7.3 vel=0.0
[  6154   39.876 x1.00] TEL charge Rush   n=0.40 spd=0.00 mult=0.00 st=Attack anim=Charge/- drift=7.48 cut=7.48 meshOff=0.24m vis bounds+0.1m pos=(476.4,447.5) dist=6.4 vel=0.0
[  6168   39.961 x1.00] TEL charge Rush   n=0.40 spd=0.00 mult=0.00 st=Attack anim=Charge/- drift=7.48 cut=7.48 meshOff=0.24m vis bounds+0.1m pos=(475.7,446.5) dist=5.7 vel=0.0
[  6182   40.044 x1.00] TEL charge Rush   n=0.40 spd=0.00 mult=0.00 st=Attack anim=Charge/- drift=7.48 cut=7.48 meshOff=0.24m vis bounds+0.1m pos=(475.1,445.5) dist=5.1 vel=0.0
[  6192   40.102 x1.00] LOG  [OniBoss:Layer] charge STRIKE: arrived 2.6m from the lock point after 0.97s real — clip 0.40 → 0.58 (blend 0.10s), strike moment 0.76, Yoru 4.9m away
[  6197   40.133 x1.00] TEL charge Strike n=0.59 spd=1.00 mult=1.00 st=Attack anim=Charge/Charge drift=10.05 cut=10.05 meshOff=0.24m vis bounds+0.1m pos=(474.7,444.8) dist=5.0 vel=0.0
[  6211   40.220 x1.00] TEL charge Strike n=0.63 spd=1.00 mult=1.00 st=Attack anim=Charge/- drift=15.24 cut=15.24 meshOff=0.24m vis bounds+0.5m pos=(474.7,444.8) dist=5.5 vel=0.0
[  6224   40.303 x1.00] TEL charge Strike n=0.67 spd=1.00 mult=1.00 st=Attack anim=Charge/- drift=15.90 cut=15.90 meshOff=0.24m vis bounds+0.6m pos=(474.7,444.8) dist=6.1 vel=0.0
[  6237   40.388 x1.00] TEL charge Strike n=0.71 spd=1.00 mult=1.00 st=Attack anim=Charge/- drift=16.40 cut=16.40 meshOff=0.24m vis bounds+0.7m pos=(474.7,444.8) dist=6.6 vel=0.0
[  6250   40.471 x1.00] TEL charge Strike n=0.75 spd=1.00 mult=1.00 st=Attack anim=Charge/- drift=16.79 cut=16.79 meshOff=0.24m vis bounds+0.6m pos=(474.7,444.8) dist=6.7 vel=0.0
[  6254   40.497 x1.00] LOG  [CameraGameFeel] Shake: intensity=0.45 duration=0.350s
[  6254   40.497 x1.00] LOG  [OniBoss] Attack missed, player out of range (6.8m > 3.5m)
[  6264   40.560 x1.00] TEL charge Strike n=0.80 spd=1.00 mult=1.00 st=Attack anim=Charge/- drift=17.16 cut=17.16 meshOff=0.24m vis bounds+0.5m pos=(474.7,444.8) dist=6.9 vel=0.0
[  6278   40.646 x1.00] TEL charge Strike n=0.84 spd=1.00 mult=1.00 st=Attack anim=Charge/- drift=17.49 cut=17.49 meshOff=0.24m vis bounds+0.4m pos=(474.7,444.8) dist=7.0 vel=0.0
[  6291   40.731 x1.00] TEL charge Strike n=0.88 spd=1.00 mult=1.00 st=Attack anim=Charge/- drift=17.74 cut=17.74 meshOff=0.24m vis bounds+0.2m pos=(474.7,444.8) dist=7.0 vel=0.0
[  6305   40.817 x1.00] TEL charge Strike n=0.92 spd=1.00 mult=1.00 st=Attack anim=Charge/- drift=17.93 cut=17.93 meshOff=0.24m vis bounds+0.2m pos=(474.7,444.8) dist=7.0 vel=0.0
[  6319   40.902 x1.00] TEL charge Strike n=0.96 spd=1.00 mult=1.00 st=Attack anim=Charge/- drift=18.04 cut=18.04 meshOff=0.24m vis bounds+0.0m pos=(474.7,444.8) dist=7.0 vel=0.0
[  6330   40.970 x1.00] LOG  [OniBoss] Attack → Recovery
[  6330   40.970 x1.00] LOG  [OniBoss] Playing animation: Watch
[  6330   40.970 x1.00] LOG  [OniBoss:Layer] charge complete: engine left Attack (now Recovery) during Strike
[  6333   40.990 x1.00] TEL charge None   n=1.00 spd=1.00 mult=1.00 st=Recovery anim=Charge/h-1849006814 drift=16.21 cut=16.21 meshOff=0.24m vis bounds+0.0m pos=(474.7,444.8) dist=7.0 vel=0.0
[  6346   41.074 x1.00] TEL charge None   n=1.04 spd=1.00 mult=1.00 st=Recovery anim=Charge/h-1849006814 drift=10.08 cut=10.08 meshOff=0.24m vis bounds+0.1m pos=(474.7,444.8) dist=7.0 vel=0.0
[  6354   41.124 x1.00] LOG  [OniBoss] Recovery → Chase
[  6355   41.131 x1.00] LOG  [OniBoss] Playing animation: run
[  6360   41.162 x1.00] TEL charge None   n=1.07 spd=1.00 mult=1.00 st=Chase anim=Charge/h1349952704 drift=5.51 cut=5.51 meshOff=0.24m vis bounds+0.1m pos=(474.7,444.8) dist=7.0 vel=0.2
[  6374   41.247 x1.00] TEL charge None   n=1.07 spd=1.00 mult=1.00 st=Chase anim=Charge/h1349952704 drift=3.29 cut=3.29 meshOff=0.24m vis bounds+0.2m pos=(474.7,444.8) dist=6.9 vel=0.9
[  6388   41.335 x1.00] TEL charge None   n=1.07 spd=1.00 mult=1.00 st=Chase anim=Charge/h1349952704 drift=1.01 cut=1.01 meshOff=0.24m vis bounds+0.3m pos=(474.6,444.8) dist=6.7 vel=1.6
[  6395   41.379 x1.00] LOG  [OniBoss:Layer] charge end (clip left the animator) after 2.89s real: pin measured 466 frames, cancelled on 461, max raw drift 18.07m, max cancelled 18.07m — travel WAS baked in, pin held it
[  6430   41.601 x1.00] LOG  
==================== [FREEZE-DEBUG v3] ====================
  Reason : WASD-NOMOVE: WASD recent + speed 0.00m/s for 0.40s
  Time   : 38.578s   Frame: 6430   Snaps: 60
===========================================================

--- CURRENT STATE ---
  Flags: atk=False hvy=False dod=False dsh=False
         grd=False hit=False aerial=False lockPos=False
         comboStep=0
  Anim : speed=1.00  combatLayer hash=-792875657 normT=5.043 weight=1.00 inTransition=False
  CC   : grounded=True  enabled=True  pos=(469.11, 0.03, 442.13)  vel=(0.00, -0.03, 0.00)
  Move : IsRunning=True
  Input: H=1.00 V=0.00  LMB=False MMB=False Q=False Sp=False Sh=True C=False
         WASD pressed in last 0.5s: True (last 0.00s ago)

--- FLIGHT RECORDER (60 snapshots, oldest first, dt=0.10s) ---
  Legend: flags = A(tk) H(vy) D(od) S(sh) G(rd) R(eact) Y(aerial) L(ock)   gnd/cc: Y/n
  t-now    flags     step gnd cc anSp normT layW tr | posX     posZ     spd   | H    V    LMB MMB Q  Sp Sh C
  ------   --------  ---- --- -- ---- ----- ---- -- | -----    -----    ----  | ---- ---- --- --- -- -- -- -
  - 6.09s  --------    0  n   Y  1.00 32.48 1.00 -  |   479.4    439.5  0.00 |  0.0  1.0 0   0   0  1  1  0
  - 5.99s  --------    0  n   Y  1.00 32.58 1.00 -  |   479.6    440.0  0.00 |  0.0  1.0 0   0   0  1  1  0
  - 5.88s  --------    0  n   Y  1.00 32.69 1.00 -  |   479.6    440.4  0.00 |  0.0  1.0 0   0   0  0  1  0
  - 5.78s  --------    0  n   Y  1.00 32.79 1.00 -  |   479.6    440.9  0.00 |  0.0  1.0 0   0   0  0  1  0
  - 5.68s  --------    0  n   Y  1.00 32.89 1.00 -  |   479.6    441.4  0.00 |  0.0  1.0 0   0   0  0  1  0
  - 5.58s  --------    0  n   Y  1.00 33.00 1.00 -  |   479.6    441.9  0.00 |  0.0  1.0 0   0   0  0  1  0
  - 5.47s  --------    0  n   Y  1.00  0.47 1.00 -  |   479.6    442.3  0.00 |  0.0  1.0 0   0   0  0  1  0
  - 5.37s  --------    0  n   Y  1.00  0.59 1.00 -  |   479.6    442.7  0.00 |  0.0  0.0 0   0   0  0  1  0
  - 5.27s  --------    0  n   Y  1.00  0.72 1.00 -  |   479.6    443.2  0.00 |  0.0  0.0 0   0   0  0  0  0
  - 5.17s  --------    0  Y   Y  1.00  0.85 1.00 -  |   479.6    443.5  0.00 |  0.0  0.0 0   0   0  0  0  0
  - 5.07s  --------    0  Y   Y  1.00  0.97 1.00 -  |   479.6    443.5  0.00 |  0.0 -1.0 0   0   0  0  0  0
  - 4.97s  --------    0  Y   Y  1.00  1.10 1.00 T  |   479.6    443.3  0.00 |  0.0 -1.0 0   0   0  0  0  0
  - 4.86s  --------    0  Y   Y  1.00  0.18 1.00 -  |   479.6    443.1  0.00 |  1.0 -1.0 0   0   0  0  0  0
  - 4.76s  --------    0  Y   Y  1.00  0.29 1.00 -  |   479.7    442.9  0.00 |  1.0  0.0 0   0   0  0  0  0
  - 4.65s  --------    0  n   Y  1.00  0.39 1.00 -  |   479.9    442.8  0.00 |  1.0  0.0 0   0   0  1  0  0
  - 4.55s  --------    0  n   Y  1.00  0.49 1.00 -  |   480.2    442.7  0.00 |  1.0  0.0 0   0   0  1  1  0
  - 4.45s  --------    0  n   Y  1.00  0.59 1.00 -  |   480.5    442.6  0.00 |  1.0  0.0 0   0   0  0  1  0
  - 4.35s  --------    0  n   Y  1.00  0.70 1.00 -  |   480.8    442.6  0.00 |  0.0  0.0 0   0   0  0  1  0
  - 4.25s  --------    0  n   Y  1.00  0.80 1.00 -  |   481.1    442.6  0.00 |  0.0  0.0 0   0   0  0  1  0
  - 4.14s  --------    0  n   Y  1.00  0.90 1.00 -  |   481.4    442.6  0.00 |  0.0  0.0 0   0   0  0  1  0
  - 4.04s  --------    0  n   Y  1.00  1.01 1.00 -  |   481.7    442.6  0.00 |  0.0  0.0 0   0   0  0  1  0
  - 3.93s  --------    0  n   Y  1.00  1.11 1.00 -  |   482.0    442.6  0.00 | -1.0  0.0 0   0   0  0  1  0
  - 3.83s  --------    0  n   Y  1.00  1.21 1.00 -  |   482.0    442.6  0.00 | -1.0  0.0 0   0   0  0  1  0
  - 3.73s  --------    0  Y   Y  1.00  1.32 1.00 -  |   481.7    442.6  0.00 | -1.0  0.0 0   0   0  0  1  0
  - 3.62s  --------    0  Y   Y  1.00  1.42 1.00 -  |   481.0    442.6  0.00 | -1.0  0.0 0   0   0  0  1  0
  - 3.52s  --------    0  Y   Y  1.00  1.53 1.00 -  |   480.2    442.6  0.00 | -1.0  0.0 0   0   0  0  1  0
  - 3.41s  --------    0  Y   Y  1.00  1.63 1.00 -  |   479.5    442.6  0.00 | -1.0  0.0 0   0   0  0  1  0
  - 3.31s  --------    0  Y   Y  1.00  1.74 1.00 -  |   478.8    442.6  0.00 | -1.0  0.0 0   0   0  0  1  0
  - 3.21s  --------    0  Y   Y  1.00  1.84 1.00 -  |   478.1    442.6  0.00 | -1.0  0.0 0   0   0  0  1  0
  - 3.10s  --------    0  Y   Y  1.00  1.93 1.00 -  |   477.4    442.6  0.00 | -1.0  0.0 0   0   0  0  1  0
  - 3.00s  --------    0  Y   Y  1.00  2.04 1.00 -  |   476.7    442.6  0.00 | -1.0  0.0 0   0   0  0  1  0
  - 2.90s  --------    0  Y   Y  1.00  2.14 1.00 -  |   476.0    442.6  0.00 | -1.0  0.0 0   0   0  0  1  0
  - 2.80s  --------    0  Y   Y  1.00  2.24 1.00 -  |   475.1    442.6  0.00 | -1.0  0.0 0   0   0  0  1  0
  - 2.69s  --------    0  Y   Y  1.00  2.35 1.00 -  |   474.4    442.6  0.00 | -1.0  0.0 0   0   0  0  1  0
  - 2.59s  --------    0  Y   Y  1.00  2.45 1.00 -  |   473.8    442.6  0.00 |  0.0  0.0 0   0   0  0  0  0
  - 2.48s  --------    0  Y   Y  1.00  2.56 1.00 -  |   473.6    442.6  0.00 |  0.0  0.0 0   0   0  0  0  0
  - 2.38s  --------    0  Y   Y  1.00  2.66 1.00 -  |   473.4    442.6  0.00 |  0.0  0.0 0   0   0  0  0  0
  - 2.28s  --------    0  Y   Y  1.00  2.77 1.00 -  |   473.4    442.6  0.00 |  0.0  0.0 0   0   0  0  0  0
  - 2.17s  --------    0  Y   Y  1.00  2.87 1.00 -  |   473.4    442.6  0.00 |  0.0  0.0 0   0   0  0  0  0
  - 2.07s  --------    0  Y   Y  1.00  2.97 1.00 -  |   473.4    442.6  0.00 |  0.0  0.0 0   0   0  0  1  0
  - 1.97s  --------    0  Y   Y  1.00  3.08 1.00 -  |   473.4    442.6  0.00 |  0.0  0.0 0   0   0  0  1  0
  - 1.86s  --------    0  Y   Y  1.00  3.18 1.00 -  |   473.1    442.6  0.00 | -1.0  0.0 0   0   0  0  1  0
  - 1.76s  --------    0  Y   Y  1.00  3.28 1.00 -  |   472.2    442.6  0.00 | -1.0  0.0 0   0   0  0  1  0
  - 1.66s  --------    0  Y   Y  1.00  3.39 1.00 -  |   471.5    442.6  0.00 | -1.0  0.0 0   0   0  0  1  0
  - 1.56s  --------    0  Y   Y  1.00  3.49 1.00 -  |   470.8    442.6  0.00 | -1.0  0.0 0   0   0  0  1  0
  - 1.46s  --------    0  Y   Y  1.00  3.59 1.00 -  |   470.1    442.6  0.00 | -1.0  0.0 0   0   0  0  1  0
  - 1.35s  --------    0  Y   Y  1.00  3.69 1.00 -  |   469.4    442.6  0.00 | -1.0  0.0 0   0   0  0  1  0
  - 1.24s  --------    0  Y   Y  1.00  3.80 1.00 -  |   468.7    442.6  0.00 |  0.0  0.0 0   0   0  0  1  0
  - 1.14s  --------    0  Y   Y  1.00  3.90 1.00 -  |   468.4    442.6  0.00 |  0.0  0.0 0   0   0  0  0  0
  - 1.04s  --------    0  Y   Y  1.00  4.00 1.00 -  |   468.2    442.7  0.00 |  0.0  0.0 0   0   0  0  0  0
  - 0.94s  --------    0  Y   Y  1.00  4.10 1.00 -  |   468.0    442.7  0.00 |  0.0  0.0 0   0   0  0  0  0
  - 0.83s  --------    0  Y   Y  1.00  4.21 1.00 -  |   468.0    442.7  0.00 |  0.0  0.0 0   0   0  0  0  0
  - 0.73s  --------    0  Y   Y  1.00  4.31 1.00 -  |   468.0    442.7  0.00 |  0.0  0.0 0   0   0  0  0  0
  - 0.62s  --------    0  Y   Y  1.00  4.42 1.00 -  |   468.0    442.7  0.00 |  0.0  0.0 0   0   0  0  0  0
  - 0.52s  --------    0  Y   Y  1.00  4.52 1.00 -  |   468.0    442.7  0.00 |  0.0  0.0 0   0   0  0  0  0
  - 0.41s  --------    0  Y   Y  1.00  4.63 1.00 -  |   468.0    442.7  0.00 |  0.0  0.0 0   0   0  0  0  0
  - 0.31s  --------    0  Y   Y  1.00  4.73 1.00 -  |   468.2    442.7  0.00 |  1.0  0.0 0   0   0  0  0  0
  - 0.21s  --------    0  Y   Y  1.00  4.83 1.00 -  |   468.3    442.6  0.00 |  1.0  0.0 0   0   0  0  0  0
  - 0.11s  --------    0  Y   Y  1.00  4.94 1.00 -  |   468.5    442.5  0.00 |  1.0  0.0 0   0   0  0  1  0
  - 0.01s  --------    0  Y   Y  1.00  5.04 1.00 -  |   469.1    442.1  0.00 |  1.0  0.0 0   0   0  0  1  0
=========================================================== END

[  6478   41.908 x1.00] LOG  [OniBoss] hold-ground: BACKSTEP 1.5m (player 3.5m)
[  6543   42.302 x1.00] LOG  [OniBoss] hold-ground: backstep done (0.63m), WATCH (player 4.4m, cooldown 1.8s)
[  6543   42.302 x1.00] LOG  [OniBoss] Playing animation: Watch
[  6557   42.384 x1.00] LOG  [OniBoss] Playing animation: run
[  6633   42.845 x1.00] LOG  [OniBoss] Playing animation: Watch
[  6787   43.786 x1.00] LOG  [OniBoss] Playing animation: run
[  6816   43.968 x1.00] LOG  [StormWeather] ⚡ strike at (489.18, 45.00, 448.78)
[  6840   44.127 x1.00] LOG  [OniBoss] Pull-band decision: RUN-IN (dist 4.4m, pullRange 0m, chance 0.50)
[  6858   44.239 x1.00] LOG  [OniBoss] Playing animation: Watch
[  6858   44.239 x1.00] LOG  [OniBoss] Chase → Attack
[  6858   44.239 x1.00] LOG  [OniBoss] Attack: Club_Swing (16 dmg)
[  6960   44.869 x1.00] LOG  [CameraGameFeel] Shake: intensity=0.20 duration=0.250s
[  6960   44.869 x1.00] LOG  [Combat] Hit react: HitReact_Light_2Leg (0.5s)
[  6960   44.869 x1.00] LOG  [CameraGameFeel] Shake: intensity=0.09 duration=0.150s
[  6960   44.869 x1.00] LOG  [CameraGameFeel] FOV punch: player damage (-2.0°)
[  6960   44.869 x1.00] LOG  [OniBoss] Hit player for 16 (Club_Swing)
[  6960   44.869 x1.00] LOG  [AirPosePin] engaged, holding body at 0.636m above the transform
[  6982   45.005 x1.00] LOG  [AirPosePin] released, peak correction was 0.024m
[  7041   45.364 x1.00] LOG  [OniBoss] Attack → Recovery
[  7041   45.364 x1.00] LOG  [OniBoss] Playing animation: Watch
[  7041   45.364 x1.00] LOG  [OniBoss:Strike] Club_Swing: club tip closest to Yoru at 0.54m, clip position 0.83 | damage fires at 0.55 | clip 1.13s => damage fires 321 ms BEFORE the club is closest
[  7067   45.516 x1.00] LOG  [OniBoss] Recovery → Chase
[  7068   45.522 x1.00] LOG  [OniBoss] hold-ground: BACKSTEP 1.5m (player 2.0m)
[  7228   46.463 x1.00] LOG  [OniBoss] hold-ground: backstep done (1.51m), WATCH (player 3.5m, cooldown 2.1s)
[  7228   46.463 x1.00] LOG  [OniBoss] Playing animation: Watch
[  7485   47.966 x1.00] LOG  
==================== [FREEZE-DEBUG v3] ====================
  Reason : WASD-NOMOVE: WASD recent + speed 0.00m/s for 0.40s
  Time   : 44.944s   Frame: 7485   Snaps: 60
===========================================================

--- CURRENT STATE ---
  Flags: atk=False hvy=False dod=False dsh=False
         grd=False hit=False aerial=False lockPos=False
         comboStep=0
  Anim : speed=1.00  combatLayer hash=-792875657 normT=2.590 weight=1.00 inTransition=False
  CC   : grounded=True  enabled=True  pos=(470.41, -0.02, 443.13)  vel=(0.00, 0.00, 0.00)
  Move : IsRunning=True
  Input: H=-1.00 V=0.00  LMB=False MMB=False Q=False Sp=False Sh=True C=False
         WASD pressed in last 0.5s: True (last 0.00s ago)

--- FLIGHT RECORDER (60 snapshots, oldest first, dt=0.10s) ---
  Legend: flags = A(tk) H(vy) D(od) S(sh) G(rd) R(eact) Y(aerial) L(ock)   gnd/cc: Y/n
  t-now    flags     step gnd cc anSp normT layW tr | posX     posZ     spd   | H    V    LMB MMB Q  Sp Sh C
  ------   --------  ---- --- -- ---- ----- ---- -- | -----    -----    ----  | ---- ---- --- --- -- -- -- -
  - 6.17s  --------    0  Y   Y  1.00  5.24 1.00 -  |   470.3    441.3  0.00 |  1.0  0.0 0   0   0  0  1  0
  - 6.06s  --------    0  Y   Y  1.00  5.34 1.00 -  |   471.0    440.8  0.00 |  1.0  0.0 0   0   0  0  1  0
  - 5.96s  --------    0  Y   Y  1.00  5.45 1.00 -  |   471.5    440.4  0.00 |  1.0  0.0 0   0   0  0  1  0
  - 5.85s  --------    0  Y   Y  1.00  5.55 1.00 -  |   472.1    440.0  0.00 |  1.0  0.0 0   0   0  0  1  0
  - 5.75s  --------    0  Y   Y  1.00  5.66 1.00 -  |   472.7    439.6  0.00 |  1.0  0.0 0   0   0  0  1  0
  - 5.65s  --------    0  Y   Y  1.00  5.76 1.00 -  |   473.2    439.2  0.00 |  1.0  0.0 0   0   0  0  1  0
  - 5.54s  --------    0  Y   Y  1.00  5.87 1.00 -  |   473.9    438.7  0.00 |  1.0  0.0 0   0   0  0  1  0
  - 5.44s  --------    0  Y   Y  1.00  5.97 1.00 -  |   474.5    438.3  0.00 |  0.0  0.0 0   0   0  0  1  0
  - 5.33s  --------    0  Y   Y  1.00  6.07 1.00 -  |   474.4    438.4  0.00 | -1.0  0.0 0   0   0  0  1  0
  - 5.23s  --------    0  Y   Y  1.00  6.18 1.00 -  |   473.8    438.8  0.00 | -1.0  0.0 0   0   0  0  1  0
  - 5.13s  --------    0  Y   Y  1.00  6.28 1.00 -  |   473.2    439.2  0.00 | -1.0  0.0 0   0   0  0  1  0
  - 5.03s  --------    0  Y   Y  1.00  6.38 1.00 -  |   472.7    439.6  0.00 | -1.0  0.0 0   0   0  0  1  0
  - 4.92s  --------    0  Y   Y  1.00  6.49 1.00 -  |   472.0    440.1  0.00 | -1.0  0.0 0   0   0  0  1  0
  - 4.82s  --------    0  Y   Y  1.00  6.59 1.00 -  |   471.4    440.5  0.00 | -1.0  0.0 0   0   0  0  1  0
  - 4.71s  --------    0  Y   Y  1.00  6.69 1.00 -  |   470.8    440.9  0.00 | -1.0  0.0 0   0   0  0  1  0
  - 4.61s  --------    0  Y   Y  1.00  6.80 1.00 -  |   470.3    441.3  0.00 | -1.0  0.0 0   0   0  0  1  0
  - 4.51s  --------    0  Y   Y  1.00  6.90 1.00 -  |   469.7    441.8  0.00 | -1.0  0.0 0   0   0  0  1  0
  - 4.41s  --------    0  Y   Y  1.00  7.00 1.00 -  |   469.0    442.2  0.00 | -1.0  0.0 0   0   0  0  1  0
  - 4.30s  --------    0  Y   Y  1.00  7.11 1.00 -  |   468.5    442.7  0.00 | -1.0  0.0 0   0   0  0  1  0
  - 4.20s  --------    0  Y   Y  1.00  7.21 1.00 -  |   467.9    443.1  0.00 | -1.0  0.0 0   0   0  0  1  0
  - 4.09s  --------    0  Y   Y  1.00  7.32 1.00 -  |   467.3    443.5  0.00 | -1.0  0.0 0   0   0  0  1  0
  - 3.99s  --------    0  Y   Y  1.00  7.42 1.00 -  |   466.9    443.8  0.00 |  1.0  0.0 0   0   0  0  1  0
  - 3.89s  --------    0  Y   Y  1.00  7.52 1.00 -  |   467.3    443.5  0.00 |  1.0  0.0 0   0   0  0  1  0
  - 3.78s  --------    0  Y   Y  1.00  7.63 1.00 -  |   468.0    443.0  0.00 |  1.0  0.0 0   0   0  0  1  0
  - 3.68s  --------    0  Y   Y  1.00  7.73 1.00 -  |   468.6    442.6  0.00 |  1.0  0.0 0   0   0  0  1  0
  - 3.58s  --------    0  Y   Y  1.00  7.83 1.00 -  |   469.1    442.2  0.00 |  0.0  0.0 0   0   0  0  1  0
  - 3.47s  --------    0  Y   Y  1.00  7.93 1.00 -  |   469.7    441.8  0.00 |  0.0  0.0 0   0   0  0  1  0
  - 3.37s  --------    0  Y   Y  1.00  8.04 1.00 -  |   470.3    441.3  0.00 |  0.0  0.0 0   0   0  0  1  0
  - 3.26s  --------    0  Y   Y  1.00  8.14 1.00 -  |   470.8    440.9  0.00 |  0.0  0.0 0   0   0  0  1  0
  - 3.16s  --------    0  Y   Y  1.00  8.25 1.00 -  |   470.8    440.9  0.00 |  0.0  0.0 0   0   0  0  1  0
  - 3.06s  -----R--    0  n   Y  1.00  0.03 1.00 -  |   470.8    440.9  0.00 |  0.0  0.0 0   0   0  0  0  0
  - 2.95s  -----R--    0  Y   Y  1.00  0.11 1.00 -  |   470.8    440.9  0.00 |  0.0  0.0 0   0   0  0  0  0
  - 2.85s  -----R--    0  Y   Y  1.00  0.20 1.00 -  |   470.8    440.9  0.00 |  0.0  0.0 0   0   0  0  0  0
  - 2.75s  -----R--    0  Y   Y  1.00  0.28 1.00 -  |   470.8    440.9  0.00 |  0.0  0.0 0   0   0  0  0  0
  - 2.65s  -----R--    0  Y   Y  1.00  0.37 1.00 -  |   470.8    440.9  0.00 |  0.0  0.0 0   0   0  0  0  0
  - 2.54s  --------    0  Y   Y  1.00  0.45 1.00 T  |   470.8    440.9  0.00 |  0.0  0.0 0   0   0  0  0  0
  - 2.44s  --------    0  Y   Y  1.00  0.15 1.00 -  |   470.8    440.9  0.00 |  0.0  0.0 0   0   0  0  0  0
  - 2.33s  --------    0  Y   Y  1.00  0.26 1.00 -  |   470.8    440.9  0.00 |  0.0  0.0 0   0   0  0  0  0
  - 2.23s  --------    0  Y   Y  1.00  0.36 1.00 -  |   470.8    440.9  0.00 |  0.0  0.0 0   0   0  0  0  0
  - 2.12s  --------    0  Y   Y  1.00  0.47 1.00 -  |   470.8    440.9  0.00 |  0.0  0.0 0   0   0  0  0  0
  - 2.02s  --------    0  Y   Y  1.00  0.57 1.00 -  |   470.8    440.9  0.00 |  0.0  0.0 0   0   0  0  0  0
  - 1.91s  --------    0  Y   Y  1.00  0.68 1.00 -  |   470.8    440.9  0.00 |  0.0  0.0 0   0   0  0  0  0
  - 1.81s  --------    0  Y   Y  1.00  0.78 1.00 -  |   470.8    440.9  0.00 |  0.0  0.0 0   0   0  0  0  0
  - 1.70s  --------    0  Y   Y  1.00  0.89 1.00 -  |   470.8    440.9  0.00 |  0.0  0.0 0   0   0  0  0  0
  - 1.60s  --------    0  Y   Y  1.00  0.99 1.00 -  |   470.8    440.9  0.00 |  0.0  0.0 0   0   0  0  0  0
  - 1.50s  --------    0  Y   Y  1.00  1.09 1.00 -  |   470.8    440.9  0.00 |  0.0  0.0 0   0   0  0  0  0
  - 1.40s  --------    0  Y   Y  1.00  1.19 1.00 -  |   470.8    440.9  0.00 |  0.0  0.0 0   0   0  0  0  0
  - 1.29s  --------    0  Y   Y  1.00  1.30 1.00 -  |   470.8    440.9  0.00 |  0.0  0.0 0   0   0  0  0  0
  - 1.19s  --------    0  Y   Y  1.00  1.40 1.00 -  |   470.8    440.9  0.00 |  0.0  0.0 0   0   0  0  0  0
  - 1.09s  --------    0  Y   Y  1.00  1.50 1.00 -  |   470.8    440.9  0.00 |  0.0  0.0 0   0   0  0  1  0
  - 0.99s  --------    0  Y   Y  1.00  1.60 1.00 -  |   470.8    440.9  0.00 |  0.0  0.0 0   0   0  0  1  0
  - 0.88s  --------    0  Y   Y  1.00  1.71 1.00 -  |   470.8    440.9  0.00 |  0.0  0.0 0   0   0  0  1  0
  - 0.78s  --------    0  Y   Y  1.00  1.81 1.00 -  |   470.8    440.9  0.00 |  0.0  0.0 0   0   0  0  1  0
  - 0.68s  --------    0  Y   Y  1.00  1.91 1.00 -  |   470.8    440.9  0.00 |  0.0  0.0 0   0   0  0  1  0
  - 0.57s  --------    0  Y   Y  1.00  2.02 1.00 -  |   470.8    440.9  0.00 |  0.0  0.0 0   0   0  0  1  0
  - 0.47s  --------    0  Y   Y  1.00  2.12 1.00 -  |   470.8    440.9  0.00 |  0.0  0.0 0   0   0  0  0  0
  - 0.36s  --------    0  Y   Y  1.00  2.23 1.00 -  |   470.8    440.9  0.00 | -1.0  0.0 0   0   0  0  0  0
  - 0.26s  --------    0  Y   Y  1.00  2.33 1.00 -  |   470.8    441.3  0.00 | -1.0  0.0 0   0   0  0  1  0
  - 0.15s  --------    0  Y   Y  1.00  2.44 1.00 -  |   470.6    442.0  0.00 | -1.0  0.0 0   0   0  0  1  0
  - 0.05s  --------    0  Y   Y  1.00  2.54 1.00 -  |   470.5    442.7  0.00 | -1.0  0.0 0   0   0  0  1  0
=========================================================== END

[  7512   48.125 x1.00] LOG  [Combat] Combo 1: 10 dmg
[  7512   48.125 x1.00] LOG  [ComboTrace] START step=1 state='Combo1' queued=0 target='OniBoss' at 3.9m
[  7512   48.125 x1.00] LOG  [ComboTrace] LAUNCH OniBoss at 0.8m dist=0.76m in 0.13s
[  7534   48.256 x1.00] LOG  [ComboTrace] LAUNCH RESULT wanted=0.76m actually moved=0.00m — completed
[  7545   48.320 x1.00] LOG  [Combat] Queued click #1 (combo 1)
[  7545   48.320 x1.00] LOG  [ComboTrace] QUEUED #1 during step 1
[  7577   48.508 x1.00] LOG  [Combat] Queued click #2 (combo 1)
[  7577   48.508 x1.00] LOG  [ComboTrace] QUEUED #2 during step 1
[  7579   48.519 x1.00] LOG  [OniBoss] Chase → Attack
[  7579   48.519 x1.00] LOG  [OniBoss] Attack: ClubSlam (20 dmg)
[  7610   48.695 x1.00] LOG  [ComboTrace] CLICK IGNORED (step=1 queued=2)
[  7617   48.735 x1.00] LOG  OniBoss took 10 damage. HP: 450/500
[  7617   48.735 x1.00] LOG  [OniBoss] 🤕 Hit during Attack — flash only
[  7617   48.735 x1.00] LOG  [Combat] Hit OniBoss for 10
[  7617   48.735 x1.00] LOG  [CameraGameFeel] Shake: intensity=0.15 duration=0.150s
[  7617   48.735 x1.00] LOG  [CameraGameFeel] FOV punch: hit light (+1.5°)
[  7644   48.893 x1.00] LOG  [ComboTrace] CLICK IGNORED (step=1 queued=2)
[  7651   48.932 x1.00] LOG  🐾 VFX_AttackPaw triggered!
[  7676   49.074 x1.00] LOG  [Combat] Combo 2: 20 dmg
[  7676   49.074 x1.00] LOG  [ComboTrace] START step=2 state='Combo2' queued=1 target='OniBoss' at 1.9m
[  7676   49.074 x1.00] LOG  [ComboTrace] LAUNCH OniBoss at 0.8m dist=0.76m in 0.13s
[  7699   49.204 x1.00] LOG  [ComboTrace] LAUNCH RESULT wanted=0.76m actually moved=0.00m — completed
[  7701   49.216 x1.00] LOG  [CameraGameFeel] Shake: intensity=0.50 duration=0.400s
[  7701   49.216 x1.00] LOG  [Combat] Hit react: HitReact_Heavy_2Leg (0.9s)
[  7701   49.216 x1.00] LOG  [CameraGameFeel] Shake: intensity=0.28 duration=0.150s
[  7701   49.216 x1.00] LOG  [CameraGameFeel] FOV punch: player damage (-3.0°)
[  7701   49.216 x1.00] LOG  [OniBoss] Hit player for 20 (ClubSlam)
[  7703   49.227 x1.00] LOG  [AirPosePin] engaged, holding body at 0.616m above the transform
[  7710   49.265 x1.00] LOG  [AirPosePin] released, peak correction was 0.007m
[  7711   49.275 x1.00] LOG  [AirPosePin] engaged, holding body at 0.610m above the transform
[  7723   49.342 x1.00] LOG  [AirPosePin] released, peak correction was -0.001m
[  7801   49.803 x1.00] LOG  [OniBoss] Attack → Recovery
[  7801   49.803 x1.00] LOG  [OniBoss] Playing animation: Watch
[  7801   49.803 x1.00] LOG  [OniBoss:Strike] ClubSlam: club tip closest to Yoru at 0.14m, clip position 0.94 | damage fires at 0.52 | clip 1.25s => damage fires 523 ms BEFORE the club is closest
[  7829   49.956 x1.00] LOG  [OniBoss] Recovery → Chase
[  7830   49.962 x1.00] LOG  [OniBoss] hold-ground: BACKSTEP 1.5m (player 1.9m)
[  7862   50.139 x1.00] LOG  🚶 2-LEG JUMP
[  7862   50.139 x1.00] LOG  🐾 Jump 1 VFX spawned!
[  7996   50.904 x1.00] LOG  [OniBoss] hold-ground: backstep done (1.51m), WATCH (player 3.2m, cooldown 2.1s)
[  7996   50.904 x1.00] LOG  [OniBoss] Playing animation: Watch
[  8024   51.063 x1.00] LOG  💨 Landing VFX spawned!
[  8024   51.063 x1.00] LOG  ✅ LANDED! (was jump #1)
[  8028   51.087 x1.00] LOG  🐾 4-LEG JUMP #0
[  8028   51.087 x1.00] LOG  🐾 Jump 1 VFX spawned!
[  8081   51.403 x1.00] LOG  🐾 4-LEG JUMP #1
[  8081   51.403 x1.00] LOG  🐾 Jump 2 VFX spawned!
[  8098   51.504 x1.00] LOG  [OniBoss] Playing animation: run
[  8134   51.720 x1.00] LOG  🐾 4-LEG JUMP #2
[  8134   51.720 x1.00] LOG  🐾 Jump 3 VFX spawned!
[  8134   51.720 x1.00] LOG  🚫 Max jumps reached!
[  8187   52.039 x1.00] LOG  
==================== [FREEZE-DEBUG v3] ====================
  Reason : WASD-NOMOVE: WASD recent + speed 0.00m/s for 0.40s
  Time   : 49.016s   Frame: 8187   Snaps: 60
===========================================================

--- CURRENT STATE ---
  Flags: atk=False hvy=False dod=False dsh=False
         grd=False hit=False aerial=False lockPos=False
         comboStep=0
  Anim : speed=1.00  combatLayer hash=-792875657 normT=1.915 weight=1.00 inTransition=False
  CC   : grounded=False  enabled=True  pos=(469.50, 4.04, 448.96)  vel=(0.00, 1.20, 0.00)
  Move : IsRunning=False
  Input: H=1.00 V=0.00  LMB=False MMB=False Q=False Sp=False Sh=True C=False
         WASD pressed in last 0.5s: True (last 0.00s ago)

--- FLIGHT RECORDER (60 snapshots, oldest first, dt=0.10s) ---
  Legend: flags = A(tk) H(vy) D(od) S(sh) G(rd) R(eact) Y(aerial) L(ock)   gnd/cc: Y/n
  t-now    flags     step gnd cc anSp normT layW tr | posX     posZ     spd   | H    V    LMB MMB Q  Sp Sh C
  ------   --------  ---- --- -- ---- ----- ---- -- | -----    -----    ----  | ---- ---- --- --- -- -- -- -
  - 6.09s  --------    0  Y   Y  1.00  0.57 1.00 -  |   470.8    440.9  0.00 |  0.0  0.0 0   0   0  0  0  0
  - 5.99s  --------    0  Y   Y  1.00  0.68 1.00 -  |   470.8    440.9  0.00 |  0.0  0.0 0   0   0  0  0  0
  - 5.88s  --------    0  Y   Y  1.00  0.78 1.00 -  |   470.8    440.9  0.00 |  0.0  0.0 0   0   0  0  0  0
  - 5.78s  --------    0  Y   Y  1.00  0.89 1.00 -  |   470.8    440.9  0.00 |  0.0  0.0 0   0   0  0  0  0
  - 5.68s  --------    0  Y   Y  1.00  0.99 1.00 -  |   470.8    440.9  0.00 |  0.0  0.0 0   0   0  0  0  0
  - 5.58s  --------    0  Y   Y  1.00  1.09 1.00 -  |   470.8    440.9  0.00 |  0.0  0.0 0   0   0  0  0  0
  - 5.47s  --------    0  Y   Y  1.00  1.19 1.00 -  |   470.8    440.9  0.00 |  0.0  0.0 0   0   0  0  0  0
  - 5.37s  --------    0  Y   Y  1.00  1.30 1.00 -  |   470.8    440.9  0.00 |  0.0  0.0 0   0   0  0  0  0
  - 5.26s  --------    0  Y   Y  1.00  1.40 1.00 -  |   470.8    440.9  0.00 |  0.0  0.0 0   0   0  0  0  0
  - 5.16s  --------    0  Y   Y  1.00  1.50 1.00 -  |   470.8    440.9  0.00 |  0.0  0.0 0   0   0  0  1  0
  - 5.06s  --------    0  Y   Y  1.00  1.60 1.00 -  |   470.8    440.9  0.00 |  0.0  0.0 0   0   0  0  1  0
  - 4.95s  --------    0  Y   Y  1.00  1.71 1.00 -  |   470.8    440.9  0.00 |  0.0  0.0 0   0   0  0  1  0
  - 4.85s  --------    0  Y   Y  1.00  1.81 1.00 -  |   470.8    440.9  0.00 |  0.0  0.0 0   0   0  0  1  0
  - 4.75s  --------    0  Y   Y  1.00  1.91 1.00 -  |   470.8    440.9  0.00 |  0.0  0.0 0   0   0  0  1  0
  - 4.65s  --------    0  Y   Y  1.00  2.02 1.00 -  |   470.8    440.9  0.00 |  0.0  0.0 0   0   0  0  1  0
  - 4.54s  --------    0  Y   Y  1.00  2.12 1.00 -  |   470.8    440.9  0.00 |  0.0  0.0 0   0   0  0  0  0
  - 4.44s  --------    0  Y   Y  1.00  2.23 1.00 -  |   470.8    440.9  0.00 | -1.0  0.0 0   0   0  0  0  0
  - 4.33s  --------    0  Y   Y  1.00  2.33 1.00 -  |   470.8    441.3  0.00 | -1.0  0.0 0   0   0  0  1  0
  - 4.23s  --------    0  Y   Y  1.00  2.44 1.00 -  |   470.6    442.0  0.00 | -1.0  0.0 0   0   0  0  1  0
  - 4.12s  --------    0  Y   Y  1.00  2.54 1.00 -  |   470.5    442.7  0.00 | -1.0  0.0 0   0   0  0  1  0
  - 4.02s  --------    0  Y   Y  1.00  2.64 1.00 -  |   470.3    443.4  0.00 | -1.0  0.0 1   0   0  0  1  0
  - 3.92s  --------    0  Y   Y  1.00  2.74 1.00 -  |   470.1    444.0  0.00 | -1.0  0.0 1   0   0  0  1  0
  - 3.82s  A-------    1  Y   Y  1.00  0.07 1.00 -  |   470.1    444.2  0.00 | -1.0  0.0 1   0   0  0  1  0
  - 3.71s  A-------    1  Y   Y  1.00  0.16 1.00 -  |   470.1    444.2  0.00 |  0.0  0.0 0   0   0  0  0  0
  - 3.61s  A-------    1  Y   Y  1.00  0.24 1.00 -  |   470.1    444.2  0.00 |  0.0  0.0 1   0   0  0  0  0
  - 3.51s  A-------    1  Y   Y  1.00  0.33 1.00 -  |   470.1    444.2  0.00 |  0.0  0.0 0   0   0  0  0  0
  - 3.40s  A-------    1  Y   Y  1.00  0.41 1.00 -  |   470.1    444.2  0.00 |  0.0  0.0 1   0   0  0  0  0
  - 3.30s  A-------    1  Y   Y  0.00  0.50 1.00 -  |   470.1    444.2  0.00 |  0.0  0.0 0   0   0  0  0  0
  - 3.19s  A-------    1  Y   Y  1.00  0.55 1.00 -  |   470.1    444.2  0.00 |  0.0  0.0 1   0   0  0  0  0
  - 3.09s  A-------    1  Y   Y  1.00  0.64 1.00 -  |   470.1    444.2  0.00 |  0.0  0.0 0   0   0  0  0  0
  - 2.99s  A-------    1  Y   Y  1.00  0.72 1.00 -  |   470.1    444.2  0.00 |  0.0  0.0 0   0   0  1  0  0
  - 2.88s  A-------    2  Y   Y  1.00  0.04 1.00 -  |   470.1    444.2  0.00 |  0.0  0.0 0   0   0  0  0  0
  - 2.78s  -----R--    0  n   Y  1.00  0.03 1.00 -  |   470.1    444.2  0.00 |  0.0  0.0 0   0   0  0  0  0
  - 2.68s  -----R--    0  Y   Y  1.00  0.11 1.00 -  |   470.1    444.2  0.00 |  0.0  0.0 1   0   0  1  0  0
  - 2.58s  -----R--    0  Y   Y  1.00  0.20 1.00 -  |   470.1    444.2  0.00 |  0.0  0.0 0   0   0  0  0  0
  - 2.47s  -----R--    0  Y   Y  1.00  0.28 1.00 -  |   470.1    444.2  0.00 |  0.0  0.0 1   0   0  1  0  0
  - 2.37s  -----R--    0  Y   Y  1.00  0.37 1.00 -  |   470.1    444.2  0.00 |  0.0  0.0 0   0   0  1  0  0
  - 2.26s  -----R--    0  Y   Y  1.00  0.46 1.00 -  |   470.1    444.2  0.00 |  0.0  0.0 1   0   0  1  0  0
  - 2.16s  -----R--    0  Y   Y  1.00  0.54 1.00 -  |   470.1    444.2  0.00 |  0.0  0.0 1   0   0  1  0  0
  - 2.05s  -----R--    0  Y   Y  1.00  0.63 1.00 -  |   470.1    444.2  0.00 |  0.0  0.0 1   0   0  0  0  0
  - 1.95s  -----R--    0  Y   Y  1.00  0.72 1.00 -  |   470.1    444.2  0.00 |  0.0  0.0 1   0   0  0  0  0
  - 1.85s  --------    0  n   Y  1.00  0.80 1.00 T  |   470.1    444.2  0.00 |  0.0  0.0 1   0   0  1  0  0
  - 1.74s  --------    0  n   Y  1.00  0.17 1.00 -  |   470.2    444.2  0.00 |  0.0  0.0 1   0   0  0  1  0
  - 1.64s  --------    0  n   Y  1.00  0.27 1.00 -  |   470.2    444.2  0.00 |  0.0  0.0 1   0   0  1  1  0
  - 1.54s  --------    0  n   Y  1.00  0.37 1.00 -  |   470.3    444.2  0.00 |  0.0  0.0 1   0   0  0  1  0
  - 1.44s  --------    0  n   Y  1.00  0.48 1.00 -  |   470.3    444.2  0.00 |  0.0  0.0 1   0   0  1  1  0
  - 1.33s  --------    0  n   Y  1.00  0.58 1.00 -  |   470.4    444.2  0.00 |  0.0  0.0 0   0   0  1  1  0
  - 1.23s  --------    0  n   Y  1.00  0.69 1.00 -  |   470.4    444.2  0.00 |  0.0  0.0 0   0   0  0  1  0
  - 1.13s  --------    0  n   Y  1.00  0.79 1.00 -  |   470.4    444.2  0.00 | -1.0  0.0 0   0   0  0  1  0
  - 1.03s  --------    0  n   Y  1.00  0.89 1.00 -  |   470.4    444.4  0.00 | -1.0  0.0 0   0   0  0  1  0
  - 0.92s  --------    0  n   Y  1.00  0.99 1.00 -  |   470.3    444.9  0.00 | -1.0  0.0 0   0   0  1  1  0
  - 0.82s  --------    0  n   Y  1.00  1.10 1.00 -  |   470.2    445.4  0.00 | -1.0  0.0 0   0   0  0  1  0
  - 0.71s  --------    0  n   Y  1.00  1.20 1.00 -  |   470.1    445.9  0.00 | -1.0  0.0 0   0   0  0  1  0
  - 0.61s  --------    0  n   Y  1.00  1.30 1.00 -  |   470.0    446.3  0.00 | -1.0  0.0 0   0   0  1  1  0
  - 0.51s  --------    0  n   Y  1.00  1.40 1.00 -  |   469.9    446.7  0.00 | -1.0  0.0 0   0   0  0  1  0
  - 0.41s  --------    0  n   Y  1.00  1.51 1.00 -  |   469.9    447.2  0.00 | -1.0  0.0 0   0   0  0  1  0
  - 0.31s  --------    0  n   Y  1.00  1.61 1.00 -  |   469.8    447.6  0.00 | -1.0  0.0 0   0   0  1  1  0
  - 0.20s  --------    0  n   Y  1.00  1.71 1.00 -  |   469.7    448.1  0.00 | -1.0  0.0 0   0   0  1  1  0
  - 0.10s  --------    0  n   Y  1.00  1.81 1.00 -  |   469.6    448.5  0.00 |  0.0  0.0 0   0   0  0  1  0
  - 0.00s  --------    0  n   Y  1.00  1.92 1.00 -  |   469.5    449.0  0.00 |  1.0  0.0 0   0   0  0  1  0
=========================================================== END

[  8269   52.521 x1.00] LOG  [OniBoss] Playing animation: Watch
[  8277   52.567 x1.00] LOG  [ComboTrace] LAUNCH OniBoss at 1.3m dist=1.28m in 0.13s [AIRBORNE]
[  8277   52.567 x1.00] LOG  [Combat] Aerial spin — 25 dmg
[  8277   52.567 x1.00] LOG  OniBoss took 10 damage. HP: 440/500
[  8277   52.567 x1.00] LOG  [OniBoss] Chase → HitReact
[  8277   52.567 x1.00] LOG  [OniBoss:Layer] react tier: LIGHT (10 dmg) → 'Hit_react_light'
[  8277   52.567 x1.00] LOG  [CameraGameFeel] Shake: intensity=0.15 duration=0.150s
[  8277   52.567 x1.00] LOG  [CameraGameFeel] FOV punch: hit light (+1.5°)
[  8277   52.567 x1.00] LOG  [AirPosePin] engaged, holding body at 1.154m above the transform
[  8300   52.700 x1.00] LOG  [ComboTrace] LAUNCH RESULT wanted=1.28m actually moved=0.78m — completed
[  8304   52.722 x1.00] LOG  💨 Landing VFX spawned!
[  8304   52.722 x1.00] LOG  ✅ LANDED! (was jump #3)
[  8304   52.722 x1.00] LOG  OniBoss took 10 damage. HP: 430/500
[  8304   52.722 x1.00] LOG  [OniBoss:Layer] burst: 2 hits / 20 dmg → flinch upgraded to 'HitReact_medium'
[  8304   52.722 x1.00] LOG  [CameraGameFeel] Shake: intensity=0.05 duration=0.150s
[  8304   52.722 x1.00] LOG  [AirPosePin] released, peak correction was 0.427m
[  8332   52.878 x1.00] LOG  🐾 4-LEG JUMP #0
[  8332   52.878 x1.00] LOG  🐾 Jump 1 VFX spawned!
[  8332   52.878 x1.00] LOG  OniBoss took 10 damage. HP: 420/500
[  8332   52.878 x1.00] LOG  [OniBoss] HitReact → Stagger
[  8332   52.878 x1.00] LOG  [OniBoss] Playing animation: Stagger
[  8332   52.878 x1.00] LOG  [OniBoss] STAGGERED for 2.5s
[  8332   52.878 x1.00] LOG  [OniBoss:Layer] heavy knock-back react (swirl burst, 3 hits / 30 dmg) → 'HitReact_Heavy', down for 1.80s
[  8332   52.878 x1.00] LOG  [OniBoss:Layer] burst: 3 hits / 30 dmg inside 0.8s → knock-back + 0.90m push
[  8332   52.878 x1.00] LOG  [CameraGameFeel] Shake: intensity=0.05 duration=0.150s
[  8333   52.885 x1.00] LOG  [AirPosePin] engaged, holding body at 0.783m above the transform
[  8358   53.028 x1.00] LOG  OniBoss punish window! 10 → 15 (x1.5)
[  8358   53.028 x1.00] LOG  OniBoss took 15 damage. HP: 405/500
[  8358   53.028 x1.00] LOG  [CameraGameFeel] Shake: intensity=0.05 duration=0.150s
[  8385   53.182 x1.00] LOG  OniBoss punish window! 10 → 15 (x1.5)
[  8385   53.182 x1.00] LOG  OniBoss took 15 damage. HP: 390/500
[  8385   53.182 x1.00] LOG  [CameraGameFeel] Shake: intensity=0.05 duration=0.150s
[  8408   53.314 x1.00] LOG  [ComboTrace] END step=3 clipProgress=0.90 clipLen=0.79s queued=0 elapsed=0.75s
[  8409   53.321 x1.00] LOG  [AirPosePin] released, peak correction was 0.095m
[  8495   53.801 x1.00] LOG  💨 Landing VFX spawned!
[  8495   53.801 x1.00] LOG  ✅ LANDED! (was jump #1)
[  8518   53.928 x1.00] LOG  🐾 4-LEG JUMP #0
[  8518   53.928 x1.00] LOG  🐾 Jump 1 VFX spawned!
[  8602   54.395 x1.00] LOG  🐾 4-LEG JUMP #1
[  8602   54.395 x1.00] LOG  🐾 Jump 2 VFX spawned!
[  8653   54.679 x1.00] LOG  [OniBoss] Stagger → Chase
[  8654   54.684 x1.00] LOG  [OniBoss] Pull-band decision: RUN-IN (dist 7.7m, pullRange 0m, chance 0.50)
[  8654   54.684 x1.00] LOG  [OniBoss] Playing animation: run
[  8668   54.787 x1.00] LOG  🐾 4-LEG JUMP #2
[  8668   54.787 x1.00] LOG  🐾 Jump 3 VFX spawned!
[  8668   54.787 x1.00] LOG  🚫 Max jumps reached!
[  8851   55.821 x1.00] LOG  💨 Landing VFX spawned!
[  8851   55.821 x1.00] LOG  ✅ LANDED! (was jump #3)
[  8854   55.839 x1.00] LOG  🚶 2-LEG JUMP
[  8854   55.839 x1.00] LOG  🐾 Jump 1 VFX spawned!
[  8863   55.891 x1.00] LOG  [OniBoss] Playing animation: Watch
[  8863   55.891 x1.00] LOG  [OniBoss] Chase → Attack
[  8863   55.891 x1.00] LOG  [OniBoss] Attack: ClubSlam (20 dmg)
[  8882   55.998 x1.00] LOG  [OniBoss:Layer] step-in: 'ClubSlam' closed 0.51m, Yoru now 3.0m away (range 3.5)
[  8883   56.003 x1.00] LOG  [OniBoss:Layer] step-in: 'ClubSlam' closed 0.52m, Yoru now 3.0m away (range 3.5)
[  8887   56.026 x1.00] LOG  [OniBoss:Layer] step-in: 'ClubSlam' closed 0.53m, Yoru now 3.0m away (range 3.5)
[  8890   56.043 x1.00] LOG  [OniBoss:Layer] step-in: 'ClubSlam' closed 0.54m, Yoru now 3.0m away (range 3.5)
[  8893   56.063 x1.00] LOG  [OniBoss:Layer] step-in: 'ClubSlam' closed 0.55m, Yoru now 3.0m away (range 3.5)
[  8897   56.086 x1.00] LOG  [OniBoss:Layer] step-in: 'ClubSlam' closed 0.55m, Yoru now 3.0m away (range 3.5)
[  8900   56.103 x1.00] LOG  [OniBoss:Layer] step-in: 'ClubSlam' closed 0.56m, Yoru now 3.0m away (range 3.5)
[  8904   56.125 x1.00] LOG  [OniBoss:Layer] step-in: 'ClubSlam' closed 0.57m, Yoru now 3.0m away (range 3.5)
[  8907   56.141 x1.00] LOG  [OniBoss:Layer] step-in: 'ClubSlam' closed 0.58m, Yoru now 3.0m away (range 3.5)
[  8911   56.164 x1.00] LOG  [OniBoss:Layer] step-in: 'ClubSlam' closed 0.59m, Yoru now 3.0m away (range 3.5)
[  8915   56.186 x1.00] LOG  [OniBoss:Layer] step-in: 'ClubSlam' closed 0.60m, Yoru now 3.0m away (range 3.5)
[  8918   56.203 x1.00] LOG  [OniBoss:Layer] step-in: 'ClubSlam' closed 0.60m, Yoru now 3.0m away (range 3.5)
[  8922   56.225 x1.00] LOG  [OniBoss:Layer] step-in: 'ClubSlam' closed 0.61m, Yoru now 3.0m away (range 3.5)
[  8925   56.241 x1.00] LOG  [OniBoss:Layer] step-in: 'ClubSlam' closed 0.62m, Yoru now 3.0m away (range 3.5)
[  8929   56.265 x1.00] LOG  [OniBoss:Layer] step-in: 'ClubSlam' closed 0.63m, Yoru now 3.0m away (range 3.5)
[  8980   56.548 x1.00] LOG  [CameraGameFeel] Shake: intensity=0.50 duration=0.400s
[  8980   56.548 x1.00] LOG  [Combat] Hit react: HitReact_Heavy_2Leg (0.9s)
[  8980   56.548 x1.00] LOG  [CameraGameFeel] Shake: intensity=0.28 duration=0.150s
[  8980   56.548 x1.00] LOG  [CameraGameFeel] FOV punch: player damage (-3.0°)
[  8980   56.548 x1.00] LOG  [OniBoss] Hit player for 20 (ClubSlam)
[  8980   56.548 x1.00] LOG  [AirPosePin] engaged, holding body at 2.078m above the transform
[  9019   56.761 x1.00] LOG  💨 Landing VFX spawned!
[  9019   56.761 x1.00] LOG  [AirPosePin] released, peak correction was 1.462m
[  9089   57.138 x1.00] LOG  [OniBoss] Attack → Recovery
[  9089   57.138 x1.00] LOG  [OniBoss] Playing animation: Watch
[  9089   57.138 x1.00] LOG  [OniBoss:Strike] ClubSlam: club tip closest to Yoru at 0.24m, clip position 0.85 | damage fires at 0.52 | clip 1.25s => damage fires 417 ms BEFORE the club is closest
[  9118   57.292 x1.00] LOG  [OniBoss] Recovery → Chase
[  9119   57.298 x1.00] LOG  [OniBoss] hold-ground: BACKSTEP 1.5m (player 2.7m)
[  9148   57.452 x1.00] LOG  ✅ LANDED! (was jump #0)
[  9215   57.825 x1.00] LOG  [OniBoss] hold-ground: backstep done (0.84m), WATCH (player 4.3m, cooldown 2.5s)
[  9215   57.825 x1.00] LOG  [OniBoss] Playing animation: Watch
[  9226   57.884 x1.00] LOG  [OniBoss] Playing animation: run
[  9260   58.065 x1.00] LOG  
==================== [FREEZE-DEBUG v3] ====================
  Reason : WASD-NOMOVE: WASD recent + speed 0.00m/s for 0.40s
  Time   : 55.042s   Frame: 9260   Snaps: 60
===========================================================

--- CURRENT STATE ---
  Flags: atk=False hvy=False dod=False dsh=False
         grd=False hit=False aerial=False lockPos=False
         comboStep=0
  Anim : speed=1.00  combatLayer hash=-792875657 normT=0.607 weight=1.00 inTransition=False
  CC   : grounded=True  enabled=True  pos=(471.70, -0.02, 437.05)  vel=(0.00, 0.00, 0.00)
  Move : IsRunning=True
  Input: H=1.00 V=0.00  LMB=False MMB=False Q=False Sp=False Sh=True C=False
         WASD pressed in last 0.5s: True (last 0.00s ago)

--- FLIGHT RECORDER (60 snapshots, oldest first, dt=0.10s) ---
  Legend: flags = A(tk) H(vy) D(od) S(sh) G(rd) R(eact) Y(aerial) L(ock)   gnd/cc: Y/n
  t-now    flags     step gnd cc anSp normT layW tr | posX     posZ     spd   | H    V    LMB MMB Q  Sp Sh C
  ------   --------  ---- --- -- ---- ----- ---- -- | -----    -----    ----  | ---- ---- --- --- -- -- -- -
  - 6.13s  --------    0  n   Y  1.00  1.81 1.00 -  |   469.6    448.5  0.00 |  0.0  0.0 0   0   0  0  1  0
  - 6.03s  --------    0  n   Y  1.00  1.92 1.00 -  |   469.5    449.0  0.00 |  1.0  0.0 0   0   0  0  1  0
  - 5.93s  --------    0  n   Y  1.00  2.02 1.00 -  |   469.4    449.3  0.00 |  1.0  0.0 0   0   0  0  1  0
  - 5.82s  --------    0  n   Y  1.00  2.12 1.00 -  |   469.4    449.5  0.00 |  1.0  0.0 0   0   0  0  1  0
  - 5.72s  --------    0  n   Y  1.00  2.22 1.00 -  |   469.4    449.3  0.00 |  1.0  0.0 0   0   0  0  1  0
  - 5.62s  --------    0  n   Y  1.00  2.32 1.00 -  |   469.5    449.0  0.00 |  1.0  0.0 1   0   0  0  1  0
  - 5.52s  --------    0  n   Y  1.00  2.43 1.00 -  |   469.5    448.8  0.00 |  1.0  0.0 1   0   0  0  1  0
  - 5.42s  A-----Y-    3  n   Y  1.00  2.48 1.00 T  |   469.9    448.1  0.62 |  1.0  0.0 0   0   0  0  1  0
  - 5.31s  ------Y-    3  Y   Y  1.00  0.18 1.00 -  |   469.8    447.8  0.00 |  1.0  0.0 0   0   0  0  1  0
  - 5.21s  ------Y-    3  Y   Y  1.00  0.31 1.00 -  |   469.5    447.3  0.00 |  1.0  0.0 0   0   0  0  1  0
  - 5.11s  A-----Y-    3  n   Y  1.00  0.44 1.00 -  |   469.5    446.8  0.00 |  1.0  0.0 0   0   0  1  1  0
  - 5.01s  A-----Y-    3  n   Y  1.00  0.57 1.00 -  |   469.6    446.4  0.00 |  1.0  0.0 0   0   0  0  1  0
  - 4.91s  A-----Y-    3  n   Y  1.00  0.69 1.00 -  |   469.7    446.0  0.00 |  1.0  0.0 0   0   0  0  1  0
  - 4.80s  A-----Y-    3  n   Y  1.00  0.83 1.00 -  |   469.8    445.4  0.00 |  1.0  0.0 0   0   0  1  1  0
  - 4.70s  --------    3  n   Y  1.00  0.96 1.00 T  |   469.9    445.0  0.00 |  1.0  0.0 0   0   0  0  1  0
  - 4.60s  --------    3  n   Y  1.00  0.14 1.00 -  |   470.0    444.5  0.00 |  1.0  0.0 0   0   0  0  1  0
  - 4.49s  --------    3  n   Y  1.00  0.24 1.00 -  |   470.1    444.1  0.00 |  1.0  0.0 0   0   0  0  1  0
  - 4.39s  --------    3  n   Y  1.00  0.35 1.00 -  |   470.2    443.7  0.00 |  0.0  0.0 0   0   0  0  1  0
  - 4.29s  --------    3  n   Y  1.00  0.45 1.00 -  |   470.3    443.2  0.00 |  0.0  0.0 0   0   0  0  1  0
  - 4.19s  --------    3  Y   Y  1.00  0.55 1.00 -  |   470.4    442.6  0.00 |  0.0  0.0 0   0   0  0  1  0
  - 4.08s  --------    3  n   Y  1.00  0.66 1.00 -  |   470.5    441.9  0.00 |  0.0  0.0 0   0   0  1  1  0
  - 3.98s  --------    3  n   Y  1.00  0.76 1.00 -  |   470.6    441.5  0.00 |  0.0  0.0 0   0   0  1  1  0
  - 3.87s  --------    3  n   Y  1.00  0.87 1.00 -  |   470.7    441.0  0.00 |  0.0  0.0 0   0   0  0  1  0
  - 3.77s  --------    3  n   Y  1.00  0.97 1.00 -  |   470.8    440.6  0.00 |  0.0  0.0 0   0   0  0  1  0
  - 3.66s  --------    3  n   Y  1.00  1.07 1.00 -  |   470.9    440.1  0.00 |  0.0  0.0 0   0   0  1  1  0
  - 3.56s  --------    3  n   Y  1.00  1.18 1.00 -  |   470.9    440.1  0.00 |  0.0  0.0 0   0   0  1  1  0
  - 3.46s  --------    3  n   Y  1.00  1.28 1.00 -  |   470.9    440.0  0.00 |  0.0  0.0 0   0   0  0  1  0
  - 3.36s  --------    3  n   Y  1.00  1.38 1.00 -  |   470.9    440.0  0.00 |  0.0  0.0 0   0   0  0  1  0
  - 3.25s  --------    3  n   Y  1.00  1.48 1.00 -  |   470.9    439.9  0.00 |  0.0  0.0 0   0   0  1  1  0
  - 3.15s  --------    3  n   Y  1.00  1.59 1.00 -  |   470.9    439.9  0.00 |  0.0  0.0 0   0   0  1  1  0
  - 3.05s  --------    3  n   Y  1.00  1.69 1.00 -  |   470.9    439.8  0.00 |  0.0  0.0 0   0   0  0  1  0
  - 2.94s  --------    3  n   Y  1.00  1.80 1.00 -  |   470.9    439.8  0.00 |  0.0  0.0 0   0   0  0  1  0
  - 2.84s  --------    3  n   Y  1.00  1.90 1.00 -  |   470.9    439.7  0.00 |  0.0  0.0 0   0   0  0  1  0
  - 2.74s  --------    3  n   Y  1.00  2.00 1.00 -  |   471.0    439.7  0.00 |  0.0  0.0 0   0   0  0  1  0
  - 2.63s  --------    3  n   Y  1.00  2.10 1.00 -  |   471.0    439.6  0.00 |  0.0  0.0 0   0   0  1  0  0
  - 2.53s  --------    3  n   Y  1.00  2.21 1.00 -  |   471.0    439.6  0.00 |  0.0  0.0 0   0   0  0  0  0
  - 2.43s  --------    3  n   Y  1.00  2.31 1.00 -  |   471.0    439.5  0.00 |  0.0  0.0 0   0   0  0  0  0
  - 2.32s  --------    3  n   Y  1.00  2.42 1.00 -  |   471.0    439.5  0.00 |  0.0  0.0 0   0   0  0  0  0
  - 2.22s  --------    3  n   Y  1.00  2.52 1.00 -  |   471.0    439.4  0.00 |  0.0  0.0 0   0   0  1  1  0
  - 2.12s  --------    3  n   Y  1.00  2.62 1.00 -  |   471.0    439.4  0.00 |  0.0  0.0 0   0   0  1  1  0
  - 2.02s  --------    3  n   Y  1.00  2.72 1.00 -  |   471.0    439.3  0.00 |  0.0  0.0 0   0   0  0  1  0
  - 1.91s  --------    3  n   Y  1.00  2.83 1.00 -  |   471.0    439.3  0.00 |  0.0  0.0 0   0   0  0  1  0
  - 1.81s  --------    3  n   Y  1.00  2.93 1.00 -  |   471.0    439.3  0.00 |  0.0  0.0 0   0   0  1  1  0
  - 1.71s  --------    3  n   Y  1.00  3.03 1.00 -  |   471.1    439.2  0.00 |  0.0  0.0 0   0   0  0  1  0
  - 1.61s  --------    3  n   Y  1.00  3.13 1.00 -  |   471.1    439.2  0.00 |  0.0  0.0 0   0   0  1  1  0
  - 1.51s  -----R--    0  n   Y  1.00  3.23 1.00 T  |   471.1    439.2  6.20 |  0.0  0.0 0   0   0  1  1  0
  - 1.40s  -----R--    0  n   Y  1.00  0.09 1.00 -  |   471.2    439.5  0.00 |  0.0  0.0 0   0   0  0  1  0
  - 1.30s  -----R--    0  Y   Y  1.00  0.18 1.00 -  |   471.2    439.5  0.00 |  0.0  0.0 0   0   0  0  1  0
  - 1.19s  -----R--    0  Y   Y  1.00  0.26 1.00 -  |   471.2    439.5  0.00 |  0.0  0.0 0   0   0  0  1  0
  - 1.09s  -----R--    0  Y   Y  1.00  0.35 1.00 -  |   471.2    439.5  0.00 |  0.0  0.0 0   0   0  0  1  0
  - 0.99s  -----R--    0  Y   Y  1.00  0.43 1.00 -  |   471.2    439.5  0.00 |  0.0  0.0 0   0   0  0  1  0
  - 0.88s  -----R--    0  Y   Y  1.00  0.52 1.00 -  |   471.2    439.5  0.00 |  0.0  0.0 0   0   0  0  1  0
  - 0.78s  -----R--    0  Y   Y  1.00  0.60 1.00 -  |   471.2    439.5  0.00 |  0.0  0.0 0   0   0  1  1  0
  - 0.68s  -----R--    0  Y   Y  1.00  0.69 1.00 -  |   471.2    439.5  0.00 |  0.0  0.0 0   0   0  0  1  0
  - 0.58s  --------    0  Y   Y  1.00  0.77 1.00 T  |   471.2    439.5  0.00 |  0.0  0.0 0   0   0  0  1  0
  - 0.48s  --------    0  Y   Y  1.00  0.13 1.00 -  |   471.2    439.5  0.00 |  0.0  0.0 0   0   0  0  1  0
  - 0.37s  --------    0  Y   Y  1.00  0.23 1.00 -  |   471.2    439.5  0.00 |  1.0  0.0 0   0   0  0  1  0
  - 0.27s  --------    0  Y   Y  1.00  0.34 1.00 -  |   471.3    439.0  0.00 |  1.0  0.0 0   0   0  0  1  0
  - 0.17s  --------    0  Y   Y  1.00  0.44 1.00 -  |   471.5    438.3  0.00 |  1.0  0.0 0   0   0  0  1  0
  - 0.07s  --------    0  Y   Y  1.00  0.54 1.00 -  |   471.6    437.6  0.00 |  1.0  0.0 0   0   0  0  1  0
=========================================================== END

[  9293   58.243 x1.00] LOG  🐾 4-LEG JUMP #0
[  9293   58.243 x1.00] LOG  🐾 Jump 1 VFX spawned!
[  9345   58.520 x1.00] LOG  🐾 4-LEG JUMP #1
[  9345   58.520 x1.00] LOG  🐾 Jump 2 VFX spawned!
[  9387   58.760 x1.00] LOG  🐾 4-LEG JUMP #2
[  9387   58.760 x1.00] LOG  🐾 Jump 3 VFX spawned!
[  9387   58.760 x1.00] LOG  🚫 Max jumps reached!
[  9435   59.035 x1.00] LOG  [ComboTrace] LAUNCH STEP (too far: OniBoss at 5.4m > engage 4.7m) dist=0.90m in 0.13s [AIRBORNE]
[  9435   59.035 x1.00] LOG  [Combat] Aerial spin — 25 dmg
[  9435   59.035 x1.00] LOG  [AirPosePin] engaged, holding body at 0.720m above the transform
[  9459   59.169 x1.00] LOG  [ComboTrace] LAUNCH RESULT wanted=0.90m actually moved=0.28m — completed
[  9548   59.703 x1.00] LOG  💨 Landing VFX spawned!
[  9548   59.703 x1.00] LOG  ✅ LANDED! (was jump #3)
[  9548   59.703 x1.00] LOG  [AirPosePin] released, peak correction was -0.004m
[  9556   59.749 x1.00] LOG  [ComboTrace] END step=3 clipProgress=0.90 clipLen=0.79s queued=0 elapsed=0.71s
[  9576   59.862 x1.00] LOG  🚶 2-LEG JUMP
[  9576   59.862 x1.00] LOG  🐾 Jump 1 VFX spawned!
[  9646   60.278 x1.00] LOG  [ComboTrace] LAUNCH OniBoss at 1.8m dist=1.78m in 0.18s [AIRBORNE]
[  9646   60.278 x1.00] LOG  [Combat] Aerial spin — 25 dmg
[  9646   60.278 x1.00] LOG  [AirPosePin] engaged, holding body at 1.955m above the transform
[  9648   60.291 x1.00] LOG  [OniBoss] Playing animation: Watch
[  9649   60.297 x1.00] LOG  [OniBoss] Combo started: swing1-2 (2 steps remaining)
[  9649   60.297 x1.00] LOG  [OniBoss] Chase → Attack
[  9649   60.297 x1.00] LOG  [OniBoss] Attack: Club_Swing (16 dmg)
[  9670   60.430 x1.00] LOG  OniBoss took 10 damage. HP: 380/500
[  9670   60.430 x1.00] LOG  [OniBoss] 🤕 Hit during Attack — flash only
[  9670   60.430 x1.00] LOG  [CameraGameFeel] Shake: intensity=0.15 duration=0.150s
[  9670   60.430 x1.00] LOG  [CameraGameFeel] FOV punch: hit light (+1.5°)
[  9674   60.456 x1.00] LOG  [ComboTrace] LAUNCH RESULT wanted=1.78m actually moved=1.14m — completed
[  9694   60.583 x1.00] LOG  OniBoss took 10 damage. HP: 370/500
[  9694   60.583 x1.00] LOG  [OniBoss] 🤕 Hit during Attack — flash only
[  9694   60.583 x1.00] LOG  [CameraGameFeel] Shake: intensity=0.05 duration=0.150s
[  9720   60.739 x1.00] LOG  OniBoss took 10 damage. HP: 360/500
[  9720   60.739 x1.00] LOG  [OniBoss] 🤕 Hit during Attack — flash only
[  9720   60.739 x1.00] LOG  [OniBoss] Attack → Stagger
[  9720   60.739 x1.00] LOG  [OniBoss] Playing animation: Stagger
[  9720   60.739 x1.00] LOG  [OniBoss] STAGGERED for 2.5s
[  9720   60.739 x1.00] LOG  [OniBoss:Layer] heavy knock-back react (swirl burst, 3 hits / 30 dmg) → 'HitReact_Heavy', down for 1.80s
[  9720   60.739 x1.00] LOG  [OniBoss:Layer] burst: 3 hits / 30 dmg inside 0.8s → knock-back + 0.90m push
[  9720   60.739 x1.00] LOG  [CameraGameFeel] Shake: intensity=0.05 duration=0.150s
[  9720   60.739 x1.00] LOG  [OniBoss:Strike] Club_Swing: club tip closest to Yoru at 4.95m, clip position 0.13 | damage fires at 0.55 | clip 1.13s => damage fires 477 ms AFTER the club is closest — it lands once the club has passed her
[  9731   60.801 x1.00] LOG  💨 Landing VFX spawned!
[  9731   60.801 x1.00] LOG  ✅ LANDED! (was jump #1)
[  9731   60.801 x1.00] LOG  [AirPosePin] released, peak correction was 1.171m
[  9772   61.034 x1.00] LOG  🚶 2-LEG JUMP
[  9772   61.034 x1.00] LOG  🐾 Jump 1 VFX spawned!
[  9772   61.034 x1.00] LOG  [ComboTrace] END step=3 clipProgress=0.90 clipLen=0.79s queued=0 elapsed=0.76s
[  9927   61.941 x1.00] LOG  💨 Landing VFX spawned!
[  9927   61.941 x1.00] LOG  ✅ LANDED! (was jump #1)
[  9980   62.231 x1.00] LOG  
==================== [FREEZE-DEBUG v3] ====================
  Reason : WASD-NOMOVE: WASD recent + speed 0.00m/s for 0.40s
  Time   : 59.208s   Frame: 9980   Snaps: 60
===========================================================

--- CURRENT STATE ---
  Flags: atk=False hvy=False dod=False dsh=False
         grd=False hit=False aerial=False lockPos=False
         comboStep=3
  Anim : speed=1.00  combatLayer hash=-792875657 normT=1.185 weight=1.00 inTransition=False
  CC   : grounded=True  enabled=True  pos=(473.58, 0.55, 428.60)  vel=(0.00, 0.00, 0.00)
  Move : IsRunning=True
  Input: H=1.00 V=0.00  LMB=False MMB=False Q=False Sp=False Sh=True C=False
         WASD pressed in last 0.5s: True (last 0.00s ago)

--- FLIGHT RECORDER (60 snapshots, oldest first, dt=0.10s) ---
  Legend: flags = A(tk) H(vy) D(od) S(sh) G(rd) R(eact) Y(aerial) L(ock)   gnd/cc: Y/n
  t-now    flags     step gnd cc anSp normT layW tr | posX     posZ     spd   | H    V    LMB MMB Q  Sp Sh C
  ------   --------  ---- --- -- ---- ----- ---- -- | -----    -----    ----  | ---- ---- --- --- -- -- -- -
  - 6.08s  --------    3  n   Y  1.00  2.83 1.00 -  |   471.0    439.3  0.00 |  0.0  0.0 0   0   0  0  1  0
  - 5.98s  --------    3  n   Y  1.00  2.93 1.00 -  |   471.0    439.3  0.00 |  0.0  0.0 0   0   0  1  1  0
  - 5.88s  --------    3  n   Y  1.00  3.03 1.00 -  |   471.1    439.2  0.00 |  0.0  0.0 0   0   0  0  1  0
  - 5.77s  --------    3  n   Y  1.00  3.13 1.00 -  |   471.1    439.2  0.00 |  0.0  0.0 0   0   0  1  1  0
  - 5.67s  -----R--    0  n   Y  1.00  3.23 1.00 T  |   471.1    439.2  6.20 |  0.0  0.0 0   0   0  1  1  0
  - 5.57s  -----R--    0  n   Y  1.00  0.09 1.00 -  |   471.2    439.5  0.00 |  0.0  0.0 0   0   0  0  1  0
  - 5.46s  -----R--    0  Y   Y  1.00  0.18 1.00 -  |   471.2    439.5  0.00 |  0.0  0.0 0   0   0  0  1  0
  - 5.36s  -----R--    0  Y   Y  1.00  0.26 1.00 -  |   471.2    439.5  0.00 |  0.0  0.0 0   0   0  0  1  0
  - 5.26s  -----R--    0  Y   Y  1.00  0.35 1.00 -  |   471.2    439.5  0.00 |  0.0  0.0 0   0   0  0  1  0
  - 5.15s  -----R--    0  Y   Y  1.00  0.43 1.00 -  |   471.2    439.5  0.00 |  0.0  0.0 0   0   0  0  1  0
  - 5.05s  -----R--    0  Y   Y  1.00  0.52 1.00 -  |   471.2    439.5  0.00 |  0.0  0.0 0   0   0  0  1  0
  - 4.95s  -----R--    0  Y   Y  1.00  0.60 1.00 -  |   471.2    439.5  0.00 |  0.0  0.0 0   0   0  1  1  0
  - 4.85s  -----R--    0  Y   Y  1.00  0.69 1.00 -  |   471.2    439.5  0.00 |  0.0  0.0 0   0   0  0  1  0
  - 4.74s  --------    0  Y   Y  1.00  0.77 1.00 T  |   471.2    439.5  0.00 |  0.0  0.0 0   0   0  0  1  0
  - 4.64s  --------    0  Y   Y  1.00  0.13 1.00 -  |   471.2    439.5  0.00 |  0.0  0.0 0   0   0  0  1  0
  - 4.54s  --------    0  Y   Y  1.00  0.23 1.00 -  |   471.2    439.5  0.00 |  1.0  0.0 0   0   0  0  1  0
  - 4.44s  --------    0  Y   Y  1.00  0.34 1.00 -  |   471.3    439.0  0.00 |  1.0  0.0 0   0   0  0  1  0
  - 4.34s  --------    0  Y   Y  1.00  0.44 1.00 -  |   471.5    438.3  0.00 |  1.0  0.0 0   0   0  0  1  0
  - 4.23s  --------    0  Y   Y  1.00  0.54 1.00 -  |   471.6    437.6  0.00 |  1.0  0.0 0   0   0  0  1  0
  - 4.13s  --------    0  Y   Y  1.00  0.64 1.00 -  |   471.7    436.9  0.00 |  1.0  0.0 0   0   0  0  1  0
  - 4.03s  --------    0  Y   Y  1.00  0.74 1.00 -  |   471.9    436.2  0.00 |  1.0  0.0 0   0   0  0  1  0
  - 3.93s  --------    0  n   Y  1.00  0.85 1.00 -  |   472.0    435.5  0.00 |  1.0  0.0 0   0   0  1  1  0
  - 3.83s  --------    0  n   Y  1.00  0.95 1.00 -  |   472.1    435.1  0.00 |  1.0  0.0 0   0   0  0  1  0
  - 3.72s  --------    0  n   Y  1.00  1.05 1.00 -  |   472.2    434.6  0.00 |  1.0  0.0 0   0   0  0  1  0
  - 3.62s  --------    0  n   Y  1.00  1.15 1.00 -  |   472.3    434.2  0.00 |  1.0  0.0 0   0   0  1  1  0
  - 3.51s  --------    0  n   Y  1.00  1.26 1.00 -  |   472.4    433.7  0.00 |  1.0  0.0 0   0   0  0  1  0
  - 3.41s  --------    0  n   Y  1.00  1.36 1.00 -  |   472.4    433.3  0.00 |  1.0  0.0 0   0   0  1  1  0
  - 3.31s  --------    0  n   Y  1.00  1.46 1.00 -  |   472.5    432.8  0.00 |  1.0  0.0 1   0   0  0  1  0
  - 3.21s  --------    0  n   Y  1.00  1.57 1.00 -  |   472.6    432.3  0.00 |  0.0  0.0 1   0   0  0  1  0
  - 3.11s  A-----Y-    3  n   Y  1.00  0.11 1.00 -  |   472.7    432.7  0.00 |  0.0  0.0 0   0   0  0  1  0
  - 3.00s  A-----Y-    3  n   Y  1.00  0.24 1.00 -  |   472.7    432.3  0.00 |  0.0  0.0 0   0   0  0  1  0
  - 2.90s  A-----Y-    3  n   Y  1.00  0.36 1.00 -  |   472.8    431.9  0.00 |  0.0  0.0 0   0   0  0  1  0
  - 2.80s  A-----Y-    3  n   Y  1.00  0.49 1.00 -  |   472.9    431.5  0.00 |  0.0  0.0 0   0   0  0  1  0
  - 2.70s  A-----Y-    3  n   Y  1.00  0.62 1.00 -  |   473.0    431.0  0.00 |  0.0  0.0 0   0   0  0  1  0
  - 2.60s  A-----Y-    3  n   Y  1.00  0.74 1.00 -  |   473.1    430.6  0.00 |  0.0  0.0 0   0   0  0  1  0
  - 2.49s  ------Y-    3  Y   Y  1.00  0.88 1.00 -  |   473.2    430.2  0.00 |  0.0  0.0 0   0   0  0  1  0
  - 2.39s  --------    3  Y   Y  1.00  1.01 1.00 T  |   473.2    430.2  0.00 |  0.0  0.0 0   0   0  0  1  0
  - 2.29s  --------    3  n   Y  1.00  0.18 1.00 -  |   473.1    430.2  0.00 |  0.0  0.0 0   0   0  1  1  0
  - 2.18s  --------    3  n   Y  1.00  0.29 1.00 -  |   473.1    430.3  0.00 |  0.0  0.0 0   0   0  0  1  0
  - 2.08s  --------    3  n   Y  1.00  0.39 1.00 -  |   473.1    430.3  0.00 |  0.0  0.0 0   0   0  0  1  0
  - 1.98s  --------    3  n   Y  1.00  0.49 1.00 -  |   473.1    430.4  0.00 |  0.0  0.0 1   0   0  0  0  0
  - 1.87s  A-----Y-    3  n   Y  1.00  0.09 1.00 -  |   473.0    431.5  0.00 |  0.0  0.0 0   0   0  0  0  0
  - 1.77s  A-----Y-    3  n   Y  0.00  0.18 1.00 -  |   473.0    431.5  0.00 |  0.0  0.0 0   0   0  0  0  0
  - 1.67s  A-----Y-    3  n   Y  1.00  0.29 1.00 -  |   473.0    431.5  0.00 |  0.0  0.0 0   0   0  0  0  0
  - 1.57s  A-----Y-    3  n   Y  1.00  0.42 1.00 -  |   473.0    431.5  0.00 |  0.0  0.0 0   0   0  0  0  0
  - 1.47s  A-----Y-    3  n   Y  1.00  0.55 1.00 -  |   473.0    431.5  0.00 |  0.0  0.0 0   0   0  0  0  0
  - 1.37s  ------Y-    3  Y   Y  1.00  0.68 1.00 -  |   473.0    431.5  0.00 |  0.0  0.0 0   0   0  0  0  0
  - 1.26s  ------Y-    3  Y   Y  1.00  0.80 1.00 -  |   473.0    431.5  0.00 |  0.0  0.0 0   0   0  0  1  0
  - 1.16s  --------    3  n   Y  1.00  0.93 1.00 T  |   473.0    431.6  0.00 |  0.0  0.0 0   0   0  1  0  0
  - 1.06s  --------    3  n   Y  1.00  0.12 1.00 -  |   473.0    431.6  0.00 |  0.0  0.0 0   0   0  1  1  0
  - 0.96s  --------    3  n   Y  1.00  0.23 1.00 -  |   473.0    431.6  0.00 |  0.0  0.0 0   0   0  0  1  0
  - 0.86s  --------    3  n   Y  1.00  0.33 1.00 -  |   473.0    431.7  0.00 |  0.0  0.0 0   0   0  0  1  0
  - 0.75s  --------    3  n   Y  1.00  0.44 1.00 -  |   473.0    431.7  0.00 |  1.0  0.0 0   0   0  0  0  0
  - 0.65s  --------    3  n   Y  1.00  0.54 1.00 -  |   473.0    431.6  0.00 |  1.0  0.0 0   0   0  0  1  0
  - 0.55s  --------    3  n   Y  1.00  0.64 1.00 -  |   473.0    431.3  0.00 |  1.0  0.0 0   0   0  0  1  0
  - 0.45s  --------    3  n   Y  1.00  0.74 1.00 -  |   473.1    431.0  0.00 |  1.0  0.0 0   0   0  0  1  0
  - 0.34s  --------    3  n   Y  1.00  0.84 1.00 -  |   473.2    430.7  0.00 |  1.0  0.0 0   0   0  1  1  0
  - 0.24s  --------    3  Y   Y  1.00  0.94 1.00 -  |   473.3    430.2  0.00 |  1.0  0.0 0   0   0  1  1  0
  - 0.14s  --------    3  Y   Y  1.00  1.05 1.00 -  |   473.4    429.6  0.00 |  1.0  0.0 0   0   0  1  1  0
  - 0.03s  --------    3  Y   Y  1.00  1.15 1.00 -  |   473.5    428.9  0.00 |  1.0  0.0 0   0   0  0  1  0
=========================================================== END

[  9982   62.242 x1.00] LOG  🐾 4-LEG JUMP #0
[  9982   62.242 x1.00] LOG  🐾 Jump 1 VFX spawned!
[ 10037   62.526 x1.00] LOG  🐾 4-LEG JUMP #1
[ 10037   62.526 x1.00] LOG  🐾 Jump 2 VFX spawned!
[ 10040   62.541 x1.00] LOG  [OniBoss] Stagger → Chase
[ 10041   62.546 x1.00] LOG  [OniBoss] Pull-band decision: RUN-IN (dist 7.7m, pullRange 0m, chance 0.50)
[ 10041   62.546 x1.00] LOG  [OniBoss] Playing animation: run
[ 10094   62.808 x1.00] LOG  🐾 4-LEG JUMP #2
[ 10094   62.808 x1.00] LOG  🐾 Jump 3 VFX spawned!
[ 10094   62.808 x1.00] LOG  🚫 Max jumps reached!
[ 10163   63.147 x1.00] LOG  [ComboTrace] LAUNCH STEP (too far: OniBoss at 7.3m > engage 4.7m) dist=0.90m in 0.13s [AIRBORNE]
[ 10163   63.147 x1.00] LOG  [Combat] Aerial spin — 25 dmg
[ 10163   63.147 x1.00] LOG  [AirPosePin] engaged, holding body at 1.111m above the transform
[ 10189   63.279 x1.00] LOG  [ComboTrace] LAUNCH RESULT wanted=0.90m actually moved=0.36m — completed
[ 10289   63.782 x1.00] LOG  💨 Landing VFX spawned!
[ 10289   63.782 x1.00] LOG  ✅ LANDED! (was jump #3)
[ 10289   63.782 x1.00] LOG  [AirPosePin] released, peak correction was 0.363m
[ 10305   63.860 x1.00] LOG  [ComboTrace] END step=3 clipProgress=0.90 clipLen=0.79s queued=0 elapsed=0.71s
[ 10341   64.061 x1.00] LOG  [Combat] Combo 1: 10 dmg
[ 10341   64.061 x1.00] LOG  [ComboTrace] START step=1 state='Combo1' queued=0 target='OniBoss' at 4.7m
[ 10341   64.061 x1.00] LOG  [ComboTrace] LAUNCH OniBoss at 3.3m dist=3.20m in 0.32s (capped short)
[ 10347   64.094 x1.00] LOG  [AirPosePin] engaged, holding body at 0.622m above the transform
[ 10351   64.117 x1.00] LOG  [OniBoss] Playing animation: Watch
[ 10351   64.117 x1.00] LOG  [OniBoss] Chase → Attack
[ 10351   64.117 x1.00] LOG  [OniBoss] Attack: Club_Swing (16 dmg)
[ 10356   64.145 x1.00] LOG  [AirPosePin] released, peak correction was -0.031m
[ 10383   64.307 x1.00] LOG  [Combat] Queued click #1 (combo 1)
[ 10383   64.307 x1.00] LOG  [ComboTrace] QUEUED #1 during step 1
[ 10397   64.387 x1.00] LOG  [ComboTrace] LAUNCH RESULT wanted=3.20m actually moved=2.33m — completed
[ 10424   64.561 x1.00] LOG  [Combat] Queued click #2 (combo 1)
[ 10424   64.561 x1.00] LOG  [ComboTrace] QUEUED #2 during step 1
[ 10445   64.673 x1.00] LOG  OniBoss took 10 damage. HP: 350/500
[ 10445   64.673 x1.00] LOG  [OniBoss] 🤕 Hit during Attack — flash only
[ 10445   64.673 x1.00] LOG  [Combat] Hit OniBoss for 10
[ 10445   64.673 x1.00] LOG  [CameraGameFeel] Shake: intensity=0.15 duration=0.150s
[ 10445   64.673 x1.00] LOG  [CameraGameFeel] FOV punch: hit light (+1.5°)
[ 10466   64.785 x1.00] LOG  [CameraGameFeel] Shake: intensity=0.20 duration=0.250s
[ 10466   64.785 x1.00] LOG  [Combat] Hit react: HitReact_Light_2Leg (0.5s)
[ 10466   64.785 x1.00] LOG  [CameraGameFeel] Shake: intensity=0.09 duration=0.150s
[ 10466   64.785 x1.00] LOG  [CameraGameFeel] FOV punch: player damage (-2.0°)
[ 10466   64.785 x1.00] LOG  [OniBoss] Hit player for 16 (Club_Swing)
[ 10467   64.791 x1.00] LOG  [AirPosePin] engaged, holding body at 0.627m above the transform
[ 10468   64.797 x1.00] LOG  [AirPosePin] released, peak correction was 0.000m
[ 10469   64.803 x1.00] LOG  [AirPosePin] engaged, holding body at 0.610m above the transform
[ 10492   64.925 x1.00] LOG  [AirPosePin] released, peak correction was -0.002m
[ 10559   65.283 x1.00] LOG  [OniBoss] Attack → Recovery
[ 10559   65.283 x1.00] LOG  [OniBoss] Playing animation: Watch
[ 10559   65.283 x1.00] LOG  [OniBoss:Strike] Club_Swing: club tip closest to Yoru at 0.65m, clip position 0.91 | damage fires at 0.55 | clip 1.13s => damage fires 408 ms BEFORE the club is closest
[ 10584   65.417 x1.00] LOG  🐾 4-LEG JUMP #0
[ 10584   65.417 x1.00] LOG  🐾 Jump 1 VFX spawned!
[ 10587   65.433 x1.00] LOG  [OniBoss] Recovery → Chase
[ 10588   65.439 x1.00] LOG  [OniBoss] hold-ground: BACKSTEP 1.5m (player 2.0m)
[ 10618   65.605 x1.00] LOG  [ComboTrace] LAUNCH OniBoss at 0.6m dist=0.62m in 0.13s [AIRBORNE]
[ 10618   65.605 x1.00] LOG  [Combat] Aerial spin — 25 dmg
[ 10618   65.605 x1.00] LOG  OniBoss took 10 damage. HP: 340/500
[ 10618   65.605 x1.00] LOG  [OniBoss] Chase → HitReact
[ 10618   65.605 x1.00] LOG  [OniBoss:Layer] react tier: LIGHT (10 dmg) → 'Hit_react_light'
[ 10618   65.605 x1.00] LOG  [CameraGameFeel] Shake: intensity=0.15 duration=0.150s
[ 10618   65.605 x1.00] LOG  [CameraGameFeel] FOV punch: hit light (+1.5°)
[ 10618   65.605 x1.00] LOG  [AirPosePin] engaged, holding body at 0.520m above the transform
[ 10642   65.739 x1.00] LOG  [ComboTrace] LAUNCH RESULT wanted=0.62m actually moved=0.04m — completed
[ 10645   65.756 x1.00] LOG  OniBoss took 10 damage. HP: 330/500
[ 10645   65.756 x1.00] LOG  [OniBoss:Layer] burst: 2 hits / 20 dmg → flinch upgraded to 'HitReact_medium'
[ 10645   65.756 x1.00] LOG  [CameraGameFeel] Shake: intensity=0.05 duration=0.150s
[ 10673   65.911 x1.00] LOG  OniBoss took 10 damage. HP: 320/500
[ 10673   65.911 x1.00] LOG  [OniBoss] HitReact → Stagger
[ 10673   65.911 x1.00] LOG  [OniBoss] Playing animation: Stagger
[ 10673   65.911 x1.00] LOG  [OniBoss] STAGGERED for 2.5s
[ 10673   65.911 x1.00] LOG  [OniBoss:Layer] heavy knock-back react (swirl burst, 3 hits / 30 dmg) → 'HitReact_Heavy', down for 1.80s
[ 10673   65.911 x1.00] LOG  [OniBoss:Layer] burst: 3 hits / 30 dmg inside 0.8s → knock-back + 0.90m push
[ 10673   65.911 x1.00] LOG  [CameraGameFeel] Shake: intensity=0.05 duration=0.150s
[ 10701   66.063 x1.00] LOG  OniBoss punish window! 10 → 15 (x1.5)
[ 10701   66.063 x1.00] LOG  OniBoss took 15 damage. HP: 305/500
[ 10701   66.063 x1.00] LOG  [CameraGameFeel] Shake: intensity=0.05 duration=0.150s
[ 10728   66.216 x1.00] LOG  OniBoss punish window! 10 → 15 (x1.5)
[ 10728   66.216 x1.00] LOG  OniBoss took 15 damage. HP: 290/500
[ 10728   66.216 x1.00] LOG  [CameraGameFeel] Shake: intensity=0.05 duration=0.150s
[ 10753   66.356 x1.00] LOG  [ComboTrace] END step=3 clipProgress=0.90 clipLen=0.79s queued=0 elapsed=0.75s
[ 10754   66.362 x1.00] LOG  [AirPosePin] released, peak correction was -0.167m
[ 10758   66.383 x1.00] LOG  💨 Landing VFX spawned!
[ 10758   66.383 x1.00] LOG  ✅ LANDED! (was jump #1)
[ 10764   66.417 x1.00] LOG  
==================== [FREEZE-DEBUG v3] ====================
  Reason : WASD-NOMOVE: WASD recent + speed 0.00m/s for 0.40s
  Time   : 63.395s   Frame: 10764   Snaps: 60
===========================================================

--- CURRENT STATE ---
  Flags: atk=False hvy=False dod=False dsh=False
         grd=False hit=False aerial=False lockPos=False
         comboStep=3
  Anim : speed=1.00  combatLayer hash=-985085662 normT=0.970 weight=1.00 inTransition=True
  CC   : grounded=True  enabled=True  pos=(473.50, 0.57, 428.38)  vel=(0.00, 0.00, 0.00)
  Move : IsRunning=True
  Input: H=1.00 V=0.00  LMB=False MMB=False Q=False Sp=False Sh=True C=False
         WASD pressed in last 0.5s: True (last 0.00s ago)

--- FLIGHT RECORDER (60 snapshots, oldest first, dt=0.10s) ---
  Legend: flags = A(tk) H(vy) D(od) S(sh) G(rd) R(eact) Y(aerial) L(ock)   gnd/cc: Y/n
  t-now    flags     step gnd cc anSp normT layW tr | posX     posZ     spd   | H    V    LMB MMB Q  Sp Sh C
  ------   --------  ---- --- -- ---- ----- ---- -- | -----    -----    ----  | ---- ---- --- --- -- -- -- -
  - 6.06s  A-----Y-    3  n   Y  1.00  0.09 1.00 -  |   473.0    431.5  0.00 |  0.0  0.0 0   0   0  0  0  0
  - 5.96s  A-----Y-    3  n   Y  0.00  0.18 1.00 -  |   473.0    431.5  0.00 |  0.0  0.0 0   0   0  0  0  0
  - 5.86s  A-----Y-    3  n   Y  1.00  0.29 1.00 -  |   473.0    431.5  0.00 |  0.0  0.0 0   0   0  0  0  0
  - 5.76s  A-----Y-    3  n   Y  1.00  0.42 1.00 -  |   473.0    431.5  0.00 |  0.0  0.0 0   0   0  0  0  0
  - 5.65s  A-----Y-    3  n   Y  1.00  0.55 1.00 -  |   473.0    431.5  0.00 |  0.0  0.0 0   0   0  0  0  0
  - 5.55s  ------Y-    3  Y   Y  1.00  0.68 1.00 -  |   473.0    431.5  0.00 |  0.0  0.0 0   0   0  0  0  0
  - 5.45s  ------Y-    3  Y   Y  1.00  0.80 1.00 -  |   473.0    431.5  0.00 |  0.0  0.0 0   0   0  0  1  0
  - 5.35s  --------    3  n   Y  1.00  0.93 1.00 T  |   473.0    431.6  0.00 |  0.0  0.0 0   0   0  1  0  0
  - 5.25s  --------    3  n   Y  1.00  0.12 1.00 -  |   473.0    431.6  0.00 |  0.0  0.0 0   0   0  1  1  0
  - 5.14s  --------    3  n   Y  1.00  0.23 1.00 -  |   473.0    431.6  0.00 |  0.0  0.0 0   0   0  0  1  0
  - 5.04s  --------    3  n   Y  1.00  0.33 1.00 -  |   473.0    431.7  0.00 |  0.0  0.0 0   0   0  0  1  0
  - 4.94s  --------    3  n   Y  1.00  0.44 1.00 -  |   473.0    431.7  0.00 |  1.0  0.0 0   0   0  0  0  0
  - 4.83s  --------    3  n   Y  1.00  0.54 1.00 -  |   473.0    431.6  0.00 |  1.0  0.0 0   0   0  0  1  0
  - 4.73s  --------    3  n   Y  1.00  0.64 1.00 -  |   473.0    431.3  0.00 |  1.0  0.0 0   0   0  0  1  0
  - 4.63s  --------    3  n   Y  1.00  0.74 1.00 -  |   473.1    431.0  0.00 |  1.0  0.0 0   0   0  0  1  0
  - 4.53s  --------    3  n   Y  1.00  0.84 1.00 -  |   473.2    430.7  0.00 |  1.0  0.0 0   0   0  1  1  0
  - 4.43s  --------    3  Y   Y  1.00  0.94 1.00 -  |   473.3    430.2  0.00 |  1.0  0.0 0   0   0  1  1  0
  - 4.32s  --------    3  Y   Y  1.00  1.05 1.00 -  |   473.4    429.6  0.00 |  1.0  0.0 0   0   0  1  1  0
  - 4.22s  --------    3  Y   Y  1.00  1.15 1.00 -  |   473.5    428.9  0.00 |  1.0  0.0 0   0   0  0  1  0
  - 4.12s  --------    3  n   Y  1.00  1.25 1.00 -  |   473.6    428.2  0.00 |  1.0  0.0 0   0   0  1  1  0
  - 4.02s  --------    3  n   Y  1.00  1.36 1.00 -  |   473.8    427.7  0.00 |  1.0  0.0 0   0   0  0  1  0
  - 3.91s  --------    3  n   Y  1.00  1.46 1.00 -  |   473.8    427.3  0.00 |  1.0  0.0 0   0   0  0  1  0
  - 3.81s  --------    3  n   Y  1.00  1.56 1.00 -  |   473.9    426.8  0.00 |  1.0  0.0 0   0   0  1  1  0
  - 3.71s  --------    3  n   Y  1.00  1.66 1.00 -  |   474.0    426.4  0.00 |  1.0  0.0 0   0   0  0  1  0
  - 3.60s  --------    3  n   Y  1.00  1.77 1.00 -  |   474.1    425.9  0.00 |  1.0  0.0 0   0   0  1  1  0
  - 3.50s  --------    3  n   Y  1.00  1.87 1.00 -  |   474.2    425.5  0.00 |  1.0  0.0 0   0   0  1  1  0
  - 3.40s  --------    3  n   Y  1.00  1.97 1.00 -  |   474.3    425.1  0.00 |  0.0  0.0 1   0   0  0  1  0
  - 3.30s  --------    3  n   Y  1.00  2.07 1.00 -  |   474.4    424.6  0.00 |  0.0  0.0 1   0   0  0  1  0
  - 3.19s  A-----Y-    3  n   Y  1.00  0.09 1.00 -  |   474.3    424.8  0.00 | -1.0  0.0 0   0   0  0  1  0
  - 3.09s  A-----Y-    3  n   Y  1.00  0.22 1.00 -  |   474.4    424.5  0.00 | -1.0  0.0 0   0   0  0  1  0
  - 2.99s  A-----Y-    3  n   Y  1.00  0.35 1.00 -  |   474.5    424.1  0.00 | -1.0  0.0 1   0   0  0  1  0
  - 2.89s  A-----Y-    3  n   Y  1.00  0.48 1.00 -  |   474.6    423.6  0.00 | -1.0  0.0 1   0   0  0  1  0
  - 2.78s  A-----Y-    3  n   Y  1.00  0.61 1.00 -  |   474.7    423.2  0.00 | -1.0  0.0 1   0   0  0  1  0
  - 2.68s  A-----Y-    3  n   Y  1.00  0.74 1.00 -  |   474.7    422.8  0.00 | -1.0  0.0 1   0   0  0  1  0
  - 2.58s  ------Y-    3  Y   Y  1.00  0.87 1.00 -  |   474.7    422.8  0.00 | -1.0  0.0 0   0   0  0  1  0
  - 2.47s  --------    3  Y   Y  1.00  1.00 1.00 T  |   474.6    423.6  0.00 | -1.0  0.0 1   0   0  0  1  0
  - 2.37s  --------    3  Y   Y  1.00  0.17 1.00 -  |   474.4    424.3  0.00 | -1.0  0.0 1   0   0  0  1  0
  - 2.27s  A-------    1  Y   Y  1.00  0.06 1.00 -  |   474.2    425.8  0.00 | -1.0  0.0 0   0   0  0  1  0
  - 2.17s  A-------    1  Y   Y  1.00  0.15 1.00 -  |   474.0    426.7  0.00 | -1.0  0.0 1   0   0  0  1  0
  - 2.07s  A-------    1  Y   Y  1.00  0.23 1.00 -  |   474.0    426.7  0.00 | -1.0  0.0 0   0   0  0  1  0
  - 1.97s  A-------    1  Y   Y  1.00  0.31 1.00 -  |   474.0    426.7  0.00 | -1.0  0.0 1   0   0  0  1  0
  - 1.87s  A-------    1  Y   Y  1.00  0.39 1.00 -  |   474.0    426.7  0.00 | -1.0  0.0 1   0   0  0  1  0
  - 1.76s  A-------    1  Y   Y  1.00  0.48 1.00 -  |   474.0    426.7  0.00 | -1.0  0.0 0   0   0  0  1  0
  - 1.66s  A-------    1  Y   Y  1.00  0.53 1.00 -  |   474.0    426.7  0.00 | -1.0  0.0 0   0   0  0  1  0
  - 1.56s  -----R--    0  Y   Y  1.00  0.06 1.00 -  |   474.0    426.7  0.00 |  1.0  0.0 0   0   0  0  1  0
  - 1.46s  -----R--    0  Y   Y  1.00  0.14 1.00 -  |   474.0    426.7  0.00 |  1.0  0.0 0   0   0  0  1  0
  - 1.35s  -----R--    0  Y   Y  1.00  0.23 1.00 -  |   474.0    426.7  0.00 |  1.0  0.0 0   0   0  0  1  0
  - 1.25s  -----R--    0  Y   Y  1.00  0.31 1.00 -  |   474.0    426.7  0.00 |  1.0  0.0 0   0   0  0  1  0
  - 1.14s  -----R--    0  Y   Y  1.00  0.40 1.00 -  |   474.0    426.7  0.00 | -1.0  0.0 0   0   0  0  1  0
  - 1.04s  --------    0  Y   Y  1.00  0.48 1.00 T  |   474.0    426.7  0.00 | -1.0  0.0 0   0   0  0  1  0
  - 0.94s  --------    0  n   Y  1.00  0.18 1.00 -  |   474.0    426.7  0.00 | -1.0  0.0 1   0   0  1  1  0
  - 0.84s  --------    0  n   Y  1.00  0.29 1.00 -  |   473.9    426.9  0.00 | -1.0  0.0 1   0   0  1  1  0
  - 0.74s  A-----Y-    3  n   Y  1.00  0.34 1.00 T  |   473.9    427.0  0.00 | -1.0  0.0 0   0   0  0  1  0
  - 0.63s  A-----Y-    3  n   Y  1.00  0.17 1.00 -  |   473.9    427.0  0.00 |  0.0  0.0 0   0   0  0  1  0
  - 0.53s  A-----Y-    3  n   Y  1.00  0.30 1.00 -  |   473.9    427.0  0.00 |  0.0  0.0 0   0   0  1  1  0
  - 0.43s  A-----Y-    3  n   Y  1.00  0.43 1.00 -  |   473.8    427.2  0.00 | -1.0  0.0 0   0   0  0  1  0
  - 0.33s  A-----Y-    3  n   Y  1.00  0.55 1.00 -  |   473.7    427.7  0.00 | -1.0  0.0 1   0   0  1  1  0
  - 0.23s  A-----Y-    3  n   Y  1.00  0.68 1.00 -  |   473.6    427.8  0.00 | -1.0  0.0 1   0   0  1  1  0
  - 0.12s  A-----Y-    3  n   Y  1.00  0.81 1.00 -  |   473.6    428.1  0.00 | -1.0  0.0 0   0   0  0  1  0
  - 0.02s  --------    3  Y   Y  1.00  0.94 1.00 T  |   473.5    428.5  0.00 |  1.0  0.0 0   0   0  0  1  0
=========================================================== END

[ 10811   66.669 x1.00] LOG  🐾 4-LEG JUMP #0
[ 10811   66.669 x1.00] LOG  🐾 Jump 1 VFX spawned!
[ 10875   67.018 x1.00] LOG  [StormWeather] ⚡ strike at (479.51, 45.00, 442.68)
[ 10878   67.036 x1.00] LOG  🐾 4-LEG JUMP #1
[ 10878   67.036 x1.00] LOG  🐾 Jump 2 VFX spawned!
[ 10923   67.282 x1.00] LOG  🐾 4-LEG JUMP #2
[ 10923   67.282 x1.00] LOG  🐾 Jump 3 VFX spawned!
[ 10923   67.282 x1.00] LOG  🚫 Max jumps reached!
[ 10988   67.603 x1.00] LOG  [ComboTrace] LAUNCH STEP (too far: OniBoss at 7.0m > engage 4.7m) dist=0.90m in 0.13s [AIRBORNE]
[ 10988   67.603 x1.00] LOG  [Combat] Aerial spin — 25 dmg
[ 10988   67.603 x1.00] LOG  [AirPosePin] engaged, holding body at 0.998m above the transform
[ 11009   67.712 x1.00] LOG  [OniBoss] Stagger → Chase
[ 11010   67.718 x1.00] LOG  [OniBoss] Playing animation: run
[ 11014   67.738 x1.00] LOG  [ComboTrace] LAUNCH RESULT wanted=0.90m actually moved=0.36m — completed
[ 11133   68.317 x1.00] LOG  [ComboTrace] END step=3 clipProgress=0.90 clipLen=0.79s queued=0 elapsed=0.71s
[ 11134   68.322 x1.00] LOG  [AirPosePin] released, peak correction was 0.313m
[ 11139   68.344 x1.00] LOG  💨 Landing VFX spawned!
[ 11139   68.344 x1.00] LOG  ✅ LANDED! (was jump #3)
[ 11147   68.381 x1.00] LOG  [OniBoss] Pull-band decision: RUN-IN (dist 9.0m, pullRange 0m, chance 0.50)
[ 11153   68.409 x1.00] LOG  🐾 4-LEG JUMP #0
[ 11153   68.409 x1.00] LOG  🐾 Jump 1 VFX spawned!
[ 11203   68.670 x1.00] LOG  🐾 4-LEG JUMP #1
[ 11203   68.670 x1.00] LOG  🐾 Jump 2 VFX spawned!
[ 11248   68.918 x1.00] LOG  🐾 4-LEG JUMP #2
[ 11248   68.918 x1.00] LOG  🐾 Jump 3 VFX spawned!
[ 11248   68.918 x1.00] LOG  🚫 Max jumps reached!
[ 11277   69.079 x1.00] LOG  [OniBoss] Playing animation: Watch
[ 11277   69.079 x1.00] LOG  [OniBoss] Combo started: ClubSwing1 → ClubSwing2 → ClubSlam (3 steps remaining)
[ 11277   69.079 x1.00] LOG  [OniBoss] Chase → Attack
[ 11277   69.079 x1.00] LOG  [OniBoss] Attack: Club_Swing (16 dmg)
[ 11306   69.269 x1.00] LOG  [ComboTrace] LAUNCH OniBoss at 0.6m dist=0.58m in 0.13s [AIRBORNE]
[ 11306   69.269 x1.00] LOG  [Combat] Aerial spin — 25 dmg
[ 11306   69.269 x1.00] LOG  OniBoss took 10 damage. HP: 280/500
[ 11306   69.269 x1.00] LOG  [OniBoss] 🤕 Hit during Attack — flash only
[ 11306   69.269 x1.00] LOG  [CameraGameFeel] Shake: intensity=0.15 duration=0.150s
[ 11306   69.269 x1.00] LOG  [CameraGameFeel] FOV punch: hit light (+1.5°)
[ 11306   69.269 x1.00] LOG  [AirPosePin] engaged, holding body at 1.207m above the transform
[ 11330   69.400 x1.00] LOG  [ComboTrace] LAUNCH RESULT wanted=0.58m actually moved=0.06m — completed
[ 11334   69.421 x1.00] LOG  OniBoss took 10 damage. HP: 270/500
[ 11334   69.421 x1.00] LOG  [OniBoss] 🤕 Hit during Attack — flash only
[ 11334   69.421 x1.00] LOG  [CameraGameFeel] Shake: intensity=0.05 duration=0.150s
[ 11362   69.574 x1.00] LOG  OniBoss took 10 damage. HP: 260/500
[ 11362   69.574 x1.00] LOG  [OniBoss] 🤕 Hit during Attack — flash only
[ 11362   69.574 x1.00] LOG  [OniBoss] Attack → Stagger
[ 11362   69.574 x1.00] LOG  [OniBoss] Playing animation: Stagger
[ 11362   69.574 x1.00] LOG  [OniBoss] STAGGERED for 2.5s
[ 11362   69.574 x1.00] LOG  [OniBoss:Layer] heavy knock-back react (swirl burst, 3 hits / 30 dmg) → 'HitReact_Heavy', down for 1.80s
[ 11362   69.574 x1.00] LOG  [OniBoss:Layer] burst: 3 hits / 30 dmg inside 0.8s → knock-back + 0.90m push
[ 11362   69.574 x1.00] LOG  [CameraGameFeel] Shake: intensity=0.05 duration=0.150s
[ 11362   69.574 x1.00] LOG  [OniBoss:Strike] Club_Swing: club tip closest to Yoru at 2.58m, clip position 0.39 | damage fires at 0.55 | clip 1.13s => damage fires 176 ms AFTER the club is closest — it lands once the club has passed her
[ 11390   69.725 x1.00] LOG  OniBoss punish window! 10 → 15 (x1.5)
[ 11390   69.725 x1.00] LOG  OniBoss took 15 damage. HP: 245/500
[ 11390   69.725 x1.00] LOG  [CameraGameFeel] Shake: intensity=0.05 duration=0.150s
[ 11391   69.731 x1.00] LOG  [OniBoss] ⚡ PHASE 2 ACTIVATED
[ 11391   69.731 x1.00] LOG  [OniBoss] STAGGERED (parry) for 3s
[ 11391   69.731 x1.00] LOG  [OniBoss:Layer] PHASE 2: transition 'Phase_Transition' driven at x0.60 + 0.6s hold — untouchable, roar at 0.60
[ 11392   69.737 x1.00] LOG  [StormWeather] ⚡ strike at (471.19, 45.00, 450.06)
[ 11392   69.737 x1.00] LOG  [StormWeather] PHASE 2 - storm breaking.
[ 11392   69.737 x1.00] LOG  [OniBoss:Layer] PHASE 2: clip is 2.42s → 4.63s on screen
[ 11410   69.845 x1.00] LOG  💨 Landing VFX spawned!
[ 11410   69.845 x1.00] LOG  ✅ LANDED! (was jump #3)
[ 11410   69.845 x1.00] LOG  [AirPosePin] released, peak correction was 0.422m
[ 11415   69.877 x1.00] LOG  [CameraGameFeel] Shake: intensity=0.05 duration=0.150s
[ 11441   70.021 x1.00] LOG  [ComboTrace] END step=3 clipProgress=0.90 clipLen=0.79s queued=0 elapsed=0.75s
[ 11456   70.101 x1.00] LOG  🐾 4-LEG JUMP #0
[ 11456   70.101 x1.00] LOG  🐾 Jump 1 VFX spawned!
[ 11508   70.388 x1.00] LOG  🐾 4-LEG JUMP #1
[ 11508   70.388 x1.00] LOG  🐾 Jump 2 VFX spawned!
[ 11560   70.671 x1.00] LOG  🐾 4-LEG JUMP #2
[ 11560   70.671 x1.00] LOG  🐾 Jump 3 VFX spawned!
[ 11560   70.671 x1.00] LOG  🚫 Max jumps reached!
[ 11561   70.677 x1.00] LOG  
==================== [FREEZE-DEBUG v3] ====================
  Reason : WASD-NOMOVE: WASD recent + speed 0.00m/s for 0.40s
  Time   : 67.654s   Frame: 11561   Snaps: 60
===========================================================

--- CURRENT STATE ---
  Flags: atk=False hvy=False dod=False dsh=False
         grd=False hit=False aerial=False lockPos=False
         comboStep=3
  Anim : speed=1.00  combatLayer hash=-792875657 normT=0.645 weight=1.00 inTransition=False
  CC   : grounded=False  enabled=True  pos=(474.78, 3.78, 420.56)  vel=(0.00, 2.51, 0.00)
  Move : IsRunning=True
  Input: H=1.00 V=0.00  LMB=False MMB=False Q=False Sp=True Sh=True C=False
         WASD pressed in last 0.5s: True (last 0.00s ago)

--- FLIGHT RECORDER (60 snapshots, oldest first, dt=0.10s) ---
  Legend: flags = A(tk) H(vy) D(od) S(sh) G(rd) R(eact) Y(aerial) L(ock)   gnd/cc: Y/n
  t-now    flags     step gnd cc anSp normT layW tr | posX     posZ     spd   | H    V    LMB MMB Q  Sp Sh C
  ------   --------  ---- --- -- ---- ----- ---- -- | -----    -----    ----  | ---- ---- --- --- -- -- -- -
  - 6.13s  A-------    1  Y   Y  1.00  0.39 1.00 -  |   474.0    426.7  0.00 | -1.0  0.0 1   0   0  0  1  0
  - 6.02s  A-------    1  Y   Y  1.00  0.48 1.00 -  |   474.0    426.7  0.00 | -1.0  0.0 0   0   0  0  1  0
  - 5.92s  A-------    1  Y   Y  1.00  0.53 1.00 -  |   474.0    426.7  0.00 | -1.0  0.0 0   0   0  0  1  0
  - 5.81s  -----R--    0  Y   Y  1.00  0.06 1.00 -  |   474.0    426.7  0.00 |  1.0  0.0 0   0   0  0  1  0
  - 5.71s  -----R--    0  Y   Y  1.00  0.14 1.00 -  |   474.0    426.7  0.00 |  1.0  0.0 0   0   0  0  1  0
  - 5.61s  -----R--    0  Y   Y  1.00  0.23 1.00 -  |   474.0    426.7  0.00 |  1.0  0.0 0   0   0  0  1  0
  - 5.51s  -----R--    0  Y   Y  1.00  0.31 1.00 -  |   474.0    426.7  0.00 |  1.0  0.0 0   0   0  0  1  0
  - 5.40s  -----R--    0  Y   Y  1.00  0.40 1.00 -  |   474.0    426.7  0.00 | -1.0  0.0 0   0   0  0  1  0
  - 5.30s  --------    0  Y   Y  1.00  0.48 1.00 T  |   474.0    426.7  0.00 | -1.0  0.0 0   0   0  0  1  0
  - 5.20s  --------    0  n   Y  1.00  0.18 1.00 -  |   474.0    426.7  0.00 | -1.0  0.0 1   0   0  1  1  0
  - 5.10s  --------    0  n   Y  1.00  0.29 1.00 -  |   473.9    426.9  0.00 | -1.0  0.0 1   0   0  1  1  0
  - 4.99s  A-----Y-    3  n   Y  1.00  0.34 1.00 T  |   473.9    427.0  0.00 | -1.0  0.0 0   0   0  0  1  0
  - 4.89s  A-----Y-    3  n   Y  1.00  0.17 1.00 -  |   473.9    427.0  0.00 |  0.0  0.0 0   0   0  0  1  0
  - 4.79s  A-----Y-    3  n   Y  1.00  0.30 1.00 -  |   473.9    427.0  0.00 |  0.0  0.0 0   0   0  1  1  0
  - 4.69s  A-----Y-    3  n   Y  1.00  0.43 1.00 -  |   473.8    427.2  0.00 | -1.0  0.0 0   0   0  0  1  0
  - 4.59s  A-----Y-    3  n   Y  1.00  0.55 1.00 -  |   473.7    427.7  0.00 | -1.0  0.0 1   0   0  1  1  0
  - 4.49s  A-----Y-    3  n   Y  1.00  0.68 1.00 -  |   473.6    427.8  0.00 | -1.0  0.0 1   0   0  1  1  0
  - 4.38s  A-----Y-    3  n   Y  1.00  0.81 1.00 -  |   473.6    428.1  0.00 | -1.0  0.0 0   0   0  0  1  0
  - 4.28s  --------    3  Y   Y  1.00  0.94 1.00 T  |   473.5    428.5  0.00 |  1.0  0.0 0   0   0  0  1  0
  - 4.18s  --------    3  Y   Y  1.00  0.13 1.00 -  |   473.6    427.8  0.00 |  1.0  0.0 0   0   0  0  1  0
  - 4.07s  --------    3  Y   Y  1.00  0.24 1.00 -  |   473.8    427.0  0.00 |  1.0  0.0 0   0   0  0  1  0
  - 3.97s  --------    3  n   Y  1.00  0.34 1.00 -  |   473.9    426.4  0.00 |  1.0  0.0 0   0   0  1  1  0
  - 3.86s  --------    3  n   Y  1.00  0.44 1.00 -  |   474.0    425.9  0.00 |  1.0  0.0 0   0   0  1  1  0
  - 3.76s  --------    3  n   Y  1.00  0.55 1.00 -  |   474.1    425.5  0.00 |  1.0  0.0 0   0   0  0  1  0
  - 3.66s  --------    3  n   Y  1.00  0.65 1.00 -  |   474.2    425.0  0.00 |  1.0  0.0 0   0   0  0  1  0
  - 3.56s  --------    3  n   Y  1.00  0.75 1.00 -  |   474.2    424.6  0.00 |  1.0  0.0 0   0   0  1  1  0
  - 3.45s  --------    3  n   Y  1.00  0.86 1.00 -  |   474.3    424.1  0.00 |  1.0  0.0 0   0   0  0  1  0
  - 3.35s  --------    3  n   Y  1.00  0.96 1.00 -  |   474.4    423.6  0.00 |  1.0  0.0 0   0   0  1  1  0
  - 3.24s  --------    3  n   Y  1.00  1.07 1.00 -  |   474.5    423.2  0.00 |  1.0  0.0 1   0   0  0  1  0
  - 3.14s  --------    3  n   Y  1.00  1.17 1.00 -  |   474.6    422.8  0.00 |  0.0  0.0 1   0   0  0  1  0
  - 3.04s  A-----Y-    3  n   Y  1.00  1.27 1.00 T  |   474.6    422.7  10.19 |  0.0  0.0 0   0   0  0  1  0
  - 2.93s  A-----Y-    3  n   Y  1.00  0.17 1.00 -  |   474.7    422.7  0.00 |  0.0  0.0 0   0   0  0  1  0
  - 2.83s  A-----Y-    3  n   Y  1.00  0.30 1.00 -  |   474.8    422.2  0.00 |  0.0  0.0 0   0   0  0  1  0
  - 2.73s  A-----Y-    3  n   Y  1.00  0.43 1.00 -  |   474.8    421.8  0.00 |  0.0  0.0 0   0   0  0  1  0
  - 2.63s  A-----Y-    3  n   Y  1.00  0.56 1.00 -  |   474.9    421.3  0.00 |  0.0  0.0 0   0   0  0  1  0
  - 2.53s  A-----Y-    3  n   Y  1.00  0.69 1.00 -  |   475.0    420.9  0.00 |  0.0  0.0 0   0   0  0  1  0
  - 2.42s  A-----Y-    3  n   Y  1.00  0.81 1.00 -  |   475.1    420.5  0.00 |  0.0  0.0 0   0   0  0  1  0
  - 2.32s  --------    3  Y   Y  1.00  0.94 1.00 T  |   475.2    420.0  0.00 | -1.0  0.0 0   0   0  0  1  0
  - 2.22s  --------    3  n   Y  1.00  0.13 1.00 -  |   475.1    420.7  0.00 | -1.0  0.0 0   0   0  1  1  0
  - 2.12s  --------    3  n   Y  1.00  0.23 1.00 -  |   475.0    421.1  0.00 | -1.0  0.0 0   0   0  0  1  0
  - 2.02s  --------    3  n   Y  1.00  0.33 1.00 -  |   474.9    421.6  0.00 | -1.0  0.0 0   0   0  0  1  0
  - 1.91s  --------    3  n   Y  1.00  0.43 1.00 -  |   474.8    422.1  0.00 | -1.0  0.0 0   0   0  1  1  0
  - 1.81s  --------    3  n   Y  1.00  0.54 1.00 -  |   474.7    422.5  0.00 | -1.0  0.0 0   0   0  0  1  0
  - 1.71s  --------    3  n   Y  1.00  0.64 1.00 -  |   474.6    423.0  0.00 | -1.0  0.0 0   0   0  1  1  0
  - 1.61s  --------    3  n   Y  1.00  0.74 1.00 -  |   474.5    423.4  0.00 | -1.0  0.0 0   0   0  0  1  0
  - 1.51s  --------    3  n   Y  1.00  0.84 1.00 -  |   474.4    423.8  0.00 | -1.0  0.0 1   0   0  0  1  0
  - 1.40s  A-----Y-    3  n   Y  0.00  0.94 1.00 T  |   474.4    424.0  0.00 |  0.0  0.0 0   0   0  0  1  0
  - 1.30s  A-----Y-    3  n   Y  1.00  0.08 1.00 -  |   474.3    424.0  0.00 |  0.0  0.0 0   0   0  0  1  0
  - 1.20s  A-----Y-    3  n   Y  1.00  0.21 1.00 -  |   474.3    423.9  0.00 |  0.0  0.0 0   0   0  0  1  0
  - 1.10s  A-----Y-    3  n   Y  1.00  0.34 1.00 -  |   474.2    423.9  0.00 |  1.0  0.0 0   0   0  0  1  0
  - 1.00s  A-----Y-    3  n   Y  1.00  0.47 1.00 -  |   474.1    424.4  0.00 |  1.0  0.0 0   0   0  0  1  0
  - 0.89s  A-----Y-    3  n   Y  1.00  0.60 1.00 -  |   474.0    424.8  0.00 |  1.0  0.0 0   0   0  0  1  0
  - 0.79s  ------Y-    3  Y   Y  1.00  0.73 1.00 -  |   474.0    424.6  0.00 |  1.0  0.0 0   0   0  1  1  0
  - 0.68s  ------Y-    3  Y   Y  1.00  0.86 1.00 -  |   474.1    423.9  0.00 |  1.0  0.0 0   0   0  0  1  0
  - 0.58s  --------    3  Y   Y  1.00  0.99 1.00 T  |   474.3    423.2  0.00 |  1.0  0.0 0   0   0  0  1  0
  - 0.48s  --------    3  n   Y  1.00  0.17 1.00 -  |   474.4    422.7  0.00 |  1.0  0.0 0   0   0  1  1  0
  - 0.38s  --------    3  n   Y  1.00  0.27 1.00 -  |   474.4    422.2  0.00 |  1.0  0.0 0   0   0  0  1  0
  - 0.28s  --------    3  n   Y  1.00  0.37 1.00 -  |   474.5    421.8  0.00 |  1.0  0.0 0   0   0  1  1  0
  - 0.18s  --------    3  n   Y  1.00  0.47 1.00 -  |   474.6    421.4  0.00 |  1.0  0.0 0   0   0  1  1  0
  - 0.08s  --------    3  n   Y  1.00  0.57 1.00 -  |   474.7    420.8  0.00 |  1.0  0.0 0   0   0  0  1  0
=========================================================== END

[ 11623   71.018 x1.00] LOG  [ComboTrace] LAUNCH STEP (too far: OniBoss at 6.4m > engage 4.7m) dist=0.90m in 0.13s [AIRBORNE]
[ 11623   71.018 x1.00] LOG  [Combat] Aerial spin — 25 dmg
[ 11623   71.018 x1.00] LOG  [AirPosePin] engaged, holding body at 1.155m above the transform
[ 11646   71.148 x1.00] LOG  [ComboTrace] LAUNCH RESULT wanted=0.90m actually moved=0.28m — completed
[ 11764   71.725 x1.00] LOG  💨 Landing VFX spawned!
[ 11764   71.725 x1.00] LOG  ✅ LANDED! (was jump #3)
[ 11764   71.725 x1.00] LOG  [AirPosePin] released, peak correction was 0.461m
[ 11765   71.730 x1.00] LOG  [ComboTrace] END step=3 clipProgress=0.90 clipLen=0.79s queued=0 elapsed=0.71s
[ 11848   72.151 x1.00] LOG  🐾 4-LEG JUMP #0
[ 11848   72.151 x1.00] LOG  🐾 Jump 1 VFX spawned!
[ 11848   72.151 x1.00] LOG  [CameraGameFeel] Shake: intensity=0.60 duration=0.500s
[ 11848   72.151 x1.00] LOG  [OniBoss:Layer] PHASE 2: roar at 2.42s
[ 11849   72.158 x1.00] LOG  [BossBar] Bar switched to phase 2
[ 11849   72.158 x1.00] LOG  [OniBoss:Layer] boss bar → phase 2 crimson
[ 11896   72.426 x1.00] LOG  🐾 4-LEG JUMP #1
[ 11896   72.426 x1.00] LOG  🐾 Jump 2 VFX spawned!
[ 11946   72.715 x1.00] LOG  🐾 4-LEG JUMP #2
[ 11946   72.715 x1.00] LOG  🐾 Jump 3 VFX spawned!
[ 11946   72.715 x1.00] LOG  🚫 Max jumps reached!
[ 12090   73.552 x1.00] LOG  [ComboTrace] LAUNCH OniBoss at 0.6m dist=0.61m in 0.13s [AIRBORNE]
[ 12090   73.552 x1.00] LOG  [Combat] Aerial spin — 25 dmg
[ 12090   73.552 x1.00] LOG  [CameraGameFeel] Shake: intensity=0.15 duration=0.150s
[ 12090   73.552 x1.00] LOG  [CameraGameFeel] FOV punch: hit light (+1.5°)
[ 12090   73.552 x1.00] LOG  [AirPosePin] engaged, holding body at 1.244m above the transform
[ 12103   73.626 x1.00] LOG  💨 Landing VFX spawned!
[ 12103   73.626 x1.00] LOG  ✅ LANDED! (was jump #3)
[ 12110   73.667 x1.00] LOG  [AirPosePin] released, peak correction was 0.555m
[ 12112   73.680 x1.00] LOG  [AirPosePin] engaged, holding body at 0.706m above the transform
[ 12113   73.685 x1.00] LOG  [ComboTrace] LAUNCH RESULT wanted=0.61m actually moved=0.27m — completed
[ 12113   73.685 x1.00] LOG  [AirPosePin] released, peak correction was 0.000m
[ 12116   73.702 x1.00] LOG  [CameraGameFeel] Shake: intensity=0.05 duration=0.150s
[ 12131   73.790 x1.00] LOG  [ComboTrace] CLICK IGNORED (step=3 queued=0)
[ 12143   73.862 x1.00] LOG  [CameraGameFeel] Shake: intensity=0.05 duration=0.150s
[ 12148   73.914 x1.00] LOG  🐾 4-LEG JUMP #0
[ 12148   73.914 x1.00] LOG  🐾 Jump 1 VFX spawned!
[ 12150   73.927 x1.00] LOG  [AirPosePin] engaged, holding body at 0.783m above the transform
[ 12165   74.014 x1.00] LOG  [CameraGameFeel] Shake: intensity=0.05 duration=0.150s
[ 12191   74.169 x1.00] LOG  [CameraGameFeel] Shake: intensity=0.05 duration=0.150s
[ 12214   74.302 x1.00] LOG  [ComboTrace] END step=3 clipProgress=0.90 clipLen=0.79s queued=0 elapsed=0.75s
[ 12215   74.307 x1.00] LOG  [AirPosePin] released, peak correction was 0.098m
[ 12224   74.360 x1.00] LOG  [OniBoss] Stagger → Chase
[ 12224   74.360 x1.00] LOG  [OniBoss:Layer] PHASE 2: transition over after 4.63s real — he is back, and angrier
[ 12225   74.366 x1.00] LOG  [OniBoss] Playing animation: Watch
[ 12225   74.366 x1.00] LOG  [OniBoss] Combo started: ClubSwing1 → ClubSwing2 → ClubSlam (3 steps remaining)
[ 12225   74.366 x1.00] LOG  [OniBoss] Chase → Attack
[ 12225   74.366 x1.00] LOG  [OniBoss] Attack: Club_Swing (16 dmg)
[ 12279   74.677 x1.00] LOG  [OniBoss:Layer] step-in: 'Club_Swing' closed 0.06m, Yoru now 3.0m away (range 3.5)
[ 12282   74.698 x1.00] LOG  [OniBoss:Layer] step-in: 'Club_Swing' closed 0.13m, Yoru now 3.0m away (range 3.5)
[ 12320   74.906 x1.00] LOG  💨 Landing VFX spawned!
[ 12320   74.906 x1.00] LOG  ✅ LANDED! (was jump #1)
[ 12336   74.993 x1.00] LOG  
==================== [FREEZE-DEBUG v3] ====================
  Reason : WASD-NOMOVE: WASD recent + speed 0.00m/s for 0.40s
  Time   : 71.970s   Frame: 12336   Snaps: 60
===========================================================

--- CURRENT STATE ---
  Flags: atk=False hvy=False dod=False dsh=False
         grd=False hit=False aerial=False lockPos=False
         comboStep=3
  Anim : speed=1.00  combatLayer hash=-792875657 normT=0.680 weight=1.00 inTransition=False
  CC   : grounded=True  enabled=True  pos=(471.54, 0.06, 430.41)  vel=(0.00, -0.66, 0.00)
  Move : IsRunning=True
  Input: H=-1.00 V=0.00  LMB=False MMB=False Q=False Sp=False Sh=True C=False
         WASD pressed in last 0.5s: True (last 0.00s ago)

--- FLIGHT RECORDER (60 snapshots, oldest first, dt=0.10s) ---
  Legend: flags = A(tk) H(vy) D(od) S(sh) G(rd) R(eact) Y(aerial) L(ock)   gnd/cc: Y/n
  t-now    flags     step gnd cc anSp normT layW tr | posX     posZ     spd   | H    V    LMB MMB Q  Sp Sh C
  ------   --------  ---- --- -- ---- ----- ---- -- | -----    -----    ----  | ---- ---- --- --- -- -- -- -
  - 6.13s  --------    3  n   Y  1.00  0.54 1.00 -  |   474.7    422.5  0.00 | -1.0  0.0 0   0   0  0  1  0
  - 6.03s  --------    3  n   Y  1.00  0.64 1.00 -  |   474.6    423.0  0.00 | -1.0  0.0 0   0   0  1  1  0
  - 5.93s  --------    3  n   Y  1.00  0.74 1.00 -  |   474.5    423.4  0.00 | -1.0  0.0 0   0   0  0  1  0
  - 5.82s  --------    3  n   Y  1.00  0.84 1.00 -  |   474.4    423.8  0.00 | -1.0  0.0 1   0   0  0  1  0
  - 5.72s  A-----Y-    3  n   Y  0.00  0.94 1.00 T  |   474.4    424.0  0.00 |  0.0  0.0 0   0   0  0  1  0
  - 5.62s  A-----Y-    3  n   Y  1.00  0.08 1.00 -  |   474.3    424.0  0.00 |  0.0  0.0 0   0   0  0  1  0
  - 5.52s  A-----Y-    3  n   Y  1.00  0.21 1.00 -  |   474.3    423.9  0.00 |  0.0  0.0 0   0   0  0  1  0
  - 5.41s  A-----Y-    3  n   Y  1.00  0.34 1.00 -  |   474.2    423.9  0.00 |  1.0  0.0 0   0   0  0  1  0
  - 5.31s  A-----Y-    3  n   Y  1.00  0.47 1.00 -  |   474.1    424.4  0.00 |  1.0  0.0 0   0   0  0  1  0
  - 5.21s  A-----Y-    3  n   Y  1.00  0.60 1.00 -  |   474.0    424.8  0.00 |  1.0  0.0 0   0   0  0  1  0
  - 5.10s  ------Y-    3  Y   Y  1.00  0.73 1.00 -  |   474.0    424.6  0.00 |  1.0  0.0 0   0   0  1  1  0
  - 5.00s  ------Y-    3  Y   Y  1.00  0.86 1.00 -  |   474.1    423.9  0.00 |  1.0  0.0 0   0   0  0  1  0
  - 4.90s  --------    3  Y   Y  1.00  0.99 1.00 T  |   474.3    423.2  0.00 |  1.0  0.0 0   0   0  0  1  0
  - 4.80s  --------    3  n   Y  1.00  0.17 1.00 -  |   474.4    422.7  0.00 |  1.0  0.0 0   0   0  1  1  0
  - 4.69s  --------    3  n   Y  1.00  0.27 1.00 -  |   474.4    422.2  0.00 |  1.0  0.0 0   0   0  0  1  0
  - 4.59s  --------    3  n   Y  1.00  0.37 1.00 -  |   474.5    421.8  0.00 |  1.0  0.0 0   0   0  1  1  0
  - 4.49s  --------    3  n   Y  1.00  0.47 1.00 -  |   474.6    421.4  0.00 |  1.0  0.0 0   0   0  1  1  0
  - 4.39s  --------    3  n   Y  1.00  0.57 1.00 -  |   474.7    420.8  0.00 |  1.0  0.0 0   0   0  0  1  0
  - 4.29s  --------    3  n   Y  1.00  0.67 1.00 -  |   474.8    420.4  0.00 |  1.0  0.0 0   0   0  1  1  0
  - 4.19s  --------    3  n   Y  1.00  0.77 1.00 -  |   474.9    419.9  0.00 |  1.0  0.0 0   0   0  1  1  0
  - 4.08s  --------    3  n   Y  1.00  0.88 1.00 -  |   475.0    419.5  0.00 |  1.0  0.0 1   0   0  0  1  0
  - 3.98s  --------    3  n   Y  1.00  0.98 1.00 -  |   475.1    419.1  0.00 |  0.0  0.0 1   0   0  0  1  0
  - 3.88s  A-----Y-    3  n   Y  1.00  0.12 1.00 -  |   475.1    419.5  3.82 |  0.0  0.0 0   0   0  0  1  0
  - 3.77s  A-----Y-    3  n   Y  1.00  0.25 1.00 -  |   475.1    419.1  0.00 |  0.0  0.0 0   0   0  0  1  0
  - 3.67s  A-----Y-    3  n   Y  1.00  0.38 1.00 -  |   475.2    418.6  0.00 |  0.0  0.0 0   0   0  0  1  0
  - 3.57s  A-----Y-    3  n   Y  1.00  0.50 1.00 -  |   475.3    418.1  0.00 |  0.0  0.0 0   0   0  0  1  0
  - 3.47s  A-----Y-    3  n   Y  1.00  0.63 1.00 -  |   475.4    417.7  0.00 |  0.0  0.0 0   0   0  0  1  0
  - 3.37s  A-----Y-    3  n   Y  1.00  0.76 1.00 -  |   475.5    417.2  0.00 |  0.0  0.0 0   0   0  0  0  0
  - 3.26s  ------Y-    3  Y   Y  1.00  0.89 1.00 -  |   475.6    416.8  0.00 |  0.0  0.0 0   0   0  0  1  0
  - 3.16s  --------    3  Y   Y  1.00  1.02 1.00 T  |   475.6    416.9  0.00 | -1.0  0.0 0   0   0  0  1  0
  - 3.06s  --------    3  Y   Y  1.00  0.19 1.00 -  |   475.4    417.6  0.00 | -1.0  0.0 0   0   0  0  1  0
  - 2.96s  --------    3  Y   Y  1.00  0.30 1.00 -  |   475.3    418.3  0.00 | -1.0  0.0 0   0   0  0  1  0
  - 2.85s  --------    3  Y   Y  1.00  0.40 1.00 -  |   475.2    419.0  0.00 | -1.0  0.0 0   0   0  0  1  0
  - 2.75s  --------    3  n   Y  1.00  0.50 1.00 -  |   475.0    419.6  0.00 | -1.0  0.0 0   0   0  1  1  0
  - 2.65s  --------    3  n   Y  1.00  0.61 1.00 -  |   475.0    420.0  0.00 | -1.0  0.0 0   0   0  0  1  0
  - 2.54s  --------    3  n   Y  1.00  0.71 1.00 -  |   474.9    420.5  0.00 | -1.0  0.0 0   0   0  1  1  0
  - 2.44s  --------    3  n   Y  1.00  0.81 1.00 -  |   474.8    420.9  0.00 | -1.0  0.0 0   0   0  0  1  0
  - 2.34s  --------    3  n   Y  1.00  0.91 1.00 -  |   474.7    421.4  0.00 | -1.0  0.0 0   0   0  0  1  0
  - 2.24s  --------    3  n   Y  1.00  1.02 1.00 -  |   474.6    421.8  0.00 | -1.0  0.0 0   0   0  1  1  0
  - 2.13s  --------    3  n   Y  1.00  1.12 1.00 -  |   474.5    422.2  0.00 | -1.0  0.0 0   0   0  1  1  0
  - 2.03s  --------    3  n   Y  1.00  1.22 1.00 -  |   474.4    422.7  0.00 | -1.0  0.0 0   0   0  0  1  0
  - 1.93s  --------    3  n   Y  1.00  1.32 1.00 -  |   474.3    423.2  0.00 | -1.0  0.0 0   0   0  0  1  0
  - 1.83s  --------    3  n   Y  1.00  1.42 1.00 -  |   474.2    423.7  0.00 | -1.0  0.0 0   0   0  0  1  0
  - 1.73s  --------    3  n   Y  1.00  1.53 1.00 -  |   474.2    424.1  0.00 | -1.0  0.0 0   0   0  0  1  0
  - 1.62s  --------    3  n   Y  1.00  1.63 1.00 -  |   474.1    424.5  0.00 | -1.0  0.0 0   0   0  0  1  0
  - 1.52s  --------    3  n   Y  1.00  1.73 1.00 -  |   474.0    424.9  0.00 | -1.0  0.0 1   0   0  0  1  0
  - 1.42s  A-----Y-    3  n   Y  0.00  1.81 1.00 T  |   473.8    424.9  0.00 | -1.0  0.0 0   0   0  1  1  0
  - 1.31s  ------Y-    3  Y   Y  1.00  0.11 1.00 -  |   473.6    424.9  0.00 | -1.0  0.0 1   0   0  1  1  0
  - 1.21s  ------Y-    3  Y   Y  1.00  0.24 1.00 -  |   473.2    425.1  0.00 | -1.0  0.0 1   0   0  0  1  0
  - 1.10s  ------Y-    3  Y   Y  1.00  0.37 1.00 -  |   472.8    425.4  0.00 | -1.0  0.0 0   0   0  0  1  0
  - 1.00s  A-----Y-    3  n   Y  1.00  0.50 1.00 -  |   472.5    425.8  0.00 | -1.0  0.0 1   0   0  1  1  0
  - 0.90s  A-----Y-    3  n   Y  1.00  0.63 1.00 -  |   472.4    426.2  0.00 | -1.0  0.0 0   0   0  1  1  0
  - 0.79s  A-----Y-    3  n   Y  1.00  0.77 1.00 -  |   472.3    426.7  0.00 | -1.0  0.0 1   0   0  0  1  0
  - 0.69s  A-----Y-    3  n   Y  1.00  0.90 1.00 -  |   472.2    427.2  0.00 | -1.0  0.0 0   0   0  0  1  0
  - 0.59s  --------    3  n   Y  1.00  1.03 1.00 T  |   472.1    427.7  0.00 | -1.0  0.0 1   0   0  0  1  0
  - 0.49s  --------    3  n   Y  1.00  0.19 1.00 -  |   472.0    428.1  0.00 | -1.0  0.0 1   0   0  0  1  0
  - 0.38s  --------    3  n   Y  1.00  0.30 1.00 -  |   471.9    428.5  0.00 | -1.0  0.0 0   0   0  0  1  0
  - 0.28s  --------    3  n   Y  1.00  0.40 1.00 -  |   471.8    429.0  0.00 | -1.0  0.0 1   0   0  0  1  0
  - 0.18s  --------    3  n   Y  1.00  0.50 1.00 -  |   471.7    429.4  0.00 | -1.0  0.0 1   0   0  0  1  0
  - 0.07s  --------    3  Y   Y  1.00  0.61 1.00 -  |   471.6    430.0  0.00 | -1.0  0.0 0   0   0  0  1  0
=========================================================== END

[ 12337   74.999 x1.00] LOG  [CameraGameFeel] Shake: intensity=0.20 duration=0.250s
[ 12337   74.999 x1.00] LOG  [OniBoss] Attack missed, player out of range (4.4m > 3.5m)
[ 12425   75.491 x1.00] LOG  [OniBoss] Attack → Recovery
[ 12425   75.491 x1.00] LOG  [OniBoss] Playing animation: Watch
[ 12425   75.491 x1.00] LOG  [OniBoss:Strike] Club_Swing: club tip closest to Yoru at 4.89m, clip position 0.33 | damage fires at 0.55 | clip 1.13s => damage fires 250 ms AFTER the club is closest — it lands once the club has passed her
[ 12443   75.594 x1.00] LOG  🐾 4-LEG JUMP #0
[ 12443   75.594 x1.00] LOG  🐾 Jump 1 VFX spawned!
[ 12452   75.642 x1.00] LOG  [OniBoss] Recovery → Attack
[ 12452   75.642 x1.00] LOG  [OniBoss] Attack: ClubSwing2 (16 dmg)
[ 12501   75.912 x1.00] LOG  🐾 4-LEG JUMP #1
[ 12501   75.912 x1.00] LOG  🐾 Jump 2 VFX spawned!
[ 12545   76.157 x1.00] LOG  [CameraGameFeel] Shake: intensity=0.20 duration=0.250s
[ 12545   76.157 x1.00] LOG  [OniBoss] Attack missed, player out of range (8.7m > 3.5m)
[ 12563   76.261 x1.00] LOG  🐾 4-LEG JUMP #2
[ 12563   76.261 x1.00] LOG  🐾 Jump 3 VFX spawned!
[ 12563   76.261 x1.00] LOG  🚫 Max jumps reached!
[ 12586   76.393 x1.00] LOG  [ComboTrace] LAUNCH STEP (no enemy) dist=0.90m in 0.13s [AIRBORNE]
[ 12586   76.393 x1.00] LOG  [Combat] Aerial spin — 25 dmg
[ 12586   76.393 x1.00] LOG  [AirPosePin] engaged, holding body at 0.539m above the transform
[ 12611   76.528 x1.00] LOG  [ComboTrace] LAUNCH RESULT wanted=0.90m actually moved=1.53m — completed
[ 12720   77.107 x1.00] LOG  [ComboTrace] END step=3 clipProgress=0.90 clipLen=0.79s queued=0 elapsed=0.71s
[ 12721   77.113 x1.00] LOG  [AirPosePin] released, peak correction was -0.147m
[ 12740   77.212 x1.00] LOG  [OniBoss] Attack → Recovery
[ 12740   77.212 x1.00] LOG  [OniBoss] Playing animation: Watch
[ 12740   77.212 x1.00] LOG  [OniBoss:Strike] ClubSwing2: club tip closest to Yoru at 6.14m, clip position 0.33 | damage fires at 0.32 | clip 1.58s => MATCHED (within one or two frames)
[ 12754   77.283 x1.00] LOG  💨 Landing VFX spawned!
[ 12754   77.283 x1.00] LOG  ✅ LANDED! (was jump #3)
[ 12762   77.325 x1.00] LOG  🐾 4-LEG JUMP #0
[ 12762   77.325 x1.00] LOG  🐾 Jump 1 VFX spawned!
[ 12769   77.362 x1.00] LOG  [OniBoss] Recovery → Attack
[ 12769   77.362 x1.00] LOG  [OniBoss] Attack: ClubSlam (20 dmg)
[ 12833   77.695 x1.00] LOG  🐾 4-LEG JUMP #1
[ 12833   77.695 x1.00] LOG  🐾 Jump 2 VFX spawned!
[ 12869   77.886 x1.00] LOG  [Combat] Dodge: Dodge_4Leg (4m, 4leg)
[ 12869   77.886 x1.00] LOG  [AirPosePin] engaged, holding body at 0.550m above the transform
[ 12894   78.021 x1.00] LOG  [CameraGameFeel] Shake: intensity=0.50 duration=0.400s
[ 12894   78.021 x1.00] LOG  [OniBoss] Attack missed, player out of range (15.8m > 3.5m)
[ 13003   78.605 x1.00] LOG  [OniBoss] Attack → Recovery
[ 13003   78.605 x1.00] LOG  [OniBoss] Playing animation: Watch
[ 13003   78.605 x1.00] LOG  [OniBoss:Strike] ClubSlam: club tip closest to Yoru at 11.03m, clip position 0.45 | damage fires at 0.52 | clip 1.25s => damage fires 88 ms AFTER the club is closest — it lands once the club has passed her
[ 13020   78.692 x1.00] LOG  [Combat] Dodge ended
[ 13020   78.692 x1.00] LOG  [AirPosePin] released, peak correction was -0.851m
[ 13027   78.755 x1.00] LOG  [OniBoss] Recovery → Chase
[ 13028   78.760 x1.00] LOG  [OniBoss] Playing animation: run
[ 13103   79.142 x1.00] LOG  💨 Landing VFX spawned!
[ 13103   79.142 x1.00] LOG  ✅ LANDED! (was jump #2)
[ 13143   79.354 x1.00] LOG  [Combat] Dodge: Dodge_4Leg (4m, 4leg)
[ 13143   79.354 x1.00] LOG  [AirPosePin] engaged, holding body at 0.692m above the transform
[ 13144   79.360 x1.00] LOG  [AirPosePin] released, peak correction was 0.000m
[ 13145   79.365 x1.00] LOG  [AirPosePin] engaged, holding body at 0.681m above the transform
[ 13146   79.370 x1.00] LOG  [AirPosePin] released, peak correction was 0.000m
[ 13147   79.375 x1.00] LOG  [AirPosePin] engaged, holding body at 0.658m above the transform
[ 13148   79.380 x1.00] LOG  [AirPosePin] released, peak correction was 0.000m
[ 13149   79.385 x1.00] LOG  [AirPosePin] engaged, holding body at 0.628m above the transform
[ 13150   79.391 x1.00] LOG  [AirPosePin] released, peak correction was 0.000m
[ 13151   79.396 x1.00] LOG  [AirPosePin] engaged, holding body at 0.600m above the transform
[ 13152   79.401 x1.00] LOG  [AirPosePin] released, peak correction was 0.000m
[ 13153   79.407 x1.00] LOG  [AirPosePin] engaged, holding body at 0.576m above the transform
[ 13154   79.415 x1.00] LOG  [AirPosePin] released, peak correction was 0.000m
[ 13155   79.420 x1.00] LOG  [AirPosePin] engaged, holding body at 0.553m above the transform
[ 13156   79.426 x1.00] LOG  [AirPosePin] released, peak correction was 0.000m
[ 13157   79.431 x1.00] LOG  [AirPosePin] engaged, holding body at 0.527m above the transform
[ 13158   79.436 x1.00] LOG  [AirPosePin] released, peak correction was 0.000m
[ 13159   79.441 x1.00] LOG  [AirPosePin] engaged, holding body at 0.499m above the transform
[ 13160   79.447 x1.00] LOG  [AirPosePin] released, peak correction was 0.000m
[ 13161   79.452 x1.00] LOG  [AirPosePin] engaged, holding body at 0.472m above the transform
[ 13162   79.457 x1.00] LOG  [AirPosePin] released, peak correction was 0.000m
[ 13163   79.463 x1.00] LOG  [AirPosePin] engaged, holding body at 0.450m above the transform
[ 13164   79.468 x1.00] LOG  [AirPosePin] released, peak correction was 0.000m
[ 13165   79.473 x1.00] LOG  [AirPosePin] engaged, holding body at 0.436m above the transform
[ 13166   79.479 x1.00] LOG  [AirPosePin] released, peak correction was 0.000m
[ 13167   79.484 x1.00] LOG  [AirPosePin] engaged, holding body at 0.429m above the transform
[ 13168   79.490 x1.00] LOG  [AirPosePin] released, peak correction was 0.000m
[ 13169   79.496 x1.00] LOG  [AirPosePin] engaged, holding body at 0.432m above the transform
[ 13170   79.502 x1.00] LOG  [AirPosePin] released, peak correction was 0.000m
[ 13171   79.507 x1.00] LOG  [AirPosePin] engaged, holding body at 0.443m above the transform
[ 13172   79.512 x1.00] LOG  [AirPosePin] released, peak correction was 0.000m
[ 13173   79.518 x1.00] LOG  [AirPosePin] engaged, holding body at 0.454m above the transform
[ 13174   79.523 x1.00] LOG  [AirPosePin] released, peak correction was 0.000m
[ 13175   79.529 x1.00] LOG  [AirPosePin] engaged, holding body at 0.462m above the transform
[ 13176   79.534 x1.00] LOG  [AirPosePin] released, peak correction was 0.000m
[ 13177   79.539 x1.00] LOG  [AirPosePin] engaged, holding body at 0.469m above the transform
[ 13178   79.545 x1.00] LOG  [AirPosePin] released, peak correction was 0.000m
[ 13179   79.550 x1.00] LOG  [AirPosePin] engaged, holding body at 0.475m above the transform
[ 13180   79.555 x1.00] LOG  [AirPosePin] released, peak correction was 0.000m
[ 13181   79.561 x1.00] LOG  [AirPosePin] engaged, holding body at 0.480m above the transform
[ 13182   79.566 x1.00] LOG  [AirPosePin] released, peak correction was 0.000m
[ 13183   79.572 x1.00] LOG  [AirPosePin] engaged, holding body at 0.482m above the transform
[ 13184   79.577 x1.00] LOG  [AirPosePin] released, peak correction was 0.000m
[ 13185   79.582 x1.00] LOG  [AirPosePin] engaged, holding body at 0.488m above the transform
[ 13186   79.588 x1.00] LOG  [AirPosePin] released, peak correction was 0.000m
[ 13187   79.593 x1.00] LOG  [AirPosePin] engaged, holding body at 0.505m above the transform
[ 13188   79.599 x1.00] LOG  [AirPosePin] released, peak correction was 0.000m
[ 13189   79.604 x1.00] LOG  [AirPosePin] engaged, holding body at 0.529m above the transform
[ 13190   79.611 x1.00] LOG  [AirPosePin] released, peak correction was 0.000m
[ 13191   79.617 x1.00] LOG  [AirPosePin] engaged, holding body at 0.571m above the transform
[ 13192   79.622 x1.00] LOG  [AirPosePin] released, peak correction was 0.000m
[ 13193   79.627 x1.00] LOG  [AirPosePin] engaged, holding body at 0.621m above the transform
[ 13194   79.633 x1.00] LOG  [AirPosePin] released, peak correction was 0.000m
[ 13195   79.638 x1.00] LOG  [AirPosePin] engaged, holding body at 0.684m above the transform
[ 13196   79.644 x1.00] LOG  [AirPosePin] released, peak correction was 0.000m
[ 13197   79.650 x1.00] LOG  [AirPosePin] engaged, holding body at 0.768m above the transform
[ 13198   79.655 x1.00] LOG  [AirPosePin] released, peak correction was 0.000m
[ 13199   79.661 x1.00] LOG  [AirPosePin] engaged, holding body at 0.855m above the transform
[ 13200   79.666 x1.00] LOG  [AirPosePin] released, peak correction was 0.000m
[ 13201   79.672 x1.00] LOG  [AirPosePin] engaged, holding body at 0.957m above the transform
[ 13202   79.677 x1.00] LOG  [AirPosePin] released, peak correction was 0.000m
[ 13203   79.683 x1.00] LOG  [AirPosePin] engaged, holding body at 1.061m above the transform
[ 13204   79.688 x1.00] LOG  [AirPosePin] released, peak correction was 0.000m
[ 13205   79.694 x1.00] LOG  [AirPosePin] engaged, holding body at 1.163m above the transform
[ 13206   79.699 x1.00] LOG  [AirPosePin] released, peak correction was 0.000m
[ 13207   79.704 x1.00] LOG  [AirPosePin] engaged, holding body at 1.257m above the transform
[ 13208   79.710 x1.00] LOG  [AirPosePin] released, peak correction was 0.000m
[ 13209   79.715 x1.00] LOG  [AirPosePin] engaged, holding body at 1.345m above the transform
[ 13210   79.720 x1.00] LOG  [AirPosePin] released, peak correction was 0.000m
[ 13211   79.726 x1.00] LOG  [AirPosePin] engaged, holding body at 1.420m above the transform
[ 13212   79.731 x1.00] LOG  [AirPosePin] released, peak correction was 0.000m
[ 13213   79.736 x1.00] LOG  [AirPosePin] engaged, holding body at 1.483m above the transform
[ 13214   79.742 x1.00] LOG  [AirPosePin] released, peak correction was 0.000m
[ 13215   79.747 x1.00] LOG  [AirPosePin] engaged, holding body at 1.538m above the transform
[ 13216   79.753 x1.00] LOG  [AirPosePin] released, peak correction was 0.000m
[ 13217   79.758 x1.00] LOG  [AirPosePin] engaged, holding body at 1.590m above the transform
[ 13218   79.763 x1.00] LOG  [AirPosePin] released, peak correction was 0.000m
[ 13219   79.769 x1.00] LOG  [AirPosePin] engaged, holding body at 1.637m above the transform
[ 13220   79.774 x1.00] LOG  [AirPosePin] released, peak correction was 0.000m
[ 13221   79.780 x1.00] LOG  [AirPosePin] engaged, holding body at 1.681m above the transform
[ 13222   79.785 x1.00] LOG  [AirPosePin] released, peak correction was 0.000m
[ 13223   79.791 x1.00] LOG  [AirPosePin] engaged, holding body at 1.724m above the transform
[ 13224   79.797 x1.00] LOG  [AirPosePin] released, peak correction was 0.000m
[ 13225   79.802 x1.00] LOG  [AirPosePin] engaged, holding body at 1.769m above the transform
[ 13226   79.808 x1.00] LOG  [AirPosePin] released, peak correction was 0.000m
[ 13227   79.814 x1.00] LOG  [AirPosePin] engaged, holding body at 1.814m above the transform
[ 13228   79.822 x1.00] LOG  [AirPosePin] released, peak correction was 0.000m
[ 13229   79.827 x1.00] LOG  [AirPosePin] engaged, holding body at 1.867m above the transform
[ 13230   79.833 x1.00] LOG  [AirPosePin] released, peak correction was 0.000m
[ 13231   79.838 x1.00] LOG  [AirPosePin] engaged, holding body at 1.913m above the transform
[ 13232   79.844 x1.00] LOG  [AirPosePin] released, peak correction was 0.000m
[ 13233   79.850 x1.00] LOG  [AirPosePin] engaged, holding body at 1.959m above the transform
[ 13234   79.856 x1.00] LOG  [AirPosePin] released, peak correction was 0.000m
[ 13235   79.861 x1.00] LOG  [AirPosePin] engaged, holding body at 2.003m above the transform
[ 13236   79.867 x1.00] LOG  [AirPosePin] released, peak correction was 0.000m
[ 13237   79.872 x1.00] LOG  [AirPosePin] engaged, holding body at 2.044m above the transform
[ 13238   79.878 x1.00] LOG  [AirPosePin] released, peak correction was 0.000m
[ 13239   79.883 x1.00] LOG  [AirPosePin] engaged, holding body at 2.082m above the transform
[ 13240   79.888 x1.00] LOG  [AirPosePin] released, peak correction was 0.000m
[ 13241   79.893 x1.00] LOG  [AirPosePin] engaged, holding body at 2.123m above the transform
[ 13242   79.899 x1.00] LOG  [AirPosePin] released, peak correction was 0.000m
[ 13243   79.904 x1.00] LOG  [AirPosePin] engaged, holding body at 2.167m above the transform
[ 13244   79.910 x1.00] LOG  [AirPosePin] released, peak correction was 0.000m
[ 13245   79.915 x1.00] LOG  [AirPosePin] engaged, holding body at 2.207m above the transform
[ 13246   79.920 x1.00] LOG  [AirPosePin] released, peak correction was 0.000m
[ 13247   79.926 x1.00] LOG  [AirPosePin] engaged, holding body at 2.235m above the transform
[ 13248   79.932 x1.00] LOG  [AirPosePin] released, peak correction was 0.000m
[ 13249   79.937 x1.00] LOG  [AirPosePin] engaged, holding body at 2.257m above the transform
[ 13250   79.942 x1.00] LOG  [AirPosePin] released, peak correction was 0.000m
[ 13251   79.948 x1.00] LOG  [AirPosePin] engaged, holding body at 2.263m above the transform
[ 13252   79.954 x1.00] LOG  [AirPosePin] released, peak correction was 0.000m
[ 13253   79.960 x1.00] LOG  [AirPosePin] engaged, holding body at 2.228m above the transform
[ 13254   79.966 x1.00] LOG  [AirPosePin] released, peak correction was 0.000m
[ 13255   79.972 x1.00] LOG  [AirPosePin] engaged, holding body at 2.150m above the transform
[ 13256   79.977 x1.00] LOG  [AirPosePin] released, peak correction was 0.000m
[ 13257   79.983 x1.00] LOG  [AirPosePin] engaged, holding body at 2.076m above the transform
[ 13258   79.988 x1.00] LOG  [AirPosePin] released, peak correction was 0.000m
[ 13259   79.994 x1.00] LOG  [AirPosePin] engaged, holding body at 2.045m above the transform
[ 13260   79.999 x1.00] LOG  [AirPosePin] released, peak correction was 0.000m
[ 13261   80.005 x1.00] LOG  [AirPosePin] engaged, holding body at 2.050m above the transform
[ 13262   80.011 x1.00] LOG  [AirPosePin] released, peak correction was 0.000m
[ 13263   80.018 x1.00] LOG  [AirPosePin] engaged, holding body at 2.058m above the transform
[ 13264   80.025 x1.00] LOG  [AirPosePin] released, peak correction was 0.000m
[ 13265   80.031 x1.00] LOG  [AirPosePin] engaged, holding body at 2.037m above the transform
[ 13266   80.036 x1.00] LOG  [AirPosePin] released, peak correction was 0.000m
[ 13267   80.042 x1.00] LOG  [AirPosePin] engaged, holding body at 2.009m above the transform
[ 13268   80.047 x1.00] LOG  [AirPosePin] released, peak correction was 0.000m
[ 13269   80.052 x1.00] LOG  [AirPosePin] engaged, holding body at 1.968m above the transform
[ 13270   80.058 x1.00] LOG  [AirPosePin] released, peak correction was 0.000m
[ 13271   80.063 x1.00] LOG  [AirPosePin] engaged, holding body at 1.910m above the transform
[ 13272   80.069 x1.00] LOG  [AirPosePin] released, peak correction was 0.000m
[ 13273   80.074 x1.00] LOG  [AirPosePin] engaged, holding body at 1.835m above the transform
[ 13274   80.080 x1.00] LOG  [AirPosePin] released, peak correction was 0.000m
[ 13275   80.085 x1.00] LOG  [AirPosePin] engaged, holding body at 1.760m above the transform
[ 13276   80.090 x1.00] LOG  [AirPosePin] released, peak correction was 0.000m
[ 13277   80.096 x1.00] LOG  [AirPosePin] engaged, holding body at 1.687m above the transform
[ 13278   80.102 x1.00] LOG  [AirPosePin] released, peak correction was 0.000m
[ 13279   80.108 x1.00] LOG  [AirPosePin] engaged, holding body at 1.604m above the transform
[ 13280   80.113 x1.00] LOG  [AirPosePin] released, peak correction was 0.000m
[ 13281   80.119 x1.00] LOG  [AirPosePin] engaged, holding body at 1.538m above the transform
[ 13282   80.124 x1.00] LOG  [AirPosePin] released, peak correction was 0.000m
[ 13283   80.129 x1.00] LOG  [AirPosePin] engaged, holding body at 1.487m above the transform
[ 13284   80.135 x1.00] LOG  [AirPosePin] released, peak correction was 0.000m
[ 13285   80.140 x1.00] LOG  [AirPosePin] engaged, holding body at 1.449m above the transform
[ 13286   80.146 x1.00] LOG  [AirPosePin] released, peak correction was 0.000m
[ 13287   80.151 x1.00] LOG  [AirPosePin] engaged, holding body at 1.412m above the transform
[ 13288   80.156 x1.00] LOG  [AirPosePin] released, peak correction was 0.000m
[ 13289   80.162 x1.00] LOG  [Combat] Dodge ended
[ 13306   80.259 x1.00] LOG  [OniBoss] Leash exceeded (16.6m > 15m for 1.5s) — returning home
[ 13306   80.259 x1.00] LOG  [OniBoss] Chase → Returning
[ 13306   80.259 x1.00] LOG  [OniBoss] Playing animation: Idle
[ 13306   80.259 x1.00] LOG  [OniBoss] Disengaging — pausing before return walk
[ 13306   80.259 x1.00] LOG  [BossBar] Hiding bar (Oni disengaged)
[ 13306   80.259 x1.00] LOG  [OniBoss:Layer] boss bar hidden (disengage)
[ 13634   81.925 x1.00] LOG  🐾 4-LEG JUMP #0
[ 13634   81.925 x1.00] LOG  🐾 Jump 1 VFX spawned!
[ 13644   81.979 x1.00] LOG  
==================== [FREEZE-DEBUG v3] ====================
  Reason : WASD-NOMOVE: WASD recent + speed 0.00m/s for 0.40s
  Time   : 78.956s   Frame: 13644   Snaps: 60
===========================================================

--- CURRENT STATE ---
  Flags: atk=False hvy=False dod=False dsh=False
         grd=False hit=False aerial=False lockPos=False
         comboStep=3
  Anim : speed=1.00  combatLayer hash=-792875657 normT=1.812 weight=1.00 inTransition=False
  CC   : grounded=False  enabled=True  pos=(467.19, 0.27, 452.36)  vel=(0.00, 7.15, 0.00)
  Move : IsRunning=True
  Input: H=1.00 V=0.00  LMB=False MMB=False Q=False Sp=True Sh=True C=False
         WASD pressed in last 0.5s: True (last 0.00s ago)

--- FLIGHT RECORDER (60 snapshots, oldest first, dt=0.10s) ---
  Legend: flags = A(tk) H(vy) D(od) S(sh) G(rd) R(eact) Y(aerial) L(ock)   gnd/cc: Y/n
  t-now    flags     step gnd cc anSp normT layW tr | posX     posZ     spd   | H    V    LMB MMB Q  Sp Sh C
  ------   --------  ---- --- -- ---- ----- ---- -- | -----    -----    ----  | ---- ---- --- --- -- -- -- -
  - 6.13s  --------    3  n   Y  1.00  1.53 1.00 -  |   470.5    435.7  0.00 | -1.0  0.0 0   0   0  0  1  0
  - 6.03s  --------    3  n   Y  1.00  1.64 1.00 -  |   470.4    436.2  0.00 | -1.0  0.0 0   0   0  1  1  0
  - 5.93s  --------    3  n   Y  1.00  1.74 1.00 -  |   470.3    436.6  0.00 | -1.0  0.0 0   0   0  1  1  0
  - 5.82s  --------    3  n   Y  1.00  1.84 1.00 -  |   470.2    437.1  0.00 | -1.0  0.0 0   0   0  0  1  0
  - 5.72s  --------    3  n   Y  1.00  1.95 1.00 -  |   470.1    437.6  0.00 | -1.0  0.0 1   0   0  1  1  0
  - 5.62s  --------    3  n   Y  1.00  2.05 1.00 -  |   470.0    438.0  0.00 | -1.0  0.0 1   0   0  1  1  0
  - 5.51s  A-----Y-    3  n   Y  1.00  0.08 1.00 -  |   469.8    439.2  0.00 |  0.0  0.0 0   0   0  0  1  0
  - 5.41s  A-----Y-    3  n   Y  1.00  0.21 1.00 -  |   469.7    439.8  0.00 |  0.0  0.0 0   0   0  0  1  0
  - 5.31s  A-----Y-    3  n   Y  1.00  0.34 1.00 -  |   469.6    440.2  0.00 |  0.0  0.0 0   0   0  0  1  1
  - 5.21s  A-----Y-    3  n   Y  1.00  0.47 1.00 -  |   469.5    440.7  0.00 | -1.0  0.0 0   0   0  0  1  0
  - 5.10s  A-----Y-    3  n   Y  1.00  0.60 1.00 -  |   469.4    441.1  0.00 | -1.0  0.0 0   0   0  0  1  0
  - 5.00s  A-----Y-    3  n   Y  1.00  0.73 1.00 -  |   469.3    441.6  0.00 | -1.0  0.0 0   0   0  0  1  0
  - 4.90s  A-----Y-    3  n   Y  1.00  0.86 1.00 -  |   469.2    442.1  0.00 | -1.0  0.0 0   0   0  0  1  0
  - 4.79s  --------    3  n   Y  1.00  0.99 1.00 T  |   469.1    442.5  0.00 | -1.0  0.0 0   0   0  0  1  0
  - 4.69s  --------    3  Y   Y  1.00  0.17 1.00 -  |   469.1    443.0  0.00 | -1.0  0.0 0   0   0  0  1  0
  - 4.59s  --------    3  n   Y  1.00  0.27 1.00 -  |   468.9    443.6  0.00 | -1.0  0.0 0   0   0  1  1  0
  - 4.49s  --------    3  n   Y  1.00  0.37 1.00 -  |   468.8    444.0  0.00 | -1.0  0.0 0   0   0  1  1  0
  - 4.38s  --------    3  n   Y  1.00  0.48 1.00 -  |   468.8    444.4  0.00 | -1.0  0.0 0   0   0  0  1  0
  - 4.28s  --------    3  n   Y  1.00  0.58 1.00 -  |   468.7    444.9  0.00 | -1.0  0.0 0   0   0  1  1  0
  - 4.18s  --------    3  n   Y  1.00  0.68 1.00 -  |   468.6    445.4  0.00 |  0.0  0.0 0   0   0  1  1  0
  - 4.08s  --D-----    3  n   Y  1.00  0.79 1.00 T  |   468.5    445.8  0.00 |  0.0  0.0 0   0   0  0  1  1
  - 3.97s  --D-----    3  n   Y  1.00  0.14 1.00 -  |   468.5    446.0  3.44 |  0.0  0.0 0   0   0  0  1  1
  - 3.87s  --D-----    3  n   Y  1.00  0.27 1.00 -  |   468.4    446.4  5.67 |  0.0  0.0 0   0   0  0  1  0
  - 3.77s  --D-----    3  n   Y  1.00  0.40 1.00 -  |   468.2    447.1  7.26 |  0.0  0.0 0   0   0  0  1  0
  - 3.67s  --D-----    3  n   Y  1.00  0.53 1.00 -  |   468.1    447.8  7.28 |  0.0  0.0 0   0   0  0  1  0
  - 3.56s  --D-----    3  n   Y  1.00  0.66 1.00 -  |   467.9    448.6  6.84 |  0.0  0.0 0   0   0  0  1  0
  - 3.46s  --D-----    3  n   Y  1.00  0.79 1.00 -  |   467.8    449.2  4.93 |  0.0  0.0 0   0   0  0  1  0
  - 3.35s  --D-----    3  n   Y  1.00  0.92 1.00 -  |   467.7    449.6  2.42 |  0.0  0.0 0   0   0  0  1  0
  - 3.25s  --------    3  n   Y  1.00  1.04 1.00 T  |   467.7    449.7  0.00 |  0.0  0.0 0   0   0  0  1  0
  - 3.15s  --------    3  n   Y  1.00  1.17 1.00 T  |   467.7    449.7  0.00 |  0.0  0.0 0   0   0  0  1  0
  - 3.05s  --------    3  n   Y  1.00  1.30 1.00 T  |   467.7    449.7  0.00 |  0.0  0.0 0   0   0  0  1  0
  - 2.95s  --------    3  n   Y  1.00  0.34 1.00 -  |   467.7    449.7  0.00 |  0.0  0.0 0   0   0  1  1  0
  - 2.84s  --------    3  n   Y  1.00  0.44 1.00 -  |   467.7    449.7  0.00 |  0.0  0.0 0   0   0  1  1  0
  - 2.74s  --------    3  Y   Y  1.00  0.55 1.00 -  |   467.7    449.7  0.00 |  0.0  0.0 0   0   0  1  1  0
  - 2.64s  --------    3  Y   Y  1.00  0.65 1.00 -  |   467.7    449.7  0.00 |  0.0  0.0 0   0   0  0  1  0
  - 2.53s  --D-----    3  n   Y  1.00  0.75 1.00 T  |   467.7    449.8  2.84 |  0.0  0.0 0   0   0  0  1  1
  - 2.43s  --D-----    3  Y   Y  1.00  0.24 1.00 -  |   467.6    450.2  5.14 |  0.0  0.0 0   0   0  0  1  0
  - 2.33s  --D-----    3  Y   Y  1.00  0.36 1.00 -  |   467.5    450.8  5.95 |  0.0  0.0 0   0   0  0  1  0
  - 2.23s  --D-----    3  n   Y  1.00  0.49 1.00 -  |   467.3    451.6  7.51 |  0.0  0.0 0   0   0  0  0  0
  - 2.12s  --D-----    3  n   Y  1.00  0.62 1.00 -  |   467.2    452.3  6.72 |  0.0  0.0 0   0   0  0  0  0
  - 2.02s  --D-----    3  Y   Y  1.00  0.75 1.00 -  |   467.1    453.0  5.74 |  0.0  0.0 0   0   0  0  0  0
  - 1.92s  --D-----    3  Y   Y  1.00  0.88 1.00 -  |   467.0    453.4  3.26 |  0.0  0.0 0   0   0  0  0  0
  - 1.81s  --------    3  n   Y  1.00  1.01 1.00 T  |   466.9    453.6  0.00 |  0.0  0.0 0   0   0  0  0  0
  - 1.71s  --------    3  Y   Y  1.00  1.14 1.00 T  |   466.9    453.6  0.00 |  0.0  0.0 0   0   0  0  0  0
  - 1.61s  --------    3  Y   Y  1.00  1.27 1.00 T  |   466.9    453.6  0.00 |  0.0  0.0 0   0   0  0  0  0
  - 1.50s  --------    3  Y   Y  1.00  0.31 1.00 -  |   466.9    453.6  0.00 |  0.0  0.0 0   0   0  0  0  0
  - 1.40s  --------    3  Y   Y  1.00  0.41 1.00 -  |   466.9    453.6  0.00 |  0.0  0.0 0   0   0  0  0  0
  - 1.30s  --------    3  Y   Y  1.00  0.52 1.00 -  |   466.9    453.6  0.00 |  0.0  0.0 0   0   0  0  0  0
  - 1.19s  --------    3  Y   Y  1.00  0.62 1.00 -  |   466.9    453.6  0.00 |  0.0  0.0 0   0   0  0  0  0
  - 1.09s  --------    3  Y   Y  1.00  0.72 1.00 -  |   466.9    453.6  0.00 |  0.0  0.0 0   0   0  0  0  0
  - 0.99s  --------    3  Y   Y  1.00  0.83 1.00 -  |   466.9    453.6  0.00 |  0.0  0.0 0   0   0  0  1  0
  - 0.89s  --------    3  Y   Y  1.00  0.93 1.00 -  |   466.9    453.6  0.00 |  0.0  0.0 0   0   0  0  1  0
  - 0.78s  --------    3  Y   Y  1.00  1.03 1.00 -  |   466.9    453.6  0.00 |  0.0  0.0 0   0   0  0  1  0
  - 0.68s  --------    3  Y   Y  1.00  1.13 1.00 -  |   466.9    453.6  0.00 |  0.0  0.0 0   0   0  0  0  0
  - 0.58s  --------    3  Y   Y  1.00  1.24 1.00 -  |   466.9    453.6  0.00 |  0.0  0.0 0   0   0  0  0  0
  - 0.47s  --------    3  Y   Y  1.00  1.34 1.00 -  |   466.9    453.6  0.00 |  0.0  0.0 0   0   0  0  0  0
  - 0.37s  --------    3  Y   Y  1.00  1.44 1.00 -  |   466.9    453.6  0.00 |  1.0  0.0 0   0   0  0  0  0
  - 0.27s  --------    3  Y   Y  1.00  1.54 1.00 -  |   467.0    453.4  0.00 |  1.0  0.0 0   0   0  0  0  0
  - 0.17s  --------    3  Y   Y  1.00  1.65 1.00 -  |   467.0    453.2  0.00 |  1.0  0.0 0   0   0  0  0  0
  - 0.06s  --------    3  Y   Y  1.00  1.75 1.00 -  |   467.1    452.7  0.00 |  1.0  0.0 0   0   0  0  1  0
=========================================================== END

[ 13693   82.240 x1.00] LOG  🐾 4-LEG JUMP #1
[ 13693   82.240 x1.00] LOG  🐾 Jump 2 VFX spawned!
[ 13697   82.262 x1.00] LOG  [OniBoss] Playing animation: Walk
[ 13697   82.262 x1.00] LOG  [OniBoss] Pause complete — walking home
[ 13776   82.676 x1.00] LOG  🐾 4-LEG JUMP #2
[ 13776   82.676 x1.00] LOG  🐾 Jump 3 VFX spawned!
[ 13776   82.676 x1.00] LOG  🚫 Max jumps reached!
[ 13870   83.201 x1.00] LOG  [OniBoss] Returning → Chase
[ 13870   83.201 x1.00] LOG  [BossBar] Showing bar for: Oni (245/500)
[ 13870   83.201 x1.00] LOG  [OniBoss:Layer] boss bar shown
[ 13870   83.201 x1.00] LOG  [BossBar] Bar switched to phase 2
[ 13870   83.201 x1.00] LOG  [OniBoss:Layer] boss bar → phase 2 crimson
[ 13871   83.207 x1.00] LOG  [OniBoss] Playing animation: run
[ 13951   83.682 x1.00] LOG  💨 Landing VFX spawned!
[ 13951   83.682 x1.00] LOG  ✅ LANDED! (was jump #3)
[ 13969   83.783 x1.00] LOG  [Combat] Dodge: Dodge_2Leg (3m, 2leg)
[ 13969   83.783 x1.00] LOG  [AirPosePin] engaged, holding body at 0.602m above the transform
[ 13970   83.789 x1.00] LOG  [AirPosePin] released, peak correction was 0.000m
[ 13971   83.795 x1.00] LOG  [AirPosePin] engaged, holding body at 0.610m above the transform
[ 13972   83.801 x1.00] LOG  [AirPosePin] released, peak correction was 0.000m
[ 13973   83.806 x1.00] LOG  [AirPosePin] engaged, holding body at 0.619m above the transform
[ 13974   83.812 x1.00] LOG  [AirPosePin] released, peak correction was 0.000m
[ 13975   83.818 x1.00] LOG  [AirPosePin] engaged, holding body at 0.634m above the transform
[ 13976   83.823 x1.00] LOG  [AirPosePin] released, peak correction was 0.000m
[ 13977   83.829 x1.00] LOG  [AirPosePin] engaged, holding body at 0.657m above the transform
[ 13978   83.835 x1.00] LOG  [AirPosePin] released, peak correction was 0.000m
[ 13979   83.840 x1.00] LOG  [AirPosePin] engaged, holding body at 0.690m above the transform
[ 13980   83.846 x1.00] LOG  [AirPosePin] released, peak correction was 0.000m
[ 13981   83.852 x1.00] LOG  [AirPosePin] engaged, holding body at 0.734m above the transform
[ 13982   83.858 x1.00] LOG  [AirPosePin] released, peak correction was 0.000m
[ 13983   83.864 x1.00] LOG  [AirPosePin] engaged, holding body at 0.797m above the transform
[ 13984   83.871 x1.00] LOG  [AirPosePin] released, peak correction was 0.000m
[ 13985   83.877 x1.00] LOG  [AirPosePin] engaged, holding body at 0.878m above the transform
[ 13986   83.883 x1.00] LOG  [AirPosePin] released, peak correction was 0.000m
[ 13987   83.888 x1.00] LOG  [AirPosePin] engaged, holding body at 0.964m above the transform
[ 13988   83.894 x1.00] LOG  [AirPosePin] released, peak correction was 0.000m
[ 13989   83.899 x1.00] LOG  [AirPosePin] engaged, holding body at 1.056m above the transform
[ 13990   83.905 x1.00] LOG  [AirPosePin] released, peak correction was 0.000m
[ 14002   83.973 x1.00] LOG  [OniBoss] Playing animation: Watch
[ 14002   83.973 x1.00] LOG  [OniBoss] Combo started: swing1-2 (2 steps remaining)
[ 14002   83.973 x1.00] LOG  [OniBoss] Chase → Attack
[ 14002   83.973 x1.00] LOG  [OniBoss] Attack: Club_Swing (16 dmg)
[ 14010   84.019 x1.00] LOG  [OniBoss:Layer] step-in: 'Club_Swing' closed 0.22m, Yoru now 3.0m away (range 3.5)
[ 14028   84.122 x1.00] LOG  [AirPosePin] engaged, holding body at 1.380m above the transform
[ 14029   84.128 x1.00] LOG  [AirPosePin] released, peak correction was 0.000m
[ 14030   84.134 x1.00] LOG  [AirPosePin] engaged, holding body at 1.320m above the transform
[ 14031   84.140 x1.00] LOG  [AirPosePin] released, peak correction was 0.000m
[ 14032   84.146 x1.00] LOG  [AirPosePin] engaged, holding body at 1.264m above the transform
[ 14033   84.152 x1.00] LOG  [AirPosePin] released, peak correction was 0.000m
[ 14034   84.157 x1.00] LOG  [AirPosePin] engaged, holding body at 1.206m above the transform
[ 14035   84.163 x1.00] LOG  [AirPosePin] released, peak correction was 0.000m
[ 14036   84.169 x1.00] LOG  [AirPosePin] engaged, holding body at 1.147m above the transform
[ 14037   84.175 x1.00] LOG  [AirPosePin] released, peak correction was 0.000m
[ 14038   84.181 x1.00] LOG  [AirPosePin] engaged, holding body at 1.088m above the transform
[ 14039   84.187 x1.00] LOG  [AirPosePin] released, peak correction was 0.000m
[ 14040   84.192 x1.00] LOG  [AirPosePin] engaged, holding body at 1.023m above the transform
[ 14041   84.198 x1.00] LOG  [AirPosePin] released, peak correction was 0.000m
[ 14069   84.357 x1.00] LOG  [Combat] Dodge early exit at 85% (movement input)
[ 14069   84.357 x1.00] LOG  [Combat] Dodge ended
[ 14113   84.605 x1.00] LOG  [CameraGameFeel] Shake: intensity=0.20 duration=0.250s
[ 14113   84.605 x1.00] LOG  [Combat] Hit react: HitReact_Light_4Leg (0.5s)
[ 14113   84.605 x1.00] LOG  [CameraGameFeel] Shake: intensity=0.09 duration=0.150s
[ 14113   84.605 x1.00] LOG  [CameraGameFeel] FOV punch: player damage (-2.0°)
[ 14113   84.605 x1.00] LOG  [OniBoss] Hit player for 16 (Club_Swing)
[ 14120   84.646 x1.00] LOG  [AirPosePin] engaged, holding body at 0.600m above the transform
[ 14137   84.745 x1.00] LOG  [AirPosePin] released, peak correction was 0.000m
[ 14199   85.102 x1.00] LOG  [OniBoss] Attack → Recovery
[ 14199   85.102 x1.00] LOG  [OniBoss] Playing animation: Watch
[ 14199   85.102 x1.00] LOG  [OniBoss:Strike] Club_Swing: club tip closest to Yoru at 0.65m, clip position 0.89 | damage fires at 0.55 | clip 1.13s => damage fires 388 ms BEFORE the club is closest
[ 14210   85.167 x1.00] LOG  [StormWeather] ⚡ strike at (473.06, 45.00, 441.14)
[ 14221   85.234 x1.00] LOG  🐾 4-LEG JUMP #0
[ 14221   85.234 x1.00] LOG  🐾 Jump 1 VFX spawned!
[ 14224   85.253 x1.00] LOG  [OniBoss] Recovery → Attack
[ 14224   85.253 x1.00] LOG  [OniBoss] Attack: ClubSwing2 (16 dmg)
[ 14227   85.272 x1.00] LOG  [OniBoss:Layer] step-in: 'ClubSwing2' closed 0.05m, Yoru now 3.0m away (range 3.5)
[ 14233   85.315 x1.00] LOG  [OniBoss:Layer] step-in: 'ClubSwing2' closed 0.21m, Yoru now 3.0m away (range 3.5)
[ 14236   85.334 x1.00] LOG  [OniBoss:Layer] step-in: 'ClubSwing2' closed 0.29m, Yoru now 3.0m away (range 3.5)
[ 14240   85.359 x1.00] LOG  [OniBoss:Layer] step-in: 'ClubSwing2' closed 0.37m, Yoru now 3.0m away (range 3.5)
[ 14243   85.378 x1.00] LOG  [OniBoss:Layer] step-in: 'ClubSwing2' closed 0.46m, Yoru now 3.0m away (range 3.5)
[ 14246   85.397 x1.00] LOG  [OniBoss:Layer] step-in: 'ClubSwing2' closed 0.54m, Yoru now 3.0m away (range 3.5)
[ 14249   85.415 x1.00] LOG  [OniBoss:Layer] step-in: 'ClubSwing2' closed 0.63m, Yoru now 3.0m away (range 3.5)
[ 14253   85.438 x1.00] LOG  [OniBoss:Layer] step-in: 'ClubSwing2' closed 0.71m, Yoru now 3.0m away (range 3.5)
[ 14256   85.456 x1.00] LOG  [OniBoss:Layer] step-in: 'ClubSwing2' closed 0.80m, Yoru now 3.0m away (range 3.5)
[ 14259   85.475 x1.00] LOG  [OniBoss:Layer] step-in: 'ClubSwing2' closed 0.88m, Yoru now 3.0m away (range 3.5)
[ 14266   85.520 x1.00] LOG  [OniBoss:Layer] step-in: 'ClubSwing2' closed 1.05m, Yoru now 3.0m away (range 3.5)
[ 14269   85.537 x1.00] LOG  [OniBoss:Layer] step-in: 'ClubSwing2' closed 1.14m, Yoru now 3.0m away (range 3.5)
[ 14272   85.555 x1.00] LOG  [OniBoss:Layer] step-in: 'ClubSwing2' closed 1.22m, Yoru now 3.0m away (range 3.5)
[ 14275   85.573 x1.00] LOG  [OniBoss:Layer] step-in: 'ClubSwing2' closed 1.31m, Yoru now 3.0m away (range 3.5)
[ 14279   85.597 x1.00] LOG  [OniBoss:Layer] step-in: 'ClubSwing2' closed 1.40m, Yoru now 3.0m away (range 3.5)
[ 14282   85.615 x1.00] LOG  [OniBoss:Layer] step-in: 'ClubSwing2' closed 1.48m, Yoru now 3.0m away (range 3.5)
[ 14285   85.633 x1.00] LOG  [OniBoss:Layer] step-in: 'ClubSwing2' closed 1.57m, Yoru now 3.0m away (range 3.5)
[ 14289   85.657 x1.00] LOG  [OniBoss:Layer] step-in: 'ClubSwing2' closed 1.66m, Yoru now 3.0m away (range 3.5)
[ 14292   85.674 x1.00] LOG  [OniBoss:Layer] step-in: 'ClubSwing2' closed 1.74m, Yoru now 3.0m away (range 3.5)
[ 14296   85.699 x1.00] LOG  [OniBoss:Layer] step-in: 'ClubSwing2' closed 1.83m, Yoru now 3.0m away (range 3.5)
[ 14299   85.717 x1.00] LOG  [OniBoss:Layer] step-in: 'ClubSwing2' closed 1.92m, Yoru now 3.0m away (range 3.5)
[ 14307   85.765 x1.00] LOG  [CameraGameFeel] Shake: intensity=0.20 duration=0.250s
[ 14307   85.765 x1.00] LOG  [OniBoss] Attack missed, player out of range (3.7m > 3.5m)
[ 14376   86.162 x1.00] LOG  💨 Landing VFX spawned!
[ 14376   86.162 x1.00] LOG  ✅ LANDED! (was jump #1)
[ 14495   86.823 x1.00] LOG  [OniBoss] Attack → Recovery
[ 14495   86.823 x1.00] LOG  [OniBoss] Playing animation: Watch
[ 14495   86.823 x1.00] LOG  [OniBoss:Strike] ClubSwing2: club tip closest to Yoru at 2.15m, clip position 0.29 | damage fires at 0.32 | clip 1.58s => damage fires 46 ms AFTER the club is closest — it lands once the club has passed her
[ 14522   86.973 x1.00] LOG  [OniBoss] Recovery → Chase
[ 14523   86.979 x1.00] LOG  [OniBoss] Playing animation: run
[ 14587   87.349 x1.00] LOG  🐾 4-LEG JUMP #0
[ 14587   87.349 x1.00] LOG  🐾 Jump 1 VFX spawned!
[ 14612   87.499 x1.00] LOG  
==================== [FREEZE-DEBUG v3] ====================
  Reason : WASD-NOMOVE: WASD recent + speed 0.00m/s for 0.40s
  Time   : 84.476s   Frame: 14612   Snaps: 60
===========================================================

--- CURRENT STATE ---
  Flags: atk=False hvy=False dod=False dsh=False
         grd=False hit=False aerial=False lockPos=False
         comboStep=0
  Anim : speed=1.00  combatLayer hash=-792875657 normT=2.385 weight=1.00 inTransition=False
  CC   : grounded=False  enabled=True  pos=(467.53, 0.90, 450.13)  vel=(0.00, 5.65, 0.00)
  Move : IsRunning=True
  Input: H=-1.00 V=0.00  LMB=False MMB=False Q=False Sp=False Sh=True C=False
         WASD pressed in last 0.5s: True (last 0.00s ago)

--- FLIGHT RECORDER (60 snapshots, oldest first, dt=0.10s) ---
  Legend: flags = A(tk) H(vy) D(od) S(sh) G(rd) R(eact) Y(aerial) L(ock)   gnd/cc: Y/n
  t-now    flags     step gnd cc anSp normT layW tr | posX     posZ     spd   | H    V    LMB MMB Q  Sp Sh C
  ------   --------  ---- --- -- ---- ----- ---- -- | -----    -----    ----  | ---- ---- --- --- -- -- -- -
  - 6.10s  --------    3  Y   Y  1.00  1.24 1.00 -  |   466.9    453.6  0.00 |  0.0  0.0 0   0   0  0  0  0
  - 5.99s  --------    3  Y   Y  1.00  1.34 1.00 -  |   466.9    453.6  0.00 |  0.0  0.0 0   0   0  0  0  0
  - 5.89s  --------    3  Y   Y  1.00  1.44 1.00 -  |   466.9    453.6  0.00 |  1.0  0.0 0   0   0  0  0  0
  - 5.79s  --------    3  Y   Y  1.00  1.54 1.00 -  |   467.0    453.4  0.00 |  1.0  0.0 0   0   0  0  0  0
  - 5.69s  --------    3  Y   Y  1.00  1.65 1.00 -  |   467.0    453.2  0.00 |  1.0  0.0 0   0   0  0  0  0
  - 5.58s  --------    3  Y   Y  1.00  1.75 1.00 -  |   467.1    452.7  0.00 |  1.0  0.0 0   0   0  0  1  0
  - 5.48s  --------    3  n   Y  1.00  1.85 1.00 -  |   467.2    452.2  0.00 |  1.0  0.0 0   0   0  1  1  0
  - 5.38s  --------    3  n   Y  1.00  1.95 1.00 -  |   467.3    451.7  0.00 |  1.0  0.0 0   0   0  0  1  0
  - 5.27s  --------    3  n   Y  1.00  2.06 1.00 -  |   467.4    451.2  0.00 |  1.0  0.0 0   0   0  0  1  0
  - 5.17s  --------    3  n   Y  1.00  2.16 1.00 -  |   467.5    450.8  0.00 |  1.0  0.0 0   0   0  1  1  0
  - 5.07s  --------    3  n   Y  1.00  2.27 1.00 -  |   467.6    450.3  0.00 |  1.0  0.0 0   0   0  0  1  0
  - 4.97s  --------    3  n   Y  1.00  2.37 1.00 -  |   467.7    449.9  0.00 |  1.0  0.0 0   0   0  0  1  0
  - 4.86s  --------    3  n   Y  1.00  2.47 1.00 -  |   467.8    449.5  0.00 |  1.0  0.0 0   0   0  0  1  0
  - 4.76s  --------    3  n   Y  1.00  2.57 1.00 -  |   467.9    449.0  0.00 |  1.0  0.0 0   0   0  1  1  0
  - 4.66s  --------    3  n   Y  1.00  2.67 1.00 -  |   467.9    448.6  0.00 |  1.0  0.0 0   0   0  0  1  0
  - 4.55s  --------    3  n   Y  1.00  2.78 1.00 -  |   468.0    448.0  0.00 |  0.0  0.0 0   0   0  0  0  0
  - 4.45s  --------    3  n   Y  1.00  2.88 1.00 -  |   468.1    447.6  0.00 |  0.0  0.0 0   0   0  0  0  0
  - 4.35s  --------    3  n   Y  1.00  2.99 1.00 -  |   468.2    447.2  0.00 |  0.0  0.0 0   0   0  0  0  1
  - 4.25s  --------    3  n   Y  1.00  3.09 1.00 -  |   468.3    446.7  0.00 |  0.0  0.0 0   0   0  0  0  1
  - 4.14s  --------    3  n   Y  1.00  3.19 1.00 -  |   468.4    446.3  0.00 |  0.0  0.0 0   0   0  0  0  0
  - 4.04s  --------    3  n   Y  1.00  3.29 1.00 -  |   468.5    445.8  0.00 |  0.0  0.0 0   0   0  0  0  0
  - 3.94s  --------    3  n   Y  1.00  3.39 1.00 -  |   468.6    445.4  0.00 |  0.0  0.0 0   0   0  0  0  0
  - 3.83s  --------    3  n   Y  1.00  3.50 1.00 -  |   468.7    444.9  0.00 |  0.0  0.0 0   0   0  0  0  0
  - 3.73s  --------    3  Y   Y  1.00  3.60 1.00 -  |   468.7    444.8  0.00 |  0.0  0.0 0   0   0  0  0  0
  - 3.62s  --D-----    3  Y   Y  1.00  3.71 1.00 T  |   468.7    444.7  2.67 |  0.0  0.0 0   0   0  0  0  1
  - 3.52s  --D-----    3  Y   Y  1.00  0.29 1.00 -  |   468.8    444.2  5.50 |  0.0  0.0 0   0   0  0  0  0
  - 3.42s  --D-----    3  Y   Y  1.00  0.44 1.00 -  |   468.9    443.6  6.61 |  0.0  0.0 0   0   0  0  0  0
  - 3.31s  --D-----    3  n   Y  1.00  0.60 1.00 -  |   469.1    442.9  6.68 |  0.0  0.0 0   0   0  0  0  0
  - 3.21s  --D-----    3  Y   Y  1.00  0.75 1.00 -  |   468.9    442.5  4.79 | -1.0  0.0 0   0   0  0  0  0
  - 3.10s  --------    3  Y   Y  1.00  0.91 1.00 T  |   468.8    442.3  0.00 | -1.0  0.0 0   0   0  0  0  0
  - 3.00s  --------    3  Y   Y  1.00  1.06 1.00 T  |   468.7    442.5  0.00 | -1.0  0.0 0   0   0  0  0  0
  - 2.90s  --------    3  Y   Y  1.00  1.22 1.00 T  |   468.6    443.1  0.00 | -1.0  0.0 0   0   0  0  1  0
  - 2.80s  -----R--    0  n   Y  1.00  0.05 1.00 -  |   468.9    443.0  2.88 | -1.0  0.0 0   0   0  1  1  0
  - 2.70s  -----R--    0  Y   Y  1.00  0.10 1.00 -  |   469.0    442.9  0.00 | -1.0  0.0 0   0   0  0  1  0
  - 2.59s  -----R--    0  Y   Y  1.00  0.15 1.00 -  |   469.0    442.9  0.00 | -1.0  0.0 0   0   0  0  1  0
  - 2.49s  -----R--    0  Y   Y  1.00  0.20 1.00 -  |   469.0    442.9  0.00 | -1.0  0.0 0   0   0  1  1  0
  - 2.38s  --------    0  Y   Y  1.00  0.26 1.00 T  |   469.0    442.9  0.00 | -1.0  0.0 0   0   0  0  1  0
  - 2.28s  --------    0  Y   Y  1.00  0.10 1.00 -  |   468.8    443.6  0.00 | -1.0  0.0 0   0   0  0  1  0
  - 2.18s  --------    0  n   Y  1.00  0.21 1.00 -  |   468.7    444.2  0.00 | -1.0  0.0 0   0   0  1  1  0
  - 2.07s  --------    0  n   Y  1.00  0.31 1.00 -  |   468.6    444.7  0.00 | -1.0  0.0 0   0   0  0  1  0
  - 1.97s  --------    0  n   Y  1.00  0.42 1.00 -  |   468.5    445.1  0.00 | -1.0  0.0 0   0   0  0  1  0
  - 1.87s  --------    0  n   Y  1.00  0.52 1.00 -  |   468.4    445.6  0.00 |  0.0  0.0 0   0   0  0  0  0
  - 1.76s  --------    0  n   Y  1.00  0.62 1.00 -  |   468.3    446.0  0.00 |  0.0  0.0 0   0   0  0  0  0
  - 1.66s  --------    0  n   Y  1.00  0.72 1.00 -  |   468.3    446.4  0.00 |  0.0  0.0 0   0   0  0  0  0
  - 1.56s  --------    0  n   Y  1.00  0.82 1.00 -  |   468.2    446.9  0.00 |  0.0  0.0 0   0   0  0  0  0
  - 1.46s  --------    0  n   Y  1.00  0.92 1.00 -  |   468.1    447.3  0.00 |  0.0  0.0 0   0   0  0  0  0
  - 1.36s  --------    0  n   Y  1.00  1.03 1.00 -  |   468.0    447.8  0.00 |  0.0  0.0 0   0   0  0  0  0
  - 1.26s  --------    0  Y   Y  1.00  1.13 1.00 -  |   468.0    447.9  0.00 |  0.0  0.0 0   0   0  0  0  0
  - 1.15s  --------    0  Y   Y  1.00  1.23 1.00 -  |   468.0    447.9  0.00 |  0.0  0.0 0   0   0  0  0  0
  - 1.05s  --------    0  Y   Y  1.00  1.34 1.00 -  |   468.0    447.9  0.00 |  0.0  0.0 0   0   0  0  0  0
  - 0.95s  --------    0  Y   Y  1.00  1.44 1.00 -  |   468.0    447.9  0.00 |  0.0  0.0 0   0   0  0  0  0
  - 0.85s  --------    0  Y   Y  1.00  1.54 1.00 -  |   468.0    447.9  0.00 |  0.0  0.0 0   0   0  0  0  0
  - 0.74s  --------    0  Y   Y  1.00  1.64 1.00 -  |   468.0    447.9  0.00 |  0.0  0.0 0   0   0  0  0  0
  - 0.64s  --------    0  Y   Y  1.00  1.75 1.00 -  |   468.0    447.9  0.00 |  0.0  0.0 0   0   0  0  0  0
  - 0.53s  --------    0  Y   Y  1.00  1.85 1.00 -  |   468.0    447.9  0.00 |  0.0  0.0 0   0   0  0  0  0
  - 0.43s  --------    0  Y   Y  1.00  1.95 1.00 -  |   468.0    447.9  0.00 |  0.0  0.0 0   0   0  0  0  0
  - 0.33s  --------    0  Y   Y  1.00  2.05 1.00 -  |   467.9    448.2  0.00 | -1.0  0.0 0   0   0  0  1  0
  - 0.23s  --------    0  Y   Y  1.00  2.16 1.00 -  |   467.8    448.9  0.00 | -1.0  0.0 0   0   0  0  1  0
  - 0.13s  --------    0  n   Y  1.00  2.26 1.00 -  |   467.6    449.6  0.00 | -1.0  0.0 0   0   0  1  1  0
  - 0.02s  --------    0  n   Y  1.00  2.36 1.00 -  |   467.5    450.0  0.00 | -1.0  0.0 0   0   0  1  1  0
=========================================================== END

[ 14642   87.687 x1.00] LOG  🐾 4-LEG JUMP #1
[ 14642   87.687 x1.00] LOG  🐾 Jump 2 VFX spawned!
[ 14684   87.950 x1.00] LOG  🐾 4-LEG JUMP #2
[ 14684   87.950 x1.00] LOG  🐾 Jump 3 VFX spawned!
[ 14684   87.950 x1.00] LOG  🚫 Max jumps reached!
[ 14846   88.943 x1.00] LOG  💨 Landing VFX spawned!
[ 14846   88.943 x1.00] LOG  ✅ LANDED! (was jump #3)
[ 14852   88.979 x1.00] LOG  [OniBoss] Pull-band decision: RUN-IN (dist 4.2m, pullRange 0m, chance 0.70)
[ 14917   89.356 x1.00] LOG  🚶 2-LEG JUMP
[ 14917   89.356 x1.00] LOG  🐾 Jump 1 VFX spawned!
[ 14959   89.618 x1.00] LOG  [OniBoss] hold-ground: BACKSTEP 1.5m (player 3.5m)
[ 14966   89.660 x1.00] LOG  [Combat] Dodge: Dodge_4Leg (4m, 4leg)
[ 14966   89.660 x1.00] LOG  [AirPosePin] engaged, holding body at 1.572m above the transform
[ 15035   90.077 x1.00] LOG  [OniBoss] hold-ground: backstep done (0.73m), WATCH (player 4.4m, cooldown 0.0s)
[ 15035   90.077 x1.00] LOG  [OniBoss] Playing animation: Watch
[ 15036   90.083 x1.00] LOG  [OniBoss] hold-ground: cooldown over, player 4.4m > 3.5m — APPROACH
[ 15036   90.083 x1.00] LOG  [OniBoss] Playing animation: Walk
[ 15042   90.119 x1.00] LOG  [StormWeather] ⚡ strike at (486.94, 45.00, 447.64)
[ 15044   90.132 x1.00] LOG  [OniBoss] Playing animation: run
[ 15078   90.349 x1.00] LOG  [Combat] Dodge early exit at 85% (movement input)
[ 15078   90.349 x1.00] LOG  [Combat] Dodge ended
[ 15078   90.349 x1.00] LOG  [AirPosePin] released, peak correction was -0.450m
[ 15130   90.661 x1.00] LOG  💨 Landing VFX spawned!
[ 15130   90.661 x1.00] LOG  ✅ LANDED! (was jump #1)
[ 15277   91.518 x1.00] LOG  [OniBoss] Playing animation: Watch
[ 15277   91.518 x1.00] LOG  [OniBoss] Combo started: ClubSwing1 → ClubSwing2 → ClubSlam (3 steps remaining)
[ 15277   91.518 x1.00] LOG  [OniBoss] Chase → Attack
[ 15277   91.518 x1.00] LOG  [OniBoss] Attack: Club_Swing (16 dmg)
[ 15285   91.564 x1.00] LOG  
==================== [FREEZE-DEBUG v3] ====================
  Reason : WASD-NOMOVE: WASD recent + speed 0.00m/s for 0.40s
  Time   : 88.541s   Frame: 15285   Snaps: 60
===========================================================

--- CURRENT STATE ---
  Flags: atk=False hvy=False dod=False dsh=False
         grd=False hit=False aerial=False lockPos=False
         comboStep=0
  Anim : speed=1.00  combatLayer hash=-792875657 normT=1.209 weight=1.00 inTransition=False
  CC   : grounded=True  enabled=True  pos=(463.78, -0.02, 466.98)  vel=(0.00, 0.00, 0.00)
  Move : IsRunning=False
  Input: H=1.00 V=0.00  LMB=False MMB=False Q=False Sp=False Sh=False C=False
         WASD pressed in last 0.5s: True (last 0.00s ago)

--- FLIGHT RECORDER (60 snapshots, oldest first, dt=0.10s) ---
  Legend: flags = A(tk) H(vy) D(od) S(sh) G(rd) R(eact) Y(aerial) L(ock)   gnd/cc: Y/n
  t-now    flags     step gnd cc anSp normT layW tr | posX     posZ     spd   | H    V    LMB MMB Q  Sp Sh C
  ------   --------  ---- --- -- ---- ----- ---- -- | -----    -----    ----  | ---- ---- --- --- -- -- -- -
  - 6.14s  --------    0  n   Y  1.00  0.31 1.00 -  |   468.6    444.7  0.00 | -1.0  0.0 0   0   0  0  1  0
  - 6.03s  --------    0  n   Y  1.00  0.42 1.00 -  |   468.5    445.1  0.00 | -1.0  0.0 0   0   0  0  1  0
  - 5.93s  --------    0  n   Y  1.00  0.52 1.00 -  |   468.4    445.6  0.00 |  0.0  0.0 0   0   0  0  0  0
  - 5.83s  --------    0  n   Y  1.00  0.62 1.00 -  |   468.3    446.0  0.00 |  0.0  0.0 0   0   0  0  0  0
  - 5.73s  --------    0  n   Y  1.00  0.72 1.00 -  |   468.3    446.4  0.00 |  0.0  0.0 0   0   0  0  0  0
  - 5.63s  --------    0  n   Y  1.00  0.82 1.00 -  |   468.2    446.9  0.00 |  0.0  0.0 0   0   0  0  0  0
  - 5.52s  --------    0  n   Y  1.00  0.92 1.00 -  |   468.1    447.3  0.00 |  0.0  0.0 0   0   0  0  0  0
  - 5.42s  --------    0  n   Y  1.00  1.03 1.00 -  |   468.0    447.8  0.00 |  0.0  0.0 0   0   0  0  0  0
  - 5.32s  --------    0  Y   Y  1.00  1.13 1.00 -  |   468.0    447.9  0.00 |  0.0  0.0 0   0   0  0  0  0
  - 5.22s  --------    0  Y   Y  1.00  1.23 1.00 -  |   468.0    447.9  0.00 |  0.0  0.0 0   0   0  0  0  0
  - 5.11s  --------    0  Y   Y  1.00  1.34 1.00 -  |   468.0    447.9  0.00 |  0.0  0.0 0   0   0  0  0  0
  - 5.01s  --------    0  Y   Y  1.00  1.44 1.00 -  |   468.0    447.9  0.00 |  0.0  0.0 0   0   0  0  0  0
  - 4.91s  --------    0  Y   Y  1.00  1.54 1.00 -  |   468.0    447.9  0.00 |  0.0  0.0 0   0   0  0  0  0
  - 4.81s  --------    0  Y   Y  1.00  1.64 1.00 -  |   468.0    447.9  0.00 |  0.0  0.0 0   0   0  0  0  0
  - 4.70s  --------    0  Y   Y  1.00  1.75 1.00 -  |   468.0    447.9  0.00 |  0.0  0.0 0   0   0  0  0  0
  - 4.60s  --------    0  Y   Y  1.00  1.85 1.00 -  |   468.0    447.9  0.00 |  0.0  0.0 0   0   0  0  0  0
  - 4.50s  --------    0  Y   Y  1.00  1.95 1.00 -  |   468.0    447.9  0.00 |  0.0  0.0 0   0   0  0  0  0
  - 4.39s  --------    0  Y   Y  1.00  2.05 1.00 -  |   467.9    448.2  0.00 | -1.0  0.0 0   0   0  0  1  0
  - 4.29s  --------    0  Y   Y  1.00  2.16 1.00 -  |   467.8    448.9  0.00 | -1.0  0.0 0   0   0  0  1  0
  - 4.19s  --------    0  n   Y  1.00  2.26 1.00 -  |   467.6    449.6  0.00 | -1.0  0.0 0   0   0  1  1  0
  - 4.09s  --------    0  n   Y  1.00  2.36 1.00 -  |   467.5    450.0  0.00 | -1.0  0.0 0   0   0  1  1  0
  - 3.99s  --------    0  n   Y  1.00  2.46 1.00 -  |   467.5    450.5  0.00 | -1.0  0.0 0   0   0  0  1  0
  - 3.88s  --------    0  n   Y  1.00  2.57 1.00 -  |   467.4    451.0  0.00 | -1.0  0.0 0   0   0  0  1  0
  - 3.78s  --------    0  n   Y  1.00  2.67 1.00 -  |   467.3    451.5  0.00 | -1.0  0.0 0   0   0  1  1  0
  - 3.68s  --------    0  n   Y  1.00  2.77 1.00 -  |   467.2    451.9  0.00 | -1.0  0.0 0   0   0  0  1  0
  - 3.57s  --------    0  n   Y  1.00  2.88 1.00 -  |   467.1    452.3  0.00 | -1.0  0.0 0   0   0  1  1  0
  - 3.47s  --------    0  n   Y  1.00  2.98 1.00 -  |   467.0    452.8  0.00 | -1.0  0.0 0   0   0  0  1  0
  - 3.36s  --------    0  n   Y  1.00  3.09 1.00 -  |   466.9    453.3  0.00 |  0.0  0.0 0   0   0  0  1  1
  - 3.26s  --------    0  n   Y  1.00  3.19 1.00 -  |   466.8    453.7  0.00 |  0.0  0.0 0   0   0  0  1  1
  - 3.16s  --------    0  n   Y  1.00  3.29 1.00 -  |   466.7    454.2  0.00 | -1.0  0.0 0   0   0  0  1  0
  - 3.06s  --------    0  n   Y  1.00  3.39 1.00 -  |   466.6    454.6  0.00 | -1.0  0.0 0   0   0  0  1  0
  - 2.95s  --------    0  n   Y  1.00  3.50 1.00 -  |   466.6    455.1  0.00 | -1.0  0.0 0   0   0  0  1  0
  - 2.85s  --------    0  n   Y  1.00  3.60 1.00 -  |   466.5    455.5  0.00 | -1.0  0.0 0   0   0  0  1  0
  - 2.75s  --------    0  n   Y  1.00  3.70 1.00 -  |   466.4    456.0  0.00 | -1.0  0.0 0   0   0  0  1  0
  - 2.64s  --------    0  n   Y  1.00  3.81 1.00 -  |   466.3    456.4  0.00 | -1.0  0.0 0   0   0  0  1  0
  - 2.54s  --------    0  Y   Y  1.00  3.91 1.00 -  |   466.1    457.1  0.00 | -1.0  0.0 0   0   0  0  1  0
  - 2.44s  --------    0  Y   Y  1.00  4.01 1.00 -  |   466.0    457.8  0.00 | -1.0  0.0 0   0   0  0  1  0
  - 2.33s  --------    0  Y   Y  1.00  4.12 1.00 -  |   465.9    458.5  0.00 | -1.0  0.0 0   0   0  0  1  0
  - 2.23s  --------    0  Y   Y  1.00  4.22 1.00 -  |   465.8    458.8  0.00 | -1.0  0.0 0   0   0  0  0  0
  - 2.13s  --------    0  n   Y  1.00  4.32 1.00 -  |   465.8    459.0  0.00 | -1.0  0.0 0   0   0  1  1  0
  - 2.03s  --------    0  n   Y  1.00  4.42 1.00 -  |   465.7    459.3  0.00 | -1.0  0.0 0   0   0  0  1  0
  - 1.92s  --------    0  n   Y  1.00  4.53 1.00 -  |   465.6    459.7  0.00 | -1.0  0.0 0   0   0  0  1  0
  - 1.82s  --D-----    0  n   Y  1.00  4.63 1.00 T  |   465.6    459.8  2.24 |  0.0  0.0 0   0   0  0  1  1
  - 1.71s  --D-----    0  n   Y  1.00  0.23 1.00 -  |   465.5    460.2  5.05 | -1.0  0.0 0   0   0  0  1  0
  - 1.61s  --D-----    0  n   Y  1.00  0.36 1.00 -  |   465.3    460.8  6.78 | -1.0  0.0 0   0   0  0  1  0
  - 1.50s  --D-----    0  n   Y  1.00  0.49 1.00 -  |   465.1    461.5  7.85 | -1.0  0.0 0   0   0  0  1  0
  - 1.40s  --D-----    0  n   Y  1.00  0.62 1.00 -  |   464.8    462.2  7.43 | -1.0  0.0 0   0   0  0  1  0
  - 1.30s  --D-----    0  n   Y  1.00  0.75 1.00 -  |   464.6    462.9  5.96 | -1.0  0.0 0   0   0  0  1  0
  - 1.20s  --------    0  n   Y  1.00  0.88 1.00 T  |   464.5    463.3  0.00 | -1.0  0.0 0   0   0  0  1  0
  - 1.09s  --------    0  n   Y  1.00  1.01 1.00 T  |   464.5    463.5  0.00 | -1.0  0.0 0   0   0  0  1  0
  - 0.99s  --------    0  n   Y  1.00  1.13 1.00 T  |   464.4    463.8  0.00 | -1.0  0.0 0   0   0  0  1  0
  - 0.89s  --------    0  Y   Y  1.00  0.32 1.00 -  |   464.4    464.1  0.00 | -1.0  0.0 0   0   0  0  1  0
  - 0.79s  --------    0  Y   Y  1.00  0.42 1.00 -  |   464.2    464.8  0.00 | -1.0  0.0 0   0   0  0  1  0
  - 0.68s  --------    0  Y   Y  1.00  0.53 1.00 -  |   464.1    465.6  0.00 | -1.0  0.0 0   0   0  0  1  0
  - 0.58s  --------    0  Y   Y  1.00  0.63 1.00 -  |   463.9    466.3  0.00 | -1.0  0.0 0   0   0  0  1  0
  - 0.48s  --------    0  Y   Y  1.00  0.73 1.00 -  |   463.8    467.0  0.00 | -1.0  0.0 0   0   0  0  1  0
  - 0.37s  --------    0  Y   Y  1.00  0.84 1.00 -  |   463.6    467.7  0.00 |  0.0  0.0 0   0   0  0  1  0
  - 0.27s  --------    0  Y   Y  1.00  0.94 1.00 -  |   463.6    467.9  0.00 |  1.0  0.0 0   0   0  0  1  0
  - 0.17s  --------    0  Y   Y  1.00  1.04 1.00 -  |   463.7    467.3  0.00 |  1.0  0.0 0   0   0  0  0  0
  - 0.06s  --------    0  Y   Y  1.00  1.15 1.00 -  |   463.8    467.1  0.00 |  1.0  0.0 0   0   0  0  0  0
=========================================================== END

[ 15288   91.585 x1.00] LOG  [OniBoss:Layer] step-in: 'Club_Swing' closed 0.32m, Yoru now 3.0m away (range 3.5)
[ 15333   91.840 x1.00] LOG  🐾 4-LEG JUMP #0
[ 15333   91.840 x1.00] LOG  🐾 Jump 1 VFX spawned!
[ 15384   92.139 x1.00] LOG  🐾 4-LEG JUMP #1
[ 15384   92.139 x1.00] LOG  🐾 Jump 2 VFX spawned!
[ 15386   92.151 x1.00] LOG  [CameraGameFeel] Shake: intensity=0.20 duration=0.250s
[ 15386   92.151 x1.00] LOG  [Combat] Hit react: HitReact_Light_4Leg (0.5s)
[ 15386   92.151 x1.00] LOG  [CameraGameFeel] Shake: intensity=0.09 duration=0.150s
[ 15386   92.151 x1.00] LOG  [CameraGameFeel] FOV punch: player damage (-2.0°)
[ 15386   92.151 x1.00] LOG  [OniBoss] Hit player for 16 (Club_Swing)
[ 15386   92.151 x1.00] LOG  [AirPosePin] engaged, holding body at 0.762m above the transform
[ 15470   92.647 x1.00] LOG  [OniBoss] Attack → Recovery
[ 15470   92.647 x1.00] LOG  [OniBoss] Playing animation: Watch
[ 15470   92.647 x1.00] LOG  [OniBoss:Strike] Club_Swing: club tip closest to Yoru at 2.85m, clip position 0.86 | damage fires at 0.55 | clip 1.13s => damage fires 354 ms BEFORE the club is closest
[ 15471   92.653 x1.00] LOG  [AirPosePin] released, peak correction was 0.175m
[ 15496   92.799 x1.00] LOG  [OniBoss] Recovery → Attack
[ 15496   92.799 x1.00] LOG  [OniBoss] Attack: ClubSwing2 (16 dmg)
[ 15550   93.102 x1.00] LOG  💨 Landing VFX spawned!
[ 15550   93.102 x1.00] LOG  ✅ LANDED! (was jump #2)
[ 15587   93.310 x1.00] LOG  [CameraGameFeel] Shake: intensity=0.20 duration=0.250s
[ 15587   93.310 x1.00] LOG  [Combat] Hit react: HitReact_Light_2Leg (0.5s)
[ 15587   93.310 x1.00] LOG  [CameraGameFeel] Shake: intensity=0.09 duration=0.150s
[ 15587   93.310 x1.00] LOG  [CameraGameFeel] FOV punch: player damage (-2.0°)
[ 15587   93.310 x1.00] LOG  [OniBoss] Hit player for 16 (ClubSwing2)
[ 15587   93.310 x1.00] LOG  [AirPosePin] engaged, holding body at 0.631m above the transform
[ 15610   93.442 x1.00] LOG  [AirPosePin] released, peak correction was 0.020m
[ 15757   94.314 x1.00] LOG  🐾 4-LEG JUMP #0
[ 15757   94.314 x1.00] LOG  🐾 Jump 1 VFX spawned!
[ 15766   94.368 x1.00] LOG  [OniBoss] Attack → Recovery
[ 15766   94.368 x1.00] LOG  [OniBoss] Playing animation: Watch
[ 15766   94.368 x1.00] LOG  [OniBoss:Strike] ClubSwing2: club tip closest to Yoru at 2.68m, clip position 0.29 | damage fires at 0.32 | clip 1.58s => damage fires 51 ms AFTER the club is closest — it lands once the club has passed her
[ 15791   94.522 x1.00] LOG  [OniBoss] Recovery → Attack
[ 15791   94.522 x1.00] LOG  [OniBoss] Attack: ClubSlam (20 dmg)
[ 15815   94.669 x1.00] LOG  🐾 4-LEG JUMP #1
[ 15815   94.669 x1.00] LOG  🐾 Jump 2 VFX spawned!
[ 15837   94.801 x1.00] LOG  [OniBoss:Layer] step-in: 'ClubSlam' closed 0.03m, Yoru now 3.0m away (range 3.5)
[ 15843   94.840 x1.00] LOG  [OniBoss:Layer] step-in: 'ClubSlam' closed 0.10m, Yoru now 3.0m away (range 3.5)
[ 15846   94.858 x1.00] LOG  [OniBoss:Layer] step-in: 'ClubSlam' closed 0.17m, Yoru now 3.0m away (range 3.5)
[ 15849   94.876 x1.00] LOG  [OniBoss:Layer] step-in: 'ClubSlam' closed 0.25m, Yoru now 3.0m away (range 3.5)
[ 15852   94.894 x1.00] LOG  [OniBoss:Layer] step-in: 'ClubSlam' closed 0.32m, Yoru now 3.0m away (range 3.5)
[ 15873   95.021 x1.00] LOG  🐾 4-LEG JUMP #2
[ 15873   95.021 x1.00] LOG  🐾 Jump 3 VFX spawned!
[ 15873   95.021 x1.00] LOG  🚫 Max jumps reached!
[ 15898   95.180 x1.00] LOG  [CameraGameFeel] Shake: intensity=0.50 duration=0.400s
[ 15898   95.180 x1.00] LOG  [OniBoss] Attack missed, player out of range (5.5m > 3.5m)
[ 15973   95.623 x1.00] LOG  
==================== [FREEZE-DEBUG v3] ====================
  Reason : WASD-NOMOVE: WASD recent + speed 0.00m/s for 0.40s
  Time   : 92.600s   Frame: 15973   Snaps: 60
===========================================================

--- CURRENT STATE ---
  Flags: atk=False hvy=False dod=False dsh=False
         grd=False hit=False aerial=False lockPos=False
         comboStep=0
  Anim : speed=1.00  combatLayer hash=-792875657 normT=1.805 weight=1.00 inTransition=False
  CC   : grounded=False  enabled=True  pos=(463.80, 3.81, 457.72)  vel=(0.00, -4.35, 0.00)
  Move : IsRunning=False
  Input: H=0.00 V=0.00  LMB=False MMB=False Q=False Sp=False Sh=True C=False
         WASD pressed in last 0.5s: True (last 0.39s ago)

--- FLIGHT RECORDER (60 snapshots, oldest first, dt=0.10s) ---
  Legend: flags = A(tk) H(vy) D(od) S(sh) G(rd) R(eact) Y(aerial) L(ock)   gnd/cc: Y/n
  t-now    flags     step gnd cc anSp normT layW tr | posX     posZ     spd   | H    V    LMB MMB Q  Sp Sh C
  ------   --------  ---- --- -- ---- ----- ---- -- | -----    -----    ----  | ---- ---- --- --- -- -- -- -
  - 6.19s  --------    0  n   Y  1.00  4.32 1.00 -  |   465.8    459.0  0.00 | -1.0  0.0 0   0   0  1  1  0
  - 6.09s  --------    0  n   Y  1.00  4.42 1.00 -  |   465.7    459.3  0.00 | -1.0  0.0 0   0   0  0  1  0
  - 5.98s  --------    0  n   Y  1.00  4.53 1.00 -  |   465.6    459.7  0.00 | -1.0  0.0 0   0   0  0  1  0
  - 5.88s  --D-----    0  n   Y  1.00  4.63 1.00 T  |   465.6    459.8  2.24 |  0.0  0.0 0   0   0  0  1  1
  - 5.77s  --D-----    0  n   Y  1.00  0.23 1.00 -  |   465.5    460.2  5.05 | -1.0  0.0 0   0   0  0  1  0
  - 5.67s  --D-----    0  n   Y  1.00  0.36 1.00 -  |   465.3    460.8  6.78 | -1.0  0.0 0   0   0  0  1  0
  - 5.56s  --D-----    0  n   Y  1.00  0.49 1.00 -  |   465.1    461.5  7.85 | -1.0  0.0 0   0   0  0  1  0
  - 5.46s  --D-----    0  n   Y  1.00  0.62 1.00 -  |   464.8    462.2  7.43 | -1.0  0.0 0   0   0  0  1  0
  - 5.35s  --D-----    0  n   Y  1.00  0.75 1.00 -  |   464.6    462.9  5.96 | -1.0  0.0 0   0   0  0  1  0
  - 5.25s  --------    0  n   Y  1.00  0.88 1.00 T  |   464.5    463.3  0.00 | -1.0  0.0 0   0   0  0  1  0
  - 5.15s  --------    0  n   Y  1.00  1.01 1.00 T  |   464.5    463.5  0.00 | -1.0  0.0 0   0   0  0  1  0
  - 5.05s  --------    0  n   Y  1.00  1.13 1.00 T  |   464.4    463.8  0.00 | -1.0  0.0 0   0   0  0  1  0
  - 4.95s  --------    0  Y   Y  1.00  0.32 1.00 -  |   464.4    464.1  0.00 | -1.0  0.0 0   0   0  0  1  0
  - 4.84s  --------    0  Y   Y  1.00  0.42 1.00 -  |   464.2    464.8  0.00 | -1.0  0.0 0   0   0  0  1  0
  - 4.74s  --------    0  Y   Y  1.00  0.53 1.00 -  |   464.1    465.6  0.00 | -1.0  0.0 0   0   0  0  1  0
  - 4.64s  --------    0  Y   Y  1.00  0.63 1.00 -  |   463.9    466.3  0.00 | -1.0  0.0 0   0   0  0  1  0
  - 4.53s  --------    0  Y   Y  1.00  0.73 1.00 -  |   463.8    467.0  0.00 | -1.0  0.0 0   0   0  0  1  0
  - 4.43s  --------    0  Y   Y  1.00  0.84 1.00 -  |   463.6    467.7  0.00 |  0.0  0.0 0   0   0  0  1  0
  - 4.33s  --------    0  Y   Y  1.00  0.94 1.00 -  |   463.6    467.9  0.00 |  1.0  0.0 0   0   0  0  1  0
  - 4.23s  --------    0  Y   Y  1.00  1.04 1.00 -  |   463.7    467.3  0.00 |  1.0  0.0 0   0   0  0  0  0
  - 4.12s  --------    0  Y   Y  1.00  1.15 1.00 -  |   463.8    467.1  0.00 |  1.0  0.0 0   0   0  0  0  0
  - 4.02s  --------    0  Y   Y  1.00  1.25 1.00 -  |   463.8    466.9  0.00 |  1.0  0.0 0   0   0  0  0  0
  - 3.92s  --------    0  Y   Y  1.00  1.35 1.00 -  |   463.8    466.7  0.00 |  1.0  0.0 0   0   0  0  0  0
  - 3.82s  --------    0  Y   Y  1.00  1.45 1.00 -  |   463.9    466.1  0.00 |  1.0  0.0 0   0   0  0  1  0
  - 3.71s  --------    0  n   Y  1.00  1.55 1.00 -  |   464.0    465.9  0.00 |  1.0  0.0 0   0   0  1  1  0
  - 3.61s  --------    0  n   Y  1.00  1.66 1.00 -  |   463.9    465.9  0.00 |  1.0  0.0 0   0   0  0  1  0
  - 3.51s  --------    0  n   Y  1.00  1.76 1.00 -  |   463.9    465.9  0.00 |  1.0  0.0 0   0   0  0  1  0
  - 3.40s  -----R--    0  n   Y  1.00  0.03 1.00 -  |   463.8    465.9  0.00 |  1.0  0.0 0   0   0  1  1  0
  - 3.30s  -----R--    0  n   Y  1.00  0.08 1.00 -  |   463.7    465.9  0.00 |  1.0  0.0 0   0   0  0  1  0
  - 3.19s  -----R--    0  n   Y  1.00  0.14 1.00 -  |   463.6    465.8  0.00 |  1.0  0.0 0   0   0  0  1  0
  - 3.09s  -----R--    0  n   Y  1.00  0.19 1.00 -  |   463.5    465.8  0.00 |  1.0  0.0 0   0   0  1  1  0
  - 2.99s  -----R--    0  n   Y  1.00  0.24 1.00 -  |   463.4    465.7  0.00 |  1.0  0.0 0   0   0  0  1  0
  - 2.88s  --------    0  n   Y  1.00  0.30 1.00 T  |   463.2    465.5  0.00 |  0.0  0.0 0   0   0  0  1  0
  - 2.78s  --------    0  n   Y  1.00  0.19 1.00 -  |   463.0    465.4  0.00 |  0.0  0.0 0   0   0  0  1  0
  - 2.68s  --------    0  n   Y  1.00  0.29 1.00 -  |   462.9    465.1  0.00 |  0.0  0.0 0   0   0  0  1  0
  - 2.57s  --------    0  n   Y  1.00  0.39 1.00 -  |   462.7    464.8  0.00 |  0.0  0.0 0   0   0  0  1  0
  - 2.47s  --------    0  Y   Y  1.00  0.49 1.00 -  |   462.6    464.6  0.00 |  0.0  0.0 0   0   0  0  1  0
  - 2.37s  --------    0  Y   Y  1.00  0.59 1.00 -  |   462.6    464.6  0.00 |  0.0  0.0 0   0   0  0  1  0
  - 2.27s  -----R--    0  n   Y  1.00  0.03 1.00 -  |   462.6    464.6  0.00 |  0.0  0.0 0   0   0  0  1  0
  - 2.16s  -----R--    0  Y   Y  1.00  0.12 1.00 -  |   462.6    464.5  0.00 |  0.0  0.0 0   0   0  0  1  0
  - 2.06s  -----R--    0  Y   Y  1.00  0.20 1.00 -  |   462.6    464.5  0.00 |  0.0  0.0 0   0   0  0  1  0
  - 1.96s  -----R--    0  Y   Y  1.00  0.29 1.00 -  |   462.6    464.5  0.00 |  0.0  0.0 0   0   0  0  1  0
  - 1.86s  -----R--    0  Y   Y  1.00  0.37 1.00 -  |   462.6    464.5  0.00 |  0.0  0.0 0   0   0  0  0  0
  - 1.76s  --------    0  Y   Y  1.00  0.46 1.00 T  |   462.6    464.5  0.00 |  0.0  0.0 0   0   0  0  0  0
  - 1.65s  --------    0  Y   Y  1.00  0.15 1.00 -  |   462.6    464.5  0.00 |  0.0  0.0 0   0   0  0  0  0
  - 1.55s  --------    0  Y   Y  1.00  0.26 1.00 -  |   462.6    464.5  0.00 |  1.0  0.0 0   0   0  0  0  0
  - 1.44s  --------    0  Y   Y  1.00  0.36 1.00 -  |   462.6    464.3  0.00 |  1.0  0.0 0   0   0  0  0  0
  - 1.34s  --------    0  Y   Y  1.00  0.46 1.00 -  |   462.6    463.9  0.00 |  1.0  0.0 0   0   0  0  1  0
  - 1.24s  --------    0  n   Y  1.00  0.57 1.00 -  |   462.7    463.2  0.00 |  1.0  0.0 0   0   0  1  1  0
  - 1.13s  --------    0  n   Y  1.00  0.67 1.00 -  |   462.8    462.8  0.00 |  1.0  0.0 0   0   0  1  1  0
  - 1.03s  --------    0  n   Y  1.00  0.78 1.00 -  |   462.9    462.3  0.00 |  1.0  0.0 0   0   0  0  1  0
  - 0.92s  --------    0  n   Y  1.00  0.88 1.00 -  |   463.0    461.9  0.00 |  1.0  0.0 0   0   0  1  1  0
  - 0.82s  --------    0  n   Y  1.00  0.98 1.00 -  |   463.1    461.3  0.00 |  1.0  0.0 0   0   0  1  1  0
  - 0.72s  --------    0  n   Y  1.00  1.09 1.00 -  |   463.2    460.9  0.00 |  1.0  0.0 0   0   0  0  1  0
  - 0.61s  --------    0  n   Y  1.00  1.19 1.00 -  |   463.3    460.5  0.00 |  1.0  0.0 0   0   0  0  1  0
  - 0.51s  --------    0  n   Y  1.00  1.29 1.00 -  |   463.3    460.0  0.00 |  1.0  0.0 0   0   0  1  1  0
  - 0.41s  --------    0  n   Y  1.00  1.40 1.00 -  |   463.4    459.6  0.00 |  1.0  0.0 0   0   0  1  1  0
  - 0.30s  --------    0  n   Y  1.00  1.50 1.00 -  |   463.5    459.0  0.00 |  0.0  0.0 0   0   0  0  1  0
  - 0.20s  --------    0  n   Y  1.00  1.61 1.00 -  |   463.6    458.6  0.00 |  0.0  0.0 0   0   0  0  1  0
  - 0.09s  --------    0  n   Y  1.00  1.71 1.00 -  |   463.7    458.2  0.00 |  0.0  0.0 0   0   0  0  1  0
=========================================================== END

[ 15991   95.728 x1.00] LOG  [StormWeather] ⚡ strike at (478.47, 45.00, 437.82)
[ 15998   95.770 x1.00] LOG  [OniBoss] Attack → Recovery
[ 15998   95.770 x1.00] LOG  [OniBoss] Playing animation: Watch
[ 15998   95.770 x1.00] LOG  [OniBoss:Strike] ClubSlam: club tip closest to Yoru at 4.19m, clip position 0.34 | damage fires at 0.52 | clip 1.25s => damage fires 231 ms AFTER the club is closest — it lands once the club has passed her
[ 16023   95.922 x1.00] LOG  [OniBoss] Recovery → Chase
[ 16024   95.928 x1.00] LOG  [OniBoss] Playing animation: run
[ 16045   96.044 x1.00] LOG  💨 Landing VFX spawned!
[ 16045   96.044 x1.00] LOG  ✅ LANDED! (was jump #3)
[ 16066   96.159 x1.00] LOG  🚶 2-LEG JUMP
[ 16066   96.159 x1.00] LOG  🐾 Jump 1 VFX spawned!
[ 16224   97.085 x1.00] LOG  💨 Landing VFX spawned!
[ 16224   97.085 x1.00] LOG  ✅ LANDED! (was jump #1)
[ 16228   97.108 x1.00] LOG  [OniBoss] hold-ground: BACKSTEP 1.5m (player 3.5m)
[ 16363   97.861 x1.00] LOG  [OniBoss] hold-ground: backstep done (1.20m), WATCH (player 4.3m, cooldown 0.1s)
[ 16363   97.861 x1.00] LOG  [OniBoss] Playing animation: Watch
[ 16375   97.925 x1.00] LOG  [OniBoss] Pull-band decision: RUN-IN (dist 4.8m, pullRange 0m, chance 0.70)
[ 16375   97.925 x1.00] LOG  [OniBoss] Playing animation: run
[ 16419   98.179 x1.00] LOG  🐾 4-LEG JUMP #0
[ 16419   98.179 x1.00] LOG  🐾 Jump 1 VFX spawned!
[ 16477   98.509 x1.00] LOG  🐾 4-LEG JUMP #1
[ 16477   98.509 x1.00] LOG  🐾 Jump 2 VFX spawned!
[ 16530   98.816 x1.00] LOG  🐾 4-LEG JUMP #2
[ 16530   98.816 x1.00] LOG  🐾 Jump 3 VFX spawned!
[ 16530   98.816 x1.00] LOG  🚫 Max jumps reached!
[ 16698   99.803 x1.00] LOG  💨 Landing VFX spawned!
[ 16698   99.803 x1.00] LOG  ✅ LANDED! (was jump #3)
[ 16720   99.927 x1.00] LOG  🚶 2-LEG JUMP
[ 16720   99.927 x1.00] LOG  🐾 Jump 1 VFX spawned!
[ 16742  100.055 x1.00] LOG  [OniBoss] Playing animation: Watch
[ 16742  100.055 x1.00] LOG  [OniBoss] Chase → Attack
[ 16742  100.055 x1.00] LOG  [OniBoss] Attack: ClubSwing2 (16 dmg)
[ 16757  100.145 x1.00] LOG  [OniBoss:Layer] step-in: 'ClubSwing2' closed 0.44m, Yoru now 3.0m away (range 3.5)
[ 16760  100.164 x1.00] LOG  [OniBoss:Layer] step-in: 'ClubSwing2' closed 0.45m, Yoru now 3.0m away (range 3.5)
[ 16763  100.181 x1.00] LOG  [OniBoss:Layer] step-in: 'ClubSwing2' closed 0.46m, Yoru now 3.0m away (range 3.5)
[ 16767  100.204 x1.00] LOG  [OniBoss:Layer] step-in: 'ClubSwing2' closed 0.47m, Yoru now 3.0m away (range 3.5)
[ 16770  100.221 x1.00] LOG  [OniBoss:Layer] step-in: 'ClubSwing2' closed 0.48m, Yoru now 3.0m away (range 3.5)
[ 16774  100.244 x1.00] LOG  [OniBoss:Layer] step-in: 'ClubSwing2' closed 0.49m, Yoru now 3.0m away (range 3.5)
[ 16777  100.261 x1.00] LOG  [OniBoss:Layer] step-in: 'ClubSwing2' closed 0.49m, Yoru now 3.0m away (range 3.5)
[ 16781  100.284 x1.00] LOG  [OniBoss:Layer] step-in: 'ClubSwing2' closed 0.50m, Yoru now 3.0m away (range 3.5)
[ 16784  100.303 x1.00] LOG  [OniBoss:Layer] step-in: 'ClubSwing2' closed 0.51m, Yoru now 3.0m away (range 3.5)
[ 16787  100.323 x1.00] LOG  [OniBoss:Layer] step-in: 'ClubSwing2' closed 0.52m, Yoru now 3.0m away (range 3.5)
[ 16791  100.346 x1.00] LOG  [OniBoss:Layer] step-in: 'ClubSwing2' closed 0.53m, Yoru now 3.0m away (range 3.5)
[ 16794  100.363 x1.00] LOG  [OniBoss:Layer] step-in: 'ClubSwing2' closed 0.54m, Yoru now 3.0m away (range 3.5)
[ 16798  100.386 x1.00] LOG  [OniBoss:Layer] step-in: 'ClubSwing2' closed 0.55m, Yoru now 3.0m away (range 3.5)
[ 16801  100.403 x1.00] LOG  [OniBoss:Layer] step-in: 'ClubSwing2' closed 0.56m, Yoru now 3.0m away (range 3.5)
[ 16805  100.426 x1.00] LOG  [OniBoss:Layer] step-in: 'ClubSwing2' closed 0.57m, Yoru now 3.0m away (range 3.5)
[ 16808  100.444 x1.00] LOG  [OniBoss:Layer] step-in: 'ClubSwing2' closed 0.58m, Yoru now 3.0m away (range 3.5)
[ 16811  100.461 x1.00] LOG  [OniBoss:Layer] step-in: 'ClubSwing2' closed 0.58m, Yoru now 3.0m away (range 3.5)
[ 16815  100.484 x1.00] LOG  [OniBoss:Layer] step-in: 'ClubSwing2' closed 0.59m, Yoru now 3.0m away (range 3.5)
[ 16818  100.501 x1.00] LOG  [OniBoss:Layer] step-in: 'ClubSwing2' closed 0.60m, Yoru now 3.0m away (range 3.5)
[ 16821  100.521 x1.00] LOG  [OniBoss:Layer] step-in: 'ClubSwing2' closed 0.61m, Yoru now 3.0m away (range 3.5)
[ 16829  100.567 x1.00] LOG  [CameraGameFeel] Shake: intensity=0.20 duration=0.250s
[ 16829  100.567 x1.00] LOG  [Combat] Hit react: HitReact_Light_2Leg (0.5s)
[ 16829  100.567 x1.00] LOG  [CameraGameFeel] Shake: intensity=0.09 duration=0.150s
[ 16829  100.567 x1.00] LOG  [CameraGameFeel] FOV punch: player damage (-2.0°)
[ 16829  100.567 x1.00] LOG  [OniBoss] Hit player for 16 (ClubSwing2)
[ 16829  100.567 x1.00] LOG  [AirPosePin] engaged, holding body at 2.056m above the transform
[ 16880  100.867 x1.00] LOG  💨 Landing VFX spawned!
[ 16880  100.867 x1.00] LOG  [AirPosePin] released, peak correction was 1.426m
[ 16916  101.071 x1.00] LOG  ✅ LANDED! (was jump #0)
[ 16969  101.369 x1.00] LOG  🚶 2-LEG JUMP
[ 16969  101.369 x1.00] LOG  🐾 Jump 1 VFX spawned!
[ 16983  101.452 x1.00] LOG  [Combat] Dodge: Dodge_4Leg (4m, 4leg)
[ 16983  101.452 x1.00] LOG  [AirPosePin] engaged, holding body at 0.629m above the transform
[ 17012  101.625 x1.00] LOG  [OniBoss] Attack → Recovery
[ 17012  101.625 x1.00] LOG  [OniBoss] Playing animation: Watch
[ 17012  101.625 x1.00] LOG  [OniBoss:Strike] ClubSwing2: club tip closest to Yoru at 2.01m, clip position 0.29 | damage fires at 0.32 | clip 1.58s => damage fires 52 ms AFTER the club is closest — it lands once the club has passed her
[ 17039  101.780 x1.00] LOG  [OniBoss] Recovery → Chase
[ 17040  101.786 x1.00] LOG  [OniBoss] hold-ground: BACKSTEP 1.5m (player 2.0m)
[ 17070  101.958 x1.00] LOG  [StormWeather] ⚡ strike at (485.78, 45.00, 442.77)
[ 17108  102.185 x1.00] LOG  [AirPosePin] released, peak correction was -1.149m
[ 17109  102.191 x1.00] LOG  [AirPosePin] engaged, holding body at 1.704m above the transform
[ 17110  102.197 x1.00] LOG  [AirPosePin] released, peak correction was 0.000m
[ 17111  102.203 x1.00] LOG  [AirPosePin] engaged, holding body at 1.621m above the transform
[ 17112  102.209 x1.00] LOG  [AirPosePin] released, peak correction was 0.000m
[ 17113  102.215 x1.00] LOG  [AirPosePin] engaged, holding body at 1.546m above the transform
[ 17114  102.221 x1.00] LOG  [AirPosePin] released, peak correction was 0.000m
[ 17115  102.227 x1.00] LOG  [AirPosePin] engaged, holding body at 1.488m above the transform
[ 17116  102.233 x1.00] LOG  [AirPosePin] released, peak correction was 0.000m
[ 17117  102.238 x1.00] LOG  [AirPosePin] engaged, holding body at 1.448m above the transform
[ 17118  102.244 x1.00] LOG  [AirPosePin] released, peak correction was 0.000m
[ 17119  102.250 x1.00] LOG  [AirPosePin] engaged, holding body at 1.409m above the transform
[ 17120  102.255 x1.00] LOG  [AirPosePin] released, peak correction was 0.000m
[ 17121  102.261 x1.00] LOG  [Combat] Dodge ended
[ 17125  102.283 x1.00] LOG  ✅ LANDED! (was jump #0)
[ 17181  102.602 x1.00] LOG  🚶 2-LEG JUMP
[ 17181  102.602 x1.00] LOG  🐾 Jump 1 VFX spawned!
[ 17203  102.729 x1.00] LOG  [OniBoss] hold-ground: backstep done (1.51m), WATCH (player 2.8m, cooldown 1.1s)
[ 17203  102.729 x1.00] LOG  [OniBoss] Playing animation: Watch
[ 17344  103.543 x1.00] LOG  💨 Landing VFX spawned!
[ 17344  103.543 x1.00] LOG  ✅ LANDED! (was jump #1)
[ 17388  103.782 x1.00] LOG  [OniBoss] Combo started: ClubSwing1 → ClubSwing2 → ClubSlam (3 steps remaining)
[ 17388  103.782 x1.00] LOG  [OniBoss] Chase → Attack
[ 17388  103.782 x1.00] LOG  [OniBoss] Attack: Club_Swing (16 dmg)
[ 17497  104.414 x1.00] LOG  [CameraGameFeel] Shake: intensity=0.20 duration=0.250s
[ 17497  104.414 x1.00] LOG  [Combat] Hit react: HitReact_Light_2Leg (0.5s)
[ 17497  104.414 x1.00] LOG  [CameraGameFeel] Shake: intensity=0.09 duration=0.150s
[ 17497  104.414 x1.00] LOG  [CameraGameFeel] FOV punch: player damage (-2.0°)
[ 17497  104.414 x1.00] LOG  [OniBoss] Hit player for 16 (Club_Swing)
[ 17497  104.414 x1.00] LOG  [AirPosePin] engaged, holding body at 0.634m above the transform
[ 17516  104.523 x1.00] LOG  [AirPosePin] released, peak correction was 0.023m
[ 17517  104.529 x1.00] LOG  [AirPosePin] engaged, holding body at 0.611m above the transform
[ 17520  104.546 x1.00] LOG  [AirPosePin] released, peak correction was -0.001m
[ 17582  104.896 x1.00] LOG  
==================== [FREEZE-DEBUG v3] ====================
  Reason : WASD-NOMOVE: WASD recent + speed 0.00m/s for 0.40s
  Time   : 101.873s   Frame: 17582   Snaps: 60
===========================================================

--- CURRENT STATE ---
  Flags: atk=False hvy=False dod=False dsh=False
         grd=False hit=True aerial=False lockPos=False
         comboStep=0
  Anim : speed=1.00  combatLayer hash=-900461460 normT=0.394 weight=1.00 inTransition=False
  CC   : grounded=True  enabled=True  pos=(466.08, -0.01, 446.43)  vel=(0.00, 0.00, 0.00)
  Move : IsRunning=False
  Input: H=1.00 V=0.00  LMB=False MMB=False Q=False Sp=False Sh=False C=False
         WASD pressed in last 0.5s: True (last 0.00s ago)

--- FLIGHT RECORDER (60 snapshots, oldest first, dt=0.10s) ---
  Legend: flags = A(tk) H(vy) D(od) S(sh) G(rd) R(eact) Y(aerial) L(ock)   gnd/cc: Y/n
  t-now    flags     step gnd cc anSp normT layW tr | posX     posZ     spd   | H    V    LMB MMB Q  Sp Sh C
  ------   --------  ---- --- -- ---- ----- ---- -- | -----    -----    ----  | ---- ---- --- --- -- -- -- -
  - 6.08s  --------    0  n   Y  1.00  5.00 1.00 -  |   465.6    448.6  0.00 |  1.0  0.0 0   0   0  1  1  0
  - 5.98s  --------    0  n   Y  1.00  5.10 1.00 -  |   465.7    448.2  0.00 |  1.0  0.0 0   0   0  1  1  0
  - 5.88s  --------    0  n   Y  1.00  5.20 1.00 -  |   465.8    447.7  0.00 |  0.0  0.0 0   0   0  0  1  0
  - 5.77s  --------    0  n   Y  1.00  5.31 1.00 -  |   465.9    447.2  0.00 |  0.0  0.0 0   0   0  0  1  0
  - 5.67s  --------    0  n   Y  1.00  5.41 1.00 -  |   466.0    446.8  0.00 |  0.0  0.0 0   0   0  0  1  1
  - 5.56s  --------    0  n   Y  1.00  5.51 1.00 -  |   466.1    446.3  0.00 |  0.0  0.0 0   0   0  0  1  1
  - 5.46s  --------    0  n   Y  1.00  5.62 1.00 -  |   466.1    445.9  0.00 |  0.0  0.0 0   0   0  0  1  0
  - 5.36s  --------    0  n   Y  1.00  5.72 1.00 -  |   466.2    445.4  0.00 |  0.0  0.0 0   0   0  0  1  0
  - 5.26s  --------    0  n   Y  1.00  5.82 1.00 -  |   466.3    445.0  0.00 |  0.0  0.0 0   0   0  0  1  0
  - 5.16s  --------    0  n   Y  1.00  5.92 1.00 -  |   466.4    444.5  0.00 |  0.0  0.0 0   0   0  0  1  0
  - 5.05s  --------    0  Y   Y  1.00  6.02 1.00 -  |   466.5    444.2  0.00 |  0.0  0.0 0   0   0  0  1  0
  - 4.95s  --------    0  n   Y  1.00  6.13 1.00 -  |   466.5    444.2  0.00 |  0.0  0.0 0   0   0  1  1  0
  - 4.85s  --------    0  n   Y  1.00  6.23 1.00 -  |   466.5    444.1  0.00 |  0.0  0.0 0   0   0  1  1  0
  - 4.75s  --------    0  n   Y  1.00  6.33 1.00 -  |   466.5    444.1  0.00 |  0.0  0.0 0   0   0  0  1  0
  - 4.64s  --------    0  n   Y  1.00  6.44 1.00 -  |   466.5    444.1  0.00 |  0.0  0.0 0   0   0  0  1  0
  - 4.54s  --------    0  n   Y  1.00  6.54 1.00 -  |   466.5    444.0  0.00 |  0.0  0.0 0   0   0  1  1  0
  - 4.44s  --------    0  n   Y  1.00  6.64 1.00 -  |   466.5    444.0  0.00 |  0.0  0.0 0   0   0  0  1  0
  - 4.33s  --------    0  n   Y  1.00  6.74 1.00 -  |   466.5    443.9  0.00 |  0.0  0.0 0   0   0  0  1  0
  - 4.23s  -----R--    0  n   Y  1.00  0.08 1.00 -  |   466.5    444.3  2.70 |  0.0  0.0 0   0   0  0  1  0
  - 4.13s  -----R--    0  n   Y  1.00  0.16 1.00 -  |   466.5    444.3  0.00 |  0.0  0.0 0   0   0  0  1  1
  - 4.02s  -----R--    0  Y   Y  1.00  0.25 1.00 -  |   466.5    444.3  0.00 |  0.0  0.0 0   0   0  0  1  1
  - 3.92s  -----R--    0  Y   Y  1.00  0.33 1.00 -  |   466.5    444.3  0.00 |  0.0  0.0 0   0   0  0  1  1
  - 3.82s  --------    0  Y   Y  1.00  0.42 1.00 T  |   466.5    444.3  0.00 |  0.0  0.0 0   0   0  0  1  1
  - 3.72s  --------    0  Y   Y  1.00  0.10 1.00 -  |   466.5    444.3  0.00 |  0.0  0.0 0   0   0  0  1  1
  - 3.62s  --------    0  Y   Y  1.00  0.20 1.00 -  |   466.5    444.3  0.00 |  0.0  0.0 0   0   0  0  1  1
  - 3.51s  --------    0  n   Y  1.00  0.30 1.00 -  |   466.5    444.3  0.00 |  0.0  0.0 0   0   0  1  1  0
  - 3.41s  --D-----    0  n   Y  1.00  0.40 1.00 T  |   466.5    444.3  0.59 |  0.0  0.0 0   0   0  1  1  1
  - 3.31s  --D-----    0  n   Y  1.00  0.16 1.00 -  |   466.4    444.6  3.75 |  0.0  0.0 0   0   0  0  1  1
  - 3.21s  --D-----    0  n   Y  1.00  0.29 1.00 -  |   466.3    444.9  0.00 |  0.0  0.0 0   0   0  0  1  1
  - 3.10s  --D-----    0  n   Y  1.00  0.42 1.00 -  |   466.3    444.9  0.00 |  0.0  0.0 0   0   0  0  1  1
  - 3.00s  --D-----    0  n   Y  1.00  0.54 1.00 -  |   466.3    445.1  0.00 |  0.0  0.0 0   0   0  0  1  1
  - 2.90s  --D-----    0  n   Y  1.00  0.67 1.00 -  |   466.3    445.2  0.00 |  0.0  0.0 0   0   0  0  1  1
  - 2.80s  --D-----    0  n   Y  1.00  0.80 1.00 -  |   466.3    445.4  0.00 |  0.0  0.0 0   0   0  0  1  1
  - 2.70s  --D-----    0  n   Y  1.00  0.92 1.00 -  |   466.2    445.6  2.22 |  0.0  0.0 0   0   0  0  1  1
  - 2.60s  --------    0  Y   Y  1.00  1.05 1.00 T  |   466.2    445.6  0.00 |  0.0  0.0 0   0   0  0  1  1
  - 2.49s  --------    0  Y   Y  1.00  1.18 1.00 T  |   466.2    445.6  0.00 |  0.0  0.0 0   0   0  0  1  1
  - 2.39s  --------    0  Y   Y  1.00  1.31 1.00 T  |   466.2    445.6  0.00 |  0.0  0.0 0   0   0  0  1  1
  - 2.29s  --------    0  Y   Y  1.00  0.34 1.00 -  |   466.2    445.6  0.00 |  0.0  0.0 0   0   0  1  1  1
  - 2.19s  --------    0  n   Y  1.00  0.44 1.00 -  |   466.2    445.7  0.00 |  0.0  0.0 0   0   0  1  1  1
  - 2.08s  --------    0  n   Y  1.00  0.55 1.00 -  |   466.2    445.7  0.00 |  0.0  0.0 0   0   0  1  1  1
  - 1.98s  --------    0  n   Y  1.00  0.65 1.00 -  |   466.2    445.8  0.00 |  0.0  0.0 0   0   0  0  1  1
  - 1.88s  --------    0  n   Y  1.00  0.75 1.00 -  |   466.2    445.8  0.00 |  0.0  0.0 0   0   0  0  0  0
  - 1.78s  --------    0  n   Y  1.00  0.85 1.00 -  |   466.2    445.8  0.00 |  0.0  0.0 0   0   0  0  0  0
  - 1.67s  --------    0  n   Y  1.00  0.96 1.00 -  |   466.2    445.9  0.00 |  0.0  0.0 0   0   0  0  0  0
  - 1.57s  --------    0  n   Y  1.00  1.06 1.00 -  |   466.2    445.9  0.00 |  0.0  0.0 0   0   0  0  0  0
  - 1.47s  --------    0  n   Y  1.00  1.16 1.00 -  |   466.2    446.0  0.00 |  0.0  0.0 0   0   0  0  0  0
  - 1.36s  --------    0  n   Y  1.00  1.26 1.00 -  |   466.2    446.0  0.00 |  0.0  0.0 0   0   0  0  0  0
  - 1.26s  --------    0  Y   Y  1.00  1.37 1.00 -  |   466.2    446.0  0.00 |  0.0  0.0 0   0   0  0  0  0
  - 1.16s  --------    0  Y   Y  1.00  1.47 1.00 -  |   466.2    446.0  0.00 |  0.0  0.0 0   0   0  0  0  0
  - 1.06s  --------    0  Y   Y  1.00  1.57 1.00 -  |   466.2    446.0  0.00 |  0.0  0.0 0   0   0  0  0  0
  - 0.96s  --------    0  Y   Y  1.00  1.67 1.00 -  |   466.2    446.0  0.00 |  0.0  0.0 0   0   0  0  0  0
  - 0.85s  --------    0  Y   Y  1.00  1.78 1.00 -  |   466.2    446.0  0.00 |  0.0  0.0 0   0   0  0  0  0
  - 0.75s  --------    0  Y   Y  1.00  1.88 1.00 -  |   466.2    446.0  0.00 |  0.0  0.0 0   0   0  0  0  0
  - 0.65s  --------    0  Y   Y  1.00  1.98 1.00 -  |   466.2    446.0  0.00 |  0.0  0.0 0   0   0  0  0  0
  - 0.54s  --------    0  Y   Y  1.00  2.08 1.00 -  |   466.2    446.0  0.00 |  0.0  0.0 0   0   0  0  0  0
  - 0.44s  -----R--    0  n   Y  1.00  0.03 1.00 -  |   466.1    446.3  5.02 |  1.0  0.0 0   0   0  0  0  0
  - 0.34s  -----R--    0  Y   Y  1.00  0.11 1.00 -  |   466.1    446.4  0.00 |  1.0  0.0 0   0   0  0  0  0
  - 0.24s  -----R--    0  Y   Y  1.00  0.20 1.00 -  |   466.1    446.4  0.00 |  1.0  0.0 0   0   0  0  0  0
  - 0.13s  -----R--    0  Y   Y  1.00  0.29 1.00 -  |   466.1    446.4  0.00 |  1.0  0.0 0   0   0  0  0  0
  - 0.03s  -----R--    0  Y   Y  1.00  0.37 1.00 -  |   466.1    446.4  0.00 |  1.0  0.0 0   0   0  0  0  0
=========================================================== END

[ 17584  104.909 x1.00] LOG  [OniBoss] Attack → Recovery
[ 17584  104.909 x1.00] LOG  [OniBoss] Playing animation: Watch
[ 17584  104.909 x1.00] LOG  [OniBoss:Strike] Club_Swing: club tip closest to Yoru at 0.48m, clip position 0.91 | damage fires at 0.55 | clip 1.13s => damage fires 405 ms BEFORE the club is closest
[ 17609  105.062 x1.00] LOG  [OniBoss] Recovery → Attack
[ 17609  105.062 x1.00] LOG  [OniBoss] Attack: ClubSwing2 (16 dmg)
[ 17672  105.421 x1.00] LOG  [OniBoss:Layer] step-in: 'ClubSwing2' closed 0.02m, Yoru now 3.0m away (range 3.5)
[ 17699  105.573 x1.00] LOG  [CameraGameFeel] Shake: intensity=0.20 duration=0.250s
[ 17699  105.573 x1.00] LOG  [Combat] Hit react: HitReact_Light_2Leg (0.5s)
[ 17699  105.573 x1.00] LOG  [CameraGameFeel] Shake: intensity=0.09 duration=0.150s
[ 17699  105.573 x1.00] LOG  [CameraGameFeel] FOV punch: player damage (-2.0°)
[ 17699  105.573 x1.00] LOG  [OniBoss] Hit player for 16 (ClubSwing2)
[ 17699  105.573 x1.00] LOG  [AirPosePin] engaged, holding body at 0.608m above the transform
[ 17721  105.703 x1.00] LOG  [AirPosePin] released, peak correction was -0.003m
[ 17889  106.636 x1.00] LOG  [OniBoss] Attack → Recovery
[ 17889  106.636 x1.00] LOG  [OniBoss] Playing animation: Watch
[ 17889  106.636 x1.00] LOG  [OniBoss:Strike] ClubSwing2: club tip closest to Yoru at 0.48m, clip position 0.30 | damage fires at 0.32 | clip 1.58s => damage fires 33 ms AFTER the club is closest — it lands once the club has passed her
[ 17917  106.788 x1.00] LOG  [OniBoss] Recovery → Attack
[ 17917  106.788 x1.00] LOG  [OniBoss] Attack: ClubSlam (20 dmg)
[ 18018  107.299 x1.00] LOG  🐾 4-LEG JUMP #0
[ 18018  107.299 x1.00] LOG  🐾 Jump 1 VFX spawned!
[ 18046  107.447 x1.00] LOG  [CameraGameFeel] Shake: intensity=0.50 duration=0.400s
[ 18046  107.447 x1.00] LOG  [OniBoss] Attack missed, player out of range (9.0m > 3.5m)
[ 18076  107.607 x1.00] LOG  [StormWeather] ⚡ strike at (472.56, 45.00, 445.54)
[ 18110  107.796 x1.00] LOG  [Combat] Dodge: Dodge_4Leg (4m, 4leg)
[ 18110  107.796 x1.00] LOG  [AirPosePin] engaged, holding body at 2.133m above the transform
[ 18156  108.033 x1.00] LOG  [OniBoss] Attack → Recovery
[ 18156  108.033 x1.00] LOG  [OniBoss] Playing animation: Watch
[ 18156  108.033 x1.00] LOG  [OniBoss:Strike] ClubSlam: club tip closest to Yoru at 4.26m, clip position 0.46 | damage fires at 0.52 | clip 1.25s => damage fires 77 ms AFTER the club is closest — it lands once the club has passed her
[ 18186  108.186 x1.00] LOG  [OniBoss] Recovery → Chase
[ 18187  108.190 x1.00] LOG  [OniBoss] Playing animation: run
[ 18243  108.482 x1.00] LOG  [Combat] Dodge early exit at 85% (movement input)
[ 18243  108.482 x1.00] LOG  [Combat] Dodge ended
[ 18243  108.482 x1.00] LOG  [AirPosePin] released, peak correction was 0.107m
[ 18321  108.861 x1.00] LOG  💨 Landing VFX spawned!
[ 18321  108.861 x1.00] LOG  ✅ LANDED! (was jump #1)
[ 18329  108.901 x1.00] LOG  
==================== [FREEZE-DEBUG v3] ====================
  Reason : WASD-NOMOVE: WASD recent + speed 0.00m/s for 0.40s
  Time   : 105.878s   Frame: 18329   Snaps: 60
===========================================================

--- CURRENT STATE ---
  Flags: atk=False hvy=False dod=False dsh=False
         grd=False hit=False aerial=False lockPos=False
         comboStep=0
  Anim : speed=1.00  combatLayer hash=-792875657 normT=0.413 weight=1.00 inTransition=False
  CC   : grounded=True  enabled=True  pos=(468.51, -0.02, 431.28)  vel=(0.00, 0.00, 0.00)
  Move : IsRunning=True
  Input: H=1.00 V=0.00  LMB=False MMB=False Q=False Sp=False Sh=True C=False
         WASD pressed in last 0.5s: True (last 0.00s ago)

--- FLIGHT RECORDER (60 snapshots, oldest first, dt=0.10s) ---
  Legend: flags = A(tk) H(vy) D(od) S(sh) G(rd) R(eact) Y(aerial) L(ock)   gnd/cc: Y/n
  t-now    flags     step gnd cc anSp normT layW tr | posX     posZ     spd   | H    V    LMB MMB Q  Sp Sh C
  ------   --------  ---- --- -- ---- ----- ---- -- | -----    -----    ----  | ---- ---- --- --- -- -- -- -
  - 6.09s  --------    0  n   Y  1.00  0.55 1.00 -  |   466.2    445.7  0.00 |  0.0  0.0 0   0   0  1  1  1
  - 5.99s  --------    0  n   Y  1.00  0.65 1.00 -  |   466.2    445.8  0.00 |  0.0  0.0 0   0   0  0  1  1
  - 5.88s  --------    0  n   Y  1.00  0.75 1.00 -  |   466.2    445.8  0.00 |  0.0  0.0 0   0   0  0  0  0
  - 5.78s  --------    0  n   Y  1.00  0.85 1.00 -  |   466.2    445.8  0.00 |  0.0  0.0 0   0   0  0  0  0
  - 5.68s  --------    0  n   Y  1.00  0.96 1.00 -  |   466.2    445.9  0.00 |  0.0  0.0 0   0   0  0  0  0
  - 5.57s  --------    0  n   Y  1.00  1.06 1.00 -  |   466.2    445.9  0.00 |  0.0  0.0 0   0   0  0  0  0
  - 5.47s  --------    0  n   Y  1.00  1.16 1.00 -  |   466.2    446.0  0.00 |  0.0  0.0 0   0   0  0  0  0
  - 5.37s  --------    0  n   Y  1.00  1.26 1.00 -  |   466.2    446.0  0.00 |  0.0  0.0 0   0   0  0  0  0
  - 5.27s  --------    0  Y   Y  1.00  1.37 1.00 -  |   466.2    446.0  0.00 |  0.0  0.0 0   0   0  0  0  0
  - 5.17s  --------    0  Y   Y  1.00  1.47 1.00 -  |   466.2    446.0  0.00 |  0.0  0.0 0   0   0  0  0  0
  - 5.06s  --------    0  Y   Y  1.00  1.57 1.00 -  |   466.2    446.0  0.00 |  0.0  0.0 0   0   0  0  0  0
  - 4.96s  --------    0  Y   Y  1.00  1.67 1.00 -  |   466.2    446.0  0.00 |  0.0  0.0 0   0   0  0  0  0
  - 4.86s  --------    0  Y   Y  1.00  1.78 1.00 -  |   466.2    446.0  0.00 |  0.0  0.0 0   0   0  0  0  0
  - 4.75s  --------    0  Y   Y  1.00  1.88 1.00 -  |   466.2    446.0  0.00 |  0.0  0.0 0   0   0  0  0  0
  - 4.65s  --------    0  Y   Y  1.00  1.98 1.00 -  |   466.2    446.0  0.00 |  0.0  0.0 0   0   0  0  0  0
  - 4.55s  --------    0  Y   Y  1.00  2.08 1.00 -  |   466.2    446.0  0.00 |  0.0  0.0 0   0   0  0  0  0
  - 4.45s  -----R--    0  n   Y  1.00  0.03 1.00 -  |   466.1    446.3  5.02 |  1.0  0.0 0   0   0  0  0  0
  - 4.34s  -----R--    0  Y   Y  1.00  0.11 1.00 -  |   466.1    446.4  0.00 |  1.0  0.0 0   0   0  0  0  0
  - 4.24s  -----R--    0  Y   Y  1.00  0.20 1.00 -  |   466.1    446.4  0.00 |  1.0  0.0 0   0   0  0  0  0
  - 4.14s  -----R--    0  Y   Y  1.00  0.29 1.00 -  |   466.1    446.4  0.00 |  1.0  0.0 0   0   0  0  0  0
  - 4.03s  -----R--    0  Y   Y  1.00  0.37 1.00 -  |   466.1    446.4  0.00 |  1.0  0.0 0   0   0  0  0  0
  - 3.93s  --------    0  Y   Y  1.00  0.46 1.00 T  |   466.1    446.3  0.00 |  1.0  0.0 0   0   0  0  0  0
  - 3.83s  --------    0  Y   Y  1.00  0.15 1.00 -  |   466.1    446.1  0.00 |  1.0  0.0 0   0   0  0  0  0
  - 3.72s  --------    0  Y   Y  1.00  0.26 1.00 -  |   466.2    445.9  0.00 |  0.0  0.0 0   0   0  0  0  0
  - 3.62s  --------    0  Y   Y  1.00  0.36 1.00 -  |   466.2    445.7  0.00 |  0.0  0.0 0   0   0  0  0  0
  - 3.51s  --------    0  Y   Y  1.00  0.47 1.00 -  |   466.3    445.5  0.00 |  0.0  0.0 0   0   0  0  0  0
  - 3.41s  --------    0  Y   Y  1.00  0.57 1.00 -  |   466.3    445.4  0.00 |  0.0  0.0 0   0   0  0  0  0
  - 3.31s  -----R--    0  n   Y  1.00  0.67 1.00 T  |   466.3    445.5  5.93 |  0.0  0.0 0   0   0  0  0  0
  - 3.20s  -----R--    0  n   Y  1.00  0.10 1.00 -  |   466.2    445.9  1.70 |  1.0  0.0 0   0   0  0  0  0
  - 3.10s  -----R--    0  Y   Y  1.00  0.18 1.00 -  |   466.2    445.9  0.00 |  1.0  0.0 0   0   0  0  0  0
  - 2.99s  -----R--    0  Y   Y  1.00  0.27 1.00 -  |   466.2    445.9  0.00 |  1.0  0.0 0   0   0  0  0  0
  - 2.89s  -----R--    0  Y   Y  1.00  0.36 1.00 -  |   466.2    445.9  0.00 |  1.0  0.0 0   0   0  0  0  0
  - 2.79s  --------    0  Y   Y  1.00  0.44 1.00 T  |   466.2    445.8  0.00 |  1.0  0.0 0   0   0  1  0  0
  - 2.69s  --------    0  Y   Y  1.00  0.13 1.00 -  |   466.2    445.6  0.00 |  1.0  0.0 0   0   0  1  0  0
  - 2.59s  --------    0  Y   Y  1.00  0.23 1.00 -  |   466.3    445.1  0.00 |  1.0  0.0 0   0   0  0  1  0
  - 2.48s  --------    0  Y   Y  1.00  0.34 1.00 -  |   466.5    444.4  0.00 |  1.0  0.0 0   0   0  0  1  0
  - 2.38s  --------    0  Y   Y  1.00  0.44 1.00 -  |   466.6    443.8  0.00 |  1.0  0.0 0   0   0  0  1  0
  - 2.28s  --------    0  Y   Y  1.00  0.54 1.00 -  |   466.8    442.9  0.00 |  1.0  0.0 0   0   0  0  1  0
  - 2.17s  --------    0  Y   Y  1.00  0.65 1.00 -  |   466.9    442.3  0.00 |  1.0  0.0 0   0   0  0  1  0
  - 2.07s  --------    0  Y   Y  1.00  0.75 1.00 -  |   467.0    441.6  0.00 |  1.0  0.0 0   0   0  0  1  0
  - 1.97s  --------    0  Y   Y  1.00  0.85 1.00 -  |   467.2    440.9  0.00 |  1.0  0.0 0   0   0  0  1  0
  - 1.86s  --------    0  Y   Y  1.00  0.95 1.00 -  |   467.3    440.2  0.00 |  1.0  0.0 0   0   0  0  1  0
  - 1.76s  --------    0  Y   Y  1.00  1.06 1.00 -  |   467.5    439.5  0.00 |  1.0  0.0 0   0   0  0  1  0
  - 1.66s  --------    0  Y   Y  1.00  1.16 1.00 -  |   467.6    438.8  0.00 |  1.0  0.0 0   0   0  0  1  0
  - 1.56s  --------    0  n   Y  1.00  1.26 1.00 -  |   467.7    438.2  0.00 |  1.0  0.0 0   0   0  1  1  0
  - 1.46s  --------    0  n   Y  1.00  1.36 1.00 -  |   467.8    437.7  0.00 |  1.0  0.0 0   0   0  1  1  0
  - 1.36s  --------    0  n   Y  1.00  1.46 1.00 -  |   467.9    437.2  0.00 |  1.0  0.0 0   0   0  0  1  0
  - 1.25s  --------    0  n   Y  1.00  1.57 1.00 -  |   468.0    436.8  0.00 |  1.0  0.0 0   0   0  0  1  0
  - 1.15s  --------    0  n   Y  1.00  1.67 1.00 -  |   468.1    436.3  0.00 |  1.0  0.0 0   0   0  0  1  0
  - 1.05s  --D-----    0  n   Y  1.00  1.77 1.00 T  |   468.1    436.1  1.62 |  1.0  0.0 0   0   0  0  1  1
  - 0.94s  --D-----    0  n   Y  1.00  0.20 1.00 -  |   468.1    435.8  4.79 |  1.0  0.0 0   0   0  0  1  0
  - 0.84s  --D-----    0  n   Y  1.00  0.32 1.00 -  |   468.2    435.2  7.62 |  1.0  0.0 0   0   0  0  1  0
  - 0.74s  --D-----    0  n   Y  1.00  0.45 1.00 -  |   468.2    434.5  6.56 |  1.0  0.0 0   0   0  0  1  0
  - 0.63s  --D-----    0  n   Y  1.00  0.58 1.00 -  |   468.2    433.7  6.79 |  1.0  0.0 0   0   0  0  1  0
  - 0.53s  --D-----    0  n   Y  1.00  0.71 1.00 -  |   468.3    433.0  5.92 |  1.0  0.0 0   0   0  0  1  0
  - 0.43s  --D-----    0  n   Y  1.00  0.84 1.00 -  |   468.3    432.5  5.09 |  1.0  0.0 0   0   0  0  1  0
  - 0.32s  --------    0  n   Y  1.00  0.97 1.00 T  |   468.3    432.3  0.00 |  1.0  0.0 0   0   0  0  1  0
  - 0.22s  --------    0  n   Y  1.00  1.10 1.00 T  |   468.4    432.0  0.00 |  1.0  0.0 0   0   0  0  1  0
  - 0.12s  --------    0  n   Y  1.00  0.30 1.00 -  |   468.4    431.7  0.00 |  1.0  0.0 0   0   0  0  1  0
  - 0.01s  --------    0  Y   Y  1.00  0.40 1.00 -  |   468.5    431.3  0.00 |  1.0  0.0 0   0   0  0  1  0
=========================================================== END

[ 18561  110.133 x1.00] LOG  🐾 4-LEG JUMP #0
[ 18561  110.133 x1.00] LOG  🐾 Jump 1 VFX spawned!
[ 18566  110.164 x1.00] LOG  [OniBoss] hold-ground: BACKSTEP 1.5m (player 3.4m)
[ 18610  110.430 x1.00] LOG  [Combat] Dodge: Dodge_4Leg (4m, 4leg)
[ 18610  110.430 x1.00] LOG  [AirPosePin] engaged, holding body at 0.870m above the transform
[ 18727  111.102 x1.00] LOG  [OniBoss] hold-ground: backstep done (1.50m), WATCH (player 2.2m, cooldown 0.0s)
[ 18727  111.102 x1.00] LOG  [OniBoss] Playing animation: Watch
[ 18728  111.109 x1.00] LOG  [OniBoss] Combo started: swing1-2 (2 steps remaining)
[ 18728  111.109 x1.00] LOG  [OniBoss] Chase → Attack
[ 18728  111.109 x1.00] LOG  [OniBoss] Attack: Club_Swing (16 dmg)
[ 18730  111.120 x1.00] LOG  [Combat] Dodge early exit at 86% (movement input)
[ 18730  111.120 x1.00] LOG  [Combat] Dodge ended
[ 18730  111.120 x1.00] LOG  [AirPosePin] released, peak correction was -1.146m
[ 18779  111.403 x1.00] LOG  💨 Landing VFX spawned!
[ 18779  111.403 x1.00] LOG  ✅ LANDED! (was jump #1)
[ 18836  111.736 x1.00] LOG  [CameraGameFeel] Shake: intensity=0.20 duration=0.250s
[ 18836  111.736 x1.00] LOG  [Combat] Hit react: HitReact_Light_4Leg (0.5s)
[ 18836  111.736 x1.00] LOG  [CameraGameFeel] Shake: intensity=0.09 duration=0.150s
[ 18836  111.736 x1.00] LOG  [CameraGameFeel] FOV punch: player damage (-2.0°)
[ 18836  111.736 x1.00] LOG  [OniBoss] Hit player for 16 (Club_Swing)
[ 18836  111.736 x1.00] LOG  [AirPosePin] engaged, holding body at 0.535m above the transform
[ 18844  111.786 x1.00] LOG  [AirPosePin] released, peak correction was -0.065m
[ 18921  112.234 x1.00] LOG  [OniBoss] Attack → Recovery
[ 18921  112.234 x1.00] LOG  [OniBoss] Playing animation: Watch
[ 18921  112.234 x1.00] LOG  [OniBoss:Strike] Club_Swing: club tip closest to Yoru at 3.34m, clip position 0.99 | damage fires at 0.55 | clip 1.13s => damage fires 498 ms BEFORE the club is closest
[ 18947  112.386 x1.00] LOG  [OniBoss] Recovery → Attack
[ 18947  112.386 x1.00] LOG  [OniBoss] Attack: ClubSwing2 (16 dmg)
[ 19035  112.894 x1.00] LOG  🐾 4-LEG JUMP #0
[ 19035  112.894 x1.00] LOG  🐾 Jump 1 VFX spawned!
[ 19036  112.901 x1.00] LOG  [CameraGameFeel] Shake: intensity=0.20 duration=0.250s
[ 19036  112.901 x1.00] LOG  [OniBoss] Attack missed, player out of range (5.0m > 3.5m)
[ 19051  112.991 x1.00] LOG  [StormWeather] ⚡ strike at (488.87, 45.00, 447.93)
[ 19063  113.069 x1.00] LOG  
==================== [FREEZE-DEBUG v3] ====================
  Reason : WASD-NOMOVE: WASD recent + speed 0.00m/s for 0.40s
  Time   : 110.046s   Frame: 19063   Snaps: 60
===========================================================

--- CURRENT STATE ---
  Flags: atk=False hvy=False dod=False dsh=False
         grd=False hit=False aerial=False lockPos=False
         comboStep=0
  Anim : speed=1.00  combatLayer hash=-792875657 normT=0.822 weight=1.00 inTransition=False
  CC   : grounded=False  enabled=True  pos=(465.03, 1.23, 443.54)  vel=(0.00, 5.05, 0.00)
  Move : IsRunning=True
  Input: H=-1.00 V=0.00  LMB=False MMB=False Q=False Sp=False Sh=True C=False
         WASD pressed in last 0.5s: True (last 0.00s ago)

--- FLIGHT RECORDER (60 snapshots, oldest first, dt=0.10s) ---
  Legend: flags = A(tk) H(vy) D(od) S(sh) G(rd) R(eact) Y(aerial) L(ock)   gnd/cc: Y/n
  t-now    flags     step gnd cc anSp normT layW tr | posX     posZ     spd   | H    V    LMB MMB Q  Sp Sh C
  ------   --------  ---- --- -- ---- ----- ---- -- | -----    -----    ----  | ---- ---- --- --- -- -- -- -
  - 6.14s  --------    0  Y   Y  1.00  0.85 1.00 -  |   467.2    440.9  0.00 |  1.0  0.0 0   0   0  0  1  0
  - 6.03s  --------    0  Y   Y  1.00  0.95 1.00 -  |   467.3    440.2  0.00 |  1.0  0.0 0   0   0  0  1  0
  - 5.93s  --------    0  Y   Y  1.00  1.06 1.00 -  |   467.5    439.5  0.00 |  1.0  0.0 0   0   0  0  1  0
  - 5.83s  --------    0  Y   Y  1.00  1.16 1.00 -  |   467.6    438.8  0.00 |  1.0  0.0 0   0   0  0  1  0
  - 5.73s  --------    0  n   Y  1.00  1.26 1.00 -  |   467.7    438.2  0.00 |  1.0  0.0 0   0   0  1  1  0
  - 5.63s  --------    0  n   Y  1.00  1.36 1.00 -  |   467.8    437.7  0.00 |  1.0  0.0 0   0   0  1  1  0
  - 5.52s  --------    0  n   Y  1.00  1.46 1.00 -  |   467.9    437.2  0.00 |  1.0  0.0 0   0   0  0  1  0
  - 5.42s  --------    0  n   Y  1.00  1.57 1.00 -  |   468.0    436.8  0.00 |  1.0  0.0 0   0   0  0  1  0
  - 5.32s  --------    0  n   Y  1.00  1.67 1.00 -  |   468.1    436.3  0.00 |  1.0  0.0 0   0   0  0  1  0
  - 5.21s  --D-----    0  n   Y  1.00  1.77 1.00 T  |   468.1    436.1  1.62 |  1.0  0.0 0   0   0  0  1  1
  - 5.11s  --D-----    0  n   Y  1.00  0.20 1.00 -  |   468.1    435.8  4.79 |  1.0  0.0 0   0   0  0  1  0
  - 5.01s  --D-----    0  n   Y  1.00  0.32 1.00 -  |   468.2    435.2  7.62 |  1.0  0.0 0   0   0  0  1  0
  - 4.91s  --D-----    0  n   Y  1.00  0.45 1.00 -  |   468.2    434.5  6.56 |  1.0  0.0 0   0   0  0  1  0
  - 4.80s  --D-----    0  n   Y  1.00  0.58 1.00 -  |   468.2    433.7  6.79 |  1.0  0.0 0   0   0  0  1  0
  - 4.70s  --D-----    0  n   Y  1.00  0.71 1.00 -  |   468.3    433.0  5.92 |  1.0  0.0 0   0   0  0  1  0
  - 4.60s  --D-----    0  n   Y  1.00  0.84 1.00 -  |   468.3    432.5  5.09 |  1.0  0.0 0   0   0  0  1  0
  - 4.49s  --------    0  n   Y  1.00  0.97 1.00 T  |   468.3    432.3  0.00 |  1.0  0.0 0   0   0  0  1  0
  - 4.39s  --------    0  n   Y  1.00  1.10 1.00 T  |   468.4    432.0  0.00 |  1.0  0.0 0   0   0  0  1  0
  - 4.29s  --------    0  n   Y  1.00  0.30 1.00 -  |   468.4    431.7  0.00 |  1.0  0.0 0   0   0  0  1  0
  - 4.18s  --------    0  Y   Y  1.00  0.40 1.00 -  |   468.5    431.3  0.00 |  1.0  0.0 0   0   0  0  1  0
  - 4.08s  --------    0  Y   Y  1.00  0.50 1.00 -  |   468.6    430.6  0.00 |  1.0  0.0 0   0   0  0  1  0
  - 3.98s  --------    0  Y   Y  1.00  0.60 1.00 -  |   468.8    429.9  0.00 |  1.0  0.0 0   0   0  0  1  0
  - 3.88s  --------    0  Y   Y  1.00  0.70 1.00 -  |   468.8    429.6  0.00 |  1.0  0.0 0   0   0  0  0  0
  - 3.77s  --------    0  Y   Y  1.00  0.81 1.00 -  |   468.9    429.4  0.00 |  1.0  0.0 0   0   0  0  0  0
  - 3.67s  --------    0  Y   Y  1.00  0.91 1.00 -  |   468.9    429.3  0.00 | -1.0  0.0 0   0   0  0  0  0
  - 3.57s  --------    0  Y   Y  1.00  1.01 1.00 -  |   468.9    429.4  0.00 | -1.0  0.0 0   0   0  0  0  0
  - 3.47s  --------    0  Y   Y  1.00  1.11 1.00 -  |   468.8    429.9  0.00 | -1.0  0.0 0   0   0  0  1  0
  - 3.37s  --------    0  Y   Y  1.00  1.21 1.00 -  |   468.7    430.5  0.00 | -1.0  0.0 0   0   0  0  1  0
  - 3.27s  --------    0  Y   Y  1.00  1.32 1.00 -  |   468.5    431.2  0.00 | -1.0  0.0 0   0   0  0  1  0
  - 3.17s  --------    0  Y   Y  1.00  1.42 1.00 -  |   468.4    431.9  0.00 | -1.0  0.0 0   0   0  0  1  0
  - 3.06s  --------    0  Y   Y  1.00  1.52 1.00 -  |   468.2    432.6  0.00 | -1.0  0.0 0   0   0  0  1  0
  - 2.96s  --------    0  Y   Y  1.00  1.62 1.00 -  |   468.1    433.3  0.00 | -1.0  0.0 0   0   0  0  1  0
  - 2.86s  --------    0  n   Y  1.00  1.72 1.00 -  |   468.0    433.8  0.00 | -1.0  0.0 0   0   0  1  1  0
  - 2.75s  --------    0  n   Y  1.00  1.83 1.00 -  |   467.9    434.3  0.00 | -1.0  0.0 0   0   0  0  1  0
  - 2.65s  --------    0  n   Y  1.00  1.93 1.00 -  |   467.9    434.3  0.00 | -1.0  0.0 0   0   0  0  1  0
  - 2.55s  --D-----    0  n   Y  1.00  2.03 1.00 T  |   467.9    434.1  0.60 | -1.0  0.0 0   0   0  0  1  1
  - 2.44s  --D-----    0  n   Y  1.00  0.24 1.00 -  |   467.7    434.0  1.54 | -1.0  0.0 0   0   0  0  1  0
  - 2.34s  --D-----    0  n   Y  1.00  0.36 1.00 -  |   467.5    433.9  2.82 | -1.0  0.0 0   0   0  0  1  0
  - 2.24s  --D-----    0  n   Y  1.00  0.49 1.00 -  |   467.1    434.0  4.56 | -1.0  0.0 0   0   0  0  1  0
  - 2.14s  --D-----    0  n   Y  1.00  0.62 1.00 -  |   466.7    434.4  7.20 | -1.0  0.0 0   0   0  0  1  0
  - 2.04s  --D-----    0  n   Y  1.00  0.75 1.00 -  |   466.5    435.0  5.34 | -1.0  0.0 0   0   0  0  1  0
  - 1.94s  --------    0  n   Y  1.00  0.87 1.00 T  |   466.3    435.4  0.00 | -1.0  0.0 0   0   0  0  1  0
  - 1.83s  --------    0  n   Y  1.00  1.00 1.00 T  |   466.3    435.6  0.00 | -1.0  0.0 0   0   0  0  1  0
  - 1.73s  --------    0  n   Y  1.00  1.13 1.00 T  |   466.2    435.9  0.00 | -1.0  0.0 0   0   0  0  1  0
  - 1.62s  --------    0  Y   Y  1.00  0.32 1.00 -  |   466.1    436.4  0.00 | -1.0  0.0 0   0   0  0  1  0
  - 1.52s  --------    0  Y   Y  1.00  0.42 1.00 -  |   466.0    437.1  0.00 | -1.0  0.0 0   0   0  0  1  0
  - 1.42s  --------    0  Y   Y  1.00  0.52 1.00 -  |   465.9    437.8  0.00 | -1.0  0.0 0   0   0  0  1  0
  - 1.32s  -----R--    0  n   Y  1.00  0.62 1.00 T  |   465.8    438.4  6.16 | -1.0  0.0 0   0   0  0  1  0
  - 1.22s  -----R--    0  Y   Y  1.00  0.06 1.00 -  |   466.1    438.2  2.05 | -1.0  0.0 0   0   0  0  1  0
  - 1.11s  -----R--    0  Y   Y  1.00  0.11 1.00 -  |   466.1    438.2  0.00 | -1.0  0.0 0   0   0  0  1  0
  - 1.01s  -----R--    0  Y   Y  1.00  0.16 1.00 -  |   466.1    438.2  0.00 | -1.0  0.0 0   0   0  1  1  0
  - 0.91s  -----R--    0  Y   Y  1.00  0.21 1.00 -  |   466.1    438.2  0.00 | -1.0  0.0 0   0   0  0  1  0
  - 0.81s  --------    0  Y   Y  1.00  0.26 1.00 T  |   466.0    438.4  0.00 | -1.0  0.0 0   0   0  0  1  0
  - 0.71s  --------    0  Y   Y  1.00  0.12 1.00 -  |   465.9    439.1  0.00 | -1.0  0.0 0   0   0  0  1  0
  - 0.60s  --------    0  Y   Y  1.00  0.22 1.00 -  |   465.8    439.8  0.00 | -1.0  0.0 0   0   0  0  1  0
  - 0.50s  --------    0  Y   Y  1.00  0.32 1.00 -  |   465.6    440.5  0.00 | -1.0  0.0 0   0   0  0  1  0
  - 0.40s  --------    0  Y   Y  1.00  0.43 1.00 -  |   465.5    441.2  0.00 | -1.0  0.0 0   0   0  0  1  0
  - 0.30s  --------    0  Y   Y  1.00  0.53 1.00 -  |   465.4    441.9  0.00 | -1.0  0.0 0   0   0  0  1  0
  - 0.19s  --------    0  Y   Y  1.00  0.63 1.00 -  |   465.2    442.6  0.00 | -1.0  0.0 0   0   0  0  1  0
  - 0.09s  --------    0  n   Y  1.00  0.73 1.00 -  |   465.1    443.1  0.00 | -1.0  0.0 0   0   0  1  1  0
=========================================================== END

[ 19084  113.209 x1.00] LOG  [Combat] Dodge: Dodge_4Leg (4m, 4leg)
[ 19084  113.209 x1.00] LOG  [AirPosePin] engaged, holding body at 0.990m above the transform
[ 19205  113.900 x1.00] LOG  [Combat] Dodge early exit at 86% (movement input)
[ 19205  113.900 x1.00] LOG  [Combat] Dodge ended
[ 19205  113.900 x1.00] LOG  [AirPosePin] released, peak correction was -1.026m
[ 19216  113.956 x1.00] LOG  [OniBoss] Attack → Recovery
[ 19216  113.956 x1.00] LOG  [OniBoss] Playing animation: Watch
[ 19216  113.956 x1.00] LOG  [OniBoss:Strike] ClubSwing2: club tip closest to Yoru at 1.97m, clip position 0.32 | damage fires at 0.32 | clip 1.58s => MATCHED (within one or two frames)
[ 19240  114.111 x1.00] LOG  [OniBoss] Recovery → Chase
[ 19241  114.117 x1.00] LOG  [OniBoss] Playing animation: run
[ 19265  114.245 x1.00] LOG  💨 Landing VFX spawned!
[ 19265  114.245 x1.00] LOG  ✅ LANDED! (was jump #1)
[ 19345  114.673 x1.00] LOG  [Combat] Dodge: Dodge_4Leg (4m, 4leg)
[ 19345  114.673 x1.00] LOG  [AirPosePin] engaged, holding body at 0.532m above the transform
[ 19346  114.679 x1.00] LOG  [AirPosePin] released, peak correction was 0.000m
[ 19347  114.684 x1.00] LOG  [AirPosePin] engaged, holding body at 0.563m above the transform
[ 19348  114.690 x1.00] LOG  [AirPosePin] released, peak correction was 0.000m
[ 19349  114.695 x1.00] LOG  [AirPosePin] engaged, holding body at 0.576m above the transform
[ 19350  114.701 x1.00] LOG  [AirPosePin] released, peak correction was 0.000m
[ 19351  114.706 x1.00] LOG  [AirPosePin] engaged, holding body at 0.577m above the transform
[ 19352  114.712 x1.00] LOG  [AirPosePin] released, peak correction was 0.000m
[ 19353  114.717 x1.00] LOG  [AirPosePin] engaged, holding body at 0.577m above the transform
[ 19354  114.723 x1.00] LOG  [AirPosePin] released, peak correction was 0.000m
[ 19355  114.730 x1.00] LOG  [AirPosePin] engaged, holding body at 0.576m above the transform
[ 19356  114.736 x1.00] LOG  [AirPosePin] released, peak correction was 0.000m
[ 19357  114.741 x1.00] LOG  [AirPosePin] engaged, holding body at 0.568m above the transform
[ 19358  114.747 x1.00] LOG  [AirPosePin] released, peak correction was 0.000m
[ 19359  114.752 x1.00] LOG  [AirPosePin] engaged, holding body at 0.547m above the transform
[ 19360  114.758 x1.00] LOG  [AirPosePin] released, peak correction was 0.000m
[ 19362  114.768 x1.00] LOG  [AirPosePin] engaged, holding body at 0.501m above the transform
[ 19363  114.774 x1.00] LOG  [AirPosePin] released, peak correction was 0.000m
[ 19364  114.779 x1.00] LOG  [AirPosePin] engaged, holding body at 0.467m above the transform
[ 19365  114.785 x1.00] LOG  [AirPosePin] released, peak correction was 0.000m
[ 19366  114.791 x1.00] LOG  [AirPosePin] engaged, holding body at 0.436m above the transform
[ 19367  114.797 x1.00] LOG  [AirPosePin] released, peak correction was 0.000m
[ 19368  114.802 x1.00] LOG  [AirPosePin] engaged, holding body at 0.430m above the transform
[ 19369  114.808 x1.00] LOG  [AirPosePin] released, peak correction was 0.000m
[ 19370  114.813 x1.00] LOG  [AirPosePin] engaged, holding body at 0.431m above the transform
[ 19371  114.818 x1.00] LOG  [AirPosePin] released, peak correction was 0.000m
[ 19372  114.824 x1.00] LOG  [AirPosePin] engaged, holding body at 0.440m above the transform
[ 19373  114.829 x1.00] LOG  [AirPosePin] released, peak correction was 0.000m
[ 19374  114.835 x1.00] LOG  [AirPosePin] engaged, holding body at 0.452m above the transform
[ 19375  114.840 x1.00] LOG  [AirPosePin] released, peak correction was 0.000m
[ 19376  114.846 x1.00] LOG  [AirPosePin] engaged, holding body at 0.461m above the transform
[ 19377  114.852 x1.00] LOG  [AirPosePin] released, peak correction was 0.000m
[ 19378  114.857 x1.00] LOG  [AirPosePin] engaged, holding body at 0.469m above the transform
[ 19379  114.863 x1.00] LOG  [AirPosePin] released, peak correction was 0.000m
[ 19381  114.875 x1.00] LOG  [AirPosePin] engaged, holding body at 0.479m above the transform
[ 19382  114.881 x1.00] LOG  [AirPosePin] released, peak correction was 0.000m
[ 19383  114.887 x1.00] LOG  [AirPosePin] engaged, holding body at 0.481m above the transform
[ 19384  114.893 x1.00] LOG  [AirPosePin] released, peak correction was 0.000m
[ 19386  114.904 x1.00] LOG  [AirPosePin] engaged, holding body at 0.492m above the transform
[ 19387  114.910 x1.00] LOG  [AirPosePin] released, peak correction was 0.000m
[ 19388  114.916 x1.00] LOG  [AirPosePin] engaged, holding body at 0.512m above the transform
[ 19389  114.921 x1.00] LOG  [AirPosePin] released, peak correction was 0.000m
[ 19390  114.928 x1.00] LOG  [AirPosePin] engaged, holding body at 0.544m above the transform
[ 19391  114.935 x1.00] LOG  [AirPosePin] released, peak correction was 0.000m
[ 19392  114.941 x1.00] LOG  [AirPosePin] engaged, holding body at 0.595m above the transform
[ 19393  114.948 x1.00] LOG  [AirPosePin] released, peak correction was 0.000m
[ 19394  114.954 x1.00] LOG  [AirPosePin] engaged, holding body at 0.666m above the transform
[ 19395  114.960 x1.00] LOG  [AirPosePin] released, peak correction was 0.000m
[ 19396  114.965 x1.00] LOG  [AirPosePin] engaged, holding body at 0.742m above the transform
[ 19397  114.971 x1.00] LOG  [AirPosePin] released, peak correction was 0.000m
[ 19398  114.977 x1.00] LOG  [AirPosePin] engaged, holding body at 0.832m above the transform
[ 19399  114.983 x1.00] LOG  [AirPosePin] released, peak correction was 0.000m
[ 19400  114.988 x1.00] LOG  [AirPosePin] engaged, holding body at 0.938m above the transform
[ 19401  114.995 x1.00] LOG  [AirPosePin] released, peak correction was 0.000m
[ 19402  115.000 x1.00] LOG  [AirPosePin] engaged, holding body at 1.054m above the transform
[ 19403  115.007 x1.00] LOG  [AirPosePin] released, peak correction was 0.000m
[ 19404  115.013 x1.00] LOG  [AirPosePin] engaged, holding body at 1.166m above the transform
[ 19405  115.019 x1.00] LOG  [AirPosePin] released, peak correction was 0.000m
[ 19406  115.025 x1.00] LOG  [AirPosePin] engaged, holding body at 1.271m above the transform
[ 19407  115.031 x1.00] LOG  [AirPosePin] released, peak correction was 0.000m
[ 19409  115.042 x1.00] LOG  [AirPosePin] engaged, holding body at 1.406m above the transform
[ 19410  115.048 x1.00] LOG  [AirPosePin] released, peak correction was 0.000m
[ 19411  115.054 x1.00] LOG  [AirPosePin] engaged, holding body at 1.475m above the transform
[ 19412  115.059 x1.00] LOG  [AirPosePin] released, peak correction was 0.000m
[ 19413  115.065 x1.00] LOG  [AirPosePin] engaged, holding body at 1.534m above the transform
[ 19414  115.071 x1.00] LOG  [AirPosePin] released, peak correction was 0.000m
[ 19415  115.077 x1.00] LOG  [AirPosePin] engaged, holding body at 1.592m above the transform
[ 19416  115.083 x1.00] LOG  [AirPosePin] released, peak correction was 0.000m
[ 19417  115.089 x1.00] LOG  [AirPosePin] engaged, holding body at 1.643m above the transform
[ 19418  115.096 x1.00] LOG  [AirPosePin] released, peak correction was 0.000m
[ 19419  115.102 x1.00] LOG  [AirPosePin] engaged, holding body at 1.695m above the transform
[ 19420  115.108 x1.00] LOG  [AirPosePin] released, peak correction was 0.000m
[ 19421  115.114 x1.00] LOG  [AirPosePin] engaged, holding body at 1.742m above the transform
[ 19422  115.120 x1.00] LOG  [AirPosePin] released, peak correction was 0.000m
[ 19423  115.125 x1.00] LOG  [AirPosePin] engaged, holding body at 1.785m above the transform
[ 19424  115.132 x1.00] LOG  [AirPosePin] released, peak correction was 0.000m
[ 19425  115.140 x1.00] LOG  [AirPosePin] engaged, holding body at 1.843m above the transform
[ 19426  115.146 x1.00] LOG  [AirPosePin] released, peak correction was 0.000m
[ 19427  115.152 x1.00] LOG  [AirPosePin] engaged, holding body at 1.890m above the transform
[ 19428  115.158 x1.00] LOG  [AirPosePin] released, peak correction was 0.000m
[ 19429  115.163 x1.00] LOG  [AirPosePin] engaged, holding body at 1.939m above the transform
[ 19430  115.169 x1.00] LOG  [AirPosePin] released, peak correction was 0.000m
[ 19432  115.181 x1.00] LOG  [AirPosePin] engaged, holding body at 2.007m above the transform
[ 19433  115.187 x1.00] LOG  [AirPosePin] released, peak correction was 0.000m
[ 19434  115.193 x1.00] LOG  [AirPosePin] engaged, holding body at 2.051m above the transform
[ 19435  115.199 x1.00] LOG  [AirPosePin] released, peak correction was 0.000m
[ 19436  115.204 x1.00] LOG  [AirPosePin] engaged, holding body at 2.094m above the transform
[ 19437  115.210 x1.00] LOG  [AirPosePin] released, peak correction was 0.000m
[ 19438  115.216 x1.00] LOG  [AirPosePin] engaged, holding body at 2.138m above the transform
[ 19439  115.221 x1.00] LOG  [AirPosePin] released, peak correction was 0.000m
[ 19440  115.227 x1.00] LOG  [AirPosePin] engaged, holding body at 2.183m above the transform
[ 19441  115.233 x1.00] LOG  [AirPosePin] released, peak correction was 0.000m
[ 19442  115.239 x1.00] LOG  [AirPosePin] engaged, holding body at 2.220m above the transform
[ 19443  115.244 x1.00] LOG  [AirPosePin] released, peak correction was 0.000m
[ 19444  115.251 x1.00] LOG  [AirPosePin] engaged, holding body at 2.248m above the transform
[ 19445  115.258 x1.00] LOG  [AirPosePin] released, peak correction was 0.000m
[ 19446  115.264 x1.00] LOG  [AirPosePin] engaged, holding body at 2.264m above the transform
[ 19447  115.270 x1.00] LOG  [AirPosePin] released, peak correction was 0.000m
[ 19448  115.276 x1.00] LOG  [AirPosePin] engaged, holding body at 2.244m above the transform
[ 19449  115.282 x1.00] LOG  [AirPosePin] released, peak correction was 0.000m
[ 19450  115.287 x1.00] LOG  [AirPosePin] engaged, holding body at 2.172m above the transform
[ 19451  115.293 x1.00] LOG  [AirPosePin] released, peak correction was 0.000m
[ 19452  115.299 x1.00] LOG  [AirPosePin] engaged, holding body at 2.089m above the transform
[ 19453  115.305 x1.00] LOG  [AirPosePin] released, peak correction was 0.000m
[ 19454  115.310 x1.00] LOG  [AirPosePin] engaged, holding body at 2.047m above the transform
[ 19455  115.316 x1.00] LOG  [AirPosePin] released, peak correction was 0.000m
[ 19457  115.327 x1.00] LOG  [AirPosePin] engaged, holding body at 2.054m above the transform
[ 19458  115.333 x1.00] LOG  [AirPosePin] released, peak correction was 0.000m
[ 19459  115.339 x1.00] LOG  [AirPosePin] engaged, holding body at 2.056m above the transform
[ 19460  115.344 x1.00] LOG  [AirPosePin] released, peak correction was 0.000m
[ 19461  115.350 x1.00] LOG  [AirPosePin] engaged, holding body at 2.036m above the transform
[ 19462  115.355 x1.00] LOG  [AirPosePin] released, peak correction was 0.000m
[ 19463  115.361 x1.00] LOG  [Combat] Dodge early exit at 85% (movement input)
[ 19463  115.361 x1.00] LOG  [Combat] Dodge ended
[ 19599  116.091 x1.00] LOG  🐾 4-LEG JUMP #0
[ 19599  116.091 x1.00] LOG  🐾 Jump 1 VFX spawned!
[ 19650  116.372 x1.00] LOG  🐾 4-LEG JUMP #1
[ 19650  116.372 x1.00] LOG  🐾 Jump 2 VFX spawned!
[ 19687  116.579 x1.00] LOG  [Combat] Dodge: Dodge_4Leg (4m, 4leg)
[ 19687  116.579 x1.00] LOG  [AirPosePin] engaged, holding body at 0.578m above the transform
[ 19813  117.268 x1.00] LOG  [Combat] Dodge early exit at 85% (movement input)
[ 19813  117.268 x1.00] LOG  [Combat] Dodge ended
[ 19813  117.268 x1.00] LOG  [AirPosePin] released, peak correction was -1.443m
[ 19889  117.679 x1.00] LOG  
==================== [FREEZE-DEBUG v3] ====================
  Reason : WASD-NOMOVE: WASD recent + speed 0.00m/s for 0.40s
  Time   : 114.657s   Frame: 19889   Snaps: 60
===========================================================

--- CURRENT STATE ---
  Flags: atk=False hvy=False dod=False dsh=False
         grd=False hit=False aerial=False lockPos=False
         comboStep=0
  Anim : speed=1.00  combatLayer hash=-792875657 normT=0.406 weight=1.00 inTransition=False
  CC   : grounded=False  enabled=True  pos=(458.52, 0.37, 466.46)  vel=(0.00, -8.85, 0.00)
  Move : IsRunning=True
  Input: H=-1.00 V=0.00  LMB=False MMB=False Q=False Sp=False Sh=True C=False
         WASD pressed in last 0.5s: True (last 0.00s ago)

--- FLIGHT RECORDER (60 snapshots, oldest first, dt=0.10s) ---
  Legend: flags = A(tk) H(vy) D(od) S(sh) G(rd) R(eact) Y(aerial) L(ock)   gnd/cc: Y/n
  t-now    flags     step gnd cc anSp normT layW tr | posX     posZ     spd   | H    V    LMB MMB Q  Sp Sh C
  ------   --------  ---- --- -- ---- ----- ---- -- | -----    -----    ----  | ---- ---- --- --- -- -- -- -
  - 6.13s  --------    0  Y   Y  1.00  0.42 1.00 -  |   466.0    437.1  0.00 | -1.0  0.0 0   0   0  0  1  0
  - 6.03s  --------    0  Y   Y  1.00  0.52 1.00 -  |   465.9    437.8  0.00 | -1.0  0.0 0   0   0  0  1  0
  - 5.93s  -----R--    0  n   Y  1.00  0.62 1.00 T  |   465.8    438.4  6.16 | -1.0  0.0 0   0   0  0  1  0
  - 5.83s  -----R--    0  Y   Y  1.00  0.06 1.00 -  |   466.1    438.2  2.05 | -1.0  0.0 0   0   0  0  1  0
  - 5.72s  -----R--    0  Y   Y  1.00  0.11 1.00 -  |   466.1    438.2  0.00 | -1.0  0.0 0   0   0  0  1  0
  - 5.62s  -----R--    0  Y   Y  1.00  0.16 1.00 -  |   466.1    438.2  0.00 | -1.0  0.0 0   0   0  1  1  0
  - 5.52s  -----R--    0  Y   Y  1.00  0.21 1.00 -  |   466.1    438.2  0.00 | -1.0  0.0 0   0   0  0  1  0
  - 5.42s  --------    0  Y   Y  1.00  0.26 1.00 T  |   466.0    438.4  0.00 | -1.0  0.0 0   0   0  0  1  0
  - 5.32s  --------    0  Y   Y  1.00  0.12 1.00 -  |   465.9    439.1  0.00 | -1.0  0.0 0   0   0  0  1  0
  - 5.21s  --------    0  Y   Y  1.00  0.22 1.00 -  |   465.8    439.8  0.00 | -1.0  0.0 0   0   0  0  1  0
  - 5.11s  --------    0  Y   Y  1.00  0.32 1.00 -  |   465.6    440.5  0.00 | -1.0  0.0 0   0   0  0  1  0
  - 5.01s  --------    0  Y   Y  1.00  0.43 1.00 -  |   465.5    441.2  0.00 | -1.0  0.0 0   0   0  0  1  0
  - 4.91s  --------    0  Y   Y  1.00  0.53 1.00 -  |   465.4    441.9  0.00 | -1.0  0.0 0   0   0  0  1  0
  - 4.80s  --------    0  Y   Y  1.00  0.63 1.00 -  |   465.2    442.6  0.00 | -1.0  0.0 0   0   0  0  1  0
  - 4.70s  --------    0  n   Y  1.00  0.73 1.00 -  |   465.1    443.1  0.00 | -1.0  0.0 0   0   0  1  1  0
  - 4.60s  --------    0  n   Y  1.00  0.84 1.00 -  |   465.0    443.6  0.00 | -1.0  0.0 0   0   0  0  1  0
  - 4.50s  --------    0  n   Y  1.00  0.94 1.00 -  |   464.9    444.1  0.00 | -1.0  0.0 0   0   0  0  1  0
  - 4.39s  --D-----    0  n   Y  1.00  1.04 1.00 T  |   464.9    444.2  2.18 | -1.0  0.0 0   0   0  0  1  1
  - 4.29s  --D-----    0  n   Y  1.00  0.22 1.00 -  |   464.7    444.6  5.47 | -1.0  0.0 0   0   0  0  1  0
  - 4.19s  --D-----    0  n   Y  1.00  0.35 1.00 -  |   464.5    445.2  6.45 | -1.0  0.0 0   0   0  0  1  0
  - 4.09s  --D-----    0  n   Y  1.00  0.47 1.00 -  |   464.3    445.8  7.06 | -1.0  0.0 0   0   0  0  1  0
  - 3.99s  --D-----    0  n   Y  1.00  0.60 1.00 -  |   464.0    446.5  7.22 | -1.0  0.0 0   0   0  0  1  0
  - 3.88s  --D-----    0  n   Y  1.00  0.73 1.00 -  |   463.8    447.2  6.20 | -1.0  0.0 0   0   0  0  1  0
  - 3.78s  --D-----    0  n   Y  1.00  0.86 1.00 -  |   463.6    447.7  4.35 | -1.0  0.0 0   0   0  0  1  0
  - 3.68s  --------    0  n   Y  1.00  0.99 1.00 T  |   463.6    447.8  0.00 | -1.0  0.0 0   0   0  0  1  0
  - 3.58s  --------    0  n   Y  1.00  1.11 1.00 T  |   463.5    448.1  0.00 | -1.0  0.0 0   0   0  0  1  0
  - 3.47s  --------    0  n   Y  1.00  0.30 1.00 -  |   463.4    448.4  0.00 | -1.0  0.0 0   0   0  0  1  0
  - 3.37s  --------    0  Y   Y  1.00  0.40 1.00 -  |   463.3    449.0  0.00 | -1.0  0.0 0   0   0  0  1  0
  - 3.27s  --------    0  Y   Y  1.00  0.51 1.00 -  |   463.2    449.6  0.00 | -1.0  0.0 0   0   0  0  1  0
  - 3.17s  --------    0  Y   Y  1.00  0.61 1.00 -  |   463.1    450.3  0.00 | -1.0  0.0 0   0   0  0  1  0
  - 3.06s  --------    0  Y   Y  1.00  0.71 1.00 -  |   462.9    451.0  0.00 | -1.0  0.0 0   0   0  0  1  0
  - 2.96s  --D-----    0  n   Y  1.00  0.82 1.00 T  |   462.8    451.5  1.38 | -1.0  0.0 0   0   0  0  1  1
  - 2.86s  --D-----    0  Y   Y  1.00  0.18 1.00 -  |   462.7    451.7  4.12 | -1.0  0.0 0   0   0  0  1  1
  - 2.75s  --D-----    0  Y   Y  1.00  0.31 1.00 -  |   462.5    452.2  5.93 | -1.0  0.0 0   0   0  0  1  0
  - 2.65s  --D-----    0  n   Y  1.00  0.44 1.00 -  |   462.2    452.9  7.56 | -1.0  0.0 0   0   0  0  1  0
  - 2.55s  --D-----    0  n   Y  1.00  0.57 1.00 -  |   461.9    453.6  7.48 | -1.0  0.0 0   0   0  0  1  0
  - 2.45s  --D-----    0  n   Y  1.00  0.69 1.00 -  |   461.7    454.3  6.50 | -1.0  0.0 0   0   0  0  1  0
  - 2.35s  --D-----    0  n   Y  1.00  0.82 1.00 -  |   461.4    454.8  4.61 | -1.0  0.0 0   0   0  0  1  0
  - 2.24s  --------    0  Y   Y  1.00  0.95 1.00 T  |   461.3    455.2  0.00 | -1.0  0.0 0   0   0  0  1  0
  - 2.14s  --------    0  Y   Y  1.00  1.08 1.00 T  |   461.2    456.0  0.00 | -1.0  0.0 0   0   0  0  1  0
  - 2.04s  --------    0  Y   Y  1.00  0.28 1.00 -  |   461.0    456.7  0.00 | -1.0  0.0 0   0   0  0  1  0
  - 1.93s  --------    0  Y   Y  1.00  0.38 1.00 -  |   460.9    457.4  0.00 | -1.0  0.0 0   0   0  0  1  0
  - 1.83s  --------    0  Y   Y  1.00  0.48 1.00 -  |   460.8    458.1  0.00 | -1.0  0.0 0   0   0  0  1  0
  - 1.73s  --------    0  Y   Y  1.00  0.58 1.00 -  |   460.6    458.8  0.00 | -1.0  0.0 0   0   0  0  1  0
  - 1.63s  --------    0  Y   Y  1.00  0.68 1.00 -  |   460.5    459.4  0.00 | -1.0  0.0 0   0   0  0  1  0
  - 1.53s  --------    0  n   Y  1.00  0.79 1.00 -  |   460.4    460.0  0.00 | -1.0  0.0 0   0   0  1  1  0
  - 1.42s  --------    0  n   Y  1.00  0.89 1.00 -  |   460.3    460.5  0.00 | -1.0  0.0 0   0   0  0  1  0
  - 1.32s  --------    0  n   Y  1.00  0.99 1.00 -  |   460.2    460.9  0.00 | -1.0  0.0 0   0   0  0  1  0
  - 1.21s  --------    0  n   Y  1.00  1.10 1.00 -  |   460.1    461.4  0.00 | -1.0  0.0 0   0   0  1  1  0
  - 1.11s  --------    0  n   Y  1.00  1.20 1.00 -  |   460.0    461.9  0.00 | -1.0  0.0 0   0   0  0  1  0
  - 1.01s  --D-----    0  n   Y  1.00  1.30 1.00 T  |   460.0    462.0  2.55 |  0.0  0.0 0   0   0  0  1  1
  - 0.91s  --D-----    0  n   Y  1.00  0.24 1.00 -  |   459.8    462.4  5.29 | -1.0  0.0 0   0   0  0  1  0
  - 0.80s  --D-----    0  n   Y  1.00  0.37 1.00 -  |   459.6    463.0  6.92 | -1.0  0.0 0   0   0  0  1  0
  - 0.70s  --D-----    0  n   Y  1.00  0.50 1.00 -  |   459.4    463.7  7.62 | -1.0  0.0 0   0   0  0  1  0
  - 0.60s  --D-----    0  n   Y  1.00  0.62 1.00 -  |   459.1    464.4  6.85 | -1.0  0.0 0   0   0  0  1  0
  - 0.49s  --D-----    0  n   Y  1.00  0.75 1.00 -  |   458.9    465.0  5.77 | -1.0  0.0 0   0   0  0  1  0
  - 0.39s  --------    0  n   Y  1.00  0.88 1.00 T  |   458.7    465.4  0.00 | -1.0  0.0 0   0   0  0  1  0
  - 0.29s  --------    0  n   Y  1.00  1.01 1.00 T  |   458.7    465.6  0.00 | -1.0  0.0 0   0   0  0  1  0
  - 0.18s  --------    0  n   Y  1.00  1.14 1.00 T  |   458.6    465.9  0.00 | -1.0  0.0 0   0   0  0  1  0
  - 0.08s  --------    0  n   Y  1.00  0.32 1.00 -  |   458.6    466.2  0.00 | -1.0  0.0 0   0   0  0  1  0
=========================================================== END

[ 19897  117.722 x1.00] LOG  💨 Landing VFX spawned!
[ 19897  117.722 x1.00] LOG  ✅ LANDED! (was jump #2)
[ 19935  117.936 x1.00] LOG  [OniBoss] Pull-band decision: RUN-IN (dist 9.0m, pullRange 0m, chance 0.70)
[ 20052  118.641 x1.00] LOG  [StormWeather] ⚡ strike at (487.25, 45.00, 448.10)
[ 20085  118.852 x1.00] LOG  [OniBoss] hold-ground: BACKSTEP 1.5m (player 3.5m)
[ 20162  119.314 x1.00] LOG  🐾 4-LEG JUMP #0
[ 20162  119.314 x1.00] LOG  🐾 Jump 1 VFX spawned!
[ 20218  119.645 x1.00] LOG  🐾 4-LEG JUMP #1
[ 20218  119.645 x1.00] LOG  🐾 Jump 2 VFX spawned!
[ 20243  119.794 x1.00] LOG  [OniBoss] hold-ground: backstep done (1.51m), WATCH (player 3.1m, cooldown 0.0s)
[ 20243  119.794 x1.00] LOG  [OniBoss] Playing animation: Watch
[ 20244  119.801 x1.00] LOG  [OniBoss] Combo started: swing1-2 (2 steps remaining)
[ 20244  119.801 x1.00] LOG  [OniBoss] Chase → Attack
[ 20244  119.801 x1.00] LOG  [OniBoss] Attack: Club_Swing (16 dmg)
[ 20278  120.005 x1.00] LOG  🐾 4-LEG JUMP #2
[ 20278  120.005 x1.00] LOG  🐾 Jump 3 VFX spawned!
[ 20278  120.005 x1.00] LOG  🚫 Max jumps reached!
[ 20350  120.433 x1.00] LOG  [CameraGameFeel] Shake: intensity=0.20 duration=0.250s
[ 20350  120.433 x1.00] LOG  [OniBoss] Attack missed, player out of range (4.6m > 3.5m)
[ 20438  120.930 x1.00] LOG  [OniBoss] Attack → Recovery
[ 20438  120.930 x1.00] LOG  [OniBoss] Playing animation: Watch
[ 20438  120.930 x1.00] LOG  [OniBoss:Strike] Club_Swing: club tip closest to Yoru at 2.13m, clip position 0.55 | damage fires at 0.55 | clip 1.13s => MATCHED (within one or two frames)
[ 20455  121.026 x1.00] LOG  💨 Landing VFX spawned!
[ 20455  121.026 x1.00] LOG  ✅ LANDED! (was jump #3)
[ 20465  121.082 x1.00] LOG  [OniBoss] Recovery → Attack
[ 20465  121.082 x1.00] LOG  [OniBoss] Attack: ClubSwing2 (16 dmg)
[ 20476  121.141 x1.00] LOG  🐾 4-LEG JUMP #0
[ 20476  121.141 x1.00] LOG  🐾 Jump 1 VFX spawned!
[ 20537  121.491 x1.00] LOG  🐾 4-LEG JUMP #1
[ 20537  121.491 x1.00] LOG  🐾 Jump 2 VFX spawned!
[ 20555  121.598 x1.00] LOG  [CameraGameFeel] Shake: intensity=0.20 duration=0.250s
[ 20555  121.598 x1.00] LOG  [OniBoss] Attack missed, player out of range (4.9m > 3.5m)
[ 20573  121.705 x1.00] LOG  
==================== [FREEZE-DEBUG v3] ====================
  Reason : WASD-NOMOVE: WASD recent + speed 0.00m/s for 0.40s
  Time   : 118.682s   Frame: 20573   Snaps: 60
===========================================================

--- CURRENT STATE ---
  Flags: atk=False hvy=False dod=False dsh=False
         grd=False hit=False aerial=False lockPos=False
         comboStep=0
  Anim : speed=1.00  combatLayer hash=-792875657 normT=4.431 weight=1.00 inTransition=False
  CC   : grounded=False  enabled=True  pos=(459.14, 2.90, 456.95)  vel=(0.00, 3.41, 0.00)
  Move : IsRunning=True
  Input: H=1.00 V=0.00  LMB=False MMB=False Q=False Sp=False Sh=True C=False
         WASD pressed in last 0.5s: True (last 0.00s ago)

--- FLIGHT RECORDER (60 snapshots, oldest first, dt=0.10s) ---
  Legend: flags = A(tk) H(vy) D(od) S(sh) G(rd) R(eact) Y(aerial) L(ock)   gnd/cc: Y/n
  t-now    flags     step gnd cc anSp normT layW tr | posX     posZ     spd   | H    V    LMB MMB Q  Sp Sh C
  ------   --------  ---- --- -- ---- ----- ---- -- | -----    -----    ----  | ---- ---- --- --- -- -- -- -
  - 6.16s  --------    0  Y   Y  1.00  1.08 1.00 T  |   461.2    456.0  0.00 | -1.0  0.0 0   0   0  0  1  0
  - 6.06s  --------    0  Y   Y  1.00  0.28 1.00 -  |   461.0    456.7  0.00 | -1.0  0.0 0   0   0  0  1  0
  - 5.96s  --------    0  Y   Y  1.00  0.38 1.00 -  |   460.9    457.4  0.00 | -1.0  0.0 0   0   0  0  1  0
  - 5.86s  --------    0  Y   Y  1.00  0.48 1.00 -  |   460.8    458.1  0.00 | -1.0  0.0 0   0   0  0  1  0
  - 5.76s  --------    0  Y   Y  1.00  0.58 1.00 -  |   460.6    458.8  0.00 | -1.0  0.0 0   0   0  0  1  0
  - 5.66s  --------    0  Y   Y  1.00  0.68 1.00 -  |   460.5    459.4  0.00 | -1.0  0.0 0   0   0  0  1  0
  - 5.55s  --------    0  n   Y  1.00  0.79 1.00 -  |   460.4    460.0  0.00 | -1.0  0.0 0   0   0  1  1  0
  - 5.45s  --------    0  n   Y  1.00  0.89 1.00 -  |   460.3    460.5  0.00 | -1.0  0.0 0   0   0  0  1  0
  - 5.35s  --------    0  n   Y  1.00  0.99 1.00 -  |   460.2    460.9  0.00 | -1.0  0.0 0   0   0  0  1  0
  - 5.24s  --------    0  n   Y  1.00  1.10 1.00 -  |   460.1    461.4  0.00 | -1.0  0.0 0   0   0  1  1  0
  - 5.14s  --------    0  n   Y  1.00  1.20 1.00 -  |   460.0    461.9  0.00 | -1.0  0.0 0   0   0  0  1  0
  - 5.04s  --D-----    0  n   Y  1.00  1.30 1.00 T  |   460.0    462.0  2.55 |  0.0  0.0 0   0   0  0  1  1
  - 4.93s  --D-----    0  n   Y  1.00  0.24 1.00 -  |   459.8    462.4  5.29 | -1.0  0.0 0   0   0  0  1  0
  - 4.83s  --D-----    0  n   Y  1.00  0.37 1.00 -  |   459.6    463.0  6.92 | -1.0  0.0 0   0   0  0  1  0
  - 4.72s  --D-----    0  n   Y  1.00  0.50 1.00 -  |   459.4    463.7  7.62 | -1.0  0.0 0   0   0  0  1  0
  - 4.62s  --D-----    0  n   Y  1.00  0.62 1.00 -  |   459.1    464.4  6.85 | -1.0  0.0 0   0   0  0  1  0
  - 4.52s  --D-----    0  n   Y  1.00  0.75 1.00 -  |   458.9    465.0  5.77 | -1.0  0.0 0   0   0  0  1  0
  - 4.42s  --------    0  n   Y  1.00  0.88 1.00 T  |   458.7    465.4  0.00 | -1.0  0.0 0   0   0  0  1  0
  - 4.31s  --------    0  n   Y  1.00  1.01 1.00 T  |   458.7    465.6  0.00 | -1.0  0.0 0   0   0  0  1  0
  - 4.21s  --------    0  n   Y  1.00  1.14 1.00 T  |   458.6    465.9  0.00 | -1.0  0.0 0   0   0  0  1  0
  - 4.11s  --------    0  n   Y  1.00  0.32 1.00 -  |   458.6    466.2  0.00 | -1.0  0.0 0   0   0  0  1  0
  - 4.00s  --------    0  n   Y  1.00  0.43 1.00 -  |   458.5    466.6  0.00 | -1.0  0.0 0   0   0  0  1  0
  - 3.90s  --------    0  Y   Y  1.00  0.53 1.00 -  |   458.5    466.6  0.00 | -1.0  0.0 0   0   0  0  1  0
  - 3.80s  --------    0  Y   Y  1.00  0.63 1.00 -  |   458.5    466.6  0.00 | -1.0  0.0 0   0   0  0  1  0
  - 3.70s  --------    0  Y   Y  1.00  0.73 1.00 -  |   458.6    466.6  0.00 | -1.0  0.0 0   0   0  0  1  0
  - 3.59s  --------    0  Y   Y  1.00  0.84 1.00 -  |   458.6    466.6  0.00 | -1.0  0.0 0   0   0  0  1  0
  - 3.49s  --------    0  Y   Y  1.00  0.94 1.00 -  |   458.6    466.6  0.00 | -1.0  0.0 0   0   0  0  1  0
  - 3.38s  --------    0  Y   Y  1.00  1.05 1.00 -  |   458.6    466.6  0.00 | -1.0  0.0 0   0   0  0  1  0
  - 3.28s  --------    0  Y   Y  1.00  1.15 1.00 -  |   458.6    466.6  0.00 | -1.0  0.0 0   0   0  0  1  0
  - 3.17s  --------    0  Y   Y  1.00  1.26 1.00 -  |   458.7    466.6  0.00 | -1.0  0.0 0   0   0  0  1  0
  - 3.07s  --------    0  Y   Y  1.00  1.36 1.00 -  |   458.7    466.6  0.00 |  0.0  0.0 0   0   0  0  1  0
  - 2.97s  --------    0  Y   Y  1.00  1.46 1.00 -  |   458.7    466.6  0.00 |  0.0  0.0 0   0   0  0  1  0
  - 2.87s  --------    0  Y   Y  1.00  1.57 1.00 -  |   458.7    466.6  0.00 |  0.0  0.0 0   0   0  0  1  0
  - 2.77s  --------    0  Y   Y  1.00  1.67 1.00 -  |   458.7    466.6  0.00 |  1.0  0.0 0   0   0  0  1  0
  - 2.66s  --------    0  Y   Y  1.00  1.77 1.00 -  |   458.9    465.9  0.00 |  1.0  0.0 0   0   0  0  1  0
  - 2.55s  --------    0  Y   Y  1.00  1.88 1.00 -  |   458.8    466.0  0.00 |  1.0  0.0 0   0   0  0  1  0
  - 2.45s  --------    0  Y   Y  1.00  1.99 1.00 -  |   458.7    466.2  0.00 |  1.0  0.0 0   0   0  0  1  0
  - 2.35s  --------    0  n   Y  1.00  2.09 1.00 -  |   458.5    466.2  0.00 |  1.0  0.0 0   0   0  1  1  0
  - 2.24s  --------    0  n   Y  1.00  2.19 1.00 -  |   458.4    466.1  0.00 |  1.0  0.0 0   0   0  1  1  0
  - 2.14s  --------    0  n   Y  1.00  2.29 1.00 -  |   458.3    466.0  0.00 |  1.0  0.0 0   0   0  0  1  0
  - 2.04s  --------    0  n   Y  1.00  2.40 1.00 -  |   458.2    465.8  0.00 |  1.0  0.0 0   0   0  1  1  0
  - 1.93s  --------    0  n   Y  1.00  2.50 1.00 -  |   458.1    465.5  0.00 |  1.0  0.0 0   0   0  1  1  0
  - 1.83s  --------    0  n   Y  1.00  2.60 1.00 -  |   458.0    465.2  0.00 |  1.0  0.0 0   0   0  0  1  0
  - 1.73s  --------    0  n   Y  1.00  2.71 1.00 -  |   457.9    464.9  0.00 |  1.0  0.0 0   0   0  0  1  0
  - 1.62s  --------    0  n   Y  1.00  2.81 1.00 -  |   457.8    464.4  0.00 |  1.0  0.0 0   0   0  1  1  0
  - 1.52s  --------    0  n   Y  1.00  2.91 1.00 -  |   457.8    464.0  0.00 |  1.0  0.0 0   0   0  0  1  0
  - 1.42s  --------    0  n   Y  1.00  3.01 1.00 -  |   457.8    463.6  0.00 |  1.0  0.0 0   0   0  0  1  0
  - 1.31s  --------    0  n   Y  1.00  3.12 1.00 -  |   457.9    463.1  0.00 |  1.0  0.0 0   0   0  0  1  0
  - 1.21s  --------    0  n   Y  1.00  3.22 1.00 -  |   458.0    462.7  0.00 |  1.0  0.0 0   0   0  1  1  0
  - 1.11s  --------    0  n   Y  1.00  3.33 1.00 -  |   458.1    462.2  0.00 |  1.0  0.0 0   0   0  0  1  0
  - 1.00s  --------    0  n   Y  1.00  3.43 1.00 -  |   458.2    461.7  0.00 |  1.0  0.0 0   0   0  0  1  0
  - 0.90s  --------    0  n   Y  1.00  3.53 1.00 -  |   458.3    461.3  0.00 |  1.0  0.0 0   0   0  0  1  0
  - 0.80s  --------    0  n   Y  1.00  3.63 1.00 -  |   458.4    460.8  0.00 |  1.0  0.0 0   0   0  0  1  0
  - 0.69s  --------    0  n   Y  1.00  3.74 1.00 -  |   458.5    460.4  0.00 |  1.0  0.0 0   0   0  0  1  0
  - 0.59s  --------    0  Y   Y  1.00  3.84 1.00 -  |   458.6    459.7  0.00 |  1.0  0.0 0   0   0  0  1  0
  - 0.48s  --------    0  n   Y  1.00  3.94 1.00 -  |   458.7    459.1  0.00 |  1.0  0.0 0   0   0  1  1  0
  - 0.38s  --------    0  n   Y  1.00  4.05 1.00 -  |   458.8    458.6  0.00 |  1.0  0.0 0   0   0  0  1  0
  - 0.28s  --------    0  n   Y  1.00  4.15 1.00 -  |   458.9    458.2  0.00 |  1.0  0.0 0   0   0  0  1  0
  - 0.17s  --------    0  n   Y  1.00  4.26 1.00 -  |   459.0    457.7  0.00 |  1.0  0.0 0   0   0  1  1  0
  - 0.07s  --------    0  n   Y  1.00  4.36 1.00 -  |   459.1    457.3  0.00 |  1.0  0.0 0   0   0  1  1  0
=========================================================== END

[ 20620  121.983 x1.00] LOG  [Combat] Dodge: Dodge_4Leg (4m, 4leg)
[ 20620  121.983 x1.00] LOG  [AirPosePin] engaged, holding body at 2.104m above the transform
[ 20623  122.001 x1.00] LOG  [StormWeather] ⚡ strike at (476.90, 45.00, 441.56)
[ 20739  122.652 x1.00] LOG  [OniBoss] Attack → Recovery
[ 20739  122.652 x1.00] LOG  [OniBoss] Playing animation: Watch
[ 20739  122.652 x1.00] LOG  [OniBoss:Strike] ClubSwing2: club tip closest to Yoru at 1.09m, clip position 0.26 | damage fires at 0.32 | clip 1.58s => damage fires 95 ms AFTER the club is closest — it lands once the club has passed her
[ 20743  122.672 x1.00] LOG  [Combat] Dodge early exit at 86% (movement input)
[ 20743  122.672 x1.00] LOG  [Combat] Dodge ended
[ 20743  122.672 x1.00] LOG  [AirPosePin] released, peak correction was 0.086m
[ 20769  122.805 x1.00] LOG  [OniBoss] Recovery → Chase
[ 20770  122.810 x1.00] LOG  [OniBoss] Playing animation: run
[ 20839  123.163 x1.00] LOG  💨 Landing VFX spawned!
[ 20839  123.163 x1.00] LOG  ✅ LANDED! (was jump #2)
[ 20933  123.635 x1.00] LOG  🐾 4-LEG JUMP #0
[ 20933  123.635 x1.00] LOG  🐾 Jump 1 VFX spawned!
[ 21001  123.984 x1.00] LOG  🐾 4-LEG JUMP #1
[ 21001  123.984 x1.00] LOG  🐾 Jump 2 VFX spawned!
[ 21193  124.964 x1.00] LOG  💨 Landing VFX spawned!
[ 21193  124.964 x1.00] LOG  ✅ LANDED! (was jump #2)
[ 21210  125.055 x1.00] LOG  🚶 2-LEG JUMP
[ 21210  125.055 x1.00] LOG  🐾 Jump 1 VFX spawned!
[ 21216  125.088 x1.00] LOG  [OniBoss] Pull-band decision: RUN-IN (dist 9.0m, pullRange 0m, chance 0.70)
[ 21375  125.985 x1.00] LOG  💨 Landing VFX spawned!
[ 21375  125.985 x1.00] LOG  ✅ LANDED! (was jump #1)
[ 21391  126.074 x1.00] LOG  [OniBoss] hold-ground: BACKSTEP 1.5m (player 3.5m)
[ 21407  126.163 x1.00] LOG  [StormWeather] ⚡ strike at (486.13, 45.00, 437.86)
[ 21427  126.284 x1.00] LOG  🚶 2-LEG JUMP
[ 21427  126.284 x1.00] LOG  🐾 Jump 1 VFX spawned!
[ 21503  126.725 x1.00] LOG  [Combat] Dodge: Dodge_2Leg (3m, 2leg)
[ 21503  126.725 x1.00] LOG  [AirPosePin] engaged, holding body at 2.170m above the transform
[ 21553  127.010 x1.00] LOG  [OniBoss] hold-ground: backstep done (1.50m), WATCH (player 4.3m, cooldown 0.0s)
[ 21553  127.010 x1.00] LOG  [OniBoss] Playing animation: Watch
[ 21554  127.016 x1.00] LOG  [OniBoss] hold-ground: cooldown over, player 4.4m > 3.5m — APPROACH
[ 21554  127.016 x1.00] LOG  [OniBoss] Playing animation: Walk
[ 21565  127.084 x1.00] LOG  [OniBoss] Playing animation: run
[ 21621  127.401 x1.00] LOG  [Combat] Dodge ended
[ 21621  127.401 x1.00] LOG  [AirPosePin] released, peak correction was 1.518m
[ 21683  127.744 x1.00] LOG  💨 Landing VFX spawned!
[ 21683  127.744 x1.00] LOG  ✅ LANDED! (was jump #1)
[ 21692  127.795 x1.00] LOG  [OniBoss] Playing animation: Watch
[ 21692  127.795 x1.00] LOG  [OniBoss] Combo started: ClubSwing1 → ClubSwing2 → ClubSlam (3 steps remaining)
[ 21692  127.795 x1.00] LOG  [OniBoss] Chase → Attack
[ 21692  127.795 x1.00] LOG  [OniBoss] Attack: Club_Swing (16 dmg)
[ 21763  128.190 x1.00] LOG  
==================== [FREEZE-DEBUG v3] ====================
  Reason : WASD-NOMOVE: WASD recent + speed 0.00m/s for 0.40s
  Time   : 125.168s   Frame: 21763   Snaps: 60
===========================================================

--- CURRENT STATE ---
  Flags: atk=False hvy=False dod=False dsh=False
         grd=False hit=False aerial=False lockPos=False
         comboStep=0
  Anim : speed=1.00  combatLayer hash=-792875657 normT=0.784 weight=1.00 inTransition=False
  CC   : grounded=True  enabled=True  pos=(462.11, 0.12, 439.05)  vel=(0.00, 0.00, 0.00)
  Move : IsRunning=True
  Input: H=-1.00 V=0.00  LMB=True MMB=False Q=False Sp=False Sh=True C=False
         WASD pressed in last 0.5s: True (last 0.00s ago)

--- FLIGHT RECORDER (60 snapshots, oldest first, dt=0.10s) ---
  Legend: flags = A(tk) H(vy) D(od) S(sh) G(rd) R(eact) Y(aerial) L(ock)   gnd/cc: Y/n
  t-now    flags     step gnd cc anSp normT layW tr | posX     posZ     spd   | H    V    LMB MMB Q  Sp Sh C
  ------   --------  ---- --- -- ---- ----- ---- -- | -----    -----    ----  | ---- ---- --- --- -- -- -- -
  - 6.14s  --D-----    0  n   Y  1.00  4.77 1.00 T  |   459.4    455.7  1.53 |  1.0  0.0 0   0   0  0  1  1
  - 6.04s  --D-----    0  n   Y  1.00  0.21 1.00 -  |   459.4    455.3  5.12 |  1.0  0.0 0   0   0  0  1  0
  - 5.93s  --D-----    0  n   Y  1.00  0.33 1.00 -  |   459.4    454.7  6.45 |  1.0  0.0 0   0   0  0  1  0
  - 5.83s  --D-----    0  n   Y  1.00  0.46 1.00 -  |   459.5    454.0  7.87 |  1.0  0.0 0   0   0  0  1  0
  - 5.73s  --D-----    0  n   Y  1.00  0.59 1.00 -  |   459.5    453.2  7.20 |  1.0  0.0 0   0   0  0  1  0
  - 5.62s  --D-----    0  n   Y  1.00  0.72 1.00 -  |   459.6    452.5  6.49 |  1.0  0.0 0   0   0  0  1  0
  - 5.52s  --D-----    0  n   Y  1.00  0.85 1.00 -  |   459.6    452.0  4.28 |  1.0  0.0 0   0   0  0  1  0
  - 5.42s  --------    0  n   Y  1.00  0.98 1.00 T  |   459.6    451.8  0.00 |  1.0  0.0 0   0   0  0  1  0
  - 5.32s  --------    0  n   Y  1.00  1.11 1.00 T  |   459.7    451.5  0.00 |  1.0  0.0 0   0   0  0  1  0
  - 5.22s  --------    0  n   Y  1.00  0.30 1.00 -  |   459.7    451.2  0.00 |  1.0  0.0 0   0   0  0  1  0
  - 5.11s  --------    0  n   Y  1.00  0.40 1.00 -  |   459.8    450.9  0.00 |  1.0  0.0 0   0   0  0  1  0
  - 5.01s  --------    0  Y   Y  1.00  0.50 1.00 -  |   459.8    450.6  0.00 |  1.0  0.0 0   0   0  0  1  0
  - 4.91s  --------    0  Y   Y  1.00  0.60 1.00 -  |   460.0    449.8  0.00 |  1.0  0.0 0   0   0  0  1  0
  - 4.81s  --------    0  Y   Y  1.00  0.71 1.00 -  |   460.1    449.1  0.00 |  1.0  0.0 0   0   0  0  1  0
  - 4.70s  --------    0  Y   Y  1.00  0.81 1.00 -  |   460.3    448.4  0.00 |  1.0  0.0 0   0   0  0  1  0
  - 4.60s  --------    0  Y   Y  1.00  0.91 1.00 -  |   460.4    447.7  0.00 |  1.0  0.0 0   0   0  0  1  0
  - 4.50s  --------    0  n   Y  1.00  1.01 1.00 -  |   460.5    447.1  0.00 |  1.0  0.0 0   0   0  1  1  0
  - 4.40s  --------    0  n   Y  1.00  1.12 1.00 -  |   460.6    446.7  0.00 |  1.0  0.0 0   0   0  1  1  0
  - 4.29s  --------    0  n   Y  1.00  1.22 1.00 -  |   460.7    446.3  0.00 |  1.0  0.0 0   0   0  0  1  0
  - 4.19s  --------    0  n   Y  1.00  1.32 1.00 -  |   460.8    445.8  0.00 |  1.0  0.0 0   0   0  1  1  0
  - 4.09s  --------    0  n   Y  1.00  1.42 1.00 -  |   460.9    445.3  0.00 |  1.0  0.0 0   0   0  1  1  0
  - 3.98s  --------    0  n   Y  1.00  1.53 1.00 -  |   461.0    444.9  0.00 |  1.0  0.0 0   0   0  1  1  0
  - 3.88s  --------    0  n   Y  1.00  1.63 1.00 -  |   461.1    444.4  0.00 |  1.0  0.0 0   0   0  0  1  0
  - 3.78s  --------    0  n   Y  1.00  1.73 1.00 -  |   461.2    444.0  0.00 |  0.0  0.0 0   0   0  0  1  0
  - 3.68s  --------    0  n   Y  1.00  1.84 1.00 -  |   461.2    443.5  0.00 |  0.0  0.0 0   0   0  0  1  0
  - 3.58s  --------    0  n   Y  1.00  1.94 1.00 -  |   461.3    443.1  0.00 |  0.0  0.0 0   0   0  0  1  0
  - 3.47s  --------    0  n   Y  1.00  2.04 1.00 -  |   461.4    442.6  0.00 |  0.0  0.0 0   0   0  0  1  0
  - 3.37s  --------    0  n   Y  1.00  2.14 1.00 -  |   461.5    442.2  0.00 |  0.0  0.0 0   0   0  0  1  0
  - 3.27s  --------    0  n   Y  1.00  2.25 1.00 -  |   461.6    441.7  0.00 |  0.0  0.0 0   0   0  0  1  0
  - 3.16s  --------    0  Y   Y  1.00  2.35 1.00 -  |   461.6    441.5  0.00 |  0.0  0.0 0   0   0  0  1  0
  - 3.06s  --------    0  n   Y  1.00  2.45 1.00 -  |   461.7    441.5  0.00 |  0.0  0.0 0   0   0  1  1  0
  - 2.96s  --------    0  n   Y  1.00  2.56 1.00 -  |   461.7    441.4  0.00 |  0.0  0.0 0   0   0  1  1  0
  - 2.85s  --------    0  n   Y  1.00  2.66 1.00 -  |   461.7    441.4  0.00 |  0.0  0.0 0   0   0  0  1  0
  - 2.75s  --------    0  n   Y  1.00  2.76 1.00 -  |   461.7    441.3  0.00 |  0.0  0.0 0   0   0  0  1  0
  - 2.65s  --------    0  n   Y  1.00  2.86 1.00 -  |   461.7    441.3  0.00 |  0.0  0.0 0   0   0  0  0  0
  - 2.54s  --------    0  n   Y  1.00  2.97 1.00 -  |   461.7    441.2  0.00 |  0.0  0.0 0   0   0  0  0  0
  - 2.44s  --------    0  n   Y  1.00  3.07 1.00 -  |   461.7    441.2  0.00 |  0.0  0.0 0   0   0  0  0  0
  - 2.34s  --------    0  n   Y  1.00  3.18 1.00 -  |   461.7    441.2  0.00 |  0.0  0.0 0   0   0  0  0  0
  - 2.23s  --------    0  n   Y  1.00  3.28 1.00 -  |   461.7    441.1  0.00 |  0.0  0.0 0   0   0  0  0  0
  - 2.13s  --------    0  Y   Y  1.00  3.38 1.00 -  |   461.7    441.1  0.00 |  0.0  0.0 0   0   0  0  0  0
  - 2.03s  --------    0  Y   Y  1.00  3.49 1.00 -  |   461.7    441.1  0.00 |  0.0  0.0 0   0   0  0  0  0
  - 1.92s  --------    0  Y   Y  1.00  3.59 1.00 -  |   461.7    441.1  0.00 |  0.0  0.0 0   0   0  0  0  0
  - 1.82s  --------    0  n   Y  1.00  3.69 1.00 -  |   461.7    441.1  0.00 |  0.0  0.0 0   0   0  1  0  0
  - 1.71s  --------    0  n   Y  1.00  3.80 1.00 -  |   461.7    441.0  0.00 |  0.0  0.0 0   0   0  0  0  0
  - 1.61s  --------    0  n   Y  1.00  3.90 1.00 -  |   461.8    441.0  0.00 |  0.0  0.0 0   0   0  0  0  0
  - 1.51s  --------    0  n   Y  1.00  4.01 1.00 -  |   461.8    440.9  0.00 |  0.0  0.0 0   0   0  0  0  0
  - 1.40s  --D-----    0  n   Y  1.00  4.11 1.00 T  |   461.8    440.9  1.94 |  0.0  0.0 0   0   0  0  0  1
  - 1.30s  --D-----    0  n   Y  1.00  0.23 1.00 -  |   461.8    440.5  4.18 |  0.0  0.0 0   0   0  0  0  1
  - 1.20s  --D-----    0  n   Y  1.00  0.39 1.00 -  |   462.0    439.9  6.20 |  0.0  0.0 0   0   0  0  0  0
  - 1.10s  --D-----    0  n   Y  1.00  0.54 1.00 -  |   462.1    439.3  4.17 |  0.0  0.0 0   0   0  0  0  0
  - 1.00s  --D-----    0  n   Y  1.00  0.70 1.00 -  |   462.2    438.6  6.32 |  0.0  0.0 0   0   0  0  0  0
  - 0.89s  --D-----    0  n   Y  1.00  0.85 1.00 -  |   462.3    438.2  2.91 |  0.0  0.0 0   0   0  0  0  0
  - 0.79s  --D-----    0  n   Y  1.00  1.01 1.00 -  |   462.3    438.0  0.00 |  0.0  0.0 0   0   0  0  0  0
  - 0.69s  --------    0  n   Y  1.00  1.16 1.00 T  |   462.3    438.0  0.00 |  0.0  0.0 0   0   0  0  0  0
  - 0.58s  --------    0  n   Y  1.00  1.32 1.00 T  |   462.3    438.0  0.00 |  0.0  0.0 0   0   0  0  0  0
  - 0.48s  --------    0  n   Y  1.00  0.31 1.00 -  |   462.3    438.0  0.00 |  0.0  0.0 0   0   0  0  0  0
  - 0.37s  --------    0  Y   Y  1.00  0.41 1.00 -  |   462.3    438.0  0.00 | -1.0  0.0 0   0   0  0  0  0
  - 0.27s  --------    0  Y   Y  1.00  0.51 1.00 -  |   462.3    438.2  0.00 | -1.0  0.0 0   0   0  0  0  0
  - 0.17s  --------    0  Y   Y  1.00  0.62 1.00 -  |   462.3    438.4  0.00 | -1.0  0.0 0   0   0  0  1  0
  - 0.06s  --------    0  Y   Y  1.00  0.72 1.00 -  |   462.1    439.0  0.00 | -1.0  0.0 1   0   0  0  1  0
=========================================================== END

[ 21770  128.230 x1.00] LOG  [Combat] Combo 1: 10 dmg
[ 21770  128.230 x1.00] LOG  [ComboTrace] START step=1 state='Combo1' queued=0 target='OniBoss' at 2.2m
[ 21770  128.230 x1.00] LOG  [ComboTrace] LAUNCH OniBoss at 0.8m dist=0.77m in 0.13s
[ 21792  128.363 x1.00] LOG  [ComboTrace] LAUNCH RESULT wanted=0.77m actually moved=0.00m — completed
[ 21802  128.421 x1.00] LOG  [Combat] Queued click #1 (combo 1)
[ 21802  128.421 x1.00] LOG  [ComboTrace] QUEUED #1 during step 1
[ 21803  128.427 x1.00] LOG  [CameraGameFeel] Shake: intensity=0.20 duration=0.250s
[ 21803  128.427 x1.00] LOG  [Combat] Hit react: HitReact_Light_2Leg (0.5s)
[ 21803  128.427 x1.00] LOG  [CameraGameFeel] Shake: intensity=0.09 duration=0.150s
[ 21803  128.427 x1.00] LOG  [CameraGameFeel] FOV punch: player damage (-2.0°)
[ 21803  128.427 x1.00] LOG  [OniBoss] Hit player for 16 (Club_Swing)
[ 21803  128.427 x1.00] LOG  [AirPosePin] engaged, holding body at 0.639m above the transform
[ 21805  128.439 x1.00] LOG  [AirPosePin] released, peak correction was 0.013m
[ 21807  128.451 x1.00] LOG  [AirPosePin] engaged, holding body at 0.610m above the transform
[ 21813  128.485 x1.00] LOG  [AirPosePin] released, peak correction was 0.000m
[ 21814  128.491 x1.00] LOG  [AirPosePin] engaged, holding body at 0.610m above the transform
[ 21817  128.514 x1.00] LOG  [AirPosePin] released, peak correction was 0.000m
[ 21819  128.526 x1.00] LOG  [AirPosePin] engaged, holding body at 0.610m above the transform
[ 21825  128.562 x1.00] LOG  [AirPosePin] released, peak correction was -0.001m
[ 21889  128.925 x1.00] LOG  [OniBoss] Attack → Recovery
[ 21889  128.925 x1.00] LOG  [OniBoss] Playing animation: Watch
[ 21889  128.925 x1.00] LOG  [OniBoss:Strike] Club_Swing: club tip closest to Yoru at 0.50m, clip position 0.91 | damage fires at 0.55 | clip 1.13s => damage fires 410 ms BEFORE the club is closest
[ 21902  128.997 x1.00] LOG  [Combat] Combo 1: 10 dmg
[ 21902  128.997 x1.00] LOG  [ComboTrace] START step=1 state='Combo1' queued=0 target='OniBoss' at 2.0m
[ 21902  128.997 x1.00] LOG  [ComboTrace] LAUNCH OniBoss at 0.8m dist=0.77m in 0.13s
[ 21914  129.084 x1.00] LOG  [OniBoss] Recovery → Attack
[ 21914  129.084 x1.00] LOG  [OniBoss] Attack: ClubSwing2 (16 dmg)
[ 21920  129.133 x1.00] LOG  [ComboTrace] LAUNCH RESULT wanted=0.77m actually moved=0.00m — completed
[ 21929  129.184 x1.00] LOG  [Combat] Queued click #1 (combo 1)
[ 21929  129.184 x1.00] LOG  [ComboTrace] QUEUED #1 during step 1
[ 21962  129.372 x1.00] LOG  [Combat] Queued click #2 (combo 1)
[ 21962  129.372 x1.00] LOG  [ComboTrace] QUEUED #2 during step 1
[ 21996  129.571 x1.00] LOG  [ComboTrace] CLICK IGNORED (step=1 queued=2)
[ 22001  129.599 x1.00] LOG  [CameraGameFeel] Shake: intensity=0.20 duration=0.250s
[ 22001  129.599 x1.00] LOG  [Combat] Hit react: HitReact_Light_2Leg (0.5s)
[ 22001  129.599 x1.00] LOG  [CameraGameFeel] Shake: intensity=0.09 duration=0.150s
[ 22001  129.599 x1.00] LOG  [CameraGameFeel] FOV punch: player damage (-2.0°)
[ 22001  129.599 x1.00] LOG  [OniBoss] Hit player for 16 (ClubSwing2)
[ 22001  129.599 x1.00] LOG  [AirPosePin] engaged, holding body at 0.641m above the transform
[ 22003  129.611 x1.00] LOG  OniBoss took 10 damage. HP: 235/500
[ 22003  129.611 x1.00] LOG  [OniBoss] 🤕 Hit during Attack — flash only
[ 22003  129.611 x1.00] LOG  [Combat] Hit OniBoss for 10
[ 22003  129.611 x1.00] LOG  [CameraGameFeel] Shake: intensity=0.15 duration=0.150s
[ 22003  129.611 x1.00] LOG  [CameraGameFeel] FOV punch: hit light (+1.5°)
[ 22003  129.611 x1.00] LOG  [AirPosePin] released, peak correction was 0.014m
[ 22004  129.618 x1.00] LOG  [AirPosePin] engaged, holding body at 0.615m above the transform
[ 22022  129.725 x1.00] LOG  [AirPosePin] released, peak correction was 0.005m
[ 22116  130.263 x1.00] LOG  [Combat] Combo 1: 10 dmg
[ 22116  130.263 x1.00] LOG  [ComboTrace] START step=1 state='Combo1' queued=0 target='OniBoss' at 2.1m
[ 22116  130.263 x1.00] LOG  [ComboTrace] LAUNCH OniBoss at 0.8m dist=0.77m in 0.13s
[ 22139  130.394 x1.00] LOG  [ComboTrace] LAUNCH RESULT wanted=0.77m actually moved=0.00m — completed
[ 22155  130.481 x1.00] LOG  [Combat] Queued click #1 (combo 1)
[ 22155  130.481 x1.00] LOG  [ComboTrace] QUEUED #1 during step 1
[ 22193  130.693 x1.00] LOG  [OniBoss] Attack → Recovery
[ 22193  130.693 x1.00] LOG  [OniBoss] Playing animation: Watch
[ 22193  130.693 x1.00] LOG  [OniBoss:Strike] ClubSwing2: club tip closest to Yoru at 1.35m, clip position 0.30 | damage fires at 0.32 | clip 1.58s => MATCHED (within one or two frames)
[ 22197  130.717 x1.00] LOG  [Combat] Queued click #2 (combo 1)
[ 22197  130.717 x1.00] LOG  [ComboTrace] QUEUED #2 during step 1
[ 22220  130.843 x1.00] LOG  [OniBoss] Recovery → Attack
[ 22220  130.843 x1.00] LOG  [OniBoss] Attack: ClubSlam (20 dmg)
[ 22225  130.872 x1.00] LOG  OniBoss took 10 damage. HP: 225/500
[ 22225  130.872 x1.00] LOG  [OniBoss] 🤕 Hit during Attack — flash only
[ 22225  130.872 x1.00] LOG  [Combat] Hit OniBoss for 10
[ 22225  130.872 x1.00] LOG  [CameraGameFeel] Shake: intensity=0.15 duration=0.150s
[ 22225  130.872 x1.00] LOG  [CameraGameFeel] FOV punch: hit light (+1.5°)
[ 22260  131.076 x1.00] LOG  🐾 VFX_AttackPaw triggered!
[ 22272  131.145 x1.00] LOG  [ComboTrace] CLICK IGNORED (step=1 queued=2)
[ 22284  131.213 x1.00] LOG  [Combat] Combo 2: 20 dmg
[ 22284  131.213 x1.00] LOG  [ComboTrace] START step=2 state='Combo2' queued=1 target='OniBoss' at 2.0m
[ 22284  131.213 x1.00] LOG  [ComboTrace] LAUNCH OniBoss at 0.8m dist=0.77m in 0.13s
[ 22307  131.350 x1.00] LOG  [Combat] Queued click #2 (combo 2)
[ 22307  131.350 x1.00] LOG  [ComboTrace] QUEUED #2 during step 2
[ 22307  131.350 x1.00] LOG  [ComboTrace] LAUNCH RESULT wanted=0.77m actually moved=0.00m — completed
[ 22340  131.543 x1.00] LOG  [CameraGameFeel] Shake: intensity=0.50 duration=0.400s
[ 22340  131.543 x1.00] LOG  [Combat] Hit react: HitReact_Heavy_2Leg (0.9s)
[ 22340  131.543 x1.00] LOG  [CameraGameFeel] Shake: intensity=0.28 duration=0.150s
[ 22340  131.543 x1.00] LOG  [CameraGameFeel] FOV punch: player damage (-3.0°)
[ 22340  131.543 x1.00] LOG  [OniBoss] Hit player for 20 (ClubSlam)
[ 22340  131.543 x1.00] LOG  [AirPosePin] engaged, holding body at 0.640m above the transform
[ 22361  131.668 x1.00] LOG  [AirPosePin] released, peak correction was 0.029m
[ 22441  132.127 x1.00] LOG  [OniBoss] Attack → Recovery
[ 22441  132.127 x1.00] LOG  [OniBoss] Playing animation: Watch
[ 22441  132.127 x1.00] LOG  [OniBoss:Strike] ClubSlam: club tip closest to Yoru at 0.31m, clip position 0.94 | damage fires at 0.52 | clip 1.25s => damage fires 524 ms BEFORE the club is closest
[ 22468  132.280 x1.00] LOG  [OniBoss] Recovery → Chase
[ 22469  132.286 x1.00] LOG  [OniBoss] hold-ground: BACKSTEP 1.5m (player 2.0m)
[ 22517  132.562 x1.00] LOG  [Combat] Combo 1: 10 dmg
[ 22517  132.562 x1.00] LOG  [ComboTrace] START step=1 state='Combo1' queued=0 target='OniBoss' at 2.4m
[ 22517  132.562 x1.00] LOG  [ComboTrace] LAUNCH OniBoss at 1.2m dist=1.16m in 0.13s
[ 22539  132.698 x1.00] LOG  [ComboTrace] LAUNCH RESULT wanted=1.16m actually moved=0.61m — completed
[ 22541  132.712 x1.00] LOG  [StormWeather] ⚡ strike at (486.67, 45.00, 453.90)
[ 22551  132.775 x1.00] LOG  [Combat] Queued click #1 (combo 1)
[ 22551  132.775 x1.00] LOG  [ComboTrace] QUEUED #1 during step 1
[ 22585  132.982 x1.00] LOG  [Combat] Queued click #2 (combo 1)
[ 22585  132.982 x1.00] LOG  [ComboTrace] QUEUED #2 during step 1
[ 22618  133.174 x1.00] LOG  OniBoss took 10 damage. HP: 215/500
[ 22618  133.174 x1.00] LOG  [OniBoss] Chase → HitReact
[ 22618  133.174 x1.00] LOG  [OniBoss:Layer] react tier: LIGHT (10 dmg) → 'Hit_react_light'
[ 22618  133.174 x1.00] LOG  [Combat] Hit OniBoss for 10
[ 22618  133.174 x1.00] LOG  [CameraGameFeel] Shake: intensity=0.15 duration=0.150s
[ 22618  133.174 x1.00] LOG  [CameraGameFeel] FOV punch: hit light (+1.5°)
[ 22619  133.181 x1.00] LOG  [ComboTrace] CLICK IGNORED (step=1 queued=2)
[ 22652  133.371 x1.00] LOG  🐾 VFX_AttackPaw triggered!
[ 22653  133.378 x1.00] LOG  [ComboTrace] CLICK IGNORED (step=1 queued=2)
[ 22676  133.509 x1.00] LOG  [Combat] Combo 2: 20 dmg
[ 22676  133.509 x1.00] LOG  [ComboTrace] START step=2 state='Combo2' queued=1 target='OniBoss' at 2.8m
[ 22676  133.509 x1.00] LOG  [ComboTrace] LAUNCH OniBoss at 1.5m dist=1.51m in 0.15s
[ 22688  133.579 x1.00] LOG  [ComboTrace] CLICK DROPPED by attackCooldown (0.10s, 0.07s since last attack) step=2
[ 22702  133.663 x1.00] LOG  [ComboTrace] LAUNCH RESULT wanted=1.51m actually moved=0.82m — completed
[ 22723  133.789 x1.00] LOG  [Combat] Queued click #2 (combo 2)
[ 22723  133.789 x1.00] LOG  [ComboTrace] QUEUED #2 during step 2
[ 22755  133.974 x1.00] LOG  [OniBoss] HitReact → Chase
[ 22756  133.980 x1.00] LOG  [OniBoss] Playing animation: Watch
[ 22759  133.999 x1.00] LOG  [ComboTrace] CLICK IGNORED (step=2 queued=2)
[ 22796  134.209 x1.00] LOG  [ComboTrace] CLICK IGNORED (step=2 queued=2)
[ 22803  134.372 x1.00] LOG  [OniBoss] Combo started: swing1-2 (2 steps remaining)
[ 22803  134.372 x1.00] LOG  [OniBoss] Chase → Attack
[ 22803  134.372 x1.00] LOG  [OniBoss] Attack: Club_Swing (16 dmg)
[ 22803  134.372 x1.00] LOG  🐾🐾 VFX_TowPaw triggered!
[ 22803  134.372 x1.00] LOG  OniBoss took 20 damage. HP: 195/500
[ 22803  134.372 x1.00] LOG  [OniBoss] 🤕 Hit during Attack — flash only
[ 22803  134.372 x1.00] LOG  [Combat] Hit OniBoss for 20
[ 22803  134.372 x1.00] LOG  [CameraGameFeel] Shake: intensity=0.15 duration=0.150s
[ 22803  134.372 x1.00] LOG  [CameraGameFeel] FOV punch: hit light (+1.5°)
[ 22810  134.420 x1.00] LOG  [ComboTrace] CLICK IGNORED (step=2 queued=2)
[ 22846  134.634 x1.00] LOG  [ComboTrace] CLICK IGNORED (step=2 queued=2)
[ 22883  134.844 x1.00] LOG  🐾🐾 VFX_TowPaw triggered!
[ 22885  134.857 x1.00] LOG  [ComboTrace] CLICK IGNORED (step=2 queued=2)
[ 22889  134.880 x1.00] LOG  [Combat] Combo 3: 35 dmg
[ 22889  134.880 x1.00] LOG  [ComboTrace] START step=3 state='Combo3' queued=1 target='OniBoss' at 2.3m
[ 22889  134.880 x1.00] LOG  [ComboTrace] LAUNCH OniBoss at 1.1m dist=1.08m in 0.13s
[ 22899  134.941 x1.00] LOG  OniBoss took 35 damage. HP: 160/500
[ 22899  134.941 x1.00] LOG  [OniBoss] Attack → Stagger
[ 22899  134.941 x1.00] LOG  [OniBoss] Playing animation: Stagger
[ 22899  134.941 x1.00] LOG  [OniBoss] STAGGERED for 2.5s
[ 22899  134.941 x1.00] LOG  [OniBoss:Layer] heavy knock-back react (35 dmg) → 'HitReact_Heavy', down for 1.80s
[ 22899  134.941 x1.00] LOG  [CameraGameFeel] Shake: intensity=0.15 duration=0.150s
[ 22899  134.941 x1.00] LOG  [CameraGameFeel] FOV punch: hit light (+1.5°)
[ 22899  134.941 x1.00] LOG  [OniBoss:Strike] Club_Swing: club tip closest to Yoru at 1.99m, clip position 0.03 | damage fires at 0.55 | clip 1.13s => damage fires 586 ms AFTER the club is closest — it lands once the club has passed her
[ 22910  135.012 x1.00] LOG  [ComboTrace] LAUNCH RESULT wanted=1.08m actually moved=0.47m — completed
[ 22918  135.060 x1.00] LOG  
==================== [FREEZE-DEBUG v3] ====================
  Reason : STUCK-FLAG: atk on for 2.50s
  Time   : 132.038s   Frame: 22918   Snaps: 60
===========================================================

--- CURRENT STATE ---
  Flags: atk=True hvy=False dod=False dsh=False
         grd=False hit=False aerial=False lockPos=False
         comboStep=3
  Anim : speed=1.00  combatLayer hash=-985085662 normT=0.159 weight=1.00 inTransition=False
  CC   : grounded=True  enabled=True  pos=(461.83, 0.11, 440.94)  vel=(0.00, 0.00, 0.00)
  Move : IsRunning=False
  Input: H=0.00 V=0.00  LMB=True MMB=False Q=False Sp=False Sh=False C=False
         WASD pressed in last 0.5s: False (last 4.19s ago)

--- FLIGHT RECORDER (60 snapshots, oldest first, dt=0.10s) ---
  Legend: flags = A(tk) H(vy) D(od) S(sh) G(rd) R(eact) Y(aerial) L(ock)   gnd/cc: Y/n
  t-now    flags     step gnd cc anSp normT layW tr | posX     posZ     spd   | H    V    LMB MMB Q  Sp Sh C
  ------   --------  ---- --- -- ---- ----- ---- -- | -----    -----    ----  | ---- ---- --- --- -- -- -- -
  - 6.21s  -----R--    0  Y   Y  1.00  0.35 1.00 -  |   462.1    439.1  0.00 | -1.0  0.0 0   0   0  0  1  0
  - 6.10s  --------    0  Y   Y  1.00  0.44 1.00 T  |   462.1    439.1  0.00 | -1.0  0.0 1   0   0  0  1  0
  - 6.00s  A-------    1  Y   Y  1.00  0.05 1.00 -  |   462.1    439.0  0.00 | -1.0  0.0 0   0   0  0  1  0
  - 5.89s  A-------    1  Y   Y  1.00  0.13 1.00 -  |   462.1    439.0  0.00 | -1.0  0.0 1   0   0  0  1  0
  - 5.79s  A-------    1  Y   Y  1.00  0.22 1.00 -  |   462.1    439.0  0.00 | -1.0  0.0 1   0   0  0  1  0
  - 5.69s  A-------    1  Y   Y  1.00  0.30 1.00 -  |   462.1    439.0  0.00 | -1.0  0.0 0   0   0  0  1  0
  - 5.59s  A-------    1  Y   Y  1.00  0.38 1.00 -  |   462.1    439.0  0.00 | -1.0  0.0 1   0   0  0  1  0
  - 5.48s  A-------    1  Y   Y  1.00  0.47 1.00 -  |   462.1    439.0  0.00 | -1.0  0.0 0   0   0  1  1  0
  - 5.38s  -----R--    0  Y   Y  1.00  0.03 1.00 -  |   462.1    439.0  0.00 | -1.0  0.0 1   0   0  0  1  0
  - 5.27s  -----R--    0  Y   Y  1.00  0.12 1.00 -  |   462.1    439.0  0.00 | -1.0  0.0 1   0   0  1  1  0
  - 5.17s  -----R--    0  Y   Y  1.00  0.21 1.00 -  |   462.1    439.0  0.00 | -1.0  0.0 0   0   0  0  1  0
  - 5.07s  -----R--    0  Y   Y  1.00  0.29 1.00 -  |   462.1    439.0  0.00 | -1.0  0.0 1   0   0  0  1  0
  - 4.97s  -----R--    0  Y   Y  1.00  0.37 1.00 -  |   462.1    439.0  0.00 | -1.0  0.0 0   0   0  1  1  0
  - 4.87s  --------    0  Y   Y  1.00  0.46 1.00 T  |   462.0    439.0  0.00 | -1.0  0.0 1   0   0  1  1  0
  - 4.76s  A-------    1  Y   Y  1.00  0.19 1.00 T  |   462.0    439.0  0.00 | -1.0  0.0 0   0   0  0  1  0
  - 4.66s  A-------    1  Y   Y  1.00  0.11 1.00 -  |   462.0    439.0  0.00 | -1.0  0.0 1   0   0  0  1  0
  - 4.56s  A-------    1  Y   Y  1.00  0.19 1.00 -  |   462.0    439.0  0.00 | -1.0  0.0 0   0   0  0  1  0
  - 4.45s  A-------    1  Y   Y  1.00  0.28 1.00 -  |   462.0    439.0  0.00 | -1.0  0.0 1   0   0  0  1  0
  - 4.35s  A-------    1  Y   Y  1.00  0.36 1.00 -  |   462.0    439.0  0.00 | -1.0  0.0 1   0   0  1  1  0
  - 4.25s  A-------    1  Y   Y  1.00  0.44 1.00 -  |   462.0    439.0  0.00 | -1.0  0.0 0   0   0  0  1  0
  - 4.15s  A-------    1  Y   Y  0.00  0.50 1.00 -  |   462.0    439.0  0.00 |  0.0  0.0 0   0   0  0  0  0
  - 4.05s  A-------    1  Y   Y  1.00  0.57 1.00 -  |   462.0    439.0  0.00 |  0.0  0.0 1   0   0  0  0  0
  - 3.95s  A-------    1  Y   Y  1.00  0.66 1.00 -  |   462.0    439.0  0.00 |  0.0  0.0 1   0   0  0  0  0
  - 3.84s  A-------    2  Y   Y  1.00  0.74 1.00 -  |   462.0    439.0  0.00 |  0.0  0.0 0   0   0  0  1  0
  - 3.74s  A-------    2  Y   Y  1.00  0.06 1.00 -  |   462.0    439.0  0.00 |  0.0  0.0 1   0   0  0  1  0
  - 3.63s  A-------    2  Y   Y  1.00  0.12 1.00 -  |   462.0    439.0  0.00 |  0.0  0.0 0   0   0  0  1  0
  - 3.53s  A-------    2  Y   Y  1.00  0.17 1.00 -  |   462.0    439.0  0.00 |  0.0  0.0 1   0   0  0  0  0
  - 3.43s  -----R--    0  n   Y  1.00  0.07 1.00 -  |   462.0    439.0  0.00 |  0.0  0.0 0   0   0  0  0  0
  - 3.32s  -----R--    0  Y   Y  1.00  0.16 1.00 -  |   462.0    439.0  0.00 |  0.0  0.0 1   0   0  0  0  0
  - 3.22s  -----R--    0  Y   Y  1.00  0.24 1.00 -  |   462.0    439.0  0.00 |  0.0  0.0 0   0   0  0  0  0
  - 3.12s  -----R--    0  Y   Y  1.00  0.33 1.00 -  |   462.0    439.0  0.00 |  0.0  0.0 1   0   0  0  0  0
  - 3.01s  -----R--    0  Y   Y  1.00  0.41 1.00 -  |   462.0    439.0  0.00 |  0.0  0.0 0   0   0  0  0  0
  - 2.91s  -----R--    0  Y   Y  1.00  0.50 1.00 -  |   462.0    439.0  0.00 |  0.0  0.0 1   0   0  0  0  0
  - 2.81s  -----R--    0  Y   Y  1.00  0.58 1.00 -  |   462.0    439.0  0.00 |  0.0  0.0 0   0   0  0  0  0
  - 2.70s  -----R--    0  Y   Y  1.00  0.67 1.00 -  |   462.0    439.0  0.00 |  0.0  0.0 1   0   0  0  0  0
  - 2.60s  --------    0  Y   Y  1.00  0.75 1.00 T  |   462.0    439.0  0.00 |  0.0  0.0 1   0   0  0  0  0
  - 2.50s  A-------    1  Y   Y  1.00  0.11 1.00 -  |   462.0    439.1  17.38 |  0.0  0.0 0   0   0  0  0  0
  - 2.39s  A-------    1  Y   Y  1.00  0.08 1.00 -  |   461.9    439.6  0.00 |  0.0  0.0 1   0   0  0  0  0
  - 2.29s  A-------    1  Y   Y  1.00  0.16 1.00 -  |   461.9    439.6  0.00 |  0.0  0.0 1   0   0  0  0  0
  - 2.19s  A-------    1  Y   Y  1.00  0.24 1.00 -  |   461.9    439.6  0.00 |  0.0  0.0 1   0   0  0  0  0
  - 2.09s  A-------    1  Y   Y  1.00  0.33 1.00 -  |   461.9    439.6  0.00 |  0.0  0.0 1   0   0  0  0  0
  - 1.99s  A-------    1  Y   Y  1.00  0.41 1.00 -  |   461.9    439.6  0.00 |  0.0  0.0 1   0   0  0  0  0
  - 1.89s  A-------    1  Y   Y  1.00  0.49 1.00 -  |   461.9    439.6  0.00 |  0.0  0.0 1   0   0  0  0  0
  - 1.79s  A-------    1  Y   Y  1.00  0.55 1.00 -  |   461.9    439.6  0.00 |  0.0  0.0 1   0   0  0  0  0
  - 1.68s  A-------    1  Y   Y  1.00  0.63 1.00 -  |   461.9    439.6  0.00 |  0.0  0.0 0   0   0  0  0  0
  - 1.58s  A-------    1  Y   Y  1.00  0.71 1.00 -  |   461.9    439.6  0.00 |  0.0  0.0 1   0   0  0  0  0
  - 1.47s  A-------    2  Y   Y  1.00  0.04 1.00 -  |   461.9    440.5  0.00 |  0.0  0.0 0   0   0  0  0  0
  - 1.37s  A-------    2  Y   Y  1.00  0.10 1.00 -  |   461.9    440.5  0.00 |  0.0  0.0 1   0   0  0  0  0
  - 1.27s  A-------    2  Y   Y  1.00  0.15 1.00 -  |   461.9    440.5  0.00 |  0.0  0.0 0   0   0  0  0  0
  - 1.17s  A-------    2  Y   Y  1.00  0.21 1.00 -  |   461.9    440.5  0.00 |  0.0  0.0 1   0   0  0  0  0
  - 1.06s  A-------    2  Y   Y  1.00  0.27 1.00 -  |   461.9    440.5  0.00 |  0.0  0.0 0   0   0  0  0  0
  - 0.96s  A-------    2  Y   Y  1.00  0.33 1.00 -  |   461.9    440.5  0.00 |  0.0  0.0 1   0   0  0  0  0
  - 0.86s  A-------    2  Y   Y  1.00  0.39 1.00 -  |   461.9    440.5  0.00 |  0.0  0.0 1   0   0  0  0  0
  - 0.69s  A-------    2  Y   Y  1.00  0.42 1.00 -  |   461.9    440.5  0.00 |  0.0  0.0 1   0   0  0  0  0
  - 0.59s  A-------    2  Y   Y  1.00  0.52 1.00 -  |   461.9    440.5  0.00 |  0.0  0.0 0   0   0  0  0  0
  - 0.48s  A-------    2  Y   Y  1.00  0.58 1.00 -  |   461.9    440.5  0.00 |  0.0  0.0 1   0   0  0  0  0
  - 0.38s  A-------    2  Y   Y  1.00  0.64 1.00 -  |   461.9    440.5  0.00 |  0.0  0.0 0   0   0  0  0  0
  - 0.28s  A-------    2  Y   Y  1.00  0.70 1.00 -  |   461.9    440.5  0.00 |  0.0  0.0 1   0   0  0  0  0
  - 0.17s  A-------    3  Y   Y  1.00  0.76 1.00 -  |   461.9    440.6  0.00 |  0.0  0.0 0   0   0  0  0  0
  - 0.07s  A-------    3  Y   Y  1.00  0.07 1.00 -  |   461.8    440.9  2.98 |  0.0  0.0 1   0   0  0  0  0
=========================================================== END

[ 22920  135.073 x1.00] LOG  [ComboTrace] CLICK IGNORED (step=3 queued=1)
[ 22962  135.324 x1.00] LOG  [ComboTrace] CLICK IGNORED (step=3 queued=1)
[ 23002  135.553 x1.00] LOG  [ComboTrace] CLICK IGNORED (step=3 queued=1)
[ 23025  135.688 x1.00] LOG  [ComboTrace] END step=3 clipProgress=0.95 clipLen=0.79s queued=0 elapsed=0.81s
[ 23045  135.803 x1.00] LOG  [Combat] Combo 1: 10 dmg
[ 23045  135.803 x1.00] LOG  [ComboTrace] START step=1 state='Combo1' queued=0 target='OniBoss' at 2.8m
[ 23045  135.803 x1.00] LOG  [ComboTrace] LAUNCH OniBoss at 1.5m dist=1.47m in 0.15s
[ 23069  135.954 x1.00] LOG  [ComboTrace] LAUNCH RESULT wanted=1.47m actually moved=0.78m — completed
[ 23083  136.039 x1.00] LOG  [Combat] Queued click #1 (combo 1)
[ 23083  136.039 x1.00] LOG  [ComboTrace] QUEUED #1 during step 1
[ 23122  136.269 x1.00] LOG  [Combat] Queued click #2 (combo 1)
[ 23122  136.269 x1.00] LOG  [ComboTrace] QUEUED #2 during step 1
[ 23147  136.412 x1.00] LOG  OniBoss punish window! 10 → 15 (x1.5)
[ 23147  136.412 x1.00] LOG  OniBoss took 15 damage. HP: 145/500
[ 23147  136.412 x1.00] LOG  [Combat] Hit OniBoss for 10
[ 23147  136.412 x1.00] LOG  [CameraGameFeel] Shake: intensity=0.15 duration=0.150s
[ 23147  136.412 x1.00] LOG  [CameraGameFeel] FOV punch: hit light (+1.5°)
[ 23161  136.493 x1.00] LOG  [ComboTrace] CLICK IGNORED (step=1 queued=2)
[ 23181  136.613 x1.00] LOG  🐾 VFX_AttackPaw triggered!
[ 23200  136.722 x1.00] LOG  [ComboTrace] CLICK IGNORED (step=1 queued=2)
[ 23204  136.745 x1.00] LOG  [OniBoss] Stagger → Chase
[ 23205  136.751 x1.00] LOG  [OniBoss] Playing animation: Watch
[ 23205  136.751 x1.00] LOG  [OniBoss] Combo started: swing1-2 (2 steps remaining)
[ 23205  136.751 x1.00] LOG  [OniBoss] Chase → Attack
[ 23205  136.751 x1.00] LOG  [OniBoss] Attack: Club_Swing (16 dmg)
[ 23205  136.751 x1.00] LOG  [Combat] Combo 2: 20 dmg
[ 23205  136.751 x1.00] LOG  [ComboTrace] START step=2 state='Combo2' queued=1 target='OniBoss' at 2.9m
[ 23205  136.751 x1.00] LOG  [ComboTrace] LAUNCH OniBoss at 1.6m dist=1.58m in 0.16s
[ 23231  136.909 x1.00] LOG  [ComboTrace] LAUNCH RESULT wanted=1.58m actually moved=0.90m — completed
[ 23236  136.937 x1.00] LOG  [Combat] Queued click #2 (combo 2)
[ 23236  136.937 x1.00] LOG  [ComboTrace] QUEUED #2 during step 2
[ 23274  137.164 x1.00] LOG  [ComboTrace] CLICK IGNORED (step=2 queued=2)
[ 23311  137.379 x1.00] LOG  [CameraGameFeel] Shake: intensity=0.20 duration=0.250s
[ 23311  137.379 x1.00] LOG  [Combat] Hit react: HitReact_Light_2Leg (0.5s)
[ 23311  137.379 x1.00] LOG  [CameraGameFeel] Shake: intensity=0.09 duration=0.150s
[ 23311  137.379 x1.00] LOG  [CameraGameFeel] FOV punch: player damage (-2.0°)
[ 23311  137.379 x1.00] LOG  [OniBoss] Hit player for 16 (Club_Swing)
[ 23313  137.390 x1.00] LOG  [AirPosePin] engaged, holding body at 0.615m above the transform
[ 23314  137.396 x1.00] LOG  [AirPosePin] released, peak correction was 0.000m
[ 23316  137.408 x1.00] LOG  [AirPosePin] engaged, holding body at 0.610m above the transform
[ 23319  137.425 x1.00] LOG  [AirPosePin] released, peak correction was 0.000m
[ 23320  137.431 x1.00] LOG  [AirPosePin] engaged, holding body at 0.610m above the transform
[ 23322  137.446 x1.00] LOG  [AirPosePin] released, peak correction was 0.000m
[ 23323  137.453 x1.00] LOG  [AirPosePin] engaged, holding body at 0.610m above the transform
[ 23325  137.468 x1.00] LOG  [AirPosePin] released, peak correction was 0.000m
[ 23326  137.475 x1.00] LOG  [AirPosePin] engaged, holding body at 0.610m above the transform
[ 23327  137.481 x1.00] LOG  [AirPosePin] released, peak correction was 0.000m
[ 23330  137.497 x1.00] LOG  [AirPosePin] engaged, holding body at 0.611m above the transform
[ 23331  137.504 x1.00] LOG  [AirPosePin] released, peak correction was 0.000m
[ 23386  137.817 x1.00] LOG  [StormWeather] ⚡ strike at (485.65, 45.00, 453.99)
[ 23396  137.878 x1.00] LOG  [OniBoss] Attack → Recovery
[ 23396  137.878 x1.00] LOG  [OniBoss] Playing animation: Watch
[ 23396  137.878 x1.00] LOG  [OniBoss:Strike] Club_Swing: club tip closest to Yoru at 0.50m, clip position 0.91 | damage fires at 0.55 | clip 1.13s => damage fires 407 ms BEFORE the club is closest
[ 23421  138.032 x1.00] LOG  [Combat] Combo 1: 10 dmg
[ 23421  138.032 x1.00] LOG  [ComboTrace] START step=1 state='Combo1' queued=0 target='OniBoss' at 2.1m
[ 23421  138.032 x1.00] LOG  [ComboTrace] LAUNCH OniBoss at 0.8m dist=0.77m in 0.13s
[ 23421  138.032 x1.00] LOG  [OniBoss] Recovery → Attack
[ 23421  138.032 x1.00] LOG  [OniBoss] Attack: ClubSwing2 (16 dmg)
[ 23443  138.162 x1.00] LOG  [ComboTrace] LAUNCH RESULT wanted=0.77m actually moved=0.00m — completed
[ 23461  138.263 x1.00] LOG  [Combat] Queued click #1 (combo 1)
[ 23461  138.263 x1.00] LOG  [ComboTrace] QUEUED #1 during step 1
[ 23506  138.547 x1.00] LOG  [CameraGameFeel] Shake: intensity=0.20 duration=0.250s
[ 23506  138.547 x1.00] LOG  [Combat] Hit react: HitReact_Heavy_2Leg (0.9s)
[ 23506  138.547 x1.00] LOG  [CameraGameFeel] Shake: intensity=0.28 duration=0.150s
[ 23506  138.547 x1.00] LOG  [CameraGameFeel] FOV punch: player damage (-3.0°)
[ 23506  138.547 x1.00] LOG  [OniBoss] Hit player for 16 (ClubSwing2)
[ 23506  138.547 x1.00] LOG  [AirPosePin] engaged, holding body at 0.642m above the transform
[ 23508  138.560 x1.00] LOG  [AirPosePin] released, peak correction was 0.015m
[ 23509  138.566 x1.00] LOG  [AirPosePin] engaged, holding body at 0.610m above the transform
[ 23525  138.662 x1.00] LOG  [AirPosePin] released, peak correction was -0.002m
[ 23526  138.669 x1.00] LOG  [AirPosePin] engaged, holding body at 0.611m above the transform
[ 23528  138.681 x1.00] LOG  [AirPosePin] released, peak correction was 0.000m
[ 23658  139.603 x1.00] LOG  [OniBoss] Attack → Recovery
[ 23658  139.603 x1.00] LOG  [OniBoss] Playing animation: Watch
[ 23658  139.603 x1.00] LOG  [OniBoss:Strike] ClubSwing2: club tip closest to Yoru at 1.37m, clip position 0.30 | damage fires at 0.32 | clip 1.58s => MATCHED (within one or two frames)
[ 23683  139.755 x1.00] LOG  [OniBoss] Recovery → Chase
[ 23684  139.762 x1.00] LOG  [OniBoss] hold-ground: BACKSTEP 1.5m (player 2.0m)
[ 23734  140.058 x1.00] LOG  [StormWeather] terrain layers restored to dry values.
# end — 1623 lines
