# Oni combat log — 2026-09-23 22:18:46
# Unity 6000.2.7f2 | scene 'CaveScene_Oni_Boss1' | platform OSXEditor
# columns: [frame realSeconds timeScale] KIND message      (KIND: LOG WARN ERR EXC TEL)
#
[     0    0.000 x1.00] LOG  [OniLog] console + telemetry → /Users/asenahazal/Documents/Yoru/OniLogs/oni_2026-09-23_22-18-46.log
[     0    0.000 x1.00] LOG  [OniHairShadows] shadow casting off on 27 hair renderers
[     0    0.000 x1.00] LOG  [RingMesh] Auto-found 11/11 left, 11/11 right meshes
[     1    0.000 x1.00] LOG  [GameOver] ready (sumi-e): PlayerCombat found, ink shader ok, paper set, kanji set, font YujiSyuku-Regular SDF, Main Menu faint (no scene set)
[     1    0.000 x1.00] LOG  [Pause] ready: key Escape, paper shader ok, paper set, kanji set, font YujiSyuku-Regular SDF, capture ScreenGrab, Main Menu faint (no scene set)
[     1    0.000 x1.00] LOG  [PeachUI] row ready: 4 peaches, 64 px, TopLeft, bleed sprite set, PlayerHealth found
[     1    0.000 x1.00] LOG  [BossBar] BossHealthBarUI initialized
[     1    0.000 x1.00] LOG  [StormWeather] layer 'TerrainLayer_Dirt_01' dry smoothness=0.00 (restore to this if a crash ever leaves it wet)
[     1    0.000 x1.00] LOG  [StormWeather] post volumes ready on layer 9 (storm priority 10, flash priority 11).
[     1    0.000 x1.00] LOG  [StormWeather] COZY bridge: Rain_Cave retired, COZY owns the rain now.
[     1    0.000 x1.00] LOG  [StormWeather] COZY → 'Clear' (pre-fight - open sky, 0 s)
[     1    0.000 x1.00] LOG  [StormWeather] Ready. Open sky, dry floor. Waiting for the fight.
[     1    0.000 x1.00] LOG  OniBoss initialized with 2500 HP
[     1    0.000 x1.00] LOG  [OniBoss] ANIMATOR SETUP: cullingMode=CullUpdateTransforms updateMode=Normal applyRootMotion=False speed=1
[     1    0.000 x1.00] LOG  [OniBoss] Initialized
[     1    0.000 x1.00] LOG  [OniBoss:Layer] facing: minFlat 1m, snapOnAttack off, trackInHitReact off, aimTurn 540 deg/s for the first 0.20 of the swing
[     1    0.000 x1.00] LOG  [OniBoss:Layer] animator speed x1.35 — his 1.13s swing now plays in 0.84s.
[     1    0.000 x1.00] LOG  [OniBoss:Layer] chase speed pushed: phase1 4.5, phase2 5.5 (Yoru runs at 7).
[     1    0.000 x1.00] LOG  [OniBoss:Layer] ground wave ON (round 38): half the club's damage on TOUCH, 12m/s x 6.0m from 1.6m in front at 0.35m height — a club hit cancels that swing's wave, jumping clears it. Per-attack effects come from the Swing Wave VFX By Attack rows. PlayerHealth found, PlayerMovement found.
[     1    0.000 x1.00] LOG  [StormWeather] storm break HELD (waiting for the lightning beat)
[     1    0.000 x1.00] LOG  [OniBoss:Layer] storm break HELD — it releases at the lightning-on-the-club beat.
[     1    0.000 x1.00] LOG  [OniBoss:Layer] club tracking ON — tip 'Kanabo3' (depth 4), shaft root 'kanabo'.
[     1    0.000 x1.00] LOG  [OniBoss:Layer] skinned meshes: 46 renderer(s), updateWhenOffscreen ON, body renderer 'Body' rootBone 'Hips'
[     1    0.000 x1.00] LOG  [OniBoss:Layer] charge travel bone: 'Hips' at depth 1 under 'OniBoss', rest local (0.00, 3.24, -0.24)
[     1    0.000 x1.00] LOG  [OniBoss:Layer] anti-kite ON: thrown swing after 4s of failed chase (within 7.6m), charge after 6s.
[     1    0.000 x1.00] LOG  [OniBoss:Layer] charge drive ON (windup to 0.40 at x1.3, rush 14m/s stops at 2.6m, steers 0.35s then commits, strike section from 0.58, strike moment 0.76, trail VFX off)
[     1    0.000 x1.00] LOG  [OniBoss:Layer] attack armor ON (his swings are not interrupted by light/medium hits; heavy hits and rapid-hit bursts still stop him)
[     1    0.000 x1.00] LOG  [OniBoss:Layer] strike moments overridden: Club_Swing=0.42 ClubSwing2=0.32 ClubSlam=0.85 KanaboSweep=0.48
[     1    0.000 x1.00] LOG  [OniBoss:Layer] club TOUCH hits ON (radius 0.70m, min tip speed 50m/s, armed from 0.20 of the clip): Club_Swing ClubSwing2 ClubSlam KanaboSweep. First touch wins — club full damage, wave half, one hit per swing.
[     1    0.000 x1.00] LOG  [OniBoss:Layer] combo damage ramp ON: mid x1.25, finisher x1.50 — finisher wave carries FULL damage at x2.0 size, x2.0 travel.
[     1    0.000 x1.00] LOG  [OniBoss:Layer] charge follow-up ON: 90 % of solo charges chain into a random melee finisher.
[     1    0.000 x1.00] LOG  [OniBoss:Layer] hold-ground ON (backstep 1.5m @ 1.6m/s after own attacks, watch 'Watch', attack facing LOCKED)
[     1    0.000 x1.00] LOG  [OniBoss:Layer] OniBoss layer ready (reactions, wake-on-hit, watch stance, boss bar). player=found
[     1    0.000 x1.00] LOG  [OniBoss:Layer] charge clip 'Oni Charge.fbx' imports with Root Motion Node = None (in place) — good.
[     1    0.000 x1.00] LOG  [OniBoss:Layer] clips importing with Root Transform Position (Y) NOT baked into pose (12): Oni_Alert(Oni Alert), Club_Slam(Oni Club Slam), Club_Swing(Oni Club Swing), Club_swing2(Oni Club Swing 2), Death(Oni Death Kneel), KanaboSweep(Oni Kanabo sweep), Phase_Transition(Oni Phase transition), run(Oni Run), Walk(Oni Walk), Watch(Oni Watch), Idle(Oni Idle), Hit_react_light(Oni NEWHit react light) — their hips' up/down motion is stripped (see round notes; optional).
[     1    0.000 x1.00] LOG  === VFX MANAGER INITIALIZED ===
[     1    0.000 x1.00] LOG  Auto-detect animations: False
[     1    0.000 x1.00] LOG  Parent effects to tail: True
[     1    0.000 x1.00] LOG  Prefabs: Jump=True, Land=True, LTail=True, RTail=True
[     1    0.000 x1.00] LOG  ✅ Left Tail Tip: LeftTailTip_Anchor
[     1    0.000 x1.00] LOG  ✅ Right Tail Tip: RightTailTip_Anchor
[     1    0.000 x1.00] LOG  [VolumetricFogController] applyPresets is OFF in this scene. The Volumetric Fog component keeps its hand-set inspector values.
[     1    0.000 x1.00] LOG  [TailAirShot] Ready. drawState=RightTail_Fast castParam=TailCastSpeed (found)
  arrow leaves: PlayerYoru_1.1/Cat_All_10_Tails_v4/Group/DeformationSystem/root/Root_M/Tail15_R/Tail151_R/Tail152_R/Tail153_R/Tail154_R/Tail155_R/Tail156_R/Tail157_R/Tail158_R/Tail159_R/Tail1510_R/Tail1511_R/Tail1512_R/Tail6_R/Tail6_R_end/Tail6_R_end_end/Tail6_R_end_end_end/RightTailTip_Anchor
  aim VFX: PlayerYoru_1.1/Cat_All_10_Tails_v4/Group/DeformationSystem/root/Root_M/Tail15_R/Tail151_R/Tail152_R/Tail153_R/Tail154_R/Tail155_R/Tail156_R/Tail157_R/Tail158_R/Tail159_R/Tail1510_R/Tail1511_R/Tail1512_R/Tail6_R/Tail6_R_end/Tail6_R_end_end/Tail6_R_end_end_end/RightTailTip_Anchor/vfx_Muzzle_Fireball01Blue
[     1    0.000 x1.00] LOG  [RingMesh] VFX Status:
[     1    0.000 x1.00] LOG    Left: Prefab=✓, Spawn=Tail6_L_end_end_end
[     1    0.000 x1.00] LOG    Right: Prefab=✓, Spawn=Tail6_R_end_end_end
[     1    0.000 x1.00] LOG  [TailAirShot4Leg] Ready. drawState=shoot_4Leg castParam=Shoot4LegSpeed (found) readyFrame=5 fireFrame=10 frames=24 slowBudget=3s real damageMultiplier=2.00
  arrow leaves: PlayerYoru_1.1/Cat_All_10_Tails_v4/Group/DeformationSystem/root/Root_M/Tail15_R/Tail151_R/Tail152_R/Tail153_R/Tail154_R/Tail155_R/Tail156_R/Tail157_R/Tail158_R/Tail159_R/Tail1510_R/Tail1511_R/Tail1512_R/Tail6_R/Tail6_R_end/Tail6_R_end_end/Tail6_R_end_end_end/RightTailTip_Anchor
  aim VFX left:  PlayerYoru_1.1/Cat_All_10_Tails_v4/Group/DeformationSystem/root/Root_M/Tail15_L/Tail151_L/Tail152_L/Tail153_L/Tail154_L/Tail155_L/Tail156_L/Tail157_L/Tail158_L/Tail159_L/Tail1510_L/Tail1511_L/Tail1512_L/Tail6_L/Tail6_L_end/Tail6_L_end_end/Tail6_L_end_end_end/LeftTailTip_Anchor/Glow_4Leg_L
  aim VFX right: PlayerYoru_1.1/Cat_All_10_Tails_v4/Group/DeformationSystem/root/Root_M/Tail15_R/Tail151_R/Tail152_R/Tail153_R/Tail154_R/Tail155_R/Tail156_R/Tail157_R/Tail158_R/Tail159_R/Tail1510_R/Tail1511_R/Tail1512_R/Tail6_R/Tail6_R_end/Tail6_R_end_end/Tail6_R_end_end_end/RightTailTip_Anchor/Glow_4Leg_R
[     1    0.000 x1.00] LOG  [PlayerCombat] Phase 2 form gate CONNECTED (FormController found on this GameObject).
[     1    0.000 x1.00] LOG  [Combat] PlayerCombat initialized, Phase 3C v27
[     1    0.000 x1.00] LOG  [YoruFurWeather] fur weather ready on 'Weather Zone'. Rain 0, wind 0.50 in the open, roof check 30 m above her. Wind level and floor from StormWeather on 'StormWeather'.
[     1    0.000 x1.00] LOG  [CameraGameFeel] CameraGameFeel initialized (shake + FOV)
[     1    8.171 x1.00] LOG  [OniBoss] Playing animation: Idle
[     4   10.277 x1.00] LOG  💨 Landing VFX spawned!
[     4   10.277 x1.00] LOG  ✅ LANDED! (was jump #0)
[   939   17.520 x1.00] LOG  [OniBoss:Layer] watch stance ON (player 15.0m)
[  1053   18.386 x1.00] LOG  [OniBoss] LostSoul → Alert
[  1053   18.386 x1.00] LOG  [OniBoss] Playing animation: Oni_Alert
[  1053   18.386 x1.00] LOG  [BossBar] Showing bar for: Oni (2500/2500)
[  1053   18.386 x1.00] LOG  [OniBoss:Layer] boss bar shown
[  1054   18.398 x1.00] LOG  [StormWeather] COZY → 'Yoru_Oni_Phase1_Storm' (fight engaged - storm rolls in, 0 s)
[  1054   18.398 x1.00] LOG  [StormWeather] FIGHT STARTED (he engaged) - storm on, floor starts to soak.
[  1055   18.409 x1.00] WARN The referenced script on this Behaviour (Game Object '<null>') is missing!
[  1055   18.409 x1.00] WARN The referenced script on this Behaviour (Game Object 'Lightning Light') is missing!
[  1055   18.409 x1.00] WARN The referenced script on this Behaviour (Game Object 'Lightning Light') is missing!
[  1074   18.616 x1.00] LOG  [YoruFurWeather] rain reaching the coat (intensity 0.01, follows floor wetness).
[  1102   18.887 x1.00] LOG  [OniBoss] Alert → Chase
[  1103   18.892 x1.00] LOG  [OniBoss] Pull-band decision: RUN-IN (dist 5.5m, pullRange 0m, chance 0.50)
[  1103   18.892 x1.00] LOG  [OniBoss] Playing animation: run
[  1133   19.140 x1.00] LOG  [OniBoss] Playing animation: Watch
[  1133   19.140 x1.00] LOG  [OniBoss] Chase → Attack
[  1133   19.140 x1.00] LOG  [OniBoss] Attack: ClubSwing2 (16 dmg)
[  1133   19.140 x1.00] LOG  [OniBoss:Trail] ClubSwing2 trail START at clip 0.26 (transition done).
[  1139   19.196 x1.00] LOG  [StormWeather] storm post weight -> 0.40
[  1145   19.246 x1.00] LOG  🐾 4-LEG JUMP #0
[  1145   19.246 x1.00] LOG  🐾 Jump 1 VFX spawned!
[  1177   19.528 x1.00] LOG  [OniBoss:ClubPos] ClubSwing2 at strike: club tip 0.12m up, 1.74m in front, 2.50m to his right (3.05m out from his centre). Club faces 9deg from his forward, pitch -0.88. (the ground wave is born 1.6m in front of him at 0.35m.)
[  1177   19.528 x1.00] LOG  [OniBoss:Layer] ClubSwing2: club has not connected — ground wave released ARMED, 1.6m in front, 12m/s x 6.0m = 0.50s, carrying 8 (half of the club's 16).
[  1181   19.562 x1.00] LOG  [ComboTrace] LAUNCH OniBoss at 0.6m dist=0.57m in 0.13s [AIRBORNE]
[  1181   19.562 x1.00] LOG  [Combat] Aerial spin, 25 dmg
[  1181   19.562 x1.00] LOG  [YoruVFX] Air spin: 'VFX_Void_Burst_AirSpinYoru' at CenterVFX, 46 systems, longest 1.00s fitted to 0.79s at speed 1.27, 8 forced Local, 38 delays zeroed, tail 2.37s
[  1181   19.562 x1.00] LOG  OniBoss took 10 damage. HP: 2490/2500
[  1181   19.562 x1.00] LOG  [OniBoss] 🤕 Hit during Attack — flash only
[  1181   19.562 x1.00] LOG  [Momentum] 0 -> 1 (hit), speed x1.05, damage x1.05, impact x1.05
[  1181   19.562 x1.00] LOG  [CameraGameFeel] Shake: intensity=0.06 duration=0.080s
[  1181   19.562 x1.00] LOG  [CameraGameFeel] Shake: intensity=0.53 duration=0.200s
[  1181   19.562 x1.00] LOG  [CameraGameFeel] FOV punch: hit light (+1.5°)
[  1181   19.562 x1.00] LOG  [AirPosePin] engaged, holding body at 0.931m above the transform
[  1191   19.691 x1.00] LOG  [ComboTrace] LAUNCH RESULT wanted=0.57m actually moved=0.26m, completed
[  1194   19.719 x1.00] LOG  OniBoss took 10 damage. HP: 2480/2500
[  1194   19.719 x1.00] LOG  [OniBoss] 🤕 Hit during Attack — flash only
[  1194   19.719 x1.00] LOG  [CameraGameFeel] Shake: intensity=0.18 duration=0.200s
[  1211   19.872 x1.00] LOG  OniBoss took 10 damage. HP: 2470/2500
[  1211   19.872 x1.00] LOG  [OniBoss] 🤕 Hit during Attack — flash only
[  1211   19.872 x1.00] LOG  [OniBoss] Attack → Stagger
[  1211   19.872 x1.00] LOG  [OniBoss] Playing animation: Stagger
[  1211   19.872 x1.00] LOG  [OniBoss] STAGGERED for 2.5s
[  1211   19.872 x1.00] LOG  [OniBoss:Layer] heavy knock-back react (swirl burst, 3 hits / 30 dmg) → 'HitReact_Heavy', down for 1.80s
[  1211   19.872 x1.00] LOG  [OniReactTrace] #1 HEAVY (0 dmg) asked for 'HitReact_Heavy': crossfade 0.08s, animator speed 1.35, world x1.00
[  1211   19.872 x1.00] LOG  [OniBoss:Layer] burst: 3 hits / 30 dmg inside 0.8s → knock-back + 0.90m push
[  1211   19.872 x1.00] LOG  [Momentum] 1 -> 2 (hit), speed x1.10, damage x1.10, impact x1.10
[  1211   19.872 x1.00] LOG  [CameraGameFeel] Shake: intensity=0.06 duration=0.080s
[  1211   19.872 x1.00] LOG  [CameraGameFeel] Shake: intensity=0.19 duration=0.200s
[  1211   19.872 x1.00] LOG  [OniBoss:Touch] ClubSwing2: no touch this swing, closest 1.17m at clip 0.28 (head 0.54 along the club), fastest tip 110m/s (radius 0.70, min speed 50, max tip height 2.5m).
[  1211   19.872 x1.00] LOG  [OniBoss:Strike] ClubSwing2: club tip closest to Yoru at 2.28m, clip position 0.29 | damage fires at 0.32 | clip 1.17s => damage fires 32 ms AFTER the club is closest — it lands once the club has passed her
[  1212   19.886 x1.00] LOG  [OniBoss:Trail] trail END at clip 0.57, fading over 0.40s.
[  1212   19.886 x1.00] LOG  [OniReactTrace] #1 +0.01s state SOMETHING ELSE, clip on his bones 'Take 001' weight 0.86, blending INTO 'HitReact_Heavy', layer weight 1.00, animator speed 1.35, world x1.00, engine Stagger
[  1222   19.974 x1.00] LOG  [OniReactTrace] #1 +0.10s state 'HitReact_Heavy' at 8 % of its 1.11s, clip on his bones 'Take 001' weight 1.00, layer weight 1.00, animator speed 1.35, world x1.00, engine Stagger
[  1228   20.024 x1.00] LOG  OniBoss punish window! 11 → 16 (x1.5)
[  1228   20.024 x1.00] LOG  OniBoss took 16 damage. HP: 2454/2500
[  1228   20.024 x1.00] LOG  [CameraGameFeel] Shake: intensity=0.19 duration=0.200s
[  1229   20.032 x1.00] LOG  [OniBoss:Wave] armed wave expired UNTOUCHED — closest 0.23m to Yoru (hit width 1.60), she was AIRBORNE at the closest moment.
[  1240   20.133 x1.00] LOG  [OniReactTrace] #1 +0.26s state 'HitReact_Heavy' at 22 % of its 1.11s, clip on his bones 'Take 001' weight 1.00, layer weight 1.00, animator speed 1.35, world x1.00, engine Stagger
[  1245   20.178 x1.00] LOG  OniBoss punish window! 11 → 16 (x1.5)
[  1245   20.178 x1.00] LOG  OniBoss took 16 damage. HP: 2438/2500
[  1245   20.178 x1.00] LOG  [Momentum] 2 -> 3 (hit), speed x1.15, damage x1.15, impact x1.15
[  1245   20.178 x1.00] LOG  [CameraGameFeel] Shake: intensity=0.06 duration=0.080s
[  1245   20.178 x1.00] LOG  [CameraGameFeel] Shake: intensity=0.20 duration=0.200s
[  1248   20.203 x1.00] LOG  💨 Landing VFX spawned!
[  1248   20.203 x1.00] LOG  ✅ LANDED! (was jump #1)
[  1248   20.203 x1.00] LOG  [AirPosePin] released, peak correction was 0.008m
[  1260   20.295 x1.00] LOG  [YoruVFX] Spin VFX stopped, fading for 2.37s
[  1265   20.328 x1.00] LOG  [OniReactTrace] #1 +0.46s state 'HitReact_Heavy' at 40 % of its 1.11s, clip on his bones 'Take 001' weight 1.00, layer weight 1.00, animator speed 1.35, world x1.00, engine Stagger
[  1265   20.328 x1.00] LOG  [ComboTrace] END step=3 clipProgress=0.90 clipLen=0.79s queued=0 elapsed=0.77s
[  1269   20.354 x1.00] LOG  🚶 2-LEG JUMP
[  1269   20.354 x1.00] LOG  🐾 Jump 1 VFX spawned!
[  1295   20.574 x1.00] LOG  [OniReactTrace] #1 +0.70s state 'HitReact_Heavy' at 62 % of its 1.11s, clip on his bones 'Take 001' weight 1.00, layer weight 1.00, animator speed 1.35, world x1.00, engine Stagger
[  1297   20.601 x1.00] LOG  [ComboTrace] LAUNCH OniBoss at 1.5m dist=1.48m in 0.15s [AIRBORNE]
[  1297   20.601 x1.00] LOG  [Combat] Aerial spin, 25 dmg
[  1297   20.601 x1.00] LOG  [YoruVFX] Air spin: 'VFX_Void_Burst_AirSpinYoru' at CenterVFX, 46 systems, longest 1.00s fitted to 0.79s at speed 1.27, 8 forced Local, 38 delays zeroed, tail 2.37s
[  1297   20.601 x1.00] LOG  OniBoss punish window! 12 → 18 (x1.5)
[  1297   20.601 x1.00] LOG  OniBoss took 18 damage. HP: 2420/2500
[  1297   20.601 x1.00] LOG  [Momentum] 3 -> 4 (hit), speed x1.20, damage x1.20, impact x1.20
[  1297   20.601 x1.00] LOG  [CameraGameFeel] Shake: intensity=0.06 duration=0.080s
[  1297   20.601 x1.00] LOG  [CameraGameFeel] Shake: intensity=0.60 duration=0.200s
[  1297   20.601 x1.00] LOG  [CameraGameFeel] FOV punch: hit light (+1.5°)
[  1297   20.601 x1.00] LOG  [AirPosePin] engaged, holding body at 1.238m above the transform
[  1310   20.755 x1.00] LOG  [ComboTrace] LAUNCH RESULT wanted=1.48m actually moved=1.54m, completed
[  1310   20.755 x1.00] LOG  OniBoss punish window! 12 → 18 (x1.5)
[  1310   20.755 x1.00] LOG  OniBoss took 18 damage. HP: 2402/2500
[  1310   20.755 x1.00] LOG  [CameraGameFeel] Shake: intensity=0.21 duration=0.200s
[  1318   20.827 x1.00] LOG  [OniReactTrace] #1 +0.95s state 'HitReact_Heavy' at 80 % of its 1.11s, clip on his bones 'Take 001' weight 1.00, layer weight 1.00, animator speed 1.35, world x1.00, engine Stagger
[  1318   20.827 x1.00] LOG  [OniReactTrace] #1 HEAVY verdict: played to 80 % of the clip, so the reaction IS on screen and what is missing is movement inside the clip itself
[  1327   20.913 x1.00] LOG  OniBoss punish window! 12 → 18 (x1.5)
[  1327   20.913 x1.00] LOG  OniBoss took 18 damage. HP: 2384/2500
[  1327   20.913 x1.00] LOG  [Momentum] 4 -> 5 (hit), speed x1.25, damage x1.25, impact x1.25
[  1327   20.913 x1.00] LOG  [CameraGameFeel] Shake: intensity=0.14 duration=0.080s
[  1327   20.913 x1.00] LOG  [CameraGameFeel] Shake: intensity=0.22 duration=0.200s
[  1368   21.284 x1.00] LOG  💨 Landing VFX spawned!
[  1368   21.284 x1.00] LOG  ✅ LANDED! (was jump #1)
[  1368   21.284 x1.00] LOG  [AirPosePin] released, peak correction was 0.024m
[  1374   21.326 x1.00] LOG  🚶 2-LEG JUMP
[  1374   21.326 x1.00] LOG  🐾 Jump 1 VFX spawned!
[  1375   21.333 x1.00] LOG  [YoruVFX] Spin VFX stopped, fading for 2.37s
[  1376   21.340 x1.00] LOG  [AirPosePin] engaged, holding body at 0.702m above the transform
[  1379   21.365 x1.00] LOG  [ComboTrace] END step=3 clipProgress=0.90 clipLen=0.79s queued=0 elapsed=0.76s
[  1380   21.379 x1.00] LOG  [AirPosePin] released, peak correction was 0.017m
[  1417   21.679 x1.00] LOG  [OniBoss] Stagger → Chase
[  1418   21.686 x1.00] LOG  [OniBoss] Playing animation: Idle
[  1418   21.686 x1.00] LOG  [OniBoss] Chase → Attack
[  1418   21.686 x1.00] LOG  [OniBoss] Attack: Club_Swing (16 dmg)
[  1418   21.686 x1.00] LOG  [OniBoss:Trail] Club_Swing trail START at clip 1.00 (transition done).
[  1455   22.008 x1.00] LOG  [CameraGameFeel] Shake: intensity=0.20 duration=0.250s
[  1455   22.008 x1.00] LOG  [Peach] light hit 16 dmg: 2 bites. 14/16 bites = 3.5 of 4 peaches
[  1455   22.008 x1.00] LOG  [Momentum] 5 -> 2 (light hit taken, 50% = -3), speed x1.10, damage x1.10, impact x1.10
[  1455   22.008 x1.00] LOG  [Combat] Combo memory: light hit, keeping step 3
[  1455   22.008 x1.00] LOG  [Combat] Hit react: HitReact_Light_2Leg (0.5s, clip starts at 0.35s)
[  1455   22.008 x1.00] LOG  [CameraGameFeel] Shake: intensity=0.30 duration=0.200s
[  1455   22.008 x1.00] LOG  [CameraGameFeel] FOV punch: player damage (-2.0°)
[  1455   22.008 x1.00] LOG  [OniBoss] Hit player for 16 (Club_Swing)
[  1455   22.008 x1.00] LOG  [OniBoss:Touch] Club_Swing: club TOUCHED Yoru at clip 0.38, shaft 0.69m from her body line, head 0.55 along the club, tip 2.18m up, tip speed 169m/s. Full club hit delivered this frame.
[  1456   22.020 x1.00] LOG  [HitReactTrace] asked for 'HitReact_Light_2Leg' (0.50s, clip start 0.35s): NOT playing it, another state took the combat layer, blend resolved after 12 ms, state 1.00s long at speed 1.00, now at 0.63s, layer weight 1.00, animator.speed 1.00.
[  1456   22.020 x1.00] LOG  [AirPosePin] engaged, holding body at 1.483m above the transform
[  1459   22.046 x1.00] LOG  [OniBoss:ClubPos] Club_Swing at strike: club tip 3.02m up, 2.64m in front, -2.88m to his right (3.91m out from his centre). Club faces -79deg from his forward, pitch 0.40. (the ground wave is born 1.6m in front of him at 0.35m.)
[  1459   22.046 x1.00] LOG  [OniBoss:Layer] Club_Swing: club already hit — ground wave released as VISUAL only (0 damage).
[  1484   22.265 x1.00] LOG  💨 Landing VFX spawned!
[  1484   22.265 x1.00] LOG  [AirPosePin] released, peak correction was 0.005m
[  1518   22.515 x1.00] LOG  ✅ LANDED! (was jump #0)
[  1519   22.521 x1.00] LOG  🚶 2-LEG JUMP
[  1519   22.521 x1.00] LOG  🐾 Jump 1 VFX spawned!
[  1520   22.528 x1.00] LOG  [OniBoss] Attack → Recovery
[  1520   22.528 x1.00] LOG  [OniBoss] Playing animation: Watch
[  1520   22.528 x1.00] LOG  [OniBoss:Trail] trail END at clip 1.00, fading over 0.40s.
[  1520   22.528 x1.00] LOG  [OniBoss:Strike] Club_Swing: club tip closest to Yoru at 1.00m, clip position 0.91 | damage fires at 0.42 | clip 0.84s => damage fires 406 ms BEFORE the club is closest
[  1532   22.627 x1.00] LOG  [ComboTrace] LAUNCH OniBoss at 1.1m dist=1.08m in 0.13s [AIRBORNE]
[  1532   22.627 x1.00] LOG  [Combat] Aerial spin, 25 dmg
[  1532   22.627 x1.00] LOG  [YoruVFX] Air spin: 'VFX_Void_Burst_AirSpinYoru' at CenterVFX, 46 systems, longest 1.00s fitted to 0.79s at speed 1.27, 8 forced Local, 38 delays zeroed, tail 2.37s
[  1532   22.627 x1.00] LOG  OniBoss took 11 damage. HP: 2373/2500
[  1532   22.627 x1.00] LOG  [OniBoss] Recovery → HitReact
[  1532   22.627 x1.00] LOG  [OniBoss:Layer] react tier: LIGHT (11 dmg) → 'Hit_react_light'
[  1532   22.627 x1.00] LOG  [OniReactTrace] #2 LIGHT (11 dmg) asked for 'Hit_react_light': crossfade 0.08s, animator speed 1.35, world x1.00
[  1532   22.627 x1.00] LOG  [Momentum] 2 -> 3 (hit), speed x1.15, damage x1.15, impact x1.15
[  1532   22.627 x1.00] LOG  [CameraGameFeel] Shake: intensity=0.06 duration=0.080s
[  1532   22.627 x1.00] LOG  [CameraGameFeel] Shake: intensity=0.58 duration=0.200s
[  1532   22.627 x1.00] LOG  [CameraGameFeel] FOV punch: hit light (+1.5°)
[  1532   22.627 x1.00] LOG  [AirPosePin] engaged, holding body at 0.659m above the transform
[  1533   22.642 x1.00] LOG  [OniReactTrace] #2 +0.02s state SOMETHING ELSE, clip on his bones '?' weight 0.00, blending INTO 'Hit_react_light', layer weight 1.00, animator speed 0.00, world x1.00, engine HitReact
[  1542   22.730 x1.00] LOG  [OniReactTrace] #2 +0.10s state SOMETHING ELSE, clip on his bones '?' weight 0.00, blending INTO 'Hit_react_light', layer weight 1.00, animator speed 1.35, world x1.00, engine HitReact
[  1546   22.767 x1.00] LOG  [ComboTrace] LAUNCH RESULT wanted=1.08m actually moved=0.46m, completed
[  1548   22.784 x1.00] LOG  OniBoss took 12 damage. HP: 2361/2500
[  1548   22.784 x1.00] LOG  [OniBoss:Layer] burst: 2 hits / 23 dmg → flinch upgraded to 'HitReact_medium'
[  1548   22.784 x1.00] LOG  [OniReactTrace] #3 BURST UPGRADE (23 dmg) asked for 'HitReact_medium': crossfade 0.08s, animator speed 1.35, world x1.00
[  1548   22.784 x1.00] LOG  [CameraGameFeel] Shake: intensity=0.20 duration=0.200s
[  1549   22.792 x1.00] LOG  [OniReactTrace] #3 +0.01s state SOMETHING ELSE, clip on his bones 'Take 001' weight 0.82, blending INTO 'HitReact_medium', layer weight 1.00, animator speed 1.35, world x1.00, engine HitReact
[  1560   22.885 x1.00] LOG  [OniReactTrace] #3 +0.10s state 'HitReact_medium' at 9 % of its 1.08s, clip on his bones 'Take 001' weight 1.00, layer weight 1.00, animator speed 1.35, world x1.00, engine HitReact
[  1565   22.938 x1.00] LOG  OniBoss took 12 damage. HP: 2349/2500
[  1565   22.938 x1.00] LOG  [OniBoss] HitReact → Stagger
[  1565   22.938 x1.00] LOG  [OniBoss] Playing animation: Stagger
[  1565   22.938 x1.00] LOG  [OniBoss] STAGGERED for 2.5s
[  1565   22.938 x1.00] LOG  [OniBoss:Layer] heavy knock-back react (swirl burst, 3 hits / 35 dmg) → 'HitReact_Heavy', down for 1.80s
[  1565   22.938 x1.00] LOG  [OniReactTrace] #4 HEAVY (0 dmg) asked for 'HitReact_Heavy': crossfade 0.08s, animator speed 1.35, world x1.00
[  1565   22.938 x1.00] LOG  [OniBoss:Layer] burst: 3 hits / 35 dmg inside 0.8s → knock-back + 0.90m push
[  1565   22.938 x1.00] LOG  [Momentum] 3 -> 4 (hit), speed x1.20, damage x1.20, impact x1.20
[  1565   22.938 x1.00] LOG  [CameraGameFeel] Shake: intensity=0.06 duration=0.080s
[  1565   22.938 x1.00] LOG  [CameraGameFeel] Shake: intensity=0.21 duration=0.200s
[  1566   22.951 x1.00] LOG  [OniReactTrace] #4 +0.01s state SOMETHING ELSE, clip on his bones 'Take 001' weight 0.64, blending INTO 'HitReact_Heavy', layer weight 1.00, animator speed 1.35, world x1.00, engine Stagger
[  1577   23.044 x1.00] LOG  [OniReactTrace] #4 +0.11s state 'HitReact_Heavy' at 9 % of its 1.11s, clip on his bones 'Take 001' weight 1.00, layer weight 1.00, animator speed 1.35, world x1.00, engine Stagger
[  1583   23.094 x1.00] LOG  OniBoss punish window! 12 → 18 (x1.5)
[  1583   23.094 x1.00] LOG  OniBoss took 18 damage. HP: 2331/2500
[  1583   23.094 x1.00] LOG  [CameraGameFeel] Shake: intensity=0.21 duration=0.200s
[  1594   23.189 x1.00] LOG  [OniReactTrace] #4 +0.25s state 'HitReact_Heavy' at 22 % of its 1.11s, clip on his bones 'Take 001' weight 1.00, layer weight 1.00, animator speed 1.35, world x1.00, engine Stagger
[  1600   23.248 x1.00] LOG  OniBoss punish window! 12 → 18 (x1.5)
[  1600   23.248 x1.00] LOG  OniBoss took 18 damage. HP: 2313/2500
[  1600   23.248 x1.00] LOG  [Momentum] 4 -> 5 (hit), speed x1.25, damage x1.25, impact x1.25
[  1600   23.248 x1.00] LOG  [CameraGameFeel] Shake: intensity=0.14 duration=0.080s
[  1600   23.248 x1.00] LOG  [CameraGameFeel] Shake: intensity=0.22 duration=0.200s
[  1612   23.357 x1.00] LOG  [YoruVFX] Spin VFX stopped, fading for 2.37s
[  1615   23.392 x1.00] LOG  [OniReactTrace] #4 +0.45s state 'HitReact_Heavy' at 40 % of its 1.11s, clip on his bones 'Take 001' weight 1.00, layer weight 1.00, animator speed 1.35, world x1.00, engine Stagger
[  1615   23.392 x1.00] LOG  [ComboTrace] END step=3 clipProgress=0.91 clipLen=0.79s queued=0 elapsed=0.76s
[  1616   23.402 x1.00] LOG  [AirPosePin] released, peak correction was -0.008m
[  1624   23.463 x1.00] LOG  💨 Landing VFX spawned!
[  1624   23.463 x1.00] LOG  ✅ LANDED! (was jump #1)
[  1639   23.582 x1.00] LOG  🚶 2-LEG JUMP
[  1639   23.582 x1.00] LOG  🐾 Jump 1 VFX spawned!
[  1646   23.643 x1.00] LOG  [OniReactTrace] #4 +0.70s state 'HitReact_Heavy' at 63 % of its 1.11s, clip on his bones 'Take 001' weight 1.00, layer weight 1.00, animator speed 1.35, world x1.00, engine Stagger
[  1647   23.649 x1.00] LOG  [ComboTrace] LAUNCH OniBoss at 2.2m dist=2.15m in 0.22s [AIRBORNE]
[  1647   23.649 x1.00] LOG  [Combat] Aerial spin, 25 dmg
[  1647   23.649 x1.00] LOG  [YoruVFX] Air spin: 'VFX_Void_Burst_AirSpinYoru' at CenterVFX, 46 systems, longest 1.00s fitted to 0.79s at speed 1.27, 8 forced Local, 38 delays zeroed, tail 2.37s
[  1647   23.649 x1.00] LOG  [AirPosePin] engaged, holding body at 0.583m above the transform
[  1660   23.807 x1.00] LOG  OniBoss punish window! 12 → 18 (x1.5)
[  1660   23.807 x1.00] LOG  OniBoss took 18 damage. HP: 2295/2500
[  1660   23.807 x1.00] LOG  [Momentum] 5 -> 6 (hit), speed x1.30, damage x1.30, impact x1.30
[  1660   23.807 x1.00] LOG  [CameraGameFeel] Shake: intensity=0.06 duration=0.080s
[  1660   23.807 x1.00] LOG  [CameraGameFeel] Shake: intensity=0.65 duration=0.200s
[  1660   23.807 x1.00] LOG  [CameraGameFeel] FOV punch: hit light (+1.5°)
[  1666   23.873 x1.00] LOG  [ComboTrace] LAUNCH RESULT wanted=2.15m actually moved=1.73m, completed
[  1668   23.891 x1.00] LOG  [OniReactTrace] #4 +0.95s state 'HitReact_Heavy' at 80 % of its 1.11s, clip on his bones 'Take 001' weight 1.00, layer weight 1.00, animator speed 1.35, world x1.00, engine Stagger
[  1668   23.891 x1.00] LOG  [OniReactTrace] #4 HEAVY verdict: played to 80 % of the clip, so the reaction IS on screen and what is missing is movement inside the clip itself
[  1676   23.965 x1.00] LOG  OniBoss punish window! 13 → 20 (x1.5)
[  1676   23.965 x1.00] LOG  OniBoss took 20 damage. HP: 2275/2500
[  1676   23.965 x1.00] LOG  [CameraGameFeel] Shake: intensity=0.23 duration=0.200s
[  1693   24.121 x1.00] LOG  OniBoss punish window! 13 → 20 (x1.5)
[  1693   24.121 x1.00] LOG  OniBoss took 20 damage. HP: 2255/2500
[  1693   24.121 x1.00] LOG  [Momentum] 6 -> 7 (hit), speed x1.35, damage x1.35, impact x1.35
[  1693   24.121 x1.00] LOG  [CameraGameFeel] Shake: intensity=0.06 duration=0.080s
[  1693   24.121 x1.00] LOG  [CameraGameFeel] Shake: intensity=0.24 duration=0.200s
[  1723   24.389 x1.00] LOG  [YoruVFX] Spin VFX stopped, fading for 2.37s
[  1726   24.418 x1.00] LOG  [ComboTrace] END step=3 clipProgress=0.90 clipLen=0.79s queued=0 elapsed=0.77s
[  1727   24.424 x1.00] LOG  [AirPosePin] released, peak correction was -0.059m
[  1739   24.523 x1.00] LOG  💨 Landing VFX spawned!
[  1739   24.523 x1.00] LOG  ✅ LANDED! (was jump #1)
[  1741   24.541 x1.00] LOG  [Combat] Combo 1: 10 dmg
[  1741   24.541 x1.00] LOG  [ComboTrace] START step=1 state='Combo1' queued=0 target='OniBoss' at 4.7m
[  1741   24.541 x1.00] LOG  [ComboTrace] LAUNCH OniBoss at 2.1m dist=2.14m in 0.21s
[  1763   24.727 x1.00] LOG  [Combat] Queued click #1 (combo 1)
[  1763   24.727 x1.00] LOG  [ComboTrace] QUEUED #1 during step 1
[  1765   24.739 x1.00] LOG  [OniBoss] Stagger → Chase
[  1766   24.745 x1.00] LOG  [OniBoss] Playing animation: Idle
[  1766   24.745 x1.00] LOG  [OniBoss] Combo started: ClubSwing1 → ClubSwing2 → ClubSlam (3 steps remaining)
[  1766   24.745 x1.00] LOG  [OniBoss] Chase → Attack
[  1766   24.745 x1.00] LOG  [OniBoss] Attack: Club_Swing (16 dmg)
[  1766   24.745 x1.00] LOG  [OniBoss:Trail] Club_Swing trail START at clip 1.00 (transition done).
[  1767   24.754 x1.00] LOG  [ComboTrace] LAUNCH RESULT wanted=2.14m actually moved=1.47m, completed
[  1789   24.892 x1.00] LOG  OniBoss took 14 damage. HP: 2241/2500
[  1789   24.892 x1.00] LOG  [OniBoss] 🤕 Hit during Attack — flash only
[  1789   24.892 x1.00] LOG  [Momentum] 7 -> 8 (hit), speed x1.40, damage x1.40, impact x1.40
[  1789   24.892 x1.00] LOG  [CameraGameFeel] Shake: intensity=0.06 duration=0.080s
[  1789   24.892 x1.00] LOG  [Combat] Hit OniBoss for 14
[  1789   24.892 x1.00] LOG  [CameraGameFeel] Shake: intensity=0.70 duration=0.200s
[  1789   24.892 x1.00] LOG  [CameraGameFeel] FOV punch: hit light (+1.5°)
[  1793   24.930 x1.00] LOG  [Combat] Queued click #2 (combo 1)
[  1793   24.930 x1.00] LOG  [ComboTrace] QUEUED #2 during step 1
[  1807   25.034 x1.00] LOG  🐾 VFX_AttackPaw triggered!
[  1816   25.116 x1.00] LOG  [ComboTrace] CLICK IGNORED (step=1 queued=2)
[  1816   25.116 x1.00] LOG  [Combat] Combo 2: 20 dmg
[  1816   25.116 x1.00] LOG  [ComboTrace] START step=2 state='Combo2' queued=1 target='OniBoss' at 2.0m
[  1816   25.116 x1.00] LOG  [ComboTrace] LAUNCH OniBoss at 0.8m dist=0.83m in 0.13s
[  1822   25.157 x1.00] LOG  [OniBoss:ClubPos] Club_Swing at strike: club tip 3.02m up, 2.67m in front, -2.86m to his right (3.91m out from his centre). Club faces -79deg from his forward, pitch 0.40. (the ground wave is born 1.6m in front of him at 0.35m.)
[  1822   25.157 x1.00] LOG  [OniBoss:Layer] Club_Swing: club has not connected — ground wave released ARMED, 1.6m in front, 12m/s x 6.0m = 0.50s, carrying 8 (half of the club's 16).
[  1823   25.164 x1.00] LOG  [Peach] light hit 8 dmg: 1 bite. 13/16 bites = 3.25 of 4 peaches
[  1823   25.164 x1.00] LOG  [Momentum] 8 -> 4 (light hit taken, 50% = -4), speed x1.20, damage x1.20, impact x1.20
[  1823   25.164 x1.00] LOG  [Combat] Combo memory: light hit, keeping step 2
[  1823   25.164 x1.00] LOG  [Combat] Hit react: HitReact_Light_2Leg (0.5s, clip starts at 0.35s)
[  1823   25.164 x1.00] LOG  [CameraGameFeel] Shake: intensity=0.30 duration=0.200s
[  1823   25.164 x1.00] LOG  [CameraGameFeel] FOV punch: player damage (-2.0°)
[  1823   25.164 x1.00] LOG  [OniBoss:Wave] wave TOUCHED Yoru (grounded) for 8 after 0.1m / 0.01s of travel.
[  1826   25.186 x1.00] LOG  [HitReactTrace] asked for 'HitReact_Light_2Leg' (0.50s, clip start 0.35s): playing it, blend resolved after 23 ms, state 1.21s long at speed 1.00, now at 0.37s, layer weight 1.00, animator.speed 1.00.
[  1883   25.637 x1.00] LOG  [OniBoss] Attack → Recovery
[  1883   25.637 x1.00] LOG  [OniBoss] Playing animation: Watch
[  1883   25.637 x1.00] LOG  [OniBoss:Trail] trail END at clip 1.00, fading over 0.40s.
[  1883   25.637 x1.00] LOG  [OniBoss:Strike] Club_Swing: club tip closest to Yoru at 0.50m, clip position 0.91 | damage fires at 0.42 | clip 0.84s => damage fires 407 ms BEFORE the club is closest
[  1894   25.731 x1.00] LOG  🚶 2-LEG JUMP
[  1894   25.731 x1.00] LOG  🐾 Jump 1 VFX spawned!
[  1898   25.764 x1.00] LOG  [ComboTrace] LAUNCH OniBoss at 0.8m dist=0.78m in 0.13s [AIRBORNE]
[  1898   25.764 x1.00] LOG  [Combat] Aerial spin, 25 dmg
[  1898   25.764 x1.00] LOG  [YoruVFX] Air spin: 'VFX_Void_Burst_AirSpinYoru' at CenterVFX, 46 systems, longest 1.00s fitted to 0.79s at speed 1.27, 8 forced Local, 38 delays zeroed, tail 2.37s
[  1898   25.764 x1.00] LOG  OniBoss took 12 damage. HP: 2229/2500
[  1898   25.764 x1.00] LOG  [OniBoss] Recovery → HitReact
[  1898   25.764 x1.00] LOG  [OniBoss:Layer] react tier: LIGHT (12 dmg) → 'Hit_react_light'
[  1898   25.764 x1.00] LOG  [OniReactTrace] #5 LIGHT (12 dmg) asked for 'Hit_react_light': crossfade 0.08s, animator speed 1.35, world x1.00
[  1898   25.764 x1.00] LOG  [Momentum] 4 -> 5 (hit), speed x1.25, damage x1.25, impact x1.25
[  1898   25.764 x1.00] LOG  [CameraGameFeel] Shake: intensity=0.14 duration=0.080s
[  1898   25.764 x1.00] LOG  [CameraGameFeel] Shake: intensity=0.63 duration=0.200s
[  1898   25.764 x1.00] LOG  [CameraGameFeel] FOV punch: hit light (+1.5°)
[  1898   25.764 x1.00] LOG  [AirPosePin] engaged, holding body at 0.597m above the transform
[  1899   25.776 x1.00] LOG  [OniReactTrace] #5 +0.01s state SOMETHING ELSE, clip on his bones '?' weight 0.00, blending INTO 'Hit_react_light', layer weight 1.00, animator speed 0.00, world x1.00, engine HitReact
[  1908   25.870 x1.00] LOG  [OniReactTrace] #5 +0.11s state SOMETHING ELSE, clip on his bones '?' weight 0.00, blending INTO 'Hit_react_light', layer weight 1.00, animator speed 1.35, world x1.00, engine HitReact
[  1911   25.895 x1.00] LOG  [ComboTrace] LAUNCH RESULT wanted=0.78m actually moved=0.39m, completed
[  1914   25.923 x1.00] LOG  OniBoss took 12 damage. HP: 2217/2500
[  1914   25.923 x1.00] LOG  [OniBoss:Layer] burst: 2 hits / 24 dmg → flinch upgraded to 'HitReact_medium'
[  1914   25.923 x1.00] LOG  [OniReactTrace] #6 BURST UPGRADE (24 dmg) asked for 'HitReact_medium': crossfade 0.08s, animator speed 1.35, world x1.00
[  1914   25.923 x1.00] LOG  [CameraGameFeel] Shake: intensity=0.22 duration=0.200s
[  1915   25.930 x1.00] LOG  [OniReactTrace] #6 +0.01s state SOMETHING ELSE, clip on his bones 'Take 001' weight 0.82, blending INTO 'HitReact_medium', layer weight 1.00, animator speed 1.35, world x1.00, engine HitReact
[  1925   26.031 x1.00] LOG  [OniReactTrace] #6 +0.11s state 'HitReact_medium' at 9 % of its 1.08s, clip on his bones 'Take 001' weight 1.00, layer weight 1.00, animator speed 1.35, world x1.00, engine HitReact
[  1930   26.079 x1.00] LOG  OniBoss took 12 damage. HP: 2205/2500
[  1930   26.079 x1.00] LOG  [OniBoss] HitReact → Stagger
[  1930   26.079 x1.00] LOG  [OniBoss] Playing animation: Stagger
[  1930   26.079 x1.00] LOG  [OniBoss] STAGGERED for 2.5s
[  1930   26.079 x1.00] LOG  [OniBoss:Layer] heavy knock-back react (swirl burst, 3 hits / 36 dmg) → 'HitReact_Heavy', down for 1.80s
[  1930   26.079 x1.00] LOG  [OniReactTrace] #7 HEAVY (0 dmg) asked for 'HitReact_Heavy': crossfade 0.08s, animator speed 1.35, world x1.00
[  1930   26.079 x1.00] LOG  [OniBoss:Layer] burst: 3 hits / 36 dmg inside 0.8s → knock-back + 0.90m push
[  1930   26.079 x1.00] LOG  [Momentum] 5 -> 6 (hit), speed x1.30, damage x1.30, impact x1.30
[  1930   26.079 x1.00] LOG  [CameraGameFeel] Shake: intensity=0.06 duration=0.080s
[  1930   26.079 x1.00] LOG  [CameraGameFeel] Shake: intensity=0.23 duration=0.200s
[  1931   26.087 x1.00] LOG  [OniReactTrace] #7 +0.01s state SOMETHING ELSE, clip on his bones 'Take 001' weight 0.76, blending INTO 'HitReact_Heavy', layer weight 1.00, animator speed 1.35, world x1.00, engine Stagger
[  1942   26.185 x1.00] LOG  [OniReactTrace] #7 +0.11s state 'HitReact_Heavy' at 9 % of its 1.11s, clip on his bones 'Take 001' weight 1.00, layer weight 1.00, animator speed 1.35, world x1.00, engine Stagger
[  1958   26.331 x1.00] LOG  [OniReactTrace] #7 +0.25s state 'HitReact_Heavy' at 22 % of its 1.11s, clip on his bones 'Take 001' weight 1.00, layer weight 1.00, animator speed 1.35, world x1.00, engine Stagger
[  1977   26.499 x1.00] LOG  [YoruVFX] Spin VFX stopped, fading for 2.37s
[  1980   26.527 x1.00] WARN The referenced script on this Behaviour (Game Object '<null>') is missing!
[  1980   26.527 x1.00] WARN The referenced script on this Behaviour (Game Object 'Lightning Light') is missing!
[  1980   26.527 x1.00] WARN The referenced script on this Behaviour (Game Object 'Lightning Light') is missing!
[  1980   26.527 x1.00] LOG  [ComboTrace] END step=3 clipProgress=0.90 clipLen=0.79s queued=0 elapsed=0.76s
[  1981   26.534 x1.00] LOG  [OniReactTrace] #7 +0.46s state 'HitReact_Heavy' at 40 % of its 1.11s, clip on his bones 'Take 001' weight 1.00, layer weight 1.00, animator speed 1.35, world x1.00, engine Stagger
[  1981   26.534 x1.00] LOG  [AirPosePin] released, peak correction was -0.054m
[  1996   26.669 x1.00] LOG  💨 Landing VFX spawned!
[  1996   26.669 x1.00] LOG  ✅ LANDED! (was jump #1)
[  2009   26.785 x1.00] LOG  [OniReactTrace] #7 +0.71s state 'HitReact_Heavy' at 63 % of its 1.11s, clip on his bones 'Take 001' weight 1.00, layer weight 1.00, animator speed 1.35, world x1.00, engine Stagger
[  2017   26.850 x1.00] LOG  [Combat] Combo 1: 10 dmg
[  2017   26.850 x1.00] LOG  [ComboTrace] START step=1 state='Combo1' queued=0 target='OniBoss' at 7.6m
[  2017   26.850 x1.00] LOG  [ComboTrace] LAUNCH OniBoss at 3.4m dist=3.20m in 0.32s (capped short)
[  2034   27.039 x1.00] LOG  [OniReactTrace] #7 +0.96s state 'HitReact_Heavy' at 85 % of its 1.11s, clip on his bones 'Take 001' weight 1.00, layer weight 1.00, animator speed 1.35, world x1.00, engine Stagger
[  2034   27.039 x1.00] LOG  [OniReactTrace] #7 HEAVY verdict: played to 85 % of the clip, so the reaction IS on screen and what is missing is movement inside the clip itself
[  2038   27.081 x1.00] LOG  [Combat] Queued click #1 (combo 1)
[  2038   27.081 x1.00] LOG  [ComboTrace] QUEUED #1 during step 1
[  2053   27.171 x1.00] LOG  [ComboTrace] LAUNCH RESULT wanted=3.20m actually moved=2.80m, completed
[  2059   27.212 x1.00] LOG  OniBoss punish window! 13 → 20 (x1.5)
[  2059   27.212 x1.00] LOG  OniBoss took 20 damage. HP: 2185/2500
[  2059   27.212 x1.00] LOG  [Momentum] 6 -> 7 (hit), speed x1.35, damage x1.35, impact x1.35
[  2059   27.212 x1.00] LOG  [CameraGameFeel] Shake: intensity=0.06 duration=0.080s
[  2059   27.212 x1.00] LOG  [Combat] Hit OniBoss for 13
[  2059   27.212 x1.00] LOG  [CameraGameFeel] Shake: intensity=0.68 duration=0.200s
[  2059   27.212 x1.00] LOG  [CameraGameFeel] FOV punch: hit light (+1.5°)
[  2072   27.315 x1.00] LOG  [Combat] Queued click #2 (combo 1)
[  2072   27.315 x1.00] LOG  [ComboTrace] QUEUED #2 during step 1
[  2079   27.360 x1.00] LOG  🐾 VFX_AttackPaw triggered!
[  2091   27.446 x1.00] LOG  [Combat] Combo 2: 20 dmg
[  2091   27.446 x1.00] LOG  [ComboTrace] START step=2 state='Combo2' queued=1 target='OniBoss' at 2.9m
[  2091   27.446 x1.00] LOG  [ComboTrace] LAUNCH OniBoss at 1.6m dist=1.62m in 0.16s
[  2098   27.515 x1.00] LOG  [ComboTrace] CLICK DROPPED by attackCooldown (0.10s, 0.07s since last attack) step=2
[  2110   27.604 x1.00] LOG  [ComboTrace] LAUNCH RESULT wanted=1.62m actually moved=0.90m, completed
[  2126   27.720 x1.00] LOG  [Combat] Queued click #2 (combo 2)
[  2126   27.720 x1.00] LOG  [ComboTrace] QUEUED #2 during step 2
[  2149   27.881 x1.00] LOG  [OniBoss] Stagger → Chase
[  2150   27.887 x1.00] LOG  [OniBoss] Playing animation: Idle
[  2150   27.887 x1.00] LOG  [OniBoss] Chase → Attack
[  2150   27.887 x1.00] LOG  [OniBoss] Attack: Club_Swing (16 dmg)
[  2150   27.887 x1.00] LOG  [OniBoss:Trail] Club_Swing trail START at clip 1.00 (transition done).
[  2150   27.887 x1.00] LOG  [ComboTrace] CLICK IGNORED (step=2 queued=2)
[  2153   27.915 x1.00] LOG  🐾🐾 VFX_TowPaw triggered!
[  2155   27.927 x1.00] LOG  OniBoss took 27 damage. HP: 2158/2500
[  2155   27.927 x1.00] LOG  [OniBoss] Attack → Stagger
[  2155   27.927 x1.00] LOG  [OniBoss] Playing animation: Stagger
[  2155   27.927 x1.00] LOG  [OniBoss] STAGGERED for 2.5s
[  2155   27.927 x1.00] LOG  [OniBoss:Layer] heavy knock-back react (27 dmg) → 'HitReact_Heavy', down for 1.80s
[  2155   27.927 x1.00] LOG  [OniReactTrace] #8 HEAVY (0 dmg) asked for 'HitReact_Heavy': crossfade 0.08s, animator speed 1.35, world x1.00
[  2155   27.927 x1.00] LOG  [Momentum] 7 -> 8 (hit), speed x1.40, damage x1.40, impact x1.40
[  2155   27.927 x1.00] LOG  [CameraGameFeel] Shake: intensity=0.06 duration=0.080s
[  2155   27.927 x1.00] LOG  [Combat] Hit OniBoss for 27
[  2155   27.927 x1.00] LOG  [CameraGameFeel] Shake: intensity=0.70 duration=0.200s
[  2155   27.927 x1.00] LOG  [CameraGameFeel] FOV punch: hit light (+1.5°)
[  2156   27.933 x1.00] LOG  [OniBoss:Trail] trail END at clip 1.00, fading over 0.40s.
[  2156   27.933 x1.00] LOG  [OniReactTrace] #8 +0.01s state 'HitReact_Heavy' at 100 % of its 1.11s, clip on his bones 'Take 001' weight 0.59, blending into a DIFFERENT state, layer weight 1.00, animator speed 0.00, world x1.00, engine Stagger
[  2170   28.032 x1.00] LOG  [OniReactTrace] #8 +0.11s state 'HitReact_Heavy' at 4 % of its 1.11s, clip on his bones '?' weight 0.00, layer weight 1.00, animator speed 1.35, world x1.00, engine Stagger
[  2179   28.090 x1.00] LOG  [ComboTrace] CLICK IGNORED (step=2 queued=2)
[  2192   28.182 x1.00] LOG  [OniReactTrace] #8 +0.26s state 'HitReact_Heavy' at 17 % of its 1.11s, clip on his bones 'Take 001' weight 1.00, layer weight 1.00, animator speed 1.35, world x1.00, engine Stagger
[  2202   28.241 x1.00] LOG  🐾🐾 VFX_TowPaw triggered!
[  2205   28.264 x1.00] LOG  [Combat] Combo 3: 35 dmg
[  2205   28.264 x1.00] LOG  [ComboTrace] START step=3 state='Combo3' queued=1 target='OniBoss' at 2.9m
[  2205   28.264 x1.00] LOG  [ComboTrace] LAUNCH OniBoss at 1.6m dist=1.63m in 0.16s
[  2205   28.264 x1.00] LOG  [YoruVFX] Ground hazard: 'VFX_Void_Area_GroundSpinYORU' laid at GroundVFX ((490.87, 0.20, 404.06)), floor tilt 0.0 deg, 17 delays shifted by 2.00s, own lifetime 8.98s
[  2205   28.264 x1.00] LOG  [Combat] Hazard zone tick: OniBoss for 25
[  2205   28.264 x1.00] LOG  [Combat] Hazard zone laid: 8.98s, 25 dmg every 0.50s in 2.00m
[  2209   28.309 x1.00] LOG  [ComboTrace] CLICK DROPPED by attackCooldown (0.10s, 0.05s since last attack) step=3
[  2211   28.331 x1.00] LOG  OniBoss punish window! 49 → 74 (x1.5)
[  2211   28.331 x1.00] LOG  OniBoss took 74 damage. HP: 2059/2500
[  2211   28.331 x1.00] LOG  [Momentum] 8 -> 9 (hit), speed x1.45, damage x1.45, impact x1.45
[  2211   28.331 x1.00] LOG  [CameraGameFeel] Shake: intensity=0.06 duration=0.080s
[  2211   28.331 x1.00] LOG  [CameraGameFeel] Shake: intensity=0.73 duration=0.200s
[  2211   28.331 x1.00] LOG  [CameraGameFeel] FOV punch: hit light (+1.5°)
[  2217   28.380 x1.00] LOG  [OniReactTrace] #8 +0.45s state 'HitReact_Heavy' at 31 % of its Infinitys, clip on his bones 'Take 001' weight 1.00, layer weight 1.00, animator speed 0.00, world x1.00, engine Stagger
[  2222   28.434 x1.00] LOG  [ComboTrace] LAUNCH RESULT wanted=1.63m actually moved=1.30m, completed
[  2234   28.521 x1.00] LOG  [ComboTrace] CLICK IGNORED (step=3 queued=1)
[  2247   28.627 x1.00] LOG  [OniReactTrace] #8 +0.70s state 'HitReact_Heavy' at 52 % of its 1.11s, clip on his bones 'Take 001' weight 1.00, layer weight 1.00, animator speed 1.35, world x1.00, engine Stagger
[  2262   28.731 x1.00] LOG  [ComboTrace] CLICK IGNORED (step=3 queued=1)
[  2282   28.878 x1.00] LOG  [OniReactTrace] #8 +0.95s state 'HitReact_Heavy' at 75 % of its 1.11s, clip on his bones 'Take 001' weight 1.00, layer weight 1.00, animator speed 1.35, world x1.00, engine Stagger
[  2282   28.878 x1.00] LOG  [OniReactTrace] #8 HEAVY verdict: played to 100 % of the clip, so the reaction IS on screen and what is missing is movement inside the clip itself
[  2292   28.962 x1.00] LOG  [ComboTrace] CLICK IGNORED (step=3 queued=1)
[  2308   29.095 x1.00] LOG  [ComboTrace] END step=3 clipProgress=0.95 clipLen=0.79s queued=0 elapsed=0.83s
[  2312   29.127 x1.00] LOG  🚶 2-LEG JUMP
[  2312   29.127 x1.00] LOG  🐾 Jump 1 VFX spawned!
[  2319   29.184 x1.00] LOG  [ComboTrace] LAUNCH OniBoss at 1.2m dist=1.18m in 0.13s [AIRBORNE]
[  2319   29.184 x1.00] LOG  [Combat] Aerial spin, 25 dmg
[  2319   29.184 x1.00] LOG  [YoruVFX] Air spin: 'VFX_Void_Burst_AirSpinYoru' at CenterVFX, 46 systems, longest 1.00s fitted to 0.79s at speed 1.27, 8 forced Local, 38 delays zeroed, tail 2.37s
[  2319   29.184 x1.00] LOG  OniBoss punish window! 14 → 21 (x1.5)
[  2319   29.184 x1.00] LOG  OniBoss took 21 damage. HP: 2038/2500
[  2319   29.184 x1.00] LOG  [Momentum] 9 -> 10 (hit), speed x1.50, damage x1.50, impact x1.50
[  2319   29.184 x1.00] LOG  [CameraGameFeel] Shake: intensity=0.14 duration=0.080s
[  2319   29.184 x1.00] LOG  [CameraGameFeel] Shake: intensity=0.75 duration=0.200s
[  2319   29.184 x1.00] LOG  [CameraGameFeel] FOV punch: hit light (+1.5°)
[  2319   29.184 x1.00] LOG  [ComboTrace] END step=3 clipProgress=1.06 clipLen=0.79s queued=0 elapsed=0.00s
[  2330   29.319 x1.00] LOG  [ComboTrace] LAUNCH RESULT wanted=1.18m actually moved=1.24m, completed
[  2367   29.729 x1.00] LOG  [OniBoss] Stagger → Chase
[  2368   29.742 x1.00] LOG  [OniBoss] Playing animation: Idle
[  2368   29.742 x1.00] LOG  [OniBoss] Chase → Attack
[  2368   29.742 x1.00] LOG  [OniBoss] Attack: ClubSlam (20 dmg)
[  2368   29.742 x1.00] LOG  [OniBoss:Trail] ClubSlam trail START at clip 1.00 (transition done).
[  2405   30.064 x1.00] LOG  💨 Landing VFX spawned!
[  2405   30.064 x1.00] LOG  ✅ LANDED! (was jump #1)
[  2419   30.174 x1.00] LOG  [CameraGameFeel] Shake: intensity=0.50 duration=0.400s
[  2419   30.174 x1.00] LOG  [Peach] heavy hit 20 dmg: 3 bites. 10/16 bites = 2.5 of 4 peaches
[  2419   30.174 x1.00] LOG  [Momentum] 10 -> 0 (heavy hit taken, reset), speed x1.00, damage x1.00, impact x1.00
[  2419   30.174 x1.00] LOG  [YoruVFX] Spin VFX stopped, fading for 2.37s
[  2419   30.174 x1.00] LOG  [Combat] Hit react: HitReact_Heavy_2Leg (0.9s, clip starts at 0.35s)
[  2419   30.174 x1.00] LOG  [CameraGameFeel] Shake: intensity=0.60 duration=0.200s
[  2419   30.174 x1.00] LOG  [CameraGameFeel] FOV punch: player damage (-3.0°)
[  2419   30.174 x1.00] LOG  [OniBoss] Hit player for 20 (ClubSlam)
[  2419   30.174 x1.00] LOG  [OniBoss:Touch] ClubSlam: club TOUCHED Yoru at clip 0.47, shaft 0.17m from her body line, head 0.46 along the club, tip 2.00m up, tip speed 100m/s. Full club hit delivered this frame.
[  2420   30.184 x1.00] LOG  [HitReactTrace] asked for 'HitReact_Heavy_2Leg' (0.90s, clip start 0.35s): NOT playing it, another state took the combat layer, blend resolved after 10 ms, state 1.00s long at speed 1.00, now at 0.93s, layer weight 1.00, animator.speed 1.00.
[  2465   30.537 x1.00] LOG  [OniBoss:ClubPos] ClubSlam at strike: club tip 0.54m up, 2.91m in front, -0.12m to his right (2.91m out from his centre). Club faces 8deg from his forward, pitch -0.26. (the ground wave is born 1.6m in front of him at 0.35m.)
[  2465   30.537 x1.00] LOG  [OniBoss:Layer] ClubSlam: club already hit — ground wave released as VISUAL only (0 damage).
[  2481   30.672 x1.00] LOG  [OniBoss] Attack → Recovery
[  2481   30.672 x1.00] LOG  [OniBoss] Playing animation: Watch
[  2481   30.672 x1.00] LOG  [OniBoss:Trail] trail END at clip 1.00, fading over 0.40s.
[  2481   30.672 x1.00] LOG  [OniBoss:Strike] ClubSlam: club tip closest to Yoru at 0.22m, clip position 0.94 | damage fires at 0.85 | clip 0.93s => damage fires 84 ms BEFORE the club is closest
[  2502   30.822 x1.00] LOG  [OniBoss] Recovery → Chase
[  2503   30.828 x1.00] LOG  [OniBoss] hold-ground: BACKSTEP 1.5m (player 2.0m)
[  2551   31.192 x1.00] LOG  [Combat] Combo 1: 10 dmg
[  2551   31.192 x1.00] LOG  [ComboTrace] START step=1 state='Combo1' queued=0 target='OniBoss' at 2.6m
[  2551   31.192 x1.00] LOG  [ComboTrace] LAUNCH OniBoss at 1.3m dist=1.35m in 0.13s
[  2566   31.332 x1.00] LOG  [ComboTrace] LAUNCH RESULT wanted=1.35m actually moved=0.76m, completed
[  2578   31.408 x1.00] LOG  [Combat] Queued click #1 (combo 1)
[  2578   31.408 x1.00] LOG  [ComboTrace] QUEUED #1 during step 1
[  2606   31.631 x1.00] LOG  [Combat] Queued click #2 (combo 1)
[  2606   31.631 x1.00] LOG  [ComboTrace] QUEUED #2 during step 1
[  2611   31.662 x1.00] LOG  OniBoss took 10 damage. HP: 2028/2500
[  2611   31.662 x1.00] LOG  [OniBoss] Chase → HitReact
[  2611   31.662 x1.00] LOG  [OniBoss:Layer] react tier: LIGHT (10 dmg) → 'Hit_react_light'
[  2611   31.662 x1.00] LOG  [OniReactTrace] #9 LIGHT (10 dmg) asked for 'Hit_react_light': crossfade 0.08s, animator speed 1.35, world x1.00
[  2611   31.662 x1.00] LOG  [Momentum] 0 -> 1 (hit), speed x1.05, damage x1.05, impact x1.05
[  2611   31.662 x1.00] LOG  [CameraGameFeel] Shake: intensity=0.06 duration=0.080s
[  2611   31.662 x1.00] LOG  [Combat] Hit OniBoss for 10
[  2611   31.662 x1.00] LOG  [CameraGameFeel] Shake: intensity=0.53 duration=0.200s
[  2611   31.662 x1.00] LOG  [CameraGameFeel] FOV punch: hit light (+1.5°)
[  2612   31.669 x1.00] LOG  [OniReactTrace] #9 +0.01s state SOMETHING ELSE, clip on his bones 'Take 001' weight 1.00, layer weight 1.00, animator speed 0.00, world x1.00, engine HitReact
[  2625   31.766 x1.00] LOG  [OniReactTrace] #9 +0.10s state 'Hit_react_light' at 11 % of its 0.62s, clip on his bones 'Take 001' weight 1.00, layer weight 1.00, animator speed 1.35, world x1.00, engine HitReact
[  2633   31.825 x1.00] LOG  [ComboTrace] CLICK IGNORED (step=1 queued=2)
[  2633   31.825 x1.00] LOG  🐾 VFX_AttackPaw triggered!
[  2644   31.913 x1.00] LOG  [OniReactTrace] #9 +0.25s state 'Hit_react_light' at 35 % of its 0.62s, clip on his bones 'Take 001' weight 1.00, layer weight 1.00, animator speed 1.35, world x1.00, engine HitReact
[  2645   31.923 x1.00] LOG  [Combat] Combo 2: 20 dmg
[  2645   31.923 x1.00] LOG  [ComboTrace] START step=2 state='Combo2' queued=1 target='OniBoss' at 2.6m
[  2645   31.923 x1.00] LOG  [ComboTrace] LAUNCH OniBoss at 1.3m dist=1.34m in 0.13s
[  2658   32.037 x1.00] LOG  [Combat] Queued click #2 (combo 2)
[  2658   32.037 x1.00] LOG  [ComboTrace] QUEUED #2 during step 2
[  2661   32.056 x1.00] LOG  [ComboTrace] LAUNCH RESULT wanted=1.34m actually moved=0.59m, completed
[  2669   32.114 x1.00] LOG  [OniReactTrace] #9 +0.45s state 'Hit_react_light' at 67 % of its 0.62s, clip on his bones 'Take 001' weight 1.00, layer weight 1.00, animator speed 1.35, world x1.00, engine HitReact
[  2687   32.247 x1.00] LOG  [ComboTrace] CLICK IGNORED (step=2 queued=2)
[  2701   32.363 x1.00] LOG  [OniReactTrace] #9 +0.70s state 'Hit_react_light' at 100 % of its 0.62s, clip on his bones 'Take 001' weight 1.00, layer weight 1.00, animator speed 1.35, world x1.00, engine HitReact
[  2714   32.465 x1.00] LOG  [OniBoss] HitReact → Chase
[  2714   32.465 x1.00] LOG  [ComboTrace] CLICK IGNORED (step=2 queued=2)
[  2715   32.475 x1.00] LOG  [OniBoss] Playing animation: Watch
[  2722   32.525 x1.00] LOG  🐾🐾 VFX_TowPaw triggered!
[  2724   32.541 x1.00] LOG  OniBoss took 21 damage. HP: 2007/2500
[  2724   32.541 x1.00] LOG  [OniBoss] 🤕 Hit during Chase — flash only
[  2724   32.541 x1.00] LOG  [Momentum] 1 -> 2 (hit), speed x1.10, damage x1.10, impact x1.10
[  2724   32.541 x1.00] LOG  [CameraGameFeel] Shake: intensity=0.06 duration=0.080s
[  2724   32.541 x1.00] LOG  [Combat] Hit OniBoss for 21
[  2724   32.541 x1.00] LOG  [CameraGameFeel] Shake: intensity=0.55 duration=0.200s
[  2724   32.541 x1.00] LOG  [CameraGameFeel] FOV punch: hit light (+1.5°)
[  2733   32.615 x1.00] LOG  [OniReactTrace] #9 +0.95s state 'Hit_react_light' at 100 % of its 0.62s, clip on his bones 'Take 001' weight 0.45, blending into a DIFFERENT state, layer weight 1.00, animator speed 1.35, world x1.00, engine Chase
[  2733   32.615 x1.00] LOG  [OniReactTrace] #9 LIGHT verdict: played to 100 % of the clip, so the reaction IS on screen and what is missing is movement inside the clip itself
[  2735   32.627 x1.00] LOG  [OniBoss] Chase → Attack
[  2735   32.627 x1.00] LOG  [OniBoss] Attack: Club_Swing (16 dmg)
[  2735   32.627 x1.00] LOG  [OniBoss:Trail] Club_Swing trail START at clip 1.00 (transition still blending).
[  2744   32.692 x1.00] LOG  [ComboTrace] CLICK IGNORED (step=2 queued=2)
[  2774   32.907 x1.00] LOG  [ComboTrace] CLICK IGNORED (step=2 queued=2)
[  2775   32.914 x1.00] LOG  🐾🐾 VFX_TowPaw triggered!
[  2779   32.945 x1.00] LOG  [Combat] Combo 3: 35 dmg
[  2779   32.945 x1.00] LOG  [ComboTrace] START step=3 state='Combo3' queued=1 target='OniBoss' at 2.3m
[  2779   32.945 x1.00] LOG  [ComboTrace] LAUNCH OniBoss at 1.1m dist=1.13m in 0.13s
[  2779   32.945 x1.00] LOG  [YoruVFX] Ground hazard: 'VFX_Void_Area_GroundSpinYORU' laid at GroundVFX ((491.65, 0.22, 407.97)), floor tilt 4.8 deg, 17 delays shifted by 2.00s, own lifetime 8.98s
[  2779   32.945 x1.00] LOG  [Combat] Hazard zone tick: OniBoss for 25
[  2779   32.945 x1.00] LOG  [Combat] Hazard zone laid: 8.98s, 25 dmg every 0.50s in 2.00m
[  2783   32.994 x1.00] LOG  [OniBoss:ClubPos] Club_Swing at strike: club tip 3.04m up, 1.77m in front, -3.22m to his right (3.68m out from his centre). Club faces -98deg from his forward, pitch 0.41. (the ground wave is born 1.6m in front of him at 0.35m.)
[  2783   32.994 x1.00] LOG  [OniBoss:Layer] Club_Swing: club has not connected — ground wave released ARMED, 1.6m in front, 12m/s x 6.0m = 0.50s, carrying 8 (half of the club's 16).
[  2784   33.001 x1.00] LOG  [Peach] light hit 8 dmg: 1 bite. 9/16 bites = 2.25 of 4 peaches
[  2784   33.001 x1.00] LOG  [Momentum] 2 -> 1 (light hit taken, 50% = -1), speed x1.05, damage x1.05, impact x1.05
[  2784   33.001 x1.00] LOG  [Combat] Combo memory: light hit, keeping step 3
[  2784   33.001 x1.00] LOG  [Combat] Hit react: HitReact_Light_2Leg (0.5s, clip starts at 0.35s)
[  2784   33.001 x1.00] LOG  [CameraGameFeel] Shake: intensity=0.30 duration=0.200s
[  2784   33.001 x1.00] LOG  [CameraGameFeel] FOV punch: player damage (-2.0°)
[  2784   33.001 x1.00] LOG  [OniBoss:Wave] wave TOUCHED Yoru (grounded) for 8 after 0.1m / 0.01s of travel.
[  2787   33.022 x1.00] LOG  [HitReactTrace] asked for 'HitReact_Light_2Leg' (0.50s, clip start 0.35s): playing it, blend resolved after 21 ms, state 1.21s long at speed 1.00, now at 0.36s, layer weight 1.00, animator.speed 1.00.
[  2841   33.457 x1.00] LOG  [Combat] Hazard zone tick: OniBoss for 25
[  2842   33.465 x1.00] LOG  [OniBoss] Attack → Recovery
[  2842   33.465 x1.00] LOG  [OniBoss] Playing animation: Watch
[  2842   33.465 x1.00] LOG  [OniBoss:Trail] trail END at clip 0.99, fading over 0.40s.
[  2842   33.465 x1.00] LOG  [OniBoss:Strike] Club_Swing: club tip closest to Yoru at 0.49m, clip position 0.91 | damage fires at 0.42 | clip 0.84s => damage fires 411 ms BEFORE the club is closest
[  2860   33.620 x1.00] LOG  [OniBoss] Recovery → Chase
[  2861   33.627 x1.00] LOG  [OniBoss] hold-ground: BACKSTEP 1.5m (player 2.1m)
[  2861   33.627 x1.00] LOG  [Combat] Dash: DodgeDash_2Leg (4m, 20 dmg, 2leg)
[  2861   33.627 x1.00] LOG  [YoruVFX] dash trail 'LightningFloorPurpleTrail 1' started, riding with her
[  2861   33.627 x1.00] LOG  [Combat] Dash movement: 4.0m over 0.40s (Dash Move Duration) = 10.0 m/s
[  2875   33.789 x1.00] LOG  [OniBoss] hold-ground: backstep done (0.25m), WATCH (player 4.4m, cooldown 1.6s)
[  2875   33.789 x1.00] LOG  [OniBoss] Playing animation: Watch
[  2878   33.821 x1.00] LOG  [OniBoss] Playing animation: run
[  2891   33.965 x1.00] LOG  [Combat] Hazard zone tick: OniBoss for 25
[  2898   34.038 x1.00] LOG  [Combat] Dash done: ground dash, grounded 37/37 frames, pose pin off, pin correction now 0.000m, manual lift 0.150m, controller height wobble 28.5cm
[  2898   34.038 x1.00] LOG  [ComboTrace] move ended, combo kept at step 3, window restarted
[  2898   34.038 x1.00] LOG  [Combat] Dash ended
[  2907   34.104 x1.00] LOG  [Combat] Combo 1: 10 dmg
[  2907   34.104 x1.00] LOG  [ComboTrace] START step=1 state='Combo1' queued=0 target='OniBoss' at 8.8m
[  2907   34.104 x1.00] LOG  [ComboTrace] LAUNCH OniBoss at 4.2m dist=3.20m in 0.32s (capped short)
[  2917   34.221 x1.00] LOG  [OniBoss] Playing animation: Idle
[  2926   34.315 x1.00] LOG  [Combat] Queued click #1 (combo 1)
[  2926   34.315 x1.00] LOG  [ComboTrace] QUEUED #1 during step 1
[  2931   34.372 x1.00] LOG  [Combat] Dash: DodgeDash_2Leg (4m, 20 dmg, 2leg)
[  2931   34.372 x1.00] LOG  [YoruVFX] dash trail 'LightningFloorPurpleTrail 1' started, riding with her
[  2931   34.372 x1.00] LOG  [Combat] Dash movement: 4.0m over 0.40s (Dash Move Duration) = 10.0 m/s
[  2931   34.372 x1.00] LOG  [ComboTrace] LAUNCH RESULT wanted=3.20m actually moved=2.83m, INTERRUPTED (dodge=False dash=True hitReact=False guard=False)
[  2940   34.466 x1.00] LOG  [Combat] Hazard zone tick: OniBoss for 25
[  2947   34.539 x1.00] LOG  [OniBoss] Playing animation: run
[  2969   34.765 x1.00] LOG  [Combat] Dash done: ground dash, grounded 38/38 frames, pose pin off, pin correction now 0.000m, manual lift 0.150m, controller height wobble 31.3cm
[  2969   34.765 x1.00] LOG  [ComboTrace] move ended, combo kept at step 1, window restarted
[  2969   34.765 x1.00] LOG  [Combat] Dash ended
[  2970   34.776 x1.00] LOG  [Combat] Dash: DodgeDash_2Leg (4m, 20 dmg, 2leg)
[  2970   34.776 x1.00] LOG  [YoruVFX] dash trail 'LightningFloorPurpleTrail 1' started, riding with her
[  2970   34.776 x1.00] LOG  [Combat] Dash movement: 4.0m over 0.40s (Dash Move Duration) = 10.0 m/s
[  2980   34.880 x1.00] WARN The referenced script on this Behaviour (Game Object '<null>') is missing!
[  2980   34.880 x1.00] WARN The referenced script on this Behaviour (Game Object 'Lightning Light') is missing!
[  2980   34.880 x1.00] WARN The referenced script on this Behaviour (Game Object 'Lightning Light') is missing!
[  2989   34.975 x1.00] LOG  [Combat] Hazard zone tick: OniBoss for 25
[  2995   35.045 x1.00] LOG  [Momentum] 1 -> 0 (drain), speed x1.00, damage x1.00, impact x1.00
[  3007   35.175 x1.00] LOG  [Combat] Dash done: ground dash, grounded 37/37 frames, pose pin off, pin correction now 0.000m, manual lift 0.150m, controller height wobble 15.7cm
[  3007   35.175 x1.00] LOG  [ComboTrace] move ended, combo kept at step 1, window restarted
[  3007   35.175 x1.00] LOG  [Combat] Dash ended
[  3021   35.297 x1.00] LOG  [Combat] Dash: DodgeDash_2Leg (4m, 20 dmg, 2leg)
[  3021   35.297 x1.00] LOG  [YoruVFX] dash trail 'LightningFloorPurpleTrail 1' started, riding with her
[  3021   35.297 x1.00] LOG  [Combat] Dash movement: 4.0m over 0.40s (Dash Move Duration) = 10.0 m/s
[  3024   35.332 x1.00] LOG  [AirPosePin] engaged, holding body at 0.518m above the transform
[  3037   35.479 x1.00] LOG  [Combat] Hazard zone tick: OniBoss for 25
[  3054   35.657 x1.00] LOG  [AirPosePin] released, peak correction was 0.000m
[  3055   35.667 x1.00] LOG  💨 Landing VFX spawned!
[  3058   35.693 x1.00] LOG  [Combat] Dash done: ground dash, grounded 7/37 frames, pose pin off, pin correction now 0.000m, manual lift 0.150m, controller height wobble 33.9cm
[  3058   35.693 x1.00] LOG  [ComboTrace] move ended, combo kept at step 1, window restarted
[  3058   35.693 x1.00] LOG  [Combat] Dash ended
[  3059   35.703 x1.00] LOG  ✅ LANDED! (was jump #0)
[  3067   35.770 x1.00] LOG  [Combat] Combo 2: 20 dmg
[  3067   35.770 x1.00] LOG  [ComboTrace] START step=2 state='Combo2' queued=0 target=none: no collider on enemyLayer within 8m
[  3067   35.770 x1.00] LOG  [ComboTrace] LAUNCH STEP (no enemy) dist=0.90m in 0.13s
[  3076   35.860 x1.00] LOG  [Combat] Dash: DodgeDash_2Leg (4m, 20 dmg, 2leg)
[  3076   35.860 x1.00] LOG  [YoruVFX] dash trail 'LightningFloorPurpleTrail 1' started, riding with her
[  3076   35.860 x1.00] LOG  [Combat] Dash movement: 4.0m over 0.40s (Dash Move Duration) = 10.0 m/s
[  3076   35.860 x1.00] LOG  [ComboTrace] LAUNCH RESULT wanted=0.90m actually moved=1.03m, INTERRUPTED (dodge=False dash=True hitReact=False guard=False)
[  3117   36.261 x1.00] LOG  [Combat] Dash done: ground dash, grounded 41/41 frames, pose pin off, pin correction now 0.000m, manual lift 0.150m, controller height wobble 7.3cm
[  3117   36.261 x1.00] LOG  [ComboTrace] move ended, combo kept at step 2, window restarted
[  3117   36.261 x1.00] LOG  [Combat] Dash ended
[  3122   36.296 x1.00] LOG  [Combat] Dash: DodgeDash_2Leg (4m, 20 dmg, 2leg)
[  3122   36.296 x1.00] LOG  [YoruVFX] dash trail 'LightningFloorPurpleTrail 1' started, riding with her
[  3122   36.296 x1.00] LOG  [Combat] Dash movement: 4.0m over 0.40s (Dash Move Duration) = 10.0 m/s
[  3124   36.320 x1.00] LOG  [OniBoss] Ranged attack: Oni_Charge (dist 13.0m)
[  3124   36.320 x1.00] LOG  [OniBoss] Chase → Attack
[  3124   36.320 x1.00] LOG  [OniBoss] charge follow-up armed: ClubSwing2 chains after the charge.
[  3124   36.320 x1.00] LOG  [OniBoss] Attack: Oni_Charge (18 dmg)

[  3124   36.320 x1.00] TEL ────────── CHARGE ──────────
[  3124   36.320 x1.00] LOG  [OniBoss:Layer] charge begin: travel bone 'Hips' depth 1, local now (-0.05, 2.94, -0.24) vs rest (0.00, 3.24, -0.24); pin ON; drive windup→rush→strike; engine Attack, AnimSpeed 1.30, clip at 0.00, dist 13.2m
[  3124   36.320 x1.00] TEL charge Windup n=0.00 spd=1.30 mult=1.00 st=Attack anim=h1349952704/Charge drift=0.05 cut=0.05 meshOff=0.24m vis bounds+0.4m pos=(485.6,407.2) dist=13.2 vel=4.5
[  3132   36.404 x1.00] TEL charge Windup n=0.07 spd=1.30 mult=1.00 st=Attack anim=h1349952704/Charge drift=0.28 cut=0.28 meshOff=0.24m vis bounds+0.2m pos=(485.6,407.2) dist=14.6 vel=0.0
[  3141   36.494 x1.00] TEL charge Windup n=0.15 spd=1.30 mult=1.30 st=Attack anim=Charge/- drift=0.94 cut=0.94 meshOff=0.24m vis bounds+0.3m pos=(485.6,407.2) dist=15.6 vel=0.0
[  3150   36.583 x1.00] TEL charge Windup n=0.22 spd=1.30 mult=1.30 st=Attack anim=Charge/- drift=1.14 cut=1.14 meshOff=0.24m vis bounds+0.3m pos=(485.6,407.2) dist=16.3 vel=0.0
[  3159   36.671 x1.00] TEL charge Windup n=0.30 spd=1.30 mult=1.30 st=Attack anim=Charge/- drift=0.44 cut=0.44 meshOff=0.24m vis bounds+0.3m pos=(485.6,407.2) dist=16.5 vel=0.0
[  3162   36.700 x1.00] LOG  [Combat] Dash done: ground dash, grounded 40/40 frames, pose pin off, pin correction now 0.000m, manual lift 0.150m, controller height wobble 12.7cm
[  3162   36.700 x1.00] LOG  [ComboTrace] move ended, combo kept at step 2, window restarted
[  3162   36.700 x1.00] LOG  [Combat] Dash ended
[  3169   36.761 x1.00] TEL charge Windup n=0.37 spd=1.30 mult=1.30 st=Attack anim=Charge/- drift=5.35 cut=5.35 meshOff=0.24m vis bounds+0.3m pos=(485.6,407.2) dist=16.7 vel=0.0
[  3174   36.800 x1.00] LOG  [OniBoss:Layer] charge RUSH: clip frozen at 0.40, 16.7m to go at 14m/s
[  3175   36.806 x1.00] LOG  [OniBoss:Layer] charge fire trail: 'ToonFireTrail' attached to his feet for the rush.
[  3179   36.846 x1.00] TEL charge Rush   n=0.40 spd=0.00 mult=0.00 st=Attack anim=Charge/- drift=7.65 cut=7.65 meshOff=0.24m vis bounds+0.4m pos=(485.0,407.0) dist=16.2 vel=0.0
[  3191   36.929 x1.00] TEL charge Rush   n=0.40 spd=0.00 mult=0.00 st=Attack anim=Charge/- drift=7.65 cut=7.65 meshOff=0.24m vis bounds+0.4m pos=(483.9,406.5) dist=15.2 vel=0.0
[  3201   37.013 x1.00] TEL charge Rush   n=0.40 spd=0.00 mult=0.00 st=Attack anim=Charge/- drift=7.65 cut=7.65 meshOff=0.24m vis bounds+0.4m pos=(482.8,406.1) dist=14.0 vel=0.0
[  3213   37.101 x1.00] TEL charge Rush   n=0.40 spd=0.00 mult=0.00 st=Attack anim=Charge/- drift=7.65 cut=7.65 meshOff=0.24m vis bounds+0.4m pos=(481.7,405.7) dist=12.6 vel=0.0
[  3224   37.188 x1.00] TEL charge Rush   n=0.40 spd=0.00 mult=0.00 st=Attack anim=Charge/- drift=7.65 cut=7.65 meshOff=0.24m vis bounds+0.4m pos=(480.5,405.2) dist=11.2 vel=0.0
[  3234   37.276 x1.00] TEL charge Rush   n=0.40 spd=0.00 mult=0.00 st=Attack anim=Charge/- drift=7.65 cut=7.65 meshOff=0.24m vis bounds+0.4m pos=(479.4,404.8) dist=9.8 vel=0.0
[  3245   37.363 x1.00] TEL charge Rush   n=0.40 spd=0.00 mult=0.00 st=Attack anim=Charge/- drift=7.65 cut=7.65 meshOff=0.24m vis bounds+0.4m pos=(478.3,404.4) dist=7.9 vel=0.0
[  3255   37.449 x1.00] TEL charge Rush   n=0.40 spd=0.00 mult=0.00 st=Attack anim=Charge/- drift=7.65 cut=7.65 meshOff=0.24m vis bounds+0.4m pos=(477.1,403.9) dist=6.1 vel=0.0
[  3256   37.462 x1.00] LOG  [Combat] Combo 3: 35 dmg
[  3256   37.462 x1.00] LOG  [ComboTrace] START step=3 state='Combo3' queued=0 target='OniBoss' at 6.0m
[  3256   37.462 x1.00] LOG  [ComboTrace] LAUNCH OniBoss at 4.6m dist=3.20m in 0.32s (capped short)
[  3256   37.462 x1.00] LOG  [YoruVFX] Ground hazard: 'VFX_Void_Area_GroundSpinYORU' laid at GroundVFX ((471.80, 0.32, 401.86)), floor tilt 8.0 deg, 17 delays shifted by 2.00s, own lifetime 8.98s
[  3256   37.462 x1.00] LOG  [Combat] Hazard zone laid: 8.98s, 25 dmg every 0.50s in 2.00m
[  3263   37.536 x1.00] TEL charge Rush   n=0.40 spd=0.00 mult=0.00 st=Attack anim=Charge/- drift=7.65 cut=7.65 meshOff=0.24m vis bounds+0.4m pos=(476.0,403.5) dist=3.2 vel=0.0
[  3270   37.615 x1.00] LOG  [ComboTrace] CLICK IGNORED (step=3 queued=0)
[  3271   37.625 x1.00] TEL charge Rush   n=0.40 spd=0.00 mult=0.00 st=Attack anim=Charge/- drift=7.65 cut=7.65 meshOff=0.24m vis bounds+0.4m pos=(474.8,403.0) dist=1.8 vel=0.0
[  3278   37.683 x1.00] LOG  [AirPosePin] engaged, holding body at 0.783m above the transform
[  3279   37.690 x1.00] LOG  [AirPosePin] released, peak correction was 0.000m
[  3282   37.718 x1.00] TEL charge Rush   n=0.40 spd=0.00 mult=0.00 st=Attack anim=Charge/- drift=7.65 cut=7.65 meshOff=0.24m vis bounds+0.4m pos=(473.6,402.6) dist=1.6 vel=0.0
[  3283   37.724 x1.00] LOG  [AirPosePin] engaged, holding body at 0.783m above the transform
[  3284   37.733 x1.00] LOG  [AirPosePin] released, peak correction was 0.000m
[  3289   37.785 x1.00] LOG  [ComboTrace] LAUNCH RESULT wanted=3.20m actually moved=0.22m, completed
[  3292   37.803 x1.00] TEL charge Rush   n=0.40 spd=0.00 mult=0.00 st=Attack anim=Charge/- drift=7.65 cut=7.65 meshOff=0.24m vis bounds+0.4m pos=(472.5,402.1) dist=1.6 vel=0.0
[  3293   37.810 x1.00] LOG  [OniBoss:Layer] charge STRIKE: arrived 2.6m from the lock point after 1.01s real — clip 0.40 → 0.58 (blend 0.10s), strike moment 0.76, Yoru 1.6m away
[  3294   37.821 x1.00] LOG  [ComboTrace] CLICK IGNORED (step=3 queued=0)
[  3302   37.891 x1.00] TEL charge Strike n=0.63 spd=1.00 mult=1.00 st=Attack anim=Charge/- drift=15.08 cut=15.08 meshOff=0.24m vis bounds+0.4m pos=(472.5,402.1) dist=2.0 vel=0.0
[  3311   37.965 x1.00] LOG  [Combat] Hazard zone tick: OniBoss for 25
[  3313   37.978 x1.00] TEL charge Strike n=0.68 spd=1.00 mult=1.00 st=Attack anim=Charge/- drift=16.01 cut=16.01 meshOff=0.24m vis bounds+0.5m pos=(472.5,402.1) dist=2.0 vel=0.0
[  3317   38.016 x1.00] LOG  [ComboTrace] CLICK IGNORED (step=3 queued=0)
[  3323   38.066 x1.00] TEL charge Strike n=0.74 spd=1.00 mult=1.00 st=Attack anim=Charge/- drift=16.65 cut=16.65 meshOff=0.24m vis bounds+0.4m pos=(472.5,402.1) dist=2.0 vel=0.0
[  3329   38.110 x1.00] LOG  [CameraGameFeel] Shake: intensity=0.45 duration=0.350s
[  3329   38.110 x1.00] LOG  [Peach] heavy hit 18 dmg: 3 bites. 6/16 bites = 1.5 of 4 peaches
[  3329   38.110 x1.00] LOG  [Combat] Hit react: HitReact_Heavy_2Leg (0.9s, clip starts at 0.35s)
[  3329   38.110 x1.00] LOG  [CameraGameFeel] Shake: intensity=0.60 duration=0.200s
[  3329   38.110 x1.00] LOG  [CameraGameFeel] FOV punch: player damage (-3.0°)
[  3329   38.110 x1.00] LOG  [OniBoss] Hit player for 18 (Oni_Charge)
[  3332   38.138 x1.00] LOG  [HitReactTrace] asked for 'HitReact_Heavy_2Leg' (0.90s, clip start 0.35s): playing it, blend resolved after 27 ms, state 1.21s long at speed 1.00, now at 0.37s, layer weight 1.00, animator.speed 1.00.
[  3334   38.156 x1.00] TEL charge Strike n=0.80 spd=1.00 mult=1.00 st=Attack anim=Charge/- drift=17.16 cut=17.16 meshOff=0.24m vis bounds+0.4m pos=(472.5,402.1) dist=2.0 vel=0.0
[  3344   38.243 x1.00] TEL charge Strike n=0.85 spd=1.00 mult=1.00 st=Attack anim=Charge/- drift=17.59 cut=17.59 meshOff=0.24m vis bounds+0.2m pos=(472.5,402.1) dist=2.0 vel=0.0
[  3355   38.330 x1.00] TEL charge Strike n=0.91 spd=1.00 mult=1.00 st=Attack anim=Charge/- drift=17.89 cut=17.89 meshOff=0.24m vis bounds+0.1m pos=(472.5,402.1) dist=2.0 vel=0.0
[  3365   38.416 x1.00] TEL charge Strike n=0.97 spd=1.00 mult=1.00 st=Attack anim=Charge/- drift=18.05 cut=18.05 meshOff=0.24m vis bounds+0.1m pos=(472.5,402.1) dist=2.0 vel=0.0
[  3371   38.465 x1.00] LOG  [OniBoss] Attack → Recovery
[  3371   38.465 x1.00] LOG  [OniBoss] Playing animation: Watch
[  3371   38.465 x1.00] LOG  [OniBoss:Layer] charge fire trail: released — burns out over 3.8s where the rush ended.
[  3371   38.465 x1.00] LOG  [OniBoss:Layer] charge complete: engine left Attack (now Recovery) during Strike
[  3372   38.473 x1.00] LOG  [Combat] Hazard zone tick: OniBoss for 25
[  3376   38.507 x1.00] TEL charge None   n=1.02 spd=1.00 mult=1.00 st=Recovery anim=Charge/h-1849006814 drift=13.16 cut=13.16 meshOff=0.24m vis bounds+0.0m pos=(472.5,402.1) dist=2.0 vel=0.0
[  3387   38.595 x1.00] TEL charge None   n=1.08 spd=1.00 mult=1.00 st=Recovery anim=Charge/h-1849006814 drift=4.50 cut=4.50 meshOff=0.24m vis bounds+0.2m pos=(472.5,402.1) dist=2.0 vel=0.0
[  3389   38.615 x1.00] LOG  [OniBoss] Recovery → Attack
[  3389   38.615 x1.00] LOG  [OniBoss] Attack: ClubSwing2 (16 dmg)
[  3389   38.615 x1.00] LOG  [OniBoss:Trail] ClubSwing2 trail START at clip 1.00 (transition still blending).
[  3398   38.682 x1.00] TEL charge None   n=1.10 spd=1.40 mult=1.40 st=Attack anim=Charge/h853091085 drift=1.83 cut=1.83 meshOff=0.24m vis bounds+0.3m pos=(472.5,402.1) dist=2.0 vel=0.0
[  3403   38.723 x1.00] LOG  [OniBoss:Layer] charge end (clip left the animator) after 2.40s real: pin measured 279 frames, cancelled on 279, max raw drift 18.07m, max cancelled 18.07m — travel WAS baked in, pin held it
[  3431   38.945 x1.00] LOG  [CameraGameFeel] Shake: intensity=0.20 duration=0.250s
[  3431   38.945 x1.00] LOG  [Peach] heavy hit 24 dmg: 3 bites. 3/16 bites = 0.75 of 4 peaches
[  3431   38.945 x1.00] LOG  [Combat] Hit react: HitReact_Heavy_2Leg (0.9s, clip starts at 0.35s)
[  3431   38.945 x1.00] LOG  [CameraGameFeel] Shake: intensity=0.60 duration=0.200s
[  3431   38.945 x1.00] LOG  [CameraGameFeel] FOV punch: player damage (-3.0°)
[  3431   38.945 x1.00] LOG  [OniBoss] Hit player for 24 (ClubSwing2) [combo x1.50]
[  3431   38.945 x1.00] LOG  [OniBoss:Touch] ClubSwing2: club TOUCHED Yoru at clip 0.28, shaft 0.53m from her body line, head 0.49 along the club, tip 1.79m up, tip speed 92m/s, ONE FRAME EARLY (predicted). Full club hit delivered this frame.
[  3432   38.956 x1.00] LOG  [PeachUI] LOW HEALTH cue ON: 3 bites left, heartbeat 1.00s, bleed on, sound set
[  3432   38.956 x1.00] LOG  [HitReactTrace] asked for 'HitReact_Heavy_2Leg' (0.90s, clip start 0.35s): playing it, blend resolved after 11 ms, state 1.21s long at speed 1.00, now at 1.19s, layer weight 1.00, animator.speed 1.00.
[  3434   38.974 x1.00] LOG  [Combat] Hazard zone tick: OniBoss for 25
[  3437   39.003 x1.00] LOG  [OniBoss:ClubPos] ClubSwing2 at strike: club tip 0.04m up, 1.97m in front, 2.23m to his right (2.97m out from his centre). Club faces -3deg from his forward, pitch -0.86. (the ground wave is born 1.6m in front of him at 0.35m.)
[  3437   39.003 x1.00] LOG  [OniBoss:Layer] ClubSwing2: club already hit — ground wave released as VISUAL only (0 damage), finisher size x2.0.
[  3493   39.480 x1.00] LOG  [Combat] Hazard zone tick: OniBoss for 25
[  3532   39.780 x1.00] LOG  [OniBoss] Attack → Recovery
[  3532   39.780 x1.00] LOG  [OniBoss] Playing animation: Watch
[  3532   39.780 x1.00] LOG  [OniBoss:Trail] trail END at clip 0.99, fading over 0.40s.
[  3532   39.780 x1.00] LOG  [OniBoss:Strike] ClubSwing2: club tip closest to Yoru at 1.31m, clip position 0.31 | damage fires at 0.32 | clip 1.17s => MATCHED (within one or two frames)
[  3552   39.935 x1.00] LOG  [OniBoss] Recovery → Chase
[  3553   39.942 x1.00] LOG  [OniBoss] hold-ground: BACKSTEP 1.5m (player 2.0m)
[  3553   39.942 x1.00] LOG  [Combat] Combo 1: 10 dmg
[  3553   39.942 x1.00] LOG  [ComboTrace] START step=1 state='Combo1' queued=0 target='OniBoss' at 2.0m
[  3553   39.942 x1.00] LOG  [ComboTrace] LAUNCH OniBoss at 0.9m dist=0.87m in 0.13s
[  3559   39.984 x1.00] LOG  [Combat] Hazard zone tick: OniBoss for 25
[  3570   40.083 x1.00] LOG  [ComboTrace] LAUNCH RESULT wanted=0.87m actually moved=0.16m, completed
[  3579   40.149 x1.00] LOG  [Combat] Queued click #1 (combo 1)
[  3579   40.149 x1.00] LOG  [ComboTrace] QUEUED #1 during step 1
[  3607   40.367 x1.00] LOG  [Combat] Queued click #2 (combo 1)
[  3607   40.367 x1.00] LOG  [ComboTrace] QUEUED #2 during step 1
[  3614   40.417 x1.00] LOG  OniBoss took 10 damage. HP: 1722/2500
[  3614   40.417 x1.00] LOG  [OniBoss] Chase → HitReact
[  3614   40.417 x1.00] LOG  [OniBoss:Layer] react tier: LIGHT (10 dmg) → 'Hit_react_light'
[  3614   40.417 x1.00] LOG  [OniReactTrace] #10 LIGHT (10 dmg) asked for 'Hit_react_light': crossfade 0.08s, animator speed 1.35, world x1.00
[  3614   40.417 x1.00] LOG  [Momentum] 0 -> 1 (hit), speed x1.05, damage x1.05, impact x1.05
[  3614   40.417 x1.00] LOG  [CameraGameFeel] Shake: intensity=0.06 duration=0.080s
[  3614   40.417 x1.00] LOG  [Combat] Hit OniBoss for 10
[  3614   40.417 x1.00] LOG  [CameraGameFeel] Shake: intensity=0.53 duration=0.200s
[  3614   40.417 x1.00] LOG  [CameraGameFeel] FOV punch: hit light (+1.5°)
[  3615   40.425 x1.00] LOG  [OniReactTrace] #10 +0.01s state SOMETHING ELSE, clip on his bones 'Take 001' weight 1.00, layer weight 1.00, animator speed 0.00, world x1.00, engine HitReact
[  3624   40.487 x1.00] LOG  [Combat] Hazard zone tick: OniBoss for 25
[  3628   40.518 x1.00] LOG  [OniReactTrace] #10 +0.10s state SOMETHING ELSE, clip on his bones 'Take 001' weight 0.01, blending INTO 'Hit_react_light', layer weight 1.00, animator speed 1.35, world x1.00, engine HitReact
[  3636   40.574 x1.00] LOG  🐾 VFX_AttackPaw triggered!
[  3638   40.587 x1.00] LOG  [ComboTrace] CLICK IGNORED (step=1 queued=2)
[  3648   40.667 x1.00] LOG  [OniReactTrace] #10 +0.25s state 'Hit_react_light' at 34 % of its 0.62s, clip on his bones 'Take 001' weight 1.00, layer weight 1.00, animator speed 1.35, world x1.00, engine HitReact
[  3650   40.679 x1.00] LOG  [Combat] Combo 2: 20 dmg
[  3650   40.679 x1.00] LOG  [ComboTrace] START step=2 state='Combo2' queued=1 target='OniBoss' at 2.6m
[  3650   40.679 x1.00] LOG  [ComboTrace] LAUNCH OniBoss at 1.4m dist=1.38m in 0.14s
[  3664   40.798 x1.00] LOG  [Combat] Queued click #2 (combo 2)
[  3664   40.798 x1.00] LOG  [ComboTrace] QUEUED #2 during step 2
[  3668   40.821 x1.00] LOG  [ComboTrace] LAUNCH RESULT wanted=1.38m actually moved=0.61m, completed
[  3672   40.868 x1.00] LOG  [OniReactTrace] #10 +0.45s state 'Hit_react_light' at 66 % of its 0.62s, clip on his bones 'Take 001' weight 1.00, layer weight 1.00, animator speed 1.35, world x1.00, engine HitReact
[  3683   40.998 x1.00] LOG  [Combat] Hazard zone tick: OniBoss for 25
[  3686   41.020 x1.00] LOG  [ComboTrace] CLICK IGNORED (step=2 queued=2)
[  3701   41.121 x1.00] LOG  [OniReactTrace] #10 +0.70s state 'Hit_react_light' at 100 % of its 0.62s, clip on his bones 'Take 001' weight 1.00, layer weight 1.00, animator speed 1.35, world x1.00, engine HitReact
[  3713   41.222 x1.00] LOG  [OniBoss] HitReact → Chase
[  3713   41.222 x1.00] LOG  [ComboTrace] CLICK IGNORED (step=2 queued=2)
[  3714   41.229 x1.00] LOG  [OniBoss] Playing animation: Idle
[  3714   41.229 x1.00] LOG  [OniBoss] Playing animation: Walk
[  3721   41.286 x1.00] LOG  🐾🐾 VFX_TowPaw triggered!
[  3724   41.309 x1.00] LOG  OniBoss took 21 damage. HP: 1651/2500
[  3724   41.309 x1.00] LOG  [OniBoss] 🤕 Hit during Chase — flash only
[  3724   41.309 x1.00] LOG  [Momentum] 1 -> 2 (hit), speed x1.10, damage x1.10, impact x1.10
[  3724   41.309 x1.00] LOG  [CameraGameFeel] Shake: intensity=0.06 duration=0.080s
[  3724   41.309 x1.00] LOG  [Combat] Hit OniBoss for 21
[  3724   41.309 x1.00] LOG  [CameraGameFeel] Shake: intensity=0.55 duration=0.200s
[  3724   41.309 x1.00] LOG  [CameraGameFeel] FOV punch: hit light (+1.5°)
[  3728   41.338 x1.00] LOG  [OniBoss] Playing animation: Idle
[  3733   41.374 x1.00] LOG  [OniReactTrace] #10 +0.96s state 'Hit_react_light' at 100 % of its 1.54s, clip on his bones '?' weight 0.00, blending into a DIFFERENT state, layer weight 1.00, animator speed 1.35, world x1.00, engine Chase
[  3733   41.374 x1.00] LOG  [OniReactTrace] #10 LIGHT verdict: played to 100 % of the clip, so the reaction IS on screen and what is missing is movement inside the clip itself
[  3742   41.449 x1.00] LOG  [ComboTrace] CLICK IGNORED (step=2 queued=2)
[  3748   41.499 x1.00] LOG  [Combat] Hazard zone tick: OniBoss for 25
[  3768   41.655 x1.00] LOG  [ComboTrace] CLICK IGNORED (step=2 queued=2)
[  3773   41.687 x1.00] LOG  🐾🐾 VFX_TowPaw triggered!
[  3776   41.710 x1.00] LOG  [Combat] Combo 3: 35 dmg
[  3776   41.710 x1.00] LOG  [ComboTrace] START step=3 state='Combo3' queued=1 target='OniBoss' at 2.3m
[  3776   41.710 x1.00] LOG  [ComboTrace] LAUNCH OniBoss at 1.2m dist=1.16m in 0.13s
[  3776   41.710 x1.00] LOG  [YoruVFX] Ground hazard: 'VFX_Void_Area_GroundSpinYORU' laid at GroundVFX ((471.48, 0.32, 401.74)), floor tilt 8.0 deg, 17 delays shifted by 2.00s, own lifetime 8.98s
[  3776   41.710 x1.00] LOG  [Combat] Hazard zone tick: OniBoss for 25
[  3776   41.710 x1.00] LOG  [Combat] Hazard zone laid: 8.98s, 25 dmg every 0.50s in 2.00m
[  3779   41.739 x1.00] LOG  [OniBoss] Combo started: swing1-2 (2 steps remaining)
[  3779   41.739 x1.00] LOG  [OniBoss] Chase → Attack
[  3779   41.739 x1.00] LOG  [OniBoss] Attack: Club_Swing (16 dmg)
[  3779   41.739 x1.00] LOG  [OniBoss:Trail] Club_Swing trail START at clip 0.25 (transition done).
[  3781   41.770 x1.00] LOG  OniBoss took 38 damage. HP: 1563/2500
[  3781   41.770 x1.00] LOG  [OniBoss] Attack → Stagger
[  3781   41.770 x1.00] LOG  [OniBoss] Playing animation: Stagger
[  3781   41.770 x1.00] LOG  [OniBoss] STAGGERED for 2.5s
[  3781   41.770 x1.00] LOG  [OniBoss:Layer] heavy knock-back react (38 dmg) → 'HitReact_Heavy', down for 1.80s
[  3781   41.770 x1.00] LOG  [OniReactTrace] #11 HEAVY (0 dmg) asked for 'HitReact_Heavy': crossfade 0.08s, animator speed 1.35, world x1.00
[  3781   41.770 x1.00] LOG  [Momentum] 2 -> 3 (hit), speed x1.15, damage x1.15, impact x1.15
[  3781   41.770 x1.00] LOG  [CameraGameFeel] Shake: intensity=0.06 duration=0.080s
[  3781   41.770 x1.00] LOG  [CameraGameFeel] Shake: intensity=0.58 duration=0.200s
[  3781   41.770 x1.00] LOG  [CameraGameFeel] FOV punch: hit light (+1.5°)
[  3782   41.779 x1.00] LOG  [OniBoss:Trail] trail END at clip 0.26, fading over 0.40s.
[  3782   41.779 x1.00] LOG  [OniReactTrace] #11 +0.01s state SOMETHING ELSE, clip on his bones '?' weight 0.00, blending INTO 'HitReact_Heavy', layer weight 1.00, animator speed 0.00, world x1.00, engine Stagger
[  3789   41.845 x1.00] LOG  [ComboTrace] LAUNCH RESULT wanted=1.16m actually moved=0.56m, completed
[  3793   41.871 x1.00] LOG  [OniReactTrace] #11 +0.10s state 'HitReact_Heavy' at 4 % of its 1.11s, clip on his bones '?' weight 0.00, layer weight 1.00, animator speed 1.35, world x1.00, engine Stagger
[  3794   41.878 x1.00] LOG  [ComboTrace] CLICK IGNORED (step=3 queued=1)
[  3811   42.005 x1.00] LOG  [Combat] Hazard zone tick: OniBoss for 25
[  3814   42.024 x1.00] LOG  [OniReactTrace] #11 +0.25s state 'HitReact_Heavy' at 18 % of its 1.11s, clip on his bones 'Take 001' weight 1.00, layer weight 1.00, animator speed 1.35, world x1.00, engine Stagger
[  3823   42.099 x1.00] LOG  [ComboTrace] CLICK IGNORED (step=3 queued=1)
[  3838   42.221 x1.00] LOG  [OniReactTrace] #11 +0.45s state 'HitReact_Heavy' at 35 % of its 1.11s, clip on his bones 'Take 001' weight 1.00, layer weight 1.00, animator speed 1.35, world x1.00, engine Stagger
[  3838   42.221 x1.00] LOG  [Combat] Hazard zone tick: OniBoss for 25
[  3851   42.317 x1.00] LOG  [ComboTrace] CLICK IGNORED (step=3 queued=1)
[  3871   42.472 x1.00] LOG  [OniReactTrace] #11 +0.70s state 'HitReact_Heavy' at 59 % of its 1.11s, clip on his bones 'Take 001' weight 1.00, layer weight 1.00, animator speed 1.35, world x1.00, engine Stagger
[  3877   42.510 x1.00] LOG  [Combat] Hazard zone tick: OniBoss for 25
[  3878   42.517 x1.00] LOG  [OniBoss] ⚡ PHASE 2 ACTIVATED
[  3878   42.517 x1.00] LOG  [OniBoss:Layer] PHASE 2: health snapped 1488 → 1500 (the phase line, 60 %) for the phase-2 start.
[  3878   42.517 x1.00] LOG  [OniBoss] STAGGERED (parry) for 3s
[  3878   42.517 x0.45] LOG  [Combat] Combat reset
[  3878   42.517 x0.45] LOG  [OniBoss:Cine] CINEMATIC ON — hard cut, bars in, world at x0.45, roar at x0.80 + 0.9s linger, rise at x0.45, beat frames 27-37/94 at x0.20, hang 2.0s, orbit roar 120° / rise 40° / drop 30°, lens 65° locked, fill 0.70, screen-y 0.40/0.33, apex at clip 0.40.
[  3878   42.517 x0.45] LOG  [OniBoss:Layer] PHASE 2: transition 'Phase_Transition' driven at x0.60 + 0.6s hold — untouchable, roar at 0.60
[  3878   42.517 x0.45] LOG  [BossBar] Hiding bar INSTANTLY (cinematic)
[  3878   42.517 x0.45] LOG  [OniBoss:Layer] boss bar hidden (cinematic)
[  3879   42.527 x0.45] LOG  [OniBoss:Layer] PHASE 2: clip is 2.42s — cinematic: scream ~1.81s in + 0.9s linger
[  3902   42.720 x0.45] LOG  [OniReactTrace] #11 +0.95s state SOMETHING ELSE, clip on his bones 'Take 001' weight 1.00, layer weight 1.00, animator speed 1.35, world x0.45, engine Stagger
[  3902   42.720 x0.45] LOG  [OniReactTrace] #11 HEAVY verdict: played to 59 % of the clip, so the reaction IS on screen and what is missing is movement inside the clip itself
[  4117   44.329 x0.45] LOG  [CameraGameFeel] Shake: intensity=0.60 duration=0.500s
[  4117   44.329 x0.45] LOG  [OniBoss:Layer] PHASE 2: roar at 1.45 clip-s
[  4243   45.233 x0.45] LOG  [OniBoss:Layer] PHASE 2: transition over after 2.72s real — he is back, and angrier
[  4243   45.233 x0.45] LOG  [OniBoss:Layer] PHASE 2: chaining into the GROUND POUND — no pause. The cinematic rides along until the top of the jump.
[  4243   45.233 x0.45] LOG  [OniBoss] STAGGERED (parry) for 3s
[  4243   45.233 x0.45] LOG  [OniBoss:Layer] GROUND POUND (phase-2 entrance): driving 'Ground_Pound' at x1.00, slam at 0.60, cinematic until the apex at 0.40
[  4244   45.239 x0.45] LOG  [OniBoss:Layer] GROUND POUND: clip is 3.13s
[  4406   46.417 x0.45] LOG  [Momentum] 3 -> 2 (drain), speed x1.10, damage x1.10, impact x1.10
[  4517   47.238 x0.45] LOG  [StormWeather] storm break released
[  4517   47.238 x0.45] LOG  [CameraGameFeel] Shake: intensity=0.90 duration=0.500s
[  4517   47.238 x0.45] LOG  [OniBoss:Cine] LIGHTNING BEAT — sky show off, single strike 'LightningOrbSoftYellow'.
[  4518   47.249 x0.20] LOG  [StormWeather] ⚡ strike at (476.48, 45.00, 438.05)
[  4518   47.249 x0.20] LOG  [StormWeather] COZY → 'Yoru_Oni_Phase2_Storm' (the sky answers, storm chaos)
[  4518   47.249 x0.20] LOG  [YoruLightRig] lights boosted for the storm: fill 1.45, rim x1.30 (YoruRim 0.60 -> 0.78).
[  4518   47.249 x0.20] LOG  [StormWeather] PHASE 2 - storm breaking.
[  4607   47.899 x0.20] LOG  [Momentum] 2 -> 1 (drain), speed x1.05, damage x1.05, impact x1.05
[  4834   49.565 x0.45] LOG  [Momentum] 1 -> 0 (drain), speed x1.00, damage x1.00, impact x1.00
[  5029   50.948 x1.00] LOG  [OniBoss:Cine] the DROP at clip 0.40 (hung 2.0s) — full speed, the camera rides him DOWN.
[  5115   51.575 x1.00] LOG  [CameraGameFeel] FOV punch: hit light (+1.5°)
[  5115   51.575 x1.00] LOG  [StormWeather] storm break released
[  5115   51.575 x1.00] LOG  [OniBoss:Cine] CINEMATIC OFF (he LANDS at clip 0.60) — control returned, bars out, camera hands over in 0.30s. Lens locked at 65°; the camera stepped back to 23.0m at the farthest.
[  5115   51.575 x1.00] LOG  [CameraGameFeel] Shake: intensity=1.10 duration=0.800s
[  5115   51.575 x1.00] LOG  [OniBoss:Pound] SLAM at clip 0.60 (1.88 clip-s) — ring 12m/s out to 12m, 45 damage, jumpable.
[  5116   51.583 x1.00] LOG  [BossBar] Showing bar for: Oni (1500/2500)
[  5116   51.583 x1.00] LOG  [OniBoss:Layer] boss bar shown
[  5116   51.583 x1.00] LOG  [BossBar] Bar switched to phase 2
[  5116   51.583 x1.00] LOG  [OniBoss:Layer] boss bar → phase 2 crimson
[  5127   51.670 x1.00] WARN The referenced script on this Behaviour (Game Object '<null>') is missing!
[  5127   51.670 x1.00] WARN The referenced script on this Behaviour (Game Object 'Lightning Light') is missing!
[  5127   51.670 x1.00] WARN The referenced script on this Behaviour (Game Object 'Lightning Light') is missing!
[  5135   51.740 x1.00] LOG  [Peach] heavy hit 45 dmg: 6 bites (Cannot Die held her at 1 bite). 1/16 bites = 0.25 of 4 peaches
[  5135   51.740 x1.00] LOG  [Combat] Hit react: HitReact_Heavy_2Leg (0.9s, clip starts at 0.35s)
[  5135   51.740 x1.00] LOG  [CameraGameFeel] Shake: intensity=0.60 duration=0.200s
[  5135   51.740 x1.00] LOG  [CameraGameFeel] FOV punch: player damage (-3.0°)
[  5135   51.740 x1.00] LOG  [OniBoss:Pound] shockwave CAUGHT Yoru (grounded) at 2.7m for 45.
[  5137   51.761 x1.00] LOG  [HitReactTrace] asked for 'HitReact_Heavy_2Leg' (0.90s, clip start 0.35s): playing it, blend resolved after 20 ms, state 1.21s long at speed 1.00, now at 0.36s, layer weight 1.00, animator.speed 1.00.
[  5190   52.209 x1.00] LOG  [StormWeather] storm post weight -> 1.00
[  5251   52.690 x1.00] LOG  [Combat] Combo 1: 10 dmg
[  5251   52.690 x1.00] LOG  [ComboTrace] START step=1 state='Combo1' queued=0 target='OniBoss' at 2.7m
[  5251   52.690 x1.00] LOG  [ComboTrace] LAUNCH OniBoss at 1.5m dist=1.47m in 0.15s
[  5267   52.826 x1.00] LOG  [OniBoss] Stagger → Chase
[  5267   52.826 x1.00] LOG  [OniBoss:Cine] first-attack GRACE — at least 2.0s before he may swing.
[  5267   52.826 x1.00] LOG  [OniBoss:Layer] GROUND POUND: done — the engine is his again.
[  5268   52.832 x1.00] LOG  [OniBoss] Playing animation: Watch
[  5268   52.832 x1.00] LOG  [OniBoss] Playing animation: Walk
[  5268   52.832 x1.00] LOG  [ComboTrace] LAUNCH RESULT wanted=1.47m actually moved=0.70m, completed
[  5276   52.890 x1.00] LOG  [StormWeather] ⚡ strike at (474.01, 45.00, 449.69)
[  5280   52.919 x1.00] LOG  [Combat] Queued click #1 (combo 1)
[  5280   52.919 x1.00] LOG  [ComboTrace] QUEUED #1 during step 1
[  5307   53.125 x1.00] LOG  [Combat] Queued click #2 (combo 1)
[  5307   53.125 x1.00] LOG  [ComboTrace] QUEUED #2 during step 1
[  5311   53.159 x1.00] LOG  OniBoss took 10 damage. HP: 1490/2500
[  5311   53.159 x1.00] LOG  [OniBoss] Chase → HitReact
[  5311   53.159 x1.00] LOG  [OniBoss:Layer] react tier: LIGHT (10 dmg) → 'Hit_react_light'
[  5311   53.159 x1.00] LOG  [OniReactTrace] #12 LIGHT (10 dmg) asked for 'Hit_react_light': crossfade 0.08s, animator speed 1.35, world x1.00
[  5311   53.159 x1.00] LOG  [Momentum] 0 -> 1 (hit), speed x1.05, damage x1.05, impact x1.05
[  5311   53.159 x1.00] LOG  [CameraGameFeel] Shake: intensity=0.06 duration=0.080s
[  5311   53.159 x1.00] LOG  [Combat] Hit OniBoss for 10
[  5311   53.159 x1.00] LOG  [CameraGameFeel] Shake: intensity=0.53 duration=0.200s
[  5311   53.159 x1.00] LOG  [CameraGameFeel] FOV punch: hit light (+1.5°)
[  5312   53.165 x1.00] LOG  [OniReactTrace] #12 +0.01s state SOMETHING ELSE, clip on his bones 'Take 001' weight 1.00, layer weight 1.00, animator speed 0.00, world x1.00, engine HitReact
[  5327   53.260 x1.00] LOG  [OniReactTrace] #12 +0.10s state SOMETHING ELSE, clip on his bones 'Take 001' weight 0.07, blending INTO 'Hit_react_light', layer weight 1.00, animator speed 1.35, world x1.00, engine HitReact
[  5336   53.328 x1.00] LOG  🐾 VFX_AttackPaw triggered!
[  5338   53.352 x1.00] LOG  [ComboTrace] CLICK IGNORED (step=1 queued=2)
[  5347   53.413 x1.00] LOG  [OniReactTrace] #12 +0.25s state 'Hit_react_light' at 34 % of its 0.62s, clip on his bones 'Take 001' weight 1.00, layer weight 1.00, animator speed 1.35, world x1.00, engine HitReact
[  5350   53.443 x1.00] LOG  [Combat] Combo 2: 20 dmg
[  5350   53.443 x1.00] LOG  [ComboTrace] START step=2 state='Combo2' queued=1 target='OniBoss' at 2.1m
[  5350   53.443 x1.00] LOG  [ComboTrace] LAUNCH OniBoss at 0.9m dist=0.94m in 0.13s
[  5369   53.570 x1.00] LOG  [Combat] Queued click #2 (combo 2)
[  5369   53.570 x1.00] LOG  [ComboTrace] QUEUED #2 during step 2
[  5369   53.570 x1.00] LOG  [ComboTrace] LAUNCH RESULT wanted=0.94m actually moved=0.08m, completed
[  5373   53.609 x1.00] LOG  [OniReactTrace] #12 +0.45s state 'Hit_react_light' at 65 % of its 0.62s, clip on his bones 'Take 001' weight 1.00, layer weight 1.00, animator speed 1.35, world x1.00, engine HitReact
[  5399   53.808 x1.00] LOG  [ComboTrace] CLICK IGNORED (step=2 queued=2)
[  5406   53.860 x1.00] LOG  [OniReactTrace] #12 +0.70s state 'Hit_react_light' at 100 % of its 0.62s, clip on his bones 'Take 001' weight 1.00, layer weight 1.00, animator speed 1.35, world x1.00, engine HitReact
[  5420   53.965 x1.00] LOG  [OniBoss] HitReact → Chase
[  5421   53.973 x1.00] LOG  [OniBoss] Playing animation: Idle
[  5430   54.042 x1.00] LOG  🐾🐾 VFX_TowPaw triggered!
[  5431   54.049 x1.00] LOG  [ComboTrace] CLICK IGNORED (step=2 queued=2)
[  5433   54.062 x1.00] LOG  OniBoss took 21 damage. HP: 1469/2500
[  5433   54.062 x1.00] LOG  [OniBoss] 🤕 Hit during Chase — flash only
[  5433   54.062 x1.00] LOG  [Momentum] 1 -> 2 (hit), speed x1.10, damage x1.10, impact x1.10
[  5433   54.062 x1.00] LOG  [CameraGameFeel] Shake: intensity=0.06 duration=0.080s
[  5433   54.062 x1.00] LOG  [Combat] Hit OniBoss for 21
[  5433   54.062 x1.00] LOG  [CameraGameFeel] Shake: intensity=0.55 duration=0.200s
[  5433   54.062 x1.00] LOG  [CameraGameFeel] FOV punch: hit light (+1.5°)
[  5439   54.110 x1.00] LOG  [OniReactTrace] #12 +0.95s state 'Hit_react_light' at 100 % of its Infinitys, clip on his bones 'Take 001' weight 0.48, blending into a DIFFERENT state, layer weight 1.00, animator speed 0.00, world x1.00, engine Chase
[  5439   54.110 x1.00] LOG  [OniReactTrace] #12 LIGHT verdict: played to 100 % of the clip, so the reaction IS on screen and what is missing is movement inside the clip itself
[  5458   54.234 x1.00] LOG  [ComboTrace] CLICK IGNORED (step=2 queued=2)
[  5489   54.441 x1.00] LOG  🐾🐾 VFX_TowPaw triggered!
[  5490   54.446 x1.00] LOG  [ComboTrace] CLICK IGNORED (step=2 queued=2)
[  5493   54.465 x1.00] LOG  [Combat] Combo 3: 35 dmg
[  5493   54.465 x1.00] LOG  [ComboTrace] START step=3 state='Combo3' queued=1 target='OniBoss' at 2.3m
[  5493   54.465 x1.00] LOG  [ComboTrace] LAUNCH OniBoss at 1.2m dist=1.17m in 0.13s
[  5493   54.465 x1.00] LOG  [YoruVFX] Ground hazard: 'VFX_Void_Area_GroundSpinYORU' laid at GroundVFX ((472.71, 0.35, 402.27)), floor tilt 8.1 deg, 17 delays shifted by 2.00s, own lifetime 8.98s
[  5493   54.465 x1.00] LOG  [Combat] Hazard zone tick: OniBoss for 25
[  5493   54.465 x1.00] LOG  [Combat] Hazard zone laid: 8.98s, 25 dmg every 0.50s in 2.00m
[  5500   54.528 x1.00] LOG  OniBoss took 38 damage. HP: 1406/2500
[  5500   54.528 x1.00] LOG  [OniBoss] Chase → Stagger
[  5500   54.528 x1.00] LOG  [OniBoss] Playing animation: Stagger
[  5500   54.528 x1.00] LOG  [OniBoss] STAGGERED for 2.5s
[  5500   54.528 x1.00] LOG  [OniBoss:Layer] heavy knock-back react (38 dmg) → 'HitReact_Heavy', down for 1.80s
[  5500   54.528 x1.00] LOG  [OniReactTrace] #13 HEAVY (0 dmg) asked for 'HitReact_Heavy': crossfade 0.08s, animator speed 1.35, world x1.00
[  5500   54.528 x1.00] LOG  [Momentum] 2 -> 3 (hit), speed x1.15, damage x1.15, impact x1.15
[  5500   54.528 x1.00] LOG  [CameraGameFeel] Shake: intensity=0.06 duration=0.080s
[  5500   54.528 x1.00] LOG  [CameraGameFeel] Shake: intensity=0.58 duration=0.200s
[  5500   54.528 x1.00] LOG  [CameraGameFeel] FOV punch: hit light (+1.5°)
[  5501   54.540 x1.00] LOG  [OniReactTrace] #13 +0.01s state SOMETHING ELSE, clip on his bones 'Take 001' weight 1.00, blending INTO 'HitReact_Heavy', layer weight 1.00, animator speed 0.00, world x1.00, engine Stagger
[  5507   54.604 x1.00] LOG  [ComboTrace] LAUNCH RESULT wanted=1.17m actually moved=0.60m, completed
[  5511   54.631 x1.00] LOG  [OniReactTrace] #13 +0.10s state 'HitReact_Heavy' at 5 % of its 1.11s, clip on his bones 'Take 001' weight 1.00, layer weight 1.00, animator speed 1.35, world x1.00, engine Stagger
[  5515   54.659 x1.00] LOG  [ComboTrace] CLICK IGNORED (step=3 queued=1)
[  5530   54.780 x1.00] LOG  [OniReactTrace] #13 +0.25s state 'HitReact_Heavy' at 18 % of its 1.11s, clip on his bones 'Take 001' weight 1.00, layer weight 1.00, animator speed 1.35, world x1.00, engine Stagger
[  5545   54.889 x1.00] LOG  [ComboTrace] CLICK IGNORED (step=3 queued=1)
[  5555   54.969 x1.00] LOG  [Combat] Hazard zone tick: OniBoss for 25
[  5556   54.979 x1.00] LOG  [OniReactTrace] #13 +0.45s state 'HitReact_Heavy' at 36 % of its 1.11s, clip on his bones 'Take 001' weight 1.00, layer weight 1.00, animator speed 1.35, world x1.00, engine Stagger
[  5575   55.132 x1.00] LOG  [ComboTrace] CLICK IGNORED (step=3 queued=1)
[  5589   55.232 x1.00] LOG  [OniReactTrace] #13 +0.70s state 'HitReact_Heavy' at 59 % of its 1.11s, clip on his bones 'Take 001' weight 1.00, layer weight 1.00, animator speed 1.35, world x1.00, engine Stagger
[  5597   55.290 x1.00] LOG  [ComboTrace] END step=3 clipProgress=0.96 clipLen=0.79s queued=0 elapsed=0.83s
[  5604   55.353 x1.00] LOG  [ComboTrace] CLICK DROPPED by attackCooldown (0.10s, 0.06s since last attack) step=3
[  5620   55.469 x1.00] LOG  [Combat] Hazard zone tick: OniBoss for 25
[  5621   55.479 x1.00] LOG  [OniReactTrace] #13 +0.95s state 'HitReact_Heavy' at 81 % of its 1.11s, clip on his bones 'Take 001' weight 1.00, layer weight 1.00, animator speed 1.35, world x1.00, engine Stagger
[  5621   55.479 x1.00] LOG  [OniReactTrace] #13 HEAVY verdict: played to 81 % of the clip, so the reaction IS on screen and what is missing is movement inside the clip itself
[  5635   55.605 x1.00] LOG  [Combat] Combo 1: 10 dmg
[  5635   55.605 x1.00] LOG  [ComboTrace] START step=1 state='Combo1' queued=0 target='OniBoss' at 2.6m
[  5635   55.605 x1.00] LOG  [ComboTrace] LAUNCH OniBoss at 1.4m dist=1.43m in 0.14s
[  5654   55.760 x1.00] LOG  [ComboTrace] LAUNCH RESULT wanted=1.43m actually moved=0.65m, completed
[  5678   55.973 x1.00] LOG  [Combat] Hazard zone tick: OniBoss for 25
[  5683   56.016 x1.00] LOG  OniBoss punish window! 12 → 18 (x1.5)
[  5683   56.016 x1.00] LOG  OniBoss took 18 damage. HP: 1313/2500
[  5683   56.016 x1.00] LOG  [Momentum] 3 -> 4 (hit), speed x1.20, damage x1.20, impact x1.20
[  5683   56.016 x1.00] LOG  [CameraGameFeel] Shake: intensity=0.06 duration=0.080s
[  5683   56.016 x1.00] LOG  [Combat] Hit OniBoss for 12
[  5683   56.016 x1.00] LOG  [CameraGameFeel] Shake: intensity=0.60 duration=0.200s
[  5683   56.016 x1.00] LOG  [CameraGameFeel] FOV punch: hit light (+1.5°)
[  5699   56.139 x1.00] LOG  [Combat] Queued click #1 (combo 1)
[  5699   56.139 x1.00] LOG  [ComboTrace] QUEUED #1 during step 1
[  5704   56.172 x1.00] LOG  🐾 VFX_AttackPaw triggered!
[  5717   56.263 x1.00] LOG  [Combat] Combo 2: 20 dmg
[  5717   56.263 x1.00] LOG  [ComboTrace] START step=2 state='Combo2' queued=0 target='OniBoss' at 2.9m
[  5717   56.263 x1.00] LOG  [ComboTrace] LAUNCH OniBoss at 1.7m dist=1.65m in 0.17s
[  5724   56.333 x1.00] LOG  [OniBoss] Stagger → Chase
[  5725   56.339 x1.00] LOG  [OniBoss] Playing animation: Idle
[  5725   56.339 x1.00] LOG  [OniBoss] Combo started: ClubSwing1 → ClubSwing2 → ClubSlam (3 steps remaining)
[  5725   56.339 x1.00] LOG  [OniBoss] Chase → Attack
[  5725   56.339 x1.00] LOG  [OniBoss] Attack: Club_Swing (16 dmg)
[  5725   56.339 x1.00] LOG  [OniBoss:Trail] Club_Swing trail START at clip 1.00 (transition done).
[  5738   56.439 x1.00] LOG  [ComboTrace] LAUNCH RESULT wanted=1.65m actually moved=0.90m, completed
[  5742   56.469 x1.00] LOG  [Combat] Dodge: Dodge_2Leg (4m, 2leg)
[  5742   56.469 x1.00] LOG  [AirPosePin] engaged, holding body at 0.654m above the transform
[  5743   56.479 x1.00] LOG  [AirPosePin] released, peak correction was 0.000m
[  5744   56.493 x1.00] LOG  [AirPosePin] engaged, holding body at 0.664m above the transform
[  5761   56.677 x1.00] LOG  [CameraGameFeel] Shake: intensity=0.20 duration=0.250s
[  5761   56.677 x1.00] LOG  [Peach] light hit 16 dmg: 2 bites (Cannot Die held her at 1 bite). 1/16 bites = 0.25 of 4 peaches
[  5761   56.677 x1.00] LOG  [Momentum] 4 -> 2 (light hit taken, 50% = -2), speed x1.10, damage x1.10, impact x1.10
[  5761   56.677 x1.00] LOG  [Combat] Combo memory: light hit, keeping step 2
[  5761   56.677 x1.00] LOG  [Combat] Hit react: HitReact_Light_2Leg (0.5s, clip starts at 0.35s)
[  5761   56.677 x1.00] LOG  [CameraGameFeel] Shake: intensity=0.30 duration=0.200s
[  5761   56.677 x1.00] LOG  [CameraGameFeel] FOV punch: player damage (-2.0°)
[  5761   56.677 x1.00] LOG  [OniBoss] Hit player for 16 (Club_Swing)
[  5761   56.677 x1.00] LOG  [OniBoss:Touch] Club_Swing: club TOUCHED Yoru at clip 0.40, shaft 0.56m from her body line, head 0.45 along the club, tip 2.25m up, tip speed 154m/s. Full club hit delivered this frame.
[  5762   56.689 x1.00] LOG  [HitReactTrace] asked for 'HitReact_Light_2Leg' (0.50s, clip start 0.35s): NOT playing it, another state took the combat layer, blend resolved after 12 ms, state 0.56s long at speed 1.00, now at 0.21s, layer weight 1.00, animator.speed 1.00.
[  5764   56.704 x1.00] LOG  [OniBoss:ClubPos] Club_Swing at strike: club tip 3.03m up, 1.97m in front, -3.17m to his right (3.73m out from his centre). Club faces -93deg from his forward, pitch 0.41. (the ground wave is born 1.6m in front of him at 0.35m.)
[  5764   56.704 x1.00] LOG  [OniBoss:Layer] Club_Swing: club already hit — ground wave released as VISUAL only (0 damage).
[  5765   56.711 x1.00] LOG  [StormWeather] ⚡ strike at (478.29, 45.00, 438.18)
[  5803   57.036 x1.00] LOG  💨 Landing VFX spawned!
[  5803   57.036 x1.00] LOG  [AirPosePin] released, peak correction was 0.003m
[  5824   57.183 x1.00] LOG  [OniBoss] Attack → Recovery
[  5824   57.183 x1.00] LOG  [OniBoss] Playing animation: Watch
[  5824   57.183 x1.00] LOG  [OniBoss:Trail] trail END at clip 0.99, fading over 0.40s.
[  5824   57.183 x1.00] LOG  ✅ LANDED! (was jump #0)
[  5824   57.183 x1.00] LOG  [OniBoss:Strike] Club_Swing: club tip closest to Yoru at 0.52m, clip position 0.91 | damage fires at 0.42 | clip 0.84s => damage fires 412 ms BEFORE the club is closest
[  5828   57.205 x1.00] WARN The referenced script on this Behaviour (Game Object '<null>') is missing!
[  5828   57.205 x1.00] WARN The referenced script on this Behaviour (Game Object 'Lightning Light') is missing!
[  5828   57.205 x1.00] WARN The referenced script on this Behaviour (Game Object 'Lightning Light') is missing!
[  5845   57.339 x1.00] LOG  [OniBoss] Recovery → Attack
[  5845   57.339 x1.00] LOG  [OniBoss] Attack: ClubSwing2 (16 dmg)
[  5845   57.339 x1.00] LOG  [OniBoss:Trail] ClubSwing2 trail START at clip 1.00 (transition still blending).
[  5885   57.669 x1.00] LOG  [CameraGameFeel] Shake: intensity=0.20 duration=0.250s
[  5885   57.669 x1.00] LOG  [Peach] light hit 20 dmg: 2 bites (Cannot Die held her at 1 bite). 1/16 bites = 0.25 of 4 peaches
[  5885   57.669 x1.00] LOG  [Momentum] light hit inside the 1.0s grace, no cost (count 2)
[  5885   57.669 x1.00] LOG  [Combat] Combo memory: light hit, keeping step 2
[  5885   57.669 x1.00] LOG  [Combat] Hit react: HitReact_Light_2Leg (0.5s, clip starts at 0.35s)
[  5885   57.669 x1.00] LOG  [CameraGameFeel] Shake: intensity=0.30 duration=0.200s
[  5885   57.669 x1.00] LOG  [CameraGameFeel] FOV punch: player damage (-2.0°)
[  5885   57.669 x1.00] LOG  [OniBoss] Hit player for 20 (ClubSwing2) [combo x1.25]
[  5885   57.669 x1.00] LOG  [OniBoss:Touch] ClubSwing2: club TOUCHED Yoru at clip 0.28, shaft 0.55m from her body line, head 0.49 along the club, tip 1.81m up, tip speed 92m/s, ONE FRAME EARLY (predicted). Full club hit delivered this frame.
[  5886   57.682 x1.00] LOG  [HitReactTrace] asked for 'HitReact_Light_2Leg' (0.50s, clip start 0.35s): NOT playing it, another state took the combat layer, blend resolved after 13 ms, state 1.00s long at speed 1.00, now at 0.49s, layer weight 1.00, animator.speed 1.00.
[  5892   57.721 x1.00] LOG  [OniBoss:ClubPos] ClubSwing2 at strike: club tip 0.06m up, 1.91m in front, 2.30m to his right (2.99m out from his centre). Club faces 0deg from his forward, pitch -0.87. (the ground wave is born 1.6m in front of him at 0.35m.)
[  5892   57.721 x1.00] LOG  [OniBoss:Layer] ClubSwing2: club already hit — ground wave released as VISUAL only (0 damage).
[  5921   57.949 x1.00] WARN The referenced script on this Behaviour (Game Object '<null>') is missing!
[  5921   57.949 x1.00] WARN The referenced script on this Behaviour (Game Object 'Lightning Light') is missing!
[  5921   57.949 x1.00] WARN The referenced script on this Behaviour (Game Object 'Lightning Light') is missing!
[  5991   58.511 x1.00] LOG  [OniBoss] Attack → Recovery
[  5991   58.511 x1.00] LOG  [OniBoss] Playing animation: Watch
[  5991   58.511 x1.00] LOG  [OniBoss:Trail] trail END at clip 0.99, fading over 0.40s.
[  5991   58.511 x1.00] LOG  [OniBoss:Strike] ClubSwing2: club tip closest to Yoru at 1.27m, clip position 0.31 | damage fires at 0.32 | clip 1.17s => MATCHED (within one or two frames)
[  5992   58.517 x1.00] LOG  [Momentum] 2 -> 1 (drain), speed x1.05, damage x1.05, impact x1.05
[  6011   58.670 x1.00] LOG  [OniBoss] Recovery → Attack
[  6011   58.670 x1.00] LOG  [OniBoss] Attack: ClubSlam (20 dmg)
[  6011   58.670 x1.00] LOG  [OniBoss:Trail] ClubSlam trail START at clip 1.00 (transition still blending).
[  6012   58.678 x1.00] LOG  [OniBoss] Finisher step-in: ClubSlam, she is 0.87m out of reach, walking up to 1.5m
[  6052   58.998 x1.00] LOG  [Combat] Hazard zone tick: OniBoss for 25
[  6055   59.021 x1.00] LOG  [Momentum] 1 -> 0 (drain), speed x1.00, damage x1.00, impact x1.00
[  6064   59.101 x1.00] LOG  [CameraGameFeel] Shake: intensity=0.50 duration=0.400s
[  6064   59.101 x1.00] LOG  [Peach] heavy hit 30 dmg: 4 bites (Cannot Die held her at 1 bite). 1/16 bites = 0.25 of 4 peaches
[  6064   59.101 x1.00] LOG  [Combat] Hit react: Bhit_run_reaction_4 (2.5s, clip starts at 0.10s)
[  6064   59.101 x1.00] LOG  [CameraGameFeel] Shake: intensity=0.60 duration=0.200s
[  6064   59.101 x1.00] LOG  [CameraGameFeel] FOV punch: player damage (-3.0°)
[  6064   59.101 x1.00] LOG  [OniBoss] Hit player for 30 (ClubSlam) [combo x1.50]
[  6064   59.101 x1.00] LOG  [OniBoss:Touch] ClubSlam: club TOUCHED Yoru at clip 0.47, shaft 0.49m from her body line, head 0.86 along the club, tip 2.21m up, tip speed 95m/s. Full club hit delivered this frame.
[  6065   59.113 x1.00] LOG  [HitReactTrace] asked for 'Bhit_run_reaction_4' (2.50s, clip start 0.10s): NOT playing it, another state took the combat layer, blend resolved after 12 ms, state 1.00s long at speed 1.00, now at 0.93s, layer weight 1.00, animator.speed 1.00.
[  6107   59.464 x1.00] LOG  [OniBoss:ClubPos] ClubSlam at strike: club tip 0.54m up, 2.91m in front, -0.12m to his right (2.91m out from his centre). Club faces 8deg from his forward, pitch -0.26. (the ground wave is born 1.6m in front of him at 0.35m.)
[  6107   59.464 x1.00] LOG  [OniBoss:Layer] ClubSlam: club already hit — ground wave released as VISUAL only (0 damage), finisher size x2.0.
[  6112   59.504 x1.00] LOG  [Combat] Hazard zone tick: OniBoss for 25
[  6123   59.602 x1.00] LOG  [OniBoss] Attack → Recovery
[  6123   59.602 x1.00] LOG  [OniBoss] Playing animation: Watch
[  6123   59.602 x1.00] LOG  [OniBoss:Trail] trail END at clip 0.99, fading over 0.40s.
[  6123   59.602 x1.00] LOG  [StormWeather] ⚡ strike at (475.55, 45.00, 455.66)
[  6123   59.602 x1.00] LOG  [OniBoss:Strike] ClubSlam: club tip closest to Yoru at 0.28m, clip position 0.65 | damage fires at 0.85 | clip 0.93s => damage fires 185 ms AFTER the club is closest — it lands once the club has passed her
[  6142   59.754 x1.00] LOG  [OniBoss] Recovery → Chase
[  6143   59.762 x1.00] LOG  [OniBoss] hold-ground: BACKSTEP 1.5m (player 4.1m)
[  6165   59.939 x1.00] LOG  [OniBoss] hold-ground: backstep done (0.29m), WATCH (player 4.3m, cooldown 1.0s)
[  6165   59.939 x1.00] LOG  [OniBoss] Playing animation: Idle
[  6166   59.950 x1.00] LOG  [OniBoss] Playing animation: Walk
[  6175   60.009 x1.00] LOG  [Combat] Hazard zone tick: OniBoss for 25
[  6193   60.150 x1.00] WARN The referenced script on this Behaviour (Game Object '<null>') is missing!
[  6193   60.150 x1.00] WARN The referenced script on this Behaviour (Game Object 'Lightning Light') is missing!
[  6193   60.150 x1.00] WARN The referenced script on this Behaviour (Game Object 'Lightning Light') is missing!
[  6224   60.390 x1.00] WARN The referenced script on this Behaviour (Game Object '<null>') is missing!
[  6224   60.390 x1.00] WARN The referenced script on this Behaviour (Game Object 'Lightning Light') is missing!
[  6224   60.390 x1.00] WARN The referenced script on this Behaviour (Game Object 'Lightning Light') is missing!
[  6238   60.510 x1.00] LOG  [Combat] Hazard zone tick: OniBoss for 25
[  6243   60.560 x1.00] LOG  [OniBoss] Playing animation: Idle
[  6293   60.957 x1.00] LOG  [OniBoss] hold-ground: cooldown over, player 4.2m > 3.5m — APPROACH
[  6293   60.957 x1.00] LOG  [OniBoss] Playing animation: Walk
[  6300   61.015 x1.00] LOG  [Combat] Hazard zone tick: OniBoss for 25
[  6302   61.036 x1.00] LOG  [OniBoss] Pull-band decision: RUN-IN (dist 4.7m, pullRange 0m, chance 0.70)
[  6302   61.036 x1.00] LOG  [OniBoss] Playing animation: run
[  6309   61.093 x1.00] WARN The referenced script on this Behaviour (Game Object '<null>') is missing!
[  6309   61.093 x1.00] WARN The referenced script on this Behaviour (Game Object 'Lightning Light') is missing!
[  6309   61.093 x1.00] WARN The referenced script on this Behaviour (Game Object 'Lightning Light') is missing!
[  6360   61.519 x1.00] LOG  [Combat] Hazard zone tick: OniBoss for 25
[  6367   61.572 x1.00] LOG  [StormWeather] ⚡ strike at (483.05, 45.00, 438.13)
[  6421   62.020 x1.00] LOG  [Combat] Hazard zone tick: OniBoss for 25
[  6483   62.502 x0.00] LOG  [Pause] screen frozen: 1426 x 802 from screen copy, turned the right way up (Auto), levels 0.19 to 0.55 (measured), world 0.58, blur mip 3.0
[  6546   62.952 x0.00] LOG  [Pause] paused: world clock was x1.00, screen frozen and blurred, up in 0.45s real
[  6897   65.390 x1.00] LOG  [Pause] resumed: world clock back to x1.00
[  6928   65.621 x1.00] LOG  [OniBoss] Playing animation: Watch
[  6928   65.621 x1.00] LOG  [OniBoss] Combo started: swing1-2 (2 steps remaining)
[  6928   65.621 x1.00] LOG  [OniBoss] Chase → Attack
[  6928   65.621 x1.00] LOG  [OniBoss] Attack: Club_Swing (16 dmg)
[  6928   65.621 x1.00] LOG  [OniBoss:Trail] Club_Swing trail START at clip 1.00 (transition done).
[  6941   65.723 x1.00] LOG  [OniBoss:Layer] step-in: 'Club_Swing' closed 0.47m, Yoru now 3.0m away (range 3.5)
[  6973   65.981 x1.00] LOG  [OniBoss:ClubPos] Club_Swing at strike: club tip 3.02m up, 2.79m in front, -2.79m to his right (3.94m out from his centre). Club faces -76deg from his forward, pitch 0.40. (the ground wave is born 1.6m in front of him at 0.35m.)
[  6973   65.981 x1.00] LOG  [OniBoss:Layer] Club_Swing: club has not connected — ground wave released ARMED, 1.6m in front, 12m/s x 6.0m = 0.50s, carrying 8 (half of the club's 16).
[  6974   65.991 x1.00] LOG  [Peach] light hit 8 dmg: 1 bite (Cannot Die held her at 1 bite). 1/16 bites = 0.25 of 4 peaches
[  6974   65.991 x1.00] LOG  [Combat] Hit react: HitReact_Light_2Leg (0.5s, clip starts at 0.35s)
[  6974   65.991 x1.00] LOG  [CameraGameFeel] Shake: intensity=0.30 duration=0.200s
[  6974   65.991 x1.00] LOG  [CameraGameFeel] FOV punch: player damage (-2.0°)
[  6974   65.991 x1.00] LOG  [OniBoss:Wave] wave TOUCHED Yoru (grounded) for 8 after 0.1m / 0.01s of travel.
[  6977   66.011 x1.00] LOG  [HitReactTrace] asked for 'HitReact_Light_2Leg' (0.50s, clip start 0.35s): playing it, blend resolved after 19 ms, state 1.21s long at speed 1.00, now at 0.36s, layer weight 1.00, animator.speed 1.00.
[  7040   66.457 x1.00] LOG  [OniBoss] Attack → Recovery
[  7040   66.457 x1.00] LOG  [OniBoss] Playing animation: Watch
[  7040   66.457 x1.00] LOG  [OniBoss:Trail] trail END at clip 0.99, fading over 0.40s.
[  7040   66.457 x1.00] LOG  [OniBoss:Strike] Club_Swing: club tip closest to Yoru at 1.50m, clip position 0.91 | damage fires at 0.42 | clip 0.84s => damage fires 410 ms BEFORE the club is closest
[  7062   66.613 x1.00] LOG  [OniBoss] Recovery → Attack
[  7062   66.613 x1.00] LOG  [OniBoss] Attack: ClubSwing2 (16 dmg)
[  7062   66.613 x1.00] LOG  [OniBoss:Trail] ClubSwing2 trail START at clip 1.00 (transition still blending).
[  7063   66.622 x1.00] LOG  [OniBoss] Finisher step-in: ClubSwing2, she is 0.00m out of reach, walking up to 1.5m
[  7068   66.654 x1.00] WARN The referenced script on this Behaviour (Game Object '<null>') is missing!
[  7068   66.654 x1.00] WARN The referenced script on this Behaviour (Game Object 'Lightning Light') is missing!
[  7068   66.654 x1.00] WARN The referenced script on this Behaviour (Game Object 'Lightning Light') is missing!
[  7074   66.702 x1.00] LOG  [StormWeather] ⚡ strike at (490.08, 45.00, 450.82)
[  7111   66.952 x1.00] LOG  [CameraGameFeel] Shake: intensity=0.20 duration=0.250s
[  7111   66.952 x1.00] LOG  [Peach] heavy hit 24 dmg: 3 bites (Cannot Die held her at 1 bite). 1/16 bites = 0.25 of 4 peaches
[  7111   66.952 x1.00] LOG  [Combat] Hit react: HitReact_Heavy_2Leg (0.9s, clip starts at 0.35s)
[  7111   66.952 x1.00] LOG  [CameraGameFeel] Shake: intensity=0.60 duration=0.200s
[  7111   66.952 x1.00] LOG  [CameraGameFeel] FOV punch: player damage (-3.0°)
[  7111   66.952 x1.00] LOG  [OniBoss] Hit player for 24 (ClubSwing2) [combo x1.50]
[  7111   66.952 x1.00] LOG  [OniBoss:Touch] ClubSwing2: club TOUCHED Yoru at clip 0.29, shaft 0.43m from her body line, head 0.83 along the club, tip 1.04m up, tip speed 101m/s, ONE FRAME EARLY (predicted). Full club hit delivered this frame.
[  7112   66.962 x1.00] LOG  [HitReactTrace] asked for 'HitReact_Heavy_2Leg' (0.90s, clip start 0.35s): NOT playing it, another state took the combat layer, blend resolved after 10 ms, state 1.00s long at speed 1.00, now at 0.46s, layer weight 1.00, animator.speed 1.00.
[  7116   66.997 x1.00] LOG  [OniBoss:ClubPos] ClubSwing2 at strike: club tip 0.10m up, 1.79m in front, 2.44m to his right (3.03m out from his centre). Club faces 6deg from his forward, pitch -0.88. (the ground wave is born 1.6m in front of him at 0.35m.)
[  7116   66.997 x1.00] LOG  [OniBoss:Layer] ClubSwing2: club already hit — ground wave released as VISUAL only (0 damage), finisher size x2.0.
[  7216   67.782 x1.00] LOG  [OniBoss] Attack → Recovery
[  7216   67.782 x1.00] LOG  [OniBoss] Playing animation: Watch
[  7216   67.782 x1.00] LOG  [OniBoss:Trail] trail END at clip 0.99, fading over 0.40s.
[  7216   67.782 x1.00] LOG  [OniBoss:Strike] ClubSwing2: club tip closest to Yoru at 0.44m, clip position 0.30 | damage fires at 0.32 | clip 1.17s => MATCHED (within one or two frames)
[  7236   67.940 x1.00] LOG  [OniBoss] Recovery → Chase
[  7237   67.946 x1.00] LOG  [OniBoss] hold-ground: BACKSTEP 1.5m (player 3.8m)
[  7243   68.000 x1.00] LOG  [OniBoss] hold-ground: backstep done (0.08m), WATCH (player 4.3m, cooldown 1.1s)
[  7243   68.000 x1.00] LOG  [OniBoss] Playing animation: Watch
[  7244   68.005 x1.00] LOG  [OniBoss] Playing animation: Walk
[  7251   68.059 x1.00] LOG  [OniBoss] Playing animation: run
[  7384   69.049 x1.00] WARN The referenced script on this Behaviour (Game Object '<null>') is missing!
[  7384   69.049 x1.00] WARN The referenced script on this Behaviour (Game Object 'Lightning Light') is missing!
[  7384   69.049 x1.00] WARN The referenced script on this Behaviour (Game Object 'Lightning Light') is missing!
[  7384   69.049 x1.00] LOG  [OniBoss] Playing animation: Watch
[  7397   69.144 x1.00] LOG  [OniBoss] Chase → Attack
[  7397   69.144 x1.00] LOG  [OniBoss] Attack: Club_Swing (16 dmg)
[  7397   69.144 x1.00] LOG  [OniBoss:Trail] Club_Swing trail START at clip 1.00 (transition still blending).
[  7439   69.508 x1.00] LOG  [OniBoss:ClubPos] Club_Swing at strike: club tip 3.03m up, 1.99m in front, -3.17m to his right (3.74m out from his centre). Club faces -93deg from his forward, pitch 0.41. (the ground wave is born 1.6m in front of him at 0.35m.)
[  7439   69.508 x1.00] LOG  [OniBoss:Layer] Club_Swing: club has not connected — ground wave released ARMED, 1.6m in front, 12m/s x 6.0m = 0.50s, carrying 8 (half of the club's 16).
[  7457   69.653 x1.00] LOG  [StormWeather] ⚡ strike at (471.66, 45.00, 455.62)
[  7466   69.792 x1.00] LOG  [Peach] light hit 8 dmg: 1 bite (Cannot Die held her at 1 bite). 1/16 bites = 0.25 of 4 peaches
[  7466   69.792 x1.00] LOG  [HitReactTrace] 4-leg LIGHT hit at 7.79 m/s (running threshold 3.00) => RUNNING reaction.
[  7466   69.792 x1.00] LOG  [CameraGameFeel] Shake: intensity=0.30 duration=0.200s
[  7466   69.792 x1.00] LOG  [CameraGameFeel] FOV punch: player damage (-2.0°)
[  7466   69.792 x1.00] LOG  [Combat] Running hit react: HitReact_Running_4Leg (0.45s then a 0.25s blend back into the run, clip starts at 0.10s, movement NOT blocked)
[  7466   69.792 x1.00] LOG  [OniBoss:Wave] wave TOUCHED Yoru (grounded) for 8 after 3.4m / 0.28s of travel.
[  7472   69.851 x1.00] LOG  [HitReactTrace] running flinch 'HitReact_Running_4Leg' on screen 6 frame(s) / 59 ms after the hit, run still moving.
[  7489   69.987 x1.00] LOG  [OniBoss] Attack → Recovery
[  7489   69.987 x1.00] LOG  [OniBoss] Playing animation: Watch
[  7489   69.987 x1.00] LOG  [OniBoss:Trail] trail END at clip 1.00, fading over 0.40s.
[  7489   69.987 x1.00] LOG  [OniBoss:Strike] Club_Swing: club tip closest to Yoru at 2.84m, clip position 0.40 | damage fires at 0.42 | clip 0.84s => MATCHED (within one or two frames)
[  7508   70.142 x1.00] LOG  [OniBoss] Recovery → Chase
[  7509   70.148 x1.00] LOG  [OniBoss] Playing animation: run
[  7532   70.336 x1.00] WARN The referenced script on this Behaviour (Game Object '<null>') is missing!
[  7532   70.336 x1.00] WARN The referenced script on this Behaviour (Game Object 'Lightning Light') is missing!
[  7532   70.336 x1.00] WARN The referenced script on this Behaviour (Game Object 'Lightning Light') is missing!
[  7680   71.527 x1.00] LOG  [OniBoss] Ranged attack: Oni_Charge (dist 13.0m)
[  7680   71.527 x1.00] LOG  [OniBoss] Chase → Attack
[  7680   71.527 x1.00] LOG  [OniBoss] charge follow-up armed: Club_Swing chains after the charge.
[  7680   71.527 x1.00] LOG  [OniBoss] Attack: Oni_Charge (18 dmg)

[  7680   71.527 x1.00] TEL ────────── CHARGE ──────────
[  7680   71.527 x1.00] LOG  [OniBoss:Layer] charge begin: travel bone 'Hips' depth 1, local now (0.02, 3.07, -0.24) vs rest (0.00, 3.24, -0.24); pin ON; drive windup→rush→strike; engine Attack, AnimSpeed 1.30, clip at 0.00, dist 13.0m
[  7680   71.527 x1.00] TEL charge Windup n=0.00 spd=1.30 mult=1.00 st=Attack anim=h1349952704/Charge drift=0.02 cut=0.02 meshOff=0.24m vis bounds+0.3m pos=(455.1,397.6) dist=13.0 vel=5.5
[  7691   71.616 x1.00] TEL charge Windup n=0.08 spd=1.30 mult=1.00 st=Attack anim=h1349952704/Charge drift=0.33 cut=0.33 meshOff=0.24m vis bounds+0.2m pos=(455.1,397.6) dist=13.6 vel=0.0
[  7701   71.702 x1.00] TEL charge Windup n=0.15 spd=1.30 mult=1.30 st=Attack anim=Charge/- drift=0.95 cut=0.95 meshOff=0.24m vis bounds+0.3m pos=(455.1,397.6) dist=14.2 vel=0.0
[  7712   71.789 x1.00] TEL charge Windup n=0.22 spd=1.30 mult=1.30 st=Attack anim=Charge/- drift=1.14 cut=1.14 meshOff=0.24m vis bounds+0.3m pos=(455.1,397.6) dist=14.6 vel=0.0
[  7720   71.861 x1.00] WARN The referenced script on this Behaviour (Game Object '<null>') is missing!
[  7720   71.861 x1.00] WARN The referenced script on this Behaviour (Game Object 'Lightning Light') is missing!
[  7720   71.861 x1.00] WARN The referenced script on this Behaviour (Game Object 'Lightning Light') is missing!
[  7722   71.878 x1.00] TEL charge Windup n=0.30 spd=1.30 mult=1.30 st=Attack anim=Charge/- drift=0.44 cut=0.44 meshOff=0.24m vis bounds+0.3m pos=(455.1,397.6) dist=15.1 vel=0.0
[  7729   71.940 x1.00] LOG  [StormWeather] ⚡ strike at (485.30, 45.00, 441.27)
[  7732   71.963 x1.00] TEL charge Windup n=0.37 spd=1.30 mult=1.30 st=Attack anim=Charge/- drift=4.92 cut=4.92 meshOff=0.24m vis bounds+0.2m pos=(455.1,397.6) dist=15.6 vel=0.0
[  7737   72.007 x1.00] LOG  [OniBoss:Layer] charge RUSH: clip frozen at 0.40, 15.8m to go at 14m/s
[  7738   72.017 x1.00] LOG  [OniBoss:Layer] charge fire trail: 'ToonFireTrail' attached to his feet for the rush.
[  7740   72.032 x1.00] WARN The referenced script on this Behaviour (Game Object '<null>') is missing!
[  7740   72.032 x1.00] WARN The referenced script on this Behaviour (Game Object 'Lightning Light') is missing!
[  7740   72.032 x1.00] WARN The referenced script on this Behaviour (Game Object 'Lightning Light') is missing!
[  7742   72.050 x1.00] TEL charge Rush   n=0.40 spd=0.00 mult=0.00 st=Attack anim=Charge/- drift=7.64 cut=7.64 meshOff=0.24m vis bounds+0.4m pos=(454.5,397.3) dist=15.5 vel=0.0
[  7753   72.143 x1.00] TEL charge Rush   n=0.40 spd=0.00 mult=0.00 st=Attack anim=Charge/- drift=7.64 cut=7.64 meshOff=0.24m vis bounds+0.4m pos=(453.3,396.8) dist=14.7 vel=0.0
[  7761   72.229 x1.00] TEL charge Rush   n=0.40 spd=0.00 mult=0.00 st=Attack anim=Charge/- drift=7.64 cut=7.64 meshOff=0.24m vis bounds+0.4m pos=(452.2,396.3) dist=14.0 vel=0.0
[  7770   72.314 x1.00] TEL charge Rush   n=0.40 spd=0.00 mult=0.00 st=Attack anim=Charge/- drift=7.64 cut=7.64 meshOff=0.24m vis bounds+0.4m pos=(451.1,395.8) dist=13.3 vel=0.0
[  7780   72.403 x1.00] TEL charge Rush   n=0.40 spd=0.00 mult=0.00 st=Attack anim=Charge/- drift=7.64 cut=7.64 meshOff=0.24m vis bounds+0.4m pos=(450.0,395.2) dist=12.6 vel=0.0
[  7790   72.493 x1.00] TEL charge Rush   n=0.40 spd=0.00 mult=0.00 st=Attack anim=Charge/- drift=7.64 cut=7.64 meshOff=0.24m vis bounds+0.4m pos=(448.9,394.6) dist=11.9 vel=0.0
[  7799   72.577 x1.00] TEL charge Rush   n=0.40 spd=0.00 mult=0.00 st=Attack anim=Charge/- drift=7.64 cut=7.64 meshOff=0.24m vis bounds+0.4m pos=(447.9,394.1) dist=11.2 vel=0.0
[  7810   72.665 x1.00] TEL charge Rush   n=0.40 spd=0.00 mult=0.00 st=Attack anim=Charge/- drift=7.64 cut=7.64 meshOff=0.24m vis bounds+0.4m pos=(446.8,393.5) dist=10.5 vel=0.0
[  7821   72.753 x1.00] TEL charge Rush   n=0.40 spd=0.00 mult=0.00 st=Attack anim=Charge/- drift=7.64 cut=7.64 meshOff=0.24m vis bounds+0.4m pos=(445.7,393.0) dist=8.9 vel=0.0
[  7831   72.843 x1.00] TEL charge Rush   n=0.40 spd=0.00 mult=0.00 st=Attack anim=Charge/- drift=7.64 cut=7.64 meshOff=0.24m vis bounds+0.4m pos=(444.6,392.4) dist=7.0 vel=0.0
[  7842   72.935 x1.00] TEL charge Rush   n=0.40 spd=0.00 mult=0.00 st=Attack anim=Charge/- drift=7.64 cut=7.64 meshOff=0.24m vis bounds+0.4m pos=(443.4,391.8) dist=5.2 vel=0.0
[  7854   73.027 x1.00] TEL charge Rush   n=0.40 spd=0.00 mult=0.00 st=Attack anim=Charge/- drift=7.64 cut=7.64 meshOff=0.24m vis bounds+0.4m pos=(442.3,391.2) dist=3.3 vel=0.0
[  7864   73.105 x1.00] LOG  [OniBoss:Layer] charge STRIKE: arrived 2.6m from the lock point after 1.10s real — clip 0.40 → 0.58 (blend 0.10s), strike moment 0.76, Yoru 1.9m away
[  7865   73.112 x1.00] TEL charge Strike n=0.58 spd=1.00 mult=1.00 st=Attack anim=Charge/Charge drift=8.53 cut=8.53 meshOff=0.24m vis bounds+0.4m pos=(441.4,390.8) dist=1.9 vel=0.0
[  7875   73.198 x1.00] TEL charge Strike n=0.64 spd=1.00 mult=1.00 st=Attack anim=Charge/- drift=15.29 cut=15.29 meshOff=0.24m vis bounds+0.4m pos=(441.4,390.8) dist=1.9 vel=0.0
[  7885   73.284 x1.00] TEL charge Strike n=0.69 spd=1.00 mult=1.00 st=Attack anim=Charge/- drift=16.14 cut=16.14 meshOff=0.24m vis bounds+0.4m pos=(441.4,390.8) dist=1.9 vel=0.0
[  7896   73.376 x1.00] TEL charge Strike n=0.75 spd=1.00 mult=1.00 st=Attack anim=Charge/- drift=16.76 cut=16.76 meshOff=0.24m vis bounds+0.4m pos=(441.4,390.8) dist=1.9 vel=0.0
[  7899   73.402 x1.00] LOG  [CameraGameFeel] Shake: intensity=0.45 duration=0.350s
[  7899   73.402 x1.00] LOG  [Peach] heavy hit 18 dmg: 3 bites (Cannot Die held her at 1 bite). 1/16 bites = 0.25 of 4 peaches
[  7899   73.402 x1.00] LOG  [Combat] Hit react: Bhit_run_reaction_4 (2.5s, clip starts at 0.10s)
[  7899   73.402 x1.00] LOG  [CameraGameFeel] Shake: intensity=0.60 duration=0.200s
[  7899   73.402 x1.00] LOG  [CameraGameFeel] FOV punch: player damage (-3.0°)
[  7899   73.402 x1.00] LOG  [OniBoss] Hit player for 18 (Oni_Charge)
[  7902   73.427 x1.00] LOG  [HitReactTrace] asked for 'Bhit_run_reaction_4' (2.50s, clip start 0.10s): playing it, blend resolved after 25 ms, state 2.53s long at speed 1.00, now at 0.12s, layer weight 1.00, animator.speed 1.00.
[  7907   73.466 x1.00] TEL charge Strike n=0.81 spd=1.00 mult=1.00 st=Attack anim=Charge/- drift=17.27 cut=17.27 meshOff=0.24m vis bounds+0.3m pos=(441.4,390.8) dist=1.9 vel=0.0
[  7918   73.556 x1.00] TEL charge Strike n=0.87 spd=1.00 mult=1.00 st=Attack anim=Charge/- drift=17.68 cut=17.68 meshOff=0.24m vis bounds+0.2m pos=(441.4,390.8) dist=1.9 vel=0.0
[  7929   73.646 x1.00] TEL charge Strike n=0.93 spd=1.00 mult=1.00 st=Attack anim=Charge/- drift=17.95 cut=17.95 meshOff=0.24m vis bounds+0.1m pos=(441.4,390.8) dist=1.9 vel=0.0
[  7939   73.733 x1.00] TEL charge Strike n=0.98 spd=1.00 mult=1.00 st=Attack anim=Charge/- drift=18.07 cut=18.07 meshOff=0.24m vis bounds+0.1m pos=(441.4,390.8) dist=1.9 vel=0.0
[  7942   73.753 x1.00] LOG  [OniBoss] Attack → Recovery
[  7942   73.753 x1.00] LOG  [OniBoss] Playing animation: Watch
[  7942   73.753 x1.00] LOG  [OniBoss:Layer] charge fire trail: released — burns out over 3.8s where the rush ended.
[  7942   73.753 x1.00] LOG  [OniBoss:Layer] charge complete: engine left Attack (now Recovery) during Strike
[  7950   73.823 x1.00] TEL charge None   n=1.04 spd=1.00 mult=1.00 st=Recovery anim=Charge/h-1849006814 drift=10.59 cut=10.59 meshOff=0.24m vis bounds+0.1m pos=(441.4,390.8) dist=1.9 vel=0.0
[  7961   73.913 x1.00] LOG  [OniBoss] Recovery → Attack
[  7961   73.913 x1.00] LOG  [OniBoss] Attack: Club_Swing (16 dmg)
[  7961   73.913 x1.00] LOG  [OniBoss:Trail] Club_Swing trail START at clip 1.00 (transition still blending).
[  7961   73.913 x1.00] TEL charge None   n=1.10 spd=1.40 mult=1.40 st=Attack anim=Charge/h-807096004 drift=2.57 cut=2.57 meshOff=0.24m vis bounds+0.2m pos=(441.4,390.8) dist=1.9 vel=0.0
[  7971   73.999 x1.00] TEL charge None   n=1.10 spd=1.40 mult=1.40 st=Attack anim=Charge/h-807096004 drift=0.40 cut=0.40 meshOff=0.24m vis bounds+0.2m pos=(441.4,390.8) dist=1.9 vel=0.0
[  7973   74.014 x1.00] LOG  [OniBoss:Layer] charge end (clip left the animator) after 2.49s real: pin measured 293 frames, cancelled on 291, max raw drift 18.07m, max cancelled 18.07m — travel WAS baked in, pin held it
[  8005   74.278 x1.00] LOG  [OniBoss:ClubPos] Club_Swing at strike: club tip 3.03m up, 2.19m in front, -3.10m to his right (3.79m out from his centre). Club faces -89deg from his forward, pitch 0.41. (the ground wave is born 1.6m in front of him at 0.35m.)
[  8005   74.278 x1.00] LOG  [OniBoss:Layer] Club_Swing: club has not connected — ground wave released ARMED, 1.6m in front, 12m/s x 12.0m = 1.00s, COMBO FINISHER: FULL 24 damage, x2.0 size, x2.0 travel.
[  8006   74.284 x1.00] LOG  [Peach] light hit 24 dmg: 3 bites (Cannot Die held her at 1 bite). 1/16 bites = 0.25 of 4 peaches
[  8006   74.284 x1.00] LOG  [HitReactTrace] 4-leg LIGHT hit at 0.00 m/s (running threshold 3.00) => standing (medium) reaction.
[  8006   74.284 x1.00] LOG  [Combat] Hit react: HitReact_Light_4Leg (0.5s, clip starts at 0.28s)
[  8006   74.284 x1.00] LOG  [CameraGameFeel] Shake: intensity=0.30 duration=0.200s
[  8006   74.284 x1.00] LOG  [CameraGameFeel] FOV punch: player damage (-2.0°)
[  8006   74.284 x1.00] LOG  [OniBoss:Wave] wave TOUCHED Yoru (grounded) for 24 after 0.1m / 0.01s of travel.
[  8006   74.284 x1.00] LOG  [StormWeather] ⚡ strike at (489.05, 45.00, 454.37)
[  8009   74.308 x1.00] LOG  [HitReactTrace] asked for 'HitReact_Light_4Leg' (0.50s, clip start 0.28s): playing it, blend resolved after 24 ms, state 1.97s long at speed 1.00, now at 0.30s, layer weight 1.00, animator.speed 1.00.
[  8059   74.698 x1.00] WARN The referenced script on this Behaviour (Game Object '<null>') is missing!
[  8059   74.698 x1.00] WARN The referenced script on this Behaviour (Game Object 'Lightning Light') is missing!
[  8059   74.698 x1.00] WARN The referenced script on this Behaviour (Game Object 'Lightning Light') is missing!
[  8067   74.753 x1.00] LOG  [OniBoss] Attack → Recovery
[  8067   74.753 x1.00] LOG  [OniBoss] Playing animation: Watch
[  8067   74.753 x1.00] LOG  [OniBoss:Trail] trail END at clip 0.99, fading over 0.40s.
[  8067   74.753 x1.00] LOG  [OniBoss:Strike] Club_Swing: club tip closest to Yoru at 0.43m, clip position 0.91 | damage fires at 0.42 | clip 0.84s => damage fires 412 ms BEFORE the club is closest
[  8085   74.903 x1.00] LOG  [OniBoss] Recovery → Chase
[  8086   74.917 x1.00] LOG  [OniBoss] hold-ground: BACKSTEP 1.5m (player 2.5m)
[  8113   75.164 x1.00] LOG  [OniBoss] hold-ground: backstep done (0.40m), WATCH (player 4.4m, cooldown 0.9s)
[  8113   75.164 x1.00] LOG  [OniBoss] Playing animation: Idle
[  8120   75.229 x1.00] LOG  [OniBoss] Playing animation: run
[  8225   76.107 x1.00] LOG  [OniBoss] Pull-band decision: RUN-IN (dist 7.8m, pullRange 0m, chance 0.70)
[  8231   76.160 x1.00] LOG  [StormWeather] ⚡ strike at (481.47, 45.00, 452.95)
[  8274   76.498 x1.00] LOG  [YoruFurWeather] under cover, wind fading out.
[  8301   76.710 x1.00] WARN The referenced script on this Behaviour (Game Object '<null>') is missing!
[  8301   76.710 x1.00] WARN The referenced script on this Behaviour (Game Object 'Lightning Light') is missing!
[  8301   76.710 x1.00] WARN The referenced script on this Behaviour (Game Object 'Lightning Light') is missing!
[  8341   77.070 x1.00] WARN The referenced script on this Behaviour (Game Object '<null>') is missing!
[  8341   77.070 x1.00] WARN The referenced script on this Behaviour (Game Object 'Lightning Light') is missing!
[  8341   77.070 x1.00] WARN The referenced script on this Behaviour (Game Object 'Lightning Light') is missing!
[  8389   77.482 x1.00] LOG  [YoruFurWeather] rain off the coat, drying.
[  8480   78.235 x1.00] LOG  [OniBoss] Chase → Stagger
[  8480   78.235 x1.00] LOG  [OniBoss] Playing animation: Stagger
[  8480   78.235 x1.00] LOG  [OniBoss] STAGGERED for 2.5s
[  8480   78.235 x1.00] LOG  [OniBoss] STAGGERED (parry) for 3s
[  8480   78.235 x1.00] LOG  [OniBoss:Layer] GROUND POUND (phase-2 repeat): driving 'Ground_Pound' at x1.00, slam at 0.60
[  8481   78.241 x1.00] LOG  [OniBoss:Layer] GROUND POUND: clip is 3.13s
[  8614   79.301 x1.00] WARN The referenced script on this Behaviour (Game Object '<null>') is missing!
[  8614   79.301 x1.00] WARN The referenced script on this Behaviour (Game Object 'Lightning Light') is missing!
[  8614   79.301 x1.00] WARN The referenced script on this Behaviour (Game Object 'Lightning Light') is missing!
[  8648   79.598 x1.00] WARN The referenced script on this Behaviour (Game Object '<null>') is missing!
[  8648   79.598 x1.00] WARN The referenced script on this Behaviour (Game Object 'Lightning Light') is missing!
[  8648   79.598 x1.00] WARN The referenced script on this Behaviour (Game Object 'Lightning Light') is missing!
[  8702   80.060 x1.00] LOG  [StormWeather] ⚡ strike at (490.04, 45.00, 443.84)
[  8709   80.116 x1.00] LOG  [CameraGameFeel] Shake: intensity=1.10 duration=0.800s
[  8709   80.116 x1.00] LOG  [OniBoss:Pound] SLAM at clip 0.60 (1.88 clip-s) — ring 12m/s out to 12m, 45 damage, jumpable.
[  8842   81.133 x1.00] WARN The referenced script on this Behaviour (Game Object '<null>') is missing!
[  8842   81.133 x1.00] WARN The referenced script on this Behaviour (Game Object 'Lightning Light') is missing!
[  8842   81.133 x1.00] WARN The referenced script on this Behaviour (Game Object 'Lightning Light') is missing!
[  8868   81.386 x1.00] LOG  [OniBoss] Stagger → Chase
[  8868   81.386 x1.00] LOG  [OniBoss:Layer] GROUND POUND: done — the engine is his again.
[  8869   81.393 x1.00] LOG  [OniBoss] Playing animation: run
[  9056   82.655 x1.00] WARN The referenced script on this Behaviour (Game Object '<null>') is missing!
[  9056   82.655 x1.00] WARN The referenced script on this Behaviour (Game Object 'Lightning Light') is missing!
[  9056   82.655 x1.00] WARN The referenced script on this Behaviour (Game Object 'Lightning Light') is missing!
[  9103   83.004 x1.00] LOG  [OniBoss] Ranged attack: Oni_Charge (dist 20.0m)
[  9103   83.004 x1.00] LOG  [OniBoss] Chase → Attack
[  9103   83.004 x1.00] LOG  [OniBoss] charge follow-up armed: ClubSwing2 chains after the charge.
[  9103   83.004 x1.00] LOG  [OniBoss] Attack: Oni_Charge (18 dmg)

[  9103   83.004 x1.00] TEL ────────── CHARGE ──────────
[  9103   83.004 x1.00] LOG  [OniBoss:Layer] charge begin: travel bone 'Hips' depth 1, local now (-0.25, 2.74, -0.24) vs rest (0.00, 3.24, -0.24); pin ON; drive windup→rush→strike; engine Attack, AnimSpeed 1.30, clip at 0.00, dist 20.0m
[  9103   83.004 x1.00] TEL charge Windup n=0.00 spd=1.30 mult=1.00 st=Attack anim=h1349952704/Charge drift=0.25 cut=0.25 meshOff=0.24m vis bounds+0.2m pos=(422.8,383.3) dist=20.0 vel=5.5
[  9114   83.089 x1.00] TEL charge Windup n=0.07 spd=1.30 mult=1.00 st=Attack anim=h1349952704/Charge drift=0.28 cut=0.28 meshOff=0.24m vis bounds+0.1m pos=(422.8,383.3) dist=20.0 vel=0.0
[  9124   83.176 x1.00] TEL charge Windup n=0.15 spd=1.30 mult=1.30 st=Attack anim=Charge/- drift=0.00 cut=0.00 meshOff=0.24m CULLED bounds+0.2m pos=(422.8,383.3) dist=20.0 vel=0.0
[  9136   83.270 x1.00] TEL charge Windup n=0.22 spd=1.30 mult=1.30 st=Attack anim=Charge/- drift=0.00 cut=0.00 meshOff=0.24m CULLED bounds+0.2m pos=(422.8,383.3) dist=20.0 vel=0.0
[  9148   83.360 x1.00] TEL charge Windup n=0.30 spd=1.30 mult=1.30 st=Attack anim=Charge/- drift=0.00 cut=0.00 meshOff=0.24m CULLED bounds+0.2m pos=(422.8,383.3) dist=19.9 vel=0.0
[  9160   83.446 x1.00] TEL charge Windup n=0.37 spd=1.30 mult=1.30 st=Attack anim=Charge/- drift=0.00 cut=0.00 meshOff=0.24m CULLED bounds+0.2m pos=(422.8,383.3) dist=19.8 vel=0.0
[  9164   83.482 x1.00] LOG  [OniBoss:Layer] charge RUSH: clip frozen at 0.40, 19.8m to go at 14m/s
[  9165   83.489 x1.00] LOG  [OniBoss:Layer] charge fire trail: 'ToonFireTrail' attached to his feet for the rush.
[  9171   83.535 x1.00] TEL charge Rush   n=0.40 spd=0.00 mult=0.00 st=Attack anim=Charge/- drift=0.00 cut=0.00 meshOff=0.24m CULLED bounds+0.2m pos=(422.3,382.7) dist=19.0 vel=0.0
[  9182   83.620 x1.00] TEL charge Rush   n=0.40 spd=0.00 mult=0.00 st=Attack anim=Charge/- drift=0.00 cut=0.00 meshOff=0.24m CULLED bounds+0.2m pos=(421.6,381.8) dist=17.7 vel=0.0
[  9193   83.705 x1.00] TEL charge Rush   n=0.40 spd=0.00 mult=0.00 st=Attack anim=Charge/- drift=0.00 cut=0.00 meshOff=0.24m CULLED bounds+0.2m pos=(420.9,380.8) dist=16.5 vel=0.0
[  9205   83.797 x1.00] TEL charge Rush   n=0.40 spd=0.00 mult=0.00 st=Attack anim=Charge/- drift=0.00 cut=0.00 meshOff=0.24m CULLED bounds+0.2m pos=(420.1,379.8) dist=15.1 vel=0.0
[  9213   83.857 x1.00] LOG  [StormWeather] ⚡ strike at (475.31, 45.00, 451.97)
[  9216   83.884 x1.00] TEL charge Rush   n=0.40 spd=0.00 mult=0.00 st=Attack anim=Charge/- drift=0.00 cut=0.00 meshOff=0.24m CULLED bounds+0.2m pos=(419.4,378.8) dist=13.8 vel=0.0
[  9227   83.973 x1.00] TEL charge Rush   n=0.40 spd=0.00 mult=0.00 st=Attack anim=Charge/- drift=0.00 cut=0.00 meshOff=0.24m CULLED bounds+0.2m pos=(418.6,377.8) dist=12.6 vel=0.0
[  9237   84.060 x1.00] TEL charge Rush   n=0.40 spd=0.00 mult=0.00 st=Attack anim=Charge/- drift=0.00 cut=0.00 meshOff=0.24m CULLED bounds+0.2m pos=(417.9,376.9) dist=11.4 vel=0.0
[  9249   84.145 x1.00] TEL charge Rush   n=0.40 spd=0.00 mult=0.00 st=Attack anim=Charge/- drift=0.00 cut=0.00 meshOff=0.24m CULLED bounds+0.2m pos=(417.1,375.9) dist=10.2 vel=0.0
[  9261   84.236 x1.00] TEL charge Rush   n=0.40 spd=0.00 mult=0.00 st=Attack anim=Charge/- drift=0.00 cut=0.00 meshOff=0.24m CULLED bounds+0.2m pos=(416.4,374.9) dist=9.0 vel=0.0
[  9262   84.241 x1.00] WARN The referenced script on this Behaviour (Game Object '<null>') is missing!
[  9262   84.241 x1.00] WARN The referenced script on this Behaviour (Game Object 'Lightning Light') is missing!
[  9262   84.241 x1.00] WARN The referenced script on this Behaviour (Game Object 'Lightning Light') is missing!
[  9272   84.321 x1.00] TEL charge Rush   n=0.40 spd=0.00 mult=0.00 st=Attack anim=Charge/- drift=7.60 cut=7.60 meshOff=0.24m vis bounds+0.1m pos=(415.7,373.9) dist=8.0 vel=0.0
[  9283   84.406 x1.00] TEL charge Rush   n=0.40 spd=0.00 mult=0.00 st=Attack anim=Charge/- drift=7.60 cut=7.60 meshOff=0.24m vis bounds+0.1m pos=(414.9,373.0) dist=6.9 vel=0.0
[  9294   84.499 x1.00] TEL charge Rush   n=0.40 spd=0.00 mult=0.00 st=Attack anim=Charge/- drift=7.60 cut=7.60 meshOff=0.24m vis bounds+0.2m pos=(414.2,372.0) dist=5.8 vel=0.0
[  9304   84.584 x1.00] TEL charge Rush   n=0.40 spd=0.00 mult=0.00 st=Attack anim=Charge/- drift=7.60 cut=7.60 meshOff=0.24m vis bounds+0.2m pos=(413.4,371.0) dist=4.6 vel=0.0
[  9315   84.668 x1.00] TEL charge Rush   n=0.40 spd=0.00 mult=0.00 st=Attack anim=Charge/- drift=7.60 cut=7.60 meshOff=0.24m vis bounds+0.3m pos=(412.7,370.1) dist=3.5 vel=0.0
[  9319   84.694 x1.00] LOG  [OniBoss:Layer] charge STRIKE: arrived 2.6m from the lock point after 1.21s real — clip 0.40 → 0.58 (blend 0.10s), strike moment 0.76, Yoru 3.2m away
[  9327   84.757 x1.00] TEL charge Strike n=0.62 spd=1.00 mult=1.00 st=Attack anim=Charge/Charge drift=14.09 cut=14.09 meshOff=0.24m vis bounds+0.4m pos=(412.6,369.8) dist=3.2 vel=0.0
[  9338   84.841 x1.00] TEL charge Strike n=0.67 spd=1.00 mult=1.00 st=Attack anim=Charge/- drift=15.87 cut=15.87 meshOff=0.24m vis bounds+0.5m pos=(412.6,369.8) dist=3.2 vel=0.0
[  9348   84.925 x1.00] TEL charge Strike n=0.73 spd=1.00 mult=1.00 st=Attack anim=Charge/- drift=16.52 cut=16.52 meshOff=0.24m vis bounds+0.5m pos=(412.6,369.8) dist=3.2 vel=0.0
[  9356   84.988 x1.00] LOG  [CameraGameFeel] Shake: intensity=0.45 duration=0.350s
[  9356   84.988 x1.00] LOG  [Peach] heavy hit 18 dmg: 3 bites (Cannot Die held her at 1 bite). 1/16 bites = 0.25 of 4 peaches
[  9356   84.988 x1.00] LOG  [Combat] Hit react: HitReact_Heavy_2Leg (0.9s, clip starts at 0.35s)
[  9356   84.988 x1.00] LOG  [CameraGameFeel] Shake: intensity=0.60 duration=0.200s
[  9356   84.988 x1.00] LOG  [CameraGameFeel] FOV punch: player damage (-3.0°)
[  9356   84.988 x1.00] LOG  [OniBoss] Hit player for 18 (Oni_Charge)
[  9359   85.013 x1.00] LOG  [HitReactTrace] asked for 'HitReact_Heavy_2Leg' (0.90s, clip start 0.35s): playing it, blend resolved after 25 ms, state 1.21s long at speed 1.00, now at 0.37s, layer weight 1.00, animator.speed 1.00.
[  9359   85.013 x1.00] TEL charge Strike n=0.78 spd=1.00 mult=1.00 st=Attack anim=Charge/- drift=17.04 cut=17.04 meshOff=0.24m vis bounds+0.6m pos=(412.6,369.8) dist=3.2 vel=0.0
[  9371   85.101 x1.00] TEL charge Strike n=0.84 spd=1.00 mult=1.00 st=Attack anim=Charge/- drift=17.50 cut=17.50 meshOff=0.24m vis bounds+0.4m pos=(412.6,369.8) dist=3.2 vel=0.0
[  9382   85.191 x1.00] TEL charge Strike n=0.90 spd=1.00 mult=1.00 st=Attack anim=Charge/- drift=17.84 cut=17.84 meshOff=0.24m vis bounds+0.2m pos=(412.6,369.8) dist=3.2 vel=0.0
[  9395   85.277 x1.00] TEL charge Strike n=0.95 spd=1.00 mult=1.00 st=Attack anim=Charge/- drift=18.02 cut=18.02 meshOff=0.24m vis bounds+0.2m pos=(412.6,369.8) dist=3.2 vel=0.0
[  9403   85.342 x1.00] LOG  [OniBoss] Attack → Recovery
[  9403   85.342 x1.00] LOG  [OniBoss] Playing animation: Watch
[  9403   85.342 x1.00] LOG  [OniBoss:Layer] charge fire trail: released — burns out over 3.8s where the rush ended.
[  9403   85.342 x1.00] LOG  [OniBoss:Layer] charge complete: engine left Attack (now Recovery) during Strike
[  9406   85.361 x1.00] TEL charge None   n=1.01 spd=1.00 mult=1.00 st=Recovery anim=Charge/h-1849006814 drift=15.55 cut=15.55 meshOff=0.24m vis bounds+0.0m pos=(412.6,369.8) dist=3.2 vel=0.0
[  9412   85.407 x1.00] LOG  [StormWeather] ⚡ strike at (475.44, 45.00, 441.00)
[  9417   85.445 x1.00] TEL charge None   n=1.06 spd=1.00 mult=1.00 st=Recovery anim=Charge/h-1849006814 drift=7.30 cut=7.30 meshOff=0.24m vis bounds+0.1m pos=(412.6,369.8) dist=3.2 vel=0.0
[  9422   85.493 x1.00] LOG  [OniBoss] Recovery → Attack
[  9422   85.493 x1.00] LOG  [OniBoss] Attack: ClubSwing2 (16 dmg)
[  9422   85.493 x1.00] LOG  [OniBoss:Trail] ClubSwing2 trail START at clip 1.00 (transition still blending).
[  9423   85.500 x1.00] LOG  [OniBoss] Finisher step-in: ClubSwing2, she is 0.16m out of reach, walking up to 1.5m
[  9428   85.535 x1.00] TEL charge None   n=1.10 spd=1.40 mult=1.40 st=Attack anim=Charge/h853091085 drift=2.35 cut=2.35 meshOff=0.24m vis bounds+0.2m pos=(412.5,369.7) dist=3.0 vel=0.0
[  9437   85.607 x1.00] LOG  [OniBoss:Layer] charge end (clip left the animator) after 2.60s real: pin measured 334 frames, cancelled on 192, max raw drift 18.07m, max cancelled 18.07m — travel WAS baked in, pin held it
[  9447   85.685 x1.00] WARN The referenced script on this Behaviour (Game Object '<null>') is missing!
[  9447   85.685 x1.00] WARN The referenced script on this Behaviour (Game Object 'Lightning Light') is missing!
[  9447   85.685 x1.00] WARN The referenced script on this Behaviour (Game Object 'Lightning Light') is missing!
[  9464   85.827 x1.00] LOG  [CameraGameFeel] Shake: intensity=0.20 duration=0.250s
[  9464   85.827 x1.00] LOG  [Peach] heavy hit 24 dmg: 3 bites (Cannot Die held her at 1 bite). 1/16 bites = 0.25 of 4 peaches
[  9464   85.827 x1.00] LOG  [Combat] Hit react: HitReact_Heavy_2Leg (0.9s, clip starts at 0.35s)
[  9464   85.827 x1.00] LOG  [CameraGameFeel] Shake: intensity=0.60 duration=0.200s
[  9464   85.827 x1.00] LOG  [CameraGameFeel] FOV punch: player damage (-3.0°)
[  9464   85.827 x1.00] LOG  [OniBoss] Hit player for 24 (ClubSwing2) [combo x1.50]
[  9464   85.827 x1.00] LOG  [OniBoss:Touch] ClubSwing2: club TOUCHED Yoru at clip 0.29, shaft 0.66m from her body line, head 0.79 along the club, tip 1.39m up, tip speed 95m/s, ONE FRAME EARLY (predicted). Full club hit delivered this frame.
[  9465   85.836 x1.00] LOG  [HitReactTrace] asked for 'HitReact_Heavy_2Leg' (0.90s, clip start 0.35s): playing it, blend resolved after 9 ms, state 1.21s long at speed 1.00, now at 1.19s, layer weight 1.00, animator.speed 1.00.
[  9470   85.880 x1.00] LOG  [OniBoss:ClubPos] ClubSwing2 at strike: club tip 0.19m up, 1.60m in front, 2.66m to his right (3.11m out from his centre). Club faces 16deg from his forward, pitch -0.89. (the ground wave is born 1.6m in front of him at 0.35m.)
[  9470   85.880 x1.00] LOG  [OniBoss:Layer] ClubSwing2: club already hit — ground wave released as VISUAL only (0 damage), finisher size x2.0.
[  9564   86.663 x1.00] LOG  [OniBoss] Attack → Recovery
[  9564   86.663 x1.00] LOG  [OniBoss] Playing animation: Watch
[  9564   86.663 x1.00] LOG  [OniBoss:Trail] trail END at clip 1.00, fading over 0.40s.
[  9564   86.663 x1.00] LOG  [OniBoss:Strike] ClubSwing2: club tip closest to Yoru at 0.46m, clip position 0.30 | damage fires at 0.32 | clip 1.17s => MATCHED (within one or two frames)
[  9583   86.815 x1.00] LOG  [OniBoss] Recovery → Chase
[  9584   86.827 x1.00] LOG  [OniBoss] hold-ground: BACKSTEP 1.5m (player 3.0m)
[  9661   87.405 x1.00] LOG  [OniBoss] hold-ground: backstep done (0.93m), WATCH (player 4.4m, cooldown 0.6s)
[  9661   87.405 x1.00] LOG  [OniBoss] Playing animation: Watch
[  9668   87.461 x1.00] LOG  [OniBoss] Playing animation: run
[  9705   87.760 x1.00] LOG  [StormWeather] ⚡ strike at (482.05, 45.00, 450.29)
[  9739   88.019 x1.00] LOG  [OniBoss] Pull-band decision: RUN-IN (dist 4.9m, pullRange 0m, chance 0.70)
[  9774   88.288 x1.00] LOG  [OniBoss] Playing animation: Watch
[  9774   88.288 x1.00] LOG  [OniBoss] Combo started: ClubSwing1 → ClubSwing2 → ClubSlam (3 steps remaining)
[  9774   88.288 x1.00] LOG  [OniBoss] Chase → Attack
[  9774   88.288 x1.00] LOG  [OniBoss] Attack: Club_Swing (16 dmg)
[  9774   88.288 x1.00] LOG  [OniBoss:Trail] Club_Swing trail START at clip 0.89 (transition done).
[  9787   88.390 x1.00] LOG  [OniBoss:Layer] step-in: 'Club_Swing' closed 0.49m, Yoru now 3.0m away (range 3.5)
[  9812   88.559 x1.00] WARN The referenced script on this Behaviour (Game Object '<null>') is missing!
[  9812   88.559 x1.00] WARN The referenced script on this Behaviour (Game Object 'Lightning Light') is missing!
[  9812   88.559 x1.00] WARN The referenced script on this Behaviour (Game Object 'Lightning Light') is missing!
[  9825   88.656 x1.00] LOG  [OniBoss:ClubPos] Club_Swing at strike: club tip 3.03m up, 2.17m in front, -3.10m to his right (3.79m out from his centre). Club faces -89deg from his forward, pitch 0.41. (the ground wave is born 1.6m in front of him at 0.35m.)
[  9825   88.656 x1.00] LOG  [OniBoss:Layer] Club_Swing: club has not connected — ground wave released ARMED, 1.6m in front, 12m/s x 6.0m = 0.50s, carrying 8 (half of the club's 16).
[  9826   88.665 x1.00] LOG  [Peach] light hit 8 dmg: 1 bite (Cannot Die held her at 1 bite). 1/16 bites = 0.25 of 4 peaches
[  9826   88.665 x1.00] LOG  [Combat] Hit react: HitReact_Light_2Leg (0.5s, clip starts at 0.35s)
[  9826   88.665 x1.00] LOG  [CameraGameFeel] Shake: intensity=0.30 duration=0.200s
[  9826   88.665 x1.00] LOG  [CameraGameFeel] FOV punch: player damage (-2.0°)
[  9826   88.665 x1.00] LOG  [OniBoss:Wave] wave TOUCHED Yoru (grounded) for 8 after 0.1m / 0.01s of travel.
[  9829   88.694 x1.00] LOG  [HitReactTrace] asked for 'HitReact_Light_2Leg' (0.50s, clip start 0.35s): playing it, blend resolved after 30 ms, state 1.21s long at speed 1.00, now at 0.37s, layer weight 1.00, animator.speed 1.00.
[  9859   88.936 x1.00] WARN The referenced script on this Behaviour (Game Object '<null>') is missing!
[  9859   88.936 x1.00] WARN The referenced script on this Behaviour (Game Object 'Lightning Light') is missing!
[  9859   88.936 x1.00] WARN The referenced script on this Behaviour (Game Object 'Lightning Light') is missing!
[  9883   89.128 x1.00] LOG  [OniBoss] Attack → Recovery
[  9883   89.128 x1.00] LOG  [OniBoss] Playing animation: Watch
[  9883   89.128 x1.00] LOG  [OniBoss:Trail] trail END at clip 1.00, fading over 0.40s.
[  9883   89.128 x1.00] LOG  [OniBoss:Strike] Club_Swing: club tip closest to Yoru at 1.51m, clip position 0.92 | damage fires at 0.42 | clip 0.84s => damage fires 418 ms BEFORE the club is closest
[  9899   89.283 x1.00] LOG  [OniBoss] Recovery → Attack
[  9899   89.283 x1.00] LOG  [OniBoss] Attack: ClubSwing2 (16 dmg)
[  9899   89.283 x1.00] LOG  [OniBoss:Trail] ClubSwing2 trail START at clip 1.00 (transition still blending).
[  9928   89.519 x1.00] WARN The referenced script on this Behaviour (Game Object '<null>') is missing!
[  9928   89.519 x1.00] WARN The referenced script on this Behaviour (Game Object 'Lightning Light') is missing!
[  9928   89.519 x1.00] WARN The referenced script on this Behaviour (Game Object 'Lightning Light') is missing!
[  9933   89.560 x1.00] LOG  [StormWeather] ⚡ strike at (472.09, 45.00, 454.20)
[  9940   89.618 x1.00] LOG  [CameraGameFeel] Shake: intensity=0.20 duration=0.250s
[  9940   89.618 x1.00] LOG  [Peach] light hit 20 dmg: 2 bites (Cannot Die held her at 1 bite). 1/16 bites = 0.25 of 4 peaches
[  9940   89.618 x1.00] LOG  [Momentum] light hit inside the 1.0s grace, no cost (count 0)
[  9940   89.618 x1.00] LOG  [Combat] Hit react: HitReact_Light_2Leg (0.5s, clip starts at 0.35s)
[  9940   89.618 x1.00] LOG  [CameraGameFeel] Shake: intensity=0.30 duration=0.200s
[  9940   89.618 x1.00] LOG  [CameraGameFeel] FOV punch: player damage (-2.0°)
[  9940   89.618 x1.00] LOG  [OniBoss] Hit player for 20 (ClubSwing2) [combo x1.25]
[  9940   89.618 x1.00] LOG  [OniBoss:Touch] ClubSwing2: club TOUCHED Yoru at clip 0.29, shaft 0.68m from her body line, head 0.68 along the club, tip 1.27m up, tip speed 94m/s. Full club hit delivered this frame.
[  9941   89.625 x1.00] LOG  [HitReactTrace] asked for 'HitReact_Light_2Leg' (0.50s, clip start 0.35s): NOT playing it, another state took the combat layer, blend resolved after 7 ms, state 1.00s long at speed 1.00, now at 0.45s, layer weight 1.00, animator.speed 1.00.
[  9947   89.667 x1.00] LOG  [OniBoss:ClubPos] ClubSwing2 at strike: club tip 0.11m up, 1.76m in front, 2.47m to his right (3.04m out from his centre). Club faces 7deg from his forward, pitch -0.88. (the ground wave is born 1.6m in front of him at 0.35m.)
[  9947   89.667 x1.00] LOG  [OniBoss:Layer] ClubSwing2: club already hit — ground wave released as VISUAL only (0 damage).
[ 10048   90.445 x1.00] LOG  [OniBoss] Attack → Recovery
[ 10048   90.445 x1.00] LOG  [OniBoss] Playing animation: Watch
[ 10048   90.445 x1.00] LOG  [OniBoss:Trail] trail END at clip 0.99, fading over 0.40s.
[ 10048   90.445 x1.00] LOG  [OniBoss:Strike] ClubSwing2: club tip closest to Yoru at 0.75m, clip position 0.30 | damage fires at 0.32 | clip 1.17s => MATCHED (within one or two frames)
[ 10067   90.601 x1.00] LOG  [OniBoss] Recovery → Attack
[ 10067   90.601 x1.00] LOG  [OniBoss] Attack: ClubSlam (20 dmg)
[ 10067   90.601 x1.00] LOG  [OniBoss:Trail] ClubSlam trail START at clip 1.00 (transition still blending).
[ 10122   91.031 x1.00] LOG  [CameraGameFeel] Shake: intensity=0.50 duration=0.400s
[ 10122   91.031 x1.00] LOG  [Peach] heavy hit 30 dmg: 4 bites (Cannot Die held her at 1 bite). 1/16 bites = 0.25 of 4 peaches
[ 10122   91.031 x1.00] LOG  [Combat] Hit react: HitReact_Heavy_2Leg (0.9s, clip starts at 0.35s)
[ 10122   91.031 x1.00] LOG  [CameraGameFeel] Shake: intensity=0.60 duration=0.200s
[ 10122   91.031 x1.00] LOG  [CameraGameFeel] FOV punch: player damage (-3.0°)
[ 10122   91.031 x1.00] LOG  [OniBoss] Hit player for 30 (ClubSlam) [combo x1.50]
[ 10122   91.031 x1.00] LOG  [OniBoss:Touch] ClubSlam: club TOUCHED Yoru at clip 0.46, shaft 0.34m from her body line, head 0.60 along the club, tip 1.99m up, tip speed 96m/s. Full club hit delivered this frame.
[ 10123   91.043 x1.00] LOG  [HitReactTrace] asked for 'HitReact_Heavy_2Leg' (0.90s, clip start 0.35s): NOT playing it, another state took the combat layer, blend resolved after 11 ms, state 1.00s long at speed 1.00, now at 0.91s, layer weight 1.00, animator.speed 1.00.
[ 10171   91.402 x1.00] LOG  [OniBoss:ClubPos] ClubSlam at strike: club tip 0.68m up, 2.86m in front, -0.44m to his right (2.89m out from his centre). Club faces -2deg from his forward, pitch -0.22. (the ground wave is born 1.6m in front of him at 0.35m.)
[ 10171   91.402 x1.00] LOG  [OniBoss:Layer] ClubSlam: club already hit — ground wave released as VISUAL only (0 damage), finisher size x2.0.
[ 10187   91.527 x1.00] LOG  [OniBoss] Attack → Recovery
[ 10187   91.527 x1.00] LOG  [OniBoss] Playing animation: Watch
[ 10187   91.527 x1.00] LOG  [OniBoss:Trail] trail END at clip 0.99, fading over 0.40s.
[ 10187   91.527 x1.00] LOG  [OniBoss:Strike] ClubSlam: club tip closest to Yoru at 0.29m, clip position 0.85 | damage fires at 0.85 | clip 0.93s => MATCHED (within one or two frames)
[ 10206   91.683 x1.00] LOG  [OniBoss] Recovery → Chase
[ 10207   91.689 x1.00] LOG  [OniBoss] hold-ground: BACKSTEP 1.5m (player 2.7m)
[ 10218   91.775 x1.00] WARN The referenced script on this Behaviour (Game Object '<null>') is missing!
[ 10218   91.775 x1.00] WARN The referenced script on this Behaviour (Game Object 'Lightning Light') is missing!
[ 10218   91.775 x1.00] WARN The referenced script on this Behaviour (Game Object 'Lightning Light') is missing!
[ 10260   92.108 x1.00] LOG  [StormWeather] ⚡ strike at (488.74, 45.00, 454.56)
[ 10311   92.519 x1.00] LOG  [OniBoss] hold-ground: backstep done (1.33m), WATCH (player 4.3m, cooldown 0.4s)
[ 10311   92.519 x1.00] LOG  [OniBoss] Playing animation: Watch
[ 10343   92.759 x1.00] WARN The referenced script on this Behaviour (Game Object '<null>') is missing!
[ 10343   92.759 x1.00] WARN The referenced script on this Behaviour (Game Object 'Lightning Light') is missing!
[ 10343   92.759 x1.00] WARN The referenced script on this Behaviour (Game Object 'Lightning Light') is missing!
[ 10362   92.889 x1.00] LOG  [OniBoss] hold-ground: cooldown over, player 4.4m > 3.5m — APPROACH
[ 10362   92.889 x1.00] LOG  [OniBoss] Playing animation: Walk
[ 10412   93.262 x1.00] WARN The referenced script on this Behaviour (Game Object '<null>') is missing!
[ 10412   93.262 x1.00] WARN The referenced script on this Behaviour (Game Object 'Lightning Light') is missing!
[ 10412   93.262 x1.00] WARN The referenced script on this Behaviour (Game Object 'Lightning Light') is missing!
[ 10437   93.456 x0.00] LOG  [Pause] screen frozen: 1426 x 802 from screen copy, turned the right way up (Auto), levels 0.04 to 0.77 (measured), world 0.58, blur mip 3.0
[ 10494   93.906 x0.00] LOG  [Pause] paused: world clock was x1.00, screen frozen and blurred, up in 0.45s real
[ 10614   94.853 x0.00] LOG  [StormWeather] terrain layers restored to dry values.
# end — 1374 lines
