# Oni combat log — 2026-08-20 14:46:55
# Unity 6000.2.7f2 | scene 'CaveScene_Oni_Boss1' | platform OSXEditor
# columns: [frame realSeconds timeScale] KIND message      (KIND: LOG WARN ERR EXC TEL)
#
[     0    0.000 x1.00] LOG  [OniLog] console + telemetry → /Users/asenahazal/Documents/Yoru/OniLogs/oni_2026-08-20_14-46-55.log
[     1    0.000 x1.00] LOG  [TailAirShot4Leg] Ready. drawState=shoot_4Leg castParam=Shoot4LegSpeed (found) readyFrame=5 fireFrame=10 frames=24 slowBudget=3s real damageMultiplier=2.00
  arrow leaves: PlayerYoru_1.1/Cat_All_10_Tails_v4/Group/DeformationSystem/root/Root_M/Tail15_R/Tail151_R/Tail152_R/Tail153_R/Tail154_R/Tail155_R/Tail156_R/Tail157_R/Tail158_R/Tail159_R/Tail1510_R/Tail1511_R/Tail1512_R/Tail6_R/Tail6_R_end/Tail6_R_end_end/Tail6_R_end_end_end/RightTailTip_Anchor
  aim VFX left:  PlayerYoru_1.1/Cat_All_10_Tails_v4/Group/DeformationSystem/root/Root_M/Tail15_L/Tail151_L/Tail152_L/Tail153_L/Tail154_L/Tail155_L/Tail156_L/Tail157_L/Tail158_L/Tail159_L/Tail1510_L/Tail1511_L/Tail1512_L/Tail6_L/Tail6_L_end/Tail6_L_end_end/Tail6_L_end_end_end/LeftTailTip_Anchor/Glow_4Leg_L
  aim VFX right: PlayerYoru_1.1/Cat_All_10_Tails_v4/Group/DeformationSystem/root/Root_M/Tail15_R/Tail151_R/Tail152_R/Tail153_R/Tail154_R/Tail155_R/Tail156_R/Tail157_R/Tail158_R/Tail159_R/Tail1510_R/Tail1511_R/Tail1512_R/Tail6_R/Tail6_R_end/Tail6_R_end_end/Tail6_R_end_end_end/RightTailTip_Anchor/Glow_4Leg_R
[     1    0.000 x1.00] LOG  [TailAirShot] Ready. drawState=RightTail_Fast castParam=TailCastSpeed (found)
  arrow leaves: PlayerYoru_1.1/Cat_All_10_Tails_v4/Group/DeformationSystem/root/Root_M/Tail15_R/Tail151_R/Tail152_R/Tail153_R/Tail154_R/Tail155_R/Tail156_R/Tail157_R/Tail158_R/Tail159_R/Tail1510_R/Tail1511_R/Tail1512_R/Tail6_R/Tail6_R_end/Tail6_R_end_end/Tail6_R_end_end_end/RightTailTip_Anchor
  aim VFX: PlayerYoru_1.1/Cat_All_10_Tails_v4/Group/DeformationSystem/root/Root_M/Tail15_R/Tail151_R/Tail152_R/Tail153_R/Tail154_R/Tail155_R/Tail156_R/Tail157_R/Tail158_R/Tail159_R/Tail1510_R/Tail1511_R/Tail1512_R/Tail6_R/Tail6_R_end/Tail6_R_end_end/Tail6_R_end_end_end/RightTailTip_Anchor/vfx_Muzzle_Fireball01Blue
[     1    0.000 x1.00] LOG  [PlayerCombat] Phase 2 form gate CONNECTED (FormController found on this GameObject).
[     1    0.000 x1.00] LOG  [Combat] PlayerCombat initialized — Phase 3C v27
[     1    0.000 x1.00] LOG  [RingMesh] VFX Status:
[     1    0.000 x1.00] LOG    Left: Prefab=✓, Spawn=Tail6_L_end_end_end
[     1    0.000 x1.00] LOG    Right: Prefab=✓, Spawn=Tail6_R_end_end_end
[     1    0.000 x1.00] LOG  === VFX MANAGER INITIALIZED ===
[     1    0.000 x1.00] LOG  Auto-detect animations: False
[     1    0.000 x1.00] LOG  Parent effects to tail: True
[     1    0.000 x1.00] LOG  Prefabs: Jump=True, Land=True, LTail=True, RTail=True
[     1    0.000 x1.00] LOG  ✅ Left Tail Tip: LeftTailVFX
[     1    0.000 x1.00] LOG  ✅ Right Tail Tip: RightTailTip_Anchor
[     1    0.000 x1.00] LOG  [StormWeather] layer 'TerrainLayer_Dirt_01' dry smoothness=0.00 (restore to this if a crash ever leaves it wet)
[     1    0.000 x1.00] LOG  [StormWeather] Ready. Rain on, floor drying... wait, soaking.
[     1    0.000 x1.00] LOG  [FreezeDebug v3] Armed. Manual=L. Auto=True. Buffer=60 snaps @ 0.1s = 6.0s history.
[     1    0.000 x1.00] LOG  [BossBar] BossHealthBarUI initialized
[     1    0.000 x1.00] LOG  OniBoss initialized with 500 HP
[     1    0.000 x1.00] LOG  [OniBoss] ANIMATOR SETUP: cullingMode=CullUpdateTransforms updateMode=Normal applyRootMotion=False speed=1
[     1    0.000 x1.00] LOG  [OniBoss] Initialized
[     1    0.000 x1.00] LOG  [OniBoss:Layer] facing: minFlat 1m, snapOnAttack off, trackInHitReact off
[     1    0.000 x1.00] LOG  [OniBoss:Layer] Yoru launch model ON: launches ALL THE WAY to an enemy within 4.7m of its surface at 10m/s (stop gap 0.00m, NO minimum distance), else steps 0.90m forward. Targeting cone left exactly as her prefab has it.
[     1    0.000 x1.00] LOG  [OniBoss:Layer] Yoru launch ROUND 9: airborne attacks launch too (ON), edge probe now runs on its OWN layer mask (Everything) instead of the line-of-sight mask - the Ground-only mask found no floor in this cave and was cancelling 100% of launches at 0.00m travelled.
[     1    0.000 x1.00] LOG  [OniBoss:Layer] skinned meshes: 46 renderer(s), updateWhenOffscreen ON, body renderer 'Body' rootBone 'Hips'
[     1    0.000 x1.00] LOG  [OniBoss:Layer] charge travel bone: 'Hips' at depth 1 under 'OniBoss', rest local (0.00, 3.24, -0.24)
[     1    0.000 x1.00] LOG  [OniBoss:Layer] charge drive ON (windup to 0.40 at x1.3, rush 14m/s stops at 2.6m, steers 0.35s then commits, strike section from 0.58, strike moment 0.76, trail VFX off)
[     1    0.000 x1.00] LOG  [OniBoss:Layer] attack armor ON (his swings are not interrupted by light/medium hits; heavy hits and rapid-hit bursts still stop him)
[     1    0.000 x1.00] LOG  [OniBoss:Layer] strike moments overridden: Club_Swing=0.55 ClubSwing2=0.32 ClubSlam=0.52 KanaboSweep=0.48
[     1    0.000 x1.00] LOG  [OniBoss:Layer] hold-ground ON (backstep 1.5m @ 1.6m/s after own attacks, watch 'Watch', attack facing LOCKED)
[     1    0.000 x1.00] LOG  [OniBoss:Layer] OniBoss layer ready (reactions, wake-on-hit, watch stance, boss bar). player=found
[     1    0.000 x1.00] WARN [OniBoss] animator state 'KanaboSweep' uses the SAME clip as 'Idle' — the sweep attack plays the idle pose. Drag the 'Oni Kanabo sweep' clip onto KanaboSweep's Motion field.
[     1    0.000 x1.00] LOG  [OniBoss:Layer] charge clip 'Oni Charge.fbx' imports with Root Motion Node = None (in place) — good.
[     1    0.000 x1.00] LOG  [OniBoss:Layer] clips importing with Root Transform Position (Y) NOT baked into pose (12): Oni_Alert(Oni Alert), Club_Slam(Oni Club Slam), Club_Swing(Oni Club Swing), Club_swing2(Oni Club Swing 2), Death(Oni Death Kneel), Hit_react_light(Oni Hit react lighter light), KanaboSweep(Oni Idle), Phase_Transition(Oni Phase transition), run(Oni Run), Walk(Oni Walk), Watch(Oni Watch), Idle(Oni Idle) — their hips' up/down motion is stripped (see round notes; optional).
[     1    0.000 x1.00] LOG  [VolumetricFogController] Found VolumetricFog component on mainCamera (1)
[     1    0.000 x1.00] LOG  [VolumetricFogController] Reflection init: density=True, height=True, baselineHeight=True, alpha=True, noiseStrength=True, lightScatteringExposure=True
[     1    0.000 x1.00] LOG  [VolumetricFogController] Initialized with Neutral preset (height=60, baselineHeight=0)
[     1    0.000 x1.00] WARN [VolumetricFogController] WorldStateManager not found!
[     1    0.000 x1.00] LOG  [CameraGameFeel] CameraGameFeel initialized (shake + FOV)
[     1    1.730 x1.00] LOG  [OniBoss] Playing animation: Idle
[    54    2.324 x1.00] LOG  💨 Landing VFX spawned!
[    54    2.324 x1.00] LOG  ✅ LANDED! (was jump #0)
[   400    4.006 x1.00] LOG  
==================== [FREEZE-DEBUG v3] ====================
  Reason : WASD-NOMOVE: WASD recent + speed 0.00m/s for 0.40s
  Time   : 1.964s   Frame: 400   Snaps: 20
===========================================================

--- CURRENT STATE ---
  Flags: atk=False hvy=False dod=False dsh=False
         grd=False hit=False aerial=False lockPos=False
         comboStep=0
  Anim : speed=1.00  combatLayer hash=-792875657 normT=1.959 weight=1.00 inTransition=False
  CC   : grounded=True  enabled=True  pos=(474.50, 0.85, 427.99)  vel=(0.00, -0.43, 0.00)
  Move : IsRunning=False
  Input: H=0.00 V=1.00  LMB=False MMB=False Q=False Sp=False Sh=False C=False
         WASD pressed in last 0.5s: True (last 0.00s ago)

--- FLIGHT RECORDER (20 snapshots, oldest first, dt=0.10s) ---
  Legend: flags = A(tk) H(vy) D(od) S(sh) G(rd) R(eact) Y(aerial) L(ock)   gnd/cc: Y/n
  t-now    flags     step gnd cc anSp normT layW tr | posX     posZ     spd   | H    V    LMB MMB Q  Sp Sh C
  ------   --------  ---- --- -- ---- ----- ---- -- | -----    -----    ----  | ---- ---- --- --- -- -- -- -
  - 1.96s  --------    0  n   Y  1.00  0.00 1.00 -  |   474.5    427.2  0.00 |  0.0  0.0 0   0   0  0  0  0
  - 1.86s  --------    0  n   Y  1.00  0.10 1.00 -  |   474.5    427.2  0.00 |  0.0  0.0 0   0   0  0  0  0
  - 1.76s  --------    0  n   Y  1.00  0.20 1.00 -  |   474.5    427.2  0.00 |  0.0  0.0 0   0   0  0  0  0
  - 1.66s  --------    0  Y   Y  1.00  0.30 1.00 -  |   474.5    427.2  0.00 |  0.0  0.0 0   0   0  0  0  0
  - 1.55s  --------    0  Y   Y  1.00  0.41 1.00 -  |   474.5    427.2  0.00 |  0.0  0.0 0   0   0  0  0  0
  - 1.45s  --------    0  Y   Y  1.00  0.51 1.00 -  |   474.5    427.2  0.00 |  0.0  0.0 0   0   0  0  0  0
  - 1.34s  --------    0  Y   Y  1.00  0.61 1.00 -  |   474.5    427.2  0.00 |  0.0  0.0 0   0   0  0  0  0
  - 1.24s  --------    0  Y   Y  1.00  0.71 1.00 -  |   474.5    427.2  0.00 |  0.0  0.0 0   0   0  0  0  0
  - 1.14s  --------    0  Y   Y  1.00  0.82 1.00 -  |   474.5    427.2  0.00 |  0.0  0.0 0   0   0  0  0  0
  - 1.04s  --------    0  Y   Y  1.00  0.92 1.00 -  |   474.5    427.2  0.00 |  0.0  0.0 0   0   0  0  0  0
  - 0.93s  --------    0  Y   Y  1.00  1.02 1.00 -  |   474.5    427.2  0.00 |  0.0  0.0 0   0   0  0  0  0
  - 0.83s  --------    0  Y   Y  1.00  1.12 1.00 -  |   474.5    427.2  0.00 |  0.0  0.0 0   0   0  0  0  0
  - 0.73s  --------    0  Y   Y  1.00  1.22 1.00 -  |   474.5    427.2  0.00 |  0.0  0.0 0   0   0  0  0  0
  - 0.63s  --------    0  Y   Y  1.00  1.33 1.00 -  |   474.5    427.2  0.00 |  0.0  0.0 0   0   0  0  0  0
  - 0.53s  --------    0  Y   Y  1.00  1.43 1.00 -  |   474.5    427.2  0.00 |  0.0  0.0 0   0   0  0  0  0
  - 0.42s  --------    0  Y   Y  1.00  1.53 1.00 -  |   474.5    427.2  0.00 |  0.0  0.0 0   0   0  0  0  0
  - 0.32s  --------    0  Y   Y  1.00  1.63 1.00 -  |   474.5    427.3  0.00 |  0.0  1.0 0   0   0  0  0  0
  - 0.22s  --------    0  Y   Y  1.00  1.74 1.00 -  |   474.5    427.5  0.00 |  0.0  1.0 0   0   0  0  0  0
  - 0.11s  --------    0  Y   Y  1.00  1.84 1.00 -  |   474.5    427.7  0.00 |  0.0  1.0 0   0   0  0  0  0
  - 0.01s  --------    0  Y   Y  1.00  1.95 1.00 -  |   474.5    427.9  0.00 |  0.0  1.0 0   0   0  0  0  0
=========================================================== END

[   469    4.310 x1.00] LOG  🚶 2-LEG JUMP
[   469    4.310 x1.00] LOG  🐾 Jump 1 VFX spawned!
[   668    5.283 x1.00] LOG  💨 Landing VFX spawned!
[   668    5.283 x1.00] LOG  ✅ LANDED! (was jump #1)
[   827    6.053 x1.00] LOG  🚶 2-LEG JUMP
[   827    6.053 x1.00] LOG  🐾 Jump 1 VFX spawned!
[   912    6.447 x1.00] LOG  [Combat] Dodge: Dodge_2Leg (3m, 2leg)
[   912    6.447 x1.00] LOG  [AirPosePin] engaged, holding body at 2.012m above the transform
[   960    6.669 x1.00] LOG  [AirPosePin] released, peak correction was 0.405m
[   961    6.674 x1.00] LOG  [AirPosePin] engaged, holding body at 1.639m above the transform
[   962    6.678 x1.00] LOG  [AirPosePin] released, peak correction was 0.000m
[   963    6.684 x1.00] LOG  [AirPosePin] engaged, holding body at 1.666m above the transform
[   964    6.689 x1.00] LOG  [AirPosePin] released, peak correction was 0.000m
[   965    6.695 x1.00] LOG  [AirPosePin] engaged, holding body at 1.689m above the transform
[   966    6.700 x1.00] LOG  [AirPosePin] released, peak correction was 0.000m
[   967    6.705 x1.00] LOG  [AirPosePin] engaged, holding body at 1.702m above the transform
[   968    6.710 x1.00] LOG  [AirPosePin] released, peak correction was 0.000m
[   969    6.716 x1.00] LOG  [AirPosePin] engaged, holding body at 1.706m above the transform
[   970    6.721 x1.00] LOG  [AirPosePin] released, peak correction was 0.000m
[   971    6.727 x1.00] LOG  [AirPosePin] engaged, holding body at 1.705m above the transform
[   972    6.732 x1.00] LOG  [AirPosePin] released, peak correction was 0.000m
[   973    6.737 x1.00] LOG  [AirPosePin] engaged, holding body at 1.692m above the transform
[   974    6.746 x1.00] LOG  [AirPosePin] released, peak correction was 0.000m
[   975    6.758 x1.00] LOG  [AirPosePin] engaged, holding body at 1.592m above the transform
[   976    6.764 x1.00] LOG  [AirPosePin] released, peak correction was 0.000m
[   977    6.767 x1.00] LOG  [AirPosePin] engaged, holding body at 1.512m above the transform
[   978    6.771 x1.00] LOG  [AirPosePin] released, peak correction was 0.000m
[   979    6.774 x1.00] LOG  [AirPosePin] engaged, holding body at 1.457m above the transform
[   980    6.777 x1.00] LOG  [AirPosePin] released, peak correction was 0.000m
[   981    6.780 x1.00] LOG  [AirPosePin] engaged, holding body at 1.412m above the transform
[   982    6.785 x1.00] LOG  [AirPosePin] released, peak correction was 0.000m
[   983    6.790 x1.00] LOG  [AirPosePin] engaged, holding body at 1.356m above the transform
[   984    6.795 x1.00] LOG  [AirPosePin] released, peak correction was 0.000m
[   985    6.801 x1.00] LOG  [AirPosePin] engaged, holding body at 1.305m above the transform
[   986    6.806 x1.00] LOG  [AirPosePin] released, peak correction was 0.000m
[   988    6.816 x1.00] LOG  [AirPosePin] engaged, holding body at 1.233m above the transform
[   989    6.820 x1.00] LOG  [AirPosePin] released, peak correction was 0.000m
[   990    6.825 x1.00] LOG  [AirPosePin] engaged, holding body at 1.187m above the transform
[   991    6.829 x1.00] LOG  [AirPosePin] released, peak correction was 0.000m
[   992    6.834 x1.00] LOG  [AirPosePin] engaged, holding body at 1.140m above the transform
[   993    6.839 x1.00] LOG  [AirPosePin] released, peak correction was 0.000m
[   994    6.845 x1.00] LOG  [AirPosePin] engaged, holding body at 1.086m above the transform
[   995    6.849 x1.00] LOG  [AirPosePin] released, peak correction was 0.000m
[   996    6.854 x1.00] LOG  [AirPosePin] engaged, holding body at 1.035m above the transform
[   997    6.859 x1.00] LOG  [AirPosePin] released, peak correction was 0.000m
[   998    6.864 x1.00] LOG  [AirPosePin] engaged, holding body at 0.975m above the transform
[   999    6.877 x1.00] LOG  [AirPosePin] released, peak correction was 0.000m
[  1000    6.884 x1.00] LOG  [AirPosePin] engaged, holding body at 0.871m above the transform
[  1001    6.888 x1.00] LOG  [AirPosePin] released, peak correction was 0.000m
[  1002    6.892 x1.00] LOG  [AirPosePin] engaged, holding body at 0.834m above the transform
[  1003    6.895 x1.00] LOG  [AirPosePin] released, peak correction was 0.000m
[  1005    6.902 x1.00] LOG  [AirPosePin] engaged, holding body at 0.791m above the transform
[  1006    6.906 x1.00] LOG  [AirPosePin] released, peak correction was 0.000m
[  1007    6.909 x1.00] LOG  [AirPosePin] engaged, holding body at 0.771m above the transform
[  1008    6.912 x1.00] LOG  [AirPosePin] released, peak correction was 0.000m
[  1009    6.916 x1.00] LOG  [AirPosePin] engaged, holding body at 0.761m above the transform
[  1010    6.921 x1.00] LOG  [AirPosePin] released, peak correction was 0.000m
[  1011    6.926 x1.00] LOG  [AirPosePin] engaged, holding body at 0.771m above the transform
[  1012    6.930 x1.00] LOG  [AirPosePin] released, peak correction was 0.000m
[  1013    6.935 x1.00] LOG  [AirPosePin] engaged, holding body at 0.791m above the transform
[  1014    6.939 x1.00] LOG  [AirPosePin] released, peak correction was 0.000m
[  1015    6.944 x1.00] LOG  [AirPosePin] engaged, holding body at 0.806m above the transform
[  1016    6.949 x1.00] LOG  [AirPosePin] released, peak correction was 0.000m
[  1017    6.953 x1.00] LOG  [AirPosePin] engaged, holding body at 0.804m above the transform
[  1018    6.958 x1.00] LOG  [AirPosePin] released, peak correction was 0.000m
[  1019    6.963 x1.00] LOG  [AirPosePin] engaged, holding body at 0.793m above the transform
[  1020    6.968 x1.00] LOG  [AirPosePin] released, peak correction was 0.000m
[  1021    6.972 x1.00] LOG  [AirPosePin] engaged, holding body at 0.778m above the transform
[  1022    6.977 x1.00] LOG  [AirPosePin] released, peak correction was 0.000m
[  1024    6.987 x1.00] LOG  [AirPosePin] engaged, holding body at 0.758m above the transform
[  1025    6.992 x1.00] LOG  [AirPosePin] released, peak correction was 0.000m
[  1026    6.997 x1.00] LOG  [AirPosePin] engaged, holding body at 0.745m above the transform
[  1027    7.002 x1.00] LOG  [AirPosePin] released, peak correction was 0.000m
[  1028    7.007 x1.00] LOG  [AirPosePin] engaged, holding body at 0.732m above the transform
[  1029    7.011 x1.00] LOG  [AirPosePin] released, peak correction was 0.000m
[  1030    7.016 x1.00] LOG  [AirPosePin] engaged, holding body at 0.721m above the transform
[  1031    7.020 x1.00] LOG  [AirPosePin] released, peak correction was 0.000m
[  1032    7.025 x1.00] LOG  [AirPosePin] engaged, holding body at 0.710m above the transform
[  1033    7.029 x1.00] LOG  [AirPosePin] released, peak correction was 0.000m
[  1034    7.033 x1.00] LOG  [AirPosePin] engaged, holding body at 0.701m above the transform
[  1035    7.038 x1.00] LOG  [AirPosePin] released, peak correction was 0.000m
[  1036    7.042 x1.00] LOG  [AirPosePin] engaged, holding body at 0.691m above the transform
[  1037    7.047 x1.00] LOG  [AirPosePin] released, peak correction was 0.000m
[  1038    7.050 x1.00] LOG  [AirPosePin] engaged, holding body at 0.684m above the transform
[  1039    7.055 x1.00] LOG  [AirPosePin] released, peak correction was 0.000m
[  1040    7.058 x1.00] LOG  [AirPosePin] engaged, holding body at 0.676m above the transform
[  1041    7.063 x1.00] LOG  [AirPosePin] released, peak correction was 0.000m
[  1042    7.067 x1.00] LOG  [AirPosePin] engaged, holding body at 0.670m above the transform
[  1043    7.074 x1.00] LOG  [AirPosePin] released, peak correction was 0.000m
[  1044    7.079 x1.00] LOG  [AirPosePin] engaged, holding body at 0.662m above the transform
[  1045    7.083 x1.00] LOG  [AirPosePin] released, peak correction was 0.000m
[  1046    7.089 x1.00] LOG  [AirPosePin] engaged, holding body at 0.658m above the transform
[  1047    7.092 x1.00] LOG  [AirPosePin] released, peak correction was 0.000m
[  1048    7.095 x1.00] LOG  [AirPosePin] engaged, holding body at 0.656m above the transform
[  1049    7.099 x1.00] LOG  [AirPosePin] released, peak correction was 0.000m
[  1050    7.102 x1.00] LOG  [AirPosePin] engaged, holding body at 0.654m above the transform
[  1051    7.108 x1.00] LOG  [AirPosePin] released, peak correction was 0.000m
[  1052    7.113 x1.00] LOG  [AirPosePin] engaged, holding body at 0.652m above the transform
[  1053    7.118 x1.00] LOG  [Combat] Dodge ended
[  1053    7.118 x1.00] LOG  [AirPosePin] released, peak correction was 0.000m
[  1054    7.123 x1.00] LOG  ✅ LANDED! (was jump #0)
[  1549    9.353 x1.00] LOG  🚶 2-LEG JUMP
[  1549    9.353 x1.00] LOG  🐾 Jump 1 VFX spawned!
[  1630    9.705 x1.00] LOG  [Combat] Dodge: Dodge_2Leg (3m, 2leg)
[  1630    9.705 x1.00] LOG  [AirPosePin] engaged, holding body at 1.806m above the transform
[  1682    9.934 x1.00] LOG  [AirPosePin] released, peak correction was 0.174m
[  1683    9.940 x1.00] LOG  [AirPosePin] engaged, holding body at 1.661m above the transform
[  1684    9.945 x1.00] LOG  [AirPosePin] released, peak correction was 0.000m
[  1685    9.950 x1.00] LOG  [AirPosePin] engaged, holding body at 1.683m above the transform
[  1686    9.955 x1.00] LOG  [AirPosePin] released, peak correction was 0.000m
[  1687    9.960 x1.00] LOG  [AirPosePin] engaged, holding body at 1.699m above the transform
[  1688    9.966 x1.00] LOG  [AirPosePin] released, peak correction was 0.000m
[  1689    9.971 x1.00] LOG  [AirPosePin] engaged, holding body at 1.706m above the transform
[  1690    9.976 x1.00] LOG  [AirPosePin] released, peak correction was 0.000m
[  1691    9.981 x1.00] LOG  [AirPosePin] engaged, holding body at 1.706m above the transform
[  1692    9.986 x1.00] LOG  [AirPosePin] released, peak correction was 0.000m
[  1693    9.990 x1.00] LOG  [AirPosePin] engaged, holding body at 1.700m above the transform
[  1694    9.995 x1.00] LOG  [AirPosePin] released, peak correction was 0.000m
[  1695    9.999 x1.00] LOG  [AirPosePin] engaged, holding body at 1.681m above the transform
[  1696   10.004 x1.00] LOG  [AirPosePin] released, peak correction was 0.000m
[  1697   10.009 x1.00] LOG  [AirPosePin] engaged, holding body at 1.642m above the transform
[  1698   10.013 x1.00] LOG  [AirPosePin] released, peak correction was 0.000m
[  1699   10.018 x1.00] LOG  [AirPosePin] engaged, holding body at 1.573m above the transform
[  1700   10.023 x1.00] LOG  [AirPosePin] released, peak correction was 0.000m
[  1701   10.028 x1.00] LOG  [AirPosePin] engaged, holding body at 1.488m above the transform
[  1702   10.032 x1.00] LOG  [AirPosePin] released, peak correction was 0.000m
[  1703   10.037 x1.00] LOG  [AirPosePin] engaged, holding body at 1.421m above the transform
[  1704   10.041 x1.00] LOG  [AirPosePin] released, peak correction was 0.000m
[  1705   10.047 x1.00] LOG  [AirPosePin] engaged, holding body at 1.364m above the transform
[  1706   10.052 x1.00] LOG  [AirPosePin] released, peak correction was 0.000m
[  1707   10.056 x1.00] LOG  [AirPosePin] engaged, holding body at 1.316m above the transform
[  1708   10.061 x1.00] LOG  [AirPosePin] released, peak correction was 0.000m
[  1709   10.066 x1.00] LOG  [AirPosePin] engaged, holding body at 1.269m above the transform
[  1710   10.071 x1.00] LOG  [AirPosePin] released, peak correction was 0.000m
[  1711   10.076 x1.00] LOG  [AirPosePin] engaged, holding body at 1.219m above the transform
[  1712   10.081 x1.00] LOG  [AirPosePin] released, peak correction was 0.000m
[  1713   10.087 x1.00] LOG  [AirPosePin] engaged, holding body at 1.165m above the transform
[  1714   10.092 x1.00] LOG  [AirPosePin] released, peak correction was 0.000m
[  1715   10.100 x1.00] LOG  [AirPosePin] engaged, holding body at 1.099m above the transform
[  1716   10.115 x1.00] LOG  [AirPosePin] released, peak correction was 0.000m
[  1717   10.120 x1.00] LOG  [AirPosePin] engaged, holding body at 0.990m above the transform
[  1718   10.123 x1.00] LOG  [AirPosePin] released, peak correction was 0.000m
[  1719   10.126 x1.00] LOG  [AirPosePin] engaged, holding body at 0.955m above the transform
[  1720   10.129 x1.00] LOG  [AirPosePin] released, peak correction was 0.000m
[  1721   10.132 x1.00] LOG  [AirPosePin] engaged, holding body at 0.922m above the transform
[  1722   10.135 x1.00] LOG  [AirPosePin] released, peak correction was 0.000m
[  1723   10.137 x1.00] LOG  [AirPosePin] engaged, holding body at 0.893m above the transform
[  1724   10.141 x1.00] LOG  [AirPosePin] released, peak correction was 0.000m
[  1725   10.145 x1.00] LOG  [AirPosePin] engaged, holding body at 0.857m above the transform
[  1726   10.149 x1.00] LOG  [AirPosePin] released, peak correction was 0.000m
[  1727   10.154 x1.00] LOG  [AirPosePin] engaged, holding body at 0.815m above the transform
[  1728   10.158 x1.00] LOG  [AirPosePin] released, peak correction was 0.000m
[  1729   10.163 x1.00] LOG  [AirPosePin] engaged, holding body at 0.782m above the transform
[  1730   10.167 x1.00] LOG  [AirPosePin] released, peak correction was 0.000m
[  1731   10.171 x1.00] LOG  [AirPosePin] engaged, holding body at 0.763m above the transform
[  1732   10.176 x1.00] LOG  [AirPosePin] released, peak correction was 0.000m
[  1733   10.180 x1.00] LOG  [AirPosePin] engaged, holding body at 0.764m above the transform
[  1734   10.185 x1.00] LOG  [AirPosePin] released, peak correction was 0.000m
[  1735   10.189 x1.00] LOG  [AirPosePin] engaged, holding body at 0.782m above the transform
[  1736   10.194 x1.00] LOG  [AirPosePin] released, peak correction was 0.000m
[  1737   10.199 x1.00] LOG  [AirPosePin] engaged, holding body at 0.801m above the transform
[  1738   10.203 x1.00] LOG  [AirPosePin] released, peak correction was 0.000m
[  1739   10.208 x1.00] LOG  [AirPosePin] engaged, holding body at 0.806m above the transform
[  1740   10.212 x1.00] LOG  [AirPosePin] released, peak correction was 0.000m
[  1741   10.216 x1.00] LOG  [AirPosePin] engaged, holding body at 0.799m above the transform
[  1742   10.220 x1.00] LOG  [AirPosePin] released, peak correction was 0.000m
[  1743   10.225 x1.00] LOG  [AirPosePin] engaged, holding body at 0.787m above the transform
[  1744   10.229 x1.00] LOG  [AirPosePin] released, peak correction was 0.000m
[  1745   10.233 x1.00] LOG  [AirPosePin] engaged, holding body at 0.773m above the transform
[  1746   10.237 x1.00] LOG  [AirPosePin] released, peak correction was 0.000m
[  1747   10.242 x1.00] LOG  [AirPosePin] engaged, holding body at 0.762m above the transform
[  1748   10.246 x1.00] LOG  [AirPosePin] released, peak correction was 0.000m
[  1749   10.250 x1.00] LOG  [AirPosePin] engaged, holding body at 0.751m above the transform
[  1750   10.255 x1.00] LOG  [AirPosePin] released, peak correction was 0.000m
[  1751   10.260 x1.00] LOG  [AirPosePin] engaged, holding body at 0.738m above the transform
[  1752   10.264 x1.00] LOG  [AirPosePin] released, peak correction was 0.000m
[  1753   10.269 x1.00] LOG  [AirPosePin] engaged, holding body at 0.727m above the transform
[  1754   10.274 x1.00] LOG  [AirPosePin] released, peak correction was 0.000m
[  1755   10.279 x1.00] LOG  [AirPosePin] engaged, holding body at 0.715m above the transform
[  1756   10.283 x1.00] LOG  [AirPosePin] released, peak correction was 0.000m
[  1757   10.288 x1.00] LOG  [AirPosePin] engaged, holding body at 0.705m above the transform
[  1758   10.292 x1.00] LOG  [AirPosePin] released, peak correction was 0.000m
[  1759   10.297 x1.00] LOG  [AirPosePin] engaged, holding body at 0.695m above the transform
[  1760   10.301 x1.00] LOG  [AirPosePin] released, peak correction was 0.000m
[  1761   10.314 x1.00] LOG  [AirPosePin] engaged, holding body at 0.679m above the transform
[  1762   10.319 x1.00] LOG  [AirPosePin] released, peak correction was 0.000m
[  1763   10.324 x1.00] LOG  [AirPosePin] engaged, holding body at 0.671m above the transform
[  1764   10.327 x1.00] LOG  [AirPosePin] released, peak correction was 0.000m
[  1765   10.329 x1.00] LOG  [AirPosePin] engaged, holding body at 0.667m above the transform
[  1766   10.332 x1.00] LOG  [AirPosePin] released, peak correction was 0.000m
[  1767   10.335 x1.00] LOG  [AirPosePin] engaged, holding body at 0.663m above the transform
[  1768   10.338 x1.00] LOG  [AirPosePin] released, peak correction was 0.000m
[  1769   10.341 x1.00] LOG  [AirPosePin] engaged, holding body at 0.660m above the transform
[  1770   10.344 x1.00] LOG  [AirPosePin] released, peak correction was 0.000m
[  1771   10.349 x1.00] LOG  [AirPosePin] engaged, holding body at 0.657m above the transform
[  1772   10.354 x1.00] LOG  [AirPosePin] released, peak correction was 0.000m
[  1773   10.358 x1.00] LOG  [AirPosePin] engaged, holding body at 0.655m above the transform
[  1774   10.363 x1.00] LOG  [AirPosePin] released, peak correction was 0.000m
[  1775   10.367 x1.00] LOG  [AirPosePin] engaged, holding body at 0.653m above the transform
[  1776   10.372 x1.00] LOG  [AirPosePin] released, peak correction was 0.000m
[  1777   10.376 x1.00] LOG  [Combat] Dodge ended
[  1779   10.385 x1.00] LOG  ✅ LANDED! (was jump #0)
[  1845   10.676 x1.00] LOG  🚶 2-LEG JUMP
[  1845   10.676 x1.00] LOG  🐾 Jump 1 VFX spawned!
[  1915   11.026 x1.00] LOG  [Combat] Dodge: Dodge_2Leg (3m, 2leg)
[  1915   11.026 x1.00] LOG  [AirPosePin] engaged, holding body at 1.823m above the transform
[  1960   11.263 x1.00] LOG  [AirPosePin] released, peak correction was 0.175m
[  1961   11.266 x1.00] LOG  [AirPosePin] engaged, holding body at 1.673m above the transform
[  1962   11.274 x1.00] LOG  [AirPosePin] released, peak correction was 0.000m
[  1963   11.276 x1.00] LOG  [AirPosePin] engaged, holding body at 1.693m above the transform
[  1964   11.284 x1.00] LOG  [AirPosePin] released, peak correction was 0.000m
[  1965   11.287 x1.00] LOG  [AirPosePin] engaged, holding body at 1.704m above the transform
[  1966   11.294 x1.00] LOG  [AirPosePin] released, peak correction was 0.000m
[  1967   11.297 x1.00] LOG  [AirPosePin] engaged, holding body at 1.706m above the transform
[  1968   11.304 x1.00] LOG  [AirPosePin] released, peak correction was 0.000m
[  1969   11.313 x1.00] LOG  [AirPosePin] engaged, holding body at 1.698m above the transform
[  1970   11.324 x1.00] LOG  [AirPosePin] released, peak correction was 0.000m
[  1971   11.333 x1.00] LOG  [AirPosePin] engaged, holding body at 1.622m above the transform
[  1972   11.336 x1.00] LOG  [AirPosePin] released, peak correction was 0.000m
[  1973   11.345 x1.00] LOG  [AirPosePin] engaged, holding body at 1.530m above the transform
[  1974   11.347 x1.00] LOG  [AirPosePin] released, peak correction was 0.000m
[  1975   11.354 x1.00] LOG  [AirPosePin] engaged, holding body at 1.454m above the transform
[  1976   11.357 x1.00] LOG  [AirPosePin] released, peak correction was 0.000m
[  1977   11.364 x1.00] LOG  [AirPosePin] engaged, holding body at 1.388m above the transform
[  1978   11.367 x1.00] LOG  [AirPosePin] released, peak correction was 0.000m
[  1979   11.374 x1.00] LOG  [AirPosePin] engaged, holding body at 1.335m above the transform
[  1980   11.377 x1.00] LOG  [AirPosePin] released, peak correction was 0.000m
[  1981   11.384 x1.00] LOG  [AirPosePin] engaged, holding body at 1.288m above the transform
[  1982   11.387 x1.00] LOG  [AirPosePin] released, peak correction was 0.000m
[  1983   11.393 x1.00] LOG  [AirPosePin] engaged, holding body at 1.241m above the transform
[  1984   11.396 x1.00] LOG  [AirPosePin] released, peak correction was 0.000m
[  1985   11.403 x1.00] LOG  [AirPosePin] engaged, holding body at 1.191m above the transform
[  1986   11.406 x1.00] LOG  [AirPosePin] released, peak correction was 0.000m
[  1987   11.414 x1.00] LOG  [AirPosePin] engaged, holding body at 1.140m above the transform
[  1988   11.417 x1.00] LOG  [AirPosePin] released, peak correction was 0.000m
[  1989   11.424 x1.00] LOG  [AirPosePin] engaged, holding body at 1.089m above the transform
[  1990   11.427 x1.00] LOG  [AirPosePin] released, peak correction was 0.000m
[  1991   11.434 x1.00] LOG  [AirPosePin] engaged, holding body at 1.034m above the transform
[  1992   11.437 x1.00] LOG  [AirPosePin] released, peak correction was 0.000m
[  1993   11.444 x1.00] LOG  [AirPosePin] engaged, holding body at 0.975m above the transform
[  1994   11.447 x1.00] LOG  [AirPosePin] released, peak correction was 0.000m
[  1995   11.454 x1.00] LOG  [AirPosePin] engaged, holding body at 0.918m above the transform
[  1996   11.456 x1.00] LOG  [AirPosePin] released, peak correction was 0.000m
[  1997   11.464 x1.00] LOG  [AirPosePin] engaged, holding body at 0.868m above the transform
[  1998   11.467 x1.00] LOG  [AirPosePin] released, peak correction was 0.000m
[  1999   11.474 x1.00] LOG  [AirPosePin] engaged, holding body at 0.823m above the transform
[  2000   11.477 x1.00] LOG  [OniBoss:Layer] watch stance ON (player 15.0m)
[  2000   11.477 x1.00] LOG  [AirPosePin] released, peak correction was 0.000m
[  2001   11.484 x1.00] LOG  [AirPosePin] engaged, holding body at 0.784m above the transform
[  2002   11.486 x1.00] LOG  [AirPosePin] released, peak correction was 0.000m
[  2003   11.494 x1.00] LOG  [AirPosePin] engaged, holding body at 0.762m above the transform
[  2004   11.496 x1.00] LOG  [AirPosePin] released, peak correction was 0.000m
[  2005   11.504 x1.00] LOG  [AirPosePin] engaged, holding body at 0.767m above the transform
[  2006   11.507 x1.00] LOG  [AirPosePin] released, peak correction was 0.000m
[  2007   11.514 x1.00] LOG  [AirPosePin] engaged, holding body at 0.788m above the transform
[  2008   11.516 x1.00] LOG  [AirPosePin] released, peak correction was 0.000m
[  2009   11.524 x1.00] LOG  [AirPosePin] engaged, holding body at 0.805m above the transform
[  2010   11.527 x1.00] LOG  [AirPosePin] released, peak correction was 0.000m
[  2011   11.536 x1.00] LOG  [AirPosePin] engaged, holding body at 0.801m above the transform
[  2012   11.538 x1.00] LOG  [AirPosePin] released, peak correction was 0.000m
[  2013   11.544 x1.00] LOG  [AirPosePin] engaged, holding body at 0.791m above the transform
[  2014   11.547 x1.00] LOG  [AirPosePin] released, peak correction was 0.000m
[  2015   11.554 x1.00] LOG  [AirPosePin] engaged, holding body at 0.775m above the transform
[  2016   11.557 x1.00] LOG  [AirPosePin] released, peak correction was 0.000m
[  2017   11.564 x1.00] LOG  [AirPosePin] engaged, holding body at 0.761m above the transform
[  2018   11.567 x1.00] LOG  [AirPosePin] released, peak correction was 0.000m
[  2019   11.574 x1.00] LOG  [AirPosePin] engaged, holding body at 0.748m above the transform
[  2020   11.576 x1.00] LOG  [AirPosePin] released, peak correction was 0.000m
[  2021   11.584 x1.00] LOG  [AirPosePin] engaged, holding body at 0.736m above the transform
[  2022   11.586 x1.00] LOG  [AirPosePin] released, peak correction was 0.000m
[  2023   11.594 x1.00] LOG  [AirPosePin] engaged, holding body at 0.723m above the transform
[  2024   11.597 x1.00] LOG  [AirPosePin] released, peak correction was 0.000m
[  2025   11.604 x1.00] LOG  [AirPosePin] engaged, holding body at 0.711m above the transform
[  2026   11.606 x1.00] LOG  [AirPosePin] released, peak correction was 0.000m
[  2027   11.614 x1.00] LOG  [AirPosePin] engaged, holding body at 0.700m above the transform
[  2028   11.617 x1.00] LOG  [AirPosePin] released, peak correction was 0.000m
[  2029   11.624 x1.00] LOG  [AirPosePin] engaged, holding body at 0.689m above the transform
[  2030   11.626 x1.00] LOG  [AirPosePin] released, peak correction was 0.000m
[  2031   11.634 x1.00] LOG  [AirPosePin] engaged, holding body at 0.680m above the transform
[  2032   11.637 x1.00] LOG  [AirPosePin] released, peak correction was 0.000m
[  2033   11.644 x1.00] LOG  [AirPosePin] engaged, holding body at 0.672m above the transform
[  2034   11.647 x1.00] LOG  [AirPosePin] released, peak correction was 0.000m
[  2036   11.657 x1.00] LOG  [AirPosePin] engaged, holding body at 0.663m above the transform
[  2037   11.664 x1.00] LOG  [AirPosePin] released, peak correction was 0.000m
[  2038   11.666 x1.00] LOG  [AirPosePin] engaged, holding body at 0.658m above the transform
[  2039   11.674 x1.00] LOG  [AirPosePin] released, peak correction was 0.000m
[  2040   11.677 x1.00] LOG  [AirPosePin] engaged, holding body at 0.655m above the transform
[  2041   11.684 x1.00] LOG  [AirPosePin] released, peak correction was 0.000m
[  2042   11.687 x1.00] LOG  [AirPosePin] engaged, holding body at 0.653m above the transform
[  2043   11.694 x1.00] LOG  [AirPosePin] released, peak correction was 0.000m
[  2044   11.696 x1.00] LOG  [Combat] Dodge ended
[  2045   11.704 x1.00] LOG  ✅ LANDED! (was jump #0)
[  2129   12.127 x1.00] LOG  🚶 2-LEG JUMP
[  2129   12.127 x1.00] LOG  🐾 Jump 1 VFX spawned!
[  2316   13.064 x1.00] LOG  💨 Landing VFX spawned!
[  2316   13.064 x1.00] LOG  ✅ LANDED! (was jump #1)
[  2410   13.496 x1.00] LOG  
==================== [FREEZE-DEBUG v3] ====================
  Reason : WASD-NOMOVE: WASD recent + speed 0.00m/s for 0.40s
  Time   : 11.453s   Frame: 2410   Snaps: 60
===========================================================

--- CURRENT STATE ---
  Flags: atk=False hvy=False dod=False dsh=False
         grd=False hit=False aerial=False lockPos=False
         comboStep=0
  Anim : speed=1.00  combatLayer hash=-792875657 normT=1.795 weight=1.00 inTransition=False
  CC   : grounded=True  enabled=True  pos=(474.44, -0.02, 441.80)  vel=(0.00, 0.00, 0.00)
  Move : IsRunning=True
  Input: H=1.00 V=0.00  LMB=False MMB=False Q=False Sp=False Sh=True C=False
         WASD pressed in last 0.5s: True (last 0.00s ago)

--- FLIGHT RECORDER (60 snapshots, oldest first, dt=0.10s) ---
  Legend: flags = A(tk) H(vy) D(od) S(sh) G(rd) R(eact) Y(aerial) L(ock)   gnd/cc: Y/n
  t-now    flags     step gnd cc anSp normT layW tr | posX     posZ     spd   | H    V    LMB MMB Q  Sp Sh C
  ------   --------  ---- --- -- ---- ----- ---- -- | -----    -----    ----  | ---- ---- --- --- -- -- -- -
  - 6.11s  --------    0  Y   Y  1.00  0.27 1.00 -  |   474.5    437.1  0.00 |  0.0  0.0 0   0   0  0  0  0
  - 6.00s  --------    0  Y   Y  1.00  0.37 1.00 -  |   474.5    437.1  0.00 |  0.0  0.0 0   0   0  0  0  0
  - 5.90s  --------    0  Y   Y  1.00  0.47 1.00 -  |   474.5    437.1  0.00 |  0.0  0.0 0   0   0  0  0  0
  - 5.80s  --------    0  Y   Y  1.00  0.57 1.00 -  |   474.5    437.1  0.00 |  0.0  0.0 0   0   0  0  0  0
  - 5.70s  --------    0  Y   Y  1.00  0.68 1.00 -  |   474.5    437.1  0.00 |  0.0  0.0 0   0   0  0  0  0
  - 5.59s  --------    0  Y   Y  1.00  0.78 1.00 -  |   474.5    437.1  0.00 |  0.0  0.0 0   0   0  0  0  0
  - 5.49s  --------    0  Y   Y  1.00  0.88 1.00 -  |   474.5    437.1  0.00 |  0.0  0.0 0   0   0  0  0  0
  - 5.39s  --------    0  Y   Y  1.00  0.98 1.00 -  |   474.5    437.1  0.00 |  0.0  0.0 0   0   0  0  0  0
  - 5.28s  --------    0  Y   Y  1.00  1.09 1.00 -  |   474.5    437.1  0.00 |  0.0  0.0 0   0   0  0  0  0
  - 5.18s  --------    0  Y   Y  1.00  1.19 1.00 -  |   474.5    437.1  0.00 |  0.0  0.0 0   0   0  0  0  0
  - 5.08s  --------    0  Y   Y  1.00  1.29 1.00 -  |   474.5    437.1  0.00 |  0.0  0.0 0   0   0  0  0  0
  - 4.97s  --------    0  Y   Y  1.00  1.40 1.00 -  |   474.5    437.1  0.00 |  0.0  0.0 0   0   0  0  0  0
  - 4.87s  --------    0  Y   Y  1.00  1.50 1.00 -  |   474.5    437.1  0.00 |  0.0  0.0 0   0   0  0  0  0
  - 4.77s  --------    0  Y   Y  1.00  1.60 1.00 -  |   474.5    437.1  0.00 |  0.0  0.0 0   0   0  0  0  0
  - 4.66s  --------    0  Y   Y  1.00  1.71 1.00 -  |   474.5    437.1  0.00 |  0.0  0.0 0   0   0  0  0  0
  - 4.56s  --------    0  Y   Y  1.00  1.81 1.00 -  |   474.5    437.1  0.00 |  0.0  0.0 0   0   0  0  0  0
  - 4.46s  --------    0  Y   Y  1.00  1.91 1.00 -  |   474.5    437.1  0.00 |  0.0  0.0 0   0   0  0  0  0
  - 4.36s  --------    0  Y   Y  1.00  2.01 1.00 -  |   474.5    437.1  0.00 |  0.0  0.0 0   0   0  0  0  0
  - 4.26s  --------    0  Y   Y  1.00  2.12 1.00 -  |   474.5    437.1  0.00 |  0.0  0.0 0   0   0  0  0  0
  - 4.15s  --------    0  Y   Y  1.00  2.22 1.00 -  |   474.5    437.1  0.00 |  0.0  0.0 0   0   0  0  0  0
  - 4.05s  --------    0  n   Y  1.00  2.32 1.00 -  |   474.5    437.1  0.00 |  0.0  0.0 0   0   0  1  0  0
  - 3.95s  --------    0  n   Y  1.00  2.42 1.00 -  |   474.5    437.1  0.00 |  0.0  0.0 0   0   0  0  0  0
  - 3.85s  --------    0  n   Y  1.00  2.53 1.00 -  |   474.5    437.1  0.00 |  0.0  0.0 0   0   0  0  0  0
  - 3.74s  --D-----    0  n   Y  1.00  2.63 1.00 T  |   474.5    437.2  2.29 |  0.0  0.0 0   0   0  0  0  1
  - 3.64s  --D-----    0  n   Y  1.00  0.21 1.00 -  |   474.5    437.5  5.05 |  0.0  0.0 0   0   0  0  0  0
  - 3.54s  --D-----    0  n   Y  1.00  0.37 1.00 -  |   474.5    438.0  7.16 |  0.0  0.0 0   0   0  0  0  0
  - 3.44s  --D-----    0  Y   Y  1.00  0.52 1.00 -  |   474.5    438.7  6.75 |  0.0  0.0 0   0   0  0  0  0
  - 3.34s  --D-----    0  n   Y  1.00  0.67 1.00 -  |   474.5    439.3  6.01 |  0.0  0.0 0   0   0  0  0  0
  - 3.24s  --D-----    0  Y   Y  1.00  0.83 1.00 -  |   474.5    439.9  3.50 |  0.0  0.0 0   0   0  0  0  0
  - 3.13s  --D-----    0  n   Y  1.00  0.98 1.00 -  |   474.5    440.1  0.84 |  0.0  0.0 0   0   0  0  0  0
  - 3.03s  --------    0  Y   Y  1.00  1.14 1.00 T  |   474.5    440.1  0.00 |  0.0  0.0 0   0   0  0  0  0
  - 2.93s  --------    0  Y   Y  1.00  1.29 1.00 T  |   474.5    440.1  0.00 |  0.0  0.0 0   0   0  0  0  0
  - 2.82s  --------    0  Y   Y  1.00  0.29 1.00 -  |   474.5    440.1  0.00 |  0.0  0.0 0   0   0  0  0  0
  - 2.72s  --------    0  n   Y  1.00  0.39 1.00 -  |   474.5    440.1  0.00 |  0.0  0.0 0   0   0  1  0  0
  - 2.62s  --------    0  n   Y  1.00  0.50 1.00 -  |   474.5    440.1  0.00 |  0.0  0.0 0   0   0  0  0  0
  - 2.52s  --------    0  n   Y  1.00  0.60 1.00 -  |   474.5    440.1  0.00 |  0.0  0.0 0   0   0  0  0  0
  - 2.42s  --D-----    0  n   Y  1.00  0.70 1.00 T  |   474.5    440.2  0.43 |  0.0  0.0 0   0   0  0  0  1
  - 2.32s  --D-----    0  n   Y  1.00  0.22 1.00 -  |   474.5    440.5  2.06 |  0.0  0.0 0   0   0  0  0  0
  - 2.22s  --D-----    0  Y   Y  1.00  0.37 1.00 -  |   474.5    441.0  2.27 |  0.0  0.0 0   0   0  0  0  0
  - 2.12s  --D-----    0  n   Y  1.00  0.52 1.00 -  |   474.5    441.7  3.00 |  0.0  0.0 0   0   0  0  0  0
  - 2.01s  --D-----    0  Y   Y  1.00  0.68 1.00 -  |   474.5    442.4  13.19 |  0.0  0.0 0   0   0  0  0  0
  - 1.91s  --D-----    0  n   Y  1.00  0.84 1.00 -  |   474.5    442.9  1.53 |  0.0  0.0 0   0   0  0  0  0
  - 1.81s  --D-----    0  Y   Y  1.00  0.99 1.00 -  |   474.5    443.1  0.30 |  0.0  0.0 0   0   0  0  0  0
  - 1.70s  --------    0  Y   Y  1.00  1.14 1.00 T  |   474.5    443.1  0.00 |  0.0  0.0 0   0   0  0  0  0
  - 1.60s  --------    0  Y   Y  1.00  1.30 1.00 T  |   474.5    443.1  0.00 |  0.0  0.0 0   0   0  0  0  0
  - 1.50s  --------    0  Y   Y  1.00  0.30 1.00 -  |   474.5    443.1  0.00 |  0.0  0.0 0   0   0  0  0  0
  - 1.39s  --------    0  Y   Y  1.00  0.40 1.00 -  |   474.5    443.1  0.00 |  0.0  0.0 0   0   0  0  0  0
  - 1.29s  --------    0  n   Y  1.00  0.50 1.00 -  |   474.5    443.1  0.00 |  0.0  0.0 0   0   0  1  0  0
  - 1.19s  --------    0  n   Y  1.00  0.61 1.00 -  |   474.5    443.1  0.00 |  0.0  0.0 0   0   0  0  0  0
  - 1.08s  --------    0  n   Y  1.00  0.71 1.00 -  |   474.5    443.1  0.00 |  0.0  0.0 0   0   0  0  0  0
  - 0.98s  --------    0  n   Y  1.00  0.81 1.00 -  |   474.5    443.1  0.00 |  0.0  0.0 0   0   0  1  0  0
  - 0.88s  --------    0  n   Y  1.00  0.91 1.00 -  |   474.5    443.1  0.00 |  0.0  0.0 0   0   0  0  0  0
  - 0.78s  --------    0  n   Y  1.00  1.02 1.00 -  |   474.5    443.1  0.00 |  0.0  0.0 0   0   0  0  0  0
  - 0.68s  --------    0  n   Y  1.00  1.12 1.00 -  |   474.5    443.1  0.00 |  0.0  0.0 0   0   0  0  0  0
  - 0.57s  --------    0  n   Y  1.00  1.22 1.00 -  |   474.5    443.1  0.00 |  0.0  0.0 0   0   0  0  0  0
  - 0.47s  --------    0  n   Y  1.00  1.33 1.00 -  |   474.5    443.1  0.00 |  0.0  0.0 0   0   0  0  0  0
  - 0.37s  --------    0  Y   Y  1.00  1.43 1.00 -  |   474.5    443.1  0.00 |  1.0  0.0 0   0   0  0  0  0
  - 0.26s  --------    0  Y   Y  1.00  1.53 1.00 -  |   474.5    442.9  0.00 |  1.0  0.0 0   0   0  0  0  0
  - 0.16s  --------    0  Y   Y  1.00  1.63 1.00 -  |   474.5    442.7  0.00 |  1.0  0.0 0   0   0  0  0  0
  - 0.06s  --------    0  Y   Y  1.00  1.73 1.00 -  |   474.5    442.2  0.00 |  1.0  0.0 0   0   0  0  1  0
=========================================================== END

[  2447   13.663 x1.00] LOG  [OniBoss:Layer] watch stance OFF, back to Idle (player 16.6m)
[  2466   13.752 x1.00] LOG  🐾 4-LEG JUMP #0
[  2466   13.752 x1.00] LOG  🐾 Jump 1 VFX spawned!
[  2520   13.998 x1.00] LOG  🐾 4-LEG JUMP #1
[  2520   13.998 x1.00] LOG  🐾 Jump 2 VFX spawned!
[  2573   14.253 x1.00] LOG  🐾 4-LEG JUMP #2
[  2573   14.253 x1.00] LOG  🐾 Jump 3 VFX spawned!
[  2573   14.253 x1.00] LOG  🚫 Max jumps reached!
[  2782   15.224 x1.00] LOG  💨 Landing VFX spawned!
[  2782   15.224 x1.00] LOG  ✅ LANDED! (was jump #3)
[  2831   15.439 x1.00] LOG  🐾 4-LEG JUMP #0
[  2831   15.439 x1.00] LOG  🐾 Jump 1 VFX spawned!
[  3009   16.284 x1.00] LOG  💨 Landing VFX spawned!
[  3009   16.284 x1.00] LOG  ✅ LANDED! (was jump #1)
[  3257   17.352 x1.00] LOG  🐾 4-LEG JUMP #0
[  3257   17.352 x1.00] LOG  🐾 Jump 1 VFX spawned!
[  3325   17.652 x1.00] LOG  🐾 4-LEG JUMP #1
[  3325   17.652 x1.00] LOG  🐾 Jump 2 VFX spawned!
[  3360   17.815 x1.00] LOG  
==================== [FREEZE-DEBUG v3] ====================
  Reason : WASD-NOMOVE: WASD recent + speed 0.00m/s for 0.40s
  Time   : 15.772s   Frame: 3360   Snaps: 60
===========================================================

--- CURRENT STATE ---
  Flags: atk=False hvy=False dod=False dsh=False
         grd=False hit=False aerial=False lockPos=False
         comboStep=0
  Anim : speed=1.00  combatLayer hash=-792875657 normT=6.112 weight=1.00 inTransition=False
  CC   : grounded=False  enabled=True  pos=(474.14, 2.48, 434.84)  vel=(0.00, 4.31, 0.00)
  Move : IsRunning=True
  Input: H=-1.00 V=0.00  LMB=False MMB=False Q=False Sp=False Sh=True C=False
         WASD pressed in last 0.5s: True (last 0.00s ago)

--- FLIGHT RECORDER (60 snapshots, oldest first, dt=0.10s) ---
  Legend: flags = A(tk) H(vy) D(od) S(sh) G(rd) R(eact) Y(aerial) L(ock)   gnd/cc: Y/n
  t-now    flags     step gnd cc anSp normT layW tr | posX     posZ     spd   | H    V    LMB MMB Q  Sp Sh C
  ------   --------  ---- --- -- ---- ----- ---- -- | -----    -----    ----  | ---- ---- --- --- -- -- -- -
  - 6.13s  --D-----    0  Y   Y  1.00  0.99 1.00 -  |   474.5    443.1  0.30 |  0.0  0.0 0   0   0  0  0  0
  - 6.02s  --------    0  Y   Y  1.00  1.14 1.00 T  |   474.5    443.1  0.00 |  0.0  0.0 0   0   0  0  0  0
  - 5.92s  --------    0  Y   Y  1.00  1.30 1.00 T  |   474.5    443.1  0.00 |  0.0  0.0 0   0   0  0  0  0
  - 5.82s  --------    0  Y   Y  1.00  0.30 1.00 -  |   474.5    443.1  0.00 |  0.0  0.0 0   0   0  0  0  0
  - 5.71s  --------    0  Y   Y  1.00  0.40 1.00 -  |   474.5    443.1  0.00 |  0.0  0.0 0   0   0  0  0  0
  - 5.61s  --------    0  n   Y  1.00  0.50 1.00 -  |   474.5    443.1  0.00 |  0.0  0.0 0   0   0  1  0  0
  - 5.51s  --------    0  n   Y  1.00  0.61 1.00 -  |   474.5    443.1  0.00 |  0.0  0.0 0   0   0  0  0  0
  - 5.40s  --------    0  n   Y  1.00  0.71 1.00 -  |   474.5    443.1  0.00 |  0.0  0.0 0   0   0  0  0  0
  - 5.30s  --------    0  n   Y  1.00  0.81 1.00 -  |   474.5    443.1  0.00 |  0.0  0.0 0   0   0  1  0  0
  - 5.20s  --------    0  n   Y  1.00  0.91 1.00 -  |   474.5    443.1  0.00 |  0.0  0.0 0   0   0  0  0  0
  - 5.10s  --------    0  n   Y  1.00  1.02 1.00 -  |   474.5    443.1  0.00 |  0.0  0.0 0   0   0  0  0  0
  - 5.00s  --------    0  n   Y  1.00  1.12 1.00 -  |   474.5    443.1  0.00 |  0.0  0.0 0   0   0  0  0  0
  - 4.89s  --------    0  n   Y  1.00  1.22 1.00 -  |   474.5    443.1  0.00 |  0.0  0.0 0   0   0  0  0  0
  - 4.79s  --------    0  n   Y  1.00  1.33 1.00 -  |   474.5    443.1  0.00 |  0.0  0.0 0   0   0  0  0  0
  - 4.69s  --------    0  Y   Y  1.00  1.43 1.00 -  |   474.5    443.1  0.00 |  1.0  0.0 0   0   0  0  0  0
  - 4.58s  --------    0  Y   Y  1.00  1.53 1.00 -  |   474.5    442.9  0.00 |  1.0  0.0 0   0   0  0  0  0
  - 4.48s  --------    0  Y   Y  1.00  1.63 1.00 -  |   474.5    442.7  0.00 |  1.0  0.0 0   0   0  0  0  0
  - 4.38s  --------    0  Y   Y  1.00  1.73 1.00 -  |   474.5    442.2  0.00 |  1.0  0.0 0   0   0  0  1  0
  - 4.28s  --------    0  Y   Y  1.00  1.84 1.00 -  |   474.4    441.5  0.00 |  1.0  0.0 0   0   0  0  1  0
  - 4.17s  --------    0  Y   Y  1.00  1.94 1.00 -  |   474.4    440.8  0.00 |  1.0  0.0 0   0   0  0  1  0
  - 4.07s  --------    0  Y   Y  1.00  2.04 1.00 -  |   474.4    440.0  0.00 |  1.0  0.0 0   0   0  0  1  0
  - 3.97s  --------    0  n   Y  1.00  2.14 1.00 -  |   474.3    439.6  0.00 |  1.0  0.0 0   0   0  1  1  0
  - 3.87s  --------    0  n   Y  1.00  2.25 1.00 -  |   474.3    439.2  0.00 |  1.0  0.0 0   0   0  0  1  0
  - 3.76s  --------    0  n   Y  1.00  2.35 1.00 -  |   474.3    438.7  0.00 |  1.0  0.0 0   0   0  1  1  0
  - 3.64s  --------    0  n   Y  1.00  2.46 1.00 -  |   474.3    438.2  0.00 |  1.0  0.0 0   0   0  0  1  0
  - 3.54s  --------    0  n   Y  1.00  2.57 1.00 -  |   474.3    437.7  0.00 |  1.0  0.0 0   0   0  1  1  0
  - 3.44s  --------    0  n   Y  1.00  2.67 1.00 -  |   474.2    437.3  0.00 |  1.0  0.0 0   0   0  0  1  0
  - 3.34s  --------    0  n   Y  1.00  2.78 1.00 -  |   474.2    436.8  0.00 |  1.0  0.0 0   0   0  0  1  0
  - 3.23s  --------    0  n   Y  1.00  2.88 1.00 -  |   474.2    436.3  0.00 |  1.0  0.0 0   0   0  0  1  0
  - 3.13s  --------    0  n   Y  1.00  2.99 1.00 -  |   474.2    435.8  0.00 |  1.0  0.0 0   0   0  0  1  1
  - 3.03s  --------    0  n   Y  1.00  3.09 1.00 -  |   474.2    435.4  0.00 |  1.0  0.0 0   0   0  0  1  0
  - 2.93s  --------    0  n   Y  1.00  3.19 1.00 -  |   474.1    434.9  0.00 |  1.0  0.0 0   0   0  0  1  0
  - 2.82s  --------    0  n   Y  1.00  3.29 1.00 -  |   474.1    434.5  0.00 |  1.0  0.0 0   0   0  0  1  0
  - 2.72s  --------    0  n   Y  1.00  3.39 1.00 -  |   474.1    434.0  0.00 |  1.0  0.0 0   0   0  0  1  0
  - 2.62s  --------    0  n   Y  1.00  3.50 1.00 -  |   474.1    433.6  0.00 |  1.0  0.0 0   0   0  0  1  0
  - 2.52s  --------    0  Y   Y  1.00  3.60 1.00 -  |   474.1    433.0  0.00 |  1.0  0.0 0   0   0  0  1  0
  - 2.42s  --------    0  Y   Y  1.00  3.70 1.00 -  |   474.0    432.3  0.00 |  1.0  0.0 0   0   0  0  1  0
  - 2.32s  --------    0  n   Y  1.00  3.80 1.00 -  |   474.0    431.8  0.00 |  1.0  0.0 0   0   0  1  1  0
  - 2.21s  --------    0  n   Y  1.00  3.90 1.00 -  |   474.0    431.4  0.00 |  1.0  0.0 0   0   0  0  1  0
  - 2.11s  --------    0  n   Y  1.00  4.00 1.00 -  |   474.0    430.9  0.00 |  1.0  0.0 0   0   0  0  1  0
  - 2.01s  --------    0  n   Y  1.00  4.11 1.00 -  |   473.9    430.4  0.00 |  1.0  0.0 0   0   0  0  1  0
  - 1.90s  --------    0  n   Y  1.00  4.21 1.00 -  |   473.9    430.0  0.00 |  1.0  0.0 0   0   0  0  1  0
  - 1.80s  --------    0  n   Y  1.00  4.31 1.00 -  |   473.9    429.5  0.00 |  1.0  0.0 0   0   0  0  1  0
  - 1.70s  --------    0  n   Y  1.00  4.41 1.00 -  |   473.9    429.1  0.00 |  0.0  0.0 0   0   0  1  1  0
  - 1.60s  --------    0  n   Y  1.00  4.52 1.00 -  |   473.9    428.6  0.00 |  0.0  0.0 0   0   0  1  1  0
  - 1.50s  --------    0  Y   Y  1.00  4.62 1.00 -  |   473.8    428.1  0.00 |  0.0  0.0 0   0   0  0  1  0
  - 1.40s  --------    0  Y   Y  1.00  4.72 1.00 -  |   473.8    428.0  0.00 |  0.0  0.0 0   0   0  0  1  0
  - 1.29s  --------    0  Y   Y  1.00  4.82 1.00 -  |   473.8    428.0  0.00 |  0.0  0.0 0   0   0  0  1  0
  - 1.18s  --------    0  Y   Y  1.00  4.93 1.00 -  |   473.8    428.0  0.00 | -1.0  0.0 0   0   0  0  1  0
  - 1.08s  --------    0  Y   Y  1.00  5.03 1.00 -  |   473.9    428.5  0.00 | -1.0  0.0 0   0   0  0  1  0
  - 0.98s  --------    0  Y   Y  1.00  5.14 1.00 -  |   473.9    429.2  0.00 | -1.0  0.0 0   0   0  0  1  0
  - 0.88s  --------    0  Y   Y  1.00  5.24 1.00 -  |   473.9    429.9  0.00 | -1.0  0.0 0   0   0  0  1  0
  - 0.78s  --------    0  Y   Y  1.00  5.34 1.00 -  |   474.0    430.6  0.00 | -1.0  0.0 0   0   0  0  1  0
  - 0.68s  --------    0  Y   Y  1.00  5.44 1.00 -  |   474.0    431.3  0.00 | -1.0  0.0 0   0   0  0  1  0
  - 0.57s  --------    0  Y   Y  1.00  5.54 1.00 -  |   474.0    432.0  0.00 | -1.0  0.0 0   0   0  0  1  0
  - 0.47s  --------    0  Y   Y  1.00  5.64 1.00 -  |   474.0    432.7  0.00 | -1.0  0.0 0   0   0  0  1  0
  - 0.37s  --------    0  n   Y  1.00  5.74 1.00 -  |   474.1    433.2  0.00 | -1.0  0.0 0   0   0  1  1  0
  - 0.27s  --------    0  n   Y  1.00  5.85 1.00 -  |   474.1    433.7  0.00 | -1.0  0.0 0   0   0  0  1  0
  - 0.16s  --------    0  n   Y  1.00  5.95 1.00 -  |   474.1    434.1  0.00 | -1.0  0.0 0   0   0  1  1  0
  - 0.06s  --------    0  n   Y  1.00  6.05 1.00 -  |   474.1    434.6  0.00 | -1.0  0.0 0   0   0  1  1  0
=========================================================== END

[  3394   17.951 x1.00] LOG  🐾 4-LEG JUMP #2
[  3394   17.951 x1.00] LOG  🐾 Jump 3 VFX spawned!
[  3394   17.951 x1.00] LOG  🚫 Max jumps reached!
[  3606   18.945 x1.00] LOG  💨 Landing VFX spawned!
[  3606   18.945 x1.00] LOG  ✅ LANDED! (was jump #3)
[  3649   19.169 x1.00] LOG  [Combat] Dodge: Dodge_4Leg (4m, 4leg)
[  3649   19.169 x1.00] LOG  [AirPosePin] engaged, holding body at 0.659m above the transform
[  3650   19.175 x1.00] LOG  [AirPosePin] released, peak correction was 0.000m
[  3651   19.178 x1.00] LOG  [AirPosePin] engaged, holding body at 0.653m above the transform
[  3652   19.185 x1.00] LOG  [AirPosePin] released, peak correction was 0.000m
[  3653   19.188 x1.00] LOG  [AirPosePin] engaged, holding body at 0.636m above the transform
[  3654   19.195 x1.00] LOG  [AirPosePin] released, peak correction was 0.000m
[  3655   19.198 x1.00] LOG  [AirPosePin] engaged, holding body at 0.611m above the transform
[  3656   19.205 x1.00] LOG  [AirPosePin] released, peak correction was 0.000m
[  3657   19.208 x1.00] LOG  [AirPosePin] engaged, holding body at 0.588m above the transform
[  3658   19.215 x1.00] LOG  [AirPosePin] released, peak correction was 0.000m
[  3659   19.225 x1.00] LOG  [AirPosePin] engaged, holding body at 0.561m above the transform
[  3660   19.227 x1.00] LOG  [AirPosePin] released, peak correction was 0.000m
[  3661   19.235 x1.00] LOG  [AirPosePin] engaged, holding body at 0.545m above the transform
[  3662   19.244 x1.00] LOG  [AirPosePin] released, peak correction was 0.000m
[  3663   19.254 x1.00] LOG  [AirPosePin] engaged, holding body at 0.503m above the transform
[  3664   19.257 x1.00] LOG  [AirPosePin] released, peak correction was 0.000m
[  3665   19.266 x1.00] LOG  [AirPosePin] engaged, holding body at 0.474m above the transform
[  3666   19.269 x1.00] LOG  [AirPosePin] released, peak correction was 0.000m
[  3667   19.275 x1.00] LOG  [AirPosePin] engaged, holding body at 0.455m above the transform
[  3668   19.278 x1.00] LOG  [AirPosePin] released, peak correction was 0.000m
[  3669   19.285 x1.00] LOG  [AirPosePin] engaged, holding body at 0.438m above the transform
[  3670   19.288 x1.00] LOG  [AirPosePin] released, peak correction was 0.000m
[  3671   19.295 x1.00] LOG  [AirPosePin] engaged, holding body at 0.431m above the transform
[  3672   19.298 x1.00] LOG  [AirPosePin] released, peak correction was 0.000m
[  3674   19.308 x1.00] LOG  [AirPosePin] engaged, holding body at 0.430m above the transform
[  3675   19.315 x1.00] LOG  [AirPosePin] released, peak correction was 0.000m
[  3676   19.318 x1.00] LOG  [AirPosePin] engaged, holding body at 0.438m above the transform
[  3677   19.325 x1.00] LOG  [AirPosePin] released, peak correction was 0.000m
[  3678   19.328 x1.00] LOG  [AirPosePin] engaged, holding body at 0.450m above the transform
[  3679   19.335 x1.00] LOG  [AirPosePin] released, peak correction was 0.000m
[  3680   19.338 x1.00] LOG  [AirPosePin] engaged, holding body at 0.459m above the transform
[  3681   19.345 x1.00] LOG  [AirPosePin] released, peak correction was 0.000m
[  3682   19.348 x1.00] LOG  [AirPosePin] engaged, holding body at 0.465m above the transform
[  3683   19.355 x1.00] LOG  [AirPosePin] released, peak correction was 0.000m
[  3684   19.358 x1.00] LOG  [AirPosePin] engaged, holding body at 0.472m above the transform
[  3685   19.365 x1.00] LOG  [AirPosePin] released, peak correction was 0.000m
[  3686   19.368 x1.00] LOG  [AirPosePin] engaged, holding body at 0.477m above the transform
[  3687   19.375 x1.00] LOG  [AirPosePin] released, peak correction was 0.000m
[  3688   19.378 x1.00] LOG  [AirPosePin] engaged, holding body at 0.481m above the transform
[  3689   19.385 x1.00] LOG  [AirPosePin] released, peak correction was 0.000m
[  3690   19.394 x1.00] LOG  [AirPosePin] engaged, holding body at 0.485m above the transform
[  3691   19.404 x1.00] LOG  [AirPosePin] released, peak correction was 0.000m
[  3692   19.408 x1.00] LOG  [AirPosePin] engaged, holding body at 0.506m above the transform
[  3693   19.411 x1.00] LOG  [AirPosePin] released, peak correction was 0.000m
[  3694   19.415 x1.00] LOG  [AirPosePin] engaged, holding body at 0.520m above the transform
[  3695   19.418 x1.00] LOG  [AirPosePin] released, peak correction was 0.000m
[  3696   19.428 x1.00] LOG  [AirPosePin] engaged, holding body at 0.559m above the transform
[  3697   19.431 x1.00] LOG  [AirPosePin] released, peak correction was 0.000m
[  3698   19.435 x1.00] LOG  [OniBoss:Layer] watch stance ON (player 15.0m)
[  3698   19.435 x1.00] LOG  [AirPosePin] engaged, holding body at 0.588m above the transform
[  3699   19.439 x1.00] LOG  [AirPosePin] released, peak correction was 0.000m
[  3700   19.445 x1.00] LOG  [AirPosePin] engaged, holding body at 0.635m above the transform
[  3701   19.448 x1.00] LOG  [AirPosePin] released, peak correction was 0.000m
[  3702   19.455 x1.00] LOG  [AirPosePin] engaged, holding body at 0.700m above the transform
[  3703   19.458 x1.00] LOG  [AirPosePin] released, peak correction was 0.000m
[  3704   19.465 x1.00] LOG  [AirPosePin] engaged, holding body at 0.771m above the transform
[  3705   19.468 x1.00] LOG  [AirPosePin] released, peak correction was 0.000m
[  3706   19.475 x1.00] LOG  [AirPosePin] engaged, holding body at 0.850m above the transform
[  3707   19.478 x1.00] LOG  [AirPosePin] released, peak correction was 0.000m
[  3708   19.485 x1.00] LOG  [AirPosePin] engaged, holding body at 0.944m above the transform
[  3709   19.488 x1.00] LOG  [AirPosePin] released, peak correction was 0.000m
[  3710   19.495 x1.00] LOG  [AirPosePin] engaged, holding body at 1.040m above the transform
[  3711   19.498 x1.00] LOG  [AirPosePin] released, peak correction was 0.000m
[  3712   19.505 x1.00] LOG  [AirPosePin] engaged, holding body at 1.132m above the transform
[  3713   19.508 x1.00] LOG  [AirPosePin] released, peak correction was 0.000m
[  3714   19.515 x1.00] LOG  [AirPosePin] engaged, holding body at 1.223m above the transform
[  3715   19.518 x1.00] LOG  [AirPosePin] released, peak correction was 0.000m
[  3716   19.525 x1.00] LOG  [AirPosePin] engaged, holding body at 1.309m above the transform
[  3717   19.528 x1.00] LOG  [AirPosePin] released, peak correction was 0.000m
[  3718   19.535 x1.00] LOG  [AirPosePin] engaged, holding body at 1.387m above the transform
[  3719   19.544 x1.00] LOG  [AirPosePin] released, peak correction was 0.000m
[  3720   19.549 x1.00] LOG  [AirPosePin] engaged, holding body at 1.470m above the transform
[  3721   19.551 x1.00] LOG  [AirPosePin] released, peak correction was 0.000m
[  3722   19.555 x1.00] LOG  [AirPosePin] engaged, holding body at 1.502m above the transform
[  3723   19.558 x1.00] LOG  [AirPosePin] released, peak correction was 0.000m
[  3724   19.561 x1.00] LOG  [AirPosePin] engaged, holding body at 1.532m above the transform
[  3725   19.564 x1.00] LOG  [AirPosePin] released, peak correction was 0.000m
[  3726   19.567 x1.00] LOG  [AirPosePin] engaged, holding body at 1.562m above the transform
[  3727   19.570 x1.00] LOG  [AirPosePin] released, peak correction was 0.000m
[  3728   19.573 x1.00] LOG  [AirPosePin] engaged, holding body at 1.591m above the transform
[  3729   19.576 x1.00] LOG  [AirPosePin] released, peak correction was 0.000m
[  3730   19.579 x1.00] LOG  [AirPosePin] engaged, holding body at 1.619m above the transform
[  3731   19.583 x1.00] LOG  [AirPosePin] released, peak correction was 0.000m
[  3732   19.587 x1.00] LOG  [AirPosePin] engaged, holding body at 1.650m above the transform
[  3733   19.590 x1.00] LOG  [AirPosePin] released, peak correction was 0.000m
[  3734   19.594 x1.00] LOG  [AirPosePin] engaged, holding body at 1.681m above the transform
[  3735   19.598 x1.00] LOG  [AirPosePin] released, peak correction was 0.000m
[  3736   19.602 x1.00] LOG  [AirPosePin] engaged, holding body at 1.713m above the transform
[  3737   19.607 x1.00] LOG  [AirPosePin] released, peak correction was 0.000m
[  3738   19.611 x1.00] LOG  [AirPosePin] engaged, holding body at 1.746m above the transform
[  3739   19.615 x1.00] LOG  [AirPosePin] released, peak correction was 0.000m
[  3740   19.620 x1.00] LOG  [AirPosePin] engaged, holding body at 1.782m above the transform
[  3741   19.633 x1.00] LOG  [AirPosePin] released, peak correction was 0.000m
[  3742   19.640 x1.00] LOG  [AirPosePin] engaged, holding body at 1.859m above the transform
[  3743   19.646 x1.00] LOG  [AirPosePin] released, peak correction was 0.000m
[  3744   19.649 x1.00] LOG  [AirPosePin] engaged, holding body at 1.896m above the transform
[  3745   19.655 x1.00] LOG  [AirPosePin] released, peak correction was 0.000m
[  3746   19.658 x1.00] LOG  [AirPosePin] engaged, holding body at 1.934m above the transform
[  3747   19.665 x1.00] LOG  [AirPosePin] released, peak correction was 0.000m
[  3748   19.668 x1.00] LOG  [AirPosePin] engaged, holding body at 1.974m above the transform
[  3749   19.675 x1.00] LOG  [AirPosePin] released, peak correction was 0.000m
[  3750   19.678 x1.00] LOG  [AirPosePin] engaged, holding body at 2.013m above the transform
[  3751   19.686 x1.00] LOG  [AirPosePin] released, peak correction was 0.000m
[  3752   19.694 x1.00] LOG  [AirPosePin] engaged, holding body at 2.072m above the transform
[  3753   19.704 x1.00] LOG  [AirPosePin] released, peak correction was 0.000m
[  3754   19.717 x1.00] LOG  [AirPosePin] engaged, holding body at 2.162m above the transform
[  3755   19.720 x1.00] LOG  [AirPosePin] released, peak correction was 0.000m
[  3756   19.725 x1.00] LOG  [AirPosePin] engaged, holding body at 2.191m above the transform
[  3757   19.728 x1.00] LOG  [AirPosePin] released, peak correction was 0.000m
[  3758   19.735 x1.00] LOG  [AirPosePin] engaged, holding body at 2.222m above the transform
[  3759   19.738 x1.00] LOG  [AirPosePin] released, peak correction was 0.000m
[  3760   19.745 x1.00] LOG  [AirPosePin] engaged, holding body at 2.245m above the transform
[  3761   19.748 x1.00] LOG  [AirPosePin] released, peak correction was 0.000m
[  3762   19.755 x1.00] LOG  [AirPosePin] engaged, holding body at 2.262m above the transform
[  3763   19.758 x1.00] LOG  [AirPosePin] released, peak correction was 0.000m
[  3764   19.765 x1.00] LOG  [AirPosePin] engaged, holding body at 2.260m above the transform
[  3765   19.768 x1.00] LOG  [AirPosePin] released, peak correction was 0.000m
[  3766   19.775 x1.00] LOG  [AirPosePin] engaged, holding body at 2.226m above the transform
[  3767   19.778 x1.00] LOG  [AirPosePin] released, peak correction was 0.000m
[  3768   19.785 x1.00] LOG  [AirPosePin] engaged, holding body at 2.158m above the transform
[  3769   19.788 x1.00] LOG  [AirPosePin] released, peak correction was 0.000m
[  3770   19.795 x1.00] LOG  [AirPosePin] engaged, holding body at 2.088m above the transform
[  3771   19.798 x1.00] LOG  [AirPosePin] released, peak correction was 0.000m
[  3773   19.809 x1.00] LOG  [AirPosePin] engaged, holding body at 2.045m above the transform
[  3774   19.815 x1.00] LOG  [AirPosePin] released, peak correction was 0.000m
[  3775   19.818 x1.00] LOG  [AirPosePin] engaged, holding body at 2.049m above the transform
[  3776   19.825 x1.00] LOG  [AirPosePin] released, peak correction was 0.000m
[  3777   19.834 x1.00] LOG  [AirPosePin] engaged, holding body at 2.056m above the transform
[  3778   19.837 x1.00] LOG  [AirPosePin] released, peak correction was 0.000m
[  3779   19.842 x1.00] LOG  [AirPosePin] engaged, holding body at 2.043m above the transform
[  3780   19.847 x1.00] LOG  [AirPosePin] released, peak correction was 0.000m
[  3781   19.852 x1.00] LOG  [AirPosePin] engaged, holding body at 2.021m above the transform
[  3782   19.855 x1.00] LOG  [Combat] Dodge early exit at 85% (movement input)
[  3782   19.855 x1.00] LOG  [Combat] Dodge ended
[  3782   19.855 x1.00] LOG  [AirPosePin] released, peak correction was 0.000m
[  3904   20.420 x1.00] LOG  🐾 4-LEG JUMP #0
[  3904   20.420 x1.00] LOG  🐾 Jump 1 VFX spawned!
[  3993   20.825 x1.00] LOG  [Combat] Dodge: Dodge_4Leg (4m, 4leg)
[  3993   20.825 x1.00] LOG  [AirPosePin] engaged, holding body at 1.594m above the transform
[  4037   21.045 x1.00] LOG  [AirPosePin] released, peak correction was 1.112m
[  4038   21.048 x1.00] LOG  [AirPosePin] engaged, holding body at 0.484m above the transform
[  4039   21.055 x1.00] LOG  [AirPosePin] released, peak correction was 0.000m
[  4040   21.064 x1.00] LOG  [AirPosePin] engaged, holding body at 0.505m above the transform
[  4041   21.074 x1.00] LOG  [AirPosePin] released, peak correction was 0.000m
[  4042   21.084 x1.00] LOG  [AirPosePin] engaged, holding body at 0.558m above the transform
[  4043   21.087 x1.00] LOG  [AirPosePin] released, peak correction was 0.000m
[  4044   21.095 x1.00] LOG  [AirPosePin] engaged, holding body at 0.606m above the transform
[  4045   21.098 x1.00] LOG  [AirPosePin] released, peak correction was 0.000m
[  4046   21.106 x1.00] LOG  [AirPosePin] engaged, holding body at 0.663m above the transform
[  4047   21.109 x1.00] LOG  [AirPosePin] released, peak correction was 0.000m
[  4048   21.115 x1.00] LOG  [AirPosePin] engaged, holding body at 0.727m above the transform
[  4049   21.118 x1.00] LOG  [AirPosePin] released, peak correction was 0.000m
[  4050   21.126 x1.00] LOG  [AirPosePin] engaged, holding body at 0.803m above the transform
[  4051   21.129 x1.00] LOG  [AirPosePin] released, peak correction was 0.000m
[  4052   21.135 x1.00] LOG  [AirPosePin] engaged, holding body at 0.888m above the transform
[  4053   21.138 x1.00] LOG  [AirPosePin] released, peak correction was 0.000m
[  4054   21.145 x1.00] LOG  [AirPosePin] engaged, holding body at 0.983m above the transform
[  4055   21.148 x1.00] LOG  [AirPosePin] released, peak correction was 0.000m
[  4056   21.155 x1.00] LOG  [AirPosePin] engaged, holding body at 1.080m above the transform
[  4057   21.158 x1.00] LOG  [AirPosePin] released, peak correction was 0.000m
[  4058   21.165 x1.00] LOG  [AirPosePin] engaged, holding body at 1.170m above the transform
[  4059   21.168 x1.00] LOG  [AirPosePin] released, peak correction was 0.000m
[  4061   21.178 x1.00] LOG  [AirPosePin] engaged, holding body at 1.285m above the transform
[  4062   21.185 x1.00] LOG  [AirPosePin] released, peak correction was 0.000m
[  4063   21.189 x1.00] LOG  [AirPosePin] engaged, holding body at 1.366m above the transform
[  4064   21.195 x1.00] LOG  [AirPosePin] released, peak correction was 0.000m
[  4065   21.199 x1.00] LOG  [AirPosePin] engaged, holding body at 1.435m above the transform
[  4066   21.206 x1.00] LOG  [AirPosePin] released, peak correction was 0.000m
[  4067   21.214 x1.00] LOG  [AirPosePin] engaged, holding body at 1.520m above the transform
[  4068   21.224 x1.00] LOG  [AirPosePin] released, peak correction was 0.000m
[  4069   21.235 x1.00] LOG  [AirPosePin] engaged, holding body at 1.615m above the transform
[  4070   21.244 x1.00] LOG  [AirPosePin] released, peak correction was 0.000m
[  4071   21.255 x1.00] LOG  [AirPosePin] engaged, holding body at 1.700m above the transform
[  4072   21.265 x1.00] LOG  [AirPosePin] released, peak correction was 0.000m
[  4073   21.274 x1.00] LOG  [AirPosePin] engaged, holding body at 1.774m above the transform
[  4074   21.284 x1.00] LOG  [AirPosePin] released, peak correction was 0.000m
[  4075   21.295 x1.00] LOG  [AirPosePin] engaged, holding body at 1.852m above the transform
[  4076   21.304 x1.00] LOG  [AirPosePin] released, peak correction was 0.000m
[  4077   21.315 x1.00] LOG  [AirPosePin] engaged, holding body at 1.938m above the transform
[  4078   21.324 x1.00] LOG  [AirPosePin] released, peak correction was 0.000m
[  4079   21.334 x1.00] LOG  [AirPosePin] engaged, holding body at 2.013m above the transform
[  4080   21.344 x1.00] LOG  [AirPosePin] released, peak correction was 0.000m
[  4081   21.354 x1.00] LOG  [AirPosePin] engaged, holding body at 2.086m above the transform
[  4082   21.365 x1.00] LOG  [AirPosePin] released, peak correction was 0.000m
[  4083   21.374 x1.00] LOG  [AirPosePin] engaged, holding body at 2.165m above the transform
[  4084   21.384 x1.00] LOG  [AirPosePin] released, peak correction was 0.000m
[  4085   21.395 x1.00] LOG  [AirPosePin] engaged, holding body at 2.230m above the transform
[  4086   21.400 x1.00] LOG  [AirPosePin] released, peak correction was 0.000m
[  4087   21.406 x1.00] LOG  [AirPosePin] engaged, holding body at 2.253m above the transform
[  4088   21.409 x1.00] LOG  [AirPosePin] released, peak correction was 0.000m
[  4089   21.413 x1.00] LOG  [AirPosePin] engaged, holding body at 2.262m above the transform
[  4090   21.416 x1.00] LOG  [AirPosePin] released, peak correction was 0.000m
[  4091   21.419 x1.00] LOG  [AirPosePin] engaged, holding body at 2.263m above the transform
[  4092   21.422 x1.00] LOG  [AirPosePin] released, peak correction was 0.000m
[  4093   21.426 x1.00] LOG  [AirPosePin] engaged, holding body at 2.252m above the transform
[  4094   21.429 x1.00] LOG  [AirPosePin] released, peak correction was 0.000m
[  4095   21.432 x1.00] LOG  [AirPosePin] engaged, holding body at 2.225m above the transform
[  4096   21.436 x1.00] LOG  [AirPosePin] released, peak correction was 0.000m
[  4097   21.440 x1.00] LOG  [AirPosePin] engaged, holding body at 2.166m above the transform
[  4098   21.446 x1.00] LOG  [AirPosePin] released, peak correction was 0.000m
[  4099   21.459 x1.00] LOG  [AirPosePin] engaged, holding body at 2.055m above the transform
[  4100   21.465 x1.00] LOG  [AirPosePin] released, peak correction was 0.000m
[  4101   21.471 x1.00] LOG  [AirPosePin] engaged, holding body at 2.046m above the transform
[  4102   21.474 x1.00] LOG  [AirPosePin] released, peak correction was 0.000m
[  4103   21.477 x1.00] LOG  [AirPosePin] engaged, holding body at 2.052m above the transform
[  4104   21.480 x1.00] LOG  [AirPosePin] released, peak correction was 0.000m
[  4105   21.484 x1.00] LOG  [AirPosePin] engaged, holding body at 2.057m above the transform
[  4106   21.487 x1.00] LOG  [AirPosePin] released, peak correction was 0.000m
[  4107   21.492 x1.00] LOG  [AirPosePin] engaged, holding body at 2.054m above the transform
[  4108   21.497 x1.00] LOG  [AirPosePin] released, peak correction was 0.000m
[  4109   21.502 x1.00] LOG  [AirPosePin] engaged, holding body at 2.037m above the transform
[  4110   21.507 x1.00] LOG  [AirPosePin] released, peak correction was 0.000m
[  4111   21.512 x1.00] LOG  [Combat] Dodge early exit at 85% (movement input)
[  4111   21.512 x1.00] LOG  [Combat] Dodge ended
[  4113   21.526 x1.00] LOG  ✅ LANDED! (was jump #0)
[  4200   21.920 x1.00] LOG  
==================== [FREEZE-DEBUG v3] ====================
  Reason : WASD-NOMOVE: WASD recent + speed 0.00m/s for 0.40s
  Time   : 19.878s   Frame: 4200   Snaps: 60
===========================================================

--- CURRENT STATE ---
  Flags: atk=False hvy=False dod=False dsh=False
         grd=False hit=False aerial=False lockPos=False
         comboStep=0
  Anim : speed=1.00  combatLayer hash=-792875657 normT=0.404 weight=1.00 inTransition=False
  CC   : grounded=True  enabled=True  pos=(473.83, -0.02, 454.37)  vel=(0.00, 0.00, 0.00)
  Move : IsRunning=True
  Input: H=0.00 V=0.00  LMB=False MMB=False Q=False Sp=False Sh=True C=False
         WASD pressed in last 0.5s: True (last 0.06s ago)

--- FLIGHT RECORDER (60 snapshots, oldest first, dt=0.10s) ---
  Legend: flags = A(tk) H(vy) D(od) S(sh) G(rd) R(eact) Y(aerial) L(ock)   gnd/cc: Y/n
  t-now    flags     step gnd cc anSp normT layW tr | posX     posZ     spd   | H    V    LMB MMB Q  Sp Sh C
  ------   --------  ---- --- -- ---- ----- ---- -- | -----    -----    ----  | ---- ---- --- --- -- -- -- -
  - 6.11s  --------    0  n   Y  1.00  4.11 1.00 -  |   473.9    430.4  0.00 |  1.0  0.0 0   0   0  0  1  0
  - 6.01s  --------    0  n   Y  1.00  4.21 1.00 -  |   473.9    430.0  0.00 |  1.0  0.0 0   0   0  0  1  0
  - 5.91s  --------    0  n   Y  1.00  4.31 1.00 -  |   473.9    429.5  0.00 |  1.0  0.0 0   0   0  0  1  0
  - 5.81s  --------    0  n   Y  1.00  4.41 1.00 -  |   473.9    429.1  0.00 |  0.0  0.0 0   0   0  1  1  0
  - 5.70s  --------    0  n   Y  1.00  4.52 1.00 -  |   473.9    428.6  0.00 |  0.0  0.0 0   0   0  1  1  0
  - 5.60s  --------    0  Y   Y  1.00  4.62 1.00 -  |   473.8    428.1  0.00 |  0.0  0.0 0   0   0  0  1  0
  - 5.50s  --------    0  Y   Y  1.00  4.72 1.00 -  |   473.8    428.0  0.00 |  0.0  0.0 0   0   0  0  1  0
  - 5.39s  --------    0  Y   Y  1.00  4.82 1.00 -  |   473.8    428.0  0.00 |  0.0  0.0 0   0   0  0  1  0
  - 5.29s  --------    0  Y   Y  1.00  4.93 1.00 -  |   473.8    428.0  0.00 | -1.0  0.0 0   0   0  0  1  0
  - 5.19s  --------    0  Y   Y  1.00  5.03 1.00 -  |   473.9    428.5  0.00 | -1.0  0.0 0   0   0  0  1  0
  - 5.09s  --------    0  Y   Y  1.00  5.14 1.00 -  |   473.9    429.2  0.00 | -1.0  0.0 0   0   0  0  1  0
  - 4.98s  --------    0  Y   Y  1.00  5.24 1.00 -  |   473.9    429.9  0.00 | -1.0  0.0 0   0   0  0  1  0
  - 4.88s  --------    0  Y   Y  1.00  5.34 1.00 -  |   474.0    430.6  0.00 | -1.0  0.0 0   0   0  0  1  0
  - 4.78s  --------    0  Y   Y  1.00  5.44 1.00 -  |   474.0    431.3  0.00 | -1.0  0.0 0   0   0  0  1  0
  - 4.68s  --------    0  Y   Y  1.00  5.54 1.00 -  |   474.0    432.0  0.00 | -1.0  0.0 0   0   0  0  1  0
  - 4.58s  --------    0  Y   Y  1.00  5.64 1.00 -  |   474.0    432.7  0.00 | -1.0  0.0 0   0   0  0  1  0
  - 4.48s  --------    0  n   Y  1.00  5.74 1.00 -  |   474.1    433.2  0.00 | -1.0  0.0 0   0   0  1  1  0
  - 4.37s  --------    0  n   Y  1.00  5.85 1.00 -  |   474.1    433.7  0.00 | -1.0  0.0 0   0   0  0  1  0
  - 4.27s  --------    0  n   Y  1.00  5.95 1.00 -  |   474.1    434.1  0.00 | -1.0  0.0 0   0   0  1  1  0
  - 4.17s  --------    0  n   Y  1.00  6.05 1.00 -  |   474.1    434.6  0.00 | -1.0  0.0 0   0   0  1  1  0
  - 4.06s  --------    0  n   Y  1.00  6.16 1.00 -  |   474.1    435.0  0.00 | -1.0  0.0 0   0   0  0  1  0
  - 3.96s  --------    0  n   Y  1.00  6.26 1.00 -  |   474.2    435.5  0.00 | -1.0  0.0 0   0   0  1  1  0
  - 3.86s  --------    0  n   Y  1.00  6.36 1.00 -  |   474.2    436.0  0.00 | -1.0  0.0 0   0   0  0  1  0
  - 3.76s  --------    0  n   Y  1.00  6.46 1.00 -  |   474.2    436.5  0.00 | -1.0  0.0 0   0   0  0  1  0
  - 3.66s  --------    0  n   Y  1.00  6.56 1.00 -  |   474.2    436.9  0.00 | -1.0  0.0 0   0   0  0  1  1
  - 3.55s  --------    0  n   Y  1.00  6.66 1.00 -  |   474.2    437.4  0.00 | -1.0  0.0 0   0   0  0  1  1
  - 3.45s  --------    0  n   Y  1.00  6.77 1.00 -  |   474.3    437.8  0.00 | -1.0  0.0 0   0   0  0  1  0
  - 3.35s  --------    0  n   Y  1.00  6.87 1.00 -  |   474.3    438.3  0.00 | -1.0  0.0 0   0   0  0  1  0
  - 3.25s  --------    0  n   Y  1.00  6.97 1.00 -  |   474.3    438.7  0.00 | -1.0  0.0 0   0   0  0  1  0
  - 3.14s  --------    0  n   Y  1.00  7.08 1.00 -  |   474.3    439.2  0.00 | -1.0  0.0 0   0   0  0  1  0
  - 3.04s  --------    0  n   Y  1.00  7.18 1.00 -  |   474.3    439.7  0.00 | -1.0  0.0 0   0   0  0  1  0
  - 2.94s  --------    0  Y   Y  1.00  7.28 1.00 -  |   474.4    440.2  0.00 | -1.0  0.0 0   0   0  0  1  0
  - 2.83s  --------    0  Y   Y  1.00  7.38 1.00 -  |   474.4    440.9  0.00 | -1.0  0.0 0   0   0  0  1  0
  - 2.73s  --D-----    0  Y   Y  1.00  7.49 1.00 T  |   474.4    441.5  0.00 | -1.0  0.0 0   0   0  0  1  1
  - 2.63s  --D-----    0  n   Y  1.00  7.59 1.00 T  |   474.4    441.7  1.74 | -1.0  0.0 0   0   0  0  1  1
  - 2.53s  --D-----    0  Y   Y  1.00  0.27 1.00 -  |   474.3    442.2  2.41 | -1.0  0.0 0   0   0  0  1  0
  - 2.43s  --D-----    0  Y   Y  1.00  0.40 1.00 -  |   474.2    442.9  16.65 | -1.0  0.0 0   0   0  0  1  0
  - 2.32s  --D-----    0  n   Y  1.00  0.53 1.00 -  |   474.1    443.6  6.90 | -1.0  0.0 0   0   0  0  1  0
  - 2.22s  --D-----    0  n   Y  1.00  0.66 1.00 -  |   474.0    444.3  5.86 | -1.0  0.0 0   0   0  0  1  0
  - 2.12s  --D-----    0  Y   Y  1.00  0.79 1.00 -  |   473.9    445.0  11.49 | -1.0  0.0 0   0   0  0  1  0
  - 2.01s  --------    0  Y   Y  1.00  0.92 1.00 T  |   473.9    445.6  0.00 | -1.0  0.0 0   0   0  0  1  0
  - 1.91s  --------    0  Y   Y  1.00  1.05 1.00 T  |   473.9    446.3  0.00 | -1.0  0.0 0   0   0  0  1  0
  - 1.81s  --------    0  Y   Y  1.00  0.26 1.00 -  |   473.9    447.0  0.00 | -1.0  0.0 0   0   0  0  1  0
  - 1.70s  --------    0  Y   Y  1.00  0.36 1.00 -  |   474.0    447.7  0.00 | -1.0  0.0 0   0   0  0  1  0
  - 1.60s  --------    0  Y   Y  1.00  0.46 1.00 -  |   474.0    448.4  0.00 | -1.0  0.0 0   0   0  0  1  0
  - 1.50s  --------    0  Y   Y  1.00  0.56 1.00 -  |   474.0    449.1  0.00 | -1.0  0.0 0   0   0  1  1  0
  - 1.40s  --------    0  n   Y  1.00  0.66 1.00 -  |   474.1    449.6  0.00 | -1.0  0.0 0   0   0  1  1  0
  - 1.30s  --------    0  n   Y  1.00  0.76 1.00 -  |   474.1    450.0  0.00 | -1.0  0.0 0   0   0  0  1  0
  - 1.20s  --------    0  n   Y  1.00  0.86 1.00 -  |   474.1    450.5  0.00 | -1.0  0.0 0   0   0  0  1  0
  - 1.10s  --D-----    0  n   Y  1.00  0.97 1.00 -  |   474.1    450.9  0.00 | -1.0  0.0 0   0   0  0  1  1
  - 0.99s  --D-----    0  n   Y  1.00  1.07 1.00 T  |   474.1    451.1  4.86 | -1.0  0.0 0   0   0  0  1  1
  - 0.89s  --D-----    0  n   Y  1.00  0.25 1.00 -  |   474.1    451.5  2.38 | -1.0  0.0 0   0   0  0  1  0
  - 0.79s  --D-----    0  n   Y  1.00  0.38 1.00 -  |   474.0    452.2  2.88 | -1.0  0.0 0   0   0  0  1  0
  - 0.69s  --D-----    0  Y   Y  1.00  0.50 1.00 -  |   473.9    452.9  6.73 | -1.0  0.0 0   0   0  0  1  0
  - 0.58s  --D-----    0  n   Y  1.00  0.64 1.00 -  |   473.8    453.7  6.43 | -1.0  0.0 0   0   0  0  1  0
  - 0.47s  --D-----    0  n   Y  1.00  0.77 1.00 -  |   473.7    454.4  4.67 | -1.0  0.0 0   0   0  0  1  0
  - 0.37s  --------    0  Y   Y  1.00  0.90 1.00 T  |   473.7    454.4  0.00 | -1.0  0.0 0   0   0  0  1  0
  - 0.27s  --------    0  Y   Y  1.00  1.02 1.00 T  |   473.7    454.4  0.00 | -1.0  0.0 0   0   0  0  1  0
  - 0.17s  --------    0  Y   Y  1.00  1.15 1.00 T  |   473.8    454.4  0.00 | -1.0  0.0 0   0   0  0  1  0
  - 0.07s  --------    0  Y   Y  1.00  0.34 1.00 -  |   473.8    454.4  0.00 | -1.0  0.0 0   0   0  0  1  0
=========================================================== END

[  4505   23.453 x1.00] LOG  🐾 4-LEG JUMP #0
[  4505   23.453 x1.00] LOG  🐾 Jump 1 VFX spawned!
[  4584   23.860 x1.00] LOG  [Combat] Dodge: Dodge_4Leg (4m, 4leg)
[  4584   23.860 x1.00] LOG  [AirPosePin] engaged, holding body at 1.616m above the transform
[  4631   24.089 x1.00] LOG  [AirPosePin] released, peak correction was 1.131m
[  4632   24.093 x1.00] LOG  [AirPosePin] engaged, holding body at 0.495m above the transform
[  4633   24.098 x1.00] LOG  [AirPosePin] released, peak correction was 0.000m
[  4634   24.106 x1.00] LOG  [AirPosePin] engaged, holding body at 0.521m above the transform
[  4635   24.116 x1.00] LOG  [AirPosePin] released, peak correction was 0.000m
[  4636   24.123 x1.00] LOG  [AirPosePin] engaged, holding body at 0.572m above the transform
[  4637   24.126 x1.00] LOG  [AirPosePin] released, peak correction was 0.000m
[  4638   24.129 x1.00] LOG  [AirPosePin] engaged, holding body at 0.601m above the transform
[  4639   24.132 x1.00] LOG  [AirPosePin] released, peak correction was 0.000m
[  4640   24.134 x1.00] LOG  [AirPosePin] engaged, holding body at 0.626m above the transform
[  4641   24.136 x1.00] LOG  [AirPosePin] released, peak correction was 0.000m
[  4642   24.140 x1.00] LOG  [AirPosePin] engaged, holding body at 0.665m above the transform
[  4643   24.145 x1.00] LOG  [AirPosePin] released, peak correction was 0.000m
[  4644   24.150 x1.00] LOG  [AirPosePin] engaged, holding body at 0.728m above the transform
[  4645   24.155 x1.00] LOG  [AirPosePin] released, peak correction was 0.000m
[  4646   24.159 x1.00] LOG  [AirPosePin] engaged, holding body at 0.797m above the transform
[  4647   24.165 x1.00] LOG  [AirPosePin] released, peak correction was 0.000m
[  4648   24.170 x1.00] LOG  [AirPosePin] engaged, holding body at 0.887m above the transform
[  4649   24.175 x1.00] LOG  [AirPosePin] released, peak correction was 0.000m
[  4650   24.180 x1.00] LOG  [AirPosePin] engaged, holding body at 0.983m above the transform
[  4651   24.185 x1.00] LOG  [AirPosePin] released, peak correction was 0.000m
[  4652   24.190 x1.00] LOG  [AirPosePin] engaged, holding body at 1.081m above the transform
[  4653   24.195 x1.00] LOG  [AirPosePin] released, peak correction was 0.000m
[  4654   24.199 x1.00] LOG  [AirPosePin] engaged, holding body at 1.165m above the transform
[  4655   24.205 x1.00] LOG  [AirPosePin] released, peak correction was 0.000m
[  4656   24.209 x1.00] LOG  [AirPosePin] engaged, holding body at 1.252m above the transform
[  4657   24.214 x1.00] LOG  [AirPosePin] released, peak correction was 0.000m
[  4658   24.219 x1.00] LOG  [AirPosePin] engaged, holding body at 1.334m above the transform
[  4659   24.223 x1.00] LOG  [AirPosePin] released, peak correction was 0.000m
[  4660   24.228 x1.00] LOG  [AirPosePin] engaged, holding body at 1.402m above the transform
[  4661   24.232 x1.00] LOG  [AirPosePin] released, peak correction was 0.000m
[  4662   24.236 x1.00] LOG  [AirPosePin] engaged, holding body at 1.451m above the transform
[  4663   24.240 x1.00] LOG  [AirPosePin] released, peak correction was 0.000m
[  4664   24.244 x1.00] LOG  [AirPosePin] engaged, holding body at 1.497m above the transform
[  4665   24.248 x1.00] LOG  [AirPosePin] released, peak correction was 0.000m
[  4666   24.256 x1.00] LOG  [AirPosePin] engaged, holding body at 1.553m above the transform
[  4667   24.264 x1.00] LOG  [AirPosePin] released, peak correction was 0.000m
[  4668   24.270 x1.00] LOG  [AirPosePin] engaged, holding body at 1.620m above the transform
[  4669   24.273 x1.00] LOG  [AirPosePin] released, peak correction was 0.000m
[  4670   24.276 x1.00] LOG  [AirPosePin] engaged, holding body at 1.645m above the transform
[  4671   24.279 x1.00] LOG  [AirPosePin] released, peak correction was 0.000m
[  4672   24.286 x1.00] LOG  [AirPosePin] engaged, holding body at 1.686m above the transform
[  4673   24.293 x1.00] LOG  [AirPosePin] released, peak correction was 0.000m
[  4674   24.296 x1.00] LOG  [AirPosePin] engaged, holding body at 1.726m above the transform
[  4675   24.299 x1.00] LOG  [AirPosePin] released, peak correction was 0.000m
[  4676   24.302 x1.00] LOG  [AirPosePin] engaged, holding body at 1.748m above the transform
[  4677   24.305 x1.00] LOG  [AirPosePin] released, peak correction was 0.000m
[  4678   24.307 x1.00] LOG  [AirPosePin] engaged, holding body at 1.766m above the transform
[  4679   24.309 x1.00] LOG  [AirPosePin] released, peak correction was 0.000m
[  4680   24.314 x1.00] LOG  [AirPosePin] engaged, holding body at 1.792m above the transform
[  4681   24.318 x1.00] LOG  [AirPosePin] released, peak correction was 0.000m
[  4682   24.323 x1.00] LOG  [AirPosePin] engaged, holding body at 1.829m above the transform
[  4683   24.328 x1.00] LOG  [AirPosePin] released, peak correction was 0.000m
[  4684   24.332 x1.00] LOG  [AirPosePin] engaged, holding body at 1.864m above the transform
[  4685   24.336 x1.00] LOG  [AirPosePin] released, peak correction was 0.000m
[  4686   24.341 x1.00] LOG  [AirPosePin] engaged, holding body at 1.902m above the transform
[  4687   24.346 x1.00] LOG  [AirPosePin] released, peak correction was 0.000m
[  4688   24.351 x1.00] LOG  [AirPosePin] engaged, holding body at 1.941m above the transform
[  4689   24.356 x1.00] LOG  [AirPosePin] released, peak correction was 0.000m
[  4690   24.360 x1.00] LOG  [AirPosePin] engaged, holding body at 1.980m above the transform
[  4691   24.365 x1.00] LOG  [OniBoss:Layer] watch stance OFF, back to Idle (player 16.5m)
[  4691   24.365 x1.00] LOG  [AirPosePin] released, peak correction was 0.000m
[  4692   24.370 x1.00] LOG  [AirPosePin] engaged, holding body at 2.016m above the transform
[  4693   24.375 x1.00] LOG  [AirPosePin] released, peak correction was 0.000m
[  4694   24.379 x1.00] LOG  [AirPosePin] engaged, holding body at 2.051m above the transform
[  4695   24.384 x1.00] LOG  [AirPosePin] released, peak correction was 0.000m
[  4696   24.388 x1.00] LOG  [AirPosePin] engaged, holding body at 2.083m above the transform
[  4697   24.393 x1.00] LOG  [AirPosePin] released, peak correction was 0.000m
[  4698   24.397 x1.00] LOG  [AirPosePin] engaged, holding body at 2.117m above the transform
[  4699   24.402 x1.00] LOG  [AirPosePin] released, peak correction was 0.000m
[  4700   24.411 x1.00] LOG  [AirPosePin] engaged, holding body at 2.172m above the transform
[  4701   24.420 x1.00] LOG  [AirPosePin] released, peak correction was 0.000m
[  4702   24.428 x1.00] LOG  [AirPosePin] engaged, holding body at 2.225m above the transform
[  4703   24.431 x1.00] LOG  [AirPosePin] released, peak correction was 0.000m
[  4704   24.433 x1.00] LOG  [AirPosePin] engaged, holding body at 2.239m above the transform
[  4705   24.436 x1.00] LOG  [AirPosePin] released, peak correction was 0.000m
[  4706   24.438 x1.00] LOG  [AirPosePin] engaged, holding body at 2.250m above the transform
[  4707   24.442 x1.00] LOG  [AirPosePin] released, peak correction was 0.000m
[  4708   24.447 x1.00] LOG  [AirPosePin] engaged, holding body at 2.262m above the transform
[  4709   24.452 x1.00] LOG  [AirPosePin] released, peak correction was 0.000m
[  4710   24.457 x1.00] LOG  [AirPosePin] engaged, holding body at 2.259m above the transform
[  4711   24.462 x1.00] LOG  [AirPosePin] released, peak correction was 0.000m
[  4712   24.467 x1.00] LOG  [AirPosePin] engaged, holding body at 2.221m above the transform
[  4713   24.472 x1.00] LOG  [AirPosePin] released, peak correction was 0.000m
[  4714   24.477 x1.00] LOG  [AirPosePin] engaged, holding body at 2.152m above the transform
[  4715   24.483 x1.00] LOG  [AirPosePin] released, peak correction was 0.000m
[  4716   24.496 x1.00] LOG  [AirPosePin] engaged, holding body at 2.050m above the transform
[  4717   24.502 x1.00] LOG  [AirPosePin] released, peak correction was 0.000m
[  4718   24.506 x1.00] LOG  [AirPosePin] engaged, holding body at 2.046m above the transform
[  4719   24.509 x1.00] LOG  [AirPosePin] released, peak correction was 0.000m
[  4721   24.514 x1.00] LOG  [AirPosePin] engaged, holding body at 2.054m above the transform
[  4722   24.517 x1.00] LOG  [AirPosePin] released, peak correction was 0.000m
[  4723   24.520 x1.00] LOG  [AirPosePin] engaged, holding body at 2.058m above the transform
[  4724   24.525 x1.00] LOG  [AirPosePin] released, peak correction was 0.000m
[  4725   24.529 x1.00] LOG  [AirPosePin] engaged, holding body at 2.050m above the transform
[  4726   24.534 x1.00] LOG  [AirPosePin] released, peak correction was 0.000m
[  4727   24.539 x1.00] LOG  [AirPosePin] engaged, holding body at 2.031m above the transform
[  4728   24.543 x1.00] LOG  [AirPosePin] released, peak correction was 0.000m
[  4729   24.548 x1.00] LOG  [Combat] Dodge early exit at 85% (movement input)
[  4729   24.548 x1.00] LOG  [Combat] Dodge ended
[  4732   24.567 x1.00] LOG  ✅ LANDED! (was jump #0)
[  4802   24.880 x1.00] LOG  🐾 4-LEG JUMP #0
[  4802   24.880 x1.00] LOG  🐾 Jump 1 VFX spawned!
[  4881   25.267 x1.00] LOG  [Combat] Dodge: Dodge_4Leg (4m, 4leg)
[  4881   25.267 x1.00] LOG  [AirPosePin] engaged, holding body at 1.453m above the transform
[  4924   25.478 x1.00] LOG  [AirPosePin] released, peak correction was 0.974m
[  4925   25.485 x1.00] LOG  [AirPosePin] engaged, holding body at 0.482m above the transform
[  4926   25.488 x1.00] LOG  [AirPosePin] released, peak correction was 0.000m
[  4927   25.496 x1.00] LOG  [AirPosePin] engaged, holding body at 0.489m above the transform
[  4928   25.498 x1.00] LOG  [AirPosePin] released, peak correction was 0.000m
[  4929   25.508 x1.00] LOG  [AirPosePin] engaged, holding body at 0.508m above the transform
[  4930   25.511 x1.00] LOG  [AirPosePin] released, peak correction was 0.000m
[  4931   25.516 x1.00] LOG  [AirPosePin] engaged, holding body at 0.527m above the transform
[  4932   25.518 x1.00] LOG  [AirPosePin] released, peak correction was 0.000m
[  4933   25.526 x1.00] LOG  [AirPosePin] engaged, holding body at 0.557m above the transform
[  4934   25.528 x1.00] LOG  [AirPosePin] released, peak correction was 0.000m
[  4935   25.536 x1.00] LOG  [AirPosePin] engaged, holding body at 0.599m above the transform
[  4936   25.538 x1.00] LOG  [AirPosePin] released, peak correction was 0.000m
[  4937   25.546 x1.00] LOG  [AirPosePin] engaged, holding body at 0.653m above the transform
[  4938   25.548 x1.00] LOG  [AirPosePin] released, peak correction was 0.000m
[  4939   25.556 x1.00] LOG  [AirPosePin] engaged, holding body at 0.719m above the transform
[  4940   25.558 x1.00] LOG  [AirPosePin] released, peak correction was 0.000m
[  4941   25.566 x1.00] LOG  [AirPosePin] engaged, holding body at 0.793m above the transform
[  4942   25.568 x1.00] LOG  [AirPosePin] released, peak correction was 0.000m
[  4943   25.576 x1.00] LOG  [AirPosePin] engaged, holding body at 0.875m above the transform
[  4944   25.578 x1.00] LOG  [AirPosePin] released, peak correction was 0.000m
[  4945   25.586 x1.00] LOG  [AirPosePin] engaged, holding body at 0.970m above the transform
[  4946   25.588 x1.00] LOG  [AirPosePin] released, peak correction was 0.000m
[  4947   25.596 x1.00] LOG  [AirPosePin] engaged, holding body at 1.067m above the transform
[  4948   25.598 x1.00] LOG  [AirPosePin] released, peak correction was 0.000m
[  4949   25.600 x1.00] LOG  [AirPosePin] engaged, holding body at 1.105m above the transform
[  4950   25.606 x1.00] LOG  [AirPosePin] released, peak correction was 0.000m
[  4951   25.608 x1.00] LOG  [AirPosePin] engaged, holding body at 1.178m above the transform
[  4952   25.610 x1.00] LOG  [AirPosePin] released, peak correction was 0.000m
[  4953   25.616 x1.00] LOG  [AirPosePin] engaged, holding body at 1.248m above the transform
[  4954   25.618 x1.00] LOG  [AirPosePin] released, peak correction was 0.000m
[  4955   25.626 x1.00] LOG  [AirPosePin] engaged, holding body at 1.332m above the transform
[  4956   25.635 x1.00] LOG  [AirPosePin] released, peak correction was 0.000m
[  4957   25.639 x1.00] LOG  [AirPosePin] engaged, holding body at 1.425m above the transform
[  4958   25.642 x1.00] LOG  [AirPosePin] released, peak correction was 0.000m
[  4959   25.646 x1.00] LOG  [AirPosePin] engaged, holding body at 1.464m above the transform
[  4960   25.648 x1.00] LOG  [AirPosePin] released, peak correction was 0.000m
[  4961   25.650 x1.00] LOG  [AirPosePin] engaged, holding body at 1.488m above the transform
[  4962   25.656 x1.00] LOG  [AirPosePin] released, peak correction was 0.000m
[  4963   25.658 x1.00] LOG  [AirPosePin] engaged, holding body at 1.529m above the transform
[  4964   25.666 x1.00] LOG  [AirPosePin] released, peak correction was 0.000m
[  4965   25.669 x1.00] LOG  [AirPosePin] engaged, holding body at 1.581m above the transform
[  4966   25.677 x1.00] LOG  [AirPosePin] released, peak correction was 0.000m
[  4967   25.679 x1.00] LOG  [AirPosePin] engaged, holding body at 1.627m above the transform
[  4968   25.686 x1.00] LOG  [AirPosePin] released, peak correction was 0.000m
[  4969   25.688 x1.00] LOG  [AirPosePin] engaged, holding body at 1.663m above the transform
[  4970   25.696 x1.00] LOG  [AirPosePin] released, peak correction was 0.000m
[  4972   25.700 x1.00] LOG  [AirPosePin] engaged, holding body at 1.712m above the transform
[  4973   25.707 x1.00] LOG  [AirPosePin] released, peak correction was 0.000m
[  4974   25.710 x1.00] LOG  [AirPosePin] engaged, holding body at 1.749m above the transform
[  4975   25.716 x1.00] LOG  [AirPosePin] released, peak correction was 0.000m
[  4976   25.718 x1.00] LOG  [AirPosePin] engaged, holding body at 1.780m above the transform
[  4977   25.720 x1.00] LOG  [AirPosePin] released, peak correction was 0.000m
[  4978   25.726 x1.00] LOG  [AirPosePin] engaged, holding body at 1.810m above the transform
[  4979   25.728 x1.00] LOG  [AirPosePin] released, peak correction was 0.000m
[  4980   25.730 x1.00] LOG  [AirPosePin] engaged, holding body at 1.825m above the transform
[  4981   25.736 x1.00] LOG  [AirPosePin] released, peak correction was 0.000m
[  4982   25.738 x1.00] LOG  [AirPosePin] engaged, holding body at 1.857m above the transform
[  4983   25.746 x1.00] LOG  [AirPosePin] released, peak correction was 0.000m
[  4984   25.748 x1.00] LOG  [AirPosePin] engaged, holding body at 1.899m above the transform
[  4985   25.750 x1.00] LOG  [AirPosePin] released, peak correction was 0.000m
[  4986   25.756 x1.00] LOG  [AirPosePin] engaged, holding body at 1.932m above the transform
[  4987   25.758 x1.00] LOG  [AirPosePin] released, peak correction was 0.000m
[  4988   25.766 x1.00] LOG  [AirPosePin] engaged, holding body at 1.973m above the transform
[  4989   25.768 x1.00] LOG  [AirPosePin] released, peak correction was 0.000m
[  4990   25.776 x1.00] LOG  [AirPosePin] engaged, holding body at 2.011m above the transform
[  4991   25.778 x1.00] LOG  [AirPosePin] released, peak correction was 0.000m
[  4992   25.787 x1.00] LOG  [AirPosePin] engaged, holding body at 2.052m above the transform
[  4993   25.795 x1.00] LOG  [AirPosePin] released, peak correction was 0.000m
[  4994   25.799 x1.00] LOG  [AirPosePin] engaged, holding body at 2.096m above the transform
[  4995   25.802 x1.00] LOG  [AirPosePin] released, peak correction was 0.000m
[  4996   25.806 x1.00] LOG  [AirPosePin] engaged, holding body at 2.122m above the transform
[  4997   25.808 x1.00] LOG  [AirPosePin] released, peak correction was 0.000m
[  4998   25.816 x1.00] LOG  [AirPosePin] engaged, holding body at 2.164m above the transform
[  4999   25.818 x1.00] LOG  [AirPosePin] released, peak correction was 0.000m
[  5000   25.820 x1.00] LOG  [AirPosePin] engaged, holding body at 2.179m above the transform
[  5001   25.826 x1.00] LOG  [AirPosePin] released, peak correction was 0.000m
[  5002   25.828 x1.00] LOG  [AirPosePin] engaged, holding body at 2.207m above the transform
[  5003   25.835 x1.00] LOG  [AirPosePin] released, peak correction was 0.000m
[  5004   25.837 x1.00] LOG  [AirPosePin] engaged, holding body at 2.231m above the transform
[  5005   25.840 x1.00] LOG  [AirPosePin] released, peak correction was 0.000m
[  5006   25.846 x1.00] LOG  [AirPosePin] engaged, holding body at 2.250m above the transform
[  5007   25.849 x1.00] LOG  [AirPosePin] released, peak correction was 0.000m
[  5008   25.856 x1.00] LOG  [AirPosePin] engaged, holding body at 2.263m above the transform
[  5009   25.858 x1.00] LOG  [AirPosePin] released, peak correction was 0.000m
[  5010   25.866 x1.00] LOG  [AirPosePin] engaged, holding body at 2.256m above the transform
[  5011   25.868 x1.00] LOG  [AirPosePin] released, peak correction was 0.000m
[  5012   25.876 x1.00] LOG  [AirPosePin] engaged, holding body at 2.211m above the transform
[  5013   25.878 x1.00] LOG  [AirPosePin] released, peak correction was 0.000m
[  5014   25.886 x1.00] LOG  [AirPosePin] engaged, holding body at 2.139m above the transform
[  5015   25.888 x1.00] LOG  [AirPosePin] released, peak correction was 0.000m
[  5016   25.896 x1.00] LOG  [AirPosePin] engaged, holding body at 2.074m above the transform
[  5017   25.898 x1.00] LOG  [AirPosePin] released, peak correction was 0.000m
[  5018   25.905 x1.00] LOG  [AirPosePin] engaged, holding body at 2.046m above the transform
[  5019   25.909 x1.00] LOG  [AirPosePin] released, peak correction was 0.000m
[  5020   25.913 x1.00] LOG  [AirPosePin] engaged, holding body at 2.046m above the transform
[  5021   25.918 x1.00] LOG  [AirPosePin] released, peak correction was 0.000m
[  5022   25.926 x1.00] LOG  [AirPosePin] engaged, holding body at 2.058m above the transform
[  5023   25.929 x1.00] LOG  [AirPosePin] released, peak correction was 0.000m
[  5024   25.938 x1.00] LOG  [AirPosePin] engaged, holding body at 2.048m above the transform
[  5025   25.945 x1.00] LOG  [AirPosePin] released, peak correction was 0.000m
[  5026   25.949 x1.00] LOG  [AirPosePin] engaged, holding body at 2.024m above the transform
[  5027   25.951 x1.00] LOG  [Combat] Dodge early exit at 85% (movement input)
[  5027   25.951 x1.00] LOG  [Combat] Dodge ended
[  5027   25.951 x1.00] LOG  [AirPosePin] released, peak correction was 0.000m
[  5028   25.956 x1.00] LOG  ✅ LANDED! (was jump #0)
[  5125   26.366 x1.00] LOG  
==================== [FREEZE-DEBUG v3] ====================
  Reason : WASD-NOMOVE: WASD recent + speed 0.00m/s for 0.41s
  Time   : 24.324s   Frame: 5125   Snaps: 60
===========================================================

--- CURRENT STATE ---
  Flags: atk=False hvy=False dod=False dsh=False
         grd=False hit=False aerial=False lockPos=False
         comboStep=0
  Anim : speed=1.00  combatLayer hash=-792875657 normT=0.407 weight=1.00 inTransition=False
  CC   : grounded=True  enabled=True  pos=(471.70, 0.12, 429.99)  vel=(0.00, 0.00, 0.00)
  Move : IsRunning=True
  Input: H=1.00 V=0.00  LMB=False MMB=False Q=False Sp=False Sh=True C=False
         WASD pressed in last 0.5s: True (last 0.00s ago)

--- FLIGHT RECORDER (60 snapshots, oldest first, dt=0.10s) ---
  Legend: flags = A(tk) H(vy) D(od) S(sh) G(rd) R(eact) Y(aerial) L(ock)   gnd/cc: Y/n
  t-now    flags     step gnd cc anSp normT layW tr | posX     posZ     spd   | H    V    LMB MMB Q  Sp Sh C
  ------   --------  ---- --- -- ---- ----- ---- -- | -----    -----    ----  | ---- ---- --- --- -- -- -- -
  - 6.15s  --------    0  Y   Y  1.00  0.36 1.00 -  |   474.0    447.7  0.00 | -1.0  0.0 0   0   0  0  1  0
  - 6.05s  --------    0  Y   Y  1.00  0.46 1.00 -  |   474.0    448.4  0.00 | -1.0  0.0 0   0   0  0  1  0
  - 5.95s  --------    0  Y   Y  1.00  0.56 1.00 -  |   474.0    449.1  0.00 | -1.0  0.0 0   0   0  1  1  0
  - 5.84s  --------    0  n   Y  1.00  0.66 1.00 -  |   474.1    449.6  0.00 | -1.0  0.0 0   0   0  1  1  0
  - 5.74s  --------    0  n   Y  1.00  0.76 1.00 -  |   474.1    450.0  0.00 | -1.0  0.0 0   0   0  0  1  0
  - 5.64s  --------    0  n   Y  1.00  0.86 1.00 -  |   474.1    450.5  0.00 | -1.0  0.0 0   0   0  0  1  0
  - 5.54s  --D-----    0  n   Y  1.00  0.97 1.00 -  |   474.1    450.9  0.00 | -1.0  0.0 0   0   0  0  1  1
  - 5.44s  --D-----    0  n   Y  1.00  1.07 1.00 T  |   474.1    451.1  4.86 | -1.0  0.0 0   0   0  0  1  1
  - 5.34s  --D-----    0  n   Y  1.00  0.25 1.00 -  |   474.1    451.5  2.38 | -1.0  0.0 0   0   0  0  1  0
  - 5.24s  --D-----    0  n   Y  1.00  0.38 1.00 -  |   474.0    452.2  2.88 | -1.0  0.0 0   0   0  0  1  0
  - 5.13s  --D-----    0  Y   Y  1.00  0.50 1.00 -  |   473.9    452.9  6.73 | -1.0  0.0 0   0   0  0  1  0
  - 5.02s  --D-----    0  n   Y  1.00  0.64 1.00 -  |   473.8    453.7  6.43 | -1.0  0.0 0   0   0  0  1  0
  - 4.92s  --D-----    0  n   Y  1.00  0.77 1.00 -  |   473.7    454.4  4.67 | -1.0  0.0 0   0   0  0  1  0
  - 4.82s  --------    0  Y   Y  1.00  0.90 1.00 T  |   473.7    454.4  0.00 | -1.0  0.0 0   0   0  0  1  0
  - 4.72s  --------    0  Y   Y  1.00  1.02 1.00 T  |   473.7    454.4  0.00 | -1.0  0.0 0   0   0  0  1  0
  - 4.61s  --------    0  Y   Y  1.00  1.15 1.00 T  |   473.8    454.4  0.00 | -1.0  0.0 0   0   0  0  1  0
  - 4.51s  --------    0  Y   Y  1.00  0.34 1.00 -  |   473.8    454.4  0.00 | -1.0  0.0 0   0   0  0  1  0
  - 4.41s  --------    0  Y   Y  1.00  0.44 1.00 -  |   473.8    454.4  0.00 |  0.0  0.0 0   0   0  0  1  0
  - 4.30s  --------    0  Y   Y  1.00  0.54 1.00 -  |   473.9    454.4  0.00 |  0.0  0.0 0   0   0  0  1  0
  - 4.20s  --------    0  Y   Y  1.00  0.65 1.00 -  |   473.9    454.4  0.00 |  0.0  0.0 0   0   0  0  1  0
  - 4.10s  --------    0  Y   Y  1.00  0.75 1.00 -  |   473.9    454.1  0.00 |  1.0  0.0 0   0   0  0  1  0
  - 4.00s  --------    0  Y   Y  1.00  0.85 1.00 -  |   473.9    453.4  0.00 |  1.0  0.0 0   0   0  0  1  0
  - 3.90s  --------    0  Y   Y  1.00  0.95 1.00 -  |   473.8    452.7  0.00 |  1.0  0.0 0   0   0  0  1  0
  - 3.79s  --------    0  Y   Y  1.00  1.06 1.00 -  |   473.8    452.0  0.00 |  1.0  0.0 0   0   0  0  1  0
  - 3.69s  --------    0  Y   Y  1.00  1.16 1.00 -  |   473.8    451.3  0.00 |  1.0  0.0 0   0   0  0  1  0
  - 3.59s  --------    0  Y   Y  1.00  1.26 1.00 -  |   473.7    450.6  0.00 |  1.0  0.0 0   0   0  0  1  0
  - 3.49s  --------    0  Y   Y  1.00  1.36 1.00 -  |   473.7    449.9  0.00 |  1.0  0.0 0   0   0  0  1  0
  - 3.39s  --------    0  Y   Y  1.00  1.46 1.00 -  |   473.7    449.2  0.00 |  1.0  0.0 0   0   0  0  1  0
  - 3.27s  --------    0  Y   Y  1.00  1.57 1.00 -  |   473.6    448.4  0.00 |  1.0  0.0 0   0   0  0  1  0
  - 3.16s  --------    0  Y   Y  1.00  1.69 1.00 -  |   473.6    447.5  0.00 |  1.0  0.0 0   0   0  0  1  0
  - 3.06s  --------    0  Y   Y  1.00  1.79 1.00 -  |   473.6    446.8  0.00 |  1.0  0.0 0   0   0  0  1  0
  - 2.96s  --------    0  Y   Y  1.00  1.89 1.00 -  |   473.5    446.1  0.00 |  1.0  0.0 0   0   0  0  1  0
  - 2.85s  --------    0  n   Y  1.00  2.00 1.00 -  |   473.5    445.7  0.00 |  1.0  0.0 0   0   0  1  1  0
  - 2.75s  --------    0  n   Y  1.00  2.10 1.00 -  |   473.5    445.2  0.00 |  1.0  0.0 0   0   0  0  1  0
  - 2.65s  --------    0  n   Y  1.00  2.20 1.00 -  |   473.5    444.8  0.00 |  1.0  0.0 0   0   0  0  1  0
  - 2.55s  --------    0  n   Y  1.00  2.30 1.00 -  |   473.5    444.3  0.00 |  1.0  0.0 0   0   0  0  1  0
  - 2.44s  --D-----    0  n   Y  1.00  2.41 1.00 T  |   473.4    444.1  1.84 |  1.0  0.0 0   0   0  0  1  1
  - 2.34s  --D-----    0  n   Y  1.00  0.20 1.00 -  |   473.4    443.8  3.54 |  1.0  0.0 0   0   0  0  1  1
  - 2.24s  --D-----    0  n   Y  1.00  0.33 1.00 -  |   473.3    443.2  8.89 |  1.0  0.0 0   0   0  0  1  0
  - 2.14s  --D-----    0  Y   Y  1.00  0.45 1.00 -  |   473.1    442.5  8.12 |  1.0  0.0 0   0   0  0  1  0
  - 2.03s  --D-----    0  Y   Y  1.00  0.59 1.00 -  |   473.0    441.7  9.05 |  1.0  0.0 0   0   0  0  1  0
  - 1.93s  --D-----    0  Y   Y  1.00  0.71 1.00 -  |   472.8    441.0  13.75 |  1.0  0.0 0   0   0  0  1  0
  - 1.83s  --D-----    0  n   Y  1.00  0.84 1.00 -  |   472.7    440.5  4.04 |  1.0  0.0 0   0   0  0  1  0
  - 1.73s  --------    0  Y   Y  1.00  0.97 1.00 T  |   472.7    440.0  0.00 |  1.0  0.0 0   0   0  0  1  0
  - 1.63s  --------    0  Y   Y  1.00  1.09 1.00 T  |   472.7    439.3  0.00 |  1.0  0.0 0   0   0  0  1  0
  - 1.52s  --------    0  Y   Y  1.00  0.29 1.00 -  |   472.6    438.5  0.00 |  1.0  0.0 0   0   0  0  1  0
  - 1.42s  --------    0  n   Y  1.00  0.40 1.00 -  |   472.6    438.1  0.00 |  1.0  0.0 0   0   0  1  1  0
  - 1.32s  --------    0  n   Y  1.00  0.50 1.00 -  |   472.6    437.6  0.00 |  1.0  0.0 0   0   0  0  1  0
  - 1.21s  --------    0  n   Y  1.00  0.60 1.00 -  |   472.6    437.2  0.00 |  1.0  0.0 0   0   0  0  1  0
  - 1.11s  --------    0  n   Y  1.00  0.70 1.00 -  |   472.6    436.7  0.00 |  1.0  0.0 0   0   0  0  1  0
  - 1.01s  --D-----    0  n   Y  1.00  0.81 1.00 T  |   472.5    436.5  2.03 |  1.0  0.0 0   0   0  0  1  1
  - 0.91s  --D-----    0  n   Y  1.00  0.24 1.00 -  |   472.5    436.1  1.66 |  1.0  0.0 0   0   0  0  1  0
  - 0.80s  --D-----    0  Y   Y  1.00  0.36 1.00 -  |   472.3    435.5  24.12 |  1.0  0.0 0   0   0  0  1  0
  - 0.70s  --D-----    0  Y   Y  1.00  0.50 1.00 -  |   472.2    434.7  1.97 |  1.0  0.0 0   0   0  0  1  0
  - 0.59s  --D-----    0  Y   Y  1.00  0.63 1.00 -  |   472.0    433.9  24.64 |  1.0  0.0 0   0   0  0  1  0
  - 0.49s  --D-----    0  Y   Y  1.00  0.75 1.00 -  |   471.9    433.3  18.61 |  1.0  0.0 0   0   0  0  1  0
  - 0.39s  --------    0  Y   Y  1.00  0.89 1.00 T  |   471.8    432.8  0.00 |  1.0  0.0 0   0   0  0  1  0
  - 0.29s  --------    0  Y   Y  1.00  1.01 1.00 T  |   471.8    432.1  0.00 |  1.0  0.0 0   0   0  0  1  0
  - 0.19s  --------    0  Y   Y  1.00  1.14 1.00 T  |   471.8    431.4  0.00 |  1.0  0.0 0   0   0  0  1  0
  - 0.09s  --------    0  Y   Y  1.00  0.33 1.00 -  |   471.7    430.7  0.00 |  1.0  0.0 0   0   0  0  1  0
=========================================================== END

[  5142   26.447 x1.00] LOG  🐾 4-LEG JUMP #0
[  5142   26.447 x1.00] LOG  🐾 Jump 1 VFX spawned!
[  5230   26.859 x1.00] LOG  [Combat] Dodge: Dodge_4Leg (4m, 4leg)
[  5230   26.859 x1.00] LOG  [AirPosePin] engaged, holding body at 1.612m above the transform
[  5280   27.083 x1.00] LOG  [AirPosePin] released, peak correction was 1.130m
[  5281   27.088 x1.00] LOG  [AirPosePin] engaged, holding body at 0.489m above the transform
[  5282   27.093 x1.00] LOG  [AirPosePin] released, peak correction was 0.000m
[  5283   27.097 x1.00] LOG  [AirPosePin] engaged, holding body at 0.503m above the transform
[  5284   27.101 x1.00] LOG  [AirPosePin] released, peak correction was 0.000m
[  5285   27.106 x1.00] LOG  [AirPosePin] engaged, holding body at 0.522m above the transform
[  5286   27.111 x1.00] LOG  [AirPosePin] released, peak correction was 0.000m
[  5287   27.115 x1.00] LOG  [AirPosePin] engaged, holding body at 0.549m above the transform
[  5288   27.120 x1.00] LOG  [AirPosePin] released, peak correction was 0.000m
[  5289   27.131 x1.00] LOG  [AirPosePin] engaged, holding body at 0.618m above the transform
[  5290   27.137 x1.00] LOG  [AirPosePin] released, peak correction was 0.000m
[  5291   27.141 x1.00] LOG  [AirPosePin] engaged, holding body at 0.675m above the transform
[  5292   27.144 x1.00] LOG  [AirPosePin] released, peak correction was 0.000m
[  5293   27.146 x1.00] LOG  [AirPosePin] engaged, holding body at 0.707m above the transform
[  5294   27.148 x1.00] LOG  [AirPosePin] released, peak correction was 0.000m
[  5295   27.151 x1.00] LOG  [AirPosePin] engaged, holding body at 0.738m above the transform
[  5296   27.159 x1.00] LOG  [AirPosePin] released, peak correction was 0.000m
[  5297   27.168 x1.00] LOG  [AirPosePin] engaged, holding body at 0.878m above the transform
[  5298   27.173 x1.00] LOG  [AirPosePin] released, peak correction was 0.000m
[  5299   27.175 x1.00] LOG  [AirPosePin] engaged, holding body at 0.949m above the transform
[  5300   27.178 x1.00] LOG  [AirPosePin] released, peak correction was 0.000m
[  5301   27.180 x1.00] LOG  [AirPosePin] engaged, holding body at 0.994m above the transform
[  5302   27.183 x1.00] LOG  [AirPosePin] released, peak correction was 0.000m
[  5303   27.186 x1.00] LOG  [AirPosePin] engaged, holding body at 1.055m above the transform
[  5304   27.191 x1.00] LOG  [AirPosePin] released, peak correction was 0.000m
[  5305   27.195 x1.00] LOG  [AirPosePin] engaged, holding body at 1.135m above the transform
[  5306   27.200 x1.00] LOG  [AirPosePin] released, peak correction was 0.000m
[  5308   27.208 x1.00] LOG  [AirPosePin] engaged, holding body at 1.250m above the transform
[  5309   27.212 x1.00] LOG  [AirPosePin] released, peak correction was 0.000m
[  5310   27.216 x1.00] LOG  [AirPosePin] engaged, holding body at 1.318m above the transform
[  5311   27.220 x1.00] LOG  [AirPosePin] released, peak correction was 0.000m
[  5312   27.224 x1.00] LOG  [AirPosePin] engaged, holding body at 1.378m above the transform
[  5313   27.228 x1.00] LOG  [AirPosePin] released, peak correction was 0.000m
[  5314   27.231 x1.00] LOG  [AirPosePin] engaged, holding body at 1.427m above the transform
[  5315   27.236 x1.00] LOG  [AirPosePin] released, peak correction was 0.000m
[  5316   27.240 x1.00] LOG  [AirPosePin] engaged, holding body at 1.476m above the transform
[  5317   27.244 x1.00] LOG  [AirPosePin] released, peak correction was 0.000m
[  5318   27.248 x1.00] LOG  [AirPosePin] engaged, holding body at 1.519m above the transform
[  5319   27.251 x1.00] LOG  [AirPosePin] released, peak correction was 0.000m
[  5320   27.256 x1.00] LOG  [AirPosePin] engaged, holding body at 1.557m above the transform
[  5321   27.260 x1.00] LOG  [AirPosePin] released, peak correction was 0.000m
[  5322   27.264 x1.00] LOG  [AirPosePin] engaged, holding body at 1.595m above the transform
[  5323   27.268 x1.00] LOG  [AirPosePin] released, peak correction was 0.000m
[  5324   27.271 x1.00] LOG  [AirPosePin] engaged, holding body at 1.629m above the transform
[  5325   27.276 x1.00] LOG  [AirPosePin] released, peak correction was 0.000m
[  5326   27.279 x1.00] LOG  [AirPosePin] engaged, holding body at 1.661m above the transform
[  5327   27.284 x1.00] LOG  [AirPosePin] released, peak correction was 0.000m
[  5328   27.288 x1.00] LOG  [AirPosePin] engaged, holding body at 1.694m above the transform
[  5329   27.292 x1.00] LOG  [AirPosePin] released, peak correction was 0.000m
[  5330   27.296 x1.00] LOG  [AirPosePin] engaged, holding body at 1.728m above the transform
[  5331   27.300 x1.00] LOG  [AirPosePin] released, peak correction was 0.000m
[  5332   27.305 x1.00] LOG  [AirPosePin] engaged, holding body at 1.760m above the transform
[  5333   27.312 x1.00] LOG  [AirPosePin] released, peak correction was 0.000m
[  5334   27.320 x1.00] LOG  [AirPosePin] engaged, holding body at 1.819m above the transform
[  5335   27.328 x1.00] LOG  [AirPosePin] released, peak correction was 0.000m
[  5336   27.330 x1.00] LOG  [AirPosePin] engaged, holding body at 1.860m above the transform
[  5337   27.334 x1.00] LOG  [AirPosePin] released, peak correction was 0.000m
[  5338   27.336 x1.00] LOG  [AirPosePin] engaged, holding body at 1.884m above the transform
[  5339   27.339 x1.00] LOG  [AirPosePin] released, peak correction was 0.000m
[  5340   27.342 x1.00] LOG  [AirPosePin] engaged, holding body at 1.907m above the transform
[  5341   27.344 x1.00] LOG  [AirPosePin] released, peak correction was 0.000m
[  5342   27.347 x1.00] LOG  [AirPosePin] engaged, holding body at 1.929m above the transform
[  5343   27.351 x1.00] LOG  [AirPosePin] released, peak correction was 0.000m
[  5344   27.356 x1.00] LOG  [AirPosePin] engaged, holding body at 1.964m above the transform
[  5345   27.360 x1.00] LOG  [AirPosePin] released, peak correction was 0.000m
[  5347   27.368 x1.00] LOG  [AirPosePin] engaged, holding body at 2.014m above the transform
[  5348   27.373 x1.00] LOG  [AirPosePin] released, peak correction was 0.000m
[  5349   27.378 x1.00] LOG  [AirPosePin] engaged, holding body at 2.048m above the transform
[  5350   27.382 x1.00] LOG  [AirPosePin] released, peak correction was 0.000m
[  5351   27.386 x1.00] LOG  [AirPosePin] engaged, holding body at 2.079m above the transform
[  5352   27.390 x1.00] LOG  [AirPosePin] released, peak correction was 0.000m
[  5353   27.395 x1.00] LOG  [AirPosePin] engaged, holding body at 2.113m above the transform
[  5354   27.399 x1.00] LOG  [AirPosePin] released, peak correction was 0.000m
[  5355   27.404 x1.00] LOG  [AirPosePin] engaged, holding body at 2.148m above the transform
[  5356   27.408 x1.00] LOG  [AirPosePin] released, peak correction was 0.000m
[  5357   27.413 x1.00] LOG  [AirPosePin] engaged, holding body at 2.182m above the transform
[  5358   27.417 x1.00] LOG  [AirPosePin] released, peak correction was 0.000m
[  5359   27.422 x1.00] LOG  [AirPosePin] engaged, holding body at 2.214m above the transform
[  5360   27.426 x1.00] LOG  [AirPosePin] released, peak correction was 0.000m
[  5361   27.431 x1.00] LOG  [AirPosePin] engaged, holding body at 2.235m above the transform
[  5362   27.436 x1.00] LOG  [AirPosePin] released, peak correction was 0.000m
[  5363   27.441 x1.00] LOG  [AirPosePin] engaged, holding body at 2.255m above the transform
[  5364   27.445 x1.00] LOG  [AirPosePin] released, peak correction was 0.000m
[  5365   27.450 x1.00] LOG  [AirPosePin] engaged, holding body at 2.264m above the transform
[  5366   27.455 x1.00] LOG  [AirPosePin] released, peak correction was 0.000m
[  5367   27.466 x1.00] LOG  [AirPosePin] engaged, holding body at 2.223m above the transform
[  5368   27.476 x1.00] LOG  [AirPosePin] released, peak correction was 0.000m
[  5369   27.480 x1.00] LOG  [AirPosePin] engaged, holding body at 2.122m above the transform
[  5370   27.482 x1.00] LOG  [AirPosePin] released, peak correction was 0.000m
[  5371   27.485 x1.00] LOG  [AirPosePin] engaged, holding body at 2.091m above the transform
[  5372   27.487 x1.00] LOG  [AirPosePin] released, peak correction was 0.000m
[  5373   27.489 x1.00] LOG  [AirPosePin] engaged, holding body at 2.068m above the transform
[  5374   27.491 x1.00] LOG  [AirPosePin] released, peak correction was 0.000m
[  5375   27.496 x1.00] LOG  [AirPosePin] engaged, holding body at 2.048m above the transform
[  5376   27.500 x1.00] LOG  [AirPosePin] released, peak correction was 0.000m
[  5377   27.504 x1.00] LOG  [AirPosePin] engaged, holding body at 2.046m above the transform
[  5378   27.508 x1.00] LOG  [AirPosePin] released, peak correction was 0.000m
[  5379   27.513 x1.00] LOG  [AirPosePin] engaged, holding body at 2.054m above the transform
[  5380   27.519 x1.00] LOG  [AirPosePin] released, peak correction was 0.000m
[  5381   27.523 x1.00] LOG  [AirPosePin] engaged, holding body at 2.057m above the transform
[  5382   27.531 x1.00] LOG  [AirPosePin] released, peak correction was 0.000m
[  5383   27.536 x1.00] LOG  [AirPosePin] engaged, holding body at 2.036m above the transform
[  5384   27.540 x1.00] LOG  [AirPosePin] released, peak correction was 0.000m
[  5385   27.544 x1.00] LOG  [Combat] Dodge early exit at 85% (movement input)
[  5385   27.544 x1.00] LOG  [Combat] Dodge ended
[  5391   27.565 x1.00] LOG  ✅ LANDED! (was jump #0)
[  5802   29.351 x1.00] LOG  🚶 2-LEG JUMP
[  5802   29.351 x1.00] LOG  🐾 Jump 1 VFX spawned!
[  5892   29.744 x1.00] LOG  [Combat] Dash: DodgeDash_2Leg (4m, 20 dmg, 2leg)
[  5892   29.744 x1.00] LOG  [AirPosePin] engaged, holding body at 1.708m above the transform
[  6115   30.746 x1.00] LOG  [Combat] Dash ended
[  6115   30.746 x1.00] LOG  [AirPosePin] released, peak correction was 1.146m
[  6200   31.103 x1.00] LOG  💨 Landing VFX spawned!
[  6200   31.103 x1.00] LOG  ✅ LANDED! (was jump #1)
[  6461   32.028 x1.00] LOG  
==================== [FREEZE-DEBUG v3] ====================
  Reason : WASD-NOMOVE: WASD recent + speed 0.00m/s for 0.40s
  Time   : 29.986s   Frame: 6461   Snaps: 60
===========================================================

--- CURRENT STATE ---
  Flags: atk=False hvy=False dod=False dsh=False
         grd=False hit=False aerial=False lockPos=False
         comboStep=0
  Anim : speed=1.00  combatLayer hash=-792875657 normT=1.280 weight=1.00 inTransition=False
  CC   : grounded=True  enabled=True  pos=(475.88, 0.47, 430.26)  vel=(0.00, 0.00, 0.00)
  Move : IsRunning=False
  Input: H=0.00 V=0.00  LMB=False MMB=False Q=False Sp=False Sh=False C=False
         WASD pressed in last 0.5s: True (last 0.04s ago)

--- FLIGHT RECORDER (60 snapshots, oldest first, dt=0.10s) ---
  Legend: flags = A(tk) H(vy) D(od) S(sh) G(rd) R(eact) Y(aerial) L(ock)   gnd/cc: Y/n
  t-now    flags     step gnd cc anSp normT layW tr | posX     posZ     spd   | H    V    LMB MMB Q  Sp Sh C
  ------   --------  ---- --- -- ---- ----- ---- -- | -----    -----    ----  | ---- ---- --- --- -- -- -- -
  - 6.05s  --------    0  Y   Y  1.00  0.89 1.00 T  |   471.8    432.8  0.00 |  1.0  0.0 0   0   0  0  1  0
  - 5.95s  --------    0  Y   Y  1.00  1.01 1.00 T  |   471.8    432.1  0.00 |  1.0  0.0 0   0   0  0  1  0
  - 5.85s  --------    0  Y   Y  1.00  1.14 1.00 T  |   471.8    431.4  0.00 |  1.0  0.0 0   0   0  0  1  0
  - 5.75s  --------    0  Y   Y  1.00  0.33 1.00 -  |   471.7    430.7  0.00 |  1.0  0.0 0   0   0  0  1  0
  - 5.64s  --------    0  Y   Y  1.00  0.43 1.00 -  |   471.7    429.9  0.00 |  1.0  0.0 0   0   0  0  1  0
  - 5.54s  --------    0  n   Y  1.00  0.53 1.00 -  |   471.7    429.3  0.00 |  1.0  0.0 0   0   0  1  1  0
  - 5.44s  --------    0  n   Y  1.00  0.64 1.00 -  |   471.6    428.9  0.00 |  1.0  0.0 0   0   0  0  1  0
  - 5.33s  --------    0  n   Y  1.00  0.74 1.00 -  |   471.6    428.4  0.00 |  1.0  0.0 0   0   0  0  1  0
  - 5.23s  --------    0  n   Y  1.00  0.84 1.00 -  |   471.6    428.0  0.00 |  1.0  0.0 0   0   0  0  1  0
  - 5.13s  --D-----    0  n   Y  1.00  0.94 1.00 T  |   471.6    427.7  1.08 |  1.0  0.0 0   0   0  0  1  1
  - 5.03s  --D-----    0  n   Y  1.00  0.17 1.00 -  |   471.5    427.4  4.51 |  1.0  0.0 0   0   0  0  1  0
  - 4.93s  --D-----    0  n   Y  1.00  0.30 1.00 -  |   471.4    426.9  6.37 |  1.0  0.0 0   0   0  0  1  0
  - 4.82s  --D-----    0  Y   Y  1.00  0.43 1.00 -  |   471.3    426.2  7.04 |  1.0  0.0 0   0   0  0  1  0
  - 4.72s  --D-----    0  Y   Y  1.00  0.55 1.00 -  |   471.2    425.5  7.99 |  0.0  0.0 0   0   0  0  1  0
  - 4.62s  --D-----    0  n   Y  1.00  0.68 1.00 -  |   471.0    424.8  5.33 |  0.0  0.0 0   0   0  0  1  0
  - 4.51s  --D-----    0  Y   Y  1.00  0.81 1.00 -  |   470.9    424.2  5.43 | -1.0  0.0 0   0   0  0  1  0
  - 4.41s  --------    0  Y   Y  1.00  0.93 1.00 T  |   470.9    424.3  0.00 | -1.0  0.0 0   0   0  0  1  0
  - 4.31s  --------    0  Y   Y  1.00  1.07 1.00 T  |   470.9    425.0  0.00 | -1.0  0.0 0   0   0  0  1  0
  - 4.21s  --------    0  Y   Y  1.00  0.27 1.00 -  |   470.9    425.7  0.00 | -1.0  0.0 0   0   0  0  1  0
  - 4.10s  --------    0  Y   Y  1.00  0.38 1.00 -  |   471.0    426.6  0.00 | -1.0  0.0 0   0   0  0  1  0
  - 4.00s  --------    0  Y   Y  1.00  0.48 1.00 -  |   471.0    427.3  0.00 | -1.0  0.0 0   0   0  0  1  0
  - 3.89s  --------    0  Y   Y  1.00  0.59 1.00 -  |   471.0    428.0  0.00 | -1.0  0.0 0   0   0  0  1  0
  - 3.79s  --------    0  Y   Y  1.00  0.69 1.00 -  |   471.1    428.7  0.00 | -1.0  0.0 0   0   0  0  1  0
  - 3.69s  --------    0  Y   Y  1.00  0.79 1.00 -  |   471.1    429.4  0.00 |  0.0  0.0 0   0   0  0  1  0
  - 3.58s  --------    0  Y   Y  1.00  0.90 1.00 -  |   471.1    430.0  0.00 |  0.0  0.0 0   0   0  0  0  0
  - 3.48s  --------    0  Y   Y  1.00  1.00 1.00 -  |   471.1    430.2  0.00 |  0.0  0.0 0   0   0  0  0  0
  - 3.38s  --------    0  Y   Y  1.00  1.10 1.00 -  |   471.1    430.3  0.00 |  0.0  0.0 0   0   0  0  0  0
  - 3.28s  --------    0  Y   Y  1.00  1.20 1.00 -  |   471.1    430.3  0.00 |  0.0  0.0 0   0   0  0  0  0
  - 3.18s  --------    0  Y   Y  1.00  1.31 1.00 -  |   471.1    430.3  0.00 |  0.0  0.0 0   0   0  0  0  0
  - 3.07s  --------    0  Y   Y  1.00  1.41 1.00 -  |   471.1    430.3  0.00 |  0.0  0.0 0   0   0  0  0  0
  - 2.97s  --------    0  Y   Y  1.00  1.51 1.00 -  |   471.1    430.3  0.00 |  0.0  0.0 0   0   0  0  0  0
  - 2.87s  --------    0  Y   Y  1.00  1.61 1.00 -  |   471.1    430.3  0.00 |  0.0  0.0 0   0   0  0  0  0
  - 2.77s  --------    0  Y   Y  1.00  1.71 1.00 -  |   471.1    430.3  0.00 |  0.0  0.0 0   0   0  0  0  0
  - 2.67s  --------    0  n   Y  1.00  1.81 1.00 -  |   471.1    430.3  0.00 |  0.0  0.0 0   0   0  1  0  0
  - 2.57s  --------    0  n   Y  1.00  1.92 1.00 -  |   471.1    430.3  0.00 |  0.0  0.0 0   0   0  1  0  0
  - 2.46s  --------    0  n   Y  1.00  2.02 1.00 -  |   471.1    430.3  0.00 |  0.0  0.0 0   0   0  0  0  0
  - 2.36s  --------    0  n   Y  1.00  2.12 1.00 -  |   471.1    430.3  0.00 |  0.0  0.0 0   0   0  0  0  0
  - 2.26s  ---S----    0  n   Y  1.00  2.22 1.00 T  |   471.1    430.3  0.59 |  0.0  0.0 0   1   0  0  0  0
  - 2.16s  ---S----    0  n   Y  1.00  0.12 1.00 -  |   471.3    430.3  2.66 |  0.0  0.0 0   1   0  0  0  0
  - 2.06s  ---S----    0  n   Y  1.00  0.22 1.00 -  |   471.7    430.3  4.23 |  0.0  0.0 0   0   0  0  0  0
  - 1.95s  ---S----    0  n   Y  1.00  0.33 1.00 -  |   472.2    430.3  5.32 |  0.0  0.0 0   0   0  0  0  0
  - 1.85s  ---S----    0  n   Y  1.00  0.43 1.00 -  |   472.8    430.2  5.90 |  0.0  0.0 0   0   0  0  0  0
  - 1.75s  ---S----    0  n   Y  1.00  0.53 1.00 -  |   473.4    430.2  5.97 |  0.0  0.0 0   0   0  0  0  0
  - 1.64s  ---S----    0  n   Y  1.00  0.64 1.00 -  |   474.0    430.2  5.51 |  0.0  0.0 0   0   0  0  0  0
  - 1.54s  ---S----    0  n   Y  1.00  0.74 1.00 -  |   474.5    430.2  4.61 |  0.0  0.0 0   0   0  0  0  0
  - 1.44s  ---S----    0  n   Y  1.00  0.84 1.00 -  |   474.9    430.2  3.21 |  0.0  0.0 0   0   0  0  0  0
  - 1.34s  ---S----    0  n   Y  1.00  0.94 1.00 -  |   475.1    430.1  1.21 |  0.0  0.0 0   0   0  0  0  0
  - 1.24s  --------    0  n   Y  1.00  1.04 1.00 T  |   475.1    430.1  0.00 |  0.0  0.0 0   0   0  0  0  0
  - 1.14s  --------    0  n   Y  1.00  1.14 1.00 T  |   475.1    430.1  0.00 |  0.0  0.0 0   0   0  0  0  0
  - 1.04s  --------    0  n   Y  1.00  0.24 1.00 -  |   475.1    430.1  0.00 |  0.0  0.0 0   0   0  0  0  0
  - 0.93s  --------    0  n   Y  1.00  0.34 1.00 -  |   475.1    430.1  0.00 |  0.0  0.0 0   0   0  0  0  0
  - 0.83s  --------    0  Y   Y  1.00  0.45 1.00 -  |   475.1    430.1  0.00 |  0.0  0.0 0   0   0  0  0  0
  - 0.73s  --------    0  Y   Y  1.00  0.55 1.00 -  |   475.1    430.1  0.00 |  0.0  0.0 0   0   0  0  0  0
  - 0.63s  --------    0  Y   Y  1.00  0.65 1.00 -  |   475.1    430.1  0.00 |  0.0  0.0 0   0   0  0  0  0
  - 0.53s  --------    0  Y   Y  1.00  0.75 1.00 -  |   475.1    430.1  0.00 |  0.0  0.0 0   0   0  0  0  0
  - 0.42s  --------    0  Y   Y  1.00  0.86 1.00 -  |   475.1    430.1  0.00 |  0.0  0.0 0   0   0  0  0  0
  - 0.32s  --------    0  Y   Y  1.00  0.96 1.00 -  |   475.3    430.2  0.00 | -1.0  0.0 0   0   0  0  0  0
  - 0.22s  --------    0  Y   Y  1.00  1.06 1.00 -  |   475.4    430.2  0.00 | -1.0  0.0 0   0   0  0  0  0
  - 0.12s  --------    0  Y   Y  1.00  1.16 1.00 -  |   475.6    430.2  0.00 | -1.0  0.0 0   0   0  0  0  0
  - 0.02s  --------    0  Y   Y  1.00  1.26 1.00 -  |   475.8    430.3  0.00 |  0.0  0.0 0   0   0  0  0  0
=========================================================== END

[  6503   32.171 x1.00] LOG  🚶 2-LEG JUMP
[  6503   32.171 x1.00] LOG  🐾 Jump 1 VFX spawned!
[  6606   32.536 x1.00] LOG  [Combat] Dash: DodgeDash_2Leg (4m, 20 dmg, 2leg)
[  6606   32.536 x1.00] LOG  [AirPosePin] engaged, holding body at 1.635m above the transform
[  6668   32.757 x1.00] LOG  [StormWeather] ⚡ strike at (484.91, 45.00, 447.52)
[  6878   33.534 x1.00] LOG  [Combat] Dash ended
[  6878   33.534 x1.00] LOG  [AirPosePin] released, peak correction was 1.074m
[  6934   33.765 x1.00] LOG  💨 Landing VFX spawned!
[  6934   33.765 x1.00] LOG  ✅ LANDED! (was jump #1)
[  7288   35.240 x1.00] LOG  🚶 2-LEG JUMP
[  7288   35.240 x1.00] LOG  🐾 Jump 1 VFX spawned!
[  7525   36.244 x1.00] LOG  💨 Landing VFX spawned!
[  7525   36.244 x1.00] LOG  ✅ LANDED! (was jump #1)
[  7543   36.323 x1.00] LOG  
==================== [FREEZE-DEBUG v3] ====================
  Reason : WASD-NOMOVE: WASD recent + speed 0.00m/s for 0.40s
  Time   : 34.281s   Frame: 7543   Snaps: 60
===========================================================

--- CURRENT STATE ---
  Flags: atk=False hvy=False dod=False dsh=False
         grd=False hit=False aerial=False lockPos=False
         comboStep=0
  Anim : speed=1.00  combatLayer hash=-792875657 normT=2.785 weight=1.00 inTransition=False
  CC   : grounded=True  enabled=True  pos=(477.00, 0.27, 431.14)  vel=(0.00, -0.26, 0.00)
  Move : IsRunning=False
  Input: H=-1.00 V=0.00  LMB=False MMB=False Q=False Sp=False Sh=False C=False
         WASD pressed in last 0.5s: True (last 0.00s ago)

--- FLIGHT RECORDER (60 snapshots, oldest first, dt=0.10s) ---
  Legend: flags = A(tk) H(vy) D(od) S(sh) G(rd) R(eact) Y(aerial) L(ock)   gnd/cc: Y/n
  t-now    flags     step gnd cc anSp normT layW tr | posX     posZ     spd   | H    V    LMB MMB Q  Sp Sh C
  ------   --------  ---- --- -- ---- ----- ---- -- | -----    -----    ----  | ---- ---- --- --- -- -- -- -
  - 6.04s  ---S----    0  n   Y  1.00  0.53 1.00 -  |   473.4    430.2  5.97 |  0.0  0.0 0   0   0  0  0  0
  - 5.94s  ---S----    0  n   Y  1.00  0.64 1.00 -  |   474.0    430.2  5.51 |  0.0  0.0 0   0   0  0  0  0
  - 5.84s  ---S----    0  n   Y  1.00  0.74 1.00 -  |   474.5    430.2  4.61 |  0.0  0.0 0   0   0  0  0  0
  - 5.74s  ---S----    0  n   Y  1.00  0.84 1.00 -  |   474.9    430.2  3.21 |  0.0  0.0 0   0   0  0  0  0
  - 5.64s  ---S----    0  n   Y  1.00  0.94 1.00 -  |   475.1    430.1  1.21 |  0.0  0.0 0   0   0  0  0  0
  - 5.53s  --------    0  n   Y  1.00  1.04 1.00 T  |   475.1    430.1  0.00 |  0.0  0.0 0   0   0  0  0  0
  - 5.43s  --------    0  n   Y  1.00  1.14 1.00 T  |   475.1    430.1  0.00 |  0.0  0.0 0   0   0  0  0  0
  - 5.33s  --------    0  n   Y  1.00  0.24 1.00 -  |   475.1    430.1  0.00 |  0.0  0.0 0   0   0  0  0  0
  - 5.23s  --------    0  n   Y  1.00  0.34 1.00 -  |   475.1    430.1  0.00 |  0.0  0.0 0   0   0  0  0  0
  - 5.13s  --------    0  Y   Y  1.00  0.45 1.00 -  |   475.1    430.1  0.00 |  0.0  0.0 0   0   0  0  0  0
  - 5.02s  --------    0  Y   Y  1.00  0.55 1.00 -  |   475.1    430.1  0.00 |  0.0  0.0 0   0   0  0  0  0
  - 4.92s  --------    0  Y   Y  1.00  0.65 1.00 -  |   475.1    430.1  0.00 |  0.0  0.0 0   0   0  0  0  0
  - 4.82s  --------    0  Y   Y  1.00  0.75 1.00 -  |   475.1    430.1  0.00 |  0.0  0.0 0   0   0  0  0  0
  - 4.72s  --------    0  Y   Y  1.00  0.86 1.00 -  |   475.1    430.1  0.00 |  0.0  0.0 0   0   0  0  0  0
  - 4.62s  --------    0  Y   Y  1.00  0.96 1.00 -  |   475.3    430.2  0.00 | -1.0  0.0 0   0   0  0  0  0
  - 4.52s  --------    0  Y   Y  1.00  1.06 1.00 -  |   475.4    430.2  0.00 | -1.0  0.0 0   0   0  0  0  0
  - 4.41s  --------    0  Y   Y  1.00  1.16 1.00 -  |   475.6    430.2  0.00 | -1.0  0.0 0   0   0  0  0  0
  - 4.31s  --------    0  Y   Y  1.00  1.26 1.00 -  |   475.8    430.3  0.00 |  0.0  0.0 0   0   0  0  0  0
  - 4.21s  --------    0  Y   Y  1.00  1.36 1.00 -  |   476.0    430.3  0.00 |  0.0  0.0 0   0   0  0  0  0
  - 4.11s  --------    0  n   Y  1.00  1.47 1.00 -  |   476.2    430.3  0.00 |  0.0  0.0 0   0   0  1  0  0
  - 4.01s  --------    0  n   Y  1.00  1.57 1.00 -  |   476.5    430.4  0.00 |  0.0  0.0 0   0   0  1  0  0
  - 3.90s  --------    0  n   Y  1.00  1.67 1.00 -  |   476.5    430.4  0.00 |  0.0  0.0 0   0   0  0  0  0
  - 3.80s  --------    0  n   Y  1.00  1.77 1.00 -  |   476.5    430.4  0.00 |  0.0  0.0 0   0   0  0  0  0
  - 3.70s  ---S----    0  n   Y  1.00  0.08 1.00 -  |   476.5    430.3  1.92 |  0.0  0.0 0   1   0  0  0  0
  - 3.60s  ---S----    0  n   Y  1.00  0.19 1.00 -  |   476.5    430.0  3.68 |  0.0  0.0 0   0   0  0  0  0
  - 3.50s  ---S----    0  n   Y  1.00  0.29 1.00 -  |   476.6    429.5  4.97 |  0.0  0.0 0   0   0  0  0  0
  - 3.39s  ---S----    0  n   Y  1.00  0.39 1.00 -  |   476.7    429.0  5.74 |  0.0  0.0 0   0   0  0  0  0
  - 3.29s  ---S----    0  n   Y  1.00  0.49 1.00 -  |   476.8    428.4  6.00 |  0.0  0.0 0   0   0  0  0  0
  - 3.19s  ---S----    0  n   Y  1.00  0.60 1.00 -  |   476.9    427.8  5.76 |  0.0  0.0 0   0   0  0  0  0
  - 3.08s  ---S----    0  n   Y  1.00  0.70 1.00 -  |   477.0    427.2  5.01 |  0.0  0.0 0   0   0  0  0  0
  - 2.98s  ---S----    0  n   Y  1.00  0.80 1.00 -  |   477.1    426.8  3.75 |  0.0  0.0 0   0   0  0  0  0
  - 2.88s  ---S----    0  n   Y  1.00  0.90 1.00 -  |   477.1    426.5  2.02 |  0.0  0.0 0   0   0  0  0  0
  - 2.78s  --------    0  n   Y  1.00  1.01 1.00 T  |   477.2    426.4  0.00 |  0.0  0.0 0   0   0  0  0  0
  - 2.67s  --------    0  n   Y  1.00  1.11 1.00 T  |   477.2    426.4  0.00 |  0.0  0.0 0   0   0  0  0  0
  - 2.57s  --------    0  n   Y  1.00  0.21 1.00 -  |   477.2    426.4  0.00 |  0.0  0.0 0   0   0  0  0  0
  - 2.46s  --------    0  Y   Y  1.00  0.32 1.00 -  |   477.2    426.4  0.00 |  0.0  0.0 0   0   0  0  0  0
  - 2.36s  --------    0  Y   Y  1.00  0.42 1.00 -  |   477.1    426.4  0.00 |  0.0 -1.0 0   0   0  0  0  0
  - 2.26s  --------    0  Y   Y  1.00  0.53 1.00 -  |   476.9    426.5  0.00 |  0.0 -1.0 0   0   0  0  0  0
  - 2.15s  --------    0  Y   Y  1.00  0.63 1.00 -  |   476.7    426.5  0.00 |  0.0 -1.0 0   0   0  0  0  0
  - 2.05s  --------    0  Y   Y  1.00  0.74 1.00 -  |   476.5    426.6  0.00 |  0.0 -1.0 0   0   0  0  0  0
  - 1.95s  --------    0  Y   Y  1.00  0.84 1.00 -  |   476.3    426.6  0.00 |  0.0 -1.0 0   0   0  0  0  0
  - 1.85s  --------    0  Y   Y  1.00  0.94 1.00 -  |   476.1    426.7  0.00 | -1.0  0.0 0   0   0  0  0  0
  - 1.74s  --------    0  Y   Y  1.00  1.04 1.00 -  |   476.0    426.8  0.00 | -1.0  0.0 0   0   0  0  0  0
  - 1.64s  --------    0  Y   Y  1.00  1.14 1.00 -  |   475.9    427.0  0.00 | -1.0  0.0 0   0   0  0  0  0
  - 1.54s  --------    0  Y   Y  1.00  1.24 1.00 -  |   475.9    427.2  0.00 | -1.0  0.0 0   0   0  0  0  0
  - 1.44s  --------    0  Y   Y  1.00  1.35 1.00 -  |   476.0    427.4  0.00 | -1.0  0.0 0   0   0  0  0  0
  - 1.34s  --------    0  Y   Y  1.00  1.45 1.00 -  |   476.1    427.6  0.00 | -1.0  0.0 0   0   0  0  0  0
  - 1.23s  --------    0  Y   Y  1.00  1.55 1.00 -  |   476.1    427.8  0.00 | -1.0  0.0 0   0   0  0  0  0
  - 1.13s  --------    0  Y   Y  1.00  1.65 1.00 -  |   476.2    428.0  0.00 | -1.0  0.0 0   0   0  0  0  0
  - 1.03s  --------    0  n   Y  1.00  1.75 1.00 -  |   476.2    428.2  0.00 | -1.0  0.0 0   0   0  1  0  0
  - 0.93s  --------    0  n   Y  1.00  1.85 1.00 -  |   476.3    428.5  0.00 | -1.0  0.0 0   0   0  1  0  0
  - 0.83s  --------    0  n   Y  1.00  1.96 1.00 -  |   476.4    428.8  0.00 | -1.0  0.0 0   0   0  0  0  0
  - 0.73s  --------    0  n   Y  1.00  2.06 1.00 -  |   476.4    429.1  0.00 | -1.0  0.0 0   0   0  0  0  0
  - 0.62s  --------    0  n   Y  1.00  2.16 1.00 -  |   476.5    429.4  0.00 | -1.0  0.0 0   0   0  0  0  0
  - 0.52s  --------    0  n   Y  1.00  2.26 1.00 -  |   476.6    429.7  0.00 | -1.0  0.0 0   0   0  0  0  0
  - 0.42s  --------    0  n   Y  1.00  2.36 1.00 -  |   476.7    429.9  0.00 | -1.0  0.0 0   0   0  0  0  0
  - 0.32s  --------    0  n   Y  1.00  2.47 1.00 -  |   476.8    430.3  0.00 | -1.0  0.0 0   1   0  0  0  0
  - 0.22s  --------    0  n   Y  1.00  2.57 1.00 -  |   476.8    430.6  0.00 | -1.0  0.0 0   1   0  0  0  0
  - 0.11s  --------    0  n   Y  1.00  2.67 1.00 -  |   476.9    430.9  0.00 | -1.0  0.0 0   0   0  0  0  0
  - 0.01s  --------    0  Y   Y  1.00  2.77 1.00 -  |   477.0    431.1  0.00 | -1.0  0.0 0   0   0  0  0  0
=========================================================== END

[  7589   36.502 x1.00] LOG  🚶 2-LEG JUMP
[  7589   36.502 x1.00] LOG  🐾 Jump 1 VFX spawned!
[  7673   36.853 x1.00] LOG  [Combat] Dash: DodgeDash_2Leg (4m, 20 dmg, 2leg)
[  7673   36.853 x1.00] LOG  [AirPosePin] engaged, holding body at 1.685m above the transform
[  7895   37.851 x1.00] LOG  [Combat] Safety: movement stuck 1.0s (atk=False dod=False dsh=True hvy=False hit=False animSpeed=1) — forcing reset
[  7895   37.851 x1.00] LOG  [Combat] Combat reset
[  7895   37.851 x1.00] LOG  [AirPosePin] released, peak correction was 1.124m
[  7994   38.270 x1.00] LOG  💨 Landing VFX spawned!
[  7994   38.270 x1.00] LOG  ✅ LANDED! (was jump #1)
[  8085   38.625 x1.00] LOG  🚶 2-LEG JUMP
[  8085   38.625 x1.00] LOG  🐾 Jump 1 VFX spawned!
[  8184   39.050 x1.00] LOG  [Combat] Dash: DodgeDash_2Leg (4m, 20 dmg, 2leg)
[  8184   39.050 x1.00] LOG  [AirPosePin] engaged, holding body at 1.635m above the transform
[  8313   39.651 x1.00] LOG  [OniBoss:Layer] watch stance ON (player 15.0m)
[  8398   40.042 x1.00] LOG  [Combat] Safety: movement stuck 1.0s (atk=False dod=False dsh=True hvy=False hit=False animSpeed=1) — forcing reset
[  8398   40.042 x1.00] LOG  [Combat] Combat reset
[  8398   40.042 x1.00] LOG  [AirPosePin] released, peak correction was 1.073m
[  8490   40.432 x1.00] LOG  
==================== [FREEZE-DEBUG v3] ====================
  Reason : WASD-NOMOVE: WASD recent + speed 0.00m/s for 0.40s
  Time   : 38.390s   Frame: 8490   Snaps: 60
===========================================================

--- CURRENT STATE ---
  Flags: atk=False hvy=False dod=False dsh=False
         grd=False hit=False aerial=False lockPos=False
         comboStep=0
  Anim : speed=1.00  combatLayer hash=-792875657 normT=0.387 weight=1.00 inTransition=False
  CC   : grounded=False  enabled=True  pos=(479.23, 0.02, 442.16)  vel=(0.00, -8.85, 0.00)
  Move : IsRunning=False
  Input: H=-1.00 V=0.00  LMB=False MMB=False Q=False Sp=False Sh=False C=False
         WASD pressed in last 0.5s: True (last 0.00s ago)

--- FLIGHT RECORDER (60 snapshots, oldest first, dt=0.10s) ---
  Legend: flags = A(tk) H(vy) D(od) S(sh) G(rd) R(eact) Y(aerial) L(ock)   gnd/cc: Y/n
  t-now    flags     step gnd cc anSp normT layW tr | posX     posZ     spd   | H    V    LMB MMB Q  Sp Sh C
  ------   --------  ---- --- -- ---- ----- ---- -- | -----    -----    ----  | ---- ---- --- --- -- -- -- -
  - 6.05s  --------    0  Y   Y  1.00  0.84 1.00 -  |   476.3    426.6  0.00 |  0.0 -1.0 0   0   0  0  0  0
  - 5.95s  --------    0  Y   Y  1.00  0.94 1.00 -  |   476.1    426.7  0.00 | -1.0  0.0 0   0   0  0  0  0
  - 5.85s  --------    0  Y   Y  1.00  1.04 1.00 -  |   476.0    426.8  0.00 | -1.0  0.0 0   0   0  0  0  0
  - 5.75s  --------    0  Y   Y  1.00  1.14 1.00 -  |   475.9    427.0  0.00 | -1.0  0.0 0   0   0  0  0  0
  - 5.65s  --------    0  Y   Y  1.00  1.24 1.00 -  |   475.9    427.2  0.00 | -1.0  0.0 0   0   0  0  0  0
  - 5.55s  --------    0  Y   Y  1.00  1.35 1.00 -  |   476.0    427.4  0.00 | -1.0  0.0 0   0   0  0  0  0
  - 5.45s  --------    0  Y   Y  1.00  1.45 1.00 -  |   476.1    427.6  0.00 | -1.0  0.0 0   0   0  0  0  0
  - 5.34s  --------    0  Y   Y  1.00  1.55 1.00 -  |   476.1    427.8  0.00 | -1.0  0.0 0   0   0  0  0  0
  - 5.24s  --------    0  Y   Y  1.00  1.65 1.00 -  |   476.2    428.0  0.00 | -1.0  0.0 0   0   0  0  0  0
  - 5.14s  --------    0  n   Y  1.00  1.75 1.00 -  |   476.2    428.2  0.00 | -1.0  0.0 0   0   0  1  0  0
  - 5.04s  --------    0  n   Y  1.00  1.85 1.00 -  |   476.3    428.5  0.00 | -1.0  0.0 0   0   0  1  0  0
  - 4.94s  --------    0  n   Y  1.00  1.96 1.00 -  |   476.4    428.8  0.00 | -1.0  0.0 0   0   0  0  0  0
  - 4.83s  --------    0  n   Y  1.00  2.06 1.00 -  |   476.4    429.1  0.00 | -1.0  0.0 0   0   0  0  0  0
  - 4.73s  --------    0  n   Y  1.00  2.16 1.00 -  |   476.5    429.4  0.00 | -1.0  0.0 0   0   0  0  0  0
  - 4.63s  --------    0  n   Y  1.00  2.26 1.00 -  |   476.6    429.7  0.00 | -1.0  0.0 0   0   0  0  0  0
  - 4.53s  --------    0  n   Y  1.00  2.36 1.00 -  |   476.7    429.9  0.00 | -1.0  0.0 0   0   0  0  0  0
  - 4.43s  --------    0  n   Y  1.00  2.47 1.00 -  |   476.8    430.3  0.00 | -1.0  0.0 0   1   0  0  0  0
  - 4.33s  --------    0  n   Y  1.00  2.57 1.00 -  |   476.8    430.6  0.00 | -1.0  0.0 0   1   0  0  0  0
  - 4.22s  --------    0  n   Y  1.00  2.67 1.00 -  |   476.9    430.9  0.00 | -1.0  0.0 0   0   0  0  0  0
  - 4.12s  --------    0  Y   Y  1.00  2.77 1.00 -  |   477.0    431.1  0.00 | -1.0  0.0 0   0   0  0  0  0
  - 4.02s  --------    0  Y   Y  1.00  2.88 1.00 -  |   477.0    431.3  0.00 | -1.0  0.0 0   0   0  0  0  0
  - 3.92s  --------    0  n   Y  1.00  2.98 1.00 -  |   477.1    431.4  0.00 | -1.0  0.0 0   0   0  1  0  0
  - 3.82s  --------    0  n   Y  1.00  3.08 1.00 -  |   477.2    431.7  0.00 | -1.0  0.0 0   0   0  1  0  0
  - 3.71s  --------    0  n   Y  1.00  3.18 1.00 -  |   477.2    432.0  0.00 | -1.0  0.0 0   0   0  0  0  0
  - 3.61s  --------    0  n   Y  1.00  3.28 1.00 -  |   477.3    432.3  0.00 | -1.0  0.0 0   0   0  0  0  0
  - 3.51s  ---S----    0  n   Y  1.00  0.06 1.00 -  |   477.4    432.5  1.37 | -1.0  0.0 0   1   0  0  0  0
  - 3.41s  ---S----    0  n   Y  1.00  0.16 1.00 -  |   477.4    432.7  3.30 | -1.0  0.0 0   0   0  0  0  0
  - 3.31s  ---S----    0  n   Y  1.00  0.26 1.00 -  |   477.5    433.1  4.67 | -1.0  0.0 0   0   0  0  0  0
  - 3.21s  ---S----    0  n   Y  1.00  0.37 1.00 -  |   477.6    433.7  5.59 | -1.0  0.0 0   0   0  0  0  0
  - 3.10s  ---S----    0  n   Y  1.00  0.47 1.00 -  |   477.7    434.3  5.98 | -1.0  0.0 0   0   0  0  0  0
  - 3.00s  ---S----    0  n   Y  1.00  0.58 1.00 -  |   477.8    434.9  5.86 | -1.0  0.0 0   0   0  0  0  0
  - 2.90s  ---S----    0  n   Y  1.00  0.68 1.00 -  |   477.9    435.4  5.23 | -1.0  0.0 0   0   0  0  0  0
  - 2.80s  ---S----    0  n   Y  1.00  0.78 1.00 -  |   478.0    435.9  4.11 | -1.0  0.0 0   0   0  0  0  0
  - 2.69s  ---S----    0  n   Y  1.00  0.88 1.00 -  |   478.0    436.2  2.49 | -1.0  0.0 0   0   0  0  0  0
  - 2.59s  ---S----    0  n   Y  1.00  0.98 1.00 -  |   478.0    436.4  0.35 | -1.0  0.0 0   0   0  0  0  0
  - 2.49s  --------    0  n   Y  1.00  1.09 1.00 T  |   478.0    436.4  0.00 | -1.0  0.0 0   0   0  0  0  0
  - 2.39s  --------    0  n   Y  1.00  0.19 1.00 -  |   478.0    436.4  0.00 | -1.0  0.0 0   0   0  0  0  0
  - 2.29s  --------    0  n   Y  1.00  0.29 1.00 -  |   478.0    436.4  0.00 | -1.0  0.0 0   0   0  0  0  0
  - 2.19s  --------    0  n   Y  1.00  0.39 1.00 -  |   478.0    436.4  0.00 | -1.0  0.0 0   0   0  0  0  0
  - 2.08s  --------    0  Y   Y  1.00  0.49 1.00 -  |   478.1    436.5  0.00 | -1.0  0.0 0   0   0  0  0  0
  - 1.98s  --------    0  Y   Y  1.00  0.60 1.00 -  |   478.1    436.7  0.00 | -1.0  0.0 0   0   0  0  0  0
  - 1.88s  --------    0  Y   Y  1.00  0.70 1.00 -  |   478.2    436.9  0.00 | -1.0  0.0 0   0   0  0  0  0
  - 1.78s  --------    0  n   Y  1.00  0.80 1.00 -  |   478.2    437.1  0.00 | -1.0  0.0 0   0   0  1  0  0
  - 1.67s  --------    0  n   Y  1.00  0.90 1.00 -  |   478.3    437.4  0.00 | -1.0  0.0 0   0   0  1  0  0
  - 1.56s  --------    0  n   Y  1.00  1.01 1.00 -  |   478.4    437.7  0.00 | -1.0  0.0 0   0   0  0  0  0
  - 1.46s  --------    0  n   Y  1.00  1.12 1.00 -  |   478.5    438.0  0.00 | -1.0  0.0 0   0   0  0  0  0
  - 1.36s  ---S----    0  n   Y  1.00  1.22 1.00 T  |   478.5    438.2  0.60 | -1.0  0.0 0   1   0  0  0  0
  - 1.25s  ---S----    0  n   Y  1.00  0.12 1.00 -  |   478.6    438.4  2.70 | -1.0  0.0 0   0   0  0  0  0
  - 1.15s  ---S----    0  n   Y  1.00  0.23 1.00 -  |   478.6    438.8  4.31 | -1.0  0.0 0   0   0  0  0  0
  - 1.05s  ---S----    0  n   Y  1.00  0.33 1.00 -  |   478.7    439.3  5.35 | -1.0  0.0 0   0   0  0  0  0
  - 0.95s  ---S----    0  n   Y  1.00  0.43 1.00 -  |   478.8    439.8  5.90 | -1.0  0.0 0   0   0  0  0  0
  - 0.84s  ---S----    0  n   Y  1.00  0.53 1.00 -  |   478.9    440.4  5.97 | -1.0  0.0 0   0   0  0  0  0
  - 0.74s  ---S----    0  n   Y  1.00  0.64 1.00 -  |   479.0    441.0  5.50 | -1.0  0.0 0   0   0  0  0  0
  - 0.64s  ---S----    0  n   Y  1.00  0.74 1.00 -  |   479.1    441.5  4.56 | -1.0  0.0 0   0   0  0  0  0
  - 0.54s  ---S----    0  n   Y  1.00  0.84 1.00 -  |   479.2    441.9  3.11 | -1.0  0.0 0   0   0  0  0  0
  - 0.43s  ---S----    0  n   Y  1.00  0.94 1.00 -  |   479.2    442.1  1.11 | -1.0  0.0 0   0   0  0  0  0
  - 0.33s  --------    0  n   Y  1.00  1.05 1.00 T  |   479.2    442.2  0.00 | -1.0  0.0 0   0   0  0  0  0
  - 0.23s  --------    0  n   Y  1.00  0.16 1.00 -  |   479.2    442.2  0.00 | -1.0  0.0 0   0   0  0  0  0
  - 0.13s  --------    0  n   Y  1.00  0.26 1.00 -  |   479.2    442.2  0.00 | -1.0  0.0 0   0   0  0  0  0
  - 0.02s  --------    0  n   Y  1.00  0.36 1.00 -  |   479.2    442.2  0.00 | -1.0  0.0 0   0   0  0  0  0
=========================================================== END

[  8493   40.445 x1.00] LOG  💨 Landing VFX spawned!
[  8493   40.445 x1.00] LOG  ✅ LANDED! (was jump #1)
[  8597   40.882 x1.00] LOG  🚶 2-LEG JUMP
[  8597   40.882 x1.00] LOG  🐾 Jump 1 VFX spawned!
[  8677   41.224 x1.00] LOG  [Combat] Dash: DodgeDash_2Leg (4m, 20 dmg, 2leg)
[  8677   41.224 x1.00] LOG  [AirPosePin] engaged, holding body at 1.544m above the transform
[  8886   42.222 x1.00] LOG  [Combat] Dash ended
[  8886   42.222 x1.00] LOG  [AirPosePin] released, peak correction was 0.983m
[  8963   42.609 x1.00] LOG  💨 Landing VFX spawned!
[  8963   42.609 x1.00] LOG  ✅ LANDED! (was jump #1)
[  9153   43.508 x1.00] LOG  [Combat] Dash: DodgeDash_2Leg (4m, 20 dmg, 2leg)
[  9153   43.508 x1.00] LOG  [AirPosePin] engaged, holding body at 0.558m above the transform
[  9370   44.502 x1.00] LOG  [Combat] Safety: movement stuck 1.0s (atk=False dod=False dsh=True hvy=False hit=False animSpeed=1) — forcing reset
[  9370   44.502 x1.00] LOG  [Combat] Combat reset
[  9370   44.502 x1.00] LOG  [AirPosePin] released, peak correction was -0.003m
[  9371   44.509 x1.00] LOG  💨 Landing VFX spawned!
[  9371   44.509 x1.00] LOG  ✅ LANDED! (was jump #0)
[  9458   44.892 x1.00] LOG  
==================== [FREEZE-DEBUG v3] ====================
  Reason : WASD-NOMOVE: WASD recent + speed 0.00m/s for 0.40s
  Time   : 42.849s   Frame: 9458   Snaps: 60
===========================================================

--- CURRENT STATE ---
  Flags: atk=False hvy=False dod=False dsh=False
         grd=False hit=False aerial=False lockPos=False
         comboStep=0
  Anim : speed=1.00  combatLayer hash=-792875657 normT=0.387 weight=1.00 inTransition=False
  CC   : grounded=True  enabled=True  pos=(478.61, -0.02, 442.09)  vel=(0.00, 0.00, 0.00)
  Move : IsRunning=False
  Input: H=1.00 V=0.00  LMB=False MMB=False Q=False Sp=False Sh=False C=False
         WASD pressed in last 0.5s: True (last 0.00s ago)

--- FLIGHT RECORDER (60 snapshots, oldest first, dt=0.10s) ---
  Legend: flags = A(tk) H(vy) D(od) S(sh) G(rd) R(eact) Y(aerial) L(ock)   gnd/cc: Y/n
  t-now    flags     step gnd cc anSp normT layW tr | posX     posZ     spd   | H    V    LMB MMB Q  Sp Sh C
  ------   --------  ---- --- -- ---- ----- ---- -- | -----    -----    ----  | ---- ---- --- --- -- -- -- -
  - 6.13s  --------    0  n   Y  1.00  0.90 1.00 -  |   478.3    437.4  0.00 | -1.0  0.0 0   0   0  1  0  0
  - 6.02s  --------    0  n   Y  1.00  1.01 1.00 -  |   478.4    437.7  0.00 | -1.0  0.0 0   0   0  0  0  0
  - 5.92s  --------    0  n   Y  1.00  1.12 1.00 -  |   478.5    438.0  0.00 | -1.0  0.0 0   0   0  0  0  0
  - 5.82s  ---S----    0  n   Y  1.00  1.22 1.00 T  |   478.5    438.2  0.60 | -1.0  0.0 0   1   0  0  0  0
  - 5.71s  ---S----    0  n   Y  1.00  0.12 1.00 -  |   478.6    438.4  2.70 | -1.0  0.0 0   0   0  0  0  0
  - 5.61s  ---S----    0  n   Y  1.00  0.23 1.00 -  |   478.6    438.8  4.31 | -1.0  0.0 0   0   0  0  0  0
  - 5.51s  ---S----    0  n   Y  1.00  0.33 1.00 -  |   478.7    439.3  5.35 | -1.0  0.0 0   0   0  0  0  0
  - 5.41s  ---S----    0  n   Y  1.00  0.43 1.00 -  |   478.8    439.8  5.90 | -1.0  0.0 0   0   0  0  0  0
  - 5.30s  ---S----    0  n   Y  1.00  0.53 1.00 -  |   478.9    440.4  5.97 | -1.0  0.0 0   0   0  0  0  0
  - 5.20s  ---S----    0  n   Y  1.00  0.64 1.00 -  |   479.0    441.0  5.50 | -1.0  0.0 0   0   0  0  0  0
  - 5.10s  ---S----    0  n   Y  1.00  0.74 1.00 -  |   479.1    441.5  4.56 | -1.0  0.0 0   0   0  0  0  0
  - 5.00s  ---S----    0  n   Y  1.00  0.84 1.00 -  |   479.2    441.9  3.11 | -1.0  0.0 0   0   0  0  0  0
  - 4.89s  ---S----    0  n   Y  1.00  0.94 1.00 -  |   479.2    442.1  1.11 | -1.0  0.0 0   0   0  0  0  0
  - 4.79s  --------    0  n   Y  1.00  1.05 1.00 T  |   479.2    442.2  0.00 | -1.0  0.0 0   0   0  0  0  0
  - 4.69s  --------    0  n   Y  1.00  0.16 1.00 -  |   479.2    442.2  0.00 | -1.0  0.0 0   0   0  0  0  0
  - 4.59s  --------    0  n   Y  1.00  0.26 1.00 -  |   479.2    442.2  0.00 | -1.0  0.0 0   0   0  0  0  0
  - 4.48s  --------    0  n   Y  1.00  0.36 1.00 -  |   479.2    442.2  0.00 | -1.0  0.0 0   0   0  0  0  0
  - 4.38s  --------    0  Y   Y  1.00  0.46 1.00 -  |   479.3    442.3  0.00 | -1.0  0.0 0   0   0  0  0  0
  - 4.28s  --------    0  Y   Y  1.00  0.57 1.00 -  |   479.3    442.5  0.00 | -1.0  0.0 0   0   0  0  0  0
  - 4.17s  --------    0  Y   Y  1.00  0.67 1.00 -  |   479.4    442.7  0.00 | -1.0  0.0 0   0   0  0  0  0
  - 4.07s  --------    0  Y   Y  1.00  0.78 1.00 -  |   479.4    442.9  0.00 | -1.0  0.0 0   0   0  0  0  0
  - 3.97s  --------    0  n   Y  1.00  0.88 1.00 -  |   479.5    443.1  0.00 | -1.0  0.0 0   0   0  1  0  0
  - 3.87s  --------    0  n   Y  1.00  0.98 1.00 -  |   479.6    443.4  0.00 | -1.0  0.0 0   0   0  1  0  0
  - 3.76s  --------    0  n   Y  1.00  1.08 1.00 -  |   479.6    443.7  0.00 | -1.0  0.0 0   0   0  0  0  0
  - 3.66s  ---S----    0  n   Y  1.00  1.19 1.00 T  |   479.7    444.0  0.00 | -1.0  0.0 0   1   0  0  0  0
  - 3.56s  ---S----    0  n   Y  1.00  0.10 1.00 -  |   479.7    444.1  2.26 | -1.0  0.0 0   1   0  0  0  0
  - 3.45s  ---S----    0  n   Y  1.00  0.21 1.00 -  |   479.8    444.4  4.00 | -1.0  0.0 0   0   0  0  0  0
  - 3.35s  ---S----    0  n   Y  1.00  0.31 1.00 -  |   479.9    444.9  5.16 | -1.0  0.0 0   0   0  0  0  0
  - 3.25s  ---S----    0  n   Y  1.00  0.41 1.00 -  |   480.0    445.5  5.83 |  0.0  0.0 0   0   0  0  0  0
  - 3.15s  ---S----    0  n   Y  1.00  0.52 1.00 -  |   480.1    446.0  5.99 |  0.0  0.0 0   0   0  0  0  0
  - 3.04s  ---S----    0  n   Y  1.00  0.62 1.00 -  |   480.2    446.6  5.64 |  0.0  0.0 0   0   0  0  0  0
  - 2.94s  ---S----    0  n   Y  1.00  0.72 1.00 -  |   480.3    447.2  4.82 |  0.0  0.0 0   0   0  0  0  0
  - 2.84s  ---S----    0  n   Y  1.00  0.82 1.00 -  |   480.4    447.6  3.51 |  0.0  0.0 0   0   0  0  0  0
  - 2.74s  ---S----    0  n   Y  1.00  0.93 1.00 -  |   480.4    447.8  1.61 |  0.0  0.0 0   0   0  0  0  0
  - 2.63s  --------    0  n   Y  1.00  1.03 1.00 T  |   480.4    447.9  0.00 |  0.0  0.0 0   0   0  0  0  0
  - 2.53s  --------    0  n   Y  1.00  1.14 1.00 T  |   480.4    447.9  0.00 |  0.0  0.0 0   0   0  0  0  0
  - 2.43s  --------    0  n   Y  1.00  0.24 1.00 -  |   480.4    447.9  0.00 |  0.0  0.0 0   0   0  0  0  0
  - 2.32s  --------    0  n   Y  1.00  0.34 1.00 -  |   480.4    447.9  0.00 |  0.0  0.0 0   0   0  0  0  0
  - 2.22s  --------    0  Y   Y  1.00  0.45 1.00 -  |   480.4    447.9  0.00 |  0.0  0.0 0   0   0  0  0  0
  - 2.12s  --------    0  Y   Y  1.00  0.55 1.00 -  |   480.4    447.9  0.00 |  0.0  0.0 0   0   0  0  0  0
  - 2.02s  --------    0  Y   Y  1.00  0.65 1.00 -  |   480.4    447.9  0.00 |  1.0  0.0 0   0   0  0  0  0
  - 1.92s  --------    0  Y   Y  1.00  0.75 1.00 -  |   480.4    447.7  0.00 |  1.0  0.0 0   0   0  0  0  0
  - 1.81s  --------    0  Y   Y  1.00  0.85 1.00 -  |   480.3    447.5  0.00 |  1.0  0.0 0   0   0  0  0  0
  - 1.71s  --------    0  Y   Y  1.00  0.96 1.00 -  |   480.3    447.3  0.00 |  1.0  0.0 0   0   0  0  0  0
  - 1.61s  --------    0  Y   Y  1.00  1.06 1.00 -  |   480.2    447.0  0.00 |  1.0  0.0 0   0   0  0  0  0
  - 1.50s  --------    0  Y   Y  1.00  1.16 1.00 -  |   480.1    446.8  0.00 |  1.0  0.0 0   0   0  0  0  0
  - 1.40s  --------    0  Y   Y  1.00  1.26 1.00 -  |   480.1    446.7  0.00 |  1.0  0.0 0   0   0  0  0  0
  - 1.30s  ---S----    0  n   Y  1.00  0.08 1.00 -  |   480.1    446.5  1.77 |  1.0  0.0 0   1   0  0  0  0
  - 1.20s  ---S----    0  n   Y  1.00  0.18 1.00 -  |   480.0    446.3  3.60 |  1.0  0.0 0   0   0  0  0  0
  - 1.10s  ---S----    0  n   Y  1.00  0.28 1.00 -  |   479.8    445.8  4.94 |  1.0  0.0 0   0   0  0  0  0
  - 0.99s  ---S----    0  n   Y  1.00  0.38 1.00 -  |   479.6    445.3  5.70 |  1.0  0.0 0   0   0  0  0  0
  - 0.89s  ---S----    0  n   Y  1.00  0.49 1.00 -  |   479.4    444.7  6.00 |  1.0  0.0 0   0   0  0  0  0
  - 0.79s  ---S----    0  n   Y  1.00  0.59 1.00 -  |   479.3    444.2  5.78 |  1.0  0.0 0   0   0  0  0  0
  - 0.69s  ---S----    0  n   Y  1.00  0.69 1.00 -  |   479.1    443.6  5.05 |  1.0  0.0 0   0   0  0  0  0
  - 0.58s  ---S----    0  n   Y  1.00  0.79 1.00 -  |   478.9    443.2  3.86 |  1.0  0.0 0   0   0  0  0  0
  - 0.48s  ---S----    0  n   Y  1.00  0.90 1.00 -  |   478.8    442.9  2.08 |  1.0  0.0 0   0   0  0  0  0
  - 0.38s  --------    0  Y   Y  1.00  1.00 1.00 T  |   478.8    442.8  0.00 |  1.0  0.0 0   0   0  0  0  0
  - 0.28s  --------    0  Y   Y  1.00  0.11 1.00 -  |   478.8    442.6  0.00 |  1.0  0.0 0   0   0  0  0  0
  - 0.18s  --------    0  Y   Y  1.00  0.21 1.00 -  |   478.7    442.4  0.00 |  1.0  0.0 0   0   0  0  0  0
  - 0.07s  --------    0  Y   Y  1.00  0.31 1.00 -  |   478.7    442.2  0.00 |  1.0  0.0 0   0   0  0  0  0
=========================================================== END

[  9513   45.138 x1.00] LOG  [Combat] Dash: DodgeDash_2Leg (4m, 20 dmg, 2leg)
[  9513   45.138 x1.00] LOG  [AirPosePin] engaged, holding body at 0.640m above the transform
[  9633   45.692 x1.00] LOG  [OniBoss:Layer] watch stance OFF, back to Idle (player 16.5m)
[  9735   46.140 x1.00] LOG  [Combat] Safety: movement stuck 1.0s (atk=False dod=False dsh=True hvy=False hit=False animSpeed=1) — forcing reset
[  9735   46.140 x1.00] LOG  [Combat] Combat reset
[  9735   46.140 x1.00] LOG  [AirPosePin] released, peak correction was 0.054m
[  9737   46.149 x1.00] LOG  💨 Landing VFX spawned!
[  9737   46.149 x1.00] LOG  ✅ LANDED! (was jump #0)
[ 10010   47.334 x1.00] LOG  [Combat] Dash: DodgeDash_4Leg (5m, 20 dmg, 4leg)
[ 10010   47.334 x1.00] LOG  [AirPosePin] engaged, holding body at 0.666m above the transform
[ 10129   47.879 x1.00] LOG  [OniBoss:Layer] watch stance ON (player 15.0m)
[ 10231   48.334 x1.00] LOG  [Combat] Safety: movement stuck 1.0s (atk=False dod=False dsh=True hvy=False hit=False animSpeed=1) — forcing reset
[ 10231   48.334 x1.00] LOG  [Combat] Combat reset
[ 10231   48.334 x1.00] LOG  [AirPosePin] released, peak correction was -0.002m
[ 10234   48.346 x1.00] LOG  💨 Landing VFX spawned!
[ 10234   48.346 x1.00] LOG  ✅ LANDED! (was jump #0)
[ 10352   48.878 x1.00] LOG  🐾 4-LEG JUMP #0
[ 10352   48.878 x1.00] LOG  🐾 Jump 1 VFX spawned!
[ 10405   49.128 x1.00] LOG  
==================== [FREEZE-DEBUG v3] ====================
  Reason : WASD-NOMOVE: WASD recent + speed 0.00m/s for 0.40s
  Time   : 47.085s   Frame: 10405   Snaps: 60
===========================================================

--- CURRENT STATE ---
  Flags: atk=False hvy=False dod=False dsh=False
         grd=False hit=False aerial=False lockPos=False
         comboStep=0
  Anim : speed=1.00  combatLayer hash=-792875657 normT=0.789 weight=1.00 inTransition=False
  CC   : grounded=False  enabled=True  pos=(479.00, 1.45, 447.17)  vel=(0.00, 3.85, 0.00)
  Move : IsRunning=True
  Input: H=-1.00 V=0.00  LMB=False MMB=False Q=False Sp=False Sh=True C=False
         WASD pressed in last 0.5s: True (last 0.00s ago)

--- FLIGHT RECORDER (60 snapshots, oldest first, dt=0.10s) ---
  Legend: flags = A(tk) H(vy) D(od) S(sh) G(rd) R(eact) Y(aerial) L(ock)   gnd/cc: Y/n
  t-now    flags     step gnd cc anSp normT layW tr | posX     posZ     spd   | H    V    LMB MMB Q  Sp Sh C
  ------   --------  ---- --- -- ---- ----- ---- -- | -----    -----    ----  | ---- ---- --- --- -- -- -- -
  - 6.05s  --------    0  Y   Y  1.00  0.85 1.00 -  |   480.3    447.5  0.00 |  1.0  0.0 0   0   0  0  0  0
  - 5.95s  --------    0  Y   Y  1.00  0.96 1.00 -  |   480.3    447.3  0.00 |  1.0  0.0 0   0   0  0  0  0
  - 5.84s  --------    0  Y   Y  1.00  1.06 1.00 -  |   480.2    447.0  0.00 |  1.0  0.0 0   0   0  0  0  0
  - 5.74s  --------    0  Y   Y  1.00  1.16 1.00 -  |   480.1    446.8  0.00 |  1.0  0.0 0   0   0  0  0  0
  - 5.64s  --------    0  Y   Y  1.00  1.26 1.00 -  |   480.1    446.7  0.00 |  1.0  0.0 0   0   0  0  0  0
  - 5.54s  ---S----    0  n   Y  1.00  0.08 1.00 -  |   480.1    446.5  1.77 |  1.0  0.0 0   1   0  0  0  0
  - 5.43s  ---S----    0  n   Y  1.00  0.18 1.00 -  |   480.0    446.3  3.60 |  1.0  0.0 0   0   0  0  0  0
  - 5.33s  ---S----    0  n   Y  1.00  0.28 1.00 -  |   479.8    445.8  4.94 |  1.0  0.0 0   0   0  0  0  0
  - 5.23s  ---S----    0  n   Y  1.00  0.38 1.00 -  |   479.6    445.3  5.70 |  1.0  0.0 0   0   0  0  0  0
  - 5.13s  ---S----    0  n   Y  1.00  0.49 1.00 -  |   479.4    444.7  6.00 |  1.0  0.0 0   0   0  0  0  0
  - 5.03s  ---S----    0  n   Y  1.00  0.59 1.00 -  |   479.3    444.2  5.78 |  1.0  0.0 0   0   0  0  0  0
  - 4.92s  ---S----    0  n   Y  1.00  0.69 1.00 -  |   479.1    443.6  5.05 |  1.0  0.0 0   0   0  0  0  0
  - 4.82s  ---S----    0  n   Y  1.00  0.79 1.00 -  |   478.9    443.2  3.86 |  1.0  0.0 0   0   0  0  0  0
  - 4.72s  ---S----    0  n   Y  1.00  0.90 1.00 -  |   478.8    442.9  2.08 |  1.0  0.0 0   0   0  0  0  0
  - 4.62s  --------    0  Y   Y  1.00  1.00 1.00 T  |   478.8    442.8  0.00 |  1.0  0.0 0   0   0  0  0  0
  - 4.51s  --------    0  Y   Y  1.00  0.11 1.00 -  |   478.8    442.6  0.00 |  1.0  0.0 0   0   0  0  0  0
  - 4.41s  --------    0  Y   Y  1.00  0.21 1.00 -  |   478.7    442.4  0.00 |  1.0  0.0 0   0   0  0  0  0
  - 4.31s  --------    0  Y   Y  1.00  0.31 1.00 -  |   478.7    442.2  0.00 |  1.0  0.0 0   0   0  0  0  0
  - 4.20s  --------    0  Y   Y  1.00  0.42 1.00 -  |   478.6    442.0  0.00 |  1.0  0.0 0   0   0  0  0  0
  - 4.10s  --------    0  Y   Y  1.00  0.52 1.00 -  |   478.5    441.8  0.00 |  1.0  0.0 0   0   0  0  0  0
  - 4.00s  --------    0  Y   Y  1.00  0.62 1.00 -  |   478.5    441.6  0.00 |  1.0  0.0 0   0   0  0  0  0
  - 3.90s  ---S----    0  n   Y  1.00  0.09 1.00 -  |   478.5    441.5  1.98 |  1.0  0.0 0   1   0  0  0  0
  - 3.80s  ---S----    0  n   Y  1.00  0.19 1.00 -  |   478.4    441.2  3.74 |  1.0  0.0 0   0   0  0  0  0
  - 3.69s  ---S----    0  n   Y  1.00  0.29 1.00 -  |   478.2    440.8  5.04 |  1.0  0.0 0   0   0  0  0  0
  - 3.59s  ---S----    0  n   Y  1.00  0.39 1.00 -  |   478.0    440.3  5.75 |  1.0  0.0 0   0   0  0  0  0
  - 3.49s  ---S----    0  n   Y  1.00  0.49 1.00 -  |   477.8    439.7  6.01 |  1.0  0.0 0   0   0  0  0  0
  - 3.39s  ---S----    0  n   Y  1.00  0.59 1.00 -  |   477.7    439.2  5.77 |  1.0  0.0 0   0   0  0  0  0
  - 3.29s  ---S----    0  n   Y  1.00  0.70 1.00 -  |   477.5    438.6  4.99 |  1.0  0.0 0   0   0  0  0  0
  - 3.18s  ---S----    0  n   Y  1.00  0.80 1.00 -  |   477.3    438.2  3.70 |  1.0  0.0 0   0   0  0  0  0
  - 3.08s  ---S----    0  n   Y  1.00  0.90 1.00 -  |   477.2    437.9  1.98 |  1.0  0.0 0   0   0  0  0  0
  - 2.98s  --------    0  Y   Y  1.00  1.01 1.00 T  |   477.2    437.8  0.00 |  1.0  0.0 0   0   0  0  0  0
  - 2.88s  --------    0  Y   Y  1.00  0.10 1.00 -  |   477.1    437.6  0.00 |  1.0  0.0 0   0   0  0  0  0
  - 2.77s  --------    0  Y   Y  1.00  0.21 1.00 -  |   477.1    437.5  0.00 |  1.0  0.0 0   0   0  0  0  0
  - 2.67s  --------    0  Y   Y  1.00  0.31 1.00 -  |   477.0    437.3  0.00 |  1.0  0.0 0   0   0  0  0  0
  - 2.57s  --------    0  Y   Y  1.00  0.41 1.00 -  |   477.0    437.1  0.00 |  1.0  0.0 0   0   0  0  0  0
  - 2.47s  --------    0  Y   Y  1.00  0.52 1.00 -  |   476.9    436.9  0.00 |  1.0  0.0 0   0   0  0  0  0
  - 2.36s  --------    0  Y   Y  1.00  0.62 1.00 -  |   476.9    436.6  0.00 |  0.0  0.0 0   0   0  0  0  0
  - 2.26s  --------    0  Y   Y  1.00  0.73 1.00 -  |   476.8    436.5  0.00 | -1.0  0.0 0   0   0  0  0  0
  - 2.15s  --------    0  Y   Y  1.00  0.83 1.00 -  |   476.9    436.6  0.00 | -1.0  0.0 0   0   0  0  0  0
  - 2.05s  --------    0  Y   Y  1.00  0.93 1.00 -  |   476.9    436.8  0.00 | -1.0  0.0 0   0   0  0  0  0
  - 1.95s  --------    0  Y   Y  1.00  1.03 1.00 -  |   477.0    437.1  0.00 | -1.0  0.0 0   0   0  0  1  0
  - 1.85s  --------    0  Y   Y  1.00  1.14 1.00 -  |   477.2    437.8  0.00 | -1.0  0.0 0   0   0  0  1  0
  - 1.75s  ---S----    0  n   Y  1.00  0.05 1.00 -  |   477.3    438.2  1.34 | -1.0  0.0 0   1   0  0  1  0
  - 1.64s  ---S----    0  n   Y  1.00  0.16 1.00 -  |   477.3    438.5  3.75 | -1.0  0.0 0   0   0  0  1  0
  - 1.54s  ---S----    0  n   Y  1.00  0.28 1.00 -  |   477.4    439.0  5.61 | -1.0  0.0 0   0   0  0  1  0
  - 1.43s  ---S----    0  n   Y  1.00  0.39 1.00 -  |   477.5    439.7  6.88 | -1.0  0.0 0   0   0  0  1  0
  - 1.33s  ---S----    0  n   Y  1.00  0.51 1.00 -  |   477.6    440.4  7.45 | -1.0  0.0 0   0   0  0  1  0
  - 1.23s  ---S----    0  n   Y  1.00  0.62 1.00 -  |   477.7    441.2  7.38 | -1.0  0.0 0   0   0  0  1  0
  - 1.13s  ---S----    0  n   Y  1.00  0.74 1.00 -  |   477.8    441.9  6.67 | -1.0  0.0 0   0   0  0  1  0
  - 1.02s  ---S----    0  n   Y  1.00  0.85 1.00 -  |   477.8    442.5  5.36 | -1.0  0.0 0   0   0  0  1  0
  - 0.92s  ---S----    0  n   Y  1.00  0.97 1.00 -  |   477.9    442.9  3.39 | -1.0  0.0 0   0   0  0  1  0
  - 0.82s  ---S----    0  n   Y  1.00  1.08 1.00 -  |   477.9    443.2  0.84 | -1.0  0.0 0   0   0  0  1  0
  - 0.72s  --------    0  Y   Y  1.00  1.19 1.00 T  |   478.0    443.6  0.00 | -1.0  0.0 0   0   0  0  1  0
  - 0.62s  --------    0  Y   Y  1.00  0.18 1.00 -  |   478.2    444.2  0.00 | -1.0  0.0 0   0   0  0  1  0
  - 0.51s  --------    0  Y   Y  1.00  0.28 1.00 -  |   478.4    444.9  0.00 |  0.0  0.0 0   0   0  0  1  0
  - 0.41s  --------    0  Y   Y  1.00  0.38 1.00 -  |   478.6    445.6  0.00 |  0.0  0.0 0   0   0  0  1  0
  - 0.31s  --------    0  Y   Y  1.00  0.47 1.00 -  |   478.8    446.3  0.00 |  0.0  0.0 0   0   0  0  1  0
  - 0.21s  --------    0  n   Y  1.00  0.58 1.00 -  |   478.9    446.8  0.00 |  0.0  0.0 0   0   0  1  1  0
  - 0.11s  --------    0  n   Y  1.00  0.68 1.00 -  |   478.9    446.8  0.00 | -1.0  0.0 0   0   0  1  1  0
  - 0.00s  --------    0  n   Y  1.00  0.78 1.00 -  |   479.0    447.2  0.00 | -1.0  0.0 0   0   0  0  1  0
=========================================================== END

[ 10536   49.803 x1.00] LOG  💨 Landing VFX spawned!
[ 10536   49.803 x1.00] LOG  ✅ LANDED! (was jump #1)
[ 10718   50.679 x1.00] LOG  🐾 4-LEG JUMP #0
[ 10718   50.679 x1.00] LOG  🐾 Jump 1 VFX spawned!
[ 10733   50.753 x1.00] LOG  [StormWeather] ⚡ strike at (485.76, 45.00, 448.24)
[ 10785   51.045 x1.00] LOG  [Combat] Dash: DodgeDash_4Leg (5m, 20 dmg, 4leg)
[ 10785   51.045 x1.00] LOG  [AirPosePin] engaged, holding body at 1.246m above the transform
[ 11002   52.042 x1.00] LOG  [Combat] Safety: movement stuck 1.0s (atk=False dod=False dsh=True hvy=False hit=False animSpeed=1) — forcing reset
[ 11002   52.042 x1.00] LOG  [Combat] Combat reset
[ 11002   52.042 x1.00] LOG  [AirPosePin] released, peak correction was 0.588m
[ 11098   52.443 x1.00] LOG  💨 Landing VFX spawned!
[ 11098   52.443 x1.00] LOG  ✅ LANDED! (was jump #1)
[ 11111   52.503 x1.00] LOG  [OniBoss:Layer] watch stance OFF, back to Idle (player 16.6m)
[ 11280   53.243 x1.00] LOG  
==================== [FREEZE-DEBUG v3] ====================
  Reason : WASD-NOMOVE: WASD recent + speed 0.00m/s for 0.40s
  Time   : 51.200s   Frame: 11280   Snaps: 60
===========================================================

--- CURRENT STATE ---
  Flags: atk=False hvy=False dod=False dsh=False
         grd=False hit=False aerial=False lockPos=False
         comboStep=0
  Anim : speed=1.00  combatLayer hash=-792875657 normT=1.192 weight=1.00 inTransition=False
  CC   : grounded=True  enabled=True  pos=(474.90, -0.02, 434.80)  vel=(0.00, 0.00, 0.00)
  Move : IsRunning=True
  Input: H=1.00 V=0.00  LMB=False MMB=False Q=False Sp=False Sh=True C=False
         WASD pressed in last 0.5s: True (last 0.00s ago)

--- FLIGHT RECORDER (60 snapshots, oldest first, dt=0.10s) ---
  Legend: flags = A(tk) H(vy) D(od) S(sh) G(rd) R(eact) Y(aerial) L(ock)   gnd/cc: Y/n
  t-now    flags     step gnd cc anSp normT layW tr | posX     posZ     spd   | H    V    LMB MMB Q  Sp Sh C
  ------   --------  ---- --- -- ---- ----- ---- -- | -----    -----    ----  | ---- ---- --- --- -- -- -- -
  - 6.06s  --------    0  Y   Y  1.00  1.03 1.00 -  |   477.0    437.1  0.00 | -1.0  0.0 0   0   0  0  1  0
  - 5.96s  --------    0  Y   Y  1.00  1.14 1.00 -  |   477.2    437.8  0.00 | -1.0  0.0 0   0   0  0  1  0
  - 5.86s  ---S----    0  n   Y  1.00  0.05 1.00 -  |   477.3    438.2  1.34 | -1.0  0.0 0   1   0  0  1  0
  - 5.76s  ---S----    0  n   Y  1.00  0.16 1.00 -  |   477.3    438.5  3.75 | -1.0  0.0 0   0   0  0  1  0
  - 5.65s  ---S----    0  n   Y  1.00  0.28 1.00 -  |   477.4    439.0  5.61 | -1.0  0.0 0   0   0  0  1  0
  - 5.55s  ---S----    0  n   Y  1.00  0.39 1.00 -  |   477.5    439.7  6.88 | -1.0  0.0 0   0   0  0  1  0
  - 5.44s  ---S----    0  n   Y  1.00  0.51 1.00 -  |   477.6    440.4  7.45 | -1.0  0.0 0   0   0  0  1  0
  - 5.34s  ---S----    0  n   Y  1.00  0.62 1.00 -  |   477.7    441.2  7.38 | -1.0  0.0 0   0   0  0  1  0
  - 5.24s  ---S----    0  n   Y  1.00  0.74 1.00 -  |   477.8    441.9  6.67 | -1.0  0.0 0   0   0  0  1  0
  - 5.14s  ---S----    0  n   Y  1.00  0.85 1.00 -  |   477.8    442.5  5.36 | -1.0  0.0 0   0   0  0  1  0
  - 5.04s  ---S----    0  n   Y  1.00  0.97 1.00 -  |   477.9    442.9  3.39 | -1.0  0.0 0   0   0  0  1  0
  - 4.93s  ---S----    0  n   Y  1.00  1.08 1.00 -  |   477.9    443.2  0.84 | -1.0  0.0 0   0   0  0  1  0
  - 4.83s  --------    0  Y   Y  1.00  1.19 1.00 T  |   478.0    443.6  0.00 | -1.0  0.0 0   0   0  0  1  0
  - 4.73s  --------    0  Y   Y  1.00  0.18 1.00 -  |   478.2    444.2  0.00 | -1.0  0.0 0   0   0  0  1  0
  - 4.63s  --------    0  Y   Y  1.00  0.28 1.00 -  |   478.4    444.9  0.00 |  0.0  0.0 0   0   0  0  1  0
  - 4.53s  --------    0  Y   Y  1.00  0.38 1.00 -  |   478.6    445.6  0.00 |  0.0  0.0 0   0   0  0  1  0
  - 4.43s  --------    0  Y   Y  1.00  0.47 1.00 -  |   478.8    446.3  0.00 |  0.0  0.0 0   0   0  0  1  0
  - 4.32s  --------    0  n   Y  1.00  0.58 1.00 -  |   478.9    446.8  0.00 |  0.0  0.0 0   0   0  1  1  0
  - 4.22s  --------    0  n   Y  1.00  0.68 1.00 -  |   478.9    446.8  0.00 | -1.0  0.0 0   0   0  1  1  0
  - 4.12s  --------    0  n   Y  1.00  0.78 1.00 -  |   479.0    447.2  0.00 | -1.0  0.0 0   0   0  0  1  0
  - 4.02s  --------    0  n   Y  1.00  0.89 1.00 -  |   479.1    447.5  0.00 |  0.0  0.0 0   0   0  0  1  0
  - 3.91s  --------    0  n   Y  1.00  0.99 1.00 -  |   479.2    447.7  0.00 |  0.0  0.0 0   0   0  0  1  0
  - 3.81s  --------    0  n   Y  1.00  1.09 1.00 -  |   479.2    447.7  0.00 | -1.0  0.0 0   0   0  0  1  0
  - 3.71s  --------    0  n   Y  1.00  1.20 1.00 -  |   479.2    447.9  0.00 | -1.0  0.0 0   0   0  0  1  0
  - 3.60s  --------    0  n   Y  1.00  1.30 1.00 -  |   479.2    448.1  0.00 | -1.0  0.0 0   0   0  0  1  0
  - 3.50s  --------    0  n   Y  1.00  1.41 1.00 -  |   479.3    448.3  0.00 | -1.0  0.0 0   0   0  0  1  0
  - 3.40s  --------    0  Y   Y  1.00  1.51 1.00 -  |   479.4    448.6  0.00 | -1.0  0.0 0   0   0  0  1  0
  - 3.30s  --------    0  Y   Y  1.00  1.61 1.00 -  |   479.6    449.3  0.00 | -1.0  0.0 0   0   0  0  1  0
  - 3.20s  --------    0  Y   Y  1.00  1.70 1.00 -  |   479.8    450.0  0.00 | -1.0  0.0 0   0   0  0  1  0
  - 3.09s  --------    0  Y   Y  1.00  1.81 1.00 -  |   479.7    449.9  0.00 |  1.0  0.0 0   0   0  0  1  0
  - 2.99s  --------    0  Y   Y  1.00  1.91 1.00 -  |   479.5    449.2  0.00 |  1.0  0.0 0   0   0  0  1  0
  - 2.89s  --------    0  Y   Y  1.00  2.01 1.00 -  |   479.4    448.5  0.00 |  1.0  0.0 0   0   0  0  1  0
  - 2.79s  --------    0  Y   Y  1.00  2.11 1.00 -  |   479.2    447.8  0.00 |  1.0  0.0 0   0   0  0  1  0
  - 2.69s  --------    0  Y   Y  1.00  2.22 1.00 -  |   479.0    447.2  0.00 |  1.0  0.0 0   0   0  0  1  0
  - 2.59s  --------    0  Y   Y  1.00  2.32 1.00 -  |   478.8    446.5  0.00 |  1.0  0.0 0   0   0  0  1  0
  - 2.48s  --------    0  n   Y  1.00  2.42 1.00 -  |   478.7    446.1  0.00 |  1.0  0.0 0   0   0  1  1  0
  - 2.38s  --------    0  n   Y  1.00  2.53 1.00 -  |   478.6    445.6  0.00 |  1.0  0.0 0   0   0  1  1  0
  - 2.28s  --------    0  n   Y  1.00  2.62 1.00 -  |   478.4    445.1  0.00 |  1.0  0.0 0   0   0  0  1  0
  - 2.17s  ---S----    0  n   Y  1.00  2.73 1.00 T  |   478.4    444.8  0.69 |  1.0  0.0 0   1   0  0  1  0
  - 2.07s  ---S----    0  n   Y  1.00  0.13 1.00 -  |   478.3    444.6  3.19 |  1.0  0.0 0   1   0  0  1  0
  - 1.97s  ---S----    0  n   Y  1.00  0.24 1.00 -  |   478.1    444.2  5.16 |  1.0  0.0 0   0   0  0  1  0
  - 1.87s  ---S----    0  n   Y  1.00  0.36 1.00 -  |   477.8    443.6  6.59 |  1.0  0.0 0   0   0  0  1  0
  - 1.77s  ---S----    0  n   Y  1.00  0.47 1.00 -  |   477.6    443.0  7.34 |  1.0  0.0 0   0   0  0  1  0
  - 1.66s  ---S----    0  n   Y  1.00  0.59 1.00 -  |   477.3    442.3  7.48 |  1.0  0.0 0   0   0  0  1  0
  - 1.56s  ---S----    0  n   Y  1.00  0.70 1.00 -  |   477.0    441.6  6.96 |  1.0  0.0 0   0   0  0  1  0
  - 1.46s  ---S----    0  n   Y  1.00  0.82 1.00 -  |   476.7    441.0  5.82 |  1.0  0.0 0   0   0  0  1  0
  - 1.36s  ---S----    0  n   Y  1.00  0.93 1.00 -  |   476.5    440.5  4.11 |  1.0  0.0 0   0   0  0  1  0
  - 1.25s  ---S----    0  n   Y  1.00  1.04 1.00 -  |   476.4    440.2  1.62 |  1.0  0.0 0   0   0  0  1  0
  - 1.15s  --------    0  n   Y  1.00  1.16 1.00 T  |   476.4    440.2  0.00 |  1.0  0.0 0   0   0  0  1  0
  - 1.05s  --------    0  n   Y  1.00  0.15 1.00 -  |   476.4    440.2  0.00 |  1.0  0.0 0   0   0  0  1  0
  - 0.95s  --------    0  n   Y  1.00  0.25 1.00 -  |   476.4    440.2  0.00 |  1.0  0.0 0   0   0  0  1  0
  - 0.85s  --------    0  n   Y  1.00  0.35 1.00 -  |   476.4    440.2  0.00 |  1.0  0.0 0   0   0  0  1  0
  - 0.75s  --------    0  Y   Y  1.00  0.45 1.00 -  |   476.3    439.9  0.00 |  1.0  0.0 0   0   0  0  1  0
  - 0.64s  --------    0  Y   Y  1.00  0.55 1.00 -  |   476.1    439.3  0.00 |  1.0  0.0 0   0   0  0  1  0
  - 0.54s  --------    0  Y   Y  1.00  0.66 1.00 -  |   475.9    438.6  0.00 |  1.0  0.0 0   0   0  0  1  0
  - 0.44s  --------    0  Y   Y  1.00  0.76 1.00 -  |   475.7    437.8  0.00 |  1.0  0.0 0   0   0  0  1  0
  - 0.34s  --------    0  Y   Y  1.00  0.86 1.00 -  |   475.5    437.1  0.00 |  1.0  0.0 0   0   0  0  1  0
  - 0.23s  --------    0  Y   Y  1.00  0.96 1.00 -  |   475.3    436.4  0.00 |  1.0  0.0 0   0   0  0  1  0
  - 0.13s  --------    0  Y   Y  1.00  1.06 1.00 -  |   475.2    435.7  0.00 |  1.0  0.0 0   0   0  0  1  0
  - 0.03s  --------    0  Y   Y  1.00  1.16 1.00 -  |   475.0    435.1  0.00 |  1.0  0.0 0   0   0  0  1  0
=========================================================== END

[ 11369   53.652 x1.00] LOG  🐾 4-LEG JUMP #0
[ 11369   53.652 x1.00] LOG  🐾 Jump 1 VFX spawned!
[ 11467   54.097 x1.00] LOG  [Combat] Dash: DodgeDash_4Leg (5m, 20 dmg, 4leg)
[ 11467   54.097 x1.00] LOG  [AirPosePin] engaged, holding body at 1.758m above the transform
[ 11690   55.098 x1.00] LOG  [Combat] Dash ended
[ 11690   55.098 x1.00] LOG  [AirPosePin] released, peak correction was 1.102m
[ 11780   55.462 x1.00] LOG  💨 Landing VFX spawned!
[ 11780   55.462 x1.00] LOG  ✅ LANDED! (was jump #1)
[ 12218   57.273 x1.00] LOG  [Combat] Dash: DodgeDash_2Leg (4m, 20 dmg, 2leg)
[ 12220   57.279 x1.00] LOG  [AirPosePin] engaged, holding body at 0.573m above the transform
[ 12221   57.283 x1.00] LOG  [AirPosePin] released, peak correction was 0.000m
[ 12451   58.261 x1.00] LOG  [AirPosePin] engaged, holding body at 0.561m above the transform
[ 12454   58.273 x1.00] LOG  [Combat] Dash ended
[ 12454   58.273 x1.00] LOG  [AirPosePin] released, peak correction was 0.000m
[ 12545   58.654 x1.00] LOG  
==================== [FREEZE-DEBUG v3] ====================
  Reason : WASD-NOMOVE: WASD recent + speed 0.00m/s for 0.40s
  Time   : 56.611s   Frame: 12545   Snaps: 60
===========================================================

--- CURRENT STATE ---
  Flags: atk=False hvy=False dod=False dsh=False
         grd=False hit=False aerial=False lockPos=False
         comboStep=0
  Anim : speed=1.00  combatLayer hash=-792875657 normT=0.379 weight=1.00 inTransition=False
  CC   : grounded=True  enabled=True  pos=(476.02, 1.65, 426.48)  vel=(0.00, -0.49, 0.00)
  Move : IsRunning=False
  Input: H=-1.00 V=0.00  LMB=False MMB=False Q=False Sp=False Sh=False C=False
         WASD pressed in last 0.5s: True (last 0.00s ago)

--- FLIGHT RECORDER (60 snapshots, oldest first, dt=0.10s) ---
  Legend: flags = A(tk) H(vy) D(od) S(sh) G(rd) R(eact) Y(aerial) L(ock)   gnd/cc: Y/n
  t-now    flags     step gnd cc anSp normT layW tr | posX     posZ     spd   | H    V    LMB MMB Q  Sp Sh C
  ------   --------  ---- --- -- ---- ----- ---- -- | -----    -----    ----  | ---- ---- --- --- -- -- -- -
  - 6.05s  --------    0  Y   Y  1.00  0.55 1.00 -  |   476.1    439.3  0.00 |  1.0  0.0 0   0   0  0  1  0
  - 5.95s  --------    0  Y   Y  1.00  0.66 1.00 -  |   475.9    438.6  0.00 |  1.0  0.0 0   0   0  0  1  0
  - 5.85s  --------    0  Y   Y  1.00  0.76 1.00 -  |   475.7    437.8  0.00 |  1.0  0.0 0   0   0  0  1  0
  - 5.75s  --------    0  Y   Y  1.00  0.86 1.00 -  |   475.5    437.1  0.00 |  1.0  0.0 0   0   0  0  1  0
  - 5.65s  --------    0  Y   Y  1.00  0.96 1.00 -  |   475.3    436.4  0.00 |  1.0  0.0 0   0   0  0  1  0
  - 5.54s  --------    0  Y   Y  1.00  1.06 1.00 -  |   475.2    435.7  0.00 |  1.0  0.0 0   0   0  0  1  0
  - 5.44s  --------    0  Y   Y  1.00  1.16 1.00 -  |   475.0    435.1  0.00 |  1.0  0.0 0   0   0  0  1  0
  - 5.34s  --------    0  Y   Y  1.00  1.27 1.00 -  |   474.8    434.4  0.00 |  1.0  0.0 0   0   0  0  1  0
  - 5.24s  --------    0  Y   Y  1.00  1.37 1.00 -  |   474.6    433.7  0.00 |  1.0  0.0 0   0   0  0  1  0
  - 5.13s  --------    0  Y   Y  1.00  1.47 1.00 -  |   474.4    433.0  0.00 |  1.0  0.0 0   0   0  0  1  0
  - 5.03s  --------    0  Y   Y  1.00  1.57 1.00 -  |   474.2    432.4  0.00 |  1.0  0.0 0   0   0  0  1  0
  - 4.93s  --------    0  n   Y  1.00  1.67 1.00 -  |   474.1    431.9  0.00 |  1.0  0.0 0   0   0  1  1  0
  - 4.83s  --------    0  n   Y  1.00  1.78 1.00 -  |   474.0    431.4  0.00 |  1.0  0.0 0   0   0  0  1  0
  - 4.73s  --------    0  n   Y  1.00  1.88 1.00 -  |   473.9    431.0  0.00 |  1.0  0.0 0   0   0  0  1  0
  - 4.62s  --------    0  n   Y  1.00  1.98 1.00 -  |   473.8    430.5  0.00 |  1.0  0.0 0   0   0  0  1  0
  - 4.52s  ---S----    0  n   Y  1.00  0.04 1.00 -  |   473.7    430.3  0.98 |  1.0  0.0 0   1   0  0  1  0
  - 4.42s  ---S----    0  n   Y  1.00  0.15 1.00 -  |   473.6    430.0  3.50 |  1.0  0.0 0   0   0  0  1  0
  - 4.32s  ---S----    0  n   Y  1.00  0.26 1.00 -  |   473.4    429.6  5.38 |  1.0  0.0 0   0   0  0  1  0
  - 4.22s  ---S----    0  n   Y  1.00  0.37 1.00 -  |   473.1    429.1  6.68 |  1.0  0.0 0   0   0  0  1  0
  - 4.12s  ---S----    0  n   Y  1.00  0.48 1.00 -  |   472.9    428.4  7.39 |  1.0  0.0 0   0   0  0  1  0
  - 4.01s  ---S----    0  n   Y  1.00  0.60 1.00 -  |   472.6    427.7  7.46 |  1.0  0.0 0   0   0  0  1  0
  - 3.91s  ---S----    0  n   Y  1.00  0.72 1.00 -  |   472.2    427.0  6.88 |  1.0  0.0 0   0   0  0  1  0
  - 3.81s  ---S----    0  n   Y  1.00  0.83 1.00 -  |   472.0    426.4  5.71 |  0.0  0.0 0   0   0  0  1  0
  - 3.71s  ---S----    0  n   Y  1.00  0.94 1.00 -  |   471.8    426.0  3.93 |  0.0  0.0 0   0   0  0  1  0
  - 3.61s  ---S----    0  n   Y  1.00  1.05 1.00 -  |   471.7    425.7  1.58 |  0.0  0.0 0   0   0  0  1  0
  - 3.51s  --------    0  n   Y  1.00  1.16 1.00 T  |   471.7    425.7  0.00 |  0.0  0.0 0   0   0  0  0  0
  - 3.40s  --------    0  n   Y  1.00  1.27 1.00 T  |   471.7    425.7  0.00 |  0.0  0.0 0   0   0  0  0  0
  - 3.30s  --------    0  n   Y  1.00  0.25 1.00 -  |   471.7    425.7  0.00 |  0.0  0.0 0   0   0  0  0  0
  - 3.20s  --------    0  n   Y  1.00  0.35 1.00 -  |   471.7    425.7  0.00 |  0.0  0.0 0   0   0  0  0  0
  - 3.10s  --------    0  Y   Y  1.00  0.45 1.00 -  |   471.7    425.7  0.00 |  0.0  0.0 0   0   0  0  0  0
  - 3.00s  --------    0  Y   Y  1.00  0.55 1.00 -  |   471.7    425.7  0.00 |  0.0  0.0 0   0   0  0  0  0
  - 2.90s  --------    0  Y   Y  1.00  0.65 1.00 -  |   471.7    425.7  0.00 |  0.0  0.0 0   0   0  0  0  0
  - 2.80s  --------    0  Y   Y  1.00  0.75 1.00 -  |   471.7    425.7  0.00 | -1.0  0.0 0   0   0  0  0  0
  - 2.69s  --------    0  Y   Y  1.00  0.86 1.00 -  |   471.7    425.9  0.00 | -1.0  0.0 0   0   0  0  0  0
  - 2.59s  --------    0  Y   Y  1.00  0.96 1.00 -  |   471.8    426.2  0.00 |  0.0  0.0 0   0   0  0  0  0
  - 2.49s  --------    0  Y   Y  1.00  1.06 1.00 -  |   471.8    426.2  0.00 |  0.0  0.0 0   0   0  0  0  0
  - 2.39s  --------    0  Y   Y  1.00  1.17 1.00 -  |   471.8    426.2  0.00 |  0.0  0.0 0   0   0  0  0  0
  - 2.28s  --------    0  Y   Y  1.00  1.27 1.00 -  |   471.8    426.2  0.00 |  0.0  0.0 0   0   0  0  0  0
  - 2.18s  --------    0  Y   Y  1.00  1.37 1.00 -  |   471.8    426.2  0.00 |  0.0  0.0 0   0   0  0  0  0
  - 2.08s  --------    0  Y   Y  1.00  1.47 1.00 -  |   471.8    426.2  0.00 |  0.0  0.0 0   0   0  0  0  0
  - 1.98s  --------    0  Y   Y  1.00  1.57 1.00 -  |   471.8    426.2  0.00 | -1.0  0.0 0   0   0  0  0  0
  - 1.87s  --------    0  Y   Y  1.00  1.68 1.00 -  |   471.9    426.4  0.00 | -1.0  0.0 0   0   0  0  0  0
  - 1.77s  --------    0  Y   Y  1.00  1.78 1.00 -  |   471.9    426.6  0.00 |  0.0  0.0 0   0   0  0  0  0
  - 1.67s  --------    0  Y   Y  1.00  1.88 1.00 -  |   472.0    426.8  0.00 |  0.0  0.0 0   0   0  0  0  0
  - 1.57s  --------    0  Y   Y  1.00  1.98 1.00 -  |   472.0    426.8  0.00 |  0.0  0.0 0   0   0  0  0  0
  - 1.47s  --------    0  Y   Y  1.00  2.08 1.00 -  |   472.0    426.8  0.00 |  0.0  0.0 0   0   0  0  0  0
  - 1.37s  ---S----    0  Y   Y  1.00  2.18 1.00 T  |   472.0    426.8  0.34 |  0.0  0.0 0   1   0  0  0  0
  - 1.26s  ---S----    0  Y   Y  1.00  0.11 1.00 -  |   472.1    426.7  2.47 |  0.0  0.0 0   1   0  0  0  0
  - 1.16s  ---S----    0  Y   Y  1.00  0.22 1.00 -  |   472.5    426.6  4.15 |  0.0  0.0 0   0   0  0  0  0
  - 1.06s  ---S----    0  Y   Y  1.00  0.32 1.00 -  |   472.9    426.5  5.26 |  0.0  0.0 0   0   0  0  0  0
  - 0.95s  ---S----    0  Y   Y  1.00  0.42 1.00 -  |   473.5    426.4  5.86 |  0.0  0.0 0   0   0  0  0  0
  - 0.85s  ---S----    0  Y   Y  1.00  0.52 1.00 -  |   474.1    426.2  5.98 |  0.0  0.0 0   0   0  0  0  0
  - 0.75s  ---S----    0  Y   Y  1.00  0.62 1.00 -  |   474.6    426.1  5.60 |  0.0  0.0 0   0   0  0  0  0
  - 0.65s  ---S----    0  Y   Y  1.00  0.73 1.00 -  |   475.2    426.0  4.71 |  0.0  0.0 0   0   0  0  0  0
  - 0.54s  ---S----    0  Y   Y  1.00  0.83 1.00 -  |   475.6    425.9  3.35 | -1.0  0.0 0   0   0  0  0  0
  - 0.44s  ---S----    0  Y   Y  1.00  0.93 1.00 -  |   475.8    425.8  1.38 | -1.0  0.0 0   0   0  0  0  0
  - 0.34s  --------    0  Y   Y  1.00  1.04 1.00 T  |   475.8    425.8  0.00 | -1.0  0.0 0   0   0  0  0  0
  - 0.24s  --------    0  Y   Y  1.00  1.14 1.00 T  |   475.9    426.0  0.00 | -1.0  0.0 0   0   0  0  0  0
  - 0.14s  --------    0  Y   Y  1.00  0.24 1.00 -  |   476.0    426.2  0.00 | -1.0  0.0 0   0   0  0  0  0
  - 0.03s  --------    0  Y   Y  1.00  0.34 1.00 -  |   476.0    426.4  0.00 | -1.0  0.0 0   0   0  0  0  0
=========================================================== END

[ 13453   62.421 x1.00] LOG  [StormWeather] terrain layers restored to dry values.
# end — 1015 lines
