# Oni combat log — 2026-08-22 23:22:59
# Unity 6000.2.7f2 | scene 'CaveScene_Oni_Boss1' | platform OSXEditor
# columns: [frame realSeconds timeScale] KIND message      (KIND: LOG WARN ERR EXC TEL)
#
[     0    0.000 x1.00] LOG  [OniLog] console + telemetry → /Users/asenahazal/Documents/Yoru/OniLogs/oni_2026-08-22_23-22-59.log
[     1    0.000 x1.00] LOG  [TailAirShot4Leg] Ready. drawState=shoot_4Leg castParam=Shoot4LegSpeed (found) readyFrame=5 fireFrame=10 frames=24 slowBudget=3s real damageMultiplier=2.00
  arrow leaves: PlayerYoru_1.1/Cat_All_10_Tails_v4/Group/DeformationSystem/root/Root_M/Tail15_R/Tail151_R/Tail152_R/Tail153_R/Tail154_R/Tail155_R/Tail156_R/Tail157_R/Tail158_R/Tail159_R/Tail1510_R/Tail1511_R/Tail1512_R/Tail6_R/Tail6_R_end/Tail6_R_end_end/Tail6_R_end_end_end/RightTailTip_Anchor
  aim VFX left:  PlayerYoru_1.1/Cat_All_10_Tails_v4/Group/DeformationSystem/root/Root_M/Tail15_L/Tail151_L/Tail152_L/Tail153_L/Tail154_L/Tail155_L/Tail156_L/Tail157_L/Tail158_L/Tail159_L/Tail1510_L/Tail1511_L/Tail1512_L/Tail6_L/Tail6_L_end/Tail6_L_end_end/Tail6_L_end_end_end/LeftTailTip_Anchor/Glow_4Leg_L
  aim VFX right: PlayerYoru_1.1/Cat_All_10_Tails_v4/Group/DeformationSystem/root/Root_M/Tail15_R/Tail151_R/Tail152_R/Tail153_R/Tail154_R/Tail155_R/Tail156_R/Tail157_R/Tail158_R/Tail159_R/Tail1510_R/Tail1511_R/Tail1512_R/Tail6_R/Tail6_R_end/Tail6_R_end_end/Tail6_R_end_end_end/RightTailTip_Anchor/Glow_4Leg_R
[     1    0.000 x1.00] LOG  [TailAirShot] Ready. drawState=RightTail_Fast castParam=TailCastSpeed (found)
  arrow leaves: PlayerYoru_1.1/Cat_All_10_Tails_v4/Group/DeformationSystem/root/Root_M/Tail15_R/Tail151_R/Tail152_R/Tail153_R/Tail154_R/Tail155_R/Tail156_R/Tail157_R/Tail158_R/Tail159_R/Tail1510_R/Tail1511_R/Tail1512_R/Tail6_R/Tail6_R_end/Tail6_R_end_end/Tail6_R_end_end_end/RightTailTip_Anchor
  aim VFX: PlayerYoru_1.1/Cat_All_10_Tails_v4/Group/DeformationSystem/root/Root_M/Tail15_R/Tail151_R/Tail152_R/Tail153_R/Tail154_R/Tail155_R/Tail156_R/Tail157_R/Tail158_R/Tail159_R/Tail1510_R/Tail1511_R/Tail1512_R/Tail6_R/Tail6_R_end/Tail6_R_end_end/Tail6_R_end_end_end/RightTailTip_Anchor/vfx_Muzzle_Fireball01Blue
[     1    0.000 x1.00] LOG  [PlayerCombat] Phase 2 form gate CONNECTED (FormController found on this GameObject).
[     1    0.000 x1.00] LOG  [Combat] PlayerCombat initialized — Phase 3C v27
[     1    0.000 x1.00] LOG  [RingMesh] VFX Status:
[     1    0.000 x1.00] LOG    Left: Prefab=✓, Spawn=Tail6_L_end_end_end
[     1    0.000 x1.00] LOG    Right: Prefab=✓, Spawn=Tail6_R_end_end_end
[     1    0.000 x1.00] LOG  === VFX MANAGER INITIALIZED ===
[     1    0.000 x1.00] LOG  Auto-detect animations: False
[     1    0.000 x1.00] LOG  Parent effects to tail: True
[     1    0.000 x1.00] LOG  Prefabs: Jump=True, Land=True, LTail=True, RTail=True
[     1    0.000 x1.00] LOG  ✅ Left Tail Tip: LeftTailVFX
[     1    0.000 x1.00] LOG  ✅ Right Tail Tip: RightTailTip_Anchor
[     1    0.000 x1.00] LOG  [StormWeather] layer 'TerrainLayer_Dirt_01' dry smoothness=0.00 (restore to this if a crash ever leaves it wet)
[     1    0.000 x1.00] LOG  [StormWeather] Ready. Rain on, floor drying... wait, soaking.
[     1    0.000 x1.00] LOG  [FreezeDebug v3] Armed. Manual=L. Auto=True. Buffer=60 snaps @ 0.1s = 6.0s history.
[     1    0.000 x1.00] LOG  [BossBar] BossHealthBarUI initialized
[     1    0.000 x1.00] LOG  OniBoss initialized with 500 HP
[     1    0.000 x1.00] LOG  [OniBoss] ANIMATOR SETUP: cullingMode=CullUpdateTransforms updateMode=Normal applyRootMotion=False speed=1
[     1    0.000 x1.00] LOG  [OniBoss] Initialized
[     1    0.000 x1.00] LOG  [OniBoss:Layer] facing: minFlat 1m, snapOnAttack off, trackInHitReact off
[     1    0.000 x1.00] LOG  [OniBoss:Layer] Yoru launch model ON: launches ALL THE WAY to an enemy within 4.7m of its surface at 10m/s (stop gap 0.00m, NO minimum distance), else steps 0.90m forward. Targeting cone left exactly as her prefab has it.
[     1    0.000 x1.00] LOG  [OniBoss:Layer] Yoru launch ROUND 9: airborne attacks launch too (ON), edge probe now runs on its OWN layer mask (Everything) instead of the line-of-sight mask - the Ground-only mask found no floor in this cave and was cancelling 100% of launches at 0.00m travelled.
[     1    0.000 x1.00] LOG  [OniBoss:Layer] animator speed x1.35 — his 1.13s swing now plays in 0.84s.
[     1    0.000 x1.00] LOG  [OniBoss:Layer] chase speed pushed: phase1 4.5, phase2 5.5 (Yoru runs at 7).
[     1    0.000 x1.00] LOG  [OniBoss:Layer] ground wave ON (round 38): half the club's damage on TOUCH, 12m/s x 6.0m from 1.6m in front at 0.35m height — a club hit cancels that swing's wave, jumping clears it. Per-attack effects come from the Swing Wave VFX By Attack rows. PlayerHealth found, PlayerMovement found.
[     1    0.000 x1.00] LOG  [OniBoss:Layer] club tracking ON — tip 'Kanabo3' (depth 4), shaft root 'kanabo'.
[     1    0.000 x1.00] LOG  [OniBoss:Layer] skinned meshes: 46 renderer(s), updateWhenOffscreen ON, body renderer 'Body' rootBone 'Hips'
[     1    0.000 x1.00] LOG  [OniBoss:Layer] charge travel bone: 'Hips' at depth 1 under 'OniBoss', rest local (0.00, 3.24, -0.24)
[     1    0.000 x1.00] LOG  [OniBoss:Layer] charge drive ON (windup to 0.40 at x1.3, rush 14m/s stops at 2.6m, steers 0.35s then commits, strike section from 0.58, strike moment 0.76, trail VFX off)
[     1    0.000 x1.00] LOG  [OniBoss:Layer] attack armor ON (his swings are not interrupted by light/medium hits; heavy hits and rapid-hit bursts still stop him)
[     1    0.000 x1.00] LOG  [OniBoss:Layer] strike moments overridden: Club_Swing=0.42 ClubSwing2=0.32 ClubSlam=0.85 KanaboSweep=0.48
[     1    0.000 x1.00] LOG  [OniBoss:Layer] club TOUCH hits ON (radius 0.70m, min tip speed 6m/s, armed from 0.20 of the clip): Club_Swing ClubSwing2 ClubSlam KanaboSweep. First touch wins — club full damage, wave half, one hit per swing.
[     1    0.000 x1.00] LOG  [OniBoss:Layer] hold-ground ON (backstep 1.5m @ 1.6m/s after own attacks, watch 'Watch', attack facing LOCKED)
[     1    0.000 x1.00] LOG  [OniBoss:Layer] OniBoss layer ready (reactions, wake-on-hit, watch stance, boss bar). player=found
[     1    0.000 x1.00] LOG  [OniBoss:Layer] charge clip 'Oni Charge.fbx' imports with Root Motion Node = None (in place) — good.
[     1    0.000 x1.00] LOG  [OniBoss:Layer] clips importing with Root Transform Position (Y) NOT baked into pose (12): Oni_Alert(Oni Alert), Club_Slam(Oni Club Slam), Club_Swing(Oni Club Swing), Club_swing2(Oni Club Swing 2), Death(Oni Death Kneel), Hit_react_light(Oni Hit react lighter light), KanaboSweep(Oni Kanabo sweep), Phase_Transition(Oni Phase transition), run(Oni Run), Walk(Oni Walk), Watch(Oni Watch), Idle(Oni Idle) — their hips' up/down motion is stripped (see round notes; optional).
[     1    0.000 x1.00] LOG  [VolumetricFogController] Found VolumetricFog component on mainCamera (1)
[     1    0.000 x1.00] LOG  [VolumetricFogController] Reflection init: density=True, height=True, baselineHeight=True, alpha=True, noiseStrength=True, lightScatteringExposure=True
[     1    0.000 x1.00] LOG  [VolumetricFogController] Initialized with Neutral preset (height=60, baselineHeight=0)
[     1    0.000 x1.00] WARN [VolumetricFogController] WorldStateManager not found!
[     1    0.000 x1.00] LOG  [CameraGameFeel] CameraGameFeel initialized (shake + FOV)
[     1    2.370 x1.00] LOG  [OniBoss] Playing animation: Idle
[    47    3.027 x1.00] LOG  💨 Landing VFX spawned!
[    47    3.027 x1.00] LOG  ✅ LANDED! (was jump #0)
[   673    5.878 x1.00] LOG  
==================== [FREEZE-DEBUG v3] ====================
  Reason : WASD-NOMOVE: WASD recent + speed 0.00m/s for 0.40s
  Time   : 3.131s   Frame: 673   Snaps: 31
===========================================================

--- CURRENT STATE ---
  Flags: atk=False hvy=False dod=False dsh=False
         grd=False hit=False aerial=False lockPos=False
         comboStep=0
  Anim : speed=1.00  combatLayer hash=-792875657 normT=3.127 weight=1.00 inTransition=False
  CC   : grounded=True  enabled=True  pos=(475.19, 1.19, 427.37)  vel=(0.00, 0.00, 0.00)
  Move : IsRunning=False
  Input: H=1.00 V=1.00  LMB=False MMB=False Q=False Sp=False Sh=False C=False
         WASD pressed in last 0.5s: True (last 0.00s ago)

--- FLIGHT RECORDER (31 snapshots, oldest first, dt=0.10s) ---
  Legend: flags = A(tk) H(vy) D(od) S(sh) G(rd) R(eact) Y(aerial) L(ock)   gnd/cc: Y/n
  t-now    flags     step gnd cc anSp normT layW tr | posX     posZ     spd   | H    V    LMB MMB Q  Sp Sh C
  ------   --------  ---- --- -- ---- ----- ---- -- | -----    -----    ----  | ---- ---- --- --- -- -- -- -
  - 3.13s  --------    0  n   Y  1.00  0.00 1.00 -  |   474.5    427.2  0.00 |  0.0  0.0 0   0   0  0  0  0
  - 3.03s  --------    0  n   Y  1.00  0.10 1.00 -  |   474.5    427.2  0.00 |  0.0  0.0 0   0   0  0  0  0
  - 2.93s  --------    0  n   Y  1.00  0.20 1.00 -  |   474.5    427.2  0.00 |  0.0  0.0 0   0   0  0  0  0
  - 2.82s  --------    0  Y   Y  1.00  0.30 1.00 -  |   474.5    427.2  0.00 |  0.0  0.0 0   0   0  0  0  0
  - 2.72s  --------    0  Y   Y  1.00  0.41 1.00 -  |   474.5    427.2  0.00 |  0.0  0.0 0   0   0  0  0  0
  - 2.62s  --------    0  Y   Y  1.00  0.51 1.00 -  |   474.5    427.2  0.00 |  0.0  0.0 0   0   0  0  0  0
  - 2.52s  --------    0  Y   Y  1.00  0.61 1.00 -  |   474.5    427.2  0.00 |  0.0  0.0 0   0   0  0  0  0
  - 2.42s  --------    0  Y   Y  1.00  0.71 1.00 -  |   474.5    427.2  0.00 |  0.0  0.0 0   0   0  0  0  0
  - 2.32s  --------    0  Y   Y  1.00  0.81 1.00 -  |   474.5    427.2  0.00 |  0.0  0.0 0   0   0  0  0  0
  - 2.22s  --------    0  Y   Y  1.00  0.91 1.00 -  |   474.5    427.2  0.00 |  0.0  0.0 0   0   0  0  0  0
  - 2.11s  --------    0  Y   Y  1.00  1.01 1.00 -  |   474.5    427.2  0.00 |  0.0  0.0 0   0   0  0  0  0
  - 2.01s  --------    0  Y   Y  1.00  1.12 1.00 -  |   474.5    427.2  0.00 |  0.0  0.0 0   0   0  0  0  0
  - 1.91s  --------    0  Y   Y  1.00  1.22 1.00 -  |   474.5    427.2  0.00 |  0.0  0.0 0   0   0  0  0  0
  - 1.81s  --------    0  Y   Y  1.00  1.32 1.00 -  |   474.5    427.2  0.00 |  0.0  0.0 0   0   0  0  0  0
  - 1.70s  --------    0  Y   Y  1.00  1.42 1.00 -  |   474.5    427.2  0.00 |  0.0  0.0 0   0   0  0  0  0
  - 1.60s  --------    0  Y   Y  1.00  1.53 1.00 -  |   474.5    427.2  0.00 |  0.0  0.0 0   0   0  0  0  0
  - 1.50s  --------    0  Y   Y  1.00  1.63 1.00 -  |   474.5    427.2  0.00 |  0.0  0.0 0   0   0  0  0  0
  - 1.39s  --------    0  Y   Y  1.00  1.73 1.00 -  |   474.5    427.2  0.00 |  0.0  0.0 0   0   0  0  0  0
  - 1.29s  --------    0  Y   Y  1.00  1.84 1.00 -  |   474.5    427.2  0.00 |  0.0  0.0 0   0   0  0  0  0
  - 1.19s  --------    0  Y   Y  1.00  1.94 1.00 -  |   474.5    427.2  0.00 |  0.0  0.0 0   0   0  0  0  0
  - 1.09s  --------    0  Y   Y  1.00  2.04 1.00 -  |   474.5    427.2  0.00 |  0.0  0.0 0   0   0  0  0  0
  - 0.98s  --------    0  Y   Y  1.00  2.14 1.00 -  |   474.5    427.2  0.00 |  0.0  0.0 0   0   0  0  0  0
  - 0.88s  --------    0  Y   Y  1.00  2.24 1.00 -  |   474.5    427.2  0.00 |  0.0  0.0 0   0   0  0  0  0
  - 0.78s  --------    0  Y   Y  1.00  2.35 1.00 -  |   474.5    427.2  0.00 |  0.0  0.0 0   0   0  0  0  0
  - 0.67s  --------    0  Y   Y  1.00  2.45 1.00 -  |   474.5    427.2  0.00 |  0.0  0.0 0   0   0  0  0  0
  - 0.57s  --------    0  Y   Y  1.00  2.56 1.00 -  |   474.5    427.2  0.00 |  0.0  0.0 0   0   0  0  0  0
  - 0.46s  --------    0  Y   Y  1.00  2.66 1.00 -  |   474.5    427.2  0.00 |  0.0  0.0 0   0   0  0  0  0
  - 0.36s  --------    0  Y   Y  1.00  2.76 1.00 -  |   474.5    427.2  0.00 |  1.0  0.0 0   0   0  0  0  0
  - 0.26s  --------    0  Y   Y  1.00  2.86 1.00 -  |   474.7    427.2  0.00 |  1.0  0.0 0   0   0  0  0  0
  - 0.16s  --------    0  Y   Y  1.00  2.97 1.00 -  |   474.9    427.2  0.00 |  1.0  1.0 0   0   0  0  0  0
  - 0.06s  --------    0  Y   Y  1.00  3.07 1.00 -  |   475.1    427.3  0.00 |  1.0  1.0 0   0   0  0  0  0
=========================================================== END

[   854    6.752 x1.00] LOG  🐾 4-LEG JUMP #0
[   854    6.752 x1.00] LOG  🐾 Jump 1 VFX spawned!
[   907    7.017 x1.00] LOG  🐾 4-LEG JUMP #1
[   907    7.017 x1.00] LOG  🐾 Jump 2 VFX spawned!
[   954    7.249 x0.10] LOG  [TailAirShot4Leg] ENTER 4 leg, slow on for up to 3s real, waiting for the fire button, drawState=shoot_4Leg | y=2.79 ts=0.10 fdt=0.0020
[   954    7.249 x0.10] LOG  [TailAirShot] entry refused: this airtime is not a 2 leg jump | y=2.79 ts=0.10 fdt=0.0020
[   954    7.249 x0.10] LOG  [AirPosePin] engaged, holding body at 0.623m above the transform
[   992    7.440 x0.10] LOG  [TailAirShot4Leg] DRAW started | y=2.84 ts=0.10 fdt=0.0020
[  1026    7.620 x0.10] LOG  [TailAirShot4Leg] READY, frozen on frame 5 | y=2.89 ts=0.10 fdt=0.0020
[  1076    7.890 x0.10] LOG  [TailAirShot4Leg] SHOT released (released from ready pose) | y=2.96 ts=0.10 fdt=0.0020
[  1090    7.962 x1.00] LOG  [TailAirShot4Leg] FINISHER (R released mid motion), motion completes and fires | y=2.97 ts=1.00 fdt=0.0200
[  1110    8.064 x1.00] LOG  [TailAirShot4Leg] FIRE, arrow away, dir=(0.09, -0.10, 0.99) damage=40 (20 x 2.00) | y=3.08 ts=1.00 fdt=0.0200
[  1199    8.525 x1.00] LOG  [TailAirShot4Leg] finisher done, fully idle | y=0.98 ts=1.00 fdt=0.0200
[  1199    8.525 x1.00] LOG  [AirPosePin] released, peak correction was 0.017m
[  1219    8.626 x1.00] LOG  💨 Landing VFX spawned!
[  1219    8.626 x1.00] LOG  ✅ LANDED! (was jump #2)
[  1284    8.969 x1.00] LOG  OniBoss took 40 damage. HP: 460/500
[  1284    8.969 x1.00] LOG  [OniBoss] LostSoul → Stagger
[  1284    8.969 x1.00] LOG  [OniBoss] Playing animation: Stagger
[  1284    8.969 x1.00] LOG  [OniBoss] STAGGERED for 2.5s
[  1284    8.969 x1.00] LOG  [OniBoss:Layer] heavy knock-back react (40 dmg) → 'HitReact_Heavy', down for 1.80s
[  1285    8.978 x1.00] LOG  [BossBar] Showing bar for: Oni (460/500)
[  1285    8.978 x1.00] LOG  [OniBoss:Layer] boss bar shown
[  1670   10.771 x1.00] LOG  [OniBoss] Stagger → Chase
[  1671   10.776 x1.00] LOG  [OniBoss] Ranged combo started: Charge→Slam: (2 steps, dist 19.4m)
[  1671   10.776 x1.00] LOG  [OniBoss] Chase → Attack
[  1671   10.776 x1.00] LOG  [OniBoss] Attack: Oni_Charge (18 dmg)

[  1671   10.776 x1.00] TEL ────────── CHARGE ──────────
[  1671   10.776 x1.00] LOG  [OniBoss:Layer] charge begin: travel bone 'Hips' depth 1, local now (0.00, 3.24, -0.24) vs rest (0.00, 3.24, -0.24); pin ON; drive windup→rush→strike; engine Attack, AnimSpeed 1.30, clip at 0.00, dist 19.4m
[  1671   10.776 x1.00] TEL charge Windup n=0.00 spd=1.30 mult=1.00 st=Attack anim=h-1757638897/Charge drift=0.00 cut=0.00 meshOff=0.24m vis bounds+0.1m pos=(481.9,456.3) dist=19.4 vel=0.0
[  1687   10.860 x1.00] TEL charge Windup n=0.07 spd=1.30 mult=1.00 st=Attack anim=h-1757638897/Charge drift=0.26 cut=0.26 meshOff=0.24m vis bounds+0.1m pos=(481.9,456.3) dist=19.4 vel=0.0
[  1706   10.943 x1.00] TEL charge Windup n=0.14 spd=1.30 mult=1.30 st=Attack anim=Charge/- drift=0.91 cut=0.91 meshOff=0.24m vis bounds+0.3m pos=(481.9,456.3) dist=19.4 vel=0.0
[  1724   11.028 x1.00] TEL charge Windup n=0.21 spd=1.30 mult=1.30 st=Attack anim=Charge/- drift=1.14 cut=1.14 meshOff=0.24m vis bounds+0.3m pos=(481.9,456.3) dist=19.4 vel=0.0
[  1742   11.117 x1.00] TEL charge Windup n=0.29 spd=1.30 mult=1.30 st=Attack anim=Charge/- drift=0.61 cut=0.61 meshOff=0.24m vis bounds+0.5m pos=(481.9,456.3) dist=19.4 vel=0.0
[  1762   11.201 x1.00] TEL charge Windup n=0.36 spd=1.30 mult=1.30 st=Attack anim=Charge/- drift=4.09 cut=4.09 meshOff=0.24m vis bounds+0.4m pos=(481.9,456.3) dist=19.4 vel=0.0
[  1774   11.255 x1.00] LOG  [OniBoss:Layer] charge RUSH: clip frozen at 0.40, 19.4m to go at 14m/s
[  1781   11.286 x1.00] TEL charge Rush   n=0.40 spd=0.00 mult=0.00 st=Attack anim=Charge/- drift=7.63 cut=7.63 meshOff=0.24m vis bounds+0.4m pos=(481.8,455.9) dist=19.0 vel=0.0
[  1800   11.371 x1.00] TEL charge Rush   n=0.40 spd=0.00 mult=0.00 st=Attack anim=Charge/- drift=7.63 cut=7.63 meshOff=0.24m vis bounds+0.4m pos=(481.7,454.7) dist=17.8 vel=0.0
[  1818   11.460 x1.00] TEL charge Rush   n=0.40 spd=0.00 mult=0.00 st=Attack anim=Charge/- drift=7.63 cut=7.63 meshOff=0.24m vis bounds+0.4m pos=(481.5,453.5) dist=16.5 vel=0.0
[  1839   11.547 x1.00] TEL charge Rush   n=0.40 spd=0.00 mult=0.00 st=Attack anim=Charge/- drift=7.63 cut=7.63 meshOff=0.24m vis bounds+0.4m pos=(481.3,452.3) dist=15.3 vel=0.0
[  1858   11.634 x1.00] TEL charge Rush   n=0.40 spd=0.00 mult=0.00 st=Attack anim=Charge/- drift=7.63 cut=7.63 meshOff=0.24m vis bounds+0.4m pos=(481.1,451.1) dist=14.1 vel=0.0
[  1877   11.721 x1.00] TEL charge Rush   n=0.40 spd=0.00 mult=0.00 st=Attack anim=Charge/- drift=7.63 cut=7.63 meshOff=0.24m vis bounds+0.4m pos=(480.9,449.9) dist=12.9 vel=0.0
[  1897   11.808 x1.00] TEL charge Rush   n=0.40 spd=0.00 mult=0.00 st=Attack anim=Charge/- drift=7.63 cut=7.63 meshOff=0.24m vis bounds+0.4m pos=(480.8,448.7) dist=11.7 vel=0.0
[  1914   11.893 x1.00] TEL charge Rush   n=0.40 spd=0.00 mult=0.00 st=Attack anim=Charge/- drift=7.63 cut=7.63 meshOff=0.24m vis bounds+0.4m pos=(480.6,447.5) dist=10.5 vel=0.0
[  1933   11.976 x1.00] TEL charge Rush   n=0.40 spd=0.00 mult=0.00 st=Attack anim=Charge/- drift=7.63 cut=7.63 meshOff=0.24m vis bounds+0.4m pos=(480.4,446.3) dist=9.3 vel=0.0
[  1949   12.060 x1.00] TEL charge Rush   n=0.40 spd=0.00 mult=0.00 st=Attack anim=Charge/- drift=7.63 cut=7.63 meshOff=0.24m vis bounds+0.5m pos=(480.2,445.2) dist=8.1 vel=0.0
[  1966   12.146 x1.00] TEL charge Rush   n=0.40 spd=0.00 mult=0.00 st=Attack anim=Charge/- drift=7.63 cut=7.63 meshOff=0.24m vis bounds+0.5m pos=(480.1,444.0) dist=6.9 vel=0.0
[  1981   12.230 x1.00] TEL charge Rush   n=0.40 spd=0.00 mult=0.00 st=Attack anim=Charge/- drift=7.63 cut=7.63 meshOff=0.24m vis bounds+0.5m pos=(479.9,442.8) dist=5.8 vel=0.0
[  1998   12.316 x1.00] TEL charge Rush   n=0.40 spd=0.00 mult=0.00 st=Attack anim=Charge/- drift=7.63 cut=7.63 meshOff=0.24m vis bounds+0.5m pos=(479.7,441.6) dist=4.5 vel=0.0
[  2015   12.400 x1.00] TEL charge Rush   n=0.40 spd=0.00 mult=0.00 st=Attack anim=Charge/- drift=7.63 cut=7.63 meshOff=0.24m vis bounds+0.5m pos=(479.5,440.5) dist=3.4 vel=0.0
[  2027   12.460 x1.00] LOG  [OniBoss:Layer] charge STRIKE: arrived 2.6m from the lock point after 1.20s real — clip 0.40 → 0.58 (blend 0.10s), strike moment 0.76, Yoru 2.6m away
[  2031   12.485 x1.00] TEL charge Strike n=0.59 spd=1.00 mult=1.00 st=Attack anim=Charge/Charge drift=10.40 cut=10.40 meshOff=0.24m vis bounds+0.3m pos=(479.4,439.7) dist=2.6 vel=0.0
[  2053   12.571 x1.00] TEL charge Strike n=0.65 spd=1.00 mult=1.00 st=Attack anim=Charge/- drift=15.50 cut=15.50 meshOff=0.24m vis bounds+0.3m pos=(479.4,439.7) dist=2.6 vel=0.0
[  2072   12.655 x1.00] TEL charge Strike n=0.70 spd=1.00 mult=1.00 st=Attack anim=Charge/- drift=16.28 cut=16.28 meshOff=0.24m vis bounds+0.4m pos=(479.4,439.7) dist=2.6 vel=0.0
[  2090   12.740 x1.00] TEL charge Strike n=0.76 spd=1.00 mult=1.00 st=Attack anim=Charge/- drift=16.82 cut=16.82 meshOff=0.24m vis bounds+0.4m pos=(479.4,439.7) dist=2.6 vel=0.0
[  2092   12.749 x1.00] LOG  [CameraGameFeel] Shake: intensity=0.45 duration=0.350s
[  2092   12.749 x1.00] LOG  [Combat] Hit react: HitReact_Heavy_2Leg (0.9s)
[  2092   12.749 x1.00] LOG  [HitReactTrace] asked for 'HitReact_Heavy_2Leg' (0.90s) — blend resolved after 0 ms, now playing a clip 1.00s long at speed 1.00, layer weight 1.00, animator.speed 1.00.
[  2092   12.749 x1.00] LOG  [CameraGameFeel] Shake: intensity=0.28 duration=0.150s
[  2092   12.749 x1.00] LOG  [CameraGameFeel] FOV punch: player damage (-3.0°)
[  2092   12.749 x1.00] LOG  [OniBoss] Hit player for 18 (Oni_Charge)
[  2108   12.823 x1.00] TEL charge Strike n=0.81 spd=1.00 mult=1.00 st=Attack anim=Charge/- drift=17.28 cut=17.28 meshOff=0.24m vis bounds+0.4m pos=(479.4,439.7) dist=2.6 vel=0.0
[  2126   12.908 x1.00] TEL charge Strike n=0.87 spd=1.00 mult=1.00 st=Attack anim=Charge/- drift=17.67 cut=17.67 meshOff=0.24m vis bounds+0.3m pos=(479.4,439.7) dist=2.6 vel=0.0
[  2145   12.992 x1.00] TEL charge Strike n=0.92 spd=1.00 mult=1.00 st=Attack anim=Charge/- drift=17.93 cut=17.93 meshOff=0.24m vis bounds+0.2m pos=(479.4,439.7) dist=2.6 vel=0.0
[  2164   13.077 x1.00] TEL charge Strike n=0.98 spd=1.00 mult=1.00 st=Attack anim=Charge/- drift=18.06 cut=18.06 meshOff=0.24m vis bounds+0.1m pos=(479.4,439.7) dist=2.6 vel=0.0
[  2170   13.104 x1.00] LOG  [OniBoss] Attack → Recovery
[  2170   13.104 x1.00] LOG  [OniBoss] Playing animation: Watch
[  2170   13.104 x1.00] LOG  [OniBoss:Layer] charge complete: engine left Attack (now Recovery) during Strike
[  2183   13.160 x1.00] TEL charge None   n=1.03 spd=1.00 mult=1.00 st=Recovery anim=Charge/h-1849006814 drift=12.20 cut=12.20 meshOff=0.24m vis bounds+0.1m pos=(479.4,439.7) dist=2.6 vel=0.0
[  2202   13.244 x1.00] TEL charge None   n=1.08 spd=1.00 mult=1.00 st=Recovery anim=Charge/h-1849006814 drift=4.05 cut=4.05 meshOff=0.24m vis bounds+0.0m pos=(479.4,439.7) dist=2.6 vel=0.0
[  2205   13.256 x1.00] LOG  [OniBoss] Recovery → Attack
[  2205   13.256 x1.00] LOG  [OniBoss] Attack: ClubSlam (20 dmg)
[  2205   13.256 x1.00] LOG  [OniBoss:Trail] ClubSlam trail START at clip 1.00 (transition still blending).
[  2222   13.331 x1.00] TEL charge None   n=1.09 spd=2.00 mult=2.00 st=Attack anim=Charge/h283984468 drift=0.99 cut=0.99 meshOff=0.24m vis bounds+0.2m pos=(479.4,439.7) dist=2.6 vel=0.0
[  2230   13.367 x1.00] LOG  [OniBoss:Layer] charge end (clip left the animator) after 2.59s real: pin measured 559 frames, cancelled on 554, max raw drift 18.07m, max cancelled 18.07m — travel WAS baked in, pin held it
[  2296   13.680 x1.00] LOG  [CameraGameFeel] Shake: intensity=0.50 duration=0.400s
[  2296   13.680 x1.00] LOG  [Combat] Hit react: HitReact_Heavy_2Leg (0.9s)
[  2296   13.680 x1.00] LOG  [CameraGameFeel] Shake: intensity=0.28 duration=0.150s
[  2296   13.680 x1.00] LOG  [CameraGameFeel] FOV punch: player damage (-3.0°)
[  2296   13.680 x1.00] LOG  [OniBoss] Hit player for 20 (ClubSlam)
[  2296   13.680 x1.00] LOG  [OniBoss:Touch] ClubSlam: club TOUCHED Yoru at clip 0.46 — shaft 0.69m from her body, tip speed 103m/s. Full club hit delivered this frame.
[  2301   13.715 x1.00] LOG  [HitReactTrace] asked for 'HitReact_Heavy_2Leg' (0.90s) — blend resolved after 35 ms, now playing a clip 1.21s long at speed 1.00, layer weight 1.00, animator.speed 1.00.
[  2367   14.050 x1.00] LOG  [OniBoss:ClubPos] ClubSlam at strike: club tip 0.57m up, 2.90m in front, -0.20m to his right (2.91m out from his centre). Club faces 5deg from his forward, pitch -0.25. (the ground wave is born 1.6m in front of him at 0.35m.)
[  2367   14.050 x1.00] LOG  [OniBoss:Layer] ClubSlam: club connected — no wave this swing.
[  2392   14.180 x1.00] LOG  [OniBoss] Attack → Recovery
[  2392   14.180 x1.00] LOG  [OniBoss] Playing animation: Watch
[  2392   14.180 x1.00] LOG  [OniBoss:Trail] trail END at clip 0.99, fading over 0.40s.
[  2392   14.180 x1.00] LOG  [OniBoss:Strike] ClubSlam: club tip closest to Yoru at 0.37m, clip position 0.85 | damage fires at 0.85 | clip 0.93s => MATCHED (within one or two frames)
[  2419   14.338 x1.00] LOG  [OniBoss] Recovery → Chase
[  2420   14.346 x1.00] LOG  [OniBoss] hold-ground: BACKSTEP 1.5m (player 2.6m)
[  2604   15.279 x1.00] LOG  [OniBoss] hold-ground: backstep done (1.50m), WATCH (player 4.1m, cooldown 2.1s)
[  2604   15.279 x1.00] LOG  [OniBoss] Playing animation: Watch
[  2715   15.846 x1.00] LOG  [OniBoss] Playing animation: run
[  2720   15.869 x1.00] LOG  
==================== [FREEZE-DEBUG v3] ====================
  Reason : WASD-NOMOVE: WASD recent + speed 0.00m/s for 0.40s
  Time   : 12.481s   Frame: 2720   Snaps: 60
===========================================================

--- CURRENT STATE ---
  Flags: atk=False hvy=False dod=False dsh=False
         grd=False hit=False aerial=False lockPos=False
         comboStep=0
  Anim : speed=1.00  combatLayer hash=-792875657 normT=1.286 weight=1.00 inTransition=False
  CC   : grounded=True  enabled=True  pos=(478.70, -0.02, 436.51)  vel=(0.00, 0.00, 0.00)
  Move : IsRunning=False
  Input: H=0.00 V=0.00  LMB=False MMB=False Q=False Sp=False Sh=False C=False
         WASD pressed in last 0.5s: True (last 0.18s ago)

--- FLIGHT RECORDER (60 snapshots, oldest first, dt=0.10s) ---
  Legend: flags = A(tk) H(vy) D(od) S(sh) G(rd) R(eact) Y(aerial) L(ock)   gnd/cc: Y/n
  t-now    flags     step gnd cc anSp normT layW tr | posX     posZ     spd   | H    V    LMB MMB Q  Sp Sh C
  ------   --------  ---- --- -- ---- ----- ---- -- | -----    -----    ----  | ---- ---- --- --- -- -- -- -
  - 6.12s  --------    0  Y   Y  1.00  1.22 1.00 -  |   479.0    437.1  0.00 |  0.0  0.0 0   0   0  0  0  0
  - 6.02s  --------    0  Y   Y  1.00  1.32 1.00 -  |   479.0    437.1  0.00 |  0.0  0.0 0   0   0  0  0  0
  - 5.91s  --------    0  Y   Y  1.00  1.43 1.00 -  |   479.0    437.1  0.00 |  0.0  0.0 0   0   0  0  0  0
  - 5.81s  --------    0  Y   Y  1.00  1.53 1.00 -  |   479.0    437.1  0.00 |  0.0  0.0 0   0   0  0  0  0
  - 5.71s  --------    0  Y   Y  1.00  1.63 1.00 -  |   479.0    437.1  0.00 |  0.0  0.0 0   0   0  0  0  0
  - 5.60s  --------    0  Y   Y  1.00  1.74 1.00 -  |   479.0    437.1  0.00 |  0.0  0.0 0   0   0  0  0  0
  - 5.50s  --------    0  Y   Y  1.00  1.84 1.00 -  |   479.0    437.1  0.00 |  0.0  0.0 0   0   0  0  0  0
  - 5.40s  --------    0  Y   Y  1.00  1.94 1.00 -  |   479.0    437.1  0.00 |  0.0  0.0 0   0   0  0  0  0
  - 5.30s  --------    0  Y   Y  1.00  2.04 1.00 -  |   479.0    437.1  0.00 |  0.0  0.0 0   0   0  0  0  0
  - 5.20s  --------    0  Y   Y  1.00  2.14 1.00 -  |   479.0    437.1  0.00 |  0.0  0.0 0   0   0  0  0  0
  - 5.09s  --------    0  Y   Y  1.00  2.25 1.00 -  |   479.0    437.1  0.00 |  0.0  0.0 0   0   0  0  0  0
  - 4.99s  --------    0  Y   Y  1.00  2.35 1.00 -  |   479.0    437.1  0.00 |  0.0  0.0 0   0   0  0  0  0
  - 4.89s  --------    0  Y   Y  1.00  2.45 1.00 -  |   479.0    437.1  0.00 |  0.0  0.0 0   0   0  0  0  0
  - 4.79s  --------    0  Y   Y  1.00  2.55 1.00 -  |   479.0    437.1  0.00 |  0.0  0.0 0   0   0  0  0  0
  - 4.68s  --------    0  Y   Y  1.00  2.66 1.00 -  |   479.0    437.1  0.00 |  0.0  0.0 0   0   0  0  0  0
  - 4.58s  --------    0  Y   Y  1.00  2.76 1.00 -  |   479.0    437.1  0.00 |  0.0  0.0 0   0   0  0  0  0
  - 4.48s  --------    0  Y   Y  1.00  2.86 1.00 -  |   479.0    437.1  0.00 |  0.0  0.0 0   0   0  0  0  0
  - 4.37s  --------    0  Y   Y  1.00  2.97 1.00 -  |   479.0    437.1  0.00 |  0.0  0.0 0   0   0  0  0  0
  - 4.27s  --------    0  Y   Y  1.00  3.07 1.00 -  |   479.0    437.1  0.00 |  0.0  0.0 0   0   0  0  0  0
  - 4.17s  --------    0  Y   Y  1.00  3.17 1.00 -  |   479.0    437.1  0.00 |  0.0  0.0 0   0   0  0  0  0
  - 4.07s  --------    0  Y   Y  1.00  3.27 1.00 -  |   479.0    437.1  0.00 |  0.0  0.0 0   0   0  0  0  0
  - 3.97s  --------    0  Y   Y  1.00  3.38 1.00 -  |   479.0    437.1  0.00 |  0.0  0.0 0   0   0  0  0  0
  - 3.86s  --------    0  Y   Y  1.00  3.47 1.00 -  |   479.0    437.1  0.00 |  0.0  0.0 0   0   0  0  0  0
  - 3.76s  --------    0  Y   Y  1.00  3.57 1.00 -  |   479.0    437.1  0.00 |  0.0  0.0 0   0   0  0  0  0
  - 3.66s  --------    0  Y   Y  1.00  3.68 1.00 -  |   479.0    437.1  0.00 |  0.0  0.0 0   0   0  0  0  0
  - 3.56s  --------    0  Y   Y  1.00  3.78 1.00 -  |   479.0    437.1  0.00 |  0.0  0.0 0   0   0  0  0  0
  - 3.45s  --------    0  Y   Y  1.00  3.88 1.00 -  |   479.0    437.1  0.00 |  0.0  0.0 0   0   0  0  0  0
  - 3.35s  --------    0  Y   Y  1.00  3.99 1.00 -  |   479.0    437.1  0.00 |  0.0  0.0 0   0   0  0  0  0
  - 3.25s  --------    0  Y   Y  1.00  4.09 1.00 -  |   479.0    437.1  0.00 |  0.0  0.0 0   0   0  0  0  0
  - 3.15s  --------    0  Y   Y  1.00  4.19 1.00 -  |   479.0    437.1  0.00 |  0.0  0.0 0   0   0  0  0  0
  - 3.05s  -----R--    0  Y   Y  1.00  0.06 1.00 -  |   479.0    437.1  0.00 |  0.0  0.0 0   0   0  0  0  0
  - 2.95s  -----R--    0  Y   Y  1.00  0.14 1.00 -  |   479.0    437.1  0.00 |  0.0  0.0 0   0   0  0  0  0
  - 2.84s  -----R--    0  Y   Y  1.00  0.23 1.00 -  |   479.0    437.1  0.00 |  0.0  0.0 0   0   0  0  0  0
  - 2.74s  -----R--    0  Y   Y  1.00  0.31 1.00 -  |   479.0    437.1  0.00 |  0.0  0.0 0   0   0  0  0  0
  - 2.63s  -----R--    0  Y   Y  1.00  0.40 1.00 -  |   479.0    437.1  0.00 |  0.0  0.0 0   0   0  0  0  0
  - 2.53s  -----R--    0  Y   Y  1.00  0.48 1.00 -  |   479.0    437.1  0.00 |  0.0  0.0 0   0   0  0  0  0
  - 2.43s  -----R--    0  Y   Y  1.00  0.57 1.00 -  |   479.0    437.1  0.00 |  0.0  0.0 0   0   0  0  0  0
  - 2.33s  -----R--    0  Y   Y  1.00  0.65 1.00 -  |   479.0    437.1  0.00 |  0.0  0.0 0   0   0  0  0  0
  - 2.23s  -----R--    0  Y   Y  1.00  0.73 1.00 -  |   479.0    437.1  0.00 |  0.0  0.0 0   0   0  0  0  0
  - 2.13s  -----R--    0  Y   Y  1.00  0.04 1.00 -  |   479.0    437.1  0.00 |  0.0  0.0 0   0   0  0  0  0
  - 2.02s  -----R--    0  Y   Y  1.00  0.13 1.00 -  |   479.0    437.1  0.00 |  0.0  0.0 0   0   0  0  0  0
  - 1.92s  -----R--    0  Y   Y  1.00  0.21 1.00 -  |   479.0    437.1  0.00 |  0.0  0.0 0   0   0  0  0  0
  - 1.82s  -----R--    0  Y   Y  1.00  0.29 1.00 -  |   479.0    437.1  0.00 |  0.0  0.0 0   0   0  0  0  0
  - 1.72s  -----R--    0  Y   Y  1.00  0.38 1.00 -  |   479.0    437.1  0.00 |  0.0  0.0 0   0   0  0  0  0
  - 1.61s  -----R--    0  Y   Y  1.00  0.47 1.00 -  |   479.0    437.1  0.00 |  0.0  0.0 0   0   0  0  0  0
  - 1.51s  -----R--    0  Y   Y  1.00  0.55 1.00 -  |   479.0    437.1  0.00 |  0.0  0.0 0   0   0  0  0  0
  - 1.41s  -----R--    0  Y   Y  1.00  0.63 1.00 -  |   479.0    437.1  0.00 |  0.0  0.0 0   0   0  0  0  0
  - 1.31s  -----R--    0  Y   Y  1.00  0.72 1.00 -  |   479.0    437.1  0.00 |  0.0  0.0 0   0   0  0  0  0
  - 1.20s  --------    0  Y   Y  1.00  0.81 1.00 T  |   479.0    437.1  0.00 |  0.0  0.0 0   0   0  0  0  0
  - 1.10s  --------    0  Y   Y  1.00  0.19 1.00 -  |   479.0    437.1  0.00 |  0.0  0.0 0   0   0  0  0  0
  - 0.99s  --------    0  Y   Y  1.00  0.29 1.00 -  |   479.0    437.1  0.00 |  0.0  0.0 0   0   0  0  0  0
  - 0.89s  --------    0  Y   Y  1.00  0.40 1.00 -  |   479.0    437.1  0.00 |  0.0  0.0 0   0   0  0  0  0
  - 0.78s  --------    0  Y   Y  1.00  0.50 1.00 -  |   479.0    437.1  0.00 |  0.0  0.0 0   0   0  0  0  0
  - 0.68s  --------    0  Y   Y  1.00  0.60 1.00 -  |   479.0    437.1  0.00 |  0.0  0.0 0   0   0  0  0  0
  - 0.58s  --------    0  Y   Y  1.00  0.71 1.00 -  |   479.0    437.1  0.00 |  0.0  0.0 0   0   0  0  0  0
  - 0.48s  --------    0  Y   Y  1.00  0.81 1.00 -  |   479.0    437.1  0.00 |  0.0  0.0 0   0   0  0  0  0
  - 0.37s  --------    0  Y   Y  1.00  0.91 1.00 -  |   479.0    437.1  0.00 | -1.0  0.0 0   0   0  0  0  0
  - 0.27s  --------    0  Y   Y  1.00  1.01 1.00 -  |   479.0    437.0  0.00 | -1.0  0.0 0   0   0  0  0  0
  - 0.16s  --------    0  Y   Y  1.00  1.12 1.00 -  |   478.9    436.8  0.00 |  0.0  0.0 0   0   0  0  0  0
  - 0.06s  --------    0  Y   Y  1.00  1.22 1.00 -  |   478.8    436.6  0.00 |  0.0  0.0 0   0   0  0  0  0
=========================================================== END

[  2826   16.417 x1.00] LOG  [OniBoss] Playing animation: Watch
[  3029   17.341 x1.00] LOG  [OniBoss] Chase → Attack
[  3029   17.341 x1.00] LOG  [OniBoss] Attack: ClubSlam (20 dmg)
[  3029   17.341 x1.00] LOG  [OniBoss:Trail] ClubSlam trail START at clip 0.60 (transition done).
[  3052   17.444 x1.00] LOG  [OniBoss:Layer] step-in: 'ClubSlam' closed 0.49m, Yoru now 3.0m away (range 3.5)
[  3126   17.770 x1.00] LOG  [CameraGameFeel] Shake: intensity=0.50 duration=0.400s
[  3126   17.770 x1.00] LOG  [Combat] Hit react: HitReact_Heavy_2Leg (0.9s)
[  3126   17.770 x1.00] LOG  [HitReactTrace] asked for 'HitReact_Heavy_2Leg' (0.90s) — blend resolved after 0 ms, now playing a clip 1.00s long at speed 1.00, layer weight 1.00, animator.speed 1.00.
[  3126   17.770 x1.00] LOG  [CameraGameFeel] Shake: intensity=0.28 duration=0.150s
[  3126   17.770 x1.00] LOG  [CameraGameFeel] FOV punch: player damage (-3.0°)
[  3126   17.770 x1.00] LOG  [OniBoss] Hit player for 20 (ClubSlam)
[  3126   17.770 x1.00] LOG  [OniBoss:Touch] ClubSlam: club TOUCHED Yoru at clip 0.46 — shaft 0.67m from her body, tip speed 97m/s. Full club hit delivered this frame.
[  3201   18.133 x1.00] LOG  [OniBoss:ClubPos] ClubSlam at strike: club tip 0.52m up, 2.91m in front, -0.09m to his right (2.91m out from his centre). Club faces 8deg from his forward, pitch -0.26. (the ground wave is born 1.6m in front of him at 0.35m.)
[  3201   18.133 x1.00] LOG  [OniBoss:Layer] ClubSlam: club connected — no wave this swing.
[  3229   18.263 x1.00] LOG  [OniBoss] Attack → Recovery
[  3229   18.263 x1.00] LOG  [OniBoss] Playing animation: Watch
[  3229   18.263 x1.00] LOG  [OniBoss:Trail] trail END at clip 0.99, fading over 0.40s.
[  3229   18.263 x1.00] LOG  [OniBoss:Strike] ClubSlam: club tip closest to Yoru at 0.20m, clip position 0.85 | damage fires at 0.85 | clip 0.93s => MATCHED (within one or two frames)
[  3262   18.415 x1.00] LOG  [OniBoss] Recovery → Chase
[  3263   18.420 x1.00] LOG  [OniBoss] hold-ground: BACKSTEP 1.5m (player 3.0m)
[  3440   19.200 x1.00] LOG  [OniBoss] hold-ground: backstep done (1.25m), WATCH (player 4.3m, cooldown 2.2s)
[  3440   19.200 x1.00] LOG  [OniBoss] Playing animation: Watch
[  3486   19.405 x1.00] LOG  [OniBoss] Playing animation: run
[  3600   19.916 x1.00] LOG  
==================== [FREEZE-DEBUG v3] ====================
  Reason : WASD-NOMOVE: WASD recent + speed 0.00m/s for 0.40s
  Time   : 16.527s   Frame: 3600   Snaps: 60
===========================================================

--- CURRENT STATE ---
  Flags: atk=False hvy=False dod=False dsh=False
         grd=False hit=False aerial=False lockPos=False
         comboStep=0
  Anim : speed=1.00  combatLayer hash=-792875657 normT=1.239 weight=1.00 inTransition=False
  CC   : grounded=True  enabled=True  pos=(477.96, -0.02, 435.19)  vel=(0.00, 0.00, 0.00)
  Move : IsRunning=False
  Input: H=-1.00 V=0.00  LMB=False MMB=False Q=False Sp=False Sh=False C=False
         WASD pressed in last 0.5s: True (last 0.00s ago)

--- FLIGHT RECORDER (60 snapshots, oldest first, dt=0.10s) ---
  Legend: flags = A(tk) H(vy) D(od) S(sh) G(rd) R(eact) Y(aerial) L(ock)   gnd/cc: Y/n
  t-now    flags     step gnd cc anSp normT layW tr | posX     posZ     spd   | H    V    LMB MMB Q  Sp Sh C
  ------   --------  ---- --- -- ---- ----- ---- -- | -----    -----    ----  | ---- ---- --- --- -- -- -- -
  - 6.07s  -----R--    0  Y   Y  1.00  0.13 1.00 -  |   479.0    437.1  0.00 |  0.0  0.0 0   0   0  0  0  0
  - 5.97s  -----R--    0  Y   Y  1.00  0.21 1.00 -  |   479.0    437.1  0.00 |  0.0  0.0 0   0   0  0  0  0
  - 5.87s  -----R--    0  Y   Y  1.00  0.29 1.00 -  |   479.0    437.1  0.00 |  0.0  0.0 0   0   0  0  0  0
  - 5.77s  -----R--    0  Y   Y  1.00  0.38 1.00 -  |   479.0    437.1  0.00 |  0.0  0.0 0   0   0  0  0  0
  - 5.66s  -----R--    0  Y   Y  1.00  0.47 1.00 -  |   479.0    437.1  0.00 |  0.0  0.0 0   0   0  0  0  0
  - 5.56s  -----R--    0  Y   Y  1.00  0.55 1.00 -  |   479.0    437.1  0.00 |  0.0  0.0 0   0   0  0  0  0
  - 5.46s  -----R--    0  Y   Y  1.00  0.63 1.00 -  |   479.0    437.1  0.00 |  0.0  0.0 0   0   0  0  0  0
  - 5.36s  -----R--    0  Y   Y  1.00  0.72 1.00 -  |   479.0    437.1  0.00 |  0.0  0.0 0   0   0  0  0  0
  - 5.25s  --------    0  Y   Y  1.00  0.81 1.00 T  |   479.0    437.1  0.00 |  0.0  0.0 0   0   0  0  0  0
  - 5.15s  --------    0  Y   Y  1.00  0.19 1.00 -  |   479.0    437.1  0.00 |  0.0  0.0 0   0   0  0  0  0
  - 5.04s  --------    0  Y   Y  1.00  0.29 1.00 -  |   479.0    437.1  0.00 |  0.0  0.0 0   0   0  0  0  0
  - 4.94s  --------    0  Y   Y  1.00  0.40 1.00 -  |   479.0    437.1  0.00 |  0.0  0.0 0   0   0  0  0  0
  - 4.83s  --------    0  Y   Y  1.00  0.50 1.00 -  |   479.0    437.1  0.00 |  0.0  0.0 0   0   0  0  0  0
  - 4.73s  --------    0  Y   Y  1.00  0.60 1.00 -  |   479.0    437.1  0.00 |  0.0  0.0 0   0   0  0  0  0
  - 4.63s  --------    0  Y   Y  1.00  0.71 1.00 -  |   479.0    437.1  0.00 |  0.0  0.0 0   0   0  0  0  0
  - 4.53s  --------    0  Y   Y  1.00  0.81 1.00 -  |   479.0    437.1  0.00 |  0.0  0.0 0   0   0  0  0  0
  - 4.42s  --------    0  Y   Y  1.00  0.91 1.00 -  |   479.0    437.1  0.00 | -1.0  0.0 0   0   0  0  0  0
  - 4.32s  --------    0  Y   Y  1.00  1.01 1.00 -  |   479.0    437.0  0.00 | -1.0  0.0 0   0   0  0  0  0
  - 4.21s  --------    0  Y   Y  1.00  1.12 1.00 -  |   478.9    436.8  0.00 |  0.0  0.0 0   0   0  0  0  0
  - 4.11s  --------    0  Y   Y  1.00  1.22 1.00 -  |   478.8    436.6  0.00 |  0.0  0.0 0   0   0  0  0  0
  - 4.01s  --------    0  Y   Y  1.00  1.32 1.00 -  |   478.7    436.5  0.00 |  0.0  0.0 0   0   0  0  0  0
  - 3.91s  --------    0  Y   Y  1.00  1.43 1.00 -  |   478.7    436.5  0.00 |  0.0  0.0 0   0   0  0  0  0
  - 3.81s  --------    0  Y   Y  1.00  1.53 1.00 -  |   478.7    436.5  0.00 |  0.0  0.0 0   0   0  0  0  0
  - 3.71s  --------    0  Y   Y  1.00  1.63 1.00 -  |   478.7    436.5  0.00 |  0.0  0.0 0   0   0  0  0  0
  - 3.60s  --------    0  Y   Y  1.00  1.73 1.00 -  |   478.7    436.5  0.00 |  0.0  0.0 0   0   0  0  0  0
  - 3.50s  --------    0  Y   Y  1.00  1.84 1.00 -  |   478.7    436.5  0.00 |  0.0  0.0 0   0   0  0  0  0
  - 3.39s  --------    0  Y   Y  1.00  1.94 1.00 -  |   478.7    436.5  0.00 |  0.0  0.0 0   0   0  0  0  0
  - 3.29s  --------    0  Y   Y  1.00  2.04 1.00 -  |   478.7    436.5  0.00 |  0.0  0.0 0   0   0  0  0  0
  - 3.19s  --------    0  Y   Y  1.00  2.14 1.00 -  |   478.7    436.5  0.00 |  0.0  0.0 0   0   0  0  0  0
  - 3.09s  --------    0  Y   Y  1.00  2.25 1.00 -  |   478.7    436.5  0.00 |  0.0  0.0 0   0   0  0  0  0
  - 2.98s  --------    0  Y   Y  1.00  2.35 1.00 -  |   478.7    436.5  0.00 |  0.0  0.0 0   0   0  0  0  0
  - 2.88s  --------    0  Y   Y  1.00  2.45 1.00 -  |   478.7    436.5  0.00 |  0.0  0.0 0   0   0  0  0  0
  - 2.78s  --------    0  Y   Y  1.00  2.55 1.00 -  |   478.7    436.5  0.00 |  0.0  0.0 0   0   0  0  0  0
  - 2.68s  --------    0  Y   Y  1.00  2.66 1.00 -  |   478.7    436.5  0.00 |  0.0  0.0 0   0   0  0  0  0
  - 2.57s  --------    0  Y   Y  1.00  2.76 1.00 -  |   478.7    436.5  0.00 |  0.0  0.0 0   0   0  0  0  0
  - 2.47s  --------    0  Y   Y  1.00  2.86 1.00 -  |   478.7    436.5  0.00 |  0.0  0.0 0   0   0  0  0  0
  - 2.37s  --------    0  Y   Y  1.00  2.96 1.00 -  |   478.7    436.5  0.00 |  0.0  0.0 0   0   0  0  0  0
  - 2.27s  --------    0  Y   Y  1.00  3.06 1.00 -  |   478.7    436.5  0.00 |  0.0  0.0 0   0   0  0  0  0
  - 2.17s  --------    0  Y   Y  1.00  3.16 1.00 -  |   478.7    436.5  0.00 |  0.0  0.0 0   0   0  0  0  0
  - 2.06s  -----R--    0  Y   Y  1.00  0.06 1.00 -  |   478.7    436.5  0.00 |  0.0  0.0 0   0   0  0  0  0
  - 1.96s  -----R--    0  Y   Y  1.00  0.15 1.00 -  |   478.7    436.5  0.00 |  0.0  0.0 0   0   0  0  0  0
  - 1.86s  -----R--    0  Y   Y  1.00  0.23 1.00 -  |   478.7    436.5  0.00 |  0.0  0.0 0   0   0  0  0  0
  - 1.76s  -----R--    0  Y   Y  1.00  0.31 1.00 -  |   478.7    436.5  0.00 |  0.0  0.0 0   0   0  0  0  0
  - 1.66s  -----R--    0  Y   Y  1.00  0.40 1.00 -  |   478.7    436.5  0.00 |  0.0  0.0 0   0   0  0  0  0
  - 1.56s  -----R--    0  Y   Y  1.00  0.48 1.00 -  |   478.7    436.5  0.00 |  0.0  0.0 0   0   0  0  0  0
  - 1.46s  -----R--    0  Y   Y  1.00  0.56 1.00 -  |   478.7    436.5  0.00 |  0.0  0.0 0   0   0  0  0  0
  - 1.35s  -----R--    0  Y   Y  1.00  0.65 1.00 -  |   478.7    436.5  0.00 |  0.0  0.0 0   0   0  0  0  0
  - 1.25s  -----R--    0  Y   Y  1.00  0.73 1.00 -  |   478.7    436.5  0.00 |  0.0  0.0 0   0   0  0  0  0
  - 1.15s  --------    0  Y   Y  1.00  0.82 1.00 T  |   478.7    436.5  0.00 |  0.0  0.0 0   0   0  0  0  0
  - 1.05s  --------    0  Y   Y  1.00  0.19 1.00 -  |   478.7    436.5  0.00 |  0.0  0.0 0   0   0  0  0  0
  - 0.95s  --------    0  Y   Y  1.00  0.29 1.00 -  |   478.7    436.5  0.00 |  0.0  0.0 0   0   0  0  0  0
  - 0.84s  --------    0  Y   Y  1.00  0.40 1.00 -  |   478.7    436.5  0.00 |  0.0  0.0 0   0   0  0  0  0
  - 0.74s  --------    0  Y   Y  1.00  0.50 1.00 -  |   478.7    436.5  0.00 | -1.0  0.0 0   0   0  0  0  0
  - 0.64s  --------    0  Y   Y  1.00  0.60 1.00 -  |   478.6    436.3  0.00 | -1.0  0.0 0   0   0  0  0  0
  - 0.54s  --------    0  Y   Y  1.00  0.70 1.00 -  |   478.5    436.1  0.00 | -1.0  0.0 0   0   0  0  0  0
  - 0.44s  --------    0  Y   Y  1.00  0.80 1.00 -  |   478.4    436.0  0.00 | -1.0  0.0 0   0   0  0  0  0
  - 0.34s  --------    0  Y   Y  1.00  0.90 1.00 -  |   478.3    435.8  0.00 | -1.0  0.0 0   0   0  0  0  0
  - 0.23s  --------    0  Y   Y  1.00  1.00 1.00 -  |   478.2    435.6  0.00 | -1.0  0.0 0   0   0  0  0  0
  - 0.13s  --------    0  Y   Y  1.00  1.11 1.00 -  |   478.1    435.4  0.00 | -1.0  0.0 0   0   0  0  0  0
  - 0.03s  --------    0  Y   Y  1.00  1.21 1.00 -  |   478.0    435.2  0.00 | -1.0  0.0 0   0   0  0  0  0
=========================================================== END

[  3705   20.397 x1.00] LOG  [OniBoss] Playing animation: Watch
[  3911   21.418 x1.00] LOG  [OniBoss] hold-ground: cooldown over, player 4.2m > 3.5m — APPROACH
[  3911   21.418 x1.00] LOG  [OniBoss] Playing animation: Walk
[  4042   22.070 x1.00] LOG  [OniBoss] Chase → Attack
[  4042   22.070 x1.00] LOG  [OniBoss] Attack: ClubSlam (20 dmg)
[  4042   22.070 x1.00] LOG  [OniBoss:Trail] ClubSlam trail START at clip 0.35 (transition done).
[  4045   22.088 x1.00] LOG  [OniBoss:Layer] step-in: 'ClubSlam' closed 0.08m, Yoru now 3.0m away (range 3.5)
[  4123   22.501 x1.00] LOG  [CameraGameFeel] Shake: intensity=0.50 duration=0.400s
[  4123   22.501 x1.00] LOG  [Combat] Hit react: HitReact_Heavy_2Leg (0.9s)
[  4123   22.501 x1.00] LOG  [HitReactTrace] asked for 'HitReact_Heavy_2Leg' (0.90s) — blend resolved after 0 ms, now playing a clip 1.00s long at speed 1.00, layer weight 1.00, animator.speed 1.00.
[  4123   22.501 x1.00] LOG  [CameraGameFeel] Shake: intensity=0.28 duration=0.150s
[  4123   22.501 x1.00] LOG  [CameraGameFeel] FOV punch: player damage (-3.0°)
[  4123   22.501 x1.00] LOG  [OniBoss] Hit player for 20 (ClubSlam)
[  4123   22.501 x1.00] LOG  [OniBoss:Touch] ClubSlam: club TOUCHED Yoru at clip 0.46 — shaft 0.62m from her body, tip speed 93m/s. Full club hit delivered this frame.
[  4203   22.864 x1.00] LOG  [OniBoss:ClubPos] ClubSlam at strike: club tip 0.56m up, 2.91m in front, -0.17m to his right (2.91m out from his centre). Club faces 6deg from his forward, pitch -0.25. (the ground wave is born 1.6m in front of him at 0.35m.)
[  4203   22.864 x1.00] LOG  [OniBoss:Layer] ClubSlam: club connected — no wave this swing.
[  4231   22.991 x1.00] LOG  [OniBoss] Attack → Recovery
[  4231   22.991 x1.00] LOG  [OniBoss] Playing animation: Watch
[  4231   22.991 x1.00] LOG  [OniBoss:Trail] trail END at clip 0.99, fading over 0.40s.
[  4231   22.991 x1.00] LOG  [OniBoss:Strike] ClubSlam: club tip closest to Yoru at 0.20m, clip position 0.85 | damage fires at 0.85 | clip 0.93s => MATCHED (within one or two frames)
[  4264   23.144 x1.00] LOG  [OniBoss] Recovery → Chase
[  4265   23.149 x1.00] LOG  [OniBoss] hold-ground: BACKSTEP 1.5m (player 3.0m)
[  4447   23.981 x1.00] LOG  [OniBoss] hold-ground: backstep done (1.33m), WATCH (player 4.3m, cooldown 2.2s)
[  4447   23.981 x1.00] LOG  [OniBoss] Playing animation: Watch
[  4889   26.148 x1.00] LOG  [OniBoss] hold-ground: cooldown over, player 4.3m > 3.5m — APPROACH
[  4889   26.148 x1.00] LOG  [OniBoss] Playing animation: Walk
[  5032   26.851 x1.00] LOG  [OniBoss] Chase → Attack
[  5032   26.851 x1.00] LOG  [OniBoss] Attack: ClubSwing2 (16 dmg)
[  5032   26.851 x1.00] LOG  [OniBoss:Trail] ClubSwing2 trail START at clip 0.38 (transition done).
[  5035   26.868 x1.00] LOG  [OniBoss:Layer] step-in: 'ClubSwing2' closed 0.08m, Yoru now 3.0m away (range 3.5)
[  5096   27.191 x1.00] LOG  [CameraGameFeel] Shake: intensity=0.20 duration=0.250s
[  5096   27.191 x1.00] LOG  [Combat] Hit react: HitReact_Light_2Leg (0.5s)
[  5096   27.191 x1.00] LOG  [HitReactTrace] asked for 'HitReact_Light_2Leg' (0.50s) — blend resolved after 0 ms, now playing a clip 1.00s long at speed 1.00, layer weight 1.00, animator.speed 1.00.
[  5096   27.191 x1.00] LOG  [CameraGameFeel] Shake: intensity=0.09 duration=0.150s
[  5096   27.191 x1.00] LOG  [CameraGameFeel] FOV punch: player damage (-2.0°)
[  5096   27.191 x1.00] LOG  [OniBoss] Hit player for 16 (ClubSwing2)
[  5096   27.191 x1.00] LOG  [OniBoss:Touch] ClubSwing2: club TOUCHED Yoru at clip 0.29 — shaft 0.68m from her body, tip speed 103m/s. Full club hit delivered this frame.
[  5104   27.232 x1.00] LOG  [OniBoss:ClubPos] ClubSwing2 at strike: club tip 0.11m up, 1.77m in front, 2.47m to his right (3.04m out from his centre). Club faces 7deg from his forward, pitch -0.88. (the ground wave is born 1.6m in front of him at 0.35m.)
[  5104   27.232 x1.00] LOG  [OniBoss:Layer] ClubSwing2: club connected — no wave this swing.
[  5258   28.012 x1.00] LOG  [OniBoss] Attack → Recovery
[  5258   28.012 x1.00] LOG  [OniBoss] Playing animation: Watch
[  5258   28.012 x1.00] LOG  [OniBoss:Trail] trail END at clip 0.99, fading over 0.40s.
[  5258   28.012 x1.00] LOG  [OniBoss:Strike] ClubSwing2: club tip closest to Yoru at 0.44m, clip position 0.30 | damage fires at 0.32 | clip 1.17s => MATCHED (within one or two frames)
[  5286   28.169 x1.00] LOG  [OniBoss] Recovery → Chase
[  5287   28.172 x1.00] LOG  [OniBoss] hold-ground: BACKSTEP 1.5m (player 3.0m)
[  5446   28.944 x1.00] LOG  [OniBoss] hold-ground: backstep done (1.23m), WATCH (player 4.4m, cooldown 2.2s)
[  5446   28.944 x1.00] LOG  [OniBoss] Playing animation: Watch
[  5487   29.144 x1.00] LOG  [OniBoss] Playing animation: run
[  5511   29.254 x1.00] LOG  
==================== [FREEZE-DEBUG v3] ====================
  Reason : WASD-NOMOVE: WASD recent + speed 0.00m/s for 0.40s
  Time   : 25.866s   Frame: 5511   Snaps: 60
===========================================================

--- CURRENT STATE ---
  Flags: atk=False hvy=False dod=False dsh=False
         grd=False hit=False aerial=False lockPos=False
         comboStep=0
  Anim : speed=1.00  combatLayer hash=-792875657 normT=1.559 weight=1.00 inTransition=False
  CC   : grounded=True  enabled=True  pos=(476.77, 0.03, 433.06)  vel=(0.00, 0.00, 0.00)
  Move : IsRunning=False
  Input: H=-1.00 V=0.00  LMB=False MMB=False Q=False Sp=False Sh=False C=False
         WASD pressed in last 0.5s: True (last 0.00s ago)

--- FLIGHT RECORDER (60 snapshots, oldest first, dt=0.10s) ---
  Legend: flags = A(tk) H(vy) D(od) S(sh) G(rd) R(eact) Y(aerial) L(ock)   gnd/cc: Y/n
  t-now    flags     step gnd cc anSp normT layW tr | posX     posZ     spd   | H    V    LMB MMB Q  Sp Sh C
  ------   --------  ---- --- -- ---- ----- ---- -- | -----    -----    ----  | ---- ---- --- --- -- -- -- -
  - 6.11s  -----R--    0  Y   Y  1.00  0.53 1.00 -  |   477.1    433.7  0.00 |  0.0  0.0 0   0   0  0  0  0
  - 6.00s  -----R--    0  Y   Y  1.00  0.61 1.00 -  |   477.1    433.7  0.00 |  0.0  0.0 0   0   0  0  0  0
  - 5.90s  -----R--    0  Y   Y  1.00  0.70 1.00 -  |   477.1    433.7  0.00 |  0.0  0.0 0   0   0  0  0  0
  - 5.80s  --------    0  Y   Y  1.00  0.78 1.00 T  |   477.1    433.7  0.00 |  0.0  0.0 0   0   0  0  0  0
  - 5.70s  --------    0  Y   Y  1.00  0.15 1.00 -  |   477.1    433.7  0.00 |  0.0  0.0 0   0   0  0  0  0
  - 5.59s  --------    0  Y   Y  1.00  0.25 1.00 -  |   477.1    433.7  0.00 |  0.0  0.0 0   0   0  0  0  0
  - 5.49s  --------    0  Y   Y  1.00  0.35 1.00 -  |   477.1    433.7  0.00 |  0.0  0.0 0   0   0  0  0  0
  - 5.39s  --------    0  Y   Y  1.00  0.46 1.00 -  |   477.1    433.7  0.00 |  0.0  0.0 0   0   0  0  0  0
  - 5.29s  --------    0  Y   Y  1.00  0.56 1.00 -  |   477.1    433.7  0.00 |  0.0  0.0 0   0   0  0  0  0
  - 5.19s  --------    0  Y   Y  1.00  0.66 1.00 -  |   477.1    433.7  0.00 |  0.0  0.0 0   0   0  0  0  0
  - 5.09s  --------    0  Y   Y  1.00  0.75 1.00 -  |   477.1    433.7  0.00 |  0.0  0.0 0   0   0  0  0  0
  - 4.98s  --------    0  Y   Y  1.00  0.86 1.00 -  |   477.1    433.7  0.00 |  0.0  0.0 0   0   0  0  0  0
  - 4.88s  --------    0  Y   Y  1.00  0.96 1.00 -  |   477.1    433.7  0.00 |  0.0  0.0 0   0   0  0  0  0
  - 4.78s  --------    0  Y   Y  1.00  1.06 1.00 -  |   477.1    433.7  0.00 |  0.0  0.0 0   0   0  0  0  0
  - 4.68s  --------    0  Y   Y  1.00  1.17 1.00 -  |   477.1    433.7  0.00 |  0.0  0.0 0   0   0  0  0  0
  - 4.58s  --------    0  Y   Y  1.00  1.27 1.00 -  |   477.1    433.7  0.00 |  0.0  0.0 0   0   0  0  0  0
  - 4.48s  --------    0  Y   Y  1.00  1.37 1.00 -  |   477.1    433.7  0.00 |  0.0  0.0 0   0   0  0  0  0
  - 4.37s  --------    0  Y   Y  1.00  1.47 1.00 -  |   477.1    433.7  0.00 |  0.0  0.0 0   0   0  0  0  0
  - 4.27s  --------    0  Y   Y  1.00  1.57 1.00 -  |   477.1    433.7  0.00 |  0.0  0.0 0   0   0  0  0  0
  - 4.17s  --------    0  Y   Y  1.00  1.68 1.00 -  |   477.1    433.7  0.00 |  0.0  0.0 0   0   0  0  0  0
  - 4.06s  --------    0  Y   Y  1.00  1.78 1.00 -  |   477.1    433.7  0.00 |  0.0  0.0 0   0   0  0  0  0
  - 3.96s  --------    0  Y   Y  1.00  1.88 1.00 -  |   477.1    433.7  0.00 |  0.0  0.0 0   0   0  0  0  0
  - 3.86s  --------    0  Y   Y  1.00  1.98 1.00 -  |   477.1    433.7  0.00 |  0.0  0.0 0   0   0  0  0  0
  - 3.75s  --------    0  Y   Y  1.00  2.09 1.00 -  |   477.1    433.7  0.00 |  0.0  0.0 0   0   0  0  0  0
  - 3.65s  --------    0  Y   Y  1.00  2.19 1.00 -  |   477.1    433.7  0.00 |  0.0  0.0 0   0   0  0  0  0
  - 3.55s  --------    0  Y   Y  1.00  2.30 1.00 -  |   477.1    433.7  0.00 |  0.0  0.0 0   0   0  0  0  0
  - 3.45s  --------    0  Y   Y  1.00  2.40 1.00 -  |   477.1    433.7  0.00 |  0.0  0.0 0   0   0  0  0  0
  - 3.34s  --------    0  Y   Y  1.00  2.50 1.00 -  |   477.1    433.7  0.00 |  0.0  0.0 0   0   0  0  0  0
  - 3.24s  --------    0  Y   Y  1.00  2.60 1.00 -  |   477.1    433.7  0.00 |  0.0  0.0 0   0   0  0  0  0
  - 3.14s  --------    0  Y   Y  1.00  2.71 1.00 -  |   477.1    433.7  0.00 |  0.0  0.0 0   0   0  0  0  0
  - 3.03s  --------    0  Y   Y  1.00  2.81 1.00 -  |   477.1    433.7  0.00 |  0.0  0.0 0   0   0  0  0  0
  - 2.93s  --------    0  Y   Y  1.00  2.92 1.00 -  |   477.1    433.7  0.00 |  0.0  0.0 0   0   0  0  0  0
  - 2.83s  --------    0  Y   Y  1.00  3.02 1.00 -  |   477.1    433.7  0.00 |  0.0  0.0 0   0   0  0  0  0
  - 2.72s  --------    0  Y   Y  1.00  3.12 1.00 -  |   477.1    433.7  0.00 |  0.0  0.0 0   0   0  0  0  0
  - 2.62s  --------    0  Y   Y  1.00  3.23 1.00 -  |   477.1    433.7  0.00 |  0.0  0.0 0   0   0  0  0  0
  - 2.52s  --------    0  Y   Y  1.00  3.33 1.00 -  |   477.1    433.7  0.00 |  0.0  0.0 0   0   0  0  0  0
  - 2.42s  --------    0  Y   Y  1.00  3.43 1.00 -  |   477.1    433.7  0.00 |  0.0  0.0 0   0   0  0  0  0
  - 2.32s  --------    0  Y   Y  1.00  3.53 1.00 -  |   477.1    433.7  0.00 |  0.0  0.0 0   0   0  0  0  0
  - 2.21s  --------    0  Y   Y  1.00  3.63 1.00 -  |   477.1    433.7  0.00 |  0.0  0.0 0   0   0  0  0  0
  - 2.11s  --------    0  Y   Y  1.00  3.73 1.00 -  |   477.1    433.7  0.00 |  0.0  0.0 0   0   0  0  0  0
  - 2.00s  -----R--    0  Y   Y  1.00  0.04 1.00 -  |   477.1    433.7  0.00 |  0.0  0.0 0   0   0  0  0  0
  - 1.90s  -----R--    0  Y   Y  1.00  0.12 1.00 -  |   477.1    433.7  0.00 |  0.0  0.0 0   0   0  0  0  0
  - 1.80s  -----R--    0  Y   Y  1.00  0.21 1.00 -  |   477.1    433.7  0.00 |  0.0  0.0 0   0   0  0  0  0
  - 1.70s  -----R--    0  Y   Y  1.00  0.29 1.00 -  |   477.1    433.7  0.00 |  0.0  0.0 0   0   0  0  0  0
  - 1.60s  -----R--    0  Y   Y  1.00  0.38 1.00 -  |   477.1    433.7  0.00 |  0.0  0.0 0   0   0  0  0  0
  - 1.50s  --------    0  Y   Y  1.00  0.46 1.00 T  |   477.1    433.7  0.00 |  0.0  0.0 0   0   0  0  0  0
  - 1.40s  --------    0  Y   Y  1.00  0.16 1.00 -  |   477.1    433.7  0.00 |  0.0  0.0 0   0   0  0  0  0
  - 1.30s  --------    0  Y   Y  1.00  0.26 1.00 -  |   477.1    433.7  0.00 |  0.0  0.0 0   0   0  0  0  0
  - 1.19s  --------    0  Y   Y  1.00  0.37 1.00 -  |   477.1    433.7  0.00 |  0.0  0.0 0   0   0  0  0  0
  - 1.09s  --------    0  Y   Y  1.00  0.47 1.00 -  |   477.1    433.7  0.00 |  0.0  0.0 0   0   0  0  0  0
  - 0.98s  --------    0  Y   Y  1.00  0.58 1.00 -  |   477.1    433.7  0.00 |  0.0  0.0 0   0   0  0  0  0
  - 0.88s  --------    0  Y   Y  1.00  0.68 1.00 -  |   477.1    433.7  0.00 |  0.0  0.0 0   0   0  0  0  0
  - 0.78s  --------    0  Y   Y  1.00  0.78 1.00 -  |   477.1    433.7  0.00 |  0.0  0.0 0   0   0  0  0  0
  - 0.67s  --------    0  Y   Y  1.00  0.88 1.00 -  |   477.1    433.7  0.00 |  0.0  0.0 0   0   0  0  0  0
  - 0.57s  --------    0  Y   Y  1.00  0.99 1.00 -  |   477.1    433.7  0.00 |  0.0  0.0 0   0   0  0  0  0
  - 0.47s  --------    0  Y   Y  1.00  1.09 1.00 -  |   477.1    433.7  0.00 |  0.0  0.0 0   0   0  0  0  0
  - 0.37s  --------    0  Y   Y  1.00  1.19 1.00 -  |   477.1    433.7  0.00 | -1.0  0.0 0   0   0  0  0  0
  - 0.26s  --------    0  Y   Y  1.00  1.29 1.00 -  |   477.0    433.5  0.00 | -1.0  0.0 0   0   0  0  0  0
  - 0.16s  --------    0  Y   Y  1.00  1.40 1.00 -  |   476.9    433.3  0.00 | -1.0  0.0 0   0   0  0  0  0
  - 0.06s  --------    0  Y   Y  1.00  1.50 1.00 -  |   476.8    433.2  0.00 | -1.0  0.0 0   0   0  0  0  0
=========================================================== END

[  5704   30.150 x1.00] LOG  [OniBoss] Playing animation: Watch
[  5833   30.763 x1.00] LOG  [OniBoss] Playing animation: run
[  5924   31.173 x1.00] LOG  [OniBoss] Pull-band decision: RUN-IN (dist 4.9m, pullRange 0m, chance 0.50)
[  5991   31.499 x1.00] LOG  [StormWeather] ⚡ strike at (488.94, 45.00, 450.70)
[  6047   31.772 x1.00] LOG  [OniBoss] Playing animation: Watch
[  6047   31.772 x1.00] LOG  [OniBoss] Chase → Attack
[  6047   31.772 x1.00] LOG  [OniBoss] Attack: Club_Swing (16 dmg)
[  6047   31.772 x1.00] LOG  [OniBoss:Trail] Club_Swing trail START at clip 1.00 (transition done).
[  6084   31.935 x1.00] LOG  [OniBoss:Layer] step-in: 'Club_Swing' closed 0.81m, Yoru now 3.0m away (range 3.5)
[  6087   31.948 x1.00] LOG  [OniBoss:Layer] step-in: 'Club_Swing' closed 0.85m, Yoru now 3.0m away (range 3.5)
[  6091   31.965 x1.00] LOG  [OniBoss:Layer] step-in: 'Club_Swing' closed 0.89m, Yoru now 3.0m away (range 3.5)
[  6096   31.989 x1.00] LOG  [OniBoss:Layer] step-in: 'Club_Swing' closed 0.93m, Yoru now 3.0m away (range 3.5)
[  6100   32.009 x1.00] LOG  [OniBoss:Layer] step-in: 'Club_Swing' closed 0.97m, Yoru now 3.0m away (range 3.5)
[  6102   32.022 x1.00] LOG  [OniBoss:Layer] step-in: 'Club_Swing' closed 1.01m, Yoru now 3.0m away (range 3.5)
[  6125   32.127 x1.00] LOG  [OniBoss:ClubPos] Club_Swing at strike: club tip 3.02m up, 2.79m in front, -2.78m to his right (3.94m out from his centre). Club faces -76deg from his forward, pitch 0.40. (the ground wave is born 1.6m in front of him at 0.35m.)
[  6125   32.127 x1.00] LOG  [OniBoss:Layer] Club_Swing: club has not connected — ground wave released 1.6m in front, 12m/s x 6.0m = armed 0.50s, carrying 8 (half of the club's 16).
[  6135   32.174 x1.00] LOG  [Combat] Hit react: HitReact_Light_2Leg (0.5s)
[  6135   32.174 x1.00] LOG  [HitReactTrace] asked for 'HitReact_Light_2Leg' (0.50s) — blend resolved after 0 ms, now playing a clip 1.00s long at speed 1.00, layer weight 1.00, animator.speed 1.00.
[  6135   32.174 x1.00] LOG  [CameraGameFeel] Shake: intensity=0.09 duration=0.150s
[  6135   32.174 x1.00] LOG  [CameraGameFeel] FOV punch: player damage (-2.0°)
[  6135   32.174 x1.00] LOG  [OniBoss:Wave] wave TOUCHED Yoru (grounded) for 8 after 0.6m / 0.05s of travel.
[  6230   32.608 x1.00] LOG  [OniBoss] Attack → Recovery
[  6230   32.608 x1.00] LOG  [OniBoss] Playing animation: Watch
[  6230   32.608 x1.00] LOG  [OniBoss:Trail] trail END at clip 0.99, fading over 0.40s.
[  6230   32.608 x1.00] LOG  [OniBoss:Strike] Club_Swing: club tip closest to Yoru at 1.86m, clip position 0.91 | damage fires at 0.42 | clip 0.84s => damage fires 412 ms BEFORE the club is closest
[  6261   32.760 x1.00] LOG  [OniBoss] Recovery → Chase
[  6262   32.764 x1.00] LOG  [OniBoss] hold-ground: BACKSTEP 1.5m (player 3.5m)
[  6306   32.989 x1.00] LOG  [OniBoss] hold-ground: backstep done (0.36m), WATCH (player 4.3m, cooldown 2.8s)
[  6306   32.989 x1.00] LOG  [OniBoss] Playing animation: Watch
[  6344   33.184 x1.00] LOG  [OniBoss] Playing animation: run
[  6360   33.281 x1.00] LOG  
==================== [FREEZE-DEBUG v3] ====================
  Reason : WASD-NOMOVE: WASD recent + speed 0.00m/s for 0.41s
  Time   : 29.892s   Frame: 6360   Snaps: 60
===========================================================

--- CURRENT STATE ---
  Flags: atk=False hvy=False dod=False dsh=False
         grd=False hit=False aerial=False lockPos=False
         comboStep=0
  Anim : speed=1.00  combatLayer hash=-792875657 normT=0.593 weight=1.00 inTransition=False
  CC   : grounded=True  enabled=True  pos=(473.29, 0.82, 426.84)  vel=(0.00, -0.19, 0.00)
  Move : IsRunning=False
  Input: H=-1.00 V=0.00  LMB=False MMB=False Q=False Sp=False Sh=False C=False
         WASD pressed in last 0.5s: True (last 0.00s ago)

--- FLIGHT RECORDER (60 snapshots, oldest first, dt=0.10s) ---
  Legend: flags = A(tk) H(vy) D(od) S(sh) G(rd) R(eact) Y(aerial) L(ock)   gnd/cc: Y/n
  t-now    flags     step gnd cc anSp normT layW tr | posX     posZ     spd   | H    V    LMB MMB Q  Sp Sh C
  ------   --------  ---- --- -- ---- ----- ---- -- | -----    -----    ----  | ---- ---- --- --- -- -- -- -
  - 6.14s  --------    0  Y   Y  1.00  3.73 1.00 -  |   477.1    433.7  0.00 |  0.0  0.0 0   0   0  0  0  0
  - 6.03s  -----R--    0  Y   Y  1.00  0.04 1.00 -  |   477.1    433.7  0.00 |  0.0  0.0 0   0   0  0  0  0
  - 5.93s  -----R--    0  Y   Y  1.00  0.12 1.00 -  |   477.1    433.7  0.00 |  0.0  0.0 0   0   0  0  0  0
  - 5.83s  -----R--    0  Y   Y  1.00  0.21 1.00 -  |   477.1    433.7  0.00 |  0.0  0.0 0   0   0  0  0  0
  - 5.73s  -----R--    0  Y   Y  1.00  0.29 1.00 -  |   477.1    433.7  0.00 |  0.0  0.0 0   0   0  0  0  0
  - 5.62s  -----R--    0  Y   Y  1.00  0.38 1.00 -  |   477.1    433.7  0.00 |  0.0  0.0 0   0   0  0  0  0
  - 5.52s  --------    0  Y   Y  1.00  0.46 1.00 T  |   477.1    433.7  0.00 |  0.0  0.0 0   0   0  0  0  0
  - 5.42s  --------    0  Y   Y  1.00  0.16 1.00 -  |   477.1    433.7  0.00 |  0.0  0.0 0   0   0  0  0  0
  - 5.32s  --------    0  Y   Y  1.00  0.26 1.00 -  |   477.1    433.7  0.00 |  0.0  0.0 0   0   0  0  0  0
  - 5.21s  --------    0  Y   Y  1.00  0.37 1.00 -  |   477.1    433.7  0.00 |  0.0  0.0 0   0   0  0  0  0
  - 5.11s  --------    0  Y   Y  1.00  0.47 1.00 -  |   477.1    433.7  0.00 |  0.0  0.0 0   0   0  0  0  0
  - 5.01s  --------    0  Y   Y  1.00  0.58 1.00 -  |   477.1    433.7  0.00 |  0.0  0.0 0   0   0  0  0  0
  - 4.91s  --------    0  Y   Y  1.00  0.68 1.00 -  |   477.1    433.7  0.00 |  0.0  0.0 0   0   0  0  0  0
  - 4.80s  --------    0  Y   Y  1.00  0.78 1.00 -  |   477.1    433.7  0.00 |  0.0  0.0 0   0   0  0  0  0
  - 4.70s  --------    0  Y   Y  1.00  0.88 1.00 -  |   477.1    433.7  0.00 |  0.0  0.0 0   0   0  0  0  0
  - 4.60s  --------    0  Y   Y  1.00  0.99 1.00 -  |   477.1    433.7  0.00 |  0.0  0.0 0   0   0  0  0  0
  - 4.50s  --------    0  Y   Y  1.00  1.09 1.00 -  |   477.1    433.7  0.00 |  0.0  0.0 0   0   0  0  0  0
  - 4.39s  --------    0  Y   Y  1.00  1.19 1.00 -  |   477.1    433.7  0.00 | -1.0  0.0 0   0   0  0  0  0
  - 4.29s  --------    0  Y   Y  1.00  1.29 1.00 -  |   477.0    433.5  0.00 | -1.0  0.0 0   0   0  0  0  0
  - 4.19s  --------    0  Y   Y  1.00  1.40 1.00 -  |   476.9    433.3  0.00 | -1.0  0.0 0   0   0  0  0  0
  - 4.09s  --------    0  Y   Y  1.00  1.50 1.00 -  |   476.8    433.2  0.00 | -1.0  0.0 0   0   0  0  0  0
  - 3.98s  --------    0  Y   Y  1.00  1.60 1.00 -  |   476.7    433.0  0.00 | -1.0  0.0 0   0   0  0  0  0
  - 3.88s  --------    0  Y   Y  1.00  1.70 1.00 -  |   476.6    432.8  0.00 | -1.0  0.0 0   0   0  0  0  0
  - 3.78s  --------    0  Y   Y  1.00  1.81 1.00 -  |   476.5    432.6  0.00 | -1.0  0.0 0   0   0  0  0  0
  - 3.68s  --------    0  Y   Y  1.00  1.91 1.00 -  |   476.4    432.4  0.00 | -1.0  0.0 0   0   0  0  0  0
  - 3.57s  --------    0  Y   Y  1.00  2.01 1.00 -  |   476.3    432.3  0.00 | -1.0  0.0 0   0   0  0  0  0
  - 3.47s  --------    0  Y   Y  1.00  2.12 1.00 -  |   476.2    432.1  0.00 | -1.0  0.0 0   0   0  0  0  0
  - 3.37s  --------    0  Y   Y  1.00  2.22 1.00 -  |   476.1    431.9  0.00 | -1.0  0.0 0   0   0  0  0  0
  - 3.27s  --------    0  Y   Y  1.00  2.32 1.00 -  |   476.0    431.7  0.00 | -1.0  0.0 0   0   0  0  0  0
  - 3.16s  --------    0  Y   Y  1.00  2.42 1.00 -  |   475.9    431.6  0.00 | -1.0  0.0 0   0   0  0  0  0
  - 3.06s  --------    0  Y   Y  1.00  2.53 1.00 -  |   475.8    431.3  0.00 | -1.0  0.0 0   0   0  0  0  0
  - 2.96s  --------    0  Y   Y  1.00  2.63 1.00 -  |   475.7    431.2  0.00 | -1.0  0.0 0   0   0  0  0  0
  - 2.85s  --------    0  Y   Y  1.00  2.73 1.00 -  |   475.6    431.0  0.00 | -1.0  0.0 0   0   0  0  0  0
  - 2.75s  --------    0  Y   Y  1.00  2.84 1.00 -  |   475.5    430.8  0.00 | -1.0  0.0 0   0   0  0  0  0
  - 2.64s  --------    0  Y   Y  1.00  2.94 1.00 -  |   475.4    430.6  0.00 | -1.0  0.0 0   0   0  0  0  0
  - 2.54s  --------    0  Y   Y  1.00  3.04 1.00 -  |   475.3    430.4  0.00 | -1.0  0.0 0   0   0  0  0  0
  - 2.44s  --------    0  Y   Y  1.00  3.15 1.00 -  |   475.2    430.3  0.00 | -1.0  0.0 0   0   0  0  0  0
  - 2.34s  --------    0  Y   Y  1.00  3.25 1.00 -  |   475.1    430.1  0.00 | -1.0  0.0 0   0   0  0  0  0
  - 2.24s  --------    0  Y   Y  1.00  3.35 1.00 -  |   475.0    429.9  0.00 | -1.0  0.0 0   0   0  0  0  0
  - 2.13s  --------    0  Y   Y  1.00  3.45 1.00 -  |   474.9    429.7  0.00 | -1.0  0.0 0   0   0  0  0  0
  - 2.03s  --------    0  Y   Y  1.00  3.55 1.00 -  |   474.8    429.6  0.00 | -1.0  0.0 0   0   0  0  0  0
  - 1.92s  --------    0  Y   Y  1.00  3.66 1.00 -  |   474.7    429.4  0.00 | -1.0  0.0 0   0   0  0  0  0
  - 1.82s  --------    0  Y   Y  1.00  3.77 1.00 -  |   474.6    429.2  0.00 | -1.0  0.0 0   0   0  0  0  0
  - 1.72s  --------    0  Y   Y  1.00  3.87 1.00 -  |   474.5    429.0  0.00 | -1.0  0.0 0   0   0  0  0  0
  - 1.61s  --------    0  Y   Y  1.00  3.97 1.00 -  |   474.4    428.8  0.00 | -1.0  0.0 0   0   0  0  0  0
  - 1.51s  --------    0  Y   Y  1.00  4.08 1.00 -  |   474.3    428.7  0.00 | -1.0  0.0 0   0   0  0  0  0
  - 1.40s  --------    0  Y   Y  1.00  4.18 1.00 -  |   474.2    428.5  0.00 | -1.0  0.0 0   0   0  0  0  0
  - 1.30s  --------    0  Y   Y  1.00  4.29 1.00 -  |   474.1    428.3  0.00 | -1.0  0.0 0   0   0  0  0  0
  - 1.19s  --------    0  Y   Y  1.00  4.39 1.00 -  |   474.0    428.1  0.00 | -1.0  0.0 0   0   0  0  0  0
  - 1.09s  -----R--    0  Y   Y  1.00  4.49 1.00 T  |   473.9    427.9  0.00 | -1.0  0.0 0   0   0  0  0  0
  - 0.99s  -----R--    0  Y   Y  1.00  0.09 1.00 -  |   473.9    427.9  0.00 | -1.0  0.0 0   0   0  0  0  0
  - 0.89s  -----R--    0  Y   Y  1.00  0.18 1.00 -  |   473.9    427.9  0.00 | -1.0  0.0 0   0   0  0  0  0
  - 0.79s  -----R--    0  Y   Y  1.00  0.26 1.00 -  |   473.9    427.9  0.00 | -1.0  0.0 0   0   0  0  0  0
  - 0.68s  -----R--    0  Y   Y  1.00  0.35 1.00 -  |   473.9    427.9  0.00 | -1.0  0.0 0   0   0  0  0  0
  - 0.58s  --------    0  Y   Y  1.00  0.43 1.00 T  |   473.9    427.9  0.00 | -1.0  0.0 0   0   0  0  0  0
  - 0.48s  --------    0  Y   Y  1.00  0.12 1.00 -  |   473.8    427.7  0.00 | -1.0  0.0 0   0   0  0  0  0
  - 0.38s  --------    0  Y   Y  1.00  0.22 1.00 -  |   473.7    427.5  0.00 | -1.0  0.0 0   0   0  0  0  0
  - 0.27s  --------    0  Y   Y  1.00  0.32 1.00 -  |   473.6    427.3  0.00 | -1.0  0.0 0   0   0  0  0  0
  - 0.17s  --------    0  Y   Y  1.00  0.43 1.00 -  |   473.5    427.2  0.00 | -1.0  0.0 0   0   0  0  0  0
  - 0.06s  --------    0  Y   Y  1.00  0.53 1.00 -  |   473.4    427.0  0.00 | -1.0  0.0 0   0   0  0  0  0
=========================================================== END

[  6504   34.009 x1.00] LOG  [OniBoss] Playing animation: Watch
[  6565   34.324 x1.00] LOG  🚶 2-LEG JUMP
[  6565   34.324 x1.00] LOG  🐾 Jump 1 VFX spawned!
[  6658   34.763 x1.00] LOG  [OniBoss] Playing animation: run
[  6739   35.126 x1.00] LOG  [ComboTrace] LAUNCH OniBoss at 3.1m dist=3.07m in 0.31s [AIRBORNE]
[  6739   35.126 x1.00] LOG  [Combat] Aerial spin — 25 dmg
[  6739   35.126 x1.00] LOG  [AirPosePin] engaged, holding body at 2.398m above the transform
[  6744   35.158 x1.00] LOG  [AirPosePin] released, peak correction was 1.075m
[  6745   35.161 x1.00] LOG  💨 Landing VFX spawned!
[  6745   35.161 x1.00] LOG  ✅ LANDED! (was jump #1)
[  6747   35.168 x1.00] LOG  [AirPosePin] engaged, holding body at 0.792m above the transform
[  6752   35.186 x1.00] LOG  [OniBoss] Playing animation: Watch
[  6771   35.280 x1.00] LOG  OniBoss took 10 damage. HP: 450/500
[  6771   35.280 x1.00] LOG  [OniBoss] Chase → HitReact
[  6771   35.280 x1.00] LOG  [OniBoss:Layer] react tier: LIGHT (10 dmg) → 'Hit_react_light'
[  6771   35.280 x1.00] LOG  [CameraGameFeel] Shake: intensity=0.15 duration=0.150s
[  6771   35.280 x1.00] LOG  [CameraGameFeel] FOV punch: hit light (+1.5°)
[  6780   35.323 x1.00] LOG  💨 Landing VFX spawned!
[  6803   35.435 x1.00] LOG  [ComboTrace] LAUNCH RESULT wanted=3.07m actually moved=2.36m — completed
[  6803   35.435 x1.00] LOG  OniBoss took 10 damage. HP: 440/500
[  6803   35.435 x1.00] LOG  [OniBoss:Layer] burst: 2 hits / 20 dmg → flinch upgraded to 'HitReact_medium'
[  6803   35.435 x1.00] LOG  [CameraGameFeel] Shake: intensity=0.05 duration=0.150s
[  6805   35.445 x1.00] LOG  [AirPosePin] released, peak correction was 0.009m
[  6840   35.615 x1.00] LOG  🐾 4-LEG JUMP #0
[  6840   35.615 x1.00] LOG  🐾 Jump 1 VFX spawned!
[  6842   35.624 x1.00] LOG  [AirPosePin] engaged, holding body at 0.784m above the transform
[  6895   35.890 x1.00] LOG  [ComboTrace] END step=3 clipProgress=0.91 clipLen=0.79s queued=0 elapsed=0.76s
[  6896   35.894 x1.00] LOG  [AirPosePin] released, peak correction was 0.101m
[  6931   36.081 x1.00] LOG  [OniBoss] HitReact → Chase
[  6932   36.090 x1.00] LOG  [OniBoss] Pull-band decision: RUN-IN (dist 5.8m, pullRange 0m, chance 0.50)
[  6932   36.090 x1.00] LOG  [OniBoss] Playing animation: run
[  7054   36.645 x1.00] LOG  💨 Landing VFX spawned!
[  7054   36.645 x1.00] LOG  ✅ LANDED! (was jump #1)
[  7219   37.431 x1.00] LOG  
==================== [FREEZE-DEBUG v3] ====================
  Reason : WASD-NOMOVE: WASD recent + speed 0.00m/s for 0.40s
  Time   : 34.043s   Frame: 7219   Snaps: 60
===========================================================

--- CURRENT STATE ---
  Flags: atk=False hvy=False dod=False dsh=False
         grd=False hit=False aerial=False lockPos=False
         comboStep=3
  Anim : speed=1.00  combatLayer hash=-792875657 normT=1.533 weight=1.00 inTransition=False
  CC   : grounded=True  enabled=True  pos=(484.01, 0.06, 425.96)  vel=(0.00, -0.19, 0.00)
  Move : IsRunning=True
  Input: H=1.00 V=0.00  LMB=False MMB=False Q=False Sp=False Sh=True C=False
         WASD pressed in last 0.5s: True (last 0.00s ago)

--- FLIGHT RECORDER (60 snapshots, oldest first, dt=0.10s) ---
  Legend: flags = A(tk) H(vy) D(od) S(sh) G(rd) R(eact) Y(aerial) L(ock)   gnd/cc: Y/n
  t-now    flags     step gnd cc anSp normT layW tr | posX     posZ     spd   | H    V    LMB MMB Q  Sp Sh C
  ------   --------  ---- --- -- ---- ----- ---- -- | -----    -----    ----  | ---- ---- --- --- -- -- -- -
  - 6.18s  --------    0  Y   Y  1.00  3.55 1.00 -  |   474.8    429.6  0.00 | -1.0  0.0 0   0   0  0  0  0
  - 6.07s  --------    0  Y   Y  1.00  3.66 1.00 -  |   474.7    429.4  0.00 | -1.0  0.0 0   0   0  0  0  0
  - 5.97s  --------    0  Y   Y  1.00  3.77 1.00 -  |   474.6    429.2  0.00 | -1.0  0.0 0   0   0  0  0  0
  - 5.87s  --------    0  Y   Y  1.00  3.87 1.00 -  |   474.5    429.0  0.00 | -1.0  0.0 0   0   0  0  0  0
  - 5.76s  --------    0  Y   Y  1.00  3.97 1.00 -  |   474.4    428.8  0.00 | -1.0  0.0 0   0   0  0  0  0
  - 5.66s  --------    0  Y   Y  1.00  4.08 1.00 -  |   474.3    428.7  0.00 | -1.0  0.0 0   0   0  0  0  0
  - 5.55s  --------    0  Y   Y  1.00  4.18 1.00 -  |   474.2    428.5  0.00 | -1.0  0.0 0   0   0  0  0  0
  - 5.45s  --------    0  Y   Y  1.00  4.29 1.00 -  |   474.1    428.3  0.00 | -1.0  0.0 0   0   0  0  0  0
  - 5.34s  --------    0  Y   Y  1.00  4.39 1.00 -  |   474.0    428.1  0.00 | -1.0  0.0 0   0   0  0  0  0
  - 5.24s  -----R--    0  Y   Y  1.00  4.49 1.00 T  |   473.9    427.9  0.00 | -1.0  0.0 0   0   0  0  0  0
  - 5.14s  -----R--    0  Y   Y  1.00  0.09 1.00 -  |   473.9    427.9  0.00 | -1.0  0.0 0   0   0  0  0  0
  - 5.04s  -----R--    0  Y   Y  1.00  0.18 1.00 -  |   473.9    427.9  0.00 | -1.0  0.0 0   0   0  0  0  0
  - 4.94s  -----R--    0  Y   Y  1.00  0.26 1.00 -  |   473.9    427.9  0.00 | -1.0  0.0 0   0   0  0  0  0
  - 4.83s  -----R--    0  Y   Y  1.00  0.35 1.00 -  |   473.9    427.9  0.00 | -1.0  0.0 0   0   0  0  0  0
  - 4.73s  --------    0  Y   Y  1.00  0.43 1.00 T  |   473.9    427.9  0.00 | -1.0  0.0 0   0   0  0  0  0
  - 4.63s  --------    0  Y   Y  1.00  0.12 1.00 -  |   473.8    427.7  0.00 | -1.0  0.0 0   0   0  0  0  0
  - 4.53s  --------    0  Y   Y  1.00  0.22 1.00 -  |   473.7    427.5  0.00 | -1.0  0.0 0   0   0  0  0  0
  - 4.42s  --------    0  Y   Y  1.00  0.32 1.00 -  |   473.6    427.3  0.00 | -1.0  0.0 0   0   0  0  0  0
  - 4.32s  --------    0  Y   Y  1.00  0.43 1.00 -  |   473.5    427.2  0.00 | -1.0  0.0 0   0   0  0  0  0
  - 4.21s  --------    0  Y   Y  1.00  0.53 1.00 -  |   473.4    427.0  0.00 | -1.0  0.0 0   0   0  0  0  0
  - 4.10s  --------    0  Y   Y  1.00  0.64 1.00 -  |   473.3    426.8  0.00 | -1.0  0.0 0   0   0  0  0  0
  - 4.00s  --------    0  Y   Y  1.00  0.74 1.00 -  |   473.2    426.6  0.00 | -1.0  0.0 0   0   0  0  0  0
  - 3.90s  --------    0  Y   Y  1.00  0.85 1.00 -  |   473.1    426.4  0.00 |  0.0  0.0 0   0   0  0  0  0
  - 3.80s  --------    0  Y   Y  1.00  0.95 1.00 -  |   473.0    426.2  0.00 |  0.0  0.0 0   0   0  0  0  0
  - 3.69s  --------    0  Y   Y  1.00  1.05 1.00 -  |   472.9    426.1  0.00 |  0.0 -1.0 0   0   0  0  0  0
  - 3.58s  --------    0  Y   Y  1.00  1.16 1.00 -  |   473.1    425.9  0.00 |  0.0 -1.0 0   0   0  0  0  0
  - 3.48s  --------    0  Y   Y  1.00  1.26 1.00 -  |   473.3    425.8  0.00 |  0.0 -1.0 0   0   0  0  0  0
  - 3.38s  --------    0  Y   Y  1.00  1.36 1.00 -  |   473.5    425.7  0.00 |  0.0 -1.0 0   0   0  0  0  0
  - 3.28s  --------    0  Y   Y  1.00  1.46 1.00 -  |   473.6    425.6  0.00 |  0.0 -1.0 0   0   0  0  0  0
  - 3.18s  --------    0  Y   Y  1.00  1.56 1.00 -  |   473.8    425.5  0.00 |  0.0 -1.0 0   0   0  0  0  0
  - 3.08s  --------    0  n   Y  1.00  1.66 1.00 -  |   474.0    425.4  0.00 |  0.0 -1.0 0   0   0  1  0  0
  - 2.98s  --------    0  n   Y  1.00  1.76 1.00 -  |   474.2    425.3  0.00 |  0.0 -1.0 0   0   0  1  0  0
  - 2.88s  --------    0  n   Y  1.00  1.86 1.00 -  |   474.5    425.1  0.00 |  0.0 -1.0 0   0   0  0  1  0
  - 2.78s  --------    0  n   Y  1.00  1.97 1.00 -  |   474.8    425.0  0.00 |  0.0 -1.0 0   0   0  1  1  0
  - 2.67s  --------    0  n   Y  1.00  2.07 1.00 -  |   475.0    424.8  0.00 |  0.0 -1.0 0   0   0  0  1  0
  - 2.57s  --------    0  n   Y  1.00  2.18 1.00 -  |   475.3    424.6  0.00 |  0.0 -1.0 0   0   0  0  1  0
  - 2.47s  --------    0  n   Y  1.00  2.28 1.00 -  |   475.6    424.5  0.00 |  0.0 -1.0 1   0   0  1  1  0
  - 2.36s  --------    0  n   Y  1.00  2.39 1.00 -  |   475.9    424.4  0.00 |  0.0 -1.0 1   0   0  0  1  0
  - 2.26s  A-----Y-    3  n   Y  1.00  2.49 1.00 T  |   475.9    425.0  17.07 |  0.0 -1.0 0   0   0  0  1  0
  - 2.16s  A-----Y-    3  n   Y  1.00  0.18 1.00 -  |   475.6    426.3  10.51 |  0.0 -1.0 0   0   0  0  1  0
  - 2.05s  A-----Y-    3  n   Y  1.00  0.25 1.00 -  |   475.6    426.6  1.94 |  0.0 -1.0 0   0   0  0  1  0
  - 1.95s  ------Y-    3  Y   Y  1.00  0.39 1.00 -  |   476.0    426.5  0.00 |  0.0 -1.0 0   0   0  0  1  0
  - 1.85s  ------Y-    3  Y   Y  1.00  0.52 1.00 -  |   476.6    426.1  0.00 |  0.0 -1.0 0   0   0  0  1  0
  - 1.74s  A-----Y-    3  n   Y  1.00  0.65 1.00 -  |   477.0    425.8  0.00 |  0.0 -1.0 0   0   0  1  1  0
  - 1.63s  A-----Y-    3  n   Y  1.00  0.78 1.00 -  |   477.4    425.6  0.00 |  0.0 -1.0 0   0   0  1  1  0
  - 1.53s  --------    3  n   Y  1.00  0.91 1.00 T  |   477.8    425.4  0.00 |  0.0 -1.0 0   0   0  1  1  0
  - 1.42s  --------    3  n   Y  1.00  0.11 1.00 -  |   478.3    425.1  0.00 |  0.0 -1.0 0   0   0  1  1  0
  - 1.32s  --------    3  n   Y  1.00  0.21 1.00 -  |   478.7    424.9  0.00 |  0.0 -1.0 0   0   0  1  1  0
  - 1.22s  --------    3  n   Y  1.00  0.32 1.00 -  |   479.1    424.7  0.00 |  0.0 -1.0 0   0   0  0  1  0
  - 1.12s  --------    3  n   Y  1.00  0.42 1.00 -  |   479.5    424.5  0.00 |  0.0 -1.0 0   0   0  0  1  0
  - 1.01s  --------    3  n   Y  1.00  0.52 1.00 -  |   479.9    424.3  0.00 |  0.0 -1.0 0   0   0  0  1  0
  - 0.91s  --------    3  n   Y  1.00  0.62 1.00 -  |   480.3    424.0  0.00 |  0.0 -1.0 0   0   0  0  0  0
  - 0.81s  --------    3  n   Y  1.00  0.72 1.00 -  |   480.7    423.8  0.00 |  0.0 -1.0 0   0   0  0  0  0
  - 0.71s  --------    3  Y   Y  1.00  0.83 1.00 -  |   481.2    423.5  0.00 |  0.0  0.0 0   0   0  0  1  0
  - 0.60s  --------    3  Y   Y  1.00  0.93 1.00 -  |   481.8    423.2  0.00 |  1.0  0.0 0   0   0  0  1  0
  - 0.50s  --------    3  Y   Y  1.00  1.03 1.00 -  |   482.5    423.3  0.00 |  1.0  0.0 0   0   0  0  1  0
  - 0.40s  --------    3  Y   Y  1.00  1.13 1.00 -  |   482.8    423.8  0.00 |  1.0  0.0 0   0   0  0  0  0
  - 0.30s  --------    3  Y   Y  1.00  1.23 1.00 -  |   483.0    424.1  0.00 |  1.0  0.0 0   0   0  0  1  0
  - 0.20s  --------    3  Y   Y  1.00  1.34 1.00 -  |   483.3    424.7  0.00 |  1.0  0.0 0   0   0  0  1  0
  - 0.10s  --------    3  Y   Y  1.00  1.44 1.00 -  |   483.7    425.3  0.00 |  1.0  0.0 0   0   0  0  1  0
=========================================================== END

[  7419   38.355 x1.00] LOG  [OniBoss] Playing animation: Watch
[  7419   38.355 x1.00] LOG  [OniBoss] Chase → Attack
[  7419   38.355 x1.00] LOG  [OniBoss] Attack: ClubSwing2 (16 dmg)
[  7419   38.355 x1.00] LOG  [OniBoss:Trail] ClubSwing2 trail START at clip 1.00 (transition done).
[  7450   38.499 x1.00] LOG  [OniBoss:Layer] step-in: 'ClubSwing2' closed 0.70m, Yoru now 3.0m away (range 3.5)
[  7452   38.508 x1.00] LOG  [OniBoss:Layer] step-in: 'ClubSwing2' closed 0.74m, Yoru now 3.0m away (range 3.5)
[  7456   38.526 x1.00] LOG  [OniBoss:Layer] step-in: 'ClubSwing2' closed 0.77m, Yoru now 3.0m away (range 3.5)
[  7461   38.549 x1.00] LOG  [OniBoss:Layer] step-in: 'ClubSwing2' closed 0.81m, Yoru now 3.0m away (range 3.5)
[  7465   38.568 x1.00] LOG  [OniBoss:Layer] step-in: 'ClubSwing2' closed 0.84m, Yoru now 3.0m away (range 3.5)
[  7468   38.590 x1.00] LOG  [OniBoss:Layer] step-in: 'ClubSwing2' closed 0.88m, Yoru now 3.0m away (range 3.5)
[  7472   38.609 x1.00] LOG  [OniBoss:Layer] step-in: 'ClubSwing2' closed 0.91m, Yoru now 3.0m away (range 3.5)
[  7478   38.630 x1.00] LOG  [OniBoss:Layer] step-in: 'ClubSwing2' closed 0.95m, Yoru now 3.0m away (range 3.5)
[  7482   38.649 x1.00] LOG  [OniBoss:Layer] step-in: 'ClubSwing2' closed 0.98m, Yoru now 3.0m away (range 3.5)
[  7486   38.668 x1.00] LOG  [OniBoss:Layer] step-in: 'ClubSwing2' closed 1.02m, Yoru now 3.0m away (range 3.5)
[  7490   38.687 x1.00] LOG  [OniBoss:Layer] step-in: 'ClubSwing2' closed 1.05m, Yoru now 3.0m away (range 3.5)
[  7491   38.692 x1.00] LOG  [CameraGameFeel] Shake: intensity=0.20 duration=0.250s
[  7491   38.692 x1.00] LOG  [Combat] Hit react: HitReact_Light_2Leg (0.5s)
[  7491   38.692 x1.00] LOG  [HitReactTrace] asked for 'HitReact_Light_2Leg' (0.50s) — blend resolved after 0 ms, now playing a clip 1.00s long at speed 1.00, layer weight 1.00, animator.speed 1.00.
[  7491   38.692 x1.00] LOG  [CameraGameFeel] Shake: intensity=0.09 duration=0.150s
[  7491   38.692 x1.00] LOG  [CameraGameFeel] FOV punch: player damage (-2.0°)
[  7491   38.692 x1.00] LOG  [OniBoss] Hit player for 16 (ClubSwing2)
[  7491   38.692 x1.00] LOG  [OniBoss:Touch] ClubSwing2: club TOUCHED Yoru at clip 0.29 — shaft 0.60m from her body, tip speed 98m/s. Full club hit delivered this frame.
[  7500   38.741 x1.00] LOG  [OniBoss:ClubPos] ClubSwing2 at strike: club tip 0.09m up, 1.82m in front, 2.41m to his right (3.02m out from his centre). Club faces 5deg from his forward, pitch -0.88. (the ground wave is born 1.6m in front of him at 0.35m.)
[  7500   38.741 x1.00] LOG  [OniBoss:Layer] ClubSwing2: club connected — no wave this swing.
[  7678   39.518 x1.00] LOG  [OniBoss] Attack → Recovery
[  7678   39.518 x1.00] LOG  [OniBoss] Playing animation: Watch
[  7678   39.518 x1.00] LOG  [OniBoss:Trail] trail END at clip 0.99, fading over 0.40s.
[  7678   39.518 x1.00] LOG  [OniBoss:Strike] ClubSwing2: club tip closest to Yoru at 0.43m, clip position 0.30 | damage fires at 0.32 | clip 1.17s => MATCHED (within one or two frames)
[  7712   39.669 x1.00] LOG  [OniBoss] Recovery → Chase
[  7713   39.672 x1.00] LOG  [OniBoss] hold-ground: BACKSTEP 1.5m (player 3.9m)
[  7741   39.808 x1.00] LOG  [OniBoss] hold-ground: backstep done (0.21m), WATCH (player 4.4m, cooldown 2.9s)
[  7741   39.808 x1.00] LOG  [OniBoss] Playing animation: Watch
[  7784   40.002 x1.00] LOG  [OniBoss] Playing animation: run
[  7980   40.999 x1.00] LOG  [OniBoss] Playing animation: Watch
[  8076   41.452 x1.00] LOG  
==================== [FREEZE-DEBUG v3] ====================
  Reason : WASD-NOMOVE: WASD recent + speed 0.00m/s for 0.40s
  Time   : 38.063s   Frame: 8076   Snaps: 60
===========================================================

--- CURRENT STATE ---
  Flags: atk=False hvy=False dod=False dsh=False
         grd=False hit=False aerial=False lockPos=False
         comboStep=0
  Anim : speed=1.00  combatLayer hash=-792875657 normT=2.249 weight=1.00 inTransition=False
  CC   : grounded=True  enabled=True  pos=(488.53, -0.02, 433.30)  vel=(0.00, 0.00, 0.00)
  Move : IsRunning=False
  Input: H=1.00 V=0.00  LMB=False MMB=False Q=False Sp=False Sh=False C=False
         WASD pressed in last 0.5s: True (last 0.00s ago)

--- FLIGHT RECORDER (60 snapshots, oldest first, dt=0.10s) ---
  Legend: flags = A(tk) H(vy) D(od) S(sh) G(rd) R(eact) Y(aerial) L(ock)   gnd/cc: Y/n
  t-now    flags     step gnd cc anSp normT layW tr | posX     posZ     spd   | H    V    LMB MMB Q  Sp Sh C
  ------   --------  ---- --- -- ---- ----- ---- -- | -----    -----    ----  | ---- ---- --- --- -- -- -- -
  - 6.07s  A-----Y-    3  n   Y  1.00  0.25 1.00 -  |   475.6    426.6  1.94 |  0.0 -1.0 0   0   0  0  1  0
  - 5.97s  ------Y-    3  Y   Y  1.00  0.39 1.00 -  |   476.0    426.5  0.00 |  0.0 -1.0 0   0   0  0  1  0
  - 5.87s  ------Y-    3  Y   Y  1.00  0.52 1.00 -  |   476.6    426.1  0.00 |  0.0 -1.0 0   0   0  0  1  0
  - 5.76s  A-----Y-    3  n   Y  1.00  0.65 1.00 -  |   477.0    425.8  0.00 |  0.0 -1.0 0   0   0  1  1  0
  - 5.65s  A-----Y-    3  n   Y  1.00  0.78 1.00 -  |   477.4    425.6  0.00 |  0.0 -1.0 0   0   0  1  1  0
  - 5.55s  --------    3  n   Y  1.00  0.91 1.00 T  |   477.8    425.4  0.00 |  0.0 -1.0 0   0   0  1  1  0
  - 5.44s  --------    3  n   Y  1.00  0.11 1.00 -  |   478.3    425.1  0.00 |  0.0 -1.0 0   0   0  1  1  0
  - 5.34s  --------    3  n   Y  1.00  0.21 1.00 -  |   478.7    424.9  0.00 |  0.0 -1.0 0   0   0  1  1  0
  - 5.24s  --------    3  n   Y  1.00  0.32 1.00 -  |   479.1    424.7  0.00 |  0.0 -1.0 0   0   0  0  1  0
  - 5.14s  --------    3  n   Y  1.00  0.42 1.00 -  |   479.5    424.5  0.00 |  0.0 -1.0 0   0   0  0  1  0
  - 5.03s  --------    3  n   Y  1.00  0.52 1.00 -  |   479.9    424.3  0.00 |  0.0 -1.0 0   0   0  0  1  0
  - 4.93s  --------    3  n   Y  1.00  0.62 1.00 -  |   480.3    424.0  0.00 |  0.0 -1.0 0   0   0  0  0  0
  - 4.83s  --------    3  n   Y  1.00  0.72 1.00 -  |   480.7    423.8  0.00 |  0.0 -1.0 0   0   0  0  0  0
  - 4.73s  --------    3  Y   Y  1.00  0.83 1.00 -  |   481.2    423.5  0.00 |  0.0  0.0 0   0   0  0  1  0
  - 4.62s  --------    3  Y   Y  1.00  0.93 1.00 -  |   481.8    423.2  0.00 |  1.0  0.0 0   0   0  0  1  0
  - 4.52s  --------    3  Y   Y  1.00  1.03 1.00 -  |   482.5    423.3  0.00 |  1.0  0.0 0   0   0  0  1  0
  - 4.42s  --------    3  Y   Y  1.00  1.13 1.00 -  |   482.8    423.8  0.00 |  1.0  0.0 0   0   0  0  0  0
  - 4.32s  --------    3  Y   Y  1.00  1.23 1.00 -  |   483.0    424.1  0.00 |  1.0  0.0 0   0   0  0  1  0
  - 4.22s  --------    3  Y   Y  1.00  1.34 1.00 -  |   483.3    424.7  0.00 |  1.0  0.0 0   0   0  0  1  0
  - 4.12s  --------    3  Y   Y  1.00  1.44 1.00 -  |   483.7    425.3  0.00 |  1.0  0.0 0   0   0  0  1  0
  - 4.02s  --------    3  Y   Y  1.00  1.54 1.00 -  |   484.0    426.0  0.00 |  1.0  0.0 0   0   0  0  1  0
  - 3.91s  --------    3  Y   Y  1.00  1.64 1.00 -  |   484.3    426.6  0.00 |  1.0  0.0 0   0   0  0  1  0
  - 3.81s  --------    3  Y   Y  1.00  1.74 1.00 -  |   484.8    427.3  0.00 |  1.0  0.0 0   0   0  0  1  0
  - 3.71s  --------    3  Y   Y  1.00  1.84 1.00 -  |   485.1    427.9  0.00 |  1.0  0.0 0   0   0  0  1  0
  - 3.61s  --------    3  Y   Y  1.00  1.95 1.00 -  |   485.2    428.1  0.00 |  1.0  0.0 0   0   0  0  0  0
  - 3.51s  --------    3  Y   Y  1.00  2.05 1.00 -  |   485.3    428.3  0.00 |  1.0  0.0 0   0   0  0  0  0
  - 3.40s  --------    3  Y   Y  1.00  2.15 1.00 -  |   485.4    428.4  0.00 |  1.0  0.0 0   0   0  0  0  0
  - 3.30s  --------    3  Y   Y  1.00  2.25 1.00 -  |   485.5    428.6  0.00 |  1.0  0.0 0   0   0  0  0  0
  - 3.20s  --------    3  Y   Y  1.00  2.36 1.00 -  |   485.6    428.8  0.00 |  1.0  0.0 0   0   0  0  0  0
  - 3.10s  --------    3  Y   Y  1.00  2.46 1.00 -  |   485.7    429.0  0.00 |  1.0  0.0 0   0   0  0  0  0
  - 2.99s  --------    3  Y   Y  1.00  2.56 1.00 -  |   485.8    429.1  0.00 |  1.0  0.0 0   0   0  0  0  0
  - 2.89s  --------    3  Y   Y  1.00  2.66 1.00 -  |   485.9    429.3  0.00 |  1.0  0.0 0   0   0  0  0  0
  - 2.79s  --------    3  Y   Y  1.00  2.76 1.00 -  |   486.0    429.5  0.00 |  1.0  0.0 0   0   0  0  0  0
  - 2.69s  -----R--    0  Y   Y  1.00  0.05 1.00 -  |   486.0    429.6  0.00 |  1.0  0.0 0   0   0  0  0  0
  - 2.59s  -----R--    0  Y   Y  1.00  0.13 1.00 -  |   486.0    429.6  0.00 |  1.0  0.0 0   0   0  0  0  0
  - 2.49s  -----R--    0  Y   Y  1.00  0.22 1.00 -  |   486.0    429.6  0.00 |  1.0  0.0 0   0   0  0  0  0
  - 2.38s  -----R--    0  Y   Y  1.00  0.30 1.00 -  |   486.0    429.6  0.00 |  1.0  0.0 0   0   0  0  0  0
  - 2.28s  -----R--    0  Y   Y  1.00  0.39 1.00 -  |   486.0    429.6  0.00 |  1.0  0.0 0   0   0  0  0  0
  - 2.18s  --------    0  Y   Y  1.00  0.47 1.00 T  |   486.1    429.7  0.00 |  1.0  0.0 0   0   0  0  0  0
  - 2.08s  --------    0  Y   Y  1.00  0.17 1.00 -  |   486.2    429.9  0.00 |  1.0  0.0 0   0   0  0  0  0
  - 1.97s  --------    0  Y   Y  1.00  0.28 1.00 -  |   486.3    430.0  0.00 |  1.0  0.0 0   0   0  0  0  0
  - 1.87s  --------    0  Y   Y  1.00  0.38 1.00 -  |   486.4    430.3  0.00 |  1.0  0.0 0   0   0  0  0  0
  - 1.77s  --------    0  Y   Y  1.00  0.48 1.00 -  |   486.5    430.4  0.00 |  1.0  0.0 0   0   0  0  0  0
  - 1.67s  --------    0  Y   Y  1.00  0.58 1.00 -  |   486.6    430.6  0.00 |  1.0  0.0 0   0   0  0  0  0
  - 1.57s  --------    0  Y   Y  1.00  0.68 1.00 -  |   486.7    430.8  0.00 |  1.0  0.0 0   0   0  0  0  0
  - 1.46s  --------    0  Y   Y  1.00  0.79 1.00 -  |   486.8    430.9  0.00 |  1.0  0.0 0   0   0  0  0  0
  - 1.36s  --------    0  Y   Y  1.00  0.89 1.00 -  |   486.9    431.1  0.00 |  1.0  0.0 0   0   0  0  0  0
  - 1.26s  --------    0  Y   Y  1.00  0.98 1.00 -  |   487.1    431.3  0.00 |  1.0  0.0 0   0   0  0  0  0
  - 1.16s  --------    0  Y   Y  1.00  1.09 1.00 -  |   487.2    431.4  0.00 |  1.0  0.0 0   0   0  0  0  0
  - 1.06s  --------    0  Y   Y  1.00  1.19 1.00 -  |   487.3    431.6  0.00 |  1.0  0.0 0   0   0  0  0  0
  - 0.95s  --------    0  Y   Y  1.00  1.30 1.00 -  |   487.4    431.8  0.00 |  1.0  0.0 0   0   0  0  0  0
  - 0.85s  --------    0  Y   Y  1.00  1.40 1.00 -  |   487.6    431.9  0.00 |  1.0  0.0 0   0   0  0  0  0
  - 0.75s  --------    0  Y   Y  1.00  1.50 1.00 -  |   487.7    432.1  0.00 |  1.0  0.0 0   0   0  0  0  0
  - 0.65s  --------    0  Y   Y  1.00  1.60 1.00 -  |   487.8    432.3  0.00 |  1.0  0.0 0   0   0  0  0  0
  - 0.54s  --------    0  Y   Y  1.00  1.71 1.00 -  |   487.9    432.4  0.00 |  1.0  0.0 0   0   0  0  0  0
  - 0.44s  --------    0  Y   Y  1.00  1.81 1.00 -  |   488.0    432.6  0.00 |  1.0  0.0 0   0   0  0  0  0
  - 0.34s  --------    0  Y   Y  1.00  1.91 1.00 -  |   488.1    432.7  0.00 |  1.0  0.0 0   0   0  0  0  0
  - 0.24s  --------    0  Y   Y  1.00  2.01 1.00 -  |   488.3    432.9  0.00 |  1.0  0.0 0   0   0  0  0  0
  - 0.14s  --------    0  Y   Y  1.00  2.11 1.00 -  |   488.4    433.1  0.00 |  1.0  0.0 0   0   0  0  0  0
  - 0.04s  --------    0  Y   Y  1.00  2.21 1.00 -  |   488.5    433.2  0.00 |  1.0  0.0 0   0   0  0  0  0
=========================================================== END

[  8112   41.624 x1.00] LOG  [OniBoss] Playing animation: run
[  8316   42.632 x1.00] LOG  [OniBoss] Playing animation: Watch
[  8325   42.671 x1.00] LOG  [OniBoss] hold-ground: cooldown over, player 3.6m > 3.5m — APPROACH
[  8325   42.671 x1.00] LOG  [OniBoss] Playing animation: Walk
[  8935   45.486 x1.00] LOG  
==================== [FREEZE-DEBUG v3] ====================
  Reason : WASD-NOMOVE: WASD recent + speed 0.00m/s for 0.40s
  Time   : 42.097s   Frame: 8935   Snaps: 60
===========================================================

--- CURRENT STATE ---
  Flags: atk=False hvy=False dod=False dsh=False
         grd=False hit=False aerial=False lockPos=False
         comboStep=0
  Anim : speed=1.00  combatLayer hash=-792875657 normT=6.284 weight=1.00 inTransition=False
  CC   : grounded=True  enabled=True  pos=(493.25, -0.02, 439.86)  vel=(0.00, 0.00, 0.00)
  Move : IsRunning=False
  Input: H=1.00 V=0.00  LMB=False MMB=False Q=False Sp=False Sh=False C=False
         WASD pressed in last 0.5s: True (last 0.00s ago)

--- FLIGHT RECORDER (60 snapshots, oldest first, dt=0.10s) ---
  Legend: flags = A(tk) H(vy) D(od) S(sh) G(rd) R(eact) Y(aerial) L(ock)   gnd/cc: Y/n
  t-now    flags     step gnd cc anSp normT layW tr | posX     posZ     spd   | H    V    LMB MMB Q  Sp Sh C
  ------   --------  ---- --- -- ---- ----- ---- -- | -----    -----    ----  | ---- ---- --- --- -- -- -- -
  - 6.11s  --------    0  Y   Y  1.00  0.17 1.00 -  |   486.2    429.9  0.00 |  1.0  0.0 0   0   0  0  0  0
  - 6.01s  --------    0  Y   Y  1.00  0.28 1.00 -  |   486.3    430.0  0.00 |  1.0  0.0 0   0   0  0  0  0
  - 5.90s  --------    0  Y   Y  1.00  0.38 1.00 -  |   486.4    430.3  0.00 |  1.0  0.0 0   0   0  0  0  0
  - 5.80s  --------    0  Y   Y  1.00  0.48 1.00 -  |   486.5    430.4  0.00 |  1.0  0.0 0   0   0  0  0  0
  - 5.70s  --------    0  Y   Y  1.00  0.58 1.00 -  |   486.6    430.6  0.00 |  1.0  0.0 0   0   0  0  0  0
  - 5.60s  --------    0  Y   Y  1.00  0.68 1.00 -  |   486.7    430.8  0.00 |  1.0  0.0 0   0   0  0  0  0
  - 5.50s  --------    0  Y   Y  1.00  0.79 1.00 -  |   486.8    430.9  0.00 |  1.0  0.0 0   0   0  0  0  0
  - 5.40s  --------    0  Y   Y  1.00  0.89 1.00 -  |   486.9    431.1  0.00 |  1.0  0.0 0   0   0  0  0  0
  - 5.29s  --------    0  Y   Y  1.00  0.98 1.00 -  |   487.1    431.3  0.00 |  1.0  0.0 0   0   0  0  0  0
  - 5.19s  --------    0  Y   Y  1.00  1.09 1.00 -  |   487.2    431.4  0.00 |  1.0  0.0 0   0   0  0  0  0
  - 5.09s  --------    0  Y   Y  1.00  1.19 1.00 -  |   487.3    431.6  0.00 |  1.0  0.0 0   0   0  0  0  0
  - 4.98s  --------    0  Y   Y  1.00  1.30 1.00 -  |   487.4    431.8  0.00 |  1.0  0.0 0   0   0  0  0  0
  - 4.88s  --------    0  Y   Y  1.00  1.40 1.00 -  |   487.6    431.9  0.00 |  1.0  0.0 0   0   0  0  0  0
  - 4.78s  --------    0  Y   Y  1.00  1.50 1.00 -  |   487.7    432.1  0.00 |  1.0  0.0 0   0   0  0  0  0
  - 4.68s  --------    0  Y   Y  1.00  1.60 1.00 -  |   487.8    432.3  0.00 |  1.0  0.0 0   0   0  0  0  0
  - 4.58s  --------    0  Y   Y  1.00  1.71 1.00 -  |   487.9    432.4  0.00 |  1.0  0.0 0   0   0  0  0  0
  - 4.48s  --------    0  Y   Y  1.00  1.81 1.00 -  |   488.0    432.6  0.00 |  1.0  0.0 0   0   0  0  0  0
  - 4.38s  --------    0  Y   Y  1.00  1.91 1.00 -  |   488.1    432.7  0.00 |  1.0  0.0 0   0   0  0  0  0
  - 4.28s  --------    0  Y   Y  1.00  2.01 1.00 -  |   488.3    432.9  0.00 |  1.0  0.0 0   0   0  0  0  0
  - 4.17s  --------    0  Y   Y  1.00  2.11 1.00 -  |   488.4    433.1  0.00 |  1.0  0.0 0   0   0  0  0  0
  - 4.07s  --------    0  Y   Y  1.00  2.21 1.00 -  |   488.5    433.2  0.00 |  1.0  0.0 0   0   0  0  0  0
  - 3.97s  --------    0  Y   Y  1.00  2.31 1.00 -  |   488.6    433.4  0.00 |  1.0  0.0 0   0   0  0  0  0
  - 3.87s  --------    0  Y   Y  1.00  2.41 1.00 -  |   488.7    433.6  0.00 |  1.0  0.0 0   0   0  0  0  0
  - 3.77s  --------    0  Y   Y  1.00  2.51 1.00 -  |   488.8    433.7  0.00 |  1.0  0.0 0   0   0  0  0  0
  - 3.67s  --------    0  Y   Y  1.00  2.62 1.00 -  |   489.0    433.9  0.00 |  1.0  0.0 0   0   0  0  0  0
  - 3.56s  --------    0  Y   Y  1.00  2.72 1.00 -  |   489.1    434.1  0.00 |  1.0  0.0 0   0   0  0  0  0
  - 3.46s  --------    0  Y   Y  1.00  2.82 1.00 -  |   489.2    434.2  0.00 |  1.0  0.0 0   0   0  0  0  0
  - 3.36s  --------    0  Y   Y  1.00  2.92 1.00 -  |   489.3    434.4  0.00 |  1.0  0.0 0   0   0  0  0  0
  - 3.25s  --------    0  Y   Y  1.00  3.03 1.00 -  |   489.4    434.6  0.00 |  1.0  0.0 0   0   0  0  0  0
  - 3.15s  --------    0  Y   Y  1.00  3.13 1.00 -  |   489.6    434.7  0.00 |  1.0  0.0 0   0   0  0  0  0
  - 3.05s  --------    0  Y   Y  1.00  3.23 1.00 -  |   489.7    434.9  0.00 |  1.0  0.0 0   0   0  0  0  0
  - 2.95s  --------    0  Y   Y  1.00  3.33 1.00 -  |   489.8    435.1  0.00 |  1.0  0.0 0   0   0  0  0  0
  - 2.85s  --------    0  Y   Y  1.00  3.43 1.00 -  |   489.9    435.2  0.00 |  1.0  0.0 0   0   0  0  0  0
  - 2.75s  --------    0  Y   Y  1.00  3.53 1.00 -  |   490.0    435.4  0.00 |  1.0  0.0 0   0   0  0  0  0
  - 2.64s  --------    0  Y   Y  1.00  3.64 1.00 -  |   490.2    435.6  0.00 |  1.0  0.0 0   0   0  0  0  0
  - 2.54s  --------    0  Y   Y  1.00  3.74 1.00 -  |   490.3    435.7  0.00 |  1.0  0.0 0   0   0  0  0  0
  - 2.44s  --------    0  Y   Y  1.00  3.84 1.00 -  |   490.4    435.9  0.00 |  1.0  0.0 0   0   0  0  0  0
  - 2.34s  --------    0  Y   Y  1.00  3.94 1.00 -  |   490.5    436.1  0.00 |  1.0  0.0 0   0   0  0  0  0
  - 2.24s  --------    0  Y   Y  1.00  4.05 1.00 -  |   490.6    436.2  0.00 |  1.0  0.0 0   0   0  0  0  0
  - 2.14s  --------    0  Y   Y  1.00  4.15 1.00 -  |   490.8    436.4  0.00 |  1.0  0.0 0   0   0  0  0  0
  - 2.03s  --------    0  Y   Y  1.00  4.25 1.00 -  |   490.9    436.6  0.00 |  1.0  0.0 0   0   0  0  0  0
  - 1.93s  --------    0  Y   Y  1.00  4.35 1.00 -  |   491.0    436.7  0.00 |  1.0  0.0 0   0   0  0  0  0
  - 1.83s  --------    0  Y   Y  1.00  4.45 1.00 -  |   491.1    436.9  0.00 |  1.0  0.0 0   0   0  0  0  0
  - 1.73s  --------    0  Y   Y  1.00  4.56 1.00 -  |   491.2    437.0  0.00 |  1.0  0.0 0   0   0  0  0  0
  - 1.63s  --------    0  Y   Y  1.00  4.66 1.00 -  |   491.3    437.2  0.00 |  1.0  0.0 0   0   0  0  0  0
  - 1.53s  --------    0  Y   Y  1.00  4.76 1.00 -  |   491.5    437.4  0.00 |  1.0  0.0 0   0   0  0  0  0
  - 1.42s  --------    0  Y   Y  1.00  4.86 1.00 -  |   491.6    437.6  0.00 |  1.0  0.0 0   0   0  0  0  0
  - 1.32s  --------    0  Y   Y  1.00  4.96 1.00 -  |   491.7    437.7  0.00 |  1.0  0.0 0   0   0  0  0  0
  - 1.22s  --------    0  Y   Y  1.00  5.07 1.00 -  |   491.8    437.9  0.00 |  1.0  0.0 0   0   0  0  0  0
  - 1.11s  --------    0  Y   Y  1.00  5.17 1.00 -  |   491.9    438.0  0.00 |  1.0  0.0 0   0   0  0  0  0
  - 1.01s  --------    0  Y   Y  1.00  5.27 1.00 -  |   492.1    438.2  0.00 |  1.0  0.0 0   0   0  0  0  0
  - 0.91s  --------    0  Y   Y  1.00  5.37 1.00 -  |   492.2    438.4  0.00 |  1.0  0.0 0   0   0  0  0  0
  - 0.81s  --------    0  Y   Y  1.00  5.48 1.00 -  |   492.3    438.5  0.00 |  1.0  0.0 0   0   0  0  0  0
  - 0.71s  --------    0  Y   Y  1.00  5.58 1.00 -  |   492.4    438.7  0.00 |  1.0  0.0 0   0   0  0  0  0
  - 0.61s  --------    0  Y   Y  1.00  5.68 1.00 -  |   492.5    438.9  0.00 |  1.0  0.0 0   0   0  0  0  0
  - 0.50s  --------    0  Y   Y  1.00  5.78 1.00 -  |   492.7    439.1  0.00 |  1.0  0.0 0   0   0  0  0  0
  - 0.40s  --------    0  Y   Y  1.00  5.88 1.00 -  |   492.8    439.2  0.00 |  1.0  0.0 0   0   0  0  0  0
  - 0.30s  --------    0  Y   Y  1.00  5.98 1.00 -  |   492.9    439.4  0.00 |  1.0  0.0 0   0   0  0  0  0
  - 0.20s  --------    0  Y   Y  1.00  6.09 1.00 -  |   493.0    439.5  0.00 |  1.0  0.0 0   0   0  0  0  0
  - 0.09s  --------    0  Y   Y  1.00  6.19 1.00 -  |   493.1    439.7  0.00 |  1.0  0.0 0   0   0  0  0  0
=========================================================== END

[  9137   46.456 x1.00] LOG  [OniBoss] Chase → Attack
[  9137   46.456 x1.00] LOG  [OniBoss] Attack: ClubSwing2 (16 dmg)
[  9137   46.456 x1.00] LOG  [OniBoss:Trail] ClubSwing2 trail START at clip 1.00 (transition done).
[  9144   46.495 x1.00] LOG  [OniBoss:Layer] step-in: 'ClubSwing2' closed 0.16m, Yoru now 3.0m away (range 3.5)
[  9146   46.511 x1.00] LOG  [OniBoss:Layer] step-in: 'ClubSwing2' closed 0.20m, Yoru now 3.0m away (range 3.5)
[  9148   46.522 x1.00] LOG  [OniBoss:Layer] step-in: 'ClubSwing2' closed 0.24m, Yoru now 3.0m away (range 3.5)
[  9151   46.543 x1.00] LOG  [OniBoss:Layer] step-in: 'ClubSwing2' closed 0.28m, Yoru now 3.0m away (range 3.5)
[  9156   46.566 x1.00] LOG  [OniBoss:Layer] step-in: 'ClubSwing2' closed 0.32m, Yoru now 3.0m away (range 3.5)
[  9160   46.586 x1.00] LOG  [OniBoss:Layer] step-in: 'ClubSwing2' closed 0.36m, Yoru now 3.0m away (range 3.5)
[  9164   46.606 x1.00] LOG  [OniBoss:Layer] step-in: 'ClubSwing2' closed 0.40m, Yoru now 3.0m away (range 3.5)
[  9168   46.626 x1.00] LOG  [OniBoss:Layer] step-in: 'ClubSwing2' closed 0.44m, Yoru now 3.0m away (range 3.5)
[  9172   46.646 x1.00] LOG  [OniBoss:Layer] step-in: 'ClubSwing2' closed 0.48m, Yoru now 3.0m away (range 3.5)
[  9176   46.666 x1.00] LOG  [OniBoss:Layer] step-in: 'ClubSwing2' closed 0.52m, Yoru now 3.0m away (range 3.5)
[  9180   46.686 x1.00] LOG  [OniBoss:Layer] step-in: 'ClubSwing2' closed 0.56m, Yoru now 3.0m away (range 3.5)
[  9182   46.702 x1.00] LOG  [OniBoss:Layer] step-in: 'ClubSwing2' closed 0.60m, Yoru now 3.0m away (range 3.5)
[  9187   46.726 x1.00] LOG  [OniBoss:Layer] step-in: 'ClubSwing2' closed 0.64m, Yoru now 3.0m away (range 3.5)
[  9191   46.746 x1.00] LOG  [OniBoss:Layer] step-in: 'ClubSwing2' closed 0.68m, Yoru now 3.0m away (range 3.5)
[  9195   46.766 x1.00] LOG  [OniBoss:Layer] step-in: 'ClubSwing2' closed 0.72m, Yoru now 3.0m away (range 3.5)
[  9199   46.787 x1.00] LOG  [OniBoss:Layer] step-in: 'ClubSwing2' closed 0.76m, Yoru now 3.0m away (range 3.5)
[  9202   46.802 x1.00] LOG  [CameraGameFeel] Shake: intensity=0.20 duration=0.250s
[  9202   46.802 x1.00] LOG  [Combat] Hit react: HitReact_Light_2Leg (0.5s)
[  9202   46.802 x1.00] LOG  [HitReactTrace] asked for 'HitReact_Light_2Leg' (0.50s) — blend resolved after 0 ms, now playing a clip 1.00s long at speed 1.00, layer weight 1.00, animator.speed 1.00.
[  9202   46.802 x1.00] LOG  [CameraGameFeel] Shake: intensity=0.09 duration=0.150s
[  9202   46.802 x1.00] LOG  [CameraGameFeel] FOV punch: player damage (-2.0°)
[  9202   46.802 x1.00] LOG  [OniBoss] Hit player for 16 (ClubSwing2)
[  9202   46.802 x1.00] LOG  [OniBoss:Touch] ClubSwing2: club TOUCHED Yoru at clip 0.30 — shaft 0.36m from her body, tip speed 105m/s. Full club hit delivered this frame.
[  9203   46.811 x1.00] LOG  [OniBoss:Layer] step-in: 'ClubSwing2' closed 0.80m, Yoru now 3.0m away (range 3.5)
[  9207   46.836 x1.00] LOG  [OniBoss:ClubPos] ClubSwing2 at strike: club tip 0.08m up, 1.83m in front, 2.39m to his right (3.01m out from his centre). Club faces 4deg from his forward, pitch -0.88. (the ground wave is born 1.6m in front of him at 0.35m.)
[  9207   46.836 x1.00] LOG  [OniBoss:Layer] ClubSwing2: club connected — no wave this swing.
[  9378   47.620 x1.00] LOG  [OniBoss] Attack → Recovery
[  9378   47.620 x1.00] LOG  [OniBoss] Playing animation: Watch
[  9378   47.620 x1.00] LOG  [OniBoss:Trail] trail END at clip 0.99, fading over 0.40s.
[  9378   47.620 x1.00] LOG  [OniBoss:Strike] ClubSwing2: club tip closest to Yoru at 0.54m, clip position 0.30 | damage fires at 0.32 | clip 1.17s => MATCHED (within one or two frames)
[  9411   47.773 x1.00] LOG  [OniBoss] Recovery → Chase
[  9412   47.778 x1.00] LOG  [OniBoss] hold-ground: BACKSTEP 1.5m (player 3.9m)
[  9434   47.886 x1.00] LOG  [OniBoss] hold-ground: backstep done (0.17m), WATCH (player 4.3m, cooldown 2.9s)
[  9434   47.886 x1.00] LOG  [OniBoss] Playing animation: Watch
[  9475   48.082 x1.00] LOG  [OniBoss] Playing animation: run
[  9676   49.079 x1.00] LOG  [OniBoss] Playing animation: Watch
[  9760   49.513 x1.00] LOG  
==================== [FREEZE-DEBUG v3] ====================
  Reason : WASD-NOMOVE: WASD recent + speed 0.00m/s for 0.40s
  Time   : 46.124s   Frame: 9760   Snaps: 60
===========================================================

--- CURRENT STATE ---
  Flags: atk=False hvy=False dod=False dsh=False
         grd=False hit=False aerial=False lockPos=False
         comboStep=0
  Anim : speed=1.00  combatLayer hash=-792875657 normT=2.203 weight=1.00 inTransition=False
  CC   : grounded=True  enabled=True  pos=(497.36, -0.02, 445.58)  vel=(0.00, 0.00, 0.00)
  Move : IsRunning=False
  Input: H=1.00 V=0.00  LMB=False MMB=False Q=False Sp=False Sh=False C=False
         WASD pressed in last 0.5s: True (last 0.00s ago)

--- FLIGHT RECORDER (60 snapshots, oldest first, dt=0.10s) ---
  Legend: flags = A(tk) H(vy) D(od) S(sh) G(rd) R(eact) Y(aerial) L(ock)   gnd/cc: Y/n
  t-now    flags     step gnd cc anSp normT layW tr | posX     posZ     spd   | H    V    LMB MMB Q  Sp Sh C
  ------   --------  ---- --- -- ---- ----- ---- -- | -----    -----    ----  | ---- ---- --- --- -- -- -- -
  - 6.06s  --------    0  Y   Y  1.00  4.25 1.00 -  |   490.9    436.6  0.00 |  1.0  0.0 0   0   0  0  0  0
  - 5.96s  --------    0  Y   Y  1.00  4.35 1.00 -  |   491.0    436.7  0.00 |  1.0  0.0 0   0   0  0  0  0
  - 5.86s  --------    0  Y   Y  1.00  4.45 1.00 -  |   491.1    436.9  0.00 |  1.0  0.0 0   0   0  0  0  0
  - 5.76s  --------    0  Y   Y  1.00  4.56 1.00 -  |   491.2    437.0  0.00 |  1.0  0.0 0   0   0  0  0  0
  - 5.65s  --------    0  Y   Y  1.00  4.66 1.00 -  |   491.3    437.2  0.00 |  1.0  0.0 0   0   0  0  0  0
  - 5.55s  --------    0  Y   Y  1.00  4.76 1.00 -  |   491.5    437.4  0.00 |  1.0  0.0 0   0   0  0  0  0
  - 5.45s  --------    0  Y   Y  1.00  4.86 1.00 -  |   491.6    437.6  0.00 |  1.0  0.0 0   0   0  0  0  0
  - 5.35s  --------    0  Y   Y  1.00  4.96 1.00 -  |   491.7    437.7  0.00 |  1.0  0.0 0   0   0  0  0  0
  - 5.25s  --------    0  Y   Y  1.00  5.07 1.00 -  |   491.8    437.9  0.00 |  1.0  0.0 0   0   0  0  0  0
  - 5.14s  --------    0  Y   Y  1.00  5.17 1.00 -  |   491.9    438.0  0.00 |  1.0  0.0 0   0   0  0  0  0
  - 5.04s  --------    0  Y   Y  1.00  5.27 1.00 -  |   492.1    438.2  0.00 |  1.0  0.0 0   0   0  0  0  0
  - 4.94s  --------    0  Y   Y  1.00  5.37 1.00 -  |   492.2    438.4  0.00 |  1.0  0.0 0   0   0  0  0  0
  - 4.83s  --------    0  Y   Y  1.00  5.48 1.00 -  |   492.3    438.5  0.00 |  1.0  0.0 0   0   0  0  0  0
  - 4.73s  --------    0  Y   Y  1.00  5.58 1.00 -  |   492.4    438.7  0.00 |  1.0  0.0 0   0   0  0  0  0
  - 4.63s  --------    0  Y   Y  1.00  5.68 1.00 -  |   492.5    438.9  0.00 |  1.0  0.0 0   0   0  0  0  0
  - 4.53s  --------    0  Y   Y  1.00  5.78 1.00 -  |   492.7    439.1  0.00 |  1.0  0.0 0   0   0  0  0  0
  - 4.43s  --------    0  Y   Y  1.00  5.88 1.00 -  |   492.8    439.2  0.00 |  1.0  0.0 0   0   0  0  0  0
  - 4.33s  --------    0  Y   Y  1.00  5.98 1.00 -  |   492.9    439.4  0.00 |  1.0  0.0 0   0   0  0  0  0
  - 4.22s  --------    0  Y   Y  1.00  6.09 1.00 -  |   493.0    439.5  0.00 |  1.0  0.0 0   0   0  0  0  0
  - 4.12s  --------    0  Y   Y  1.00  6.19 1.00 -  |   493.1    439.7  0.00 |  1.0  0.0 0   0   0  0  0  0
  - 4.02s  --------    0  Y   Y  1.00  6.29 1.00 -  |   493.2    439.9  0.00 |  1.0  0.0 0   0   0  0  0  0
  - 3.92s  --------    0  Y   Y  1.00  6.39 1.00 -  |   493.4    440.0  0.00 |  1.0  0.0 0   0   0  0  0  0
  - 3.82s  --------    0  Y   Y  1.00  6.50 1.00 -  |   493.5    440.2  0.00 |  1.0  0.0 0   0   0  0  0  0
  - 3.71s  --------    0  Y   Y  1.00  6.60 1.00 -  |   493.6    440.4  0.00 |  1.0  0.0 0   0   0  0  0  0
  - 3.61s  --------    0  Y   Y  1.00  6.70 1.00 -  |   493.7    440.5  0.00 |  1.0  0.0 0   0   0  0  0  0
  - 3.51s  --------    0  Y   Y  1.00  6.80 1.00 -  |   493.9    440.7  0.00 |  1.0  0.0 0   0   0  0  0  0
  - 3.41s  --------    0  Y   Y  1.00  6.91 1.00 -  |   494.0    440.9  0.00 |  1.0  0.0 0   0   0  0  0  0
  - 3.30s  --------    0  Y   Y  1.00  7.01 1.00 -  |   494.1    441.0  0.00 |  1.0  0.0 0   0   0  0  0  0
  - 3.20s  --------    0  Y   Y  1.00  7.11 1.00 -  |   494.2    441.2  0.00 |  1.0  0.0 0   0   0  0  0  0
  - 3.10s  --------    0  Y   Y  1.00  7.21 1.00 -  |   494.3    441.4  0.00 |  1.0  0.0 0   0   0  0  0  0
  - 2.99s  --------    0  Y   Y  1.00  7.32 1.00 -  |   494.5    441.6  0.00 |  1.0  0.0 0   0   0  0  0  0
  - 2.89s  --------    0  Y   Y  1.00  7.42 1.00 -  |   494.6    441.7  0.00 |  1.0  0.0 0   0   0  0  0  0
  - 2.79s  --------    0  Y   Y  1.00  7.52 1.00 -  |   494.7    441.9  0.00 |  1.0  0.0 0   0   0  0  0  0
  - 2.68s  -----R--    0  Y   Y  1.00  0.01 1.00 -  |   494.8    442.0  0.00 |  1.0  0.0 0   0   0  0  0  0
  - 2.58s  -----R--    0  Y   Y  1.00  0.10 1.00 -  |   494.8    442.0  0.00 |  1.0  0.0 0   0   0  0  0  0
  - 2.48s  -----R--    0  Y   Y  1.00  0.18 1.00 -  |   494.8    442.0  0.00 |  1.0  0.0 0   0   0  0  0  0
  - 2.38s  -----R--    0  Y   Y  1.00  0.26 1.00 -  |   494.8    442.0  0.00 |  1.0  0.0 0   0   0  0  0  0
  - 2.28s  -----R--    0  Y   Y  1.00  0.35 1.00 -  |   494.8    442.0  0.00 |  1.0  0.0 0   0   0  0  0  0
  - 2.17s  --------    0  Y   Y  1.00  0.43 1.00 T  |   494.8    442.0  0.00 |  1.0  0.0 0   0   0  0  0  0
  - 2.07s  --------    0  Y   Y  1.00  0.13 1.00 -  |   494.9    442.2  0.00 |  1.0  0.0 0   0   0  0  0  0
  - 1.97s  --------    0  Y   Y  1.00  0.24 1.00 -  |   495.1    442.4  0.00 |  1.0  0.0 0   0   0  0  0  0
  - 1.87s  --------    0  Y   Y  1.00  0.34 1.00 -  |   495.2    442.6  0.00 |  1.0  0.0 0   0   0  0  0  0
  - 1.76s  --------    0  Y   Y  1.00  0.44 1.00 -  |   495.3    442.7  0.00 |  1.0  0.0 0   0   0  0  0  0
  - 1.66s  --------    0  Y   Y  1.00  0.54 1.00 -  |   495.4    442.9  0.00 |  1.0  0.0 0   0   0  0  0  0
  - 1.56s  --------    0  Y   Y  1.00  0.65 1.00 -  |   495.5    443.0  0.00 |  1.0  0.0 0   0   0  0  0  0
  - 1.46s  --------    0  Y   Y  1.00  0.75 1.00 -  |   495.7    443.2  0.00 |  1.0  0.0 0   0   0  0  0  0
  - 1.35s  --------    0  Y   Y  1.00  0.85 1.00 -  |   495.8    443.4  0.00 |  1.0  0.0 0   0   0  0  0  0
  - 1.25s  --------    0  Y   Y  1.00  0.95 1.00 -  |   495.9    443.6  0.00 |  1.0  0.0 0   0   0  0  0  0
  - 1.15s  --------    0  Y   Y  1.00  1.06 1.00 -  |   496.0    443.7  0.00 |  1.0  0.0 0   0   0  0  0  0
  - 1.05s  --------    0  Y   Y  1.00  1.15 1.00 -  |   496.1    443.9  0.00 |  1.0  0.0 0   0   0  0  0  0
  - 0.95s  --------    0  Y   Y  1.00  1.26 1.00 -  |   496.3    444.1  0.00 |  1.0  0.0 0   0   0  0  0  0
  - 0.85s  --------    0  Y   Y  1.00  1.36 1.00 -  |   496.4    444.2  0.00 |  1.0  0.0 0   0   0  0  0  0
  - 0.75s  --------    0  Y   Y  1.00  1.46 1.00 -  |   496.5    444.4  0.00 |  1.0  0.0 0   0   0  0  0  0
  - 0.65s  --------    0  Y   Y  1.00  1.56 1.00 -  |   496.6    444.5  0.00 |  1.0  0.0 0   0   0  0  0  0
  - 0.54s  --------    0  Y   Y  1.00  1.66 1.00 -  |   496.7    444.7  0.00 |  1.0  0.0 0   0   0  0  0  0
  - 0.44s  --------    0  Y   Y  1.00  1.76 1.00 -  |   496.8    444.9  0.00 |  1.0  0.0 0   0   0  0  0  0
  - 0.34s  --------    0  Y   Y  1.00  1.86 1.00 -  |   497.0    445.0  0.00 |  1.0  0.0 0   0   0  0  0  0
  - 0.24s  --------    0  Y   Y  1.00  1.96 1.00 -  |   497.1    445.2  0.00 |  1.0  0.0 0   0   0  0  0  0
  - 0.14s  --------    0  Y   Y  1.00  2.06 1.00 -  |   497.2    445.4  0.00 |  1.0  0.0 0   0   0  0  0  0
  - 0.04s  --------    0  Y   Y  1.00  2.16 1.00 -  |   497.3    445.5  0.00 |  1.0  0.0 0   0   0  0  0  0
=========================================================== END

[  9793   49.703 x1.00] LOG  [OniBoss] Playing animation: run
[ 10001   50.718 x1.00] LOG  [OniBoss] Playing animation: Watch
[ 10012   50.776 x1.00] LOG  [OniBoss] hold-ground: cooldown over, player 3.6m > 3.5m — APPROACH
[ 10012   50.776 x1.00] LOG  [OniBoss] Playing animation: Walk
[ 10562   53.544 x1.00] LOG  
==================== [FREEZE-DEBUG v3] ====================
  Reason : WASD-NOMOVE: WASD recent + speed 0.00m/s for 0.41s
  Time   : 50.155s   Frame: 10562   Snaps: 60
===========================================================

--- CURRENT STATE ---
  Flags: atk=False hvy=False dod=False dsh=False
         grd=False hit=False aerial=False lockPos=False
         comboStep=0
  Anim : speed=1.00  combatLayer hash=-792875657 normT=6.234 weight=1.00 inTransition=False
  CC   : grounded=True  enabled=True  pos=(502.07, -0.02, 452.14)  vel=(0.00, 0.00, 0.00)
  Move : IsRunning=False
  Input: H=1.00 V=0.00  LMB=False MMB=False Q=False Sp=False Sh=False C=False
         WASD pressed in last 0.5s: True (last 0.00s ago)

--- FLIGHT RECORDER (60 snapshots, oldest first, dt=0.10s) ---
  Legend: flags = A(tk) H(vy) D(od) S(sh) G(rd) R(eact) Y(aerial) L(ock)   gnd/cc: Y/n
  t-now    flags     step gnd cc anSp normT layW tr | posX     posZ     spd   | H    V    LMB MMB Q  Sp Sh C
  ------   --------  ---- --- -- ---- ----- ---- -- | -----    -----    ----  | ---- ---- --- --- -- -- -- -
  - 6.10s  --------    0  Y   Y  1.00  0.13 1.00 -  |   494.9    442.2  0.00 |  1.0  0.0 0   0   0  0  0  0
  - 6.00s  --------    0  Y   Y  1.00  0.24 1.00 -  |   495.1    442.4  0.00 |  1.0  0.0 0   0   0  0  0  0
  - 5.90s  --------    0  Y   Y  1.00  0.34 1.00 -  |   495.2    442.6  0.00 |  1.0  0.0 0   0   0  0  0  0
  - 5.80s  --------    0  Y   Y  1.00  0.44 1.00 -  |   495.3    442.7  0.00 |  1.0  0.0 0   0   0  0  0  0
  - 5.69s  --------    0  Y   Y  1.00  0.54 1.00 -  |   495.4    442.9  0.00 |  1.0  0.0 0   0   0  0  0  0
  - 5.59s  --------    0  Y   Y  1.00  0.65 1.00 -  |   495.5    443.0  0.00 |  1.0  0.0 0   0   0  0  0  0
  - 5.49s  --------    0  Y   Y  1.00  0.75 1.00 -  |   495.7    443.2  0.00 |  1.0  0.0 0   0   0  0  0  0
  - 5.38s  --------    0  Y   Y  1.00  0.85 1.00 -  |   495.8    443.4  0.00 |  1.0  0.0 0   0   0  0  0  0
  - 5.28s  --------    0  Y   Y  1.00  0.95 1.00 -  |   495.9    443.6  0.00 |  1.0  0.0 0   0   0  0  0  0
  - 5.18s  --------    0  Y   Y  1.00  1.06 1.00 -  |   496.0    443.7  0.00 |  1.0  0.0 0   0   0  0  0  0
  - 5.08s  --------    0  Y   Y  1.00  1.15 1.00 -  |   496.1    443.9  0.00 |  1.0  0.0 0   0   0  0  0  0
  - 4.98s  --------    0  Y   Y  1.00  1.26 1.00 -  |   496.3    444.1  0.00 |  1.0  0.0 0   0   0  0  0  0
  - 4.88s  --------    0  Y   Y  1.00  1.36 1.00 -  |   496.4    444.2  0.00 |  1.0  0.0 0   0   0  0  0  0
  - 4.78s  --------    0  Y   Y  1.00  1.46 1.00 -  |   496.5    444.4  0.00 |  1.0  0.0 0   0   0  0  0  0
  - 4.68s  --------    0  Y   Y  1.00  1.56 1.00 -  |   496.6    444.5  0.00 |  1.0  0.0 0   0   0  0  0  0
  - 4.57s  --------    0  Y   Y  1.00  1.66 1.00 -  |   496.7    444.7  0.00 |  1.0  0.0 0   0   0  0  0  0
  - 4.47s  --------    0  Y   Y  1.00  1.76 1.00 -  |   496.8    444.9  0.00 |  1.0  0.0 0   0   0  0  0  0
  - 4.37s  --------    0  Y   Y  1.00  1.86 1.00 -  |   497.0    445.0  0.00 |  1.0  0.0 0   0   0  0  0  0
  - 4.27s  --------    0  Y   Y  1.00  1.96 1.00 -  |   497.1    445.2  0.00 |  1.0  0.0 0   0   0  0  0  0
  - 4.17s  --------    0  Y   Y  1.00  2.06 1.00 -  |   497.2    445.4  0.00 |  1.0  0.0 0   0   0  0  0  0
  - 4.07s  --------    0  Y   Y  1.00  2.16 1.00 -  |   497.3    445.5  0.00 |  1.0  0.0 0   0   0  0  0  0
  - 3.97s  --------    0  Y   Y  1.00  2.27 1.00 -  |   497.4    445.7  0.00 |  1.0  0.0 0   0   0  0  0  0
  - 3.87s  --------    0  Y   Y  1.00  2.37 1.00 -  |   497.5    445.8  0.00 |  1.0  0.0 0   0   0  0  0  0
  - 3.76s  --------    0  Y   Y  1.00  2.47 1.00 -  |   497.7    446.0  0.00 |  1.0  0.0 0   0   0  0  0  0
  - 3.66s  --------    0  Y   Y  1.00  2.58 1.00 -  |   497.8    446.2  0.00 |  1.0  0.0 0   0   0  0  0  0
  - 3.56s  --------    0  Y   Y  1.00  2.68 1.00 -  |   497.9    446.4  0.00 |  1.0  0.0 0   0   0  0  0  0
  - 3.45s  --------    0  Y   Y  1.00  2.78 1.00 -  |   498.0    446.5  0.00 |  1.0  0.0 0   0   0  0  0  0
  - 3.35s  --------    0  Y   Y  1.00  2.89 1.00 -  |   498.2    446.7  0.00 |  1.0  0.0 0   0   0  0  0  0
  - 3.24s  --------    0  Y   Y  1.00  2.99 1.00 -  |   498.3    446.8  0.00 |  1.0  0.0 0   0   0  0  0  0
  - 3.14s  --------    0  Y   Y  1.00  3.09 1.00 -  |   498.4    447.0  0.00 |  1.0  0.0 0   0   0  0  0  0
  - 3.04s  --------    0  Y   Y  1.00  3.20 1.00 -  |   498.5    447.2  0.00 |  1.0  0.0 0   0   0  0  0  0
  - 2.94s  --------    0  Y   Y  1.00  3.30 1.00 -  |   498.6    447.4  0.00 |  1.0  0.0 0   0   0  0  0  0
  - 2.83s  --------    0  Y   Y  1.00  3.40 1.00 -  |   498.8    447.5  0.00 |  1.0  0.0 0   0   0  0  0  0
  - 2.73s  --------    0  Y   Y  1.00  3.51 1.00 -  |   498.9    447.7  0.00 |  1.0  0.0 0   0   0  0  0  0
  - 2.63s  --------    0  Y   Y  1.00  3.61 1.00 -  |   499.0    447.9  0.00 |  1.0  0.0 0   0   0  0  0  0
  - 2.52s  --------    0  Y   Y  1.00  3.71 1.00 -  |   499.1    448.0  0.00 |  1.0  0.0 0   0   0  0  0  0
  - 2.42s  --------    0  Y   Y  1.00  3.81 1.00 -  |   499.2    448.2  0.00 |  1.0  0.0 0   0   0  0  0  0
  - 2.32s  --------    0  Y   Y  1.00  3.91 1.00 -  |   499.4    448.4  0.00 |  1.0  0.0 0   0   0  0  0  0
  - 2.22s  --------    0  Y   Y  1.00  4.01 1.00 -  |   499.5    448.5  0.00 |  1.0  0.0 0   0   0  0  0  0
  - 2.12s  --------    0  Y   Y  1.00  4.11 1.00 -  |   499.6    448.7  0.00 |  1.0  0.0 0   0   0  0  0  0
  - 2.02s  --------    0  Y   Y  1.00  4.22 1.00 -  |   499.7    448.9  0.00 |  1.0  0.0 0   0   0  0  0  0
  - 1.91s  --------    0  Y   Y  1.00  4.32 1.00 -  |   499.8    449.0  0.00 |  1.0  0.0 0   0   0  0  0  0
  - 1.81s  --------    0  Y   Y  1.00  4.42 1.00 -  |   499.9    449.2  0.00 |  1.0  0.0 0   0   0  0  0  0
  - 1.71s  --------    0  Y   Y  1.00  4.53 1.00 -  |   500.1    449.3  0.00 |  1.0  0.0 0   0   0  0  0  0
  - 1.60s  --------    0  Y   Y  1.00  4.63 1.00 -  |   500.2    449.5  0.00 |  1.0  0.0 0   0   0  0  0  0
  - 1.50s  --------    0  Y   Y  1.00  4.74 1.00 -  |   500.3    449.7  0.00 |  1.0  0.0 0   0   0  0  0  0
  - 1.40s  --------    0  Y   Y  1.00  4.84 1.00 -  |   500.4    449.9  0.00 |  1.0  0.0 0   0   0  0  0  0
  - 1.29s  --------    0  Y   Y  1.00  4.94 1.00 -  |   500.6    450.0  0.00 |  1.0  0.0 0   0   0  0  0  0
  - 1.19s  --------    0  Y   Y  1.00  5.05 1.00 -  |   500.7    450.2  0.00 |  1.0  0.0 0   0   0  0  0  0
  - 1.08s  --------    0  Y   Y  1.00  5.15 1.00 -  |   500.8    450.4  0.00 |  1.0  0.0 0   0   0  0  0  0
  - 0.98s  --------    0  Y   Y  1.00  5.25 1.00 -  |   500.9    450.6  0.00 |  1.0  0.0 0   0   0  0  0  0
  - 0.88s  --------    0  Y   Y  1.00  5.36 1.00 -  |   501.0    450.7  0.00 |  1.0  0.0 0   0   0  0  0  0
  - 0.78s  --------    0  Y   Y  1.00  5.46 1.00 -  |   501.2    450.9  0.00 |  1.0  0.0 0   0   0  0  0  0
  - 0.67s  --------    0  Y   Y  1.00  5.56 1.00 -  |   501.3    451.0  0.00 |  1.0  0.0 0   0   0  0  0  0
  - 0.57s  --------    0  Y   Y  1.00  5.67 1.00 -  |   501.4    451.2  0.00 |  1.0  0.0 0   0   0  0  0  0
  - 0.47s  --------    0  Y   Y  1.00  5.77 1.00 -  |   501.5    451.4  0.00 |  1.0  0.0 0   0   0  0  0  0
  - 0.36s  --------    0  Y   Y  1.00  5.87 1.00 -  |   501.6    451.5  0.00 |  1.0  0.0 0   0   0  0  0  0
  - 0.26s  --------    0  Y   Y  1.00  5.97 1.00 -  |   501.7    451.7  0.00 |  1.0  0.0 0   0   0  0  0  0
  - 0.16s  --------    0  Y   Y  1.00  6.07 1.00 -  |   501.9    451.9  0.00 |  1.0  0.0 0   0   0  0  0  0
  - 0.06s  --------    0  Y   Y  1.00  6.17 1.00 -  |   502.0    452.0  0.00 |  1.0  0.0 0   0   0  0  0  0
=========================================================== END

[ 10814   54.780 x1.00] LOG  [OniBoss] Chase → Attack
[ 10814   54.780 x1.00] LOG  [OniBoss] Attack: ClubSlam (20 dmg)
[ 10814   54.780 x1.00] LOG  [OniBoss:Trail] ClubSlam trail START at clip 1.00 (transition done).
[ 10820   54.818 x1.00] LOG  [OniBoss:Layer] step-in: 'ClubSlam' closed 0.16m, Yoru now 3.0m away (range 3.5)
[ 10821   54.827 x1.00] LOG  [OniBoss:Layer] step-in: 'ClubSlam' closed 0.20m, Yoru now 3.0m away (range 3.5)
[ 10827   54.848 x1.00] LOG  [OniBoss:Layer] step-in: 'ClubSlam' closed 0.24m, Yoru now 3.0m away (range 3.5)
[ 10832   54.867 x1.00] LOG  [OniBoss:Layer] step-in: 'ClubSlam' closed 0.28m, Yoru now 3.0m away (range 3.5)
[ 10837   54.889 x1.00] LOG  [OniBoss:Layer] step-in: 'ClubSlam' closed 0.32m, Yoru now 3.0m away (range 3.5)
[ 10839   54.908 x1.00] LOG  [OniBoss:Layer] step-in: 'ClubSlam' closed 0.36m, Yoru now 3.0m away (range 3.5)
[ 10843   54.928 x1.00] LOG  [OniBoss:Layer] step-in: 'ClubSlam' closed 0.40m, Yoru now 3.0m away (range 3.5)
[ 10847   54.948 x1.00] LOG  [OniBoss:Layer] step-in: 'ClubSlam' closed 0.44m, Yoru now 3.0m away (range 3.5)
[ 10851   54.968 x1.00] LOG  [OniBoss:Layer] step-in: 'ClubSlam' closed 0.48m, Yoru now 3.0m away (range 3.5)
[ 10855   54.988 x1.00] LOG  [OniBoss:Layer] step-in: 'ClubSlam' closed 0.52m, Yoru now 3.0m away (range 3.5)
[ 10859   55.007 x1.00] LOG  [OniBoss:Layer] step-in: 'ClubSlam' closed 0.56m, Yoru now 3.0m away (range 3.5)
[ 10864   55.034 x1.00] LOG  [OniBoss:Layer] step-in: 'ClubSlam' closed 0.60m, Yoru now 3.0m away (range 3.5)
[ 10867   55.053 x1.00] LOG  [OniBoss:Layer] step-in: 'ClubSlam' closed 0.64m, Yoru now 3.0m away (range 3.5)
[ 10868   55.063 x1.00] LOG  [OniBoss:Layer] step-in: 'ClubSlam' closed 0.67m, Yoru now 3.0m away (range 3.5)
[ 10897   55.217 x1.00] LOG  [CameraGameFeel] Shake: intensity=0.50 duration=0.400s
[ 10897   55.217 x1.00] LOG  [Combat] Hit react: HitReact_Heavy_2Leg (0.9s)
[ 10897   55.217 x1.00] LOG  [HitReactTrace] asked for 'HitReact_Heavy_2Leg' (0.90s) — blend resolved after 0 ms, now playing a clip 1.00s long at speed 1.00, layer weight 1.00, animator.speed 1.00.
[ 10897   55.217 x1.00] LOG  [CameraGameFeel] Shake: intensity=0.28 duration=0.150s
[ 10897   55.217 x1.00] LOG  [CameraGameFeel] FOV punch: player damage (-3.0°)
[ 10897   55.217 x1.00] LOG  [OniBoss] Hit player for 20 (ClubSlam)
[ 10897   55.217 x1.00] LOG  [OniBoss:Touch] ClubSlam: club TOUCHED Yoru at clip 0.47 — shaft 0.39m from her body, tip speed 88m/s. Full club hit delivered this frame.
[ 10976   55.575 x1.00] LOG  [OniBoss:ClubPos] ClubSlam at strike: club tip 0.56m up, 2.90m in front, -0.18m to his right (2.91m out from his centre). Club faces 6deg from his forward, pitch -0.25. (the ground wave is born 1.6m in front of him at 0.35m.)
[ 10976   55.575 x1.00] LOG  [OniBoss:Layer] ClubSlam: club connected — no wave this swing.
[ 11003   55.705 x1.00] LOG  [OniBoss] Attack → Recovery
[ 11003   55.705 x1.00] LOG  [OniBoss] Playing animation: Watch
[ 11003   55.705 x1.00] LOG  [OniBoss:Trail] trail END at clip 0.99, fading over 0.40s.
[ 11003   55.705 x1.00] LOG  [OniBoss:Strike] ClubSlam: club tip closest to Yoru at 0.36m, clip position 0.84 | damage fires at 0.85 | clip 0.93s => MATCHED (within one or two frames)
[ 11028   55.856 x1.00] LOG  [OniBoss] Recovery → Chase
[ 11029   55.864 x1.00] LOG  [OniBoss] hold-ground: BACKSTEP 1.5m (player 3.2m)
[ 11061   56.024 x1.00] LOG  [StormWeather] ⚡ strike at (486.68, 45.00, 443.44)
[ 11151   56.492 x1.00] LOG  [OniBoss] hold-ground: backstep done (1.01m), WATCH (player 4.3m, cooldown 2.4s)
[ 11151   56.492 x1.00] LOG  [OniBoss] Playing animation: Watch
[ 11226   56.942 x1.00] LOG  [OniBoss] Playing animation: run
[ 11308   57.424 x1.00] LOG  [OniBoss] Playing animation: Watch
[ 11332   57.574 x1.00] LOG  
==================== [FREEZE-DEBUG v3] ====================
  Reason : WASD-NOMOVE: WASD recent + speed 0.00m/s for 0.41s
  Time   : 54.186s   Frame: 11332   Snaps: 60
===========================================================

--- CURRENT STATE ---
  Flags: atk=False hvy=False dod=False dsh=False
         grd=False hit=False aerial=False lockPos=False
         comboStep=0
  Anim : speed=1.00  combatLayer hash=-792875657 normT=1.442 weight=1.00 inTransition=False
  CC   : grounded=True  enabled=True  pos=(505.26, -0.01, 451.66)  vel=(0.00, -0.84, 0.00)
  Move : IsRunning=True
  Input: H=-1.00 V=0.00  LMB=False MMB=False Q=False Sp=False Sh=True C=False
         WASD pressed in last 0.5s: True (last 0.00s ago)

--- FLIGHT RECORDER (60 snapshots, oldest first, dt=0.10s) ---
  Legend: flags = A(tk) H(vy) D(od) S(sh) G(rd) R(eact) Y(aerial) L(ock)   gnd/cc: Y/n
  t-now    flags     step gnd cc anSp normT layW tr | posX     posZ     spd   | H    V    LMB MMB Q  Sp Sh C
  ------   --------  ---- --- -- ---- ----- ---- -- | -----    -----    ----  | ---- ---- --- --- -- -- -- -
  - 6.15s  --------    0  Y   Y  1.00  4.11 1.00 -  |   499.6    448.7  0.00 |  1.0  0.0 0   0   0  0  0  0
  - 6.05s  --------    0  Y   Y  1.00  4.22 1.00 -  |   499.7    448.9  0.00 |  1.0  0.0 0   0   0  0  0  0
  - 5.94s  --------    0  Y   Y  1.00  4.32 1.00 -  |   499.8    449.0  0.00 |  1.0  0.0 0   0   0  0  0  0
  - 5.84s  --------    0  Y   Y  1.00  4.42 1.00 -  |   499.9    449.2  0.00 |  1.0  0.0 0   0   0  0  0  0
  - 5.74s  --------    0  Y   Y  1.00  4.53 1.00 -  |   500.1    449.3  0.00 |  1.0  0.0 0   0   0  0  0  0
  - 5.63s  --------    0  Y   Y  1.00  4.63 1.00 -  |   500.2    449.5  0.00 |  1.0  0.0 0   0   0  0  0  0
  - 5.53s  --------    0  Y   Y  1.00  4.74 1.00 -  |   500.3    449.7  0.00 |  1.0  0.0 0   0   0  0  0  0
  - 5.43s  --------    0  Y   Y  1.00  4.84 1.00 -  |   500.4    449.9  0.00 |  1.0  0.0 0   0   0  0  0  0
  - 5.32s  --------    0  Y   Y  1.00  4.94 1.00 -  |   500.6    450.0  0.00 |  1.0  0.0 0   0   0  0  0  0
  - 5.22s  --------    0  Y   Y  1.00  5.05 1.00 -  |   500.7    450.2  0.00 |  1.0  0.0 0   0   0  0  0  0
  - 5.11s  --------    0  Y   Y  1.00  5.15 1.00 -  |   500.8    450.4  0.00 |  1.0  0.0 0   0   0  0  0  0
  - 5.01s  --------    0  Y   Y  1.00  5.25 1.00 -  |   500.9    450.6  0.00 |  1.0  0.0 0   0   0  0  0  0
  - 4.91s  --------    0  Y   Y  1.00  5.36 1.00 -  |   501.0    450.7  0.00 |  1.0  0.0 0   0   0  0  0  0
  - 4.81s  --------    0  Y   Y  1.00  5.46 1.00 -  |   501.2    450.9  0.00 |  1.0  0.0 0   0   0  0  0  0
  - 4.70s  --------    0  Y   Y  1.00  5.56 1.00 -  |   501.3    451.0  0.00 |  1.0  0.0 0   0   0  0  0  0
  - 4.60s  --------    0  Y   Y  1.00  5.67 1.00 -  |   501.4    451.2  0.00 |  1.0  0.0 0   0   0  0  0  0
  - 4.50s  --------    0  Y   Y  1.00  5.77 1.00 -  |   501.5    451.4  0.00 |  1.0  0.0 0   0   0  0  0  0
  - 4.40s  --------    0  Y   Y  1.00  5.87 1.00 -  |   501.6    451.5  0.00 |  1.0  0.0 0   0   0  0  0  0
  - 4.29s  --------    0  Y   Y  1.00  5.97 1.00 -  |   501.7    451.7  0.00 |  1.0  0.0 0   0   0  0  0  0
  - 4.19s  --------    0  Y   Y  1.00  6.07 1.00 -  |   501.9    451.9  0.00 |  1.0  0.0 0   0   0  0  0  0
  - 4.09s  --------    0  Y   Y  1.00  6.17 1.00 -  |   502.0    452.0  0.00 |  1.0  0.0 0   0   0  0  0  0
  - 3.98s  --------    0  Y   Y  1.00  6.28 1.00 -  |   502.1    452.2  0.00 |  1.0  0.0 0   0   0  0  0  0
  - 3.88s  --------    0  Y   Y  1.00  6.38 1.00 -  |   502.2    452.4  0.00 |  1.0  0.0 0   0   0  0  0  0
  - 3.78s  --------    0  Y   Y  1.00  6.49 1.00 -  |   502.4    452.5  0.00 |  1.0  0.0 0   0   0  0  0  0
  - 3.68s  --------    0  Y   Y  1.00  6.59 1.00 -  |   502.5    452.7  0.00 |  1.0  0.0 0   0   0  0  0  0
  - 3.58s  --------    0  Y   Y  1.00  6.69 1.00 -  |   502.6    452.9  0.00 |  1.0  0.0 0   0   0  0  0  0
  - 3.47s  --------    0  Y   Y  1.00  6.79 1.00 -  |   502.7    453.0  0.00 |  1.0  0.0 0   0   0  0  0  0
  - 3.37s  --------    0  Y   Y  1.00  6.89 1.00 -  |   502.8    453.2  0.00 |  1.0  0.0 0   0   0  0  0  0
  - 3.27s  --------    0  Y   Y  1.00  7.00 1.00 -  |   503.0    453.4  0.00 |  1.0  0.0 0   0   0  0  0  0
  - 3.17s  --------    0  Y   Y  1.00  7.10 1.00 -  |   503.1    453.5  0.00 |  1.0  0.0 0   0   0  0  0  0
  - 3.06s  --------    0  Y   Y  1.00  7.20 1.00 -  |   503.2    453.7  0.00 |  1.0  0.0 0   0   0  0  0  0
  - 2.96s  --------    0  Y   Y  1.00  7.31 1.00 -  |   503.3    453.9  0.00 |  1.0  0.0 0   0   0  0  0  0
  - 2.86s  --------    0  Y   Y  1.00  7.41 1.00 -  |   503.4    454.0  0.00 |  1.0  0.0 0   0   0  0  0  0
  - 2.75s  --------    0  Y   Y  1.00  7.51 1.00 -  |   503.6    454.2  0.00 |  1.0  0.0 0   0   0  0  0  0
  - 2.65s  --------    0  Y   Y  1.00  7.62 1.00 -  |   503.7    454.4  0.00 |  1.0  0.0 0   0   0  0  0  0
  - 2.54s  --------    0  Y   Y  1.00  7.72 1.00 -  |   503.8    454.5  0.00 |  0.0 -1.0 0   0   0  0  0  0
  - 2.44s  --------    0  Y   Y  1.00  7.83 1.00 -  |   504.0    454.6  0.00 |  0.0 -1.0 0   0   0  0  0  0
  - 2.33s  -----R--    0  Y   Y  1.00  0.01 1.00 -  |   504.2    454.5  0.00 |  0.0 -1.0 0   0   0  0  0  0
  - 2.23s  -----R--    0  Y   Y  1.00  0.09 1.00 -  |   504.2    454.5  0.00 |  0.0 -1.0 0   0   0  0  0  0
  - 2.13s  -----R--    0  Y   Y  1.00  0.18 1.00 -  |   504.2    454.5  0.00 |  0.0 -1.0 0   0   0  0  0  0
  - 2.02s  -----R--    0  Y   Y  1.00  0.27 1.00 -  |   504.2    454.5  0.00 |  0.0 -1.0 0   0   0  0  0  0
  - 1.92s  -----R--    0  Y   Y  1.00  0.35 1.00 -  |   504.2    454.5  0.00 |  0.0 -1.0 0   0   0  0  0  0
  - 1.81s  -----R--    0  Y   Y  1.00  0.44 1.00 -  |   504.2    454.5  0.00 |  0.0 -1.0 0   0   0  0  0  0
  - 1.71s  -----R--    0  Y   Y  1.00  0.52 1.00 -  |   504.2    454.5  0.00 |  0.0 -1.0 0   0   0  0  0  0
  - 1.61s  -----R--    0  Y   Y  1.00  0.61 1.00 -  |   504.2    454.5  0.00 |  0.0 -1.0 0   0   0  0  0  0
  - 1.51s  -----R--    0  Y   Y  1.00  0.69 1.00 -  |   504.2    454.5  0.00 |  0.0 -1.0 0   0   0  0  0  0
  - 1.41s  --------    0  Y   Y  1.00  0.77 1.00 T  |   504.3    454.5  0.00 |  0.0 -1.0 0   0   0  0  0  0
  - 1.30s  --------    0  Y   Y  1.00  0.14 1.00 -  |   504.4    454.4  0.00 |  0.0 -1.0 0   0   0  0  0  0
  - 1.20s  --------    0  Y   Y  1.00  0.24 1.00 -  |   504.6    454.3  0.00 |  0.0 -1.0 0   0   0  0  0  0
  - 1.10s  --------    0  Y   Y  1.00  0.35 1.00 -  |   504.7    454.1  0.00 |  0.0 -1.0 0   0   0  0  0  0
  - 0.99s  --------    0  Y   Y  1.00  0.45 1.00 -  |   504.9    454.0  0.00 |  0.0 -1.0 0   0   0  0  0  0
  - 0.89s  --------    0  Y   Y  1.00  0.55 1.00 -  |   505.1    453.9  0.00 |  0.0 -1.0 0   0   0  0  0  0
  - 0.79s  --------    0  Y   Y  1.00  0.65 1.00 -  |   505.3    453.8  0.00 |  0.0  0.0 0   0   0  0  0  0
  - 0.68s  --------    0  Y   Y  1.00  0.75 1.00 -  |   505.5    453.7  0.00 |  0.0  0.0 0   0   0  0  0  0
  - 0.58s  --------    0  Y   Y  1.00  0.86 1.00 -  |   505.7    453.6  0.00 |  0.0  0.0 0   0   0  0  0  0
  - 0.48s  --------    0  Y   Y  1.00  0.97 1.00 -  |   505.8    453.5  0.00 | -1.0  0.0 0   0   0  0  0  0
  - 0.37s  --------    0  Y   Y  1.00  1.07 1.00 -  |   505.7    453.3  0.00 | -1.0  0.0 0   0   0  0  0  0
  - 0.26s  --------    0  Y   Y  1.00  1.18 1.00 -  |   505.7    453.1  0.00 | -1.0  0.0 0   0   0  0  0  0
  - 0.16s  --------    0  Y   Y  1.00  1.29 1.00 -  |   505.6    452.7  0.00 | -1.0  0.0 0   0   0  0  1  0
  - 0.05s  --------    0  Y   Y  1.00  1.39 1.00 -  |   505.3    451.9  0.00 | -1.0  0.0 0   0   0  0  1  0
=========================================================== END

[ 11450   58.204 x1.00] LOG  [OniBoss] Playing animation: run
[ 11579   58.858 x1.00] LOG  [OniBoss] Pull-band decision: RUN-IN (dist 5.9m, pullRange 0m, chance 0.50)
[ 11787   59.987 x1.00] LOG  [OniBoss] Playing animation: Watch
[ 11787   59.987 x1.00] LOG  [OniBoss] Chase → Attack
[ 11787   59.987 x1.00] LOG  [OniBoss] Attack: Club_Swing (16 dmg)
[ 11787   59.987 x1.00] LOG  [OniBoss:Trail] Club_Swing trail START at clip 1.00 (transition done).
[ 11815   60.140 x1.00] LOG  [OniBoss:Layer] step-in: 'Club_Swing' closed 0.76m, Yoru now 3.0m away (range 3.5)
[ 11818   60.151 x1.00] LOG  [OniBoss:Layer] step-in: 'Club_Swing' closed 0.80m, Yoru now 3.0m away (range 3.5)
[ 11822   60.171 x1.00] LOG  [OniBoss:Layer] step-in: 'Club_Swing' closed 0.84m, Yoru now 3.0m away (range 3.5)
[ 11825   60.187 x1.00] LOG  [OniBoss:Layer] step-in: 'Club_Swing' closed 0.88m, Yoru now 3.0m away (range 3.5)
[ 11829   60.206 x1.00] LOG  [OniBoss:Layer] step-in: 'Club_Swing' closed 0.92m, Yoru now 3.0m away (range 3.5)
[ 11833   60.226 x1.00] LOG  [OniBoss:Layer] step-in: 'Club_Swing' closed 0.96m, Yoru now 3.0m away (range 3.5)
[ 11855   60.344 x1.00] LOG  [OniBoss:ClubPos] Club_Swing at strike: club tip 3.02m up, 2.56m in front, -2.93m to his right (3.89m out from his centre). Club faces -81deg from his forward, pitch 0.40. (the ground wave is born 1.6m in front of him at 0.35m.)
[ 11855   60.344 x1.00] LOG  [OniBoss:Layer] Club_Swing: club has not connected — ground wave released 1.6m in front, 12m/s x 6.0m = armed 0.50s, carrying 8 (half of the club's 16).
[ 11865   60.389 x1.00] LOG  [Combat] Hit react: HitReact_Light_2Leg (0.5s)
[ 11865   60.389 x1.00] LOG  [HitReactTrace] asked for 'HitReact_Light_2Leg' (0.50s) — blend resolved after 0 ms, now playing a clip 1.00s long at speed 1.00, layer weight 1.00, animator.speed 1.00.
[ 11865   60.389 x1.00] LOG  [CameraGameFeel] Shake: intensity=0.09 duration=0.150s
[ 11865   60.389 x1.00] LOG  [CameraGameFeel] FOV punch: player damage (-2.0°)
[ 11865   60.389 x1.00] LOG  [OniBoss:Wave] wave TOUCHED Yoru (grounded) for 8 after 0.5m / 0.04s of travel.
[ 11947   60.822 x1.00] LOG  [OniBoss] Attack → Recovery
[ 11947   60.822 x1.00] LOG  [OniBoss] Playing animation: Watch
[ 11947   60.822 x1.00] LOG  [OniBoss:Trail] trail END at clip 0.99, fading over 0.40s.
[ 11947   60.822 x1.00] LOG  [OniBoss:Strike] Club_Swing: club tip closest to Yoru at 1.77m, clip position 0.92 | damage fires at 0.42 | clip 0.84s => damage fires 417 ms BEFORE the club is closest
[ 11979   60.978 x1.00] LOG  [OniBoss] Recovery → Chase
[ 11980   60.983 x1.00] LOG  [OniBoss] hold-ground: BACKSTEP 1.5m (player 3.5m)
[ 12027   61.223 x1.00] LOG  [OniBoss] hold-ground: backstep done (0.39m), WATCH (player 4.3m, cooldown 2.8s)
[ 12027   61.223 x1.00] LOG  [OniBoss] Playing animation: Watch
[ 12064   61.425 x1.00] LOG  [OniBoss] Playing animation: run
[ 12098   61.600 x1.00] LOG  
==================== [FREEZE-DEBUG v3] ====================
  Reason : WASD-NOMOVE: WASD recent + speed 0.00m/s for 0.40s
  Time   : 58.211s   Frame: 12098   Snaps: 60
===========================================================

--- CURRENT STATE ---
  Flags: atk=False hvy=False dod=False dsh=False
         grd=False hit=False aerial=False lockPos=False
         comboStep=0
  Anim : speed=1.00  combatLayer hash=-792875657 normT=0.704 weight=1.00 inTransition=False
  CC   : grounded=True  enabled=True  pos=(500.99, -0.02, 439.63)  vel=(0.00, 0.00, 0.00)
  Move : IsRunning=False
  Input: H=-1.00 V=0.00  LMB=False MMB=False Q=False Sp=False Sh=False C=False
         WASD pressed in last 0.5s: True (last 0.00s ago)

--- FLIGHT RECORDER (60 snapshots, oldest first, dt=0.10s) ---
  Legend: flags = A(tk) H(vy) D(od) S(sh) G(rd) R(eact) Y(aerial) L(ock)   gnd/cc: Y/n
  t-now    flags     step gnd cc anSp normT layW tr | posX     posZ     spd   | H    V    LMB MMB Q  Sp Sh C
  ------   --------  ---- --- -- ---- ----- ---- -- | -----    -----    ----  | ---- ---- --- --- -- -- -- -
  - 6.15s  -----R--    0  Y   Y  1.00  0.18 1.00 -  |   504.2    454.5  0.00 |  0.0 -1.0 0   0   0  0  0  0
  - 6.05s  -----R--    0  Y   Y  1.00  0.27 1.00 -  |   504.2    454.5  0.00 |  0.0 -1.0 0   0   0  0  0  0
  - 5.94s  -----R--    0  Y   Y  1.00  0.35 1.00 -  |   504.2    454.5  0.00 |  0.0 -1.0 0   0   0  0  0  0
  - 5.84s  -----R--    0  Y   Y  1.00  0.44 1.00 -  |   504.2    454.5  0.00 |  0.0 -1.0 0   0   0  0  0  0
  - 5.74s  -----R--    0  Y   Y  1.00  0.52 1.00 -  |   504.2    454.5  0.00 |  0.0 -1.0 0   0   0  0  0  0
  - 5.64s  -----R--    0  Y   Y  1.00  0.61 1.00 -  |   504.2    454.5  0.00 |  0.0 -1.0 0   0   0  0  0  0
  - 5.53s  -----R--    0  Y   Y  1.00  0.69 1.00 -  |   504.2    454.5  0.00 |  0.0 -1.0 0   0   0  0  0  0
  - 5.43s  --------    0  Y   Y  1.00  0.77 1.00 T  |   504.3    454.5  0.00 |  0.0 -1.0 0   0   0  0  0  0
  - 5.33s  --------    0  Y   Y  1.00  0.14 1.00 -  |   504.4    454.4  0.00 |  0.0 -1.0 0   0   0  0  0  0
  - 5.23s  --------    0  Y   Y  1.00  0.24 1.00 -  |   504.6    454.3  0.00 |  0.0 -1.0 0   0   0  0  0  0
  - 5.12s  --------    0  Y   Y  1.00  0.35 1.00 -  |   504.7    454.1  0.00 |  0.0 -1.0 0   0   0  0  0  0
  - 5.02s  --------    0  Y   Y  1.00  0.45 1.00 -  |   504.9    454.0  0.00 |  0.0 -1.0 0   0   0  0  0  0
  - 4.92s  --------    0  Y   Y  1.00  0.55 1.00 -  |   505.1    453.9  0.00 |  0.0 -1.0 0   0   0  0  0  0
  - 4.82s  --------    0  Y   Y  1.00  0.65 1.00 -  |   505.3    453.8  0.00 |  0.0  0.0 0   0   0  0  0  0
  - 4.71s  --------    0  Y   Y  1.00  0.75 1.00 -  |   505.5    453.7  0.00 |  0.0  0.0 0   0   0  0  0  0
  - 4.61s  --------    0  Y   Y  1.00  0.86 1.00 -  |   505.7    453.6  0.00 |  0.0  0.0 0   0   0  0  0  0
  - 4.50s  --------    0  Y   Y  1.00  0.97 1.00 -  |   505.8    453.5  0.00 | -1.0  0.0 0   0   0  0  0  0
  - 4.40s  --------    0  Y   Y  1.00  1.07 1.00 -  |   505.7    453.3  0.00 | -1.0  0.0 0   0   0  0  0  0
  - 4.29s  --------    0  Y   Y  1.00  1.18 1.00 -  |   505.7    453.1  0.00 | -1.0  0.0 0   0   0  0  0  0
  - 4.18s  --------    0  Y   Y  1.00  1.29 1.00 -  |   505.6    452.7  0.00 | -1.0  0.0 0   0   0  0  1  0
  - 4.08s  --------    0  Y   Y  1.00  1.39 1.00 -  |   505.3    451.9  0.00 | -1.0  0.0 0   0   0  0  1  0
  - 3.98s  --------    0  Y   Y  1.00  1.49 1.00 -  |   505.1    451.3  0.00 | -1.0  0.0 0   0   0  0  1  0
  - 3.87s  --------    0  Y   Y  1.00  1.60 1.00 -  |   504.9    450.6  0.00 | -1.0  0.0 0   0   0  0  1  0
  - 3.77s  --------    0  Y   Y  1.00  1.70 1.00 -  |   504.8    449.9  0.00 | -1.0  0.0 0   0   0  0  1  0
  - 3.67s  --------    0  Y   Y  1.00  1.80 1.00 -  |   504.6    449.2  0.00 | -1.0  0.0 0   0   0  0  1  0
  - 3.57s  --------    0  Y   Y  1.00  1.90 1.00 -  |   504.4    448.6  0.00 | -1.0  0.0 0   0   0  0  1  0
  - 3.46s  --------    0  Y   Y  1.00  2.01 1.00 -  |   504.1    447.8  0.00 | -1.0  0.0 0   0   0  0  1  0
  - 3.36s  --------    0  Y   Y  1.00  2.11 1.00 -  |   503.9    447.1  0.00 | -1.0  0.0 0   0   0  0  1  0
  - 3.25s  --------    0  Y   Y  1.00  2.22 1.00 -  |   503.7    446.4  0.00 |  0.0  0.0 0   0   0  0  1  0
  - 3.15s  --------    0  Y   Y  1.00  2.32 1.00 -  |   503.5    445.8  0.00 |  0.0  0.0 0   0   0  0  1  0
  - 3.05s  --------    0  Y   Y  1.00  2.42 1.00 -  |   503.2    445.1  0.00 |  0.0  0.0 0   0   0  0  1  0
  - 2.94s  --------    0  Y   Y  1.00  2.53 1.00 -  |   503.0    444.6  0.00 |  0.0  0.0 0   0   0  0  1  0
  - 2.84s  --------    0  Y   Y  1.00  2.63 1.00 -  |   503.0    444.6  0.00 |  0.0  0.0 0   0   0  0  1  0
  - 2.74s  --------    0  Y   Y  1.00  2.73 1.00 -  |   502.8    444.2  0.00 | -1.0  0.0 0   0   0  0  1  0
  - 2.64s  --------    0  Y   Y  1.00  2.83 1.00 -  |   502.6    443.6  0.00 | -1.0  0.0 0   0   0  0  0  0
  - 2.53s  --------    0  Y   Y  1.00  2.94 1.00 -  |   502.5    443.4  0.00 | -1.0  0.0 0   0   0  0  0  0
  - 2.43s  --------    0  Y   Y  1.00  3.04 1.00 -  |   502.4    443.2  0.00 | -1.0  0.0 0   0   0  0  0  0
  - 2.32s  --------    0  Y   Y  1.00  3.14 1.00 -  |   502.4    443.0  0.00 | -1.0  0.0 0   0   0  0  0  0
  - 2.22s  --------    0  Y   Y  1.00  3.25 1.00 -  |   502.3    442.8  0.00 | -1.0  0.0 0   0   0  0  0  0
  - 2.12s  --------    0  Y   Y  1.00  3.35 1.00 -  |   502.2    442.6  0.00 | -1.0  0.0 0   0   0  0  0  0
  - 2.01s  --------    0  Y   Y  1.00  3.46 1.00 -  |   502.1    442.4  0.00 | -1.0  0.0 0   0   0  0  0  0
  - 1.91s  --------    0  Y   Y  1.00  3.56 1.00 -  |   502.0    442.2  0.00 | -1.0  0.0 0   0   0  0  0  0
  - 1.80s  --------    0  Y   Y  1.00  3.67 1.00 -  |   502.0    442.0  0.00 | -1.0  0.0 0   0   0  0  0  0
  - 1.69s  --------    0  Y   Y  1.00  3.78 1.00 -  |   501.9    441.8  0.00 | -1.0  0.0 0   0   0  0  0  0
  - 1.59s  --------    0  Y   Y  1.00  3.88 1.00 -  |   501.8    441.6  0.00 | -1.0  0.0 0   0   0  0  0  0
  - 1.48s  --------    0  Y   Y  1.00  3.98 1.00 -  |   501.7    441.4  0.00 | -1.0  0.0 0   0   0  0  0  0
  - 1.37s  --------    0  Y   Y  1.00  4.10 1.00 -  |   501.6    441.2  0.00 | -1.0  0.0 0   0   0  0  0  0
  - 1.27s  --------    0  Y   Y  1.00  4.19 1.00 -  |   501.6    441.0  0.00 | -1.0  0.0 0   0   0  0  0  0
  - 1.17s  -----R--    0  Y   Y  1.00  0.03 1.00 -  |   501.5    440.9  0.00 | -1.0  0.0 0   0   0  0  0  0
  - 1.07s  -----R--    0  Y   Y  1.00  0.10 1.00 -  |   501.5    440.9  0.00 | -1.0  0.0 0   0   0  0  0  0
  - 0.97s  -----R--    0  Y   Y  1.00  0.20 1.00 -  |   501.5    440.9  0.00 | -1.0  0.0 0   0   0  0  0  0
  - 0.86s  -----R--    0  Y   Y  1.00  0.29 1.00 -  |   501.5    440.9  0.00 | -1.0  0.0 0   0   0  0  0  0
  - 0.76s  -----R--    0  Y   Y  1.00  0.37 1.00 -  |   501.5    440.9  0.00 | -1.0  0.0 0   0   0  0  0  0
  - 0.66s  --------    0  Y   Y  1.00  0.45 1.00 T  |   501.5    440.8  0.00 | -1.0  0.0 0   0   0  0  0  0
  - 0.56s  --------    0  Y   Y  1.00  0.15 1.00 -  |   501.4    440.6  0.00 | -1.0  0.0 0   0   0  0  0  0
  - 0.46s  --------    0  Y   Y  1.00  0.25 1.00 -  |   501.3    440.4  0.00 | -1.0  0.0 0   0   0  0  0  0
  - 0.35s  --------    0  Y   Y  1.00  0.35 1.00 -  |   501.2    440.3  0.00 | -1.0  0.0 0   0   0  0  0  0
  - 0.25s  --------    0  Y   Y  1.00  0.46 1.00 -  |   501.2    440.1  0.00 | -1.0  0.0 0   0   0  0  0  0
  - 0.15s  --------    0  Y   Y  1.00  0.56 1.00 -  |   501.1    439.9  0.00 | -1.0  0.0 0   0   0  0  0  0
  - 0.04s  --------    0  Y   Y  1.00  0.66 1.00 -  |   501.0    439.7  0.00 | -1.0  0.0 0   0   0  0  0  0
=========================================================== END

[ 12250   62.418 x1.00] LOG  [OniBoss] Playing animation: Watch
[ 12373   63.024 x1.00] LOG  [OniBoss] Playing animation: run
[ 12554   63.979 x1.00] LOG  [OniBoss] Pull-band decision: RUN-IN (dist 3.6m, pullRange 0m, chance 0.50)
[ 12562   64.019 x1.00] LOG  [OniBoss] Playing animation: Watch
[ 12562   64.019 x1.00] LOG  [OniBoss] Chase → Attack
[ 12562   64.019 x1.00] LOG  [OniBoss] Attack: Club_Swing (16 dmg)
[ 12562   64.019 x1.00] LOG  [OniBoss:Trail] Club_Swing trail START at clip 1.00 (transition done).
[ 12595   64.190 x1.00] LOG  [OniBoss:Layer] step-in: 'Club_Swing' closed 0.84m, Yoru now 3.0m away (range 3.5)
[ 12600   64.210 x1.00] LOG  [OniBoss:Layer] step-in: 'Club_Swing' closed 0.88m, Yoru now 3.0m away (range 3.5)
[ 12604   64.230 x1.00] LOG  [OniBoss:Layer] step-in: 'Club_Swing' closed 0.92m, Yoru now 3.0m away (range 3.5)
[ 12608   64.255 x1.00] LOG  [OniBoss:Layer] step-in: 'Club_Swing' closed 0.96m, Yoru now 3.0m away (range 3.5)
[ 12611   64.269 x1.00] LOG  [OniBoss:Layer] step-in: 'Club_Swing' closed 1.00m, Yoru now 3.0m away (range 3.5)
[ 12631   64.385 x1.00] LOG  [OniBoss:ClubPos] Club_Swing at strike: club tip 3.02m up, 2.32m in front, -3.04m to his right (3.83m out from his centre). Club faces -86deg from his forward, pitch 0.41. (the ground wave is born 1.6m in front of him at 0.35m.)
[ 12631   64.385 x1.00] LOG  [OniBoss:Layer] Club_Swing: club has not connected — ground wave released 1.6m in front, 12m/s x 6.0m = armed 0.50s, carrying 8 (half of the club's 16).
[ 12639   64.435 x1.00] LOG  [Combat] Hit react: HitReact_Light_2Leg (0.5s)
[ 12639   64.435 x1.00] LOG  [HitReactTrace] asked for 'HitReact_Light_2Leg' (0.50s) — blend resolved after 0 ms, now playing a clip 1.00s long at speed 1.00, layer weight 1.00, animator.speed 1.00.
[ 12639   64.435 x1.00] LOG  [CameraGameFeel] Shake: intensity=0.09 duration=0.150s
[ 12639   64.435 x1.00] LOG  [CameraGameFeel] FOV punch: player damage (-2.0°)
[ 12639   64.435 x1.00] LOG  [OniBoss:Wave] wave TOUCHED Yoru (grounded) for 8 after 0.6m / 0.05s of travel.
[ 12721   64.856 x1.00] LOG  [OniBoss] Attack → Recovery
[ 12721   64.856 x1.00] LOG  [OniBoss] Playing animation: Watch
[ 12721   64.856 x1.00] LOG  [OniBoss:Trail] trail END at clip 0.99, fading over 0.40s.
[ 12721   64.856 x1.00] LOG  [OniBoss:Strike] Club_Swing: club tip closest to Yoru at 1.81m, clip position 0.92 | damage fires at 0.42 | clip 0.84s => damage fires 415 ms BEFORE the club is closest
[ 12750   65.008 x1.00] LOG  [OniBoss] Recovery → Chase
[ 12751   65.015 x1.00] LOG  [OniBoss] hold-ground: BACKSTEP 1.5m (player 3.5m)
[ 12795   65.241 x1.00] LOG  [OniBoss] hold-ground: backstep done (0.37m), WATCH (player 4.3m, cooldown 2.8s)
[ 12795   65.241 x1.00] LOG  [OniBoss] Playing animation: Watch
[ 12834   65.441 x1.00] LOG  [OniBoss] Playing animation: run
[ 12869   65.629 x1.00] LOG  
==================== [FREEZE-DEBUG v3] ====================
  Reason : WASD-NOMOVE: WASD recent + speed 0.00m/s for 0.40s
  Time   : 62.240s   Frame: 12869   Snaps: 60
===========================================================

--- CURRENT STATE ---
  Flags: atk=False hvy=False dod=False dsh=False
         grd=False hit=False aerial=False lockPos=False
         comboStep=0
  Anim : speed=1.00  combatLayer hash=-792875657 normT=0.689 weight=1.00 inTransition=False
  CC   : grounded=True  enabled=True  pos=(498.33, -0.02, 433.07)  vel=(0.00, 0.00, 0.00)
  Move : IsRunning=False
  Input: H=-1.00 V=0.00  LMB=False MMB=False Q=False Sp=False Sh=False C=False
         WASD pressed in last 0.5s: True (last 0.00s ago)

--- FLIGHT RECORDER (60 snapshots, oldest first, dt=0.10s) ---
  Legend: flags = A(tk) H(vy) D(od) S(sh) G(rd) R(eact) Y(aerial) L(ock)   gnd/cc: Y/n
  t-now    flags     step gnd cc anSp normT layW tr | posX     posZ     spd   | H    V    LMB MMB Q  Sp Sh C
  ------   --------  ---- --- -- ---- ----- ---- -- | -----    -----    ----  | ---- ---- --- --- -- -- -- -
  - 6.14s  --------    0  Y   Y  1.00  3.35 1.00 -  |   502.2    442.6  0.00 | -1.0  0.0 0   0   0  0  0  0
  - 6.04s  --------    0  Y   Y  1.00  3.46 1.00 -  |   502.1    442.4  0.00 | -1.0  0.0 0   0   0  0  0  0
  - 5.93s  --------    0  Y   Y  1.00  3.56 1.00 -  |   502.0    442.2  0.00 | -1.0  0.0 0   0   0  0  0  0
  - 5.83s  --------    0  Y   Y  1.00  3.67 1.00 -  |   502.0    442.0  0.00 | -1.0  0.0 0   0   0  0  0  0
  - 5.72s  --------    0  Y   Y  1.00  3.78 1.00 -  |   501.9    441.8  0.00 | -1.0  0.0 0   0   0  0  0  0
  - 5.62s  --------    0  Y   Y  1.00  3.88 1.00 -  |   501.8    441.6  0.00 | -1.0  0.0 0   0   0  0  0  0
  - 5.51s  --------    0  Y   Y  1.00  3.98 1.00 -  |   501.7    441.4  0.00 | -1.0  0.0 0   0   0  0  0  0
  - 5.40s  --------    0  Y   Y  1.00  4.10 1.00 -  |   501.6    441.2  0.00 | -1.0  0.0 0   0   0  0  0  0
  - 5.30s  --------    0  Y   Y  1.00  4.19 1.00 -  |   501.6    441.0  0.00 | -1.0  0.0 0   0   0  0  0  0
  - 5.20s  -----R--    0  Y   Y  1.00  0.03 1.00 -  |   501.5    440.9  0.00 | -1.0  0.0 0   0   0  0  0  0
  - 5.10s  -----R--    0  Y   Y  1.00  0.10 1.00 -  |   501.5    440.9  0.00 | -1.0  0.0 0   0   0  0  0  0
  - 4.99s  -----R--    0  Y   Y  1.00  0.20 1.00 -  |   501.5    440.9  0.00 | -1.0  0.0 0   0   0  0  0  0
  - 4.89s  -----R--    0  Y   Y  1.00  0.29 1.00 -  |   501.5    440.9  0.00 | -1.0  0.0 0   0   0  0  0  0
  - 4.79s  -----R--    0  Y   Y  1.00  0.37 1.00 -  |   501.5    440.9  0.00 | -1.0  0.0 0   0   0  0  0  0
  - 4.69s  --------    0  Y   Y  1.00  0.45 1.00 T  |   501.5    440.8  0.00 | -1.0  0.0 0   0   0  0  0  0
  - 4.58s  --------    0  Y   Y  1.00  0.15 1.00 -  |   501.4    440.6  0.00 | -1.0  0.0 0   0   0  0  0  0
  - 4.48s  --------    0  Y   Y  1.00  0.25 1.00 -  |   501.3    440.4  0.00 | -1.0  0.0 0   0   0  0  0  0
  - 4.38s  --------    0  Y   Y  1.00  0.35 1.00 -  |   501.2    440.3  0.00 | -1.0  0.0 0   0   0  0  0  0
  - 4.27s  --------    0  Y   Y  1.00  0.46 1.00 -  |   501.2    440.1  0.00 | -1.0  0.0 0   0   0  0  0  0
  - 4.17s  --------    0  Y   Y  1.00  0.56 1.00 -  |   501.1    439.9  0.00 | -1.0  0.0 0   0   0  0  0  0
  - 4.07s  --------    0  Y   Y  1.00  0.66 1.00 -  |   501.0    439.7  0.00 | -1.0  0.0 0   0   0  0  0  0
  - 3.97s  --------    0  Y   Y  1.00  0.76 1.00 -  |   500.9    439.5  0.00 | -1.0  0.0 0   0   0  0  0  0
  - 3.87s  --------    0  Y   Y  1.00  0.87 1.00 -  |   500.9    439.3  0.00 | -1.0  0.0 0   0   0  0  0  0
  - 3.77s  --------    0  Y   Y  1.00  0.96 1.00 -  |   500.8    439.1  0.00 | -1.0  0.0 0   0   0  0  0  0
  - 3.67s  --------    0  Y   Y  1.00  1.07 1.00 -  |   500.7    438.9  0.00 | -1.0  0.0 0   0   0  0  0  0
  - 3.56s  --------    0  Y   Y  1.00  1.17 1.00 -  |   500.6    438.7  0.00 | -1.0  0.0 0   0   0  0  0  0
  - 3.46s  --------    0  Y   Y  1.00  1.27 1.00 -  |   500.6    438.6  0.00 | -1.0  0.0 0   0   0  0  0  0
  - 3.36s  --------    0  Y   Y  1.00  1.37 1.00 -  |   500.5    438.4  0.00 | -1.0  0.0 0   0   0  0  0  0
  - 3.25s  --------    0  Y   Y  1.00  1.48 1.00 -  |   500.4    438.2  0.00 | -1.0  0.0 0   0   0  0  0  0
  - 3.15s  --------    0  Y   Y  1.00  1.58 1.00 -  |   500.3    438.0  0.00 | -1.0  0.0 0   0   0  0  0  0
  - 3.05s  --------    0  Y   Y  1.00  1.68 1.00 -  |   500.3    437.8  0.00 | -1.0  0.0 0   0   0  0  0  0
  - 2.95s  --------    0  Y   Y  1.00  1.78 1.00 -  |   500.2    437.6  0.00 | -1.0  0.0 0   0   0  0  0  0
  - 2.85s  --------    0  Y   Y  1.00  1.88 1.00 -  |   500.1    437.4  0.00 | -1.0  0.0 0   0   0  0  0  0
  - 2.75s  --------    0  Y   Y  1.00  1.99 1.00 -  |   500.0    437.3  0.00 | -1.0  0.0 0   0   0  0  0  0
  - 2.65s  --------    0  Y   Y  1.00  2.09 1.00 -  |   499.9    437.0  0.00 | -1.0  0.0 0   0   0  0  0  0
  - 2.54s  --------    0  Y   Y  1.00  2.19 1.00 -  |   499.9    436.8  0.00 | -1.0  0.0 0   0   0  0  0  0
  - 2.44s  --------    0  Y   Y  1.00  2.29 1.00 -  |   499.8    436.7  0.00 | -1.0  0.0 0   0   0  0  0  0
  - 2.34s  --------    0  Y   Y  1.00  2.39 1.00 -  |   499.7    436.5  0.00 | -1.0  0.0 0   0   0  0  0  0
  - 2.24s  --------    0  Y   Y  1.00  2.49 1.00 -  |   499.6    436.3  0.00 | -1.0  0.0 0   0   0  0  0  0
  - 2.13s  --------    0  Y   Y  1.00  2.60 1.00 -  |   499.6    436.1  0.00 | -1.0  0.0 0   0   0  0  0  0
  - 2.03s  --------    0  Y   Y  1.00  2.70 1.00 -  |   499.5    435.9  0.00 | -1.0  0.0 0   0   0  0  0  0
  - 1.93s  --------    0  Y   Y  1.00  2.80 1.00 -  |   499.4    435.7  0.00 | -1.0  0.0 0   0   0  0  0  0
  - 1.83s  --------    0  Y   Y  1.00  2.90 1.00 -  |   499.3    435.6  0.00 | -1.0  0.0 0   0   0  0  0  0
  - 1.73s  --------    0  Y   Y  1.00  3.00 1.00 -  |   499.3    435.4  0.00 | -1.0  0.0 0   0   0  0  0  0
  - 1.62s  --------    0  Y   Y  1.00  3.11 1.00 -  |   499.2    435.1  0.00 | -1.0  0.0 0   0   0  0  0  0
  - 1.52s  --------    0  Y   Y  1.00  3.21 1.00 -  |   499.1    435.0  0.00 | -1.0  0.0 0   0   0  0  0  0
  - 1.42s  --------    0  Y   Y  1.00  3.31 1.00 -  |   499.0    434.8  0.00 | -1.0  0.0 0   0   0  0  0  0
  - 1.32s  --------    0  Y   Y  1.00  3.41 1.00 -  |   498.9    434.6  0.00 | -1.0  0.0 0   0   0  0  0  0
  - 1.21s  --------    0  Y   Y  1.00  3.52 1.00 -  |   498.9    434.4  0.00 | -1.0  0.0 0   0   0  0  0  0
  - 1.11s  -----R--    0  Y   Y  1.00  0.06 1.00 -  |   498.9    434.4  0.00 | -1.0  0.0 0   0   0  0  0  0
  - 1.01s  -----R--    0  Y   Y  1.00  0.14 1.00 -  |   498.9    434.4  0.00 | -1.0  0.0 0   0   0  0  0  0
  - 0.91s  -----R--    0  Y   Y  1.00  0.23 1.00 -  |   498.9    434.4  0.00 | -1.0  0.0 0   0   0  0  0  0
  - 0.81s  -----R--    0  Y   Y  1.00  0.31 1.00 -  |   498.9    434.4  0.00 | -1.0  0.0 0   0   0  0  0  0
  - 0.71s  -----R--    0  Y   Y  1.00  0.40 1.00 -  |   498.9    434.4  0.00 | -1.0  0.0 0   0   0  0  0  0
  - 0.61s  --------    0  Y   Y  1.00  0.48 1.00 T  |   498.8    434.2  0.00 | -1.0  0.0 0   0   0  0  0  0
  - 0.50s  --------    0  Y   Y  1.00  0.18 1.00 -  |   498.7    434.0  0.00 | -1.0  0.0 0   0   0  0  0  0
  - 0.40s  --------    0  Y   Y  1.00  0.29 1.00 -  |   498.6    433.8  0.00 | -1.0  0.0 0   0   0  0  0  0
  - 0.30s  --------    0  Y   Y  1.00  0.39 1.00 -  |   498.6    433.6  0.00 | -1.0  0.0 0   0   0  0  0  0
  - 0.20s  --------    0  Y   Y  1.00  0.49 1.00 -  |   498.5    433.4  0.00 | -1.0  0.0 0   0   0  0  0  0
  - 0.10s  --------    0  Y   Y  1.00  0.59 1.00 -  |   498.4    433.3  0.00 | -1.0  0.0 0   0   0  0  0  0
=========================================================== END

[ 13019   66.436 x1.00] LOG  [OniBoss] Playing animation: Watch
[ 13136   67.044 x1.00] LOG  [OniBoss] Playing animation: run
[ 13313   68.009 x1.00] LOG  [OniBoss] Pull-band decision: RUN-IN (dist 3.6m, pullRange 0m, chance 0.50)
[ 13317   68.035 x1.00] LOG  [OniBoss] Playing animation: Watch
[ 13317   68.035 x1.00] LOG  [OniBoss] Chase → Attack
[ 13317   68.035 x1.00] LOG  [OniBoss] Attack: ClubSlam (20 dmg)
[ 13317   68.035 x1.00] LOG  [OniBoss:Trail] ClubSlam trail START at clip 1.00 (transition done).
[ 13347   68.198 x1.00] LOG  [OniBoss:Layer] step-in: 'ClubSlam' closed 0.81m, Yoru now 3.0m away (range 3.5)
[ 13348   68.206 x1.00] LOG  [OniBoss:Layer] step-in: 'ClubSlam' closed 0.85m, Yoru now 3.0m away (range 3.5)
[ 13353   68.230 x1.00] LOG  [OniBoss:Layer] step-in: 'ClubSlam' closed 0.89m, Yoru now 3.0m away (range 3.5)
[ 13355   68.245 x1.00] LOG  [OniBoss:Layer] step-in: 'ClubSlam' closed 0.93m, Yoru now 3.0m away (range 3.5)
[ 13360   68.270 x1.00] LOG  [OniBoss:Layer] step-in: 'ClubSlam' closed 0.97m, Yoru now 3.0m away (range 3.5)
[ 13364   68.290 x1.00] LOG  [OniBoss:Layer] step-in: 'ClubSlam' closed 1.01m, Yoru now 3.0m away (range 3.5)
[ 13368   68.310 x1.00] LOG  [OniBoss:Layer] step-in: 'ClubSlam' closed 1.05m, Yoru now 3.0m away (range 3.5)
[ 13397   68.470 x1.00] LOG  [CameraGameFeel] Shake: intensity=0.50 duration=0.400s
[ 13397   68.470 x1.00] LOG  [Combat] Hit react: HitReact_Heavy_2Leg (0.9s)
[ 13397   68.470 x1.00] LOG  [HitReactTrace] asked for 'HitReact_Heavy_2Leg' (0.90s) — blend resolved after 0 ms, now playing a clip 1.00s long at speed 1.00, layer weight 1.00, animator.speed 1.00.
[ 13397   68.470 x1.00] LOG  [CameraGameFeel] Shake: intensity=0.28 duration=0.150s
[ 13397   68.470 x1.00] LOG  [CameraGameFeel] FOV punch: player damage (-3.0°)
[ 13397   68.470 x1.00] LOG  [OniBoss] Hit player for 20 (ClubSlam)
[ 13397   68.470 x1.00] LOG  [OniBoss:Touch] ClubSlam: club TOUCHED Yoru at clip 0.47 — shaft 0.53m from her body, tip speed 86m/s. Full club hit delivered this frame.
[ 13467   68.830 x1.00] LOG  [OniBoss:ClubPos] ClubSlam at strike: club tip 0.60m up, 2.90m in front, -0.25m to his right (2.91m out from his centre). Club faces 4deg from his forward, pitch -0.24. (the ground wave is born 1.6m in front of him at 0.35m.)
[ 13467   68.830 x1.00] LOG  [OniBoss:Layer] ClubSlam: club connected — no wave this swing.
[ 13492   68.964 x1.00] LOG  [OniBoss] Attack → Recovery
[ 13492   68.964 x1.00] LOG  [OniBoss] Playing animation: Watch
[ 13492   68.964 x1.00] LOG  [OniBoss:Trail] trail END at clip 0.99, fading over 0.40s.
[ 13492   68.964 x1.00] LOG  [OniBoss:Strike] ClubSlam: club tip closest to Yoru at 0.44m, clip position 0.85 | damage fires at 0.85 | clip 0.93s => MATCHED (within one or two frames)
[ 13524   69.116 x1.00] LOG  [OniBoss] Recovery → Chase
[ 13525   69.121 x1.00] LOG  [OniBoss] hold-ground: BACKSTEP 1.5m (player 3.3m)
[ 13629   69.656 x1.00] LOG  
==================== [FREEZE-DEBUG v3] ====================
  Reason : WASD-NOMOVE: WASD recent + speed 0.00m/s for 0.40s
  Time   : 66.268s   Frame: 13629   Snaps: 60
===========================================================

--- CURRENT STATE ---
  Flags: atk=False hvy=False dod=False dsh=False
         grd=False hit=False aerial=False lockPos=False
         comboStep=0
  Anim : speed=1.00  combatLayer hash=-792875657 normT=0.280 weight=1.00 inTransition=False
  CC   : grounded=True  enabled=True  pos=(496.13, -0.02, 428.42)  vel=(0.00, 0.00, 0.00)
  Move : IsRunning=False
  Input: H=1.00 V=0.00  LMB=False MMB=False Q=False Sp=False Sh=False C=False
         WASD pressed in last 0.5s: True (last 0.00s ago)

--- FLIGHT RECORDER (60 snapshots, oldest first, dt=0.10s) ---
  Legend: flags = A(tk) H(vy) D(od) S(sh) G(rd) R(eact) Y(aerial) L(ock)   gnd/cc: Y/n
  t-now    flags     step gnd cc anSp normT layW tr | posX     posZ     spd   | H    V    LMB MMB Q  Sp Sh C
  ------   --------  ---- --- -- ---- ----- ---- -- | -----    -----    ----  | ---- ---- --- --- -- -- -- -
  - 6.06s  --------    0  Y   Y  1.00  2.70 1.00 -  |   499.5    435.9  0.00 | -1.0  0.0 0   0   0  0  0  0
  - 5.96s  --------    0  Y   Y  1.00  2.80 1.00 -  |   499.4    435.7  0.00 | -1.0  0.0 0   0   0  0  0  0
  - 5.86s  --------    0  Y   Y  1.00  2.90 1.00 -  |   499.3    435.6  0.00 | -1.0  0.0 0   0   0  0  0  0
  - 5.76s  --------    0  Y   Y  1.00  3.00 1.00 -  |   499.3    435.4  0.00 | -1.0  0.0 0   0   0  0  0  0
  - 5.65s  --------    0  Y   Y  1.00  3.11 1.00 -  |   499.2    435.1  0.00 | -1.0  0.0 0   0   0  0  0  0
  - 5.55s  --------    0  Y   Y  1.00  3.21 1.00 -  |   499.1    435.0  0.00 | -1.0  0.0 0   0   0  0  0  0
  - 5.45s  --------    0  Y   Y  1.00  3.31 1.00 -  |   499.0    434.8  0.00 | -1.0  0.0 0   0   0  0  0  0
  - 5.35s  --------    0  Y   Y  1.00  3.41 1.00 -  |   498.9    434.6  0.00 | -1.0  0.0 0   0   0  0  0  0
  - 5.24s  --------    0  Y   Y  1.00  3.52 1.00 -  |   498.9    434.4  0.00 | -1.0  0.0 0   0   0  0  0  0
  - 5.14s  -----R--    0  Y   Y  1.00  0.06 1.00 -  |   498.9    434.4  0.00 | -1.0  0.0 0   0   0  0  0  0
  - 5.04s  -----R--    0  Y   Y  1.00  0.14 1.00 -  |   498.9    434.4  0.00 | -1.0  0.0 0   0   0  0  0  0
  - 4.94s  -----R--    0  Y   Y  1.00  0.23 1.00 -  |   498.9    434.4  0.00 | -1.0  0.0 0   0   0  0  0  0
  - 4.84s  -----R--    0  Y   Y  1.00  0.31 1.00 -  |   498.9    434.4  0.00 | -1.0  0.0 0   0   0  0  0  0
  - 4.74s  -----R--    0  Y   Y  1.00  0.40 1.00 -  |   498.9    434.4  0.00 | -1.0  0.0 0   0   0  0  0  0
  - 4.64s  --------    0  Y   Y  1.00  0.48 1.00 T  |   498.8    434.2  0.00 | -1.0  0.0 0   0   0  0  0  0
  - 4.53s  --------    0  Y   Y  1.00  0.18 1.00 -  |   498.7    434.0  0.00 | -1.0  0.0 0   0   0  0  0  0
  - 4.43s  --------    0  Y   Y  1.00  0.29 1.00 -  |   498.6    433.8  0.00 | -1.0  0.0 0   0   0  0  0  0
  - 4.33s  --------    0  Y   Y  1.00  0.39 1.00 -  |   498.6    433.6  0.00 | -1.0  0.0 0   0   0  0  0  0
  - 4.23s  --------    0  Y   Y  1.00  0.49 1.00 -  |   498.5    433.4  0.00 | -1.0  0.0 0   0   0  0  0  0
  - 4.12s  --------    0  Y   Y  1.00  0.59 1.00 -  |   498.4    433.3  0.00 | -1.0  0.0 0   0   0  0  0  0
  - 4.02s  --------    0  Y   Y  1.00  0.70 1.00 -  |   498.3    433.1  0.00 | -1.0  0.0 0   0   0  0  0  0
  - 3.92s  --------    0  Y   Y  1.00  0.80 1.00 -  |   498.3    432.9  0.00 | -1.0  0.0 0   0   0  0  0  0
  - 3.82s  --------    0  Y   Y  1.00  0.89 1.00 -  |   498.2    432.7  0.00 | -1.0  0.0 0   0   0  0  0  0
  - 3.71s  --------    0  Y   Y  1.00  1.00 1.00 -  |   498.1    432.5  0.00 | -1.0  0.0 0   0   0  0  0  0
  - 3.61s  --------    0  Y   Y  1.00  1.10 1.00 -  |   498.0    432.3  0.00 | -1.0  0.0 0   0   0  0  0  0
  - 3.51s  --------    0  Y   Y  1.00  1.20 1.00 -  |   497.9    432.1  0.00 | -1.0  0.0 0   0   0  0  0  0
  - 3.41s  --------    0  Y   Y  1.00  1.31 1.00 -  |   497.9    431.9  0.00 | -1.0  0.0 0   0   0  0  0  0
  - 3.30s  --------    0  Y   Y  1.00  1.41 1.00 -  |   497.8    431.7  0.00 | -1.0  0.0 0   0   0  0  0  0
  - 3.20s  --------    0  Y   Y  1.00  1.52 1.00 -  |   497.7    431.5  0.00 | -1.0  0.0 0   0   0  0  0  0
  - 3.09s  --------    0  Y   Y  1.00  1.62 1.00 -  |   497.6    431.3  0.00 | -1.0  0.0 0   0   0  0  0  0
  - 2.99s  --------    0  Y   Y  1.00  1.73 1.00 -  |   497.6    431.1  0.00 | -1.0  0.0 0   0   0  0  0  0
  - 2.89s  --------    0  Y   Y  1.00  1.83 1.00 -  |   497.5    431.0  0.00 | -1.0  0.0 0   0   0  0  0  0
  - 2.79s  --------    0  Y   Y  1.00  1.93 1.00 -  |   497.4    430.8  0.00 | -1.0  0.0 0   0   0  0  0  0
  - 2.68s  --------    0  Y   Y  1.00  2.03 1.00 -  |   497.3    430.6  0.00 | -1.0  0.0 0   0   0  0  0  0
  - 2.58s  --------    0  Y   Y  1.00  2.13 1.00 -  |   497.3    430.4  0.00 | -1.0  0.0 0   0   0  0  0  0
  - 2.48s  --------    0  Y   Y  1.00  2.23 1.00 -  |   497.2    430.2  0.00 | -1.0  0.0 0   0   0  0  0  0
  - 2.38s  --------    0  Y   Y  1.00  2.33 1.00 -  |   497.1    430.0  0.00 | -1.0  0.0 0   0   0  0  0  0
  - 2.28s  --------    0  Y   Y  1.00  2.44 1.00 -  |   497.0    429.9  0.00 | -1.0  0.0 0   0   0  0  0  0
  - 2.18s  --------    0  Y   Y  1.00  2.54 1.00 -  |   496.9    429.7  0.00 | -1.0  0.0 0   0   0  0  0  0
  - 2.07s  --------    0  Y   Y  1.00  2.64 1.00 -  |   496.7    429.5  0.00 | -1.0  0.0 0   0   0  0  0  0
  - 1.97s  --------    0  Y   Y  1.00  2.74 1.00 -  |   496.6    429.3  0.00 | -1.0  0.0 0   0   0  0  0  0
  - 1.87s  --------    0  Y   Y  1.00  2.84 1.00 -  |   496.5    429.1  0.00 | -1.0  0.0 0   0   0  0  0  0
  - 1.76s  --------    0  Y   Y  1.00  2.95 1.00 -  |   496.4    429.0  0.00 | -1.0  0.0 0   0   0  0  0  0
  - 1.66s  --------    0  Y   Y  1.00  3.05 1.00 -  |   496.3    428.8  0.00 | -1.0  0.0 0   0   0  0  0  0
  - 1.56s  --------    0  Y   Y  1.00  3.16 1.00 -  |   496.2    428.6  0.00 | -1.0  0.0 0   0   0  0  0  0
  - 1.45s  --------    0  Y   Y  1.00  3.26 1.00 -  |   496.1    428.4  0.00 | -1.0  0.0 0   0   0  0  0  0
  - 1.35s  --------    0  Y   Y  1.00  3.36 1.00 -  |   496.0    428.2  0.00 |  0.0  0.0 0   0   0  0  0  0
  - 1.25s  --------    0  Y   Y  1.00  3.47 1.00 -  |   495.9    428.1  0.00 |  0.0  0.0 0   0   0  0  0  0
  - 1.14s  -----R--    0  Y   Y  1.00  0.03 1.00 -  |   495.9    428.0  0.00 |  0.0  0.0 0   0   0  0  0  0
  - 1.04s  -----R--    0  Y   Y  1.00  0.11 1.00 -  |   495.9    428.0  0.00 | -1.0  0.0 0   0   0  0  0  0
  - 0.94s  -----R--    0  Y   Y  1.00  0.20 1.00 -  |   495.9    428.0  0.00 | -1.0  0.0 0   0   0  0  0  0
  - 0.83s  -----R--    0  Y   Y  1.00  0.28 1.00 -  |   495.9    428.0  0.00 | -1.0  0.0 0   0   0  0  0  0
  - 0.73s  -----R--    0  Y   Y  1.00  0.37 1.00 -  |   495.9    428.0  0.00 | -1.0  0.0 0   0   0  0  0  0
  - 0.62s  -----R--    0  Y   Y  1.00  0.46 1.00 -  |   495.9    428.0  0.00 | -1.0  0.0 0   0   0  0  0  0
  - 0.52s  -----R--    0  Y   Y  1.00  0.54 1.00 -  |   495.9    428.0  0.00 | -1.0  0.0 0   0   0  0  0  0
  - 0.42s  -----R--    0  Y   Y  1.00  0.63 1.00 -  |   495.9    428.0  0.00 |  0.0  0.0 0   0   0  0  0  0
  - 0.32s  -----R--    0  Y   Y  1.00  0.71 1.00 -  |   495.9    428.0  0.00 |  0.0  0.0 0   0   0  0  0  0
  - 0.22s  --------    0  Y   Y  1.00  0.79 1.00 T  |   495.9    428.0  0.00 |  1.0  0.0 0   0   0  0  0  0
  - 0.11s  --------    0  Y   Y  1.00  0.17 1.00 -  |   496.0    428.2  0.00 |  1.0  0.0 0   0   0  0  0  0
  - 0.01s  --------    0  Y   Y  1.00  0.28 1.00 -  |   496.1    428.4  0.00 |  1.0  0.0 0   0   0  0  0  0
=========================================================== END

[ 13713   70.059 x1.00] LOG  [OniBoss] hold-ground: backstep done (1.50m), WATCH (player 3.5m, cooldown 2.1s)
[ 13713   70.059 x1.00] LOG  [OniBoss] Playing animation: Watch
[ 14130   72.121 x1.00] LOG  [OniBoss] hold-ground: cooldown over, player 4.0m > 3.5m — APPROACH
[ 14130   72.121 x1.00] LOG  [OniBoss] Playing animation: Walk
[ 14157   72.261 x1.00] LOG  [OniBoss] Pull-band decision: RUN-IN (dist 4.8m, pullRange 0m, chance 0.50)
[ 14157   72.261 x1.00] LOG  [OniBoss] Playing animation: run
[ 14332   73.177 x1.00] LOG  [OniBoss] Playing animation: Watch
[ 14332   73.177 x1.00] LOG  [OniBoss] Chase → Attack
[ 14332   73.177 x1.00] LOG  [OniBoss] Attack: ClubSwing2 (16 dmg)
[ 14332   73.177 x1.00] LOG  [OniBoss:Trail] ClubSwing2 trail START at clip 0.98 (transition done).
[ 14361   73.337 x1.00] LOG  [OniBoss:Layer] step-in: 'ClubSwing2' closed 0.78m, Yoru now 3.0m away (range 3.5)
[ 14364   73.350 x1.00] LOG  [OniBoss:Layer] step-in: 'ClubSwing2' closed 0.82m, Yoru now 3.0m away (range 3.5)
[ 14367   73.369 x1.00] LOG  [OniBoss:Layer] step-in: 'ClubSwing2' closed 0.86m, Yoru now 3.0m away (range 3.5)
[ 14370   73.387 x1.00] LOG  [OniBoss:Layer] step-in: 'ClubSwing2' closed 0.90m, Yoru now 3.0m away (range 3.5)
[ 14375   73.410 x1.00] LOG  [OniBoss:Layer] step-in: 'ClubSwing2' closed 0.94m, Yoru now 3.0m away (range 3.5)
[ 14379   73.430 x1.00] LOG  [OniBoss:Layer] step-in: 'ClubSwing2' closed 0.98m, Yoru now 3.0m away (range 3.5)
[ 14399   73.520 x1.00] LOG  [CameraGameFeel] Shake: intensity=0.20 duration=0.250s
[ 14399   73.520 x1.00] LOG  [Combat] Hit react: HitReact_Light_4Leg (0.5s)
[ 14399   73.520 x1.00] LOG  [HitReactTrace] asked for 'HitReact_Light_4Leg' (0.50s) — blend resolved after 0 ms, now playing a clip 1.00s long at speed 1.00, layer weight 1.00, animator.speed 1.00.
[ 14399   73.520 x1.00] LOG  [CameraGameFeel] Shake: intensity=0.09 duration=0.150s
[ 14399   73.520 x1.00] LOG  [CameraGameFeel] FOV punch: player damage (-2.0°)
[ 14399   73.520 x1.00] LOG  [OniBoss] Hit player for 16 (ClubSwing2)
[ 14399   73.520 x1.00] LOG  [OniBoss:Touch] ClubSwing2: club TOUCHED Yoru at clip 0.29 — shaft 0.26m from her body, tip speed 100m/s. Full club hit delivered this frame.
[ 14409   73.559 x1.00] LOG  [OniBoss:ClubPos] ClubSwing2 at strike: club tip 0.11m up, 1.77m in front, 2.46m to his right (3.03m out from his centre). Club faces 7deg from his forward, pitch -0.88. (the ground wave is born 1.6m in front of him at 0.35m.)
[ 14409   73.559 x1.00] LOG  [OniBoss:Layer] ClubSwing2: club connected — no wave this swing.
[ 14435   73.689 x1.00] LOG  
==================== [FREEZE-DEBUG v3] ====================
  Reason : WASD-NOMOVE: WASD recent + speed 0.00m/s for 0.40s
  Time   : 70.301s   Frame: 14435   Snaps: 60
===========================================================

--- CURRENT STATE ---
  Flags: atk=False hvy=False dod=False dsh=False
         grd=False hit=True aerial=False lockPos=False
         comboStep=0
  Anim : speed=1.00  combatLayer hash=-281062480 normT=0.078 weight=1.00 inTransition=False
  CC   : grounded=True  enabled=True  pos=(503.36, -0.02, 438.32)  vel=(0.00, 0.00, 0.00)
  Move : IsRunning=True
  Input: H=1.00 V=0.00  LMB=False MMB=False Q=False Sp=False Sh=True C=False
         WASD pressed in last 0.5s: True (last 0.00s ago)

--- FLIGHT RECORDER (60 snapshots, oldest first, dt=0.10s) ---
  Legend: flags = A(tk) H(vy) D(od) S(sh) G(rd) R(eact) Y(aerial) L(ock)   gnd/cc: Y/n
  t-now    flags     step gnd cc anSp normT layW tr | posX     posZ     spd   | H    V    LMB MMB Q  Sp Sh C
  ------   --------  ---- --- -- ---- ----- ---- -- | -----    -----    ----  | ---- ---- --- --- -- -- -- -
  - 6.10s  --------    0  Y   Y  1.00  2.64 1.00 -  |   496.7    429.5  0.00 | -1.0  0.0 0   0   0  0  0  0
  - 6.00s  --------    0  Y   Y  1.00  2.74 1.00 -  |   496.6    429.3  0.00 | -1.0  0.0 0   0   0  0  0  0
  - 5.90s  --------    0  Y   Y  1.00  2.84 1.00 -  |   496.5    429.1  0.00 | -1.0  0.0 0   0   0  0  0  0
  - 5.79s  --------    0  Y   Y  1.00  2.95 1.00 -  |   496.4    429.0  0.00 | -1.0  0.0 0   0   0  0  0  0
  - 5.69s  --------    0  Y   Y  1.00  3.05 1.00 -  |   496.3    428.8  0.00 | -1.0  0.0 0   0   0  0  0  0
  - 5.59s  --------    0  Y   Y  1.00  3.16 1.00 -  |   496.2    428.6  0.00 | -1.0  0.0 0   0   0  0  0  0
  - 5.48s  --------    0  Y   Y  1.00  3.26 1.00 -  |   496.1    428.4  0.00 | -1.0  0.0 0   0   0  0  0  0
  - 5.38s  --------    0  Y   Y  1.00  3.36 1.00 -  |   496.0    428.2  0.00 |  0.0  0.0 0   0   0  0  0  0
  - 5.28s  --------    0  Y   Y  1.00  3.47 1.00 -  |   495.9    428.1  0.00 |  0.0  0.0 0   0   0  0  0  0
  - 5.18s  -----R--    0  Y   Y  1.00  0.03 1.00 -  |   495.9    428.0  0.00 |  0.0  0.0 0   0   0  0  0  0
  - 5.07s  -----R--    0  Y   Y  1.00  0.11 1.00 -  |   495.9    428.0  0.00 | -1.0  0.0 0   0   0  0  0  0
  - 4.97s  -----R--    0  Y   Y  1.00  0.20 1.00 -  |   495.9    428.0  0.00 | -1.0  0.0 0   0   0  0  0  0
  - 4.86s  -----R--    0  Y   Y  1.00  0.28 1.00 -  |   495.9    428.0  0.00 | -1.0  0.0 0   0   0  0  0  0
  - 4.76s  -----R--    0  Y   Y  1.00  0.37 1.00 -  |   495.9    428.0  0.00 | -1.0  0.0 0   0   0  0  0  0
  - 4.65s  -----R--    0  Y   Y  1.00  0.46 1.00 -  |   495.9    428.0  0.00 | -1.0  0.0 0   0   0  0  0  0
  - 4.55s  -----R--    0  Y   Y  1.00  0.54 1.00 -  |   495.9    428.0  0.00 | -1.0  0.0 0   0   0  0  0  0
  - 4.45s  -----R--    0  Y   Y  1.00  0.63 1.00 -  |   495.9    428.0  0.00 |  0.0  0.0 0   0   0  0  0  0
  - 4.35s  -----R--    0  Y   Y  1.00  0.71 1.00 -  |   495.9    428.0  0.00 |  0.0  0.0 0   0   0  0  0  0
  - 4.25s  --------    0  Y   Y  1.00  0.79 1.00 T  |   495.9    428.0  0.00 |  1.0  0.0 0   0   0  0  0  0
  - 4.14s  --------    0  Y   Y  1.00  0.17 1.00 -  |   496.0    428.2  0.00 |  1.0  0.0 0   0   0  0  0  0
  - 4.04s  --------    0  Y   Y  1.00  0.28 1.00 -  |   496.1    428.4  0.00 |  1.0  0.0 0   0   0  0  0  0
  - 3.94s  --------    0  Y   Y  1.00  0.38 1.00 -  |   496.2    428.6  0.00 |  1.0  0.0 0   0   0  0  0  0
  - 3.84s  --------    0  Y   Y  1.00  0.48 1.00 -  |   496.3    428.8  0.00 |  1.0  0.0 0   0   0  0  0  0
  - 3.74s  --------    0  Y   Y  1.00  0.58 1.00 -  |   496.4    428.9  0.00 |  1.0  0.0 0   0   0  0  0  0
  - 3.63s  --------    0  Y   Y  1.00  0.68 1.00 -  |   496.5    429.1  0.00 |  1.0  0.0 0   0   0  0  0  0
  - 3.53s  --------    0  Y   Y  1.00  0.78 1.00 -  |   496.6    429.3  0.00 |  1.0  0.0 0   0   0  0  0  0
  - 3.43s  --------    0  Y   Y  1.00  0.89 1.00 -  |   496.7    429.5  0.00 |  1.0  0.0 0   0   0  0  0  0
  - 3.33s  --------    0  Y   Y  1.00  0.99 1.00 -  |   496.8    429.7  0.00 |  1.0  0.0 0   0   0  0  0  0
  - 3.23s  --------    0  Y   Y  1.00  1.09 1.00 -  |   496.9    429.8  0.00 |  1.0  0.0 0   0   0  0  0  0
  - 3.12s  --------    0  Y   Y  1.00  1.19 1.00 -  |   497.0    430.0  0.00 |  1.0  0.0 0   0   0  0  0  0
  - 3.02s  --------    0  Y   Y  1.00  1.29 1.00 -  |   497.1    430.2  0.00 |  1.0  0.0 0   0   0  0  0  0
  - 2.92s  --------    0  Y   Y  1.00  1.39 1.00 -  |   497.2    430.4  0.00 |  1.0  0.0 0   0   0  0  0  0
  - 2.82s  --------    0  Y   Y  1.00  1.50 1.00 -  |   497.3    430.4  0.00 |  1.0  0.0 0   0   0  0  0  0
  - 2.72s  --------    0  Y   Y  1.00  1.60 1.00 -  |   497.4    430.4  0.00 |  1.0  0.0 0   0   0  0  0  0
  - 2.61s  --------    0  Y   Y  1.00  1.70 1.00 -  |   497.4    430.4  0.00 |  1.0  0.0 0   0   0  0  1  0
  - 2.51s  --------    0  Y   Y  1.00  1.80 1.00 -  |   497.7    430.4  0.00 |  1.0  0.0 0   0   0  0  1  0
  - 2.41s  --------    0  Y   Y  1.00  1.90 1.00 -  |   498.0    430.3  0.00 |  1.0  0.0 0   0   0  0  1  0
  - 2.30s  --------    0  Y   Y  1.00  2.01 1.00 -  |   498.5    430.4  0.00 |  1.0  0.0 0   0   0  0  1  0
  - 2.20s  --------    0  Y   Y  1.00  2.11 1.00 -  |   499.0    430.7  0.00 |  1.0  0.0 0   0   0  0  1  0
  - 2.10s  --------    0  Y   Y  1.00  2.21 1.00 -  |   499.5    431.1  0.00 |  1.0  0.0 0   0   0  0  1  0
  - 2.00s  --------    0  Y   Y  1.00  2.32 1.00 -  |   499.8    431.7  0.00 |  1.0  0.0 0   0   0  0  1  0
  - 1.90s  --------    0  Y   Y  1.00  2.42 1.00 -  |   500.2    432.4  0.00 |  1.0  0.0 0   0   0  0  1  0
  - 1.79s  --------    0  Y   Y  1.00  2.52 1.00 -  |   500.5    433.0  0.00 |  1.0  0.0 0   0   0  0  1  0
  - 1.68s  --------    0  Y   Y  1.00  2.63 1.00 -  |   500.9    433.7  0.00 |  1.0  0.0 0   0   0  0  1  0
  - 1.58s  --------    0  Y   Y  1.00  2.73 1.00 -  |   501.3    434.3  0.00 |  1.0  0.0 0   0   0  0  1  0
  - 1.47s  --------    0  Y   Y  1.00  2.84 1.00 -  |   501.6    434.9  0.00 |  1.0  0.0 0   0   0  0  1  0
  - 1.37s  --------    0  Y   Y  1.00  2.95 1.00 -  |   502.0    435.6  0.00 |  1.0  0.0 0   0   0  0  1  0
  - 1.26s  --------    0  Y   Y  1.00  3.05 1.00 -  |   502.2    435.9  0.00 |  1.0  0.0 0   0   0  0  0  0
  - 1.16s  --------    0  Y   Y  1.00  3.16 1.00 -  |   502.3    436.1  0.00 |  1.0  0.0 0   0   0  0  0  0
  - 1.06s  --------    0  Y   Y  1.00  3.26 1.00 -  |   502.4    436.2  0.00 |  1.0  0.0 0   0   0  0  0  0
  - 0.95s  --------    0  Y   Y  1.00  3.36 1.00 -  |   502.5    436.4  0.00 |  1.0  0.0 0   0   0  0  0  0
  - 0.85s  --------    0  Y   Y  1.00  3.46 1.00 -  |   502.6    436.6  0.00 |  1.0  0.0 0   0   0  0  0  0
  - 0.74s  --------    0  Y   Y  1.00  3.57 1.00 -  |   502.7    436.8  0.00 |  1.0  0.0 0   0   0  0  0  0
  - 0.64s  --------    0  Y   Y  1.00  3.67 1.00 -  |   502.8    437.0  0.00 |  1.0  0.0 0   0   0  0  0  0
  - 0.54s  --------    0  Y   Y  1.00  3.78 1.00 -  |   502.8    437.2  0.00 |  1.0  0.0 0   0   0  0  0  0
  - 0.43s  --------    0  Y   Y  1.00  3.88 1.00 -  |   502.9    437.4  0.00 |  1.0  0.0 0   0   0  0  0  0
  - 0.33s  --------    0  Y   Y  1.00  3.99 1.00 -  |   503.0    437.5  0.00 |  1.0  0.0 0   0   0  0  0  0
  - 0.23s  --------    0  Y   Y  1.00  4.09 1.00 -  |   503.2    437.9  0.00 |  1.0  0.0 0   0   0  0  1  0
  - 0.13s  -----R--    0  Y   Y  1.00  0.02 1.00 -  |   503.4    438.3  0.00 |  1.0  0.0 0   0   0  0  1  0
  - 0.02s  -----R--    0  Y   Y  1.00  0.07 1.00 -  |   503.4    438.3  0.00 |  1.0  0.0 0   0   0  0  1  0
=========================================================== END

[ 14534   74.150 x1.00] LOG  [StormWeather] ⚡ strike at (472.10, 45.00, 451.29)
[ 14573   74.341 x1.00] LOG  [OniBoss] Attack → Recovery
[ 14573   74.341 x1.00] LOG  [OniBoss] Playing animation: Watch
[ 14573   74.341 x1.00] LOG  [OniBoss:Trail] trail END at clip 0.99, fading over 0.40s.
[ 14573   74.341 x1.00] LOG  [OniBoss:Strike] ClubSwing2: club tip closest to Yoru at 0.46m, clip position 0.30 | damage fires at 0.32 | clip 1.17s => MATCHED (within one or two frames)
[ 14605   74.497 x1.00] LOG  [OniBoss] Recovery → Chase
[ 14606   74.501 x1.00] LOG  [OniBoss] hold-ground: BACKSTEP 1.5m (player 4.1m)
[ 14616   74.557 x1.00] LOG  [OniBoss] hold-ground: backstep done (0.09m), WATCH (player 4.3m, cooldown 2.9s)
[ 14616   74.557 x1.00] LOG  [OniBoss] Playing animation: Watch
[ 14660   74.762 x1.00] LOG  [OniBoss] Playing animation: run
[ 14871   75.767 x1.00] LOG  [OniBoss] Playing animation: Watch
[ 14999   76.385 x1.00] LOG  [OniBoss] Playing animation: run
[ 15206   77.388 x1.00] LOG  [OniBoss] Playing animation: Watch
[ 15227   77.500 x1.00] LOG  [OniBoss] hold-ground: cooldown over, player 3.7m > 3.5m — APPROACH
[ 15227   77.500 x1.00] LOG  [OniBoss] Playing animation: Walk
[ 15272   77.721 x1.00] LOG  
==================== [FREEZE-DEBUG v3] ====================
  Reason : WASD-NOMOVE: WASD recent + speed 0.00m/s for 0.40s
  Time   : 74.332s   Frame: 15272   Snaps: 60
===========================================================

--- CURRENT STATE ---
  Flags: atk=False hvy=False dod=False dsh=False
         grd=False hit=False aerial=False lockPos=False
         comboStep=0
  Anim : speed=1.00  combatLayer hash=-792875657 normT=3.694 weight=1.00 inTransition=False
  CC   : grounded=True  enabled=True  pos=(506.32, -0.02, 445.06)  vel=(0.00, 0.00, 0.00)
  Move : IsRunning=False
  Input: H=1.00 V=0.00  LMB=False MMB=False Q=False Sp=False Sh=False C=False
         WASD pressed in last 0.5s: True (last 0.00s ago)

--- FLIGHT RECORDER (60 snapshots, oldest first, dt=0.10s) ---
  Legend: flags = A(tk) H(vy) D(od) S(sh) G(rd) R(eact) Y(aerial) L(ock)   gnd/cc: Y/n
  t-now    flags     step gnd cc anSp normT layW tr | posX     posZ     spd   | H    V    LMB MMB Q  Sp Sh C
  ------   --------  ---- --- -- ---- ----- ---- -- | -----    -----    ----  | ---- ---- --- --- -- -- -- -
  - 6.13s  --------    0  Y   Y  1.00  2.21 1.00 -  |   499.5    431.1  0.00 |  1.0  0.0 0   0   0  0  1  0
  - 6.03s  --------    0  Y   Y  1.00  2.32 1.00 -  |   499.8    431.7  0.00 |  1.0  0.0 0   0   0  0  1  0
  - 5.93s  --------    0  Y   Y  1.00  2.42 1.00 -  |   500.2    432.4  0.00 |  1.0  0.0 0   0   0  0  1  0
  - 5.82s  --------    0  Y   Y  1.00  2.52 1.00 -  |   500.5    433.0  0.00 |  1.0  0.0 0   0   0  0  1  0
  - 5.71s  --------    0  Y   Y  1.00  2.63 1.00 -  |   500.9    433.7  0.00 |  1.0  0.0 0   0   0  0  1  0
  - 5.61s  --------    0  Y   Y  1.00  2.73 1.00 -  |   501.3    434.3  0.00 |  1.0  0.0 0   0   0  0  1  0
  - 5.50s  --------    0  Y   Y  1.00  2.84 1.00 -  |   501.6    434.9  0.00 |  1.0  0.0 0   0   0  0  1  0
  - 5.40s  --------    0  Y   Y  1.00  2.95 1.00 -  |   502.0    435.6  0.00 |  1.0  0.0 0   0   0  0  1  0
  - 5.29s  --------    0  Y   Y  1.00  3.05 1.00 -  |   502.2    435.9  0.00 |  1.0  0.0 0   0   0  0  0  0
  - 5.19s  --------    0  Y   Y  1.00  3.16 1.00 -  |   502.3    436.1  0.00 |  1.0  0.0 0   0   0  0  0  0
  - 5.09s  --------    0  Y   Y  1.00  3.26 1.00 -  |   502.4    436.2  0.00 |  1.0  0.0 0   0   0  0  0  0
  - 4.98s  --------    0  Y   Y  1.00  3.36 1.00 -  |   502.5    436.4  0.00 |  1.0  0.0 0   0   0  0  0  0
  - 4.88s  --------    0  Y   Y  1.00  3.46 1.00 -  |   502.6    436.6  0.00 |  1.0  0.0 0   0   0  0  0  0
  - 4.77s  --------    0  Y   Y  1.00  3.57 1.00 -  |   502.7    436.8  0.00 |  1.0  0.0 0   0   0  0  0  0
  - 4.67s  --------    0  Y   Y  1.00  3.67 1.00 -  |   502.8    437.0  0.00 |  1.0  0.0 0   0   0  0  0  0
  - 4.57s  --------    0  Y   Y  1.00  3.78 1.00 -  |   502.8    437.2  0.00 |  1.0  0.0 0   0   0  0  0  0
  - 4.46s  --------    0  Y   Y  1.00  3.88 1.00 -  |   502.9    437.4  0.00 |  1.0  0.0 0   0   0  0  0  0
  - 4.36s  --------    0  Y   Y  1.00  3.99 1.00 -  |   503.0    437.5  0.00 |  1.0  0.0 0   0   0  0  0  0
  - 4.26s  --------    0  Y   Y  1.00  4.09 1.00 -  |   503.2    437.9  0.00 |  1.0  0.0 0   0   0  0  1  0
  - 4.16s  -----R--    0  Y   Y  1.00  0.02 1.00 -  |   503.4    438.3  0.00 |  1.0  0.0 0   0   0  0  1  0
  - 4.05s  -----R--    0  Y   Y  1.00  0.07 1.00 -  |   503.4    438.3  0.00 |  1.0  0.0 0   0   0  0  1  0
  - 3.95s  -----R--    0  Y   Y  1.00  0.12 1.00 -  |   503.4    438.3  0.00 |  1.0  0.0 0   0   0  0  0  0
  - 3.85s  -----R--    0  Y   Y  1.00  0.17 1.00 -  |   503.4    438.3  0.00 |  1.0  0.0 0   0   0  0  0  0
  - 3.75s  -----R--    0  Y   Y  1.00  0.23 1.00 -  |   503.4    438.3  0.00 |  1.0  0.0 0   0   0  0  0  0
  - 3.64s  --------    0  Y   Y  1.00  0.28 1.00 T  |   503.4    438.4  0.00 |  1.0  0.0 0   0   0  0  0  0
  - 3.54s  --------    0  Y   Y  1.00  0.15 1.00 -  |   503.5    438.6  0.00 |  1.0  0.0 0   0   0  0  0  0
  - 3.43s  --------    0  Y   Y  1.00  0.26 1.00 -  |   503.6    438.8  0.00 |  1.0  0.0 0   0   0  0  0  0
  - 3.33s  --------    0  Y   Y  1.00  0.36 1.00 -  |   503.7    439.0  0.00 |  1.0  0.0 0   0   0  0  0  0
  - 3.23s  --------    0  Y   Y  1.00  0.46 1.00 -  |   503.7    439.2  0.00 |  1.0  0.0 0   0   0  0  0  0
  - 3.13s  --------    0  Y   Y  1.00  0.56 1.00 -  |   503.8    439.3  0.00 |  1.0  0.0 0   0   0  0  0  0
  - 3.03s  --------    0  Y   Y  1.00  0.66 1.00 -  |   503.9    439.5  0.00 |  1.0  0.0 0   0   0  0  0  0
  - 2.93s  --------    0  Y   Y  1.00  0.76 1.00 -  |   504.0    439.7  0.00 |  1.0  0.0 0   0   0  0  0  0
  - 2.83s  --------    0  Y   Y  1.00  0.87 1.00 -  |   504.1    439.9  0.00 |  1.0  0.0 0   0   0  0  0  0
  - 2.72s  --------    0  Y   Y  1.00  0.97 1.00 -  |   504.1    440.1  0.00 |  1.0  0.0 0   0   0  0  0  0
  - 2.62s  --------    0  Y   Y  1.00  1.07 1.00 -  |   504.2    440.3  0.00 |  1.0  0.0 0   0   0  0  0  0
  - 2.51s  --------    0  Y   Y  1.00  1.18 1.00 -  |   504.3    440.5  0.00 |  1.0  0.0 0   0   0  0  0  0
  - 2.41s  --------    0  Y   Y  1.00  1.28 1.00 -  |   504.4    440.7  0.00 |  1.0  0.0 0   0   0  0  0  0
  - 2.30s  --------    0  Y   Y  1.00  1.39 1.00 -  |   504.5    440.8  0.00 |  1.0  0.0 0   0   0  0  0  0
  - 2.20s  --------    0  Y   Y  1.00  1.49 1.00 -  |   504.6    441.0  0.00 |  1.0  0.0 0   0   0  0  0  0
  - 2.10s  --------    0  Y   Y  1.00  1.60 1.00 -  |   504.6    441.2  0.00 |  1.0  0.0 0   0   0  0  0  0
  - 2.00s  --------    0  Y   Y  1.00  1.70 1.00 -  |   504.7    441.4  0.00 |  1.0  0.0 0   0   0  0  0  0
  - 1.90s  --------    0  Y   Y  1.00  1.80 1.00 -  |   504.8    441.6  0.00 |  1.0  0.0 0   0   0  0  0  0
  - 1.79s  --------    0  Y   Y  1.00  1.90 1.00 -  |   504.9    441.8  0.00 |  1.0  0.0 0   0   0  0  0  0
  - 1.69s  --------    0  Y   Y  1.00  2.00 1.00 -  |   505.0    442.0  0.00 |  1.0  0.0 0   0   0  0  0  0
  - 1.59s  --------    0  Y   Y  1.00  2.10 1.00 -  |   505.1    442.2  0.00 |  1.0  0.0 0   0   0  0  0  0
  - 1.49s  --------    0  Y   Y  1.00  2.20 1.00 -  |   505.1    442.3  0.00 |  1.0  0.0 0   0   0  0  0  0
  - 1.39s  --------    0  Y   Y  1.00  2.31 1.00 -  |   505.2    442.5  0.00 |  1.0  0.0 0   0   0  0  0  0
  - 1.29s  --------    0  Y   Y  1.00  2.41 1.00 -  |   505.3    442.7  0.00 |  1.0  0.0 0   0   0  0  0  0
  - 1.18s  --------    0  Y   Y  1.00  2.51 1.00 -  |   505.4    442.9  0.00 |  1.0  0.0 0   0   0  0  0  0
  - 1.08s  --------    0  Y   Y  1.00  2.62 1.00 -  |   505.5    443.1  0.00 |  1.0  0.0 0   0   0  0  0  0
  - 0.97s  --------    0  Y   Y  1.00  2.72 1.00 -  |   505.6    443.3  0.00 |  1.0  0.0 0   0   0  0  0  0
  - 0.87s  --------    0  Y   Y  1.00  2.83 1.00 -  |   505.6    443.5  0.00 |  1.0  0.0 0   0   0  0  0  0
  - 0.77s  --------    0  Y   Y  1.00  2.93 1.00 -  |   505.7    443.7  0.00 |  1.0  0.0 0   0   0  0  0  0
  - 0.67s  --------    0  Y   Y  1.00  3.03 1.00 -  |   505.8    443.8  0.00 |  1.0  0.0 0   0   0  0  0  0
  - 0.57s  --------    0  Y   Y  1.00  3.13 1.00 -  |   505.9    444.0  0.00 |  1.0  0.0 0   0   0  0  0  0
  - 0.46s  --------    0  Y   Y  1.00  3.23 1.00 -  |   506.0    444.2  0.00 |  1.0  0.0 0   0   0  0  0  0
  - 0.36s  --------    0  Y   Y  1.00  3.34 1.00 -  |   506.0    444.4  0.00 |  1.0  0.0 0   0   0  0  0  0
  - 0.25s  --------    0  Y   Y  1.00  3.44 1.00 -  |   506.1    444.6  0.00 |  1.0  0.0 0   0   0  0  0  0
  - 0.15s  --------    0  Y   Y  1.00  3.53 1.00 -  |   506.2    444.8  0.00 |  1.0  0.0 0   0   0  0  0  0
  - 0.05s  --------    0  Y   Y  1.00  3.64 1.00 -  |   506.3    445.0  0.00 |  1.0  0.0 0   0   0  0  0  0
=========================================================== END

[ 15614   79.342 x1.00] LOG  [OniBoss] Chase → Attack
[ 15614   79.342 x1.00] LOG  [OniBoss] Attack: ClubSwing2 (16 dmg)
[ 15614   79.342 x1.00] LOG  [OniBoss:Trail] ClubSwing2 trail START at clip 0.99 (transition done).
[ 15617   79.358 x1.00] LOG  [OniBoss:Layer] step-in: 'ClubSwing2' closed 0.06m, Yoru now 3.0m away (range 3.5)
[ 15681   79.678 x1.00] LOG  [CameraGameFeel] Shake: intensity=0.20 duration=0.250s
[ 15681   79.678 x1.00] LOG  [Combat] Hit react: HitReact_Light_4Leg (0.5s)
[ 15681   79.678 x1.00] LOG  [HitReactTrace] asked for 'HitReact_Light_4Leg' (0.50s) — blend resolved after 0 ms, now playing a clip 1.00s long at speed 1.00, layer weight 1.00, animator.speed 1.00.
[ 15681   79.678 x1.00] LOG  [CameraGameFeel] Shake: intensity=0.09 duration=0.150s
[ 15681   79.678 x1.00] LOG  [CameraGameFeel] FOV punch: player damage (-2.0°)
[ 15681   79.678 x1.00] LOG  [OniBoss] Hit player for 16 (ClubSwing2)
[ 15681   79.678 x1.00] LOG  [OniBoss:Touch] ClubSwing2: club TOUCHED Yoru at clip 0.29 — shaft 0.66m from her body, tip speed 97m/s. Full club hit delivered this frame.
[ 15690   79.723 x1.00] LOG  [OniBoss:ClubPos] ClubSwing2 at strike: club tip 0.10m up, 1.79m in front, 2.44m to his right (3.03m out from his centre). Club faces 6deg from his forward, pitch -0.88. (the ground wave is born 1.6m in front of him at 0.35m.)
[ 15690   79.723 x1.00] LOG  [OniBoss:Layer] ClubSwing2: club connected — no wave this swing.
[ 15848   80.506 x1.00] LOG  [OniBoss] Attack → Recovery
[ 15848   80.506 x1.00] LOG  [OniBoss] Playing animation: Watch
[ 15848   80.506 x1.00] LOG  [OniBoss:Trail] trail END at clip 0.99, fading over 0.40s.
[ 15848   80.506 x1.00] LOG  [OniBoss:Strike] ClubSwing2: club tip closest to Yoru at 1.29m, clip position 0.30 | damage fires at 0.32 | clip 1.17s => MATCHED (within one or two frames)
[ 15881   80.656 x1.00] LOG  [OniBoss] Recovery → Chase
[ 15882   80.660 x1.00] LOG  [OniBoss] hold-ground: BACKSTEP 1.5m (player 2.0m)
[ 15994   81.181 x1.00] LOG  🐾 4-LEG JUMP #0
[ 15994   81.181 x1.00] LOG  🐾 Jump 1 VFX spawned!
[ 16076   81.602 x1.00] LOG  🐾 4-LEG JUMP #1
[ 16076   81.602 x1.00] LOG  🐾 Jump 2 VFX spawned!
[ 16077   81.607 x1.00] LOG  [OniBoss] hold-ground: backstep done (1.51m), WATCH (player 3.3m, cooldown 2.0s)
[ 16077   81.607 x1.00] LOG  [OniBoss] Playing animation: Watch
[ 16110   81.768 x1.00] LOG  
==================== [FREEZE-DEBUG v3] ====================
  Reason : WASD-NOMOVE: WASD recent + speed 0.00m/s for 0.41s
  Time   : 78.379s   Frame: 16110   Snaps: 60
===========================================================

--- CURRENT STATE ---
  Flags: atk=False hvy=False dod=False dsh=False
         grd=False hit=False aerial=False lockPos=False
         comboStep=0
  Anim : speed=1.00  combatLayer hash=-792875657 normT=1.575 weight=1.00 inTransition=False
  CC   : grounded=False  enabled=True  pos=(506.33, 2.70, 441.71)  vel=(0.00, 4.31, 0.00)
  Move : IsRunning=True
  Input: H=-1.00 V=0.00  LMB=False MMB=False Q=False Sp=False Sh=True C=False
         WASD pressed in last 0.5s: True (last 0.00s ago)

--- FLIGHT RECORDER (60 snapshots, oldest first, dt=0.10s) ---
  Legend: flags = A(tk) H(vy) D(od) S(sh) G(rd) R(eact) Y(aerial) L(ock)   gnd/cc: Y/n
  t-now    flags     step gnd cc anSp normT layW tr | posX     posZ     spd   | H    V    LMB MMB Q  Sp Sh C
  ------   --------  ---- --- -- ---- ----- ---- -- | -----    -----    ----  | ---- ---- --- --- -- -- -- -
  - 6.15s  --------    0  Y   Y  1.00  1.60 1.00 -  |   504.6    441.2  0.00 |  1.0  0.0 0   0   0  0  0  0
  - 6.04s  --------    0  Y   Y  1.00  1.70 1.00 -  |   504.7    441.4  0.00 |  1.0  0.0 0   0   0  0  0  0
  - 5.94s  --------    0  Y   Y  1.00  1.80 1.00 -  |   504.8    441.6  0.00 |  1.0  0.0 0   0   0  0  0  0
  - 5.84s  --------    0  Y   Y  1.00  1.90 1.00 -  |   504.9    441.8  0.00 |  1.0  0.0 0   0   0  0  0  0
  - 5.74s  --------    0  Y   Y  1.00  2.00 1.00 -  |   505.0    442.0  0.00 |  1.0  0.0 0   0   0  0  0  0
  - 5.64s  --------    0  Y   Y  1.00  2.10 1.00 -  |   505.1    442.2  0.00 |  1.0  0.0 0   0   0  0  0  0
  - 5.54s  --------    0  Y   Y  1.00  2.20 1.00 -  |   505.1    442.3  0.00 |  1.0  0.0 0   0   0  0  0  0
  - 5.43s  --------    0  Y   Y  1.00  2.31 1.00 -  |   505.2    442.5  0.00 |  1.0  0.0 0   0   0  0  0  0
  - 5.33s  --------    0  Y   Y  1.00  2.41 1.00 -  |   505.3    442.7  0.00 |  1.0  0.0 0   0   0  0  0  0
  - 5.23s  --------    0  Y   Y  1.00  2.51 1.00 -  |   505.4    442.9  0.00 |  1.0  0.0 0   0   0  0  0  0
  - 5.13s  --------    0  Y   Y  1.00  2.62 1.00 -  |   505.5    443.1  0.00 |  1.0  0.0 0   0   0  0  0  0
  - 5.02s  --------    0  Y   Y  1.00  2.72 1.00 -  |   505.6    443.3  0.00 |  1.0  0.0 0   0   0  0  0  0
  - 4.92s  --------    0  Y   Y  1.00  2.83 1.00 -  |   505.6    443.5  0.00 |  1.0  0.0 0   0   0  0  0  0
  - 4.81s  --------    0  Y   Y  1.00  2.93 1.00 -  |   505.7    443.7  0.00 |  1.0  0.0 0   0   0  0  0  0
  - 4.71s  --------    0  Y   Y  1.00  3.03 1.00 -  |   505.8    443.8  0.00 |  1.0  0.0 0   0   0  0  0  0
  - 4.61s  --------    0  Y   Y  1.00  3.13 1.00 -  |   505.9    444.0  0.00 |  1.0  0.0 0   0   0  0  0  0
  - 4.51s  --------    0  Y   Y  1.00  3.23 1.00 -  |   506.0    444.2  0.00 |  1.0  0.0 0   0   0  0  0  0
  - 4.41s  --------    0  Y   Y  1.00  3.34 1.00 -  |   506.0    444.4  0.00 |  1.0  0.0 0   0   0  0  0  0
  - 4.30s  --------    0  Y   Y  1.00  3.44 1.00 -  |   506.1    444.6  0.00 |  1.0  0.0 0   0   0  0  0  0
  - 4.20s  --------    0  Y   Y  1.00  3.53 1.00 -  |   506.2    444.8  0.00 |  1.0  0.0 0   0   0  0  0  0
  - 4.10s  --------    0  Y   Y  1.00  3.64 1.00 -  |   506.3    445.0  0.00 |  1.0  0.0 0   0   0  0  0  0
  - 3.99s  --------    0  Y   Y  1.00  3.75 1.00 -  |   506.4    445.2  0.00 |  1.0  0.0 0   0   0  0  0  0
  - 3.89s  --------    0  Y   Y  1.00  3.85 1.00 -  |   506.5    445.4  0.00 |  1.0  0.0 0   0   0  0  0  0
  - 3.78s  --------    0  Y   Y  1.00  3.96 1.00 -  |   506.5    445.6  0.00 |  1.0  0.0 0   0   0  0  0  0
  - 3.68s  --------    0  Y   Y  1.00  4.06 1.00 -  |   506.6    445.8  0.00 |  1.0  0.0 0   0   0  0  0  0
  - 3.58s  --------    0  Y   Y  1.00  4.16 1.00 -  |   506.7    445.9  0.00 |  1.0  0.0 0   0   0  0  0  0
  - 3.48s  --------    0  Y   Y  1.00  4.27 1.00 -  |   506.8    446.1  0.00 |  1.0  0.0 0   0   0  0  0  0
  - 3.37s  --------    0  Y   Y  1.00  4.37 1.00 -  |   506.9    446.3  0.00 |  1.0  0.0 0   0   0  0  0  0
  - 3.27s  --------    0  Y   Y  1.00  4.47 1.00 -  |   506.9    446.5  0.00 |  1.0  0.0 0   0   0  0  0  0
  - 3.17s  --------    0  Y   Y  1.00  4.58 1.00 -  |   507.0    446.7  0.00 |  1.0  0.0 0   0   0  0  0  0
  - 3.06s  --------    0  Y   Y  1.00  4.68 1.00 -  |   507.1    446.9  0.00 |  1.0  0.0 0   0   0  0  0  0
  - 2.96s  --------    0  Y   Y  1.00  4.78 1.00 -  |   507.2    447.1  0.00 |  1.0  0.0 0   0   0  0  0  0
  - 2.86s  --------    0  Y   Y  1.00  4.89 1.00 -  |   507.3    447.3  0.00 |  1.0  0.0 0   0   0  0  0  0
  - 2.75s  --------    0  Y   Y  1.00  4.98 1.00 -  |   507.4    447.4  0.00 |  1.0  0.0 0   0   0  0  0  0
  - 2.65s  --------    0  Y   Y  1.00  5.09 1.00 -  |   507.4    447.6  0.00 |  1.0  0.0 0   0   0  0  0  0
  - 2.55s  --------    0  Y   Y  1.00  5.19 1.00 -  |   507.5    447.8  0.00 | -1.0  0.0 0   0   0  0  0  0
  - 2.45s  --------    0  Y   Y  1.00  5.29 1.00 -  |   507.4    447.5  0.00 | -1.0  0.0 0   0   0  0  0  0
  - 2.34s  --------    0  Y   Y  1.00  5.40 1.00 -  |   507.3    447.4  0.00 | -1.0  0.0 0   0   0  0  0  0
  - 2.24s  --------    0  Y   Y  1.00  5.50 1.00 -  |   507.2    447.1  0.00 | -1.0  0.0 0   0   0  0  1  0
  - 2.13s  --------    0  Y   Y  1.00  5.60 1.00 -  |   507.0    446.6  0.00 | -1.0  0.0 0   0   0  0  1  0
  - 2.03s  -----R--    0  Y   Y  1.00  0.02 1.00 -  |   507.0    446.6  0.00 | -1.0  0.0 0   0   0  0  1  0
  - 1.93s  -----R--    0  Y   Y  1.00  0.08 1.00 -  |   507.0    446.6  0.00 | -1.0  0.0 0   0   0  0  1  0
  - 1.83s  -----R--    0  Y   Y  1.00  0.13 1.00 -  |   507.0    446.6  0.00 | -1.0  0.0 0   0   0  0  1  0
  - 1.73s  -----R--    0  Y   Y  1.00  0.18 1.00 -  |   507.0    446.6  0.00 | -1.0  0.0 0   0   0  0  1  0
  - 1.63s  -----R--    0  Y   Y  1.00  0.23 1.00 -  |   507.0    446.6  0.00 | -1.0  0.0 0   0   0  0  1  0
  - 1.52s  --------    0  Y   Y  1.00  0.28 1.00 T  |   507.0    446.6  0.00 | -1.0  0.0 0   0   0  0  1  0
  - 1.42s  --------    0  Y   Y  1.00  0.17 1.00 -  |   507.1    446.5  0.00 | -1.0  0.0 0   0   0  0  1  0
  - 1.31s  --------    0  Y   Y  1.00  0.27 1.00 -  |   507.1    446.5  0.00 | -1.0  0.0 0   0   0  0  1  0
  - 1.21s  --------    0  Y   Y  1.00  0.38 1.00 -  |   507.2    446.5  0.00 | -1.0  0.0 0   0   0  0  1  0
  - 1.11s  --------    0  Y   Y  1.00  0.48 1.00 -  |   507.3    446.4  0.00 | -1.0  0.0 0   0   0  0  1  0
  - 1.01s  --------    0  Y   Y  1.00  0.58 1.00 -  |   507.4    446.1  0.00 | -1.0  0.0 0   0   0  0  1  0
  - 0.90s  --------    0  Y   Y  1.00  0.68 1.00 -  |   507.5    445.8  0.00 | -1.0  0.0 0   0   0  0  1  0
  - 0.80s  --------    0  Y   Y  1.00  0.78 1.00 -  |   507.5    445.4  0.00 | -1.0  0.0 0   0   0  0  1  0
  - 0.70s  --------    0  Y   Y  1.00  0.88 1.00 -  |   507.6    444.9  0.00 | -1.0  0.0 0   0   0  0  1  0
  - 0.60s  --------    0  Y   Y  1.00  0.99 1.00 -  |   507.4    444.3  0.00 | -1.0  0.0 0   0   0  0  1  0
  - 0.50s  --------    0  n   Y  1.00  1.09 1.00 -  |   507.2    443.8  0.00 | -1.0  0.0 0   0   0  1  1  0
  - 0.40s  --------    0  n   Y  1.00  1.19 1.00 -  |   507.1    443.4  0.00 | -1.0  0.0 0   0   0  0  1  0
  - 0.30s  --------    0  n   Y  1.00  1.29 1.00 -  |   506.9    443.0  0.00 | -1.0  0.0 0   0   0  0  1  0
  - 0.20s  --------    0  n   Y  1.00  1.39 1.00 -  |   506.7    442.5  0.00 | -1.0  0.0 0   0   0  0  1  0
  - 0.09s  --------    0  n   Y  1.00  1.49 1.00 -  |   506.5    442.1  0.00 | -1.0  0.0 0   0   0  1  1  0
=========================================================== END

[ 16138   81.904 x1.00] LOG  [OniBoss] Playing animation: run
[ 16270   82.602 x1.00] LOG  💨 Landing VFX spawned!
[ 16270   82.602 x1.00] LOG  ✅ LANDED! (was jump #2)
[ 16346   82.992 x1.00] LOG  [OniBoss] Playing animation: Watch
[ 16464   83.622 x1.00] LOG  [OniBoss] Playing animation: run
[ 16470   83.660 x1.00] LOG  [OniBoss] Pull-band decision: RUN-IN (dist 4.8m, pullRange 0m, chance 0.50)
[ 16645   84.599 x1.00] LOG  [OniBoss] Playing animation: Watch
[ 16645   84.599 x1.00] LOG  [OniBoss] Chase → Attack
[ 16645   84.599 x1.00] LOG  [OniBoss] Attack: ClubSlam (20 dmg)
[ 16645   84.599 x1.00] LOG  [OniBoss:Trail] ClubSlam trail START at clip 1.00 (transition done).
[ 16675   84.769 x1.00] LOG  [OniBoss:Layer] step-in: 'ClubSlam' closed 0.85m, Yoru now 3.0m away (range 3.5)
[ 16679   84.789 x1.00] LOG  [OniBoss:Layer] step-in: 'ClubSlam' closed 0.89m, Yoru now 3.0m away (range 3.5)
[ 16683   84.809 x1.00] LOG  [OniBoss:Layer] step-in: 'ClubSlam' closed 0.93m, Yoru now 3.0m away (range 3.5)
[ 16686   84.829 x1.00] LOG  [OniBoss:Layer] step-in: 'ClubSlam' closed 0.97m, Yoru now 3.0m away (range 3.5)
[ 16690   84.849 x1.00] LOG  [OniBoss:Layer] step-in: 'ClubSlam' closed 1.01m, Yoru now 3.0m away (range 3.5)
[ 16694   84.869 x1.00] LOG  [OniBoss:Layer] step-in: 'ClubSlam' closed 1.05m, Yoru now 3.0m away (range 3.5)
[ 16695   84.884 x1.00] LOG  [OniBoss:Layer] step-in: 'ClubSlam' closed 1.09m, Yoru now 3.0m away (range 3.5)
[ 16725   85.032 x1.00] LOG  [CameraGameFeel] Shake: intensity=0.50 duration=0.400s
[ 16725   85.032 x1.00] LOG  [Combat] Hit react: HitReact_Heavy_2Leg (0.9s)
[ 16725   85.032 x1.00] LOG  [HitReactTrace] asked for 'HitReact_Heavy_2Leg' (0.90s) — blend resolved after 0 ms, now playing a clip 1.00s long at speed 1.00, layer weight 1.00, animator.speed 1.00.
[ 16725   85.032 x1.00] LOG  [CameraGameFeel] Shake: intensity=0.28 duration=0.150s
[ 16725   85.032 x1.00] LOG  [CameraGameFeel] FOV punch: player damage (-3.0°)
[ 16725   85.032 x1.00] LOG  [OniBoss] Hit player for 20 (ClubSlam)
[ 16725   85.032 x1.00] LOG  [OniBoss:Touch] ClubSlam: club TOUCHED Yoru at clip 0.47 — shaft 0.57m from her body, tip speed 89m/s. Full club hit delivered this frame.
[ 16802   85.395 x1.00] LOG  [OniBoss:ClubPos] ClubSlam at strike: club tip 0.60m up, 2.90m in front, -0.26m to his right (2.91m out from his centre). Club faces 4deg from his forward, pitch -0.24. (the ground wave is born 1.6m in front of him at 0.35m.)
[ 16802   85.395 x1.00] LOG  [OniBoss:Layer] ClubSlam: club connected — no wave this swing.
[ 16831   85.524 x1.00] LOG  [OniBoss] Attack → Recovery
[ 16831   85.524 x1.00] LOG  [OniBoss] Playing animation: Watch
[ 16831   85.524 x1.00] LOG  [OniBoss:Trail] trail END at clip 0.99, fading over 0.40s.
[ 16831   85.524 x1.00] LOG  [OniBoss:Strike] ClubSlam: club tip closest to Yoru at 0.43m, clip position 0.85 | damage fires at 0.85 | clip 0.93s => MATCHED (within one or two frames)
[ 16864   85.674 x1.00] LOG  [OniBoss] Recovery → Chase
[ 16865   85.679 x1.00] LOG  [OniBoss] hold-ground: BACKSTEP 1.5m (player 3.3m)
[ 16890   85.793 x1.00] LOG  
==================== [FREEZE-DEBUG v3] ====================
  Reason : WASD-NOMOVE: WASD recent + speed 0.00m/s for 0.40s
  Time   : 82.405s   Frame: 16890   Snaps: 60
===========================================================

--- CURRENT STATE ---
  Flags: atk=False hvy=False dod=False dsh=False
         grd=False hit=True aerial=False lockPos=False
         comboStep=0
  Anim : speed=1.00  combatLayer hash=1755030216 normT=0.620 weight=1.00 inTransition=False
  CC   : grounded=True  enabled=True  pos=(502.93, -0.02, 433.93)  vel=(0.00, 0.00, 0.00)
  Move : IsRunning=False
  Input: H=-1.00 V=0.00  LMB=False MMB=False Q=False Sp=False Sh=False C=False
         WASD pressed in last 0.5s: True (last 0.00s ago)

--- FLIGHT RECORDER (60 snapshots, oldest first, dt=0.10s) ---
  Legend: flags = A(tk) H(vy) D(od) S(sh) G(rd) R(eact) Y(aerial) L(ock)   gnd/cc: Y/n
  t-now    flags     step gnd cc anSp normT layW tr | posX     posZ     spd   | H    V    LMB MMB Q  Sp Sh C
  ------   --------  ---- --- -- ---- ----- ---- -- | -----    -----    ----  | ---- ---- --- --- -- -- -- -
  - 6.06s  -----R--    0  Y   Y  1.00  0.02 1.00 -  |   507.0    446.6  0.00 | -1.0  0.0 0   0   0  0  1  0
  - 5.95s  -----R--    0  Y   Y  1.00  0.08 1.00 -  |   507.0    446.6  0.00 | -1.0  0.0 0   0   0  0  1  0
  - 5.85s  -----R--    0  Y   Y  1.00  0.13 1.00 -  |   507.0    446.6  0.00 | -1.0  0.0 0   0   0  0  1  0
  - 5.75s  -----R--    0  Y   Y  1.00  0.18 1.00 -  |   507.0    446.6  0.00 | -1.0  0.0 0   0   0  0  1  0
  - 5.65s  -----R--    0  Y   Y  1.00  0.23 1.00 -  |   507.0    446.6  0.00 | -1.0  0.0 0   0   0  0  1  0
  - 5.54s  --------    0  Y   Y  1.00  0.28 1.00 T  |   507.0    446.6  0.00 | -1.0  0.0 0   0   0  0  1  0
  - 5.44s  --------    0  Y   Y  1.00  0.17 1.00 -  |   507.1    446.5  0.00 | -1.0  0.0 0   0   0  0  1  0
  - 5.34s  --------    0  Y   Y  1.00  0.27 1.00 -  |   507.1    446.5  0.00 | -1.0  0.0 0   0   0  0  1  0
  - 5.24s  --------    0  Y   Y  1.00  0.38 1.00 -  |   507.2    446.5  0.00 | -1.0  0.0 0   0   0  0  1  0
  - 5.13s  --------    0  Y   Y  1.00  0.48 1.00 -  |   507.3    446.4  0.00 | -1.0  0.0 0   0   0  0  1  0
  - 5.03s  --------    0  Y   Y  1.00  0.58 1.00 -  |   507.4    446.1  0.00 | -1.0  0.0 0   0   0  0  1  0
  - 4.93s  --------    0  Y   Y  1.00  0.68 1.00 -  |   507.5    445.8  0.00 | -1.0  0.0 0   0   0  0  1  0
  - 4.83s  --------    0  Y   Y  1.00  0.78 1.00 -  |   507.5    445.4  0.00 | -1.0  0.0 0   0   0  0  1  0
  - 4.73s  --------    0  Y   Y  1.00  0.88 1.00 -  |   507.6    444.9  0.00 | -1.0  0.0 0   0   0  0  1  0
  - 4.63s  --------    0  Y   Y  1.00  0.99 1.00 -  |   507.4    444.3  0.00 | -1.0  0.0 0   0   0  0  1  0
  - 4.52s  --------    0  n   Y  1.00  1.09 1.00 -  |   507.2    443.8  0.00 | -1.0  0.0 0   0   0  1  1  0
  - 4.42s  --------    0  n   Y  1.00  1.19 1.00 -  |   507.1    443.4  0.00 | -1.0  0.0 0   0   0  0  1  0
  - 4.32s  --------    0  n   Y  1.00  1.29 1.00 -  |   506.9    443.0  0.00 | -1.0  0.0 0   0   0  0  1  0
  - 4.22s  --------    0  n   Y  1.00  1.39 1.00 -  |   506.7    442.5  0.00 | -1.0  0.0 0   0   0  0  1  0
  - 4.12s  --------    0  n   Y  1.00  1.49 1.00 -  |   506.5    442.1  0.00 | -1.0  0.0 0   0   0  1  1  0
  - 4.01s  --------    0  n   Y  1.00  1.59 1.00 -  |   506.3    441.7  0.00 | -1.0  0.0 0   0   0  0  1  0
  - 3.91s  --------    0  n   Y  1.00  1.70 1.00 -  |   506.1    441.3  0.00 | -1.0  0.0 0   0   0  0  1  0
  - 3.81s  --------    0  n   Y  1.00  1.80 1.00 -  |   505.9    440.8  0.00 | -1.0  0.0 0   0   0  0  1  0
  - 3.71s  --------    0  n   Y  1.00  1.90 1.00 -  |   505.8    440.4  0.00 | -1.0  0.0 0   0   0  0  1  0
  - 3.60s  --------    0  n   Y  1.00  2.00 1.00 -  |   505.6    440.0  0.00 |  0.0  0.0 0   0   0  0  1  0
  - 3.50s  --------    0  n   Y  1.00  2.10 1.00 -  |   505.4    439.6  0.00 |  0.0  0.0 0   0   0  0  0  0
  - 3.40s  --------    0  n   Y  1.00  2.21 1.00 -  |   505.2    439.2  0.00 |  0.0  0.0 0   0   0  0  0  0
  - 3.29s  --------    0  n   Y  1.00  2.31 1.00 -  |   505.0    438.7  0.00 |  0.0  0.0 0   0   0  0  0  0
  - 3.19s  --------    0  Y   Y  1.00  2.42 1.00 -  |   504.8    438.3  0.00 |  0.0  0.0 0   0   0  0  0  0
  - 3.09s  --------    0  Y   Y  1.00  2.52 1.00 -  |   504.8    438.2  0.00 | -1.0  0.0 0   0   0  0  0  0
  - 2.99s  --------    0  Y   Y  1.00  2.62 1.00 -  |   504.7    438.0  0.00 | -1.0  0.0 0   0   0  0  0  0
  - 2.88s  --------    0  Y   Y  1.00  2.72 1.00 -  |   504.6    437.8  0.00 | -1.0  0.0 0   0   0  0  0  0
  - 2.78s  --------    0  Y   Y  1.00  2.83 1.00 -  |   504.5    437.6  0.00 | -1.0  0.0 0   0   0  0  0  0
  - 2.68s  --------    0  Y   Y  1.00  2.93 1.00 -  |   504.5    437.4  0.00 | -1.0  0.0 0   0   0  0  0  0
  - 2.57s  --------    0  Y   Y  1.00  3.03 1.00 -  |   504.4    437.3  0.00 | -1.0  0.0 0   0   0  0  0  0
  - 2.47s  --------    0  Y   Y  1.00  3.14 1.00 -  |   504.3    437.0  0.00 | -1.0  0.0 0   0   0  0  0  0
  - 2.37s  --------    0  Y   Y  1.00  3.24 1.00 -  |   504.2    436.9  0.00 | -1.0  0.0 0   0   0  0  0  0
  - 2.26s  --------    0  Y   Y  1.00  3.34 1.00 -  |   504.1    436.7  0.00 | -1.0  0.0 0   0   0  0  0  0
  - 2.16s  --------    0  Y   Y  1.00  3.44 1.00 -  |   504.0    436.5  0.00 | -1.0  0.0 0   0   0  0  0  0
  - 2.06s  --------    0  Y   Y  1.00  3.54 1.00 -  |   504.0    436.3  0.00 | -1.0  0.0 0   0   0  0  0  0
  - 1.96s  --------    0  Y   Y  1.00  3.65 1.00 -  |   503.9    436.1  0.00 | -1.0  0.0 0   0   0  0  0  0
  - 1.85s  --------    0  Y   Y  1.00  3.75 1.00 -  |   503.8    436.0  0.00 | -1.0  0.0 0   0   0  0  0  0
  - 1.75s  --------    0  Y   Y  1.00  3.85 1.00 -  |   503.7    435.8  0.00 | -1.0  0.0 0   0   0  0  0  0
  - 1.65s  --------    0  Y   Y  1.00  3.95 1.00 -  |   503.6    435.6  0.00 | -1.0  0.0 0   0   0  0  0  0
  - 1.55s  --------    0  Y   Y  1.00  4.06 1.00 -  |   503.5    435.4  0.00 | -1.0  0.0 0   0   0  0  0  0
  - 1.45s  --------    0  Y   Y  1.00  4.16 1.00 -  |   503.4    435.2  0.00 | -1.0  0.0 0   0   0  0  0  0
  - 1.34s  --------    0  Y   Y  1.00  4.26 1.00 -  |   503.4    435.0  0.00 | -1.0  0.0 0   0   0  0  0  0
  - 1.24s  --------    0  Y   Y  1.00  4.37 1.00 -  |   503.3    434.8  0.00 | -1.0  0.0 0   0   0  0  0  0
  - 1.14s  --------    0  Y   Y  1.00  4.46 1.00 -  |   503.2    434.6  0.00 | -1.0  0.0 0   0   0  0  0  0
  - 1.03s  --------    0  Y   Y  1.00  4.57 1.00 -  |   503.1    434.5  0.00 | -1.0  0.0 0   0   0  0  0  0
  - 0.93s  --------    0  Y   Y  1.00  4.68 1.00 -  |   503.0    434.2  0.00 | -1.0  0.0 0   0   0  0  0  0
  - 0.82s  --------    0  Y   Y  1.00  4.78 1.00 -  |   502.9    434.0  0.00 | -1.0  0.0 0   0   0  0  0  0
  - 0.72s  -----R--    0  Y   Y  1.00  0.02 1.00 -  |   502.9    433.9  0.00 | -1.0  0.0 0   0   0  0  0  0
  - 0.62s  -----R--    0  Y   Y  1.00  0.11 1.00 -  |   502.9    433.9  0.00 | -1.0  0.0 0   0   0  0  0  0
  - 0.52s  -----R--    0  Y   Y  1.00  0.19 1.00 -  |   502.9    433.9  0.00 | -1.0  0.0 0   0   0  0  0  0
  - 0.42s  -----R--    0  Y   Y  1.00  0.27 1.00 -  |   502.9    433.9  0.00 | -1.0  0.0 0   0   0  0  0  0
  - 0.32s  -----R--    0  Y   Y  1.00  0.36 1.00 -  |   502.9    433.9  0.00 | -1.0  0.0 0   0   0  0  0  0
  - 0.22s  -----R--    0  Y   Y  1.00  0.44 1.00 -  |   502.9    433.9  0.00 | -1.0  0.0 0   0   0  0  0  0
  - 0.11s  -----R--    0  Y   Y  1.00  0.53 1.00 -  |   502.9    433.9  0.00 | -1.0  0.0 0   0   0  0  0  0
  - 0.01s  -----R--    0  Y   Y  1.00  0.61 1.00 -  |   502.9    433.9  0.00 | -1.0  0.0 0   0   0  0  0  0
=========================================================== END

[ 16960   86.120 x1.00] LOG  [OniBoss] hold-ground: backstep done (0.71m), WATCH (player 4.3m, cooldown 2.6s)
[ 16960   86.120 x1.00] LOG  [OniBoss] Playing animation: Watch
[ 16998   86.323 x1.00] LOG  [OniBoss] Playing animation: run
[ 17180   87.240 x1.00] LOG  [OniBoss] Playing animation: Watch
[ 17409   88.328 x1.00] LOG  [OniBoss] Playing animation: run
[ 17474   88.680 x1.00] LOG  [OniBoss] Pull-band decision: RUN-IN (dist 4.9m, pullRange 0m, chance 0.50)
[ 17606   89.300 x1.00] LOG  [OniBoss] Playing animation: Watch
[ 17606   89.300 x1.00] LOG  [OniBoss] Combo started: ClubSwing1 → ClubSwing2 → ClubSlam (3 steps remaining)
[ 17606   89.300 x1.00] LOG  [OniBoss] Chase → Attack
[ 17606   89.300 x1.00] LOG  [OniBoss] Attack: Club_Swing (16 dmg)
[ 17606   89.300 x1.00] LOG  [OniBoss:Trail] Club_Swing trail START at clip 1.00 (transition done).
[ 17638   89.460 x1.00] LOG  [OniBoss:Layer] step-in: 'Club_Swing' closed 0.77m, Yoru now 3.0m away (range 3.5)
[ 17640   89.470 x1.00] LOG  [OniBoss:Layer] step-in: 'Club_Swing' closed 0.80m, Yoru now 3.0m away (range 3.5)
[ 17646   89.500 x1.00] LOG  [OniBoss:Layer] step-in: 'Club_Swing' closed 0.91m, Yoru now 3.0m away (range 3.5)
[ 17679   89.660 x1.00] LOG  [OniBoss:ClubPos] Club_Swing at strike: club tip 3.02m up, 2.71m in front, -2.84m to his right (3.92m out from his centre). Club faces -78deg from his forward, pitch 0.40. (the ground wave is born 1.6m in front of him at 0.35m.)
[ 17679   89.660 x1.00] LOG  [OniBoss:Layer] Club_Swing: club has not connected — ground wave released 1.6m in front, 12m/s x 6.0m = armed 0.50s, carrying 8 (half of the club's 16).
[ 17710   89.813 x1.00] LOG  
==================== [FREEZE-DEBUG v3] ====================
  Reason : WASD-NOMOVE: WASD recent + speed 0.00m/s for 0.40s
  Time   : 86.425s   Frame: 17710   Snaps: 60
===========================================================

--- CURRENT STATE ---
  Flags: atk=False hvy=False dod=False dsh=False
         grd=False hit=False aerial=False lockPos=False
         comboStep=0
  Anim : speed=1.00  combatLayer hash=-792875657 normT=3.876 weight=1.00 inTransition=False
  CC   : grounded=True  enabled=True  pos=(501.96, -0.02, 426.39)  vel=(0.00, 0.00, 0.00)
  Move : IsRunning=True
  Input: H=-1.00 V=1.00  LMB=False MMB=False Q=False Sp=False Sh=True C=False
         WASD pressed in last 0.5s: True (last 0.00s ago)

--- FLIGHT RECORDER (60 snapshots, oldest first, dt=0.10s) ---
  Legend: flags = A(tk) H(vy) D(od) S(sh) G(rd) R(eact) Y(aerial) L(ock)   gnd/cc: Y/n
  t-now    flags     step gnd cc anSp normT layW tr | posX     posZ     spd   | H    V    LMB MMB Q  Sp Sh C
  ------   --------  ---- --- -- ---- ----- ---- -- | -----    -----    ----  | ---- ---- --- --- -- -- -- -
  - 6.08s  --------    0  Y   Y  1.00  3.54 1.00 -  |   504.0    436.3  0.00 | -1.0  0.0 0   0   0  0  0  0
  - 5.98s  --------    0  Y   Y  1.00  3.65 1.00 -  |   503.9    436.1  0.00 | -1.0  0.0 0   0   0  0  0  0
  - 5.87s  --------    0  Y   Y  1.00  3.75 1.00 -  |   503.8    436.0  0.00 | -1.0  0.0 0   0   0  0  0  0
  - 5.77s  --------    0  Y   Y  1.00  3.85 1.00 -  |   503.7    435.8  0.00 | -1.0  0.0 0   0   0  0  0  0
  - 5.67s  --------    0  Y   Y  1.00  3.95 1.00 -  |   503.6    435.6  0.00 | -1.0  0.0 0   0   0  0  0  0
  - 5.57s  --------    0  Y   Y  1.00  4.06 1.00 -  |   503.5    435.4  0.00 | -1.0  0.0 0   0   0  0  0  0
  - 5.47s  --------    0  Y   Y  1.00  4.16 1.00 -  |   503.4    435.2  0.00 | -1.0  0.0 0   0   0  0  0  0
  - 5.36s  --------    0  Y   Y  1.00  4.26 1.00 -  |   503.4    435.0  0.00 | -1.0  0.0 0   0   0  0  0  0
  - 5.26s  --------    0  Y   Y  1.00  4.37 1.00 -  |   503.3    434.8  0.00 | -1.0  0.0 0   0   0  0  0  0
  - 5.16s  --------    0  Y   Y  1.00  4.46 1.00 -  |   503.2    434.6  0.00 | -1.0  0.0 0   0   0  0  0  0
  - 5.05s  --------    0  Y   Y  1.00  4.57 1.00 -  |   503.1    434.5  0.00 | -1.0  0.0 0   0   0  0  0  0
  - 4.95s  --------    0  Y   Y  1.00  4.68 1.00 -  |   503.0    434.2  0.00 | -1.0  0.0 0   0   0  0  0  0
  - 4.84s  --------    0  Y   Y  1.00  4.78 1.00 -  |   502.9    434.0  0.00 | -1.0  0.0 0   0   0  0  0  0
  - 4.74s  -----R--    0  Y   Y  1.00  0.02 1.00 -  |   502.9    433.9  0.00 | -1.0  0.0 0   0   0  0  0  0
  - 4.64s  -----R--    0  Y   Y  1.00  0.11 1.00 -  |   502.9    433.9  0.00 | -1.0  0.0 0   0   0  0  0  0
  - 4.54s  -----R--    0  Y   Y  1.00  0.19 1.00 -  |   502.9    433.9  0.00 | -1.0  0.0 0   0   0  0  0  0
  - 4.44s  -----R--    0  Y   Y  1.00  0.27 1.00 -  |   502.9    433.9  0.00 | -1.0  0.0 0   0   0  0  0  0
  - 4.34s  -----R--    0  Y   Y  1.00  0.36 1.00 -  |   502.9    433.9  0.00 | -1.0  0.0 0   0   0  0  0  0
  - 4.24s  -----R--    0  Y   Y  1.00  0.44 1.00 -  |   502.9    433.9  0.00 | -1.0  0.0 0   0   0  0  0  0
  - 4.13s  -----R--    0  Y   Y  1.00  0.53 1.00 -  |   502.9    433.9  0.00 | -1.0  0.0 0   0   0  0  0  0
  - 4.03s  -----R--    0  Y   Y  1.00  0.61 1.00 -  |   502.9    433.9  0.00 | -1.0  0.0 0   0   0  0  0  0
  - 3.93s  -----R--    0  Y   Y  1.00  0.69 1.00 -  |   502.9    433.9  0.00 | -1.0  0.0 0   0   0  0  0  0
  - 3.83s  --------    0  Y   Y  1.00  0.78 1.00 T  |   502.9    433.8  0.00 | -1.0  0.0 0   0   0  0  0  0
  - 3.73s  --------    0  Y   Y  1.00  0.15 1.00 -  |   502.9    433.6  0.00 | -1.0  0.0 0   0   0  0  0  0
  - 3.62s  --------    0  Y   Y  1.00  0.25 1.00 -  |   503.0    433.4  0.00 | -1.0  0.0 0   0   0  0  0  0
  - 3.51s  --------    0  Y   Y  1.00  0.36 1.00 -  |   503.0    433.2  0.00 | -1.0  0.0 0   0   0  0  0  0
  - 3.41s  --------    0  Y   Y  1.00  0.46 1.00 -  |   503.0    433.0  0.00 | -1.0  0.0 0   0   0  0  0  0
  - 3.31s  --------    0  Y   Y  1.00  0.57 1.00 -  |   503.0    432.8  0.00 | -1.0  0.0 0   0   0  0  0  0
  - 3.21s  --------    0  Y   Y  1.00  0.67 1.00 -  |   503.0    432.6  0.00 | -1.0  0.0 0   0   0  0  0  0
  - 3.11s  --------    0  Y   Y  1.00  0.77 1.00 -  |   503.0    432.4  0.00 | -1.0  0.0 0   0   0  0  0  0
  - 3.01s  --------    0  Y   Y  1.00  0.86 1.00 -  |   502.9    432.2  0.00 | -1.0  0.0 0   0   0  0  0  0
  - 2.90s  --------    0  Y   Y  1.00  0.97 1.00 -  |   502.8    432.1  0.00 | -1.0  0.0 0   0   0  0  0  0
  - 2.80s  --------    0  Y   Y  1.00  1.08 1.00 -  |   502.6    432.0  0.00 | -1.0  0.0 0   0   0  0  0  0
  - 2.70s  --------    0  Y   Y  1.00  1.18 1.00 -  |   502.5    431.8  0.00 | -1.0  0.0 0   0   0  0  0  0
  - 2.59s  --------    0  Y   Y  1.00  1.28 1.00 -  |   502.5    431.6  0.00 | -1.0  0.0 0   0   0  0  0  0
  - 2.49s  --------    0  Y   Y  1.00  1.38 1.00 -  |   502.7    431.5  0.00 | -1.0  0.0 0   0   0  0  0  0
  - 2.39s  --------    0  Y   Y  1.00  1.48 1.00 -  |   502.9    431.5  0.00 | -1.0  0.0 0   0   0  0  0  0
  - 2.29s  --------    0  Y   Y  1.00  1.59 1.00 -  |   503.1    431.5  0.00 | -1.0  0.0 0   0   0  0  0  0
  - 2.18s  --------    0  Y   Y  1.00  1.69 1.00 -  |   503.3    431.5  0.00 | -1.0  0.0 0   0   0  0  0  0
  - 2.08s  --------    0  Y   Y  1.00  1.79 1.00 -  |   503.4    431.3  0.00 | -1.0  0.0 0   0   0  0  0  0
  - 1.98s  --------    0  Y   Y  1.00  1.90 1.00 -  |   503.6    431.2  0.00 | -1.0  0.0 0   0   0  0  0  0
  - 1.88s  --------    0  Y   Y  1.00  2.00 1.00 -  |   503.7    431.0  0.00 | -1.0  0.0 0   0   0  0  0  0
  - 1.78s  --------    0  Y   Y  1.00  2.10 1.00 -  |   503.8    430.8  0.00 | -1.0  0.0 0   0   0  0  0  0
  - 1.67s  --------    0  Y   Y  1.00  2.20 1.00 -  |   503.8    430.6  0.00 | -1.0  0.0 0   0   0  0  0  0
  - 1.57s  --------    0  Y   Y  1.00  2.30 1.00 -  |   503.9    430.4  0.00 | -1.0  0.0 0   0   0  0  0  0
  - 1.47s  --------    0  Y   Y  1.00  2.41 1.00 -  |   503.8    430.2  0.00 | -1.0  0.0 0   0   0  0  0  0
  - 1.37s  --------    0  Y   Y  1.00  2.51 1.00 -  |   503.8    430.0  0.00 | -1.0  0.0 0   0   0  0  0  0
  - 1.26s  --------    0  Y   Y  1.00  2.60 1.00 -  |   503.7    429.8  0.00 | -1.0  0.0 0   0   0  0  0  0
  - 1.16s  --------    0  Y   Y  1.00  2.71 1.00 -  |   503.6    429.6  0.00 | -1.0  0.0 0   0   0  0  0  0
  - 1.06s  --------    0  Y   Y  1.00  2.82 1.00 -  |   503.6    429.5  0.00 | -1.0  0.0 0   0   0  0  0  0
  - 0.96s  --------    0  Y   Y  1.00  2.92 1.00 -  |   503.6    429.3  0.00 | -1.0  0.0 0   0   0  0  0  0
  - 0.85s  --------    0  Y   Y  1.00  3.02 1.00 -  |   503.6    429.1  0.00 | -1.0  0.0 0   0   0  0  0  0
  - 0.75s  --------    0  Y   Y  1.00  3.13 1.00 -  |   503.7    428.8  0.00 | -1.0  0.0 0   0   0  0  0  0
  - 0.65s  --------    0  Y   Y  1.00  3.23 1.00 -  |   503.8    428.6  0.00 | -1.0  1.0 0   0   0  0  0  0
  - 0.54s  --------    0  Y   Y  1.00  3.33 1.00 -  |   503.8    428.4  0.00 |  0.0  1.0 0   0   0  0  0  0
  - 0.44s  --------    0  Y   Y  1.00  3.43 1.00 -  |   503.7    428.3  0.00 | -1.0  1.0 0   0   0  0  0  0
  - 0.34s  --------    0  Y   Y  1.00  3.53 1.00 -  |   503.6    428.1  0.00 | -1.0  1.0 0   0   0  0  1  0
  - 0.24s  --------    0  Y   Y  1.00  3.64 1.00 -  |   503.1    427.6  0.00 | -1.0  1.0 0   0   0  0  1  0
  - 0.13s  --------    0  Y   Y  1.00  3.74 1.00 -  |   502.7    427.1  0.00 | -1.0  1.0 0   0   0  0  1  0
  - 0.03s  --------    0  Y   Y  1.00  3.85 1.00 -  |   502.1    426.5  0.00 | -1.0  1.0 0   0   0  0  1  0
=========================================================== END

[ 17778   90.142 x1.00] LOG  [OniBoss] Attack → Recovery
[ 17778   90.142 x1.00] LOG  [OniBoss] Playing animation: Watch
[ 17778   90.142 x1.00] LOG  [OniBoss:Trail] trail END at clip 1.00, fading over 0.40s.
[ 17778   90.142 x1.00] LOG  [OniBoss:Touch] Club_Swing: no touch this swing — closest 1.69m at clip 0.38, fastest tip 191m/s (radius 0.70, min speed 6).
[ 17778   90.142 x1.00] LOG  [OniBoss:Strike] Club_Swing: club tip closest to Yoru at 3.15m, clip position 0.39 | damage fires at 0.42 | clip 0.84s => MATCHED (within one or two frames)
[ 17807   90.299 x1.00] LOG  [OniBoss] Recovery → Attack
[ 17807   90.299 x1.00] LOG  [OniBoss] Attack: ClubSwing2 (16 dmg)
[ 17807   90.299 x1.00] LOG  [OniBoss:Trail] ClubSwing2 trail START at clip 1.00 (transition still blending).
[ 17886   90.681 x1.00] LOG  [OniBoss:ClubPos] ClubSwing2 at strike: club tip 0.12m up, 1.76m in front, 2.48m to his right (3.04m out from his centre). Club faces 8deg from his forward, pitch -0.88. (the ground wave is born 1.6m in front of him at 0.35m.)
[ 17886   90.681 x1.00] LOG  [OniBoss:Layer] ClubSwing2: club has not connected — ground wave released 1.6m in front, 12m/s x 6.0m = armed 0.50s, carrying 8 (half of the club's 16).
[ 18043   91.465 x1.00] LOG  [OniBoss] Attack → Recovery
[ 18043   91.465 x1.00] LOG  [OniBoss] Playing animation: Watch
[ 18043   91.465 x1.00] LOG  [OniBoss:Trail] trail END at clip 0.99, fading over 0.40s.
[ 18043   91.465 x1.00] LOG  [OniBoss:Touch] ClubSwing2: no touch this swing — closest 5.24m at clip 0.30, fastest tip 110m/s (radius 0.70, min speed 6).
[ 18043   91.465 x1.00] LOG  [OniBoss:Strike] ClubSwing2: club tip closest to Yoru at 5.24m, clip position 0.30 | damage fires at 0.32 | clip 1.17s => MATCHED (within one or two frames)
[ 18075   91.619 x1.00] LOG  [OniBoss] Recovery → Attack
[ 18075   91.619 x1.00] LOG  [OniBoss] Attack: ClubSlam (20 dmg)
[ 18075   91.619 x1.00] LOG  [OniBoss:Trail] ClubSlam trail START at clip 1.00 (transition still blending).
[ 18232   92.414 x1.00] LOG  [OniBoss:ClubPos] ClubSlam at strike: club tip 0.61m up, 2.89m in front, -0.29m to his right (2.91m out from his centre). Club faces 3deg from his forward, pitch -0.24. (the ground wave is born 1.6m in front of him at 0.35m.)
[ 18232   92.414 x1.00] LOG  [OniBoss:Layer] ClubSlam: club has not connected — ground wave released 1.6m in front, 12m/s x 6.0m = armed 0.50s, carrying 10 (half of the club's 20).
[ 18259   92.543 x1.00] LOG  [OniBoss] Attack → Recovery
[ 18259   92.543 x1.00] LOG  [OniBoss] Playing animation: Watch
[ 18259   92.543 x1.00] LOG  [OniBoss:Trail] trail END at clip 0.99, fading over 0.40s.
[ 18259   92.543 x1.00] LOG  [OniBoss:Touch] ClubSlam: no touch this swing — closest 3.73m at clip 0.47, fastest tip 1016m/s (radius 0.70, min speed 6).
[ 18259   92.543 x1.00] LOG  [OniBoss:Strike] ClubSlam: club tip closest to Yoru at 3.73m, clip position 0.47 | damage fires at 0.85 | clip 0.93s => damage fires 355 ms AFTER the club is closest — it lands once the club has passed her
[ 18288   92.695 x1.00] LOG  [OniBoss] Recovery → Chase
[ 18289   92.700 x1.00] LOG  [OniBoss] Playing animation: run
[ 18517   93.851 x1.00] LOG  
==================== [FREEZE-DEBUG v3] ====================
  Reason : WASD-NOMOVE: WASD recent + speed 0.00m/s for 0.40s
  Time   : 90.462s   Frame: 18517   Snaps: 60
===========================================================

--- CURRENT STATE ---
  Flags: atk=False hvy=False dod=False dsh=False
         grd=False hit=False aerial=False lockPos=False
         comboStep=0
  Anim : speed=1.00  combatLayer hash=-792875657 normT=7.913 weight=1.00 inTransition=False
  CC   : grounded=True  enabled=True  pos=(493.23, -0.02, 426.50)  vel=(0.00, 0.00, 0.00)
  Move : IsRunning=False
  Input: H=0.00 V=1.00  LMB=False MMB=False Q=False Sp=False Sh=False C=False
         WASD pressed in last 0.5s: True (last 0.00s ago)

--- FLIGHT RECORDER (60 snapshots, oldest first, dt=0.10s) ---
  Legend: flags = A(tk) H(vy) D(od) S(sh) G(rd) R(eact) Y(aerial) L(ock)   gnd/cc: Y/n
  t-now    flags     step gnd cc anSp normT layW tr | posX     posZ     spd   | H    V    LMB MMB Q  Sp Sh C
  ------   --------  ---- --- -- ---- ----- ---- -- | -----    -----    ----  | ---- ---- --- --- -- -- -- -
  - 6.12s  --------    0  Y   Y  1.00  1.79 1.00 -  |   503.4    431.3  0.00 | -1.0  0.0 0   0   0  0  0  0
  - 6.02s  --------    0  Y   Y  1.00  1.90 1.00 -  |   503.6    431.2  0.00 | -1.0  0.0 0   0   0  0  0  0
  - 5.92s  --------    0  Y   Y  1.00  2.00 1.00 -  |   503.7    431.0  0.00 | -1.0  0.0 0   0   0  0  0  0
  - 5.82s  --------    0  Y   Y  1.00  2.10 1.00 -  |   503.8    430.8  0.00 | -1.0  0.0 0   0   0  0  0  0
  - 5.71s  --------    0  Y   Y  1.00  2.20 1.00 -  |   503.8    430.6  0.00 | -1.0  0.0 0   0   0  0  0  0
  - 5.61s  --------    0  Y   Y  1.00  2.30 1.00 -  |   503.9    430.4  0.00 | -1.0  0.0 0   0   0  0  0  0
  - 5.51s  --------    0  Y   Y  1.00  2.41 1.00 -  |   503.8    430.2  0.00 | -1.0  0.0 0   0   0  0  0  0
  - 5.41s  --------    0  Y   Y  1.00  2.51 1.00 -  |   503.8    430.0  0.00 | -1.0  0.0 0   0   0  0  0  0
  - 5.30s  --------    0  Y   Y  1.00  2.60 1.00 -  |   503.7    429.8  0.00 | -1.0  0.0 0   0   0  0  0  0
  - 5.20s  --------    0  Y   Y  1.00  2.71 1.00 -  |   503.6    429.6  0.00 | -1.0  0.0 0   0   0  0  0  0
  - 5.10s  --------    0  Y   Y  1.00  2.82 1.00 -  |   503.6    429.5  0.00 | -1.0  0.0 0   0   0  0  0  0
  - 5.00s  --------    0  Y   Y  1.00  2.92 1.00 -  |   503.6    429.3  0.00 | -1.0  0.0 0   0   0  0  0  0
  - 4.89s  --------    0  Y   Y  1.00  3.02 1.00 -  |   503.6    429.1  0.00 | -1.0  0.0 0   0   0  0  0  0
  - 4.79s  --------    0  Y   Y  1.00  3.13 1.00 -  |   503.7    428.8  0.00 | -1.0  0.0 0   0   0  0  0  0
  - 4.69s  --------    0  Y   Y  1.00  3.23 1.00 -  |   503.8    428.6  0.00 | -1.0  1.0 0   0   0  0  0  0
  - 4.58s  --------    0  Y   Y  1.00  3.33 1.00 -  |   503.8    428.4  0.00 |  0.0  1.0 0   0   0  0  0  0
  - 4.48s  --------    0  Y   Y  1.00  3.43 1.00 -  |   503.7    428.3  0.00 | -1.0  1.0 0   0   0  0  0  0
  - 4.38s  --------    0  Y   Y  1.00  3.53 1.00 -  |   503.6    428.1  0.00 | -1.0  1.0 0   0   0  0  1  0
  - 4.28s  --------    0  Y   Y  1.00  3.64 1.00 -  |   503.1    427.6  0.00 | -1.0  1.0 0   0   0  0  1  0
  - 4.17s  --------    0  Y   Y  1.00  3.74 1.00 -  |   502.7    427.1  0.00 | -1.0  1.0 0   0   0  0  1  0
  - 4.07s  --------    0  Y   Y  1.00  3.85 1.00 -  |   502.1    426.5  0.00 | -1.0  1.0 0   0   0  0  1  0
  - 3.96s  --------    0  Y   Y  1.00  3.95 1.00 -  |   501.5    426.0  0.00 | -1.0  1.0 0   0   0  0  1  0
  - 3.86s  --------    0  Y   Y  1.00  4.05 1.00 -  |   501.0    425.6  0.00 | -1.0  1.0 0   0   0  0  1  0
  - 3.76s  --------    0  Y   Y  1.00  4.16 1.00 -  |   500.4    425.2  0.00 |  0.0  1.0 0   0   0  0  1  0
  - 3.66s  --------    0  Y   Y  1.00  4.26 1.00 -  |   499.9    424.7  0.00 |  0.0  1.0 0   0   0  0  1  0
  - 3.55s  --------    0  Y   Y  1.00  4.36 1.00 -  |   499.3    424.3  0.00 |  0.0  1.0 0   0   0  0  1  0
  - 3.45s  --------    0  Y   Y  1.00  4.46 1.00 -  |   498.8    423.9  0.00 |  0.0  1.0 0   0   0  0  1  0
  - 3.35s  --------    0  Y   Y  1.00  4.56 1.00 -  |   498.1    423.4  0.00 |  0.0  1.0 0   0   0  0  1  0
  - 3.24s  --------    0  Y   Y  1.00  4.66 1.00 -  |   497.5    423.0  0.00 |  0.0  1.0 0   0   0  0  1  0
  - 3.14s  --------    0  Y   Y  1.00  4.77 1.00 -  |   497.0    422.5  0.00 |  0.0  1.0 0   0   0  0  1  0
  - 3.04s  --------    0  Y   Y  1.00  4.88 1.00 -  |   496.4    422.1  0.00 |  0.0  1.0 0   0   0  0  1  0
  - 2.93s  --------    0  Y   Y  1.00  4.98 1.00 -  |   495.7    421.7  0.00 |  0.0  1.0 0   0   0  0  1  0
  - 2.83s  --------    0  Y   Y  1.00  5.09 1.00 -  |   495.3    421.9  0.00 |  1.0  1.0 0   0   0  0  0  0
  - 2.73s  --------    0  Y   Y  1.00  5.19 1.00 -  |   495.2    422.1  0.00 |  1.0  1.0 0   0   0  0  0  0
  - 2.63s  --------    0  Y   Y  1.00  5.28 1.00 -  |   495.2    422.3  0.00 |  1.0  1.0 0   0   0  0  0  0
  - 2.52s  --------    0  Y   Y  1.00  5.39 1.00 -  |   495.2    422.5  0.00 |  1.0  1.0 0   0   0  0  0  0
  - 2.42s  --------    0  Y   Y  1.00  5.49 1.00 -  |   495.2    422.7  0.00 |  1.0  1.0 0   0   0  0  0  0
  - 2.31s  --------    0  Y   Y  1.00  5.60 1.00 -  |   495.2    422.9  0.00 |  1.0  1.0 0   0   0  0  0  0
  - 2.21s  --------    0  Y   Y  1.00  5.70 1.00 -  |   495.2    423.1  0.00 |  1.0  1.0 0   0   0  0  0  0
  - 2.11s  --------    0  Y   Y  1.00  5.80 1.00 -  |   495.2    423.3  0.00 |  1.0  1.0 0   0   0  0  0  0
  - 2.01s  --------    0  Y   Y  1.00  5.90 1.00 -  |   495.3    423.5  0.00 |  0.0  1.0 0   0   0  0  0  0
  - 1.91s  --------    0  Y   Y  1.00  6.00 1.00 -  |   495.2    423.7  0.00 |  0.0  1.0 0   0   0  0  0  0
  - 1.81s  --------    0  Y   Y  1.00  6.11 1.00 -  |   495.2    423.9  0.00 |  0.0  1.0 0   0   0  0  0  0
  - 1.71s  --------    0  Y   Y  1.00  6.21 1.00 -  |   495.0    424.1  0.00 |  0.0  1.0 0   0   0  0  0  0
  - 1.60s  --------    0  Y   Y  1.00  6.31 1.00 -  |   494.9    424.2  0.00 |  0.0  1.0 0   0   0  0  0  0
  - 1.50s  --------    0  Y   Y  1.00  6.41 1.00 -  |   494.8    424.4  0.00 |  0.0  1.0 0   0   0  0  0  0
  - 1.40s  --------    0  Y   Y  1.00  6.52 1.00 -  |   494.7    424.5  0.00 |  0.0  1.0 0   0   0  0  0  0
  - 1.30s  --------    0  Y   Y  1.00  6.62 1.00 -  |   494.5    424.7  0.00 |  0.0  1.0 0   0   0  0  0  0
  - 1.20s  --------    0  Y   Y  1.00  6.72 1.00 -  |   494.4    424.8  0.00 |  0.0  1.0 0   0   0  0  0  0
  - 1.09s  --------    0  Y   Y  1.00  6.82 1.00 -  |   494.4    425.0  0.00 |  0.0  1.0 0   0   0  0  0  0
  - 0.99s  --------    0  Y   Y  1.00  6.92 1.00 -  |   494.3    425.2  0.00 |  0.0  1.0 0   0   0  0  0  0
  - 0.89s  --------    0  Y   Y  1.00  7.02 1.00 -  |   494.3    425.4  0.00 |  0.0  1.0 0   0   0  0  0  0
  - 0.79s  --------    0  Y   Y  1.00  7.12 1.00 -  |   494.3    425.7  0.00 |  0.0  1.0 0   0   0  0  0  0
  - 0.69s  --------    0  Y   Y  1.00  7.22 1.00 -  |   494.2    425.9  0.00 |  0.0  1.0 0   0   0  0  0  0
  - 0.58s  --------    0  Y   Y  1.00  7.33 1.00 -  |   494.2    426.1  0.00 |  0.0  1.0 0   0   0  0  0  0
  - 0.48s  --------    0  Y   Y  1.00  7.43 1.00 -  |   494.1    426.2  0.00 |  0.0  1.0 0   0   0  0  0  0
  - 0.38s  --------    0  Y   Y  1.00  7.54 1.00 -  |   494.0    426.4  0.00 |  0.0  1.0 0   0   0  0  0  0
  - 0.27s  --------    0  Y   Y  1.00  7.64 1.00 -  |   493.8    426.4  0.00 |  0.0  1.0 0   0   0  0  0  0
  - 0.17s  --------    0  Y   Y  1.00  7.75 1.00 -  |   493.5    426.4  0.00 |  0.0  1.0 0   0   0  0  0  0
  - 0.06s  --------    0  Y   Y  1.00  7.85 1.00 -  |   493.3    426.5  0.00 |  0.0  1.0 0   0   0  0  0  0
=========================================================== END

[ 18554   94.045 x1.00] LOG  [StormWeather] ⚡ strike at (479.47, 45.00, 447.66)
[ 18570   94.133 x1.00] LOG  [OniBoss] hold-ground: BACKSTEP 1.5m (player 3.5m)
[ 18750   95.076 x1.00] LOG  [OniBoss] hold-ground: backstep done (1.51m), WATCH (player 4.3m, cooldown 0.6s)
[ 18750   95.076 x1.00] LOG  [OniBoss] Playing animation: Watch
[ 18830   95.463 x1.00] LOG  [OniBoss] Playing animation: run
[ 18873   95.701 x1.00] LOG  [OniBoss] Pull-band decision: RUN-IN (dist 5.0m, pullRange 0m, chance 0.50)
[ 18996   96.372 x1.00] LOG  [OniBoss] Playing animation: Watch
[ 18996   96.372 x1.00] LOG  [OniBoss] Chase → Attack
[ 18996   96.372 x1.00] LOG  [OniBoss] Attack: ClubSwing2 (16 dmg)
[ 18996   96.372 x1.00] LOG  [OniBoss:Trail] ClubSwing2 trail START at clip 0.97 (transition done).
[ 19025   96.521 x1.00] LOG  [OniBoss:Layer] step-in: 'ClubSwing2' closed 0.74m, Yoru now 3.0m away (range 3.5)
[ 19027   96.532 x1.00] LOG  [OniBoss:Layer] step-in: 'ClubSwing2' closed 0.78m, Yoru now 3.0m away (range 3.5)
[ 19028   96.542 x1.00] LOG  [OniBoss:Layer] step-in: 'ClubSwing2' closed 0.82m, Yoru now 3.0m away (range 3.5)
[ 19033   96.566 x1.00] LOG  [OniBoss:Layer] step-in: 'ClubSwing2' closed 0.85m, Yoru now 3.0m away (range 3.5)
[ 19035   96.584 x1.00] LOG  [OniBoss:Layer] step-in: 'ClubSwing2' closed 0.89m, Yoru now 3.0m away (range 3.5)
[ 19039   96.606 x1.00] LOG  [OniBoss:Layer] step-in: 'ClubSwing2' closed 0.93m, Yoru now 3.0m away (range 3.5)
[ 19043   96.632 x1.00] LOG  [OniBoss:Layer] step-in: 'ClubSwing2' closed 0.96m, Yoru now 3.0m away (range 3.5)
[ 19046   96.651 x1.00] LOG  [OniBoss:Layer] step-in: 'ClubSwing2' closed 1.00m, Yoru now 3.0m away (range 3.5)
[ 19050   96.666 x1.00] LOG  [OniBoss:Layer] step-in: 'ClubSwing2' closed 1.04m, Yoru now 3.0m away (range 3.5)
[ 19055   96.685 x1.00] LOG  [OniBoss:Layer] step-in: 'ClubSwing2' closed 1.07m, Yoru now 3.0m away (range 3.5)
[ 19060   96.710 x1.00] LOG  [OniBoss:Layer] step-in: 'ClubSwing2' closed 1.11m, Yoru now 3.0m away (range 3.5)
[ 19060   96.710 x1.00] LOG  [CameraGameFeel] Shake: intensity=0.20 duration=0.250s
[ 19060   96.710 x1.00] LOG  [Combat] Hit react: HitReact_Light_2Leg (0.5s)
[ 19060   96.710 x1.00] LOG  [HitReactTrace] asked for 'HitReact_Light_2Leg' (0.50s) — blend resolved after 0 ms, now playing a clip 1.00s long at speed 1.00, layer weight 1.00, animator.speed 1.00.
[ 19060   96.710 x1.00] LOG  [CameraGameFeel] Shake: intensity=0.09 duration=0.150s
[ 19060   96.710 x1.00] LOG  [CameraGameFeel] FOV punch: player damage (-2.0°)
[ 19060   96.710 x1.00] LOG  [OniBoss] Hit player for 16 (ClubSwing2)
[ 19060   96.710 x1.00] LOG  [OniBoss:Touch] ClubSwing2: club TOUCHED Yoru at clip 0.29 — shaft 0.53m from her body, tip speed 101m/s. Full club hit delivered this frame.
[ 19066   96.753 x1.00] LOG  [OniBoss:ClubPos] ClubSwing2 at strike: club tip 0.11m up, 1.77m in front, 2.47m to his right (3.04m out from his centre). Club faces 7deg from his forward, pitch -0.88. (the ground wave is born 1.6m in front of him at 0.35m.)
[ 19066   96.753 x1.00] LOG  [OniBoss:Layer] ClubSwing2: club connected — no wave this swing.
[ 19208   97.536 x1.00] LOG  [OniBoss] Attack → Recovery
[ 19208   97.536 x1.00] LOG  [OniBoss] Playing animation: Watch
[ 19208   97.536 x1.00] LOG  [OniBoss:Trail] trail END at clip 0.99, fading over 0.40s.
[ 19208   97.536 x1.00] LOG  [OniBoss:Strike] ClubSwing2: club tip closest to Yoru at 0.48m, clip position 0.30 | damage fires at 0.32 | clip 1.17s => MATCHED (within one or two frames)
[ 19236   97.687 x1.00] LOG  [OniBoss] Recovery → Chase
[ 19237   97.691 x1.00] LOG  [OniBoss] hold-ground: BACKSTEP 1.5m (player 3.9m)
[ 19257   97.811 x1.00] LOG  [OniBoss] hold-ground: backstep done (0.18m), WATCH (player 4.3m, cooldown 2.9s)
[ 19257   97.811 x1.00] LOG  [OniBoss] Playing animation: Watch
[ 19271   97.885 x1.00] LOG  
==================== [FREEZE-DEBUG v3] ====================
  Reason : WASD-NOMOVE: WASD recent + speed 0.00m/s for 0.40s
  Time   : 94.496s   Frame: 19271   Snaps: 60
===========================================================

--- CURRENT STATE ---
  Flags: atk=False hvy=False dod=False dsh=False
         grd=False hit=False aerial=False lockPos=False
         comboStep=0
  Anim : speed=1.00  combatLayer hash=-792875657 normT=0.669 weight=1.00 inTransition=False
  CC   : grounded=True  enabled=True  pos=(489.09, -0.02, 429.91)  vel=(0.00, 0.00, 0.00)
  Move : IsRunning=False
  Input: H=-1.00 V=0.00  LMB=False MMB=False Q=False Sp=False Sh=False C=False
         WASD pressed in last 0.5s: True (last 0.00s ago)

--- FLIGHT RECORDER (60 snapshots, oldest first, dt=0.10s) ---
  Legend: flags = A(tk) H(vy) D(od) S(sh) G(rd) R(eact) Y(aerial) L(ock)   gnd/cc: Y/n
  t-now    flags     step gnd cc anSp normT layW tr | posX     posZ     spd   | H    V    LMB MMB Q  Sp Sh C
  ------   --------  ---- --- -- ---- ----- ---- -- | -----    -----    ----  | ---- ---- --- --- -- -- -- -
  - 6.15s  --------    0  Y   Y  1.00  5.80 1.00 -  |   495.2    423.3  0.00 |  1.0  1.0 0   0   0  0  0  0
  - 6.04s  --------    0  Y   Y  1.00  5.90 1.00 -  |   495.3    423.5  0.00 |  0.0  1.0 0   0   0  0  0  0
  - 5.94s  --------    0  Y   Y  1.00  6.00 1.00 -  |   495.2    423.7  0.00 |  0.0  1.0 0   0   0  0  0  0
  - 5.84s  --------    0  Y   Y  1.00  6.11 1.00 -  |   495.2    423.9  0.00 |  0.0  1.0 0   0   0  0  0  0
  - 5.74s  --------    0  Y   Y  1.00  6.21 1.00 -  |   495.0    424.1  0.00 |  0.0  1.0 0   0   0  0  0  0
  - 5.64s  --------    0  Y   Y  1.00  6.31 1.00 -  |   494.9    424.2  0.00 |  0.0  1.0 0   0   0  0  0  0
  - 5.53s  --------    0  Y   Y  1.00  6.41 1.00 -  |   494.8    424.4  0.00 |  0.0  1.0 0   0   0  0  0  0
  - 5.43s  --------    0  Y   Y  1.00  6.52 1.00 -  |   494.7    424.5  0.00 |  0.0  1.0 0   0   0  0  0  0
  - 5.33s  --------    0  Y   Y  1.00  6.62 1.00 -  |   494.5    424.7  0.00 |  0.0  1.0 0   0   0  0  0  0
  - 5.23s  --------    0  Y   Y  1.00  6.72 1.00 -  |   494.4    424.8  0.00 |  0.0  1.0 0   0   0  0  0  0
  - 5.13s  --------    0  Y   Y  1.00  6.82 1.00 -  |   494.4    425.0  0.00 |  0.0  1.0 0   0   0  0  0  0
  - 5.03s  --------    0  Y   Y  1.00  6.92 1.00 -  |   494.3    425.2  0.00 |  0.0  1.0 0   0   0  0  0  0
  - 4.93s  --------    0  Y   Y  1.00  7.02 1.00 -  |   494.3    425.4  0.00 |  0.0  1.0 0   0   0  0  0  0
  - 4.82s  --------    0  Y   Y  1.00  7.12 1.00 -  |   494.3    425.7  0.00 |  0.0  1.0 0   0   0  0  0  0
  - 4.72s  --------    0  Y   Y  1.00  7.22 1.00 -  |   494.2    425.9  0.00 |  0.0  1.0 0   0   0  0  0  0
  - 4.62s  --------    0  Y   Y  1.00  7.33 1.00 -  |   494.2    426.1  0.00 |  0.0  1.0 0   0   0  0  0  0
  - 4.51s  --------    0  Y   Y  1.00  7.43 1.00 -  |   494.1    426.2  0.00 |  0.0  1.0 0   0   0  0  0  0
  - 4.41s  --------    0  Y   Y  1.00  7.54 1.00 -  |   494.0    426.4  0.00 |  0.0  1.0 0   0   0  0  0  0
  - 4.30s  --------    0  Y   Y  1.00  7.64 1.00 -  |   493.8    426.4  0.00 |  0.0  1.0 0   0   0  0  0  0
  - 4.20s  --------    0  Y   Y  1.00  7.75 1.00 -  |   493.5    426.4  0.00 |  0.0  1.0 0   0   0  0  0  0
  - 4.10s  --------    0  Y   Y  1.00  7.85 1.00 -  |   493.3    426.5  0.00 |  0.0  1.0 0   0   0  0  0  0
  - 3.99s  --------    0  Y   Y  1.00  7.95 1.00 -  |   493.2    426.5  0.00 |  0.0  1.0 0   0   0  0  0  0
  - 3.89s  --------    0  Y   Y  1.00  8.06 1.00 -  |   493.0    426.7  0.00 |  0.0  1.0 0   0   0  0  0  0
  - 3.79s  --------    0  Y   Y  1.00  8.16 1.00 -  |   492.9    426.8  0.00 |  0.0  1.0 0   0   0  0  0  0
  - 3.69s  --------    0  Y   Y  1.00  8.26 1.00 -  |   492.9    427.0  0.00 |  0.0  1.0 0   0   0  0  0  0
  - 3.59s  --------    0  Y   Y  1.00  8.36 1.00 -  |   492.9    427.2  0.00 |  0.0  1.0 0   0   0  0  0  0
  - 3.48s  --------    0  Y   Y  1.00  8.46 1.00 -  |   492.9    427.5  0.00 |  0.0  1.0 0   0   0  0  0  0
  - 3.38s  --------    0  Y   Y  1.00  8.57 1.00 -  |   492.8    427.7  0.00 |  0.0  1.0 0   0   0  0  0  0
  - 3.28s  --------    0  Y   Y  1.00  8.67 1.00 -  |   492.8    427.9  0.00 |  0.0  1.0 0   0   0  0  0  0
  - 3.18s  --------    0  Y   Y  1.00  8.77 1.00 -  |   492.8    428.1  0.00 |  0.0  1.0 0   0   0  0  0  0
  - 3.08s  --------    0  Y   Y  1.00  8.87 1.00 -  |   492.8    428.3  0.00 |  0.0  1.0 0   0   0  0  0  0
  - 2.97s  --------    0  Y   Y  1.00  8.98 1.00 -  |   492.9    428.5  0.00 |  0.0  1.0 0   0   0  0  0  0
  - 2.86s  --------    0  Y   Y  1.00  9.08 1.00 -  |   492.9    428.7  0.00 |  0.0  1.0 0   0   0  0  0  0
  - 2.76s  --------    0  Y   Y  1.00  9.19 1.00 -  |   492.9    428.9  0.00 |  0.0  1.0 0   0   0  0  0  0
  - 2.65s  --------    0  Y   Y  1.00  9.29 1.00 -  |   492.9    429.1  0.00 |  0.0  1.0 0   0   0  0  0  0
  - 2.55s  --------    0  Y   Y  1.00  9.40 1.00 -  |   492.9    429.3  0.00 |  0.0  1.0 0   0   0  0  0  0
  - 2.45s  --------    0  Y   Y  1.00  9.50 1.00 -  |   492.9    429.5  0.00 | -1.0  0.0 0   0   0  0  0  0
  - 2.35s  --------    0  Y   Y  1.00  9.60 1.00 -  |   492.8    429.7  0.00 | -1.0  0.0 0   0   0  0  0  0
  - 2.24s  --------    0  Y   Y  1.00  9.70 1.00 -  |   492.6    429.8  0.00 | -1.0  0.0 0   0   0  0  0  0
  - 2.14s  --------    0  Y   Y  1.00  9.81 1.00 -  |   492.4    429.8  0.00 | -1.0  0.0 0   0   0  0  0  0
  - 2.04s  --------    0  Y   Y  1.00  9.91 1.00 -  |   492.2    429.8  0.00 | -1.0  0.0 0   0   0  0  0  0
  - 1.93s  --------    0  Y   Y  1.00 10.01 1.00 -  |   492.0    429.8  0.00 | -1.0  0.0 0   0   0  0  0  0
  - 1.83s  --------    0  Y   Y  1.00 10.12 1.00 -  |   491.8    429.8  0.00 | -1.0  0.0 0   0   0  0  0  0
  - 1.73s  --------    0  Y   Y  1.00 10.22 1.00 -  |   491.6    429.8  0.00 | -1.0  0.0 0   0   0  0  0  0
  - 1.62s  --------    0  Y   Y  1.00 10.32 1.00 -  |   491.3    429.9  0.00 | -1.0  0.0 0   0   0  0  0  0
  - 1.51s  --------    0  Y   Y  1.00 10.43 1.00 -  |   491.1    429.9  0.00 | -1.0  0.0 0   0   0  0  0  0
  - 1.41s  --------    0  Y   Y  1.00 10.53 1.00 -  |   490.9    429.9  0.00 | -1.0  0.0 0   0   0  0  0  0
  - 1.30s  --------    0  Y   Y  1.00 10.64 1.00 -  |   490.7    429.9  0.00 | -1.0  0.0 0   0   0  0  0  0
  - 1.20s  --------    0  Y   Y  1.00 10.75 1.00 -  |   490.5    429.9  0.00 | -1.0  0.0 0   0   0  0  0  0
  - 1.10s  -----R--    0  Y   Y  1.00  0.05 1.00 -  |   490.5    429.9  0.00 | -1.0  0.0 0   0   0  0  0  0
  - 1.00s  -----R--    0  Y   Y  1.00  0.14 1.00 -  |   490.5    429.9  0.00 | -1.0  0.0 0   0   0  0  0  0
  - 0.89s  -----R--    0  Y   Y  1.00  0.22 1.00 -  |   490.5    429.9  0.00 | -1.0  0.0 0   0   0  0  0  0
  - 0.79s  -----R--    0  Y   Y  1.00  0.31 1.00 -  |   490.5    429.9  0.00 | -1.0  0.0 0   0   0  0  0  0
  - 0.69s  -----R--    0  Y   Y  1.00  0.39 1.00 -  |   490.5    429.9  0.00 | -1.0  0.0 0   0   0  0  0  0
  - 0.59s  --------    0  Y   Y  1.00  0.48 1.00 T  |   490.3    429.9  0.00 | -1.0  0.0 0   0   0  0  0  0
  - 0.49s  --------    0  Y   Y  1.00  0.18 1.00 -  |   490.1    429.9  0.00 | -1.0  0.0 0   0   0  0  0  0
  - 0.38s  --------    0  Y   Y  1.00  0.27 1.00 -  |   489.9    429.9  0.00 | -1.0  0.0 0   0   0  0  0  0
  - 0.28s  --------    0  Y   Y  1.00  0.38 1.00 -  |   489.7    429.9  0.00 | -1.0  0.0 0   0   0  0  0  0
  - 0.18s  --------    0  Y   Y  1.00  0.49 1.00 -  |   489.5    429.9  0.00 | -1.0  0.0 0   0   0  0  0  0
  - 0.07s  --------    0  Y   Y  1.00  0.59 1.00 -  |   489.3    429.9  0.00 | -1.0  0.0 0   0   0  0  0  0
=========================================================== END

[ 19294   98.022 x1.00] LOG  [OniBoss] Playing animation: run
[ 19473   99.012 x1.00] LOG  [OniBoss] Playing animation: Watch
[ 19589   99.646 x1.00] LOG  [OniBoss] Playing animation: run
[ 19773  100.656 x1.00] LOG  [OniBoss] Playing animation: Watch
[ 19778  100.691 x1.00] LOG  [OniBoss] hold-ground: cooldown over, player 3.6m > 3.5m — APPROACH
[ 19778  100.691 x1.00] LOG  [OniBoss] Playing animation: Walk
[ 20003  101.912 x1.00] LOG  
==================== [FREEZE-DEBUG v3] ====================
  Reason : WASD-NOMOVE: WASD recent + speed 0.00m/s for 0.40s
  Time   : 98.523s   Frame: 20003   Snaps: 60
===========================================================

--- CURRENT STATE ---
  Flags: atk=False hvy=False dod=False dsh=False
         grd=False hit=False aerial=False lockPos=False
         comboStep=0
  Anim : speed=1.00  combatLayer hash=-792875657 normT=4.693 weight=1.00 inTransition=False
  CC   : grounded=True  enabled=True  pos=(481.08, 0.19, 430.28)  vel=(0.00, 0.00, 0.00)
  Move : IsRunning=False
  Input: H=-1.00 V=0.00  LMB=False MMB=False Q=False Sp=False Sh=False C=False
         WASD pressed in last 0.5s: True (last 0.00s ago)

--- FLIGHT RECORDER (60 snapshots, oldest first, dt=0.10s) ---
  Legend: flags = A(tk) H(vy) D(od) S(sh) G(rd) R(eact) Y(aerial) L(ock)   gnd/cc: Y/n
  t-now    flags     step gnd cc anSp normT layW tr | posX     posZ     spd   | H    V    LMB MMB Q  Sp Sh C
  ------   --------  ---- --- -- ---- ----- ---- -- | -----    -----    ----  | ---- ---- --- --- -- -- -- -
  - 6.17s  --------    0  Y   Y  1.00  9.81 1.00 -  |   492.4    429.8  0.00 | -1.0  0.0 0   0   0  0  0  0
  - 6.06s  --------    0  Y   Y  1.00  9.91 1.00 -  |   492.2    429.8  0.00 | -1.0  0.0 0   0   0  0  0  0
  - 5.96s  --------    0  Y   Y  1.00 10.01 1.00 -  |   492.0    429.8  0.00 | -1.0  0.0 0   0   0  0  0  0
  - 5.86s  --------    0  Y   Y  1.00 10.12 1.00 -  |   491.8    429.8  0.00 | -1.0  0.0 0   0   0  0  0  0
  - 5.76s  --------    0  Y   Y  1.00 10.22 1.00 -  |   491.6    429.8  0.00 | -1.0  0.0 0   0   0  0  0  0
  - 5.65s  --------    0  Y   Y  1.00 10.32 1.00 -  |   491.3    429.9  0.00 | -1.0  0.0 0   0   0  0  0  0
  - 5.54s  --------    0  Y   Y  1.00 10.43 1.00 -  |   491.1    429.9  0.00 | -1.0  0.0 0   0   0  0  0  0
  - 5.44s  --------    0  Y   Y  1.00 10.53 1.00 -  |   490.9    429.9  0.00 | -1.0  0.0 0   0   0  0  0  0
  - 5.33s  --------    0  Y   Y  1.00 10.64 1.00 -  |   490.7    429.9  0.00 | -1.0  0.0 0   0   0  0  0  0
  - 5.23s  --------    0  Y   Y  1.00 10.75 1.00 -  |   490.5    429.9  0.00 | -1.0  0.0 0   0   0  0  0  0
  - 5.13s  -----R--    0  Y   Y  1.00  0.05 1.00 -  |   490.5    429.9  0.00 | -1.0  0.0 0   0   0  0  0  0
  - 5.02s  -----R--    0  Y   Y  1.00  0.14 1.00 -  |   490.5    429.9  0.00 | -1.0  0.0 0   0   0  0  0  0
  - 4.92s  -----R--    0  Y   Y  1.00  0.22 1.00 -  |   490.5    429.9  0.00 | -1.0  0.0 0   0   0  0  0  0
  - 4.82s  -----R--    0  Y   Y  1.00  0.31 1.00 -  |   490.5    429.9  0.00 | -1.0  0.0 0   0   0  0  0  0
  - 4.71s  -----R--    0  Y   Y  1.00  0.39 1.00 -  |   490.5    429.9  0.00 | -1.0  0.0 0   0   0  0  0  0
  - 4.61s  --------    0  Y   Y  1.00  0.48 1.00 T  |   490.3    429.9  0.00 | -1.0  0.0 0   0   0  0  0  0
  - 4.51s  --------    0  Y   Y  1.00  0.18 1.00 -  |   490.1    429.9  0.00 | -1.0  0.0 0   0   0  0  0  0
  - 4.41s  --------    0  Y   Y  1.00  0.27 1.00 -  |   489.9    429.9  0.00 | -1.0  0.0 0   0   0  0  0  0
  - 4.31s  --------    0  Y   Y  1.00  0.38 1.00 -  |   489.7    429.9  0.00 | -1.0  0.0 0   0   0  0  0  0
  - 4.21s  --------    0  Y   Y  1.00  0.49 1.00 -  |   489.5    429.9  0.00 | -1.0  0.0 0   0   0  0  0  0
  - 4.10s  --------    0  Y   Y  1.00  0.59 1.00 -  |   489.3    429.9  0.00 | -1.0  0.0 0   0   0  0  0  0
  - 4.00s  --------    0  Y   Y  1.00  0.69 1.00 -  |   489.1    429.9  0.00 | -1.0  0.0 0   0   0  0  0  0
  - 3.90s  --------    0  Y   Y  1.00  0.79 1.00 -  |   488.9    429.9  0.00 | -1.0  0.0 0   0   0  0  0  0
  - 3.80s  --------    0  Y   Y  1.00  0.89 1.00 -  |   488.7    429.9  0.00 | -1.0  0.0 0   0   0  0  0  0
  - 3.69s  --------    0  Y   Y  1.00  1.00 1.00 -  |   488.4    429.9  0.00 | -1.0  0.0 0   0   0  0  0  0
  - 3.59s  --------    0  Y   Y  1.00  1.11 1.00 -  |   488.2    429.9  0.00 | -1.0  0.0 0   0   0  0  0  0
  - 3.48s  --------    0  Y   Y  1.00  1.21 1.00 -  |   488.0    429.9  0.00 | -1.0  0.0 0   0   0  0  0  0
  - 3.38s  --------    0  Y   Y  1.00  1.31 1.00 -  |   487.8    429.9  0.00 | -1.0  0.0 0   0   0  0  0  0
  - 3.28s  --------    0  Y   Y  1.00  1.41 1.00 -  |   487.6    429.9  0.00 | -1.0  0.0 0   0   0  0  0  0
  - 3.18s  --------    0  Y   Y  1.00  1.52 1.00 -  |   487.4    429.9  0.00 | -1.0  0.0 0   0   0  0  0  0
  - 3.07s  --------    0  Y   Y  1.00  1.62 1.00 -  |   487.2    430.0  0.00 | -1.0  0.0 0   0   0  0  0  0
  - 2.97s  --------    0  Y   Y  1.00  1.73 1.00 -  |   487.0    430.0  0.00 | -1.0  0.0 0   0   0  0  0  0
  - 2.86s  --------    0  Y   Y  1.00  1.83 1.00 -  |   486.8    430.0  0.00 | -1.0  0.0 0   0   0  0  0  0
  - 2.76s  --------    0  Y   Y  1.00  1.94 1.00 -  |   486.6    430.0  0.00 | -1.0  0.0 0   0   0  0  0  0
  - 2.66s  --------    0  Y   Y  1.00  2.04 1.00 -  |   486.4    430.0  0.00 | -1.0  0.0 0   0   0  0  0  0
  - 2.55s  --------    0  Y   Y  1.00  2.14 1.00 -  |   486.2    430.0  0.00 | -1.0  0.0 0   0   0  0  0  0
  - 2.45s  --------    0  Y   Y  1.00  2.24 1.00 -  |   485.9    430.0  0.00 | -1.0  0.0 0   0   0  0  0  0
  - 2.35s  --------    0  Y   Y  1.00  2.35 1.00 -  |   485.7    430.0  0.00 | -1.0  0.0 0   0   0  0  0  0
  - 2.24s  --------    0  Y   Y  1.00  2.45 1.00 -  |   485.5    430.0  0.00 | -1.0  0.0 0   0   0  0  0  0
  - 2.13s  --------    0  Y   Y  1.00  2.56 1.00 -  |   485.3    430.0  0.00 | -1.0  0.0 0   0   0  0  0  0
  - 2.03s  --------    0  Y   Y  1.00  2.66 1.00 -  |   485.1    430.0  0.00 | -1.0  0.0 0   0   0  0  0  0
  - 1.92s  --------    0  Y   Y  1.00  2.76 1.00 -  |   484.9    430.0  0.00 | -1.0  0.0 0   0   0  0  0  0
  - 1.82s  --------    0  Y   Y  1.00  2.87 1.00 -  |   484.7    430.0  0.00 | -1.0  0.0 0   0   0  0  0  0
  - 1.72s  --------    0  Y   Y  1.00  2.97 1.00 -  |   484.5    430.0  0.00 | -1.0  0.0 0   0   0  0  0  0
  - 1.62s  --------    0  Y   Y  1.00  3.07 1.00 -  |   484.3    430.0  0.00 | -1.0  0.0 0   0   0  0  0  0
  - 1.52s  --------    0  Y   Y  1.00  3.17 1.00 -  |   484.1    430.0  0.00 | -1.0  0.0 0   0   0  0  0  0
  - 1.42s  --------    0  Y   Y  1.00  3.28 1.00 -  |   483.9    430.0  0.00 | -1.0  0.0 0   0   0  0  0  0
  - 1.32s  --------    0  Y   Y  1.00  3.38 1.00 -  |   483.7    430.0  0.00 | -1.0  0.0 0   0   0  0  0  0
  - 1.21s  --------    0  Y   Y  1.00  3.48 1.00 -  |   483.5    430.0  0.00 | -1.0  0.0 0   0   0  0  0  0
  - 1.10s  --------    0  Y   Y  1.00  3.59 1.00 -  |   483.3    430.0  0.00 | -1.0  0.0 0   0   0  0  0  0
  - 1.00s  --------    0  Y   Y  1.00  3.69 1.00 -  |   483.1    430.1  0.00 | -1.0  0.0 0   0   0  0  0  0
  - 0.90s  --------    0  Y   Y  1.00  3.79 1.00 -  |   482.9    430.1  0.00 | -1.0  0.0 0   0   0  0  0  0
  - 0.80s  --------    0  Y   Y  1.00  3.90 1.00 -  |   482.7    430.1  0.00 | -1.0  0.0 0   0   0  0  0  0
  - 0.69s  --------    0  Y   Y  1.00  4.00 1.00 -  |   482.4    430.1  0.00 | -1.0  0.0 0   0   0  0  0  0
  - 0.59s  --------    0  Y   Y  1.00  4.11 1.00 -  |   482.2    430.1  0.00 | -1.0  0.0 0   0   0  0  0  0
  - 0.49s  --------    0  Y   Y  1.00  4.21 1.00 -  |   482.0    430.1  0.00 | -1.0  0.0 0   0   0  0  0  0
  - 0.38s  --------    0  Y   Y  1.00  4.31 1.00 -  |   481.8    430.1  0.00 | -1.0  0.0 0   0   0  0  0  0
  - 0.27s  --------    0  Y   Y  1.00  4.42 1.00 -  |   481.6    430.1  0.00 | -1.0  0.0 0   0   0  0  0  0
  - 0.17s  --------    0  Y   Y  1.00  4.52 1.00 -  |   481.4    430.2  0.00 | -1.0  0.0 0   0   0  0  0  0
  - 0.07s  --------    0  Y   Y  1.00  4.63 1.00 -  |   481.2    430.2  0.00 | -1.0  0.0 0   0   0  0  0  0
=========================================================== END

[ 20360  103.857 x1.00] LOG  [OniBoss] Chase → Attack
[ 20360  103.857 x1.00] LOG  [OniBoss] Attack: Club_Swing (16 dmg)
[ 20360  103.857 x1.00] LOG  [OniBoss:Trail] Club_Swing trail START at clip 1.00 (transition done).
[ 20367  103.893 x1.00] LOG  [OniBoss:Layer] step-in: 'Club_Swing' closed 0.16m, Yoru now 3.0m away (range 3.5)
[ 20370  103.907 x1.00] LOG  [OniBoss:Layer] step-in: 'Club_Swing' closed 0.20m, Yoru now 3.0m away (range 3.5)
[ 20373  103.929 x1.00] LOG  [OniBoss:Layer] step-in: 'Club_Swing' closed 0.24m, Yoru now 3.0m away (range 3.5)
[ 20376  103.946 x1.00] LOG  [OniBoss:Layer] step-in: 'Club_Swing' closed 0.28m, Yoru now 3.0m away (range 3.5)
[ 20380  103.967 x1.00] LOG  [OniBoss:Layer] step-in: 'Club_Swing' closed 0.32m, Yoru now 3.0m away (range 3.5)
[ 20381  103.981 x1.00] LOG  [OniBoss:Layer] step-in: 'Club_Swing' closed 0.36m, Yoru now 3.0m away (range 3.5)
[ 20386  104.007 x1.00] LOG  [OniBoss:Layer] step-in: 'Club_Swing' closed 0.40m, Yoru now 3.0m away (range 3.5)
[ 20390  104.027 x1.00] LOG  [OniBoss:Layer] step-in: 'Club_Swing' closed 0.44m, Yoru now 3.0m away (range 3.5)
[ 20394  104.046 x1.00] LOG  [OniBoss:Layer] step-in: 'Club_Swing' closed 0.47m, Yoru now 3.0m away (range 3.5)
[ 20398  104.071 x1.00] LOG  [OniBoss:Layer] step-in: 'Club_Swing' closed 0.51m, Yoru now 3.0m away (range 3.5)
[ 20399  104.082 x1.00] LOG  [OniBoss:Layer] step-in: 'Club_Swing' closed 0.55m, Yoru now 3.0m away (range 3.5)
[ 20402  104.104 x1.00] LOG  [OniBoss:Layer] step-in: 'Club_Swing' closed 0.59m, Yoru now 3.0m away (range 3.5)
[ 20423  104.225 x1.00] LOG  [OniBoss:ClubPos] Club_Swing at strike: club tip 3.02m up, 2.37m in front, -3.02m to his right (3.84m out from his centre). Club faces -85deg from his forward, pitch 0.41. (the ground wave is born 1.6m in front of him at 0.35m.)
[ 20423  104.225 x1.00] LOG  [OniBoss:Layer] Club_Swing: club has not connected — ground wave released 1.6m in front, 12m/s x 6.0m = armed 0.50s, carrying 8 (half of the club's 16).
[ 20431  104.274 x1.00] LOG  [Combat] Hit react: HitReact_Light_2Leg (0.5s)
[ 20431  104.274 x1.00] LOG  [HitReactTrace] asked for 'HitReact_Light_2Leg' (0.50s) — blend resolved after 0 ms, now playing a clip 1.00s long at speed 1.00, layer weight 1.00, animator.speed 1.00.
[ 20431  104.274 x1.00] LOG  [CameraGameFeel] Shake: intensity=0.09 duration=0.150s
[ 20431  104.274 x1.00] LOG  [CameraGameFeel] FOV punch: player damage (-2.0°)
[ 20431  104.274 x1.00] LOG  [OniBoss:Wave] wave TOUCHED Yoru (grounded) for 8 after 0.6m / 0.05s of travel.
[ 20507  104.693 x1.00] LOG  [OniBoss] Attack → Recovery
[ 20507  104.693 x1.00] LOG  [OniBoss] Playing animation: Watch
[ 20507  104.693 x1.00] LOG  [OniBoss:Trail] trail END at clip 0.99, fading over 0.40s.
[ 20507  104.693 x1.00] LOG  [OniBoss:Strike] Club_Swing: club tip closest to Yoru at 1.83m, clip position 0.91 | damage fires at 0.42 | clip 0.84s => damage fires 414 ms BEFORE the club is closest
[ 20537  104.846 x1.00] LOG  [OniBoss] Recovery → Chase
[ 20538  104.850 x1.00] LOG  [OniBoss] hold-ground: BACKSTEP 1.5m (player 3.5m)
[ 20579  105.083 x1.00] LOG  [OniBoss] hold-ground: backstep done (0.37m), WATCH (player 4.4m, cooldown 2.8s)
[ 20579  105.083 x1.00] LOG  [OniBoss] Playing animation: Watch
[ 20616  105.285 x1.00] LOG  [OniBoss] Playing animation: run
[ 20735  105.943 x1.00] LOG  
==================== [FREEZE-DEBUG v3] ====================
  Reason : WASD-NOMOVE: WASD recent + speed 0.00m/s for 0.40s
  Time   : 102.554s   Frame: 20735   Snaps: 60
===========================================================

--- CURRENT STATE ---
  Flags: atk=False hvy=False dod=False dsh=False
         grd=False hit=False aerial=False lockPos=False
         comboStep=0
  Anim : speed=1.00  combatLayer hash=-792875657 normT=1.160 weight=1.00 inTransition=False
  CC   : grounded=True  enabled=True  pos=(474.95, 0.00, 433.79)  vel=(0.00, -0.02, 0.00)
  Move : IsRunning=False
  Input: H=-1.00 V=0.00  LMB=False MMB=False Q=False Sp=False Sh=False C=False
         WASD pressed in last 0.5s: True (last 0.00s ago)

--- FLIGHT RECORDER (60 snapshots, oldest first, dt=0.10s) ---
  Legend: flags = A(tk) H(vy) D(od) S(sh) G(rd) R(eact) Y(aerial) L(ock)   gnd/cc: Y/n
  t-now    flags     step gnd cc anSp normT layW tr | posX     posZ     spd   | H    V    LMB MMB Q  Sp Sh C
  ------   --------  ---- --- -- ---- ----- ---- -- | -----    -----    ----  | ---- ---- --- --- -- -- -- -
  - 6.17s  --------    0  Y   Y  1.00  2.56 1.00 -  |   485.3    430.0  0.00 | -1.0  0.0 0   0   0  0  0  0
  - 6.06s  --------    0  Y   Y  1.00  2.66 1.00 -  |   485.1    430.0  0.00 | -1.0  0.0 0   0   0  0  0  0
  - 5.95s  --------    0  Y   Y  1.00  2.76 1.00 -  |   484.9    430.0  0.00 | -1.0  0.0 0   0   0  0  0  0
  - 5.85s  --------    0  Y   Y  1.00  2.87 1.00 -  |   484.7    430.0  0.00 | -1.0  0.0 0   0   0  0  0  0
  - 5.75s  --------    0  Y   Y  1.00  2.97 1.00 -  |   484.5    430.0  0.00 | -1.0  0.0 0   0   0  0  0  0
  - 5.65s  --------    0  Y   Y  1.00  3.07 1.00 -  |   484.3    430.0  0.00 | -1.0  0.0 0   0   0  0  0  0
  - 5.55s  --------    0  Y   Y  1.00  3.17 1.00 -  |   484.1    430.0  0.00 | -1.0  0.0 0   0   0  0  0  0
  - 5.45s  --------    0  Y   Y  1.00  3.28 1.00 -  |   483.9    430.0  0.00 | -1.0  0.0 0   0   0  0  0  0
  - 5.35s  --------    0  Y   Y  1.00  3.38 1.00 -  |   483.7    430.0  0.00 | -1.0  0.0 0   0   0  0  0  0
  - 5.24s  --------    0  Y   Y  1.00  3.48 1.00 -  |   483.5    430.0  0.00 | -1.0  0.0 0   0   0  0  0  0
  - 5.14s  --------    0  Y   Y  1.00  3.59 1.00 -  |   483.3    430.0  0.00 | -1.0  0.0 0   0   0  0  0  0
  - 5.03s  --------    0  Y   Y  1.00  3.69 1.00 -  |   483.1    430.1  0.00 | -1.0  0.0 0   0   0  0  0  0
  - 4.93s  --------    0  Y   Y  1.00  3.79 1.00 -  |   482.9    430.1  0.00 | -1.0  0.0 0   0   0  0  0  0
  - 4.83s  --------    0  Y   Y  1.00  3.90 1.00 -  |   482.7    430.1  0.00 | -1.0  0.0 0   0   0  0  0  0
  - 4.72s  --------    0  Y   Y  1.00  4.00 1.00 -  |   482.4    430.1  0.00 | -1.0  0.0 0   0   0  0  0  0
  - 4.62s  --------    0  Y   Y  1.00  4.11 1.00 -  |   482.2    430.1  0.00 | -1.0  0.0 0   0   0  0  0  0
  - 4.52s  --------    0  Y   Y  1.00  4.21 1.00 -  |   482.0    430.1  0.00 | -1.0  0.0 0   0   0  0  0  0
  - 4.41s  --------    0  Y   Y  1.00  4.31 1.00 -  |   481.8    430.1  0.00 | -1.0  0.0 0   0   0  0  0  0
  - 4.31s  --------    0  Y   Y  1.00  4.42 1.00 -  |   481.6    430.1  0.00 | -1.0  0.0 0   0   0  0  0  0
  - 4.20s  --------    0  Y   Y  1.00  4.52 1.00 -  |   481.4    430.2  0.00 | -1.0  0.0 0   0   0  0  0  0
  - 4.10s  --------    0  Y   Y  1.00  4.63 1.00 -  |   481.2    430.2  0.00 | -1.0  0.0 0   0   0  0  0  0
  - 4.00s  --------    0  Y   Y  1.00  4.73 1.00 -  |   481.0    430.3  0.00 | -1.0  0.0 0   0   0  0  0  0
  - 3.90s  --------    0  Y   Y  1.00  4.83 1.00 -  |   480.8    430.3  0.00 | -1.0  0.0 0   0   0  0  0  0
  - 3.80s  --------    0  Y   Y  1.00  4.93 1.00 -  |   480.6    430.4  0.00 | -1.0  0.0 0   0   0  0  0  0
  - 3.69s  --------    0  Y   Y  1.00  5.03 1.00 -  |   480.4    430.4  0.00 | -1.0  0.0 0   0   0  0  0  0
  - 3.59s  --------    0  Y   Y  1.00  5.13 1.00 -  |   480.2    430.5  0.00 | -1.0  0.0 0   0   0  0  0  0
  - 3.49s  --------    0  Y   Y  1.00  5.24 1.00 -  |   480.0    430.5  0.00 | -1.0  0.0 0   0   0  0  0  0
  - 3.38s  --------    0  Y   Y  1.00  5.34 1.00 -  |   479.8    430.6  0.00 | -1.0  0.0 0   0   0  0  0  0
  - 3.28s  --------    0  Y   Y  1.00  5.44 1.00 -  |   479.6    430.7  0.00 | -1.0  0.0 0   0   0  0  0  0
  - 3.18s  --------    0  Y   Y  1.00  5.55 1.00 -  |   479.5    430.8  0.00 | -1.0  0.0 0   0   0  0  0  0
  - 3.07s  --------    0  Y   Y  1.00  5.65 1.00 -  |   479.3    430.9  0.00 | -1.0  0.0 0   0   0  0  0  0
  - 2.97s  --------    0  Y   Y  1.00  5.75 1.00 -  |   479.1    431.0  0.00 | -1.0  0.0 0   0   0  0  0  0
  - 2.87s  --------    0  Y   Y  1.00  5.85 1.00 -  |   478.9    431.1  0.00 | -1.0  0.0 0   0   0  0  0  0
  - 2.77s  --------    0  Y   Y  1.00  5.96 1.00 -  |   478.8    431.2  0.00 | -1.0  0.0 0   0   0  0  0  0
  - 2.66s  --------    0  Y   Y  1.00  6.06 1.00 -  |   478.6    431.4  0.00 | -1.0  0.0 0   0   0  0  0  0
  - 2.56s  --------    0  Y   Y  1.00  6.17 1.00 -  |   478.4    431.5  0.00 | -1.0  0.0 0   0   0  0  0  0
  - 2.45s  --------    0  Y   Y  1.00  6.27 1.00 -  |   478.2    431.6  0.00 | -1.0  0.0 0   0   0  0  0  0
  - 2.35s  --------    0  Y   Y  1.00  6.37 1.00 -  |   478.1    431.7  0.00 | -1.0  0.0 0   0   0  0  0  0
  - 2.25s  --------    0  Y   Y  1.00  6.48 1.00 -  |   477.9    431.8  0.00 | -1.0  0.0 0   0   0  0  0  0
  - 2.15s  --------    0  Y   Y  1.00  6.58 1.00 -  |   477.7    431.9  0.00 | -1.0  0.0 0   0   0  0  0  0
  - 2.05s  --------    0  Y   Y  1.00  6.68 1.00 -  |   477.6    432.0  0.00 | -1.0  0.0 0   0   0  0  0  0
  - 1.94s  --------    0  Y   Y  1.00  6.78 1.00 -  |   477.4    432.2  0.00 | -1.0  0.0 0   0   0  0  0  0
  - 1.84s  --------    0  Y   Y  1.00  6.88 1.00 -  |   477.2    432.3  0.00 | -1.0  0.0 0   0   0  0  0  0
  - 1.74s  --------    0  Y   Y  1.00  6.99 1.00 -  |   477.0    432.4  0.00 | -1.0  0.0 0   0   0  0  0  0
  - 1.63s  -----R--    0  Y   Y  1.00  0.03 1.00 -  |   476.9    432.5  0.00 | -1.0  0.0 0   0   0  0  0  0
  - 1.53s  -----R--    0  Y   Y  1.00  0.11 1.00 -  |   476.9    432.5  0.00 | -1.0  0.0 0   0   0  0  0  0
  - 1.43s  -----R--    0  Y   Y  1.00  0.20 1.00 -  |   476.9    432.5  0.00 | -1.0  0.0 0   0   0  0  0  0
  - 1.33s  -----R--    0  Y   Y  1.00  0.28 1.00 -  |   476.9    432.5  0.00 | -1.0  0.0 0   0   0  0  0  0
  - 1.22s  -----R--    0  Y   Y  1.00  0.37 1.00 -  |   476.9    432.5  0.00 | -1.0  0.0 0   0   0  0  0  0
  - 1.11s  --------    0  Y   Y  1.00  0.45 1.00 T  |   476.8    432.5  0.00 | -1.0  0.0 0   0   0  0  0  0
  - 1.01s  --------    0  Y   Y  1.00  0.15 1.00 -  |   476.6    432.7  0.00 | -1.0  0.0 0   0   0  0  0  0
  - 0.91s  --------    0  Y   Y  1.00  0.26 1.00 -  |   476.5    432.8  0.00 | -1.0  0.0 0   0   0  0  0  0
  - 0.80s  --------    0  Y   Y  1.00  0.36 1.00 -  |   476.3    432.9  0.00 | -1.0  0.0 0   0   0  0  0  0
  - 0.70s  --------    0  Y   Y  1.00  0.47 1.00 -  |   476.1    433.0  0.00 | -1.0  0.0 0   0   0  0  0  0
  - 0.59s  --------    0  Y   Y  1.00  0.57 1.00 -  |   475.9    433.1  0.00 | -1.0  0.0 0   0   0  0  0  0
  - 0.49s  --------    0  Y   Y  1.00  0.67 1.00 -  |   475.8    433.2  0.00 | -1.0  0.0 0   0   0  0  0  0
  - 0.39s  --------    0  Y   Y  1.00  0.77 1.00 -  |   475.6    433.3  0.00 | -1.0  0.0 0   0   0  0  0  0
  - 0.29s  --------    0  Y   Y  1.00  0.88 1.00 -  |   475.5    433.5  0.00 | -1.0  0.0 0   0   0  0  0  0
  - 0.18s  --------    0  Y   Y  1.00  0.97 1.00 -  |   475.3    433.6  0.00 | -1.0  0.0 0   0   0  0  0  0
  - 0.08s  --------    0  Y   Y  1.00  1.08 1.00 -  |   475.1    433.7  0.00 | -1.0  0.0 0   0   0  0  0  0
=========================================================== END

[ 20798  106.293 x1.00] LOG  [OniBoss] Playing animation: Watch
[ 20910  106.903 x1.00] LOG  [OniBoss] Playing animation: run
[ 21086  107.847 x1.00] LOG  [OniBoss] Pull-band decision: RUN-IN (dist 3.6m, pullRange 0m, chance 0.50)
[ 21095  107.907 x1.00] LOG  [OniBoss] Playing animation: Watch
[ 21095  107.907 x1.00] LOG  [OniBoss] Combo started: swing1-2 (2 steps remaining)
[ 21095  107.907 x1.00] LOG  [OniBoss] Chase → Attack
[ 21095  107.907 x1.00] LOG  [OniBoss] Attack: Club_Swing (16 dmg)
[ 21095  107.907 x1.00] LOG  [OniBoss:Trail] Club_Swing trail START at clip 1.00 (transition done).
[ 21128  108.070 x1.00] LOG  [OniBoss:Layer] step-in: 'Club_Swing' closed 0.80m, Yoru now 3.0m away (range 3.5)
[ 21131  108.086 x1.00] LOG  [OniBoss:Layer] step-in: 'Club_Swing' closed 0.84m, Yoru now 3.0m away (range 3.5)
[ 21135  108.107 x1.00] LOG  [OniBoss:Layer] step-in: 'Club_Swing' closed 0.88m, Yoru now 3.0m away (range 3.5)
[ 21139  108.128 x1.00] LOG  [OniBoss:Layer] step-in: 'Club_Swing' closed 0.92m, Yoru now 3.0m away (range 3.5)
[ 21141  108.144 x1.00] LOG  [OniBoss:Layer] step-in: 'Club_Swing' closed 0.96m, Yoru now 3.0m away (range 3.5)
[ 21162  108.268 x1.00] LOG  [OniBoss:ClubPos] Club_Swing at strike: club tip 3.02m up, 2.29m in front, -3.05m to his right (3.82m out from his centre). Club faces -87deg from his forward, pitch 0.41. (the ground wave is born 1.6m in front of him at 0.35m.)
[ 21162  108.268 x1.00] LOG  [OniBoss:Layer] Club_Swing: club has not connected — ground wave released 1.6m in front, 12m/s x 6.0m = armed 0.50s, carrying 8 (half of the club's 16).
[ 21171  108.314 x1.00] LOG  [Combat] Hit react: HitReact_Light_2Leg (0.5s)
[ 21171  108.314 x1.00] LOG  [HitReactTrace] asked for 'HitReact_Light_2Leg' (0.50s) — blend resolved after 0 ms, now playing a clip 1.00s long at speed 1.00, layer weight 1.00, animator.speed 1.00.
[ 21171  108.314 x1.00] LOG  [CameraGameFeel] Shake: intensity=0.09 duration=0.150s
[ 21171  108.314 x1.00] LOG  [CameraGameFeel] FOV punch: player damage (-2.0°)
[ 21171  108.314 x1.00] LOG  [OniBoss:Wave] wave TOUCHED Yoru (grounded) for 8 after 0.6m / 0.05s of travel.
[ 21249  108.744 x1.00] LOG  [OniBoss] Attack → Recovery
[ 21249  108.744 x1.00] LOG  [OniBoss] Playing animation: Watch
[ 21249  108.744 x1.00] LOG  [OniBoss:Trail] trail END at clip 0.99, fading over 0.40s.
[ 21249  108.744 x1.00] LOG  [OniBoss:Strike] Club_Swing: club tip closest to Yoru at 1.78m, clip position 0.91 | damage fires at 0.42 | clip 0.84s => damage fires 414 ms BEFORE the club is closest
[ 21278  108.897 x1.00] LOG  [OniBoss] Recovery → Attack
[ 21278  108.897 x1.00] LOG  [OniBoss] Attack: ClubSwing2 (16 dmg)
[ 21278  108.897 x1.00] LOG  [OniBoss:Trail] ClubSwing2 trail START at clip 1.00 (transition still blending).
[ 21303  109.040 x1.00] LOG  [OniBoss:Layer] step-in: 'ClubSwing2' closed 0.73m, Yoru now 3.0m away (range 3.5)
[ 21306  109.051 x1.00] LOG  [OniBoss:Layer] step-in: 'ClubSwing2' closed 0.77m, Yoru now 3.0m away (range 3.5)
[ 21310  109.069 x1.00] LOG  [OniBoss:Layer] step-in: 'ClubSwing2' closed 0.81m, Yoru now 3.0m away (range 3.5)
[ 21314  109.094 x1.00] LOG  [OniBoss:Layer] step-in: 'ClubSwing2' closed 0.85m, Yoru now 3.0m away (range 3.5)
[ 21316  109.106 x1.00] LOG  [OniBoss:Layer] step-in: 'ClubSwing2' closed 0.89m, Yoru now 3.0m away (range 3.5)
[ 21319  109.125 x1.00] LOG  [OniBoss:Layer] step-in: 'ClubSwing2' closed 0.93m, Yoru now 3.0m away (range 3.5)
[ 21323  109.148 x1.00] LOG  [OniBoss:Layer] step-in: 'ClubSwing2' closed 0.97m, Yoru now 3.0m away (range 3.5)
[ 21327  109.168 x1.00] LOG  [OniBoss:Layer] step-in: 'ClubSwing2' closed 1.01m, Yoru now 3.0m away (range 3.5)
[ 21331  109.188 x1.00] LOG  [OniBoss:Layer] step-in: 'ClubSwing2' closed 1.05m, Yoru now 3.0m away (range 3.5)
[ 21335  109.207 x1.00] LOG  [OniBoss:Layer] step-in: 'ClubSwing2' closed 1.09m, Yoru now 3.0m away (range 3.5)
[ 21338  109.227 x1.00] LOG  [OniBoss:Layer] step-in: 'ClubSwing2' closed 1.13m, Yoru now 3.0m away (range 3.5)
[ 21341  109.244 x1.00] LOG  [CameraGameFeel] Shake: intensity=0.20 duration=0.250s
[ 21341  109.244 x1.00] LOG  [Combat] Hit react: HitReact_Heavy_2Leg (0.9s)
[ 21341  109.244 x1.00] LOG  [HitReactTrace] asked for 'HitReact_Heavy_2Leg' (0.90s) — blend resolved after 0 ms, now playing a clip 1.00s long at speed 1.00, layer weight 1.00, animator.speed 1.00.
[ 21341  109.244 x1.00] LOG  [CameraGameFeel] Shake: intensity=0.28 duration=0.150s
[ 21341  109.244 x1.00] LOG  [CameraGameFeel] FOV punch: player damage (-3.0°)
[ 21341  109.244 x1.00] LOG  [OniBoss] Hit player for 16 (ClubSwing2)
[ 21341  109.244 x1.00] LOG  [OniBoss:Touch] ClubSwing2: club TOUCHED Yoru at clip 0.30 — shaft 0.31m from her body, tip speed 105m/s. Full club hit delivered this frame.
[ 21342  109.248 x1.00] LOG  [OniBoss:Layer] step-in: 'ClubSwing2' closed 1.17m, Yoru now 3.0m away (range 3.5)
[ 21348  109.277 x1.00] LOG  [OniBoss:ClubPos] ClubSwing2 at strike: club tip 0.08m up, 1.85m in front, 2.37m to his right (3.01m out from his centre). Club faces 3deg from his forward, pitch -0.87. (the ground wave is born 1.6m in front of him at 0.35m.)
[ 21348  109.277 x1.00] LOG  [OniBoss:Layer] ClubSwing2: club connected — no wave this swing.
[ 21474  109.958 x1.00] LOG  
==================== [FREEZE-DEBUG v3] ====================
  Reason : WASD-NOMOVE: WASD recent + speed 0.00m/s for 0.40s
  Time   : 106.569s   Frame: 21474   Snaps: 60
===========================================================

--- CURRENT STATE ---
  Flags: atk=False hvy=False dod=False dsh=False
         grd=False hit=True aerial=False lockPos=False
         comboStep=0
  Anim : speed=1.00  combatLayer hash=1755030216 normT=0.584 weight=1.00 inTransition=False
  CC   : grounded=True  enabled=True  pos=(470.31, -0.02, 436.92)  vel=(0.00, 0.00, 0.00)
  Move : IsRunning=False
  Input: H=-1.00 V=0.00  LMB=False MMB=False Q=False Sp=False Sh=False C=False
         WASD pressed in last 0.5s: True (last 0.00s ago)

--- FLIGHT RECORDER (60 snapshots, oldest first, dt=0.10s) ---
  Legend: flags = A(tk) H(vy) D(od) S(sh) G(rd) R(eact) Y(aerial) L(ock)   gnd/cc: Y/n
  t-now    flags     step gnd cc anSp normT layW tr | posX     posZ     spd   | H    V    LMB MMB Q  Sp Sh C
  ------   --------  ---- --- -- ---- ----- ---- -- | -----    -----    ----  | ---- ---- --- --- -- -- -- -
  - 6.16s  --------    0  Y   Y  1.00  6.58 1.00 -  |   477.7    431.9  0.00 | -1.0  0.0 0   0   0  0  0  0
  - 6.06s  --------    0  Y   Y  1.00  6.68 1.00 -  |   477.6    432.0  0.00 | -1.0  0.0 0   0   0  0  0  0
  - 5.96s  --------    0  Y   Y  1.00  6.78 1.00 -  |   477.4    432.2  0.00 | -1.0  0.0 0   0   0  0  0  0
  - 5.85s  --------    0  Y   Y  1.00  6.88 1.00 -  |   477.2    432.3  0.00 | -1.0  0.0 0   0   0  0  0  0
  - 5.75s  --------    0  Y   Y  1.00  6.99 1.00 -  |   477.0    432.4  0.00 | -1.0  0.0 0   0   0  0  0  0
  - 5.65s  -----R--    0  Y   Y  1.00  0.03 1.00 -  |   476.9    432.5  0.00 | -1.0  0.0 0   0   0  0  0  0
  - 5.54s  -----R--    0  Y   Y  1.00  0.11 1.00 -  |   476.9    432.5  0.00 | -1.0  0.0 0   0   0  0  0  0
  - 5.44s  -----R--    0  Y   Y  1.00  0.20 1.00 -  |   476.9    432.5  0.00 | -1.0  0.0 0   0   0  0  0  0
  - 5.34s  -----R--    0  Y   Y  1.00  0.28 1.00 -  |   476.9    432.5  0.00 | -1.0  0.0 0   0   0  0  0  0
  - 5.24s  -----R--    0  Y   Y  1.00  0.37 1.00 -  |   476.9    432.5  0.00 | -1.0  0.0 0   0   0  0  0  0
  - 5.13s  --------    0  Y   Y  1.00  0.45 1.00 T  |   476.8    432.5  0.00 | -1.0  0.0 0   0   0  0  0  0
  - 5.03s  --------    0  Y   Y  1.00  0.15 1.00 -  |   476.6    432.7  0.00 | -1.0  0.0 0   0   0  0  0  0
  - 4.92s  --------    0  Y   Y  1.00  0.26 1.00 -  |   476.5    432.8  0.00 | -1.0  0.0 0   0   0  0  0  0
  - 4.81s  --------    0  Y   Y  1.00  0.36 1.00 -  |   476.3    432.9  0.00 | -1.0  0.0 0   0   0  0  0  0
  - 4.71s  --------    0  Y   Y  1.00  0.47 1.00 -  |   476.1    433.0  0.00 | -1.0  0.0 0   0   0  0  0  0
  - 4.60s  --------    0  Y   Y  1.00  0.57 1.00 -  |   475.9    433.1  0.00 | -1.0  0.0 0   0   0  0  0  0
  - 4.50s  --------    0  Y   Y  1.00  0.67 1.00 -  |   475.8    433.2  0.00 | -1.0  0.0 0   0   0  0  0  0
  - 4.40s  --------    0  Y   Y  1.00  0.77 1.00 -  |   475.6    433.3  0.00 | -1.0  0.0 0   0   0  0  0  0
  - 4.30s  --------    0  Y   Y  1.00  0.88 1.00 -  |   475.5    433.5  0.00 | -1.0  0.0 0   0   0  0  0  0
  - 4.20s  --------    0  Y   Y  1.00  0.97 1.00 -  |   475.3    433.6  0.00 | -1.0  0.0 0   0   0  0  0  0
  - 4.09s  --------    0  Y   Y  1.00  1.08 1.00 -  |   475.1    433.7  0.00 | -1.0  0.0 0   0   0  0  0  0
  - 3.99s  --------    0  Y   Y  1.00  1.19 1.00 -  |   474.9    433.8  0.00 | -1.0  0.0 0   0   0  0  0  0
  - 3.88s  --------    0  Y   Y  1.00  1.29 1.00 -  |   474.8    433.9  0.00 | -1.0  0.0 0   0   0  0  0  0
  - 3.77s  --------    0  Y   Y  1.00  1.40 1.00 -  |   474.6    434.1  0.00 | -1.0  0.0 0   0   0  0  0  0
  - 3.67s  --------    0  Y   Y  1.00  1.50 1.00 -  |   474.4    434.2  0.00 | -1.0  0.0 0   0   0  0  0  0
  - 3.57s  --------    0  Y   Y  1.00  1.60 1.00 -  |   474.2    434.3  0.00 | -1.0  0.0 0   0   0  0  0  0
  - 3.46s  --------    0  Y   Y  1.00  1.71 1.00 -  |   474.1    434.4  0.00 | -1.0  0.0 0   0   0  0  0  0
  - 3.36s  --------    0  Y   Y  1.00  1.81 1.00 -  |   473.9    434.5  0.00 | -1.0  0.0 0   0   0  0  0  0
  - 3.26s  --------    0  Y   Y  1.00  1.92 1.00 -  |   473.7    434.6  0.00 | -1.0  0.0 0   0   0  0  0  0
  - 3.16s  --------    0  Y   Y  1.00  2.02 1.00 -  |   473.6    434.7  0.00 | -1.0  0.0 0   0   0  0  0  0
  - 3.05s  --------    0  Y   Y  1.00  2.12 1.00 -  |   473.4    434.9  0.00 | -1.0  0.0 0   0   0  0  0  0
  - 2.95s  --------    0  Y   Y  1.00  2.22 1.00 -  |   473.2    435.0  0.00 | -1.0  0.0 0   0   0  0  0  0
  - 2.85s  --------    0  Y   Y  1.00  2.33 1.00 -  |   473.0    435.1  0.00 | -1.0  0.0 0   0   0  0  0  0
  - 2.74s  --------    0  Y   Y  1.00  2.43 1.00 -  |   472.9    435.2  0.00 | -1.0  0.0 0   0   0  0  0  0
  - 2.64s  --------    0  Y   Y  1.00  2.53 1.00 -  |   472.7    435.3  0.00 | -1.0  0.0 0   0   0  0  0  0
  - 2.54s  --------    0  Y   Y  1.00  2.63 1.00 -  |   472.5    435.4  0.00 | -1.0  0.0 0   0   0  0  0  0
  - 2.44s  --------    0  Y   Y  1.00  2.74 1.00 -  |   472.4    435.5  0.00 | -1.0  0.0 0   0   0  0  0  0
  - 2.33s  --------    0  Y   Y  1.00  2.84 1.00 -  |   472.2    435.7  0.00 | -1.0  0.0 0   0   0  0  0  0
  - 2.23s  --------    0  Y   Y  1.00  2.94 1.00 -  |   472.0    435.8  0.00 | -1.0  0.0 0   0   0  0  0  0
  - 2.13s  --------    0  Y   Y  1.00  3.05 1.00 -  |   471.8    435.9  0.00 | -1.0  0.0 0   0   0  0  0  0
  - 2.03s  --------    0  Y   Y  1.00  3.15 1.00 -  |   471.7    436.0  0.00 | -1.0  0.0 0   0   0  0  0  0
  - 1.92s  --------    0  Y   Y  1.00  3.25 1.00 -  |   471.5    436.1  0.00 | -1.0  0.0 0   0   0  0  0  0
  - 1.82s  --------    0  Y   Y  1.00  3.35 1.00 -  |   471.3    436.2  0.00 | -1.0  0.0 0   0   0  0  0  0
  - 1.72s  --------    0  Y   Y  1.00  3.45 1.00 -  |   471.2    436.3  0.00 | -1.0  0.0 0   0   0  0  0  0
  - 1.61s  -----R--    0  Y   Y  1.00  0.02 1.00 -  |   471.0    436.4  0.00 | -1.0  0.0 0   0   0  0  0  0
  - 1.51s  -----R--    0  Y   Y  1.00  0.11 1.00 -  |   471.0    436.4  0.00 | -1.0  0.0 0   0   0  0  0  0
  - 1.41s  -----R--    0  Y   Y  1.00  0.19 1.00 -  |   471.0    436.4  0.00 | -1.0  0.0 0   0   0  0  0  0
  - 1.30s  -----R--    0  Y   Y  1.00  0.28 1.00 -  |   471.0    436.4  0.00 | -1.0  0.0 0   0   0  0  0  0
  - 1.20s  -----R--    0  Y   Y  1.00  0.36 1.00 -  |   471.0    436.4  0.00 | -1.0  0.0 0   0   0  0  0  0
  - 1.10s  --------    0  Y   Y  1.00  0.45 1.00 T  |   471.0    436.5  0.00 | -1.0  0.0 0   0   0  0  0  0
  - 0.99s  --------    0  Y   Y  1.00  0.14 1.00 -  |   470.8    436.6  0.00 | -1.0  0.0 0   0   0  0  0  0
  - 0.89s  --------    0  Y   Y  1.00  0.25 1.00 -  |   470.6    436.7  0.00 | -1.0  0.0 0   0   0  0  0  0
  - 0.78s  --------    0  Y   Y  1.00  0.35 1.00 -  |   470.4    436.8  0.00 | -1.0  0.0 0   0   0  0  0  0
  - 0.68s  -----R--    0  Y   Y  1.00  0.02 1.00 -  |   470.3    436.9  0.00 | -1.0  0.0 0   0   0  0  0  0
  - 0.57s  -----R--    0  Y   Y  1.00  0.10 1.00 -  |   470.3    436.9  0.00 | -1.0  0.0 0   0   0  0  0  0
  - 0.47s  -----R--    0  Y   Y  1.00  0.19 1.00 -  |   470.3    436.9  0.00 | -1.0  0.0 0   0   0  0  0  0
  - 0.37s  -----R--    0  Y   Y  1.00  0.28 1.00 -  |   470.3    436.9  0.00 | -1.0  0.0 0   0   0  0  0  0
  - 0.27s  -----R--    0  Y   Y  1.00  0.36 1.00 -  |   470.3    436.9  0.00 | -1.0  0.0 0   0   0  0  0  0
  - 0.17s  -----R--    0  Y   Y  1.00  0.45 1.00 -  |   470.3    436.9  0.00 | -1.0  0.0 0   0   0  0  0  0
  - 0.06s  -----R--    0  Y   Y  1.00  0.53 1.00 -  |   470.3    436.9  0.00 | -1.0  0.0 0   0   0  0  0  0
=========================================================== END

[ 21493  110.060 x1.00] LOG  [OniBoss] Attack → Recovery
[ 21493  110.060 x1.00] LOG  [OniBoss] Playing animation: Watch
[ 21493  110.060 x1.00] LOG  [OniBoss:Trail] trail END at clip 0.99, fading over 0.40s.
[ 21493  110.060 x1.00] LOG  [OniBoss:Strike] ClubSwing2: club tip closest to Yoru at 0.41m, clip position 0.30 | damage fires at 0.32 | clip 1.17s => MATCHED (within one or two frames)
[ 21523  110.210 x1.00] LOG  [OniBoss] Recovery → Chase
[ 21524  110.214 x1.00] LOG  [OniBoss] hold-ground: BACKSTEP 1.5m (player 3.1m)
[ 21585  110.542 x1.00] LOG  [OniBoss] hold-ground: backstep done (0.52m), WATCH (player 4.3m, cooldown 2.7s)
[ 21585  110.542 x1.00] LOG  [OniBoss] Playing animation: Watch
[ 21620  110.744 x1.00] LOG  [OniBoss] Playing animation: run
[ 21803  111.736 x1.00] LOG  [OniBoss] Playing animation: Watch
[ 22077  113.215 x1.00] LOG  [OniBoss] hold-ground: cooldown over, player 4.0m > 3.5m — APPROACH
[ 22077  113.215 x1.00] LOG  [OniBoss] Playing animation: Walk
[ 22180  113.769 x1.00] LOG  [OniBoss] Chase → Attack
[ 22180  113.769 x1.00] LOG  [OniBoss] Attack: Club_Swing (16 dmg)
[ 22180  113.769 x1.00] LOG  [OniBoss:Layer] step-in: 'Club_Swing' closed 0.07m, Yoru now 3.0m away (range 3.5)
[ 22180  113.769 x1.00] LOG  [OniBoss:Trail] Club_Swing trail START at clip 0.29 (transition done).
[ 22180  113.769 x1.00] LOG  [StormWeather] terrain layers restored to dry values.
# end — 780 lines
