# Oni combat log — 2026-09-20 15:58:12
# Unity 6000.2.7f2 | scene 'CaveScene_Oni_Boss1' | platform OSXEditor
# columns: [frame realSeconds timeScale] KIND message      (KIND: LOG WARN ERR EXC TEL)
#
[     0    0.000 x1.00] LOG  [OniLog] console + telemetry → /Users/asenahazal/Documents/Yoru/OniLogs/oni_2026-09-20_15-58-12.log
[     0    0.000 x1.00] LOG  [OniHairShadows] shadow casting off on 27 hair renderers
[     0    0.000 x1.00] LOG  [RingMesh] Auto-found 11/11 left, 11/11 right meshes
[     1    0.000 x1.00] LOG  [BossBar] BossHealthBarUI initialized
[     1    0.000 x1.00] LOG  [StormWeather] layer 'TerrainLayer_Dirt_01' dry smoothness=0.00 (restore to this if a crash ever leaves it wet)
[     1    0.000 x1.00] LOG  [StormWeather] post volumes ready on layer 9 (storm priority 10, flash priority 11).
[     1    0.000 x1.00] LOG  [StormWeather] ROUND 80: fur weather ready on 'Weather Zone'. Rain 0, wind 0.50 in the open, sky check 30 m from 'PlayerYoru_1.1'.
[     1    0.000 x1.00] LOG  [StormWeather] COZY bridge: Rain_Cave retired, COZY owns the rain now.
[     1    0.000 x1.00] LOG  [StormWeather] COZY → 'Clear' (pre-fight - open sky, 0 s)
[     1    0.000 x1.00] LOG  [StormWeather] Ready. Open sky, dry floor. Waiting for the fight.
[     1    0.000 x1.00] LOG  OniBoss initialized with 2500 HP
[     1    0.000 x1.00] LOG  [OniBoss] ANIMATOR SETUP: cullingMode=CullUpdateTransforms updateMode=Normal applyRootMotion=False speed=1
[     1    0.000 x1.00] LOG  [OniBoss] Initialized
[     1    0.000 x1.00] LOG  [OniBoss:Layer] facing: minFlat 1m, snapOnAttack off, trackInHitReact off, aimTurn 540 deg/s for the first 0.20 of the swing
[     1    0.000 x1.00] LOG  [OniBoss:Layer] Yoru launch model ON: launches ALL THE WAY to an enemy within 4.7m of its surface at 10m/s (stop gap 0.00m, NO minimum distance), else steps 0.90m forward. Targeting cone left exactly as her prefab has it.
[     1    0.000 x1.00] LOG  [OniBoss:Layer] Yoru launch ROUND 9: airborne attacks launch too (ON), edge probe now runs on its OWN layer mask (Everything) instead of the line-of-sight mask - the Ground-only mask found no floor in this cave and was cancelling 100% of launches at 0.00m travelled.
[     1    0.000 x1.00] LOG  [OniBoss:Layer] animator speed x1.35 — his 1.13s swing now plays in 0.84s.
[     1    0.000 x1.00] LOG  [OniBoss:Layer] chase speed pushed: phase1 4.5, phase2 5.5 (Yoru runs at 7).
[     1    0.000 x1.00] LOG  [OniBoss:Layer] ground wave ON (round 38): half the club's damage on TOUCH, 12m/s x 6.0m from 1.6m in front at 0.35m height — a club hit cancels that swing's wave, jumping clears it. Per-attack effects come from the Swing Wave VFX By Attack rows. PlayerHealth found, PlayerMovement found.
[     1    0.000 x1.00] LOG  [StormWeather] storm break HELD (waiting for the lightning beat)
[     1    0.000 x1.00] LOG  [OniBoss:Layer] storm break HELD — it releases at the lightning-on-the-club beat.
[     1    0.000 x1.00] LOG  [OniBoss:Layer] club tracking ON — tip 'Kanabo3' (depth 4), shaft root 'kanabo'.
[     1    0.000 x1.00] LOG  [OniBoss:Layer] skinned meshes: 46 renderer(s), updateWhenOffscreen ON, body renderer 'Body' rootBone 'Hips'
[     1    0.000 x1.00] LOG  [OniBoss:Layer] charge travel bone: 'Hips' at depth 1 under 'OniBoss', rest local (0.00, 3.24, -0.24)
[     1    0.000 x1.00] LOG  [OniBoss:Layer] anti-kite ON: thrown swing after 4s of failed chase (within 7.6m), charge after 6s.
[     1    0.000 x1.00] LOG  [OniBoss:Layer] charge drive ON (windup to 0.40 at x1.3, rush 14m/s stops at 2.6m, steers 0.35s then commits, strike section from 0.58, strike moment 0.76, trail VFX off)
[     1    0.000 x1.00] LOG  [OniBoss:Layer] attack armor ON (his swings are not interrupted by light/medium hits; heavy hits and rapid-hit bursts still stop him)
[     1    0.000 x1.00] LOG  [OniBoss:Layer] strike moments overridden: Club_Swing=0.42 ClubSwing2=0.32 ClubSlam=0.85 KanaboSweep=0.48
[     1    0.000 x1.00] LOG  [OniBoss:Layer] club TOUCH hits ON (radius 0.70m, min tip speed 50m/s, armed from 0.20 of the clip): Club_Swing ClubSwing2 ClubSlam KanaboSweep. First touch wins — club full damage, wave half, one hit per swing.
[     1    0.000 x1.00] LOG  [OniBoss:Layer] combo damage ramp ON: mid x1.25, finisher x1.50 — finisher wave carries FULL damage at x2.0 size, x2.0 travel.
[     1    0.000 x1.00] LOG  [OniBoss:Layer] charge follow-up ON: 90 % of solo charges chain into a random melee finisher.
[     1    0.000 x1.00] LOG  [OniBoss:Layer] hold-ground ON (backstep 1.5m @ 1.6m/s after own attacks, watch 'Watch', attack facing LOCKED)
[     1    0.000 x1.00] LOG  [OniBoss:Layer] OniBoss layer ready (reactions, wake-on-hit, watch stance, boss bar). player=found
[     1    0.000 x1.00] LOG  [OniBoss:Layer] charge clip 'Oni Charge.fbx' imports with Root Motion Node = None (in place) — good.
[     1    0.000 x1.00] LOG  [OniBoss:Layer] clips importing with Root Transform Position (Y) NOT baked into pose (12): Oni_Alert(Oni Alert), Club_Slam(Oni Club Slam), Club_Swing(Oni Club Swing), Club_swing2(Oni Club Swing 2), Death(Oni Death Kneel), Hit_react_light(Oni Hit react lighter light), KanaboSweep(Oni Kanabo sweep), Phase_Transition(Oni Phase transition), run(Oni Run), Walk(Oni Walk), Watch(Oni Watch), Idle(Oni Idle) — their hips' up/down motion is stripped (see round notes; optional).
[     1    0.000 x1.00] LOG  === VFX MANAGER INITIALIZED ===
[     1    0.000 x1.00] LOG  Auto-detect animations: False
[     1    0.000 x1.00] LOG  Parent effects to tail: True
[     1    0.000 x1.00] LOG  Prefabs: Jump=True, Land=True, LTail=True, RTail=True
[     1    0.000 x1.00] LOG  ✅ Left Tail Tip: LeftTailTip_Anchor
[     1    0.000 x1.00] LOG  ✅ Right Tail Tip: RightTailTip_Anchor
[     1    0.000 x1.00] LOG  [VolumetricFogController] applyPresets is OFF in this scene. The Volumetric Fog component keeps its hand-set inspector values.
[     1    0.000 x1.00] LOG  [TailAirShot] Ready. drawState=RightTail_Fast castParam=TailCastSpeed (found)
  arrow leaves: PlayerYoru_1.1/Cat_All_10_Tails_v4/Group/DeformationSystem/root/Root_M/Tail15_R/Tail151_R/Tail152_R/Tail153_R/Tail154_R/Tail155_R/Tail156_R/Tail157_R/Tail158_R/Tail159_R/Tail1510_R/Tail1511_R/Tail1512_R/Tail6_R/Tail6_R_end/Tail6_R_end_end/Tail6_R_end_end_end/RightTailTip_Anchor
  aim VFX: PlayerYoru_1.1/Cat_All_10_Tails_v4/Group/DeformationSystem/root/Root_M/Tail15_R/Tail151_R/Tail152_R/Tail153_R/Tail154_R/Tail155_R/Tail156_R/Tail157_R/Tail158_R/Tail159_R/Tail1510_R/Tail1511_R/Tail1512_R/Tail6_R/Tail6_R_end/Tail6_R_end_end/Tail6_R_end_end_end/RightTailTip_Anchor/vfx_Muzzle_Fireball01Blue
[     1    0.000 x1.00] LOG  [RingMesh] VFX Status:
[     1    0.000 x1.00] LOG    Left: Prefab=✓, Spawn=Tail6_L_end_end_end
[     1    0.000 x1.00] LOG    Right: Prefab=✓, Spawn=Tail6_R_end_end_end
[     1    0.000 x1.00] LOG  [TailAirShot4Leg] Ready. drawState=shoot_4Leg castParam=Shoot4LegSpeed (found) readyFrame=5 fireFrame=10 frames=24 slowBudget=3s real damageMultiplier=2.00
  arrow leaves: PlayerYoru_1.1/Cat_All_10_Tails_v4/Group/DeformationSystem/root/Root_M/Tail15_R/Tail151_R/Tail152_R/Tail153_R/Tail154_R/Tail155_R/Tail156_R/Tail157_R/Tail158_R/Tail159_R/Tail1510_R/Tail1511_R/Tail1512_R/Tail6_R/Tail6_R_end/Tail6_R_end_end/Tail6_R_end_end_end/RightTailTip_Anchor
  aim VFX left:  PlayerYoru_1.1/Cat_All_10_Tails_v4/Group/DeformationSystem/root/Root_M/Tail15_L/Tail151_L/Tail152_L/Tail153_L/Tail154_L/Tail155_L/Tail156_L/Tail157_L/Tail158_L/Tail159_L/Tail1510_L/Tail1511_L/Tail1512_L/Tail6_L/Tail6_L_end/Tail6_L_end_end/Tail6_L_end_end_end/LeftTailTip_Anchor/Glow_4Leg_L
  aim VFX right: PlayerYoru_1.1/Cat_All_10_Tails_v4/Group/DeformationSystem/root/Root_M/Tail15_R/Tail151_R/Tail152_R/Tail153_R/Tail154_R/Tail155_R/Tail156_R/Tail157_R/Tail158_R/Tail159_R/Tail1510_R/Tail1511_R/Tail1512_R/Tail6_R/Tail6_R_end/Tail6_R_end_end/Tail6_R_end_end_end/RightTailTip_Anchor/Glow_4Leg_R
[     1    0.000 x1.00] LOG  [PlayerCombat] Phase 2 form gate CONNECTED (FormController found on this GameObject).
[     1    0.000 x1.00] LOG  [Combat] PlayerCombat initialized, Phase 3C v27
[     1    0.000 x1.00] LOG  [CameraGameFeel] CameraGameFeel initialized (shake + FOV)
[     1    4.994 x1.00] LOG  [OniBoss] Playing animation: Idle
[     7    6.734 x1.00] LOG  💨 Landing VFX spawned!
[     7    6.734 x1.00] LOG  ✅ LANDED! (was jump #0)
[   338    9.458 x1.00] LOG  [OniBoss:Layer] watch stance ON (player 15.0m)
[   454   10.357 x1.00] LOG  [OniBoss] LostSoul → Alert
[   454   10.357 x1.00] LOG  [OniBoss] Playing animation: Oni_Alert
[   454   10.357 x1.00] LOG  [BossBar] Showing bar for: Oni (2500/2500)
[   454   10.357 x1.00] LOG  [OniBoss:Layer] boss bar shown
[   455   10.367 x1.00] LOG  [StormWeather] COZY → 'Yoru_Oni_Phase1_Storm' (fight engaged - storm rolls in, 0 s)
[   455   10.367 x1.00] LOG  [StormWeather] FIGHT STARTED (he engaged) - storm on, floor starts to soak.
[   456   10.378 x1.00] WARN The referenced script on this Behaviour (Game Object '<null>') is missing!
[   456   10.378 x1.00] WARN The referenced script on this Behaviour (Game Object 'Lightning Light') is missing!
[   456   10.378 x1.00] WARN The referenced script on this Behaviour (Game Object 'Lightning Light') is missing!
[   491   10.683 x1.00] LOG  🐾 4-LEG JUMP #0
[   491   10.683 x1.00] LOG  🐾 Jump 1 VFX spawned!
[   491   10.683 x1.00] LOG  [StormWeather] fur: rain reaching the coat (intensity 0.01, follows floor wetness).
[   511   10.863 x1.00] LOG  [OniBoss] Alert → Chase
[   512   10.869 x1.00] LOG  [OniBoss] Pull-band decision: RUN-IN (dist 6.2m, pullRange 0m, chance 0.50)
[   512   10.869 x1.00] LOG  [OniBoss] Playing animation: run
[   541   11.115 x1.00] LOG  [ComboTrace] LAUNCH OniBoss at 3.4m dist=3.20m in 0.32s (capped short) [AIRBORNE]
[   541   11.115 x1.00] LOG  [Combat] Aerial spin, 25 dmg
[   541   11.115 x1.00] LOG  [YoruVFX] Air spin: 'VFX_Void_Burst_AirSpinYoru' at CenterVFX, 46 systems, longest 1.00s fitted to 0.79s at speed 1.27, 8 forced Local, 38 delays zeroed, tail 2.37s
[   541   11.115 x1.00] LOG  [AirPosePin] engaged, holding body at 1.554m above the transform
[   546   11.175 x1.00] LOG  [StormWeather] storm post weight -> 0.40
[   548   11.200 x1.00] LOG  [OniBoss] Playing animation: Idle
[   548   11.200 x1.00] LOG  [OniBoss] Chase → Attack
[   548   11.200 x1.00] LOG  [OniBoss] Attack: ClubSlam (20 dmg)
[   548   11.200 x1.00] LOG  [OniBoss:Trail] ClubSlam trail START at clip 0.34 (transition done).
[   554   11.273 x1.00] LOG  OniBoss took 10 damage. HP: 2490/2500
[   554   11.273 x1.00] LOG  [Stance] OniBoss 10/100 (+10 light)
[   554   11.273 x1.00] LOG  [OniBoss] 🤕 Hit during Attack — flash only
[   554   11.273 x1.00] LOG  [Momentum] 0 -> 1 (hit), speed x1.05, damage x1.05, impact x1.05
[   554   11.273 x1.00] LOG  [CameraGameFeel] Shake: intensity=0.06 duration=0.080s
[   554   11.273 x1.00] LOG  [CameraGameFeel] Shake: intensity=0.53 duration=0.200s
[   554   11.273 x1.00] LOG  [CameraGameFeel] FOV punch: hit light (+1.5°)
[   566   11.426 x1.00] LOG  OniBoss took 10 damage. HP: 2480/2500
[   566   11.426 x1.00] LOG  [Stance] OniBoss 20/100 (+10 light)
[   566   11.426 x1.00] LOG  [OniBoss] 🤕 Hit during Attack — flash only
[   566   11.426 x1.00] LOG  [CameraGameFeel] Shake: intensity=0.18 duration=0.200s
[   567   11.438 x1.00] LOG  [ComboTrace] LAUNCH RESULT wanted=3.20m actually moved=3.30m, completed
[   582   11.577 x1.00] LOG  OniBoss took 10 damage. HP: 2470/2500
[   582   11.577 x1.00] LOG  [Stance] OniBoss 30/100 (+10 light)
[   582   11.577 x1.00] LOG  [OniBoss] 🤕 Hit during Attack — flash only
[   582   11.577 x1.00] LOG  [Momentum] 1 -> 2 (hit), speed x1.10, damage x1.10, impact x1.10
[   582   11.577 x1.00] LOG  [CameraGameFeel] Shake: intensity=0.06 duration=0.080s
[   582   11.577 x1.00] LOG  [CameraGameFeel] Shake: intensity=0.19 duration=0.200s
[   592   11.661 x1.00] LOG  💨 Landing VFX spawned!
[   592   11.661 x1.00] LOG  ✅ LANDED! (was jump #1)
[   592   11.661 x1.00] LOG  [AirPosePin] released, peak correction was 0.023m
[   601   11.731 x1.00] LOG  OniBoss took 11 damage. HP: 2459/2500
[   601   11.731 x1.00] LOG  [Stance] OniBoss 40/100 (+10 light)
[   601   11.731 x1.00] LOG  [OniBoss] 🤕 Hit during Attack — flash only
[   601   11.731 x1.00] LOG  [CameraGameFeel] Shake: intensity=0.19 duration=0.200s
[   615   11.849 x1.00] LOG  [YoruVFX] Spin VFX stopped, fading for 2.37s
[   620   11.882 x1.00] LOG  OniBoss took 11 damage. HP: 2448/2500
[   620   11.882 x1.00] LOG  [Stance] OniBoss 50/100 (+10 light)
[   620   11.882 x1.00] LOG  [OniBoss] 🤕 Hit during Attack — flash only
[   620   11.882 x1.00] LOG  [Momentum] 2 -> 3 (hit), speed x1.15, damage x1.15, impact x1.15
[   620   11.882 x1.00] LOG  [CameraGameFeel] Shake: intensity=0.06 duration=0.080s
[   620   11.882 x1.00] LOG  [CameraGameFeel] Shake: intensity=0.20 duration=0.200s
[   620   11.882 x1.00] LOG  [ComboTrace] END step=3 clipProgress=0.90 clipLen=0.79s queued=0 elapsed=0.77s
[   627   11.937 x1.00] LOG  🚶 2-LEG JUMP
[   627   11.937 x1.00] LOG  🐾 Jump 1 VFX spawned!
[   633   11.981 x1.00] LOG  [ComboTrace] LAUNCH OniBoss at 0.7m dist=0.71m in 0.13s [AIRBORNE]
[   633   11.981 x1.00] LOG  [Combat] Aerial spin, 25 dmg
[   633   11.981 x1.00] LOG  [YoruVFX] Air spin: 'VFX_Void_Burst_AirSpinYoru' at CenterVFX, 46 systems, longest 1.00s fitted to 0.79s at speed 1.27, 8 forced Local, 38 delays zeroed, tail 2.37s
[   633   11.981 x1.00] LOG  OniBoss took 12 damage. HP: 2436/2500
[   633   11.981 x1.00] LOG  [Stance] OniBoss 60/100 (+10 light)
[   633   11.981 x1.00] LOG  [OniBoss] 🤕 Hit during Attack — flash only
[   633   11.981 x1.00] LOG  [CameraGameFeel] Shake: intensity=0.20 duration=0.200s
[   633   11.981 x1.00] LOG  [ComboTrace] END step=3 clipProgress=1.02 clipLen=0.79s queued=0 elapsed=0.00s
[   639   12.046 x1.00] LOG  [OniBoss:ClubPos] ClubSlam at strike: club tip 0.52m up, 2.91m in front, -0.09m to his right (2.91m out from his centre). Club faces 9deg from his forward, pitch -0.27. (the ground wave is born 1.6m in front of him at 0.35m.)
[   639   12.046 x1.00] LOG  [OniBoss:Layer] ClubSlam: club has not connected — ground wave released ARMED, 1.6m in front, 12m/s x 6.0m = 0.50s, carrying 10 (half of the club's 20).
[   639   12.046 x1.00] LOG  [CameraGameFeel] Shake: intensity=0.50 duration=0.400s
[   639   12.046 x1.00] LOG  [Peach] heavy hit 20 dmg: 3 bites. 13/16 bites = 3.25 of 4 peaches
[   639   12.046 x1.00] ERR  Material 'M_VFX_Disc_Windup_Air_01 (Instance)' with Shader 'Vefects/SH_Vefects_BIRP_Disc_Windup_01' doesn't have a color property '_Color'
        at UnityEngine.Material:get_color ()
        at PlayerCombat:FlashDamage () (at Assets/Scripts/Combat/PlayerCombat.cs:2832)
        at PlayerCombat:PlayHitReaction (bool,UnityEngine.Vector3,bool) (at Assets/Scripts/Combat/PlayerCombat.cs:2361)
        at PlayerHealth:TakeDamage (int,bool,UnityEngine.Vector3,bool) (at Assets/Scripts/Player/PlayerHealth.cs:210)
[   639   12.046 x1.00] ERR  Material 'M_VFX_Disc_Windup_Air_02 (Instance)' with Shader 'Vefects/SH_Vefects_BIRP_Disc_Windup_01' doesn't have a color property '_Color'
        at UnityEngine.Material:get_color ()
        at PlayerCombat:FlashDamage () (at Assets/Scripts/Combat/PlayerCombat.cs:2832)
        at PlayerCombat:PlayHitReaction (bool,UnityEngine.Vector3,bool) (at Assets/Scripts/Combat/PlayerCombat.cs:2361)
        at PlayerHealth:TakeDamage (int,bool,UnityEngine.Vector3,bool) (at Assets/Scripts/Player/PlayerHealth.cs:210)
[   639   12.046 x1.00] ERR  Material 'M_VFX_Windup_Core_Add_02_Void (Instance)' with Shader 'Vefects/SH_Vefects_BIRP_Windup_Core_Add_01' doesn't have a color property '_Color'
        at UnityEngine.Material:get_color ()
        at PlayerCombat:FlashDamage () (at Assets/Scripts/Combat/PlayerCombat.cs:2832)
        at PlayerCombat:PlayHitReaction (bool,UnityEngine.Vector3,bool) (at Assets/Scripts/Combat/PlayerCombat.cs:2361)
        at PlayerHealth:TakeDamage (int,bool,UnityEngine.Vector3,bool) (at Assets/Scripts/Player/PlayerHealth.cs:210)
[   639   12.046 x1.00] ERR  Material 'M_VFX_Glow_01 (Instance)' with Shader 'Vefects/SH_Vefects_BIRP_Unlit_Simple_01' doesn't have a color property '_Color'
        at UnityEngine.Material:get_color ()
        at PlayerCombat:FlashDamage () (at Assets/Scripts/Combat/PlayerCombat.cs:2832)
        at PlayerCombat:PlayHitReaction (bool,UnityEngine.Vector3,bool) (at Assets/Scripts/Combat/PlayerCombat.cs:2361)
        at PlayerHealth:TakeDamage (int,bool,UnityEngine.Vector3,bool) (at Assets/Scripts/Player/PlayerHealth.cs:210)
[   639   12.046 x1.00] ERR  Material 'M_VFX_Glow_01 (Instance)' with Shader 'Vefects/SH_Vefects_BIRP_Unlit_Simple_01' doesn't have a color property '_Color'
        at UnityEngine.Material:get_color ()
        at PlayerCombat:FlashDamage () (at Assets/Scripts/Combat/PlayerCombat.cs:2832)
        at PlayerCombat:PlayHitReaction (bool,UnityEngine.Vector3,bool) (at Assets/Scripts/Combat/PlayerCombat.cs:2361)
        at PlayerHealth:TakeDamage (int,bool,UnityEngine.Vector3,bool) (at Assets/Scripts/Player/PlayerHealth.cs:210)
[   639   12.046 x1.00] ERR  Material 'M_VFX_Glow_01 (Instance)' with Shader 'Vefects/SH_Vefects_BIRP_Unlit_Simple_01' doesn't have a color property '_Color'
        at UnityEngine.Material:get_color ()
        at PlayerCombat:FlashDamage () (at Assets/Scripts/Combat/PlayerCombat.cs:2832)
        at PlayerCombat:PlayHitReaction (bool,UnityEngine.Vector3,bool) (at Assets/Scripts/Combat/PlayerCombat.cs:2361)
        at PlayerHealth:TakeDamage (int,bool,UnityEngine.Vector3,bool) (at Assets/Scripts/Player/PlayerHealth.cs:210)
[   639   12.046 x1.00] ERR  Material 'M_VFX_Glow_01 (Instance)' with Shader 'Vefects/SH_Vefects_BIRP_Unlit_Simple_01' doesn't have a color property '_Color'
        at UnityEngine.Material:get_color ()
        at PlayerCombat:FlashDamage () (at Assets/Scripts/Combat/PlayerCombat.cs:2832)
        at PlayerCombat:PlayHitReaction (bool,UnityEngine.Vector3,bool) (at Assets/Scripts/Combat/PlayerCombat.cs:2361)
        at PlayerHealth:TakeDamage (int,bool,UnityEngine.Vector3,bool) (at Assets/Scripts/Player/PlayerHealth.cs:210)
[   639   12.046 x1.00] ERR  Material 'M_VFX_Embers_01 (Instance)' with Shader 'Vefects/SH_Vefects_BIRP_Unlit_Simple_01' doesn't have a color property '_Color'
        at UnityEngine.Material:get_color ()
        at PlayerCombat:FlashDamage () (at Assets/Scripts/Combat/PlayerCombat.cs:2832)
        at PlayerCombat:PlayHitReaction (bool,UnityEngine.Vector3,bool) (at Assets/Scripts/Combat/PlayerCombat.cs:2361)
        at PlayerHealth:TakeDamage (int,bool,UnityEngine.Vector3,bool) (at Assets/Scripts/Player/PlayerHealth.cs:210)
[   639   12.046 x1.00] ERR  Material 'M_VFX_Embers_01 (Instance)' with Shader 'Vefects/SH_Vefects_BIRP_Unlit_Simple_01' doesn't have a color property '_Color'
        at UnityEngine.Material:get_color ()
        at PlayerCombat:FlashDamage () (at Assets/Scripts/Combat/PlayerCombat.cs:2832)
        at PlayerCombat:PlayHitReaction (bool,UnityEngine.Vector3,bool) (at Assets/Scripts/Combat/PlayerCombat.cs:2361)
        at PlayerHealth:TakeDamage (int,bool,UnityEngine.Vector3,bool) (at Assets/Scripts/Player/PlayerHealth.cs:210)
[   639   12.046 x1.00] ERR  Material 'M_VFX_Refraction_Shockwave_01 (Instance)' with Shader 'Vefects/SH_Vefects_BIRP_Refraction_Shockwave_01' doesn't have a color property '_Color'
        at UnityEngine.Material:get_color ()
        at PlayerCombat:FlashDamage () (at Assets/Scripts/Combat/PlayerCombat.cs:2832)
        at PlayerCombat:PlayHitReaction (bool,UnityEngine.Vector3,bool) (at Assets/Scripts/Combat/PlayerCombat.cs:2361)
        at PlayerHealth:TakeDamage (int,bool,UnityEngine.Vector3,bool) (at Assets/Scripts/Player/PlayerHealth.cs:210)
[   639   12.046 x1.00] ERR  Material 'M_VFX_Refraction_Shockwave_01 (Instance)' with Shader 'Vefects/SH_Vefects_BIRP_Refraction_Shockwave_01' doesn't have a color property '_Color'
        at UnityEngine.Material:get_color ()
        at PlayerCombat:FlashDamage () (at Assets/Scripts/Combat/PlayerCombat.cs:2832)
        at PlayerCombat:PlayHitReaction (bool,UnityEngine.Vector3,bool) (at Assets/Scripts/Combat/PlayerCombat.cs:2361)
        at PlayerHealth:TakeDamage (int,bool,UnityEngine.Vector3,bool) (at Assets/Scripts/Player/PlayerHealth.cs:210)
[   639   12.046 x1.00] ERR  Material 'M_VFX_Ring_Burst_02_Dark (Instance)' with Shader 'Vefects/SH_Vefects_BIRP_Unlit_Simple_LUT_01' doesn't have a color property '_Color'
        at UnityEngine.Material:get_color ()
        at PlayerCombat:FlashDamage () (at Assets/Scripts/Combat/PlayerCombat.cs:2832)
        at PlayerCombat:PlayHitReaction (bool,UnityEngine.Vector3,bool) (at Assets/Scripts/Combat/PlayerCombat.cs:2361)
        at PlayerHealth:TakeDamage (int,bool,UnityEngine.Vector3,bool) (at Assets/Scripts/Player/PlayerHealth.cs:210)
[   639   12.046 x1.00] ERR  Material 'M_VFX_Ring_Burst_02_Dark_Add (Instance)' with Shader 'Vefects/SH_Vefects_BIRP_Unlit_Simple_LUT_01' doesn't have a color property '_Color'
        at UnityEngine.Material:get_color ()
        at PlayerCombat:FlashDamage () (at Assets/Scripts/Combat/PlayerCombat.cs:2832)
        at PlayerCombat:PlayHitReaction (bool,UnityEngine.Vector3,bool) (at Assets/Scripts/Combat/PlayerCombat.cs:2361)
        at PlayerHealth:TakeDamage (int,bool,UnityEngine.Vector3,bool) (at Assets/Scripts/Player/PlayerHealth.cs:210)
[   639   12.046 x1.00] ERR  Material 'M_VFX_Impact_Hemisphere_02_Void (Instance)' with Shader 'Vefects/SH_Vefects_BIRP_Impact_Hemisphere_01' doesn't have a color property '_Color'
        at UnityEngine.Material:get_color ()
        at PlayerCombat:FlashDamage () (at Assets/Scripts/Combat/PlayerCombat.cs:2832)
        at PlayerCombat:PlayHitReaction (bool,UnityEngine.Vector3,bool) (at Assets/Scripts/Combat/PlayerCombat.cs:2361)
        at PlayerHealth:TakeDamage (int,bool,UnityEngine.Vector3,bool) (at Assets/Scripts/Player/PlayerHealth.cs:210)
[   639   12.046 x1.00] ERR  Material 'M_VFX_Impact_Hemisphere_02_Void_Inverted (Instance)' with Shader 'Vefects/SH_Vefects_BIRP_Impact_Hemisphere_01' doesn't have a color property '_Color'
        at UnityEngine.Material:get_color ()
        at PlayerCombat:FlashDamage () (at Assets/Scripts/Combat/PlayerCombat.cs:2832)
        at PlayerCombat:PlayHitReaction (bool,UnityEngine.Vector3,bool) (at Assets/Scripts/Combat/PlayerCombat.cs:2361)
        at PlayerHealth:TakeDamage (int,bool,UnityEngine.Vector3,bool) (at Assets/Scripts/Player/PlayerHealth.cs:210)
[   639   12.046 x1.00] ERR  Material 'M_VFX_Impact_HP_01_Dark (Instance)' with Shader 'Vefects/SH_Vefects_BIRP_Unlit_Simple_LUT_01' doesn't have a color property '_Color'
        at UnityEngine.Material:get_color ()
        at PlayerCombat:FlashDamage () (at Assets/Scripts/Combat/PlayerCombat.cs:2832)
        at PlayerCombat:PlayHitReaction (bool,UnityEngine.Vector3,bool) (at Assets/Scripts/Combat/PlayerCombat.cs:2361)
        at PlayerHealth:TakeDamage (int,bool,UnityEngine.Vector3,bool) (at Assets/Scripts/Player/PlayerHealth.cs:210)
[   639   12.046 x1.00] ERR  Material 'M_VFX_Impact_HP_01_Dark (Instance)' with Shader 'Vefects/SH_Vefects_BIRP_Unlit_Simple_LUT_01' doesn't have a color property '_Color'
        at UnityEngine.Material:get_color ()
        at PlayerCombat:FlashDamage () (at Assets/Scripts/Combat/PlayerCombat.cs:2832)
        at PlayerCombat:PlayHitReaction (bool,UnityEngine.Vector3,bool) (at Assets/Scripts/Combat/PlayerCombat.cs:2361)
        at PlayerHealth:TakeDamage (int,bool,UnityEngine.Vector3,bool) (at Assets/Scripts/Player/PlayerHealth.cs:210)
[   639   12.046 x1.00] ERR  Material 'M_VFX_Spike_01 (Instance)' with Shader 'Vefects/SH_Vefects_BIRP_Unlit_Simple_01' doesn't have a color property '_Color'
        at UnityEngine.Material:get_color ()
        at PlayerCombat:FlashDamage () (at Assets/Scripts/Combat/PlayerCombat.cs:2832)
        at PlayerCombat:PlayHitReaction (bool,UnityEngine.Vector3,bool) (at Assets/Scripts/Combat/PlayerCombat.cs:2361)
        at PlayerHealth:TakeDamage (int,bool,UnityEngine.Vector3,bool) (at Assets/Scripts/Player/PlayerHealth.cs:210)
[   639   12.046 x1.00] ERR  Material 'M_VFX_Energy_Balls_01 (Instance)' with Shader 'Vefects/SH_Vefects_BIRP_Thin_Smoke_01' doesn't have a color property '_Color'
        at UnityEngine.Material:get_color ()
        at PlayerCombat:FlashDamage () (at Assets/Scripts/Combat/PlayerCombat.cs:2832)
        at PlayerCombat:PlayHitReaction (bool,UnityEngine.Vector3,bool) (at Assets/Scripts/Combat/PlayerCombat.cs:2361)
        at PlayerHealth:TakeDamage (int,bool,UnityEngine.Vector3,bool) (at Assets/Scripts/Player/PlayerHealth.cs:210)
[   639   12.046 x1.00] ERR  Material 'M_VFX_Central_Area_01_Void (Instance)' with Shader 'Vefects/SH_Vefects_BIRP_Central_Area_01' doesn't have a color property '_Color'
        at UnityEngine.Material:get_color ()
        at PlayerCombat:FlashDamage () (at Assets/Scripts/Combat/PlayerCombat.cs:2832)
        at PlayerCombat:PlayHitReaction (bool,UnityEngine.Vector3,bool) (at Assets/Scripts/Combat/PlayerCombat.cs:2361)
        at PlayerHealth:TakeDamage (int,bool,UnityEngine.Vector3,bool) (at Assets/Scripts/Player/PlayerHealth.cs:210)
[   639   12.046 x1.00] ERR  Material 'M_VFX_Central_Area_02_Void (Instance)' with Shader 'Vefects/SH_Vefects_BIRP_Central_Area_01' doesn't have a color property '_Color'
        at UnityEngine.Material:get_color ()
        at PlayerCombat:FlashDamage () (at Assets/Scripts/Combat/PlayerCombat.cs:2832)
        at PlayerCombat:PlayHitReaction (bool,UnityEngine.Vector3,bool) (at Assets/Scripts/Combat/PlayerCombat.cs:2361)
        at PlayerHealth:TakeDamage (int,bool,UnityEngine.Vector3,bool) (at Assets/Scripts/Player/PlayerHealth.cs:210)
[   639   12.046 x1.00] ERR  Material 'M_VFX_Disc_Windup_Air_01 (Instance)' with Shader 'Vefects/SH_Vefects_BIRP_Disc_Windup_01' doesn't have a color property '_Color'
        at UnityEngine.Material:get_color ()
        at PlayerCombat:FlashDamage () (at Assets/Scripts/Combat/PlayerCombat.cs:2832)
        at PlayerCombat:PlayHitReaction (bool,UnityEngine.Vector3,bool) (at Assets/Scripts/Combat/PlayerCombat.cs:2361)
        at PlayerHealth:TakeDamage (int,bool,UnityEngine.Vector3,bool) (at Assets/Scripts/Player/PlayerHealth.cs:210)
[   639   12.046 x1.00] ERR  Material 'M_VFX_Disc_Windup_Air_02 (Instance)' with Shader 'Vefects/SH_Vefects_BIRP_Disc_Windup_01' doesn't have a color property '_Color'
        at UnityEngine.Material:get_color ()
        at PlayerCombat:FlashDamage () (at Assets/Scripts/Combat/PlayerCombat.cs:2832)
        at PlayerCombat:PlayHitReaction (bool,UnityEngine.Vector3,bool) (at Assets/Scripts/Combat/PlayerCombat.cs:2361)
        at PlayerHealth:TakeDamage (int,bool,UnityEngine.Vector3,bool) (at Assets/Scripts/Player/PlayerHealth.cs:210)
[   639   12.046 x1.00] ERR  Material 'M_VFX_Windup_Core_Add_02_Void (Instance)' with Shader 'Vefects/SH_Vefects_BIRP_Windup_Core_Add_01' doesn't have a color property '_Color'
        at UnityEngine.Material:get_color ()
        at PlayerCombat:FlashDamage () (at Assets/Scripts/Combat/PlayerCombat.cs:2832)
        at PlayerCombat:PlayHitReaction (bool,UnityEngine.Vector3,bool) (at Assets/Scripts/Combat/PlayerCombat.cs:2361)
        at PlayerHealth:TakeDamage (int,bool,UnityEngine.Vector3,bool) (at Assets/Scripts/Player/PlayerHealth.cs:210)
[   639   12.046 x1.00] ERR  Material 'M_VFX_Glow_01 (Instance)' with Shader 'Vefects/SH_Vefects_BIRP_Unlit_Simple_01' doesn't have a color property '_Color'
        at UnityEngine.Material:get_color ()
        at PlayerCombat:FlashDamage () (at Assets/Scripts/Combat/PlayerCombat.cs:2832)
        at PlayerCombat:PlayHitReaction (bool,UnityEngine.Vector3,bool) (at Assets/Scripts/Combat/PlayerCombat.cs:2361)
        at PlayerHealth:TakeDamage (int,bool,UnityEngine.Vector3,bool) (at Assets/Scripts/Player/PlayerHealth.cs:210)
[   639   12.046 x1.00] ERR  Material 'M_VFX_Glow_01 (Instance)' with Shader 'Vefects/SH_Vefects_BIRP_Unlit_Simple_01' doesn't have a color property '_Color'
        at UnityEngine.Material:get_color ()
        at PlayerCombat:FlashDamage () (at Assets/Scripts/Combat/PlayerCombat.cs:2832)
        at PlayerCombat:PlayHitReaction (bool,UnityEngine.Vector3,bool) (at Assets/Scripts/Combat/PlayerCombat.cs:2361)
        at PlayerHealth:TakeDamage (int,bool,UnityEngine.Vector3,bool) (at Assets/Scripts/Player/PlayerHealth.cs:210)
[   639   12.046 x1.00] ERR  Material 'M_VFX_Glow_01 (Instance)' with Shader 'Vefects/SH_Vefects_BIRP_Unlit_Simple_01' doesn't have a color property '_Color'
        at UnityEngine.Material:get_color ()
        at PlayerCombat:FlashDamage () (at Assets/Scripts/Combat/PlayerCombat.cs:2832)
        at PlayerCombat:PlayHitReaction (bool,UnityEngine.Vector3,bool) (at Assets/Scripts/Combat/PlayerCombat.cs:2361)
        at PlayerHealth:TakeDamage (int,bool,UnityEngine.Vector3,bool) (at Assets/Scripts/Player/PlayerHealth.cs:210)
[   639   12.046 x1.00] ERR  Material 'M_VFX_Glow_01 (Instance)' with Shader 'Vefects/SH_Vefects_BIRP_Unlit_Simple_01' doesn't have a color property '_Color'
        at UnityEngine.Material:get_color ()
        at PlayerCombat:FlashDamage () (at Assets/Scripts/Combat/PlayerCombat.cs:2832)
        at PlayerCombat:PlayHitReaction (bool,UnityEngine.Vector3,bool) (at Assets/Scripts/Combat/PlayerCombat.cs:2361)
        at PlayerHealth:TakeDamage (int,bool,UnityEngine.Vector3,bool) (at Assets/Scripts/Player/PlayerHealth.cs:210)
[   639   12.046 x1.00] ERR  Material 'M_VFX_Embers_01 (Instance)' with Shader 'Vefects/SH_Vefects_BIRP_Unlit_Simple_01' doesn't have a color property '_Color'
        at UnityEngine.Material:get_color ()
        at PlayerCombat:FlashDamage () (at Assets/Scripts/Combat/PlayerCombat.cs:2832)
        at PlayerCombat:PlayHitReaction (bool,UnityEngine.Vector3,bool) (at Assets/Scripts/Combat/PlayerCombat.cs:2361)
        at PlayerHealth:TakeDamage (int,bool,UnityEngine.Vector3,bool) (at Assets/Scripts/Player/PlayerHealth.cs:210)
[   639   12.046 x1.00] ERR  Material 'M_VFX_Embers_01 (Instance)' with Shader 'Vefects/SH_Vefects_BIRP_Unlit_Simple_01' doesn't have a color property '_Color'
        at UnityEngine.Material:get_color ()
        at PlayerCombat:FlashDamage () (at Assets/Scripts/Combat/PlayerCombat.cs:2832)
        at PlayerCombat:PlayHitReaction (bool,UnityEngine.Vector3,bool) (at Assets/Scripts/Combat/PlayerCombat.cs:2361)
        at PlayerHealth:TakeDamage (int,bool,UnityEngine.Vector3,bool) (at Assets/Scripts/Player/PlayerHealth.cs:210)
[   639   12.046 x1.00] ERR  Material 'M_VFX_Refraction_Shockwave_01 (Instance)' with Shader 'Vefects/SH_Vefects_BIRP_Refraction_Shockwave_01' doesn't have a color property '_Color'
        at UnityEngine.Material:get_color ()
        at PlayerCombat:FlashDamage () (at Assets/Scripts/Combat/PlayerCombat.cs:2832)
        at PlayerCombat:PlayHitReaction (bool,UnityEngine.Vector3,bool) (at Assets/Scripts/Combat/PlayerCombat.cs:2361)
        at PlayerHealth:TakeDamage (int,bool,UnityEngine.Vector3,bool) (at Assets/Scripts/Player/PlayerHealth.cs:210)
[   639   12.046 x1.00] ERR  Material 'M_VFX_Refraction_Shockwave_01 (Instance)' with Shader 'Vefects/SH_Vefects_BIRP_Refraction_Shockwave_01' doesn't have a color property '_Color'
        at UnityEngine.Material:get_color ()
        at PlayerCombat:FlashDamage () (at Assets/Scripts/Combat/PlayerCombat.cs:2832)
        at PlayerCombat:PlayHitReaction (bool,UnityEngine.Vector3,bool) (at Assets/Scripts/Combat/PlayerCombat.cs:2361)
        at PlayerHealth:TakeDamage (int,bool,UnityEngine.Vector3,bool) (at Assets/Scripts/Player/PlayerHealth.cs:210)
[   639   12.046 x1.00] ERR  Material 'M_VFX_Ring_Burst_02_Dark (Instance)' with Shader 'Vefects/SH_Vefects_BIRP_Unlit_Simple_LUT_01' doesn't have a color property '_Color'
        at UnityEngine.Material:get_color ()
        at PlayerCombat:FlashDamage () (at Assets/Scripts/Combat/PlayerCombat.cs:2832)
        at PlayerCombat:PlayHitReaction (bool,UnityEngine.Vector3,bool) (at Assets/Scripts/Combat/PlayerCombat.cs:2361)
        at PlayerHealth:TakeDamage (int,bool,UnityEngine.Vector3,bool) (at Assets/Scripts/Player/PlayerHealth.cs:210)
[   639   12.046 x1.00] ERR  Material 'M_VFX_Ring_Burst_02_Dark_Add (Instance)' with Shader 'Vefects/SH_Vefects_BIRP_Unlit_Simple_LUT_01' doesn't have a color property '_Color'
        at UnityEngine.Material:get_color ()
        at PlayerCombat:FlashDamage () (at Assets/Scripts/Combat/PlayerCombat.cs:2832)
        at PlayerCombat:PlayHitReaction (bool,UnityEngine.Vector3,bool) (at Assets/Scripts/Combat/PlayerCombat.cs:2361)
        at PlayerHealth:TakeDamage (int,bool,UnityEngine.Vector3,bool) (at Assets/Scripts/Player/PlayerHealth.cs:210)
[   639   12.046 x1.00] ERR  Material 'M_VFX_Impact_Hemisphere_02_Void (Instance)' with Shader 'Vefects/SH_Vefects_BIRP_Impact_Hemisphere_01' doesn't have a color property '_Color'
        at UnityEngine.Material:get_color ()
        at PlayerCombat:FlashDamage () (at Assets/Scripts/Combat/PlayerCombat.cs:2832)
        at PlayerCombat:PlayHitReaction (bool,UnityEngine.Vector3,bool) (at Assets/Scripts/Combat/PlayerCombat.cs:2361)
        at PlayerHealth:TakeDamage (int,bool,UnityEngine.Vector3,bool) (at Assets/Scripts/Player/PlayerHealth.cs:210)
[   639   12.046 x1.00] ERR  Material 'M_VFX_Impact_Hemisphere_02_Void_Inverted (Instance)' with Shader 'Vefects/SH_Vefects_BIRP_Impact_Hemisphere_01' doesn't have a color property '_Color'
        at UnityEngine.Material:get_color ()
        at PlayerCombat:FlashDamage () (at Assets/Scripts/Combat/PlayerCombat.cs:2832)
        at PlayerCombat:PlayHitReaction (bool,UnityEngine.Vector3,bool) (at Assets/Scripts/Combat/PlayerCombat.cs:2361)
        at PlayerHealth:TakeDamage (int,bool,UnityEngine.Vector3,bool) (at Assets/Scripts/Player/PlayerHealth.cs:210)
[   639   12.046 x1.00] ERR  Material 'M_VFX_Impact_HP_01_Dark (Instance)' with Shader 'Vefects/SH_Vefects_BIRP_Unlit_Simple_LUT_01' doesn't have a color property '_Color'
        at UnityEngine.Material:get_color ()
        at PlayerCombat:FlashDamage () (at Assets/Scripts/Combat/PlayerCombat.cs:2832)
        at PlayerCombat:PlayHitReaction (bool,UnityEngine.Vector3,bool) (at Assets/Scripts/Combat/PlayerCombat.cs:2361)
        at PlayerHealth:TakeDamage (int,bool,UnityEngine.Vector3,bool) (at Assets/Scripts/Player/PlayerHealth.cs:210)
[   639   12.046 x1.00] ERR  Material 'M_VFX_Impact_HP_01_Dark (Instance)' with Shader 'Vefects/SH_Vefects_BIRP_Unlit_Simple_LUT_01' doesn't have a color property '_Color'
        at UnityEngine.Material:get_color ()
        at PlayerCombat:FlashDamage () (at Assets/Scripts/Combat/PlayerCombat.cs:2832)
        at PlayerCombat:PlayHitReaction (bool,UnityEngine.Vector3,bool) (at Assets/Scripts/Combat/PlayerCombat.cs:2361)
        at PlayerHealth:TakeDamage (int,bool,UnityEngine.Vector3,bool) (at Assets/Scripts/Player/PlayerHealth.cs:210)
[   639   12.046 x1.00] ERR  Material 'M_VFX_Spike_01 (Instance)' with Shader 'Vefects/SH_Vefects_BIRP_Unlit_Simple_01' doesn't have a color property '_Color'
        at UnityEngine.Material:get_color ()
        at PlayerCombat:FlashDamage () (at Assets/Scripts/Combat/PlayerCombat.cs:2832)
        at PlayerCombat:PlayHitReaction (bool,UnityEngine.Vector3,bool) (at Assets/Scripts/Combat/PlayerCombat.cs:2361)
        at PlayerHealth:TakeDamage (int,bool,UnityEngine.Vector3,bool) (at Assets/Scripts/Player/PlayerHealth.cs:210)
[   639   12.046 x1.00] ERR  Material 'M_VFX_Energy_Balls_01 (Instance)' with Shader 'Vefects/SH_Vefects_BIRP_Thin_Smoke_01' doesn't have a color property '_Color'
        at UnityEngine.Material:get_color ()
        at PlayerCombat:FlashDamage () (at Assets/Scripts/Combat/PlayerCombat.cs:2832)
        at PlayerCombat:PlayHitReaction (bool,UnityEngine.Vector3,bool) (at Assets/Scripts/Combat/PlayerCombat.cs:2361)
        at PlayerHealth:TakeDamage (int,bool,UnityEngine.Vector3,bool) (at Assets/Scripts/Player/PlayerHealth.cs:210)
[   639   12.046 x1.00] ERR  Material 'M_VFX_Central_Area_01_Void (Instance)' with Shader 'Vefects/SH_Vefects_BIRP_Central_Area_01' doesn't have a color property '_Color'
        at UnityEngine.Material:get_color ()
        at PlayerCombat:FlashDamage () (at Assets/Scripts/Combat/PlayerCombat.cs:2832)
        at PlayerCombat:PlayHitReaction (bool,UnityEngine.Vector3,bool) (at Assets/Scripts/Combat/PlayerCombat.cs:2361)
        at PlayerHealth:TakeDamage (int,bool,UnityEngine.Vector3,bool) (at Assets/Scripts/Player/PlayerHealth.cs:210)
[   639   12.046 x1.00] ERR  Material 'M_VFX_Central_Area_02_Void (Instance)' with Shader 'Vefects/SH_Vefects_BIRP_Central_Area_01' doesn't have a color property '_Color'
        at UnityEngine.Material:get_color ()
        at PlayerCombat:FlashDamage () (at Assets/Scripts/Combat/PlayerCombat.cs:2832)
        at PlayerCombat:PlayHitReaction (bool,UnityEngine.Vector3,bool) (at Assets/Scripts/Combat/PlayerCombat.cs:2361)
        at PlayerHealth:TakeDamage (int,bool,UnityEngine.Vector3,bool) (at Assets/Scripts/Player/PlayerHealth.cs:210)
[   639   12.046 x1.00] ERR  Material 'M_VFX_Disc_Windup_Air_01 (Instance)' with Shader 'Vefects/SH_Vefects_BIRP_Disc_Windup_01' doesn't have a color property '_Color'
        at UnityEngine.Material:get_color ()
        at PlayerCombat:FlashDamage () (at Assets/Scripts/Combat/PlayerCombat.cs:2832)
        at PlayerCombat:PlayHitReaction (bool,UnityEngine.Vector3,bool) (at Assets/Scripts/Combat/PlayerCombat.cs:2361)
        at PlayerHealth:TakeDamage (int,bool,UnityEngine.Vector3,bool) (at Assets/Scripts/Player/PlayerHealth.cs:210)
[   639   12.046 x1.00] ERR  Material 'M_VFX_Disc_Windup_Air_02 (Instance)' with Shader 'Vefects/SH_Vefects_BIRP_Disc_Windup_01' doesn't have a color property '_Color'
        at UnityEngine.Material:get_color ()
        at PlayerCombat:FlashDamage () (at Assets/Scripts/Combat/PlayerCombat.cs:2832)
        at PlayerCombat:PlayHitReaction (bool,UnityEngine.Vector3,bool) (at Assets/Scripts/Combat/PlayerCombat.cs:2361)
        at PlayerHealth:TakeDamage (int,bool,UnityEngine.Vector3,bool) (at Assets/Scripts/Player/PlayerHealth.cs:210)
[   639   12.046 x1.00] ERR  Material 'M_VFX_Windup_Core_Add_02_Void (Instance)' with Shader 'Vefects/SH_Vefects_BIRP_Windup_Core_Add_01' doesn't have a color property '_Color'
        at UnityEngine.Material:get_color ()
        at PlayerCombat:FlashDamage () (at Assets/Scripts/Combat/PlayerCombat.cs:2832)
        at PlayerCombat:PlayHitReaction (bool,UnityEngine.Vector3,bool) (at Assets/Scripts/Combat/PlayerCombat.cs:2361)
        at PlayerHealth:TakeDamage (int,bool,UnityEngine.Vector3,bool) (at Assets/Scripts/Player/PlayerHealth.cs:210)
[   639   12.046 x1.00] ERR  Material 'M_VFX_Glow_01 (Instance)' with Shader 'Vefects/SH_Vefects_BIRP_Unlit_Simple_01' doesn't have a color property '_Color'
        at UnityEngine.Material:get_color ()
        at PlayerCombat:FlashDamage () (at Assets/Scripts/Combat/PlayerCombat.cs:2832)
        at PlayerCombat:PlayHitReaction (bool,UnityEngine.Vector3,bool) (at Assets/Scripts/Combat/PlayerCombat.cs:2361)
        at PlayerHealth:TakeDamage (int,bool,UnityEngine.Vector3,bool) (at Assets/Scripts/Player/PlayerHealth.cs:210)
[   639   12.046 x1.00] ERR  Material 'M_VFX_Glow_01 (Instance)' with Shader 'Vefects/SH_Vefects_BIRP_Unlit_Simple_01' doesn't have a color property '_Color'
        at UnityEngine.Material:get_color ()
        at PlayerCombat:FlashDamage () (at Assets/Scripts/Combat/PlayerCombat.cs:2832)
        at PlayerCombat:PlayHitReaction (bool,UnityEngine.Vector3,bool) (at Assets/Scripts/Combat/PlayerCombat.cs:2361)
        at PlayerHealth:TakeDamage (int,bool,UnityEngine.Vector3,bool) (at Assets/Scripts/Player/PlayerHealth.cs:210)
[   639   12.046 x1.00] ERR  Material 'M_VFX_Glow_01 (Instance)' with Shader 'Vefects/SH_Vefects_BIRP_Unlit_Simple_01' doesn't have a color property '_Color'
        at UnityEngine.Material:get_color ()
        at PlayerCombat:FlashDamage () (at Assets/Scripts/Combat/PlayerCombat.cs:2832)
        at PlayerCombat:PlayHitReaction (bool,UnityEngine.Vector3,bool) (at Assets/Scripts/Combat/PlayerCombat.cs:2361)
        at PlayerHealth:TakeDamage (int,bool,UnityEngine.Vector3,bool) (at Assets/Scripts/Player/PlayerHealth.cs:210)
[   639   12.046 x1.00] ERR  Material 'M_VFX_Glow_01 (Instance)' with Shader 'Vefects/SH_Vefects_BIRP_Unlit_Simple_01' doesn't have a color property '_Color'
        at UnityEngine.Material:get_color ()
        at PlayerCombat:FlashDamage () (at Assets/Scripts/Combat/PlayerCombat.cs:2832)
        at PlayerCombat:PlayHitReaction (bool,UnityEngine.Vector3,bool) (at Assets/Scripts/Combat/PlayerCombat.cs:2361)
        at PlayerHealth:TakeDamage (int,bool,UnityEngine.Vector3,bool) (at Assets/Scripts/Player/PlayerHealth.cs:210)
[   639   12.046 x1.00] ERR  Material 'M_VFX_Embers_01 (Instance)' with Shader 'Vefects/SH_Vefects_BIRP_Unlit_Simple_01' doesn't have a color property '_Color'
        at UnityEngine.Material:get_color ()
        at PlayerCombat:FlashDamage () (at Assets/Scripts/Combat/PlayerCombat.cs:2832)
        at PlayerCombat:PlayHitReaction (bool,UnityEngine.Vector3,bool) (at Assets/Scripts/Combat/PlayerCombat.cs:2361)
        at PlayerHealth:TakeDamage (int,bool,UnityEngine.Vector3,bool) (at Assets/Scripts/Player/PlayerHealth.cs:210)
[   639   12.046 x1.00] ERR  Material 'M_VFX_Embers_01 (Instance)' with Shader 'Vefects/SH_Vefects_BIRP_Unlit_Simple_01' doesn't have a color property '_Color'
        at UnityEngine.Material:get_color ()
        at PlayerCombat:FlashDamage () (at Assets/Scripts/Combat/PlayerCombat.cs:2832)
        at PlayerCombat:PlayHitReaction (bool,UnityEngine.Vector3,bool) (at Assets/Scripts/Combat/PlayerCombat.cs:2361)
        at PlayerHealth:TakeDamage (int,bool,UnityEngine.Vector3,bool) (at Assets/Scripts/Player/PlayerHealth.cs:210)
[   639   12.046 x1.00] ERR  Material 'M_VFX_Refraction_Shockwave_01 (Instance)' with Shader 'Vefects/SH_Vefects_BIRP_Refraction_Shockwave_01' doesn't have a color property '_Color'
        at UnityEngine.Material:get_color ()
        at PlayerCombat:FlashDamage () (at Assets/Scripts/Combat/PlayerCombat.cs:2832)
        at PlayerCombat:PlayHitReaction (bool,UnityEngine.Vector3,bool) (at Assets/Scripts/Combat/PlayerCombat.cs:2361)
        at PlayerHealth:TakeDamage (int,bool,UnityEngine.Vector3,bool) (at Assets/Scripts/Player/PlayerHealth.cs:210)
[   639   12.046 x1.00] ERR  Material 'M_VFX_Refraction_Shockwave_01 (Instance)' with Shader 'Vefects/SH_Vefects_BIRP_Refraction_Shockwave_01' doesn't have a color property '_Color'
        at UnityEngine.Material:get_color ()
        at PlayerCombat:FlashDamage () (at Assets/Scripts/Combat/PlayerCombat.cs:2832)
        at PlayerCombat:PlayHitReaction (bool,UnityEngine.Vector3,bool) (at Assets/Scripts/Combat/PlayerCombat.cs:2361)
        at PlayerHealth:TakeDamage (int,bool,UnityEngine.Vector3,bool) (at Assets/Scripts/Player/PlayerHealth.cs:210)
[   639   12.046 x1.00] ERR  Material 'M_VFX_Ring_Burst_02_Dark (Instance)' with Shader 'Vefects/SH_Vefects_BIRP_Unlit_Simple_LUT_01' doesn't have a color property '_Color'
        at UnityEngine.Material:get_color ()
        at PlayerCombat:FlashDamage () (at Assets/Scripts/Combat/PlayerCombat.cs:2832)
        at PlayerCombat:PlayHitReaction (bool,UnityEngine.Vector3,bool) (at Assets/Scripts/Combat/PlayerCombat.cs:2361)
        at PlayerHealth:TakeDamage (int,bool,UnityEngine.Vector3,bool) (at Assets/Scripts/Player/PlayerHealth.cs:210)
[   639   12.046 x1.00] ERR  Material 'M_VFX_Ring_Burst_02_Dark_Add (Instance)' with Shader 'Vefects/SH_Vefects_BIRP_Unlit_Simple_LUT_01' doesn't have a color property '_Color'
        at UnityEngine.Material:get_color ()
        at PlayerCombat:FlashDamage () (at Assets/Scripts/Combat/PlayerCombat.cs:2832)
        at PlayerCombat:PlayHitReaction (bool,UnityEngine.Vector3,bool) (at Assets/Scripts/Combat/PlayerCombat.cs:2361)
        at PlayerHealth:TakeDamage (int,bool,UnityEngine.Vector3,bool) (at Assets/Scripts/Player/PlayerHealth.cs:210)
[   639   12.046 x1.00] ERR  Material 'M_VFX_Impact_Hemisphere_02_Void (Instance)' with Shader 'Vefects/SH_Vefects_BIRP_Impact_Hemisphere_01' doesn't have a color property '_Color'
        at UnityEngine.Material:get_color ()
        at PlayerCombat:FlashDamage () (at Assets/Scripts/Combat/PlayerCombat.cs:2832)
        at PlayerCombat:PlayHitReaction (bool,UnityEngine.Vector3,bool) (at Assets/Scripts/Combat/PlayerCombat.cs:2361)
        at PlayerHealth:TakeDamage (int,bool,UnityEngine.Vector3,bool) (at Assets/Scripts/Player/PlayerHealth.cs:210)
[   639   12.046 x1.00] ERR  Material 'M_VFX_Impact_Hemisphere_02_Void_Inverted (Instance)' with Shader 'Vefects/SH_Vefects_BIRP_Impact_Hemisphere_01' doesn't have a color property '_Color'
        at UnityEngine.Material:get_color ()
        at PlayerCombat:FlashDamage () (at Assets/Scripts/Combat/PlayerCombat.cs:2832)
        at PlayerCombat:PlayHitReaction (bool,UnityEngine.Vector3,bool) (at Assets/Scripts/Combat/PlayerCombat.cs:2361)
        at PlayerHealth:TakeDamage (int,bool,UnityEngine.Vector3,bool) (at Assets/Scripts/Player/PlayerHealth.cs:210)
[   639   12.046 x1.00] ERR  Material 'M_VFX_Impact_HP_01_Dark (Instance)' with Shader 'Vefects/SH_Vefects_BIRP_Unlit_Simple_LUT_01' doesn't have a color property '_Color'
        at UnityEngine.Material:get_color ()
        at PlayerCombat:FlashDamage () (at Assets/Scripts/Combat/PlayerCombat.cs:2832)
        at PlayerCombat:PlayHitReaction (bool,UnityEngine.Vector3,bool) (at Assets/Scripts/Combat/PlayerCombat.cs:2361)
        at PlayerHealth:TakeDamage (int,bool,UnityEngine.Vector3,bool) (at Assets/Scripts/Player/PlayerHealth.cs:210)
[   639   12.046 x1.00] ERR  Material 'M_VFX_Impact_HP_01_Dark (Instance)' with Shader 'Vefects/SH_Vefects_BIRP_Unlit_Simple_LUT_01' doesn't have a color property '_Color'
        at UnityEngine.Material:get_color ()
        at PlayerCombat:FlashDamage () (at Assets/Scripts/Combat/PlayerCombat.cs:2832)
        at PlayerCombat:PlayHitReaction (bool,UnityEngine.Vector3,bool) (at Assets/Scripts/Combat/PlayerCombat.cs:2361)
        at PlayerHealth:TakeDamage (int,bool,UnityEngine.Vector3,bool) (at Assets/Scripts/Player/PlayerHealth.cs:210)
[   639   12.046 x1.00] ERR  Material 'M_VFX_Spike_01 (Instance)' with Shader 'Vefects/SH_Vefects_BIRP_Unlit_Simple_01' doesn't have a color property '_Color'
        at UnityEngine.Material:get_color ()
        at PlayerCombat:FlashDamage () (at Assets/Scripts/Combat/PlayerCombat.cs:2832)
        at PlayerCombat:PlayHitReaction (bool,UnityEngine.Vector3,bool) (at Assets/Scripts/Combat/PlayerCombat.cs:2361)
        at PlayerHealth:TakeDamage (int,bool,UnityEngine.Vector3,bool) (at Assets/Scripts/Player/PlayerHealth.cs:210)
[   639   12.046 x1.00] ERR  Material 'M_VFX_Energy_Balls_01 (Instance)' with Shader 'Vefects/SH_Vefects_BIRP_Thin_Smoke_01' doesn't have a color property '_Color'
        at UnityEngine.Material:get_color ()
        at PlayerCombat:FlashDamage () (at Assets/Scripts/Combat/PlayerCombat.cs:2832)
        at PlayerCombat:PlayHitReaction (bool,UnityEngine.Vector3,bool) (at Assets/Scripts/Combat/PlayerCombat.cs:2361)
        at PlayerHealth:TakeDamage (int,bool,UnityEngine.Vector3,bool) (at Assets/Scripts/Player/PlayerHealth.cs:210)
[   639   12.046 x1.00] ERR  Material 'M_VFX_Central_Area_01_Void (Instance)' with Shader 'Vefects/SH_Vefects_BIRP_Central_Area_01' doesn't have a color property '_Color'
        at UnityEngine.Material:get_color ()
        at PlayerCombat:FlashDamage () (at Assets/Scripts/Combat/PlayerCombat.cs:2832)
        at PlayerCombat:PlayHitReaction (bool,UnityEngine.Vector3,bool) (at Assets/Scripts/Combat/PlayerCombat.cs:2361)
        at PlayerHealth:TakeDamage (int,bool,UnityEngine.Vector3,bool) (at Assets/Scripts/Player/PlayerHealth.cs:210)
[   639   12.046 x1.00] ERR  Material 'M_VFX_Central_Area_02_Void (Instance)' with Shader 'Vefects/SH_Vefects_BIRP_Central_Area_01' doesn't have a color property '_Color'
        at UnityEngine.Material:get_color ()
        at PlayerCombat:FlashDamage () (at Assets/Scripts/Combat/PlayerCombat.cs:2832)
        at PlayerCombat:PlayHitReaction (bool,UnityEngine.Vector3,bool) (at Assets/Scripts/Combat/PlayerCombat.cs:2361)
        at PlayerHealth:TakeDamage (int,bool,UnityEngine.Vector3,bool) (at Assets/Scripts/Player/PlayerHealth.cs:210)
[   639   12.046 x1.00] ERR  Material 'M_VFX_Disc_Windup_Air_01 (Instance)' with Shader 'Vefects/SH_Vefects_BIRP_Disc_Windup_01' doesn't have a color property '_Color'
        at UnityEngine.Material:get_color ()
        at PlayerCombat:FlashDamage () (at Assets/Scripts/Combat/PlayerCombat.cs:2832)
        at PlayerCombat:PlayHitReaction (bool,UnityEngine.Vector3,bool) (at Assets/Scripts/Combat/PlayerCombat.cs:2361)
        at PlayerHealth:TakeDamage (int,bool,UnityEngine.Vector3,bool) (at Assets/Scripts/Player/PlayerHealth.cs:210)
[   639   12.046 x1.00] ERR  Material 'M_VFX_Disc_Windup_Air_02 (Instance)' with Shader 'Vefects/SH_Vefects_BIRP_Disc_Windup_01' doesn't have a color property '_Color'
        at UnityEngine.Material:get_color ()
        at PlayerCombat:FlashDamage () (at Assets/Scripts/Combat/PlayerCombat.cs:2832)
        at PlayerCombat:PlayHitReaction (bool,UnityEngine.Vector3,bool) (at Assets/Scripts/Combat/PlayerCombat.cs:2361)
        at PlayerHealth:TakeDamage (int,bool,UnityEngine.Vector3,bool) (at Assets/Scripts/Player/PlayerHealth.cs:210)
[   639   12.046 x1.00] ERR  Material 'M_VFX_Windup_Core_Add_02_Void (Instance)' with Shader 'Vefects/SH_Vefects_BIRP_Windup_Core_Add_01' doesn't have a color property '_Color'
        at UnityEngine.Material:get_color ()
        at PlayerCombat:FlashDamage () (at Assets/Scripts/Combat/PlayerCombat.cs:2832)
        at PlayerCombat:PlayHitReaction (bool,UnityEngine.Vector3,bool) (at Assets/Scripts/Combat/PlayerCombat.cs:2361)
        at PlayerHealth:TakeDamage (int,bool,UnityEngine.Vector3,bool) (at Assets/Scripts/Player/PlayerHealth.cs:210)
[   639   12.046 x1.00] ERR  Material 'M_VFX_Glow_01 (Instance)' with Shader 'Vefects/SH_Vefects_BIRP_Unlit_Simple_01' doesn't have a color property '_Color'
        at UnityEngine.Material:get_color ()
        at PlayerCombat:FlashDamage () (at Assets/Scripts/Combat/PlayerCombat.cs:2832)
        at PlayerCombat:PlayHitReaction (bool,UnityEngine.Vector3,bool) (at Assets/Scripts/Combat/PlayerCombat.cs:2361)
        at PlayerHealth:TakeDamage (int,bool,UnityEngine.Vector3,bool) (at Assets/Scripts/Player/PlayerHealth.cs:210)
[   639   12.046 x1.00] ERR  Material 'M_VFX_Glow_01 (Instance)' with Shader 'Vefects/SH_Vefects_BIRP_Unlit_Simple_01' doesn't have a color property '_Color'
        at UnityEngine.Material:get_color ()
        at PlayerCombat:FlashDamage () (at Assets/Scripts/Combat/PlayerCombat.cs:2832)
        at PlayerCombat:PlayHitReaction (bool,UnityEngine.Vector3,bool) (at Assets/Scripts/Combat/PlayerCombat.cs:2361)
        at PlayerHealth:TakeDamage (int,bool,UnityEngine.Vector3,bool) (at Assets/Scripts/Player/PlayerHealth.cs:210)
[   639   12.046 x1.00] ERR  Material 'M_VFX_Glow_01 (Instance)' with Shader 'Vefects/SH_Vefects_BIRP_Unlit_Simple_01' doesn't have a color property '_Color'
        at UnityEngine.Material:get_color ()
        at PlayerCombat:FlashDamage () (at Assets/Scripts/Combat/PlayerCombat.cs:2832)
        at PlayerCombat:PlayHitReaction (bool,UnityEngine.Vector3,bool) (at Assets/Scripts/Combat/PlayerCombat.cs:2361)
        at PlayerHealth:TakeDamage (int,bool,UnityEngine.Vector3,bool) (at Assets/Scripts/Player/PlayerHealth.cs:210)
[   639   12.046 x1.00] ERR  Material 'M_VFX_Glow_01 (Instance)' with Shader 'Vefects/SH_Vefects_BIRP_Unlit_Simple_01' doesn't have a color property '_Color'
        at UnityEngine.Material:get_color ()
        at PlayerCombat:FlashDamage () (at Assets/Scripts/Combat/PlayerCombat.cs:2832)
        at PlayerCombat:PlayHitReaction (bool,UnityEngine.Vector3,bool) (at Assets/Scripts/Combat/PlayerCombat.cs:2361)
        at PlayerHealth:TakeDamage (int,bool,UnityEngine.Vector3,bool) (at Assets/Scripts/Player/PlayerHealth.cs:210)
[   639   12.046 x1.00] ERR  Material 'M_VFX_Embers_01 (Instance)' with Shader 'Vefects/SH_Vefects_BIRP_Unlit_Simple_01' doesn't have a color property '_Color'
        at UnityEngine.Material:get_color ()
        at PlayerCombat:FlashDamage () (at Assets/Scripts/Combat/PlayerCombat.cs:2832)
        at PlayerCombat:PlayHitReaction (bool,UnityEngine.Vector3,bool) (at Assets/Scripts/Combat/PlayerCombat.cs:2361)
        at PlayerHealth:TakeDamage (int,bool,UnityEngine.Vector3,bool) (at Assets/Scripts/Player/PlayerHealth.cs:210)
[   639   12.046 x1.00] ERR  Material 'M_VFX_Embers_01 (Instance)' with Shader 'Vefects/SH_Vefects_BIRP_Unlit_Simple_01' doesn't have a color property '_Color'
        at UnityEngine.Material:get_color ()
        at PlayerCombat:FlashDamage () (at Assets/Scripts/Combat/PlayerCombat.cs:2832)
        at PlayerCombat:PlayHitReaction (bool,UnityEngine.Vector3,bool) (at Assets/Scripts/Combat/PlayerCombat.cs:2361)
        at PlayerHealth:TakeDamage (int,bool,UnityEngine.Vector3,bool) (at Assets/Scripts/Player/PlayerHealth.cs:210)
[   639   12.046 x1.00] ERR  Material 'M_VFX_Refraction_Shockwave_01 (Instance)' with Shader 'Vefects/SH_Vefects_BIRP_Refraction_Shockwave_01' doesn't have a color property '_Color'
        at UnityEngine.Material:get_color ()
        at PlayerCombat:FlashDamage () (at Assets/Scripts/Combat/PlayerCombat.cs:2832)
        at PlayerCombat:PlayHitReaction (bool,UnityEngine.Vector3,bool) (at Assets/Scripts/Combat/PlayerCombat.cs:2361)
        at PlayerHealth:TakeDamage (int,bool,UnityEngine.Vector3,bool) (at Assets/Scripts/Player/PlayerHealth.cs:210)
[   639   12.046 x1.00] ERR  Material 'M_VFX_Refraction_Shockwave_01 (Instance)' with Shader 'Vefects/SH_Vefects_BIRP_Refraction_Shockwave_01' doesn't have a color property '_Color'
        at UnityEngine.Material:get_color ()
        at PlayerCombat:FlashDamage () (at Assets/Scripts/Combat/PlayerCombat.cs:2832)
        at PlayerCombat:PlayHitReaction (bool,UnityEngine.Vector3,bool) (at Assets/Scripts/Combat/PlayerCombat.cs:2361)
        at PlayerHealth:TakeDamage (int,bool,UnityEngine.Vector3,bool) (at Assets/Scripts/Player/PlayerHealth.cs:210)
[   639   12.046 x1.00] ERR  Material 'M_VFX_Ring_Burst_02_Dark (Instance)' with Shader 'Vefects/SH_Vefects_BIRP_Unlit_Simple_LUT_01' doesn't have a color property '_Color'
        at UnityEngine.Material:get_color ()
        at PlayerCombat:FlashDamage () (at Assets/Scripts/Combat/PlayerCombat.cs:2832)
        at PlayerCombat:PlayHitReaction (bool,UnityEngine.Vector3,bool) (at Assets/Scripts/Combat/PlayerCombat.cs:2361)
        at PlayerHealth:TakeDamage (int,bool,UnityEngine.Vector3,bool) (at Assets/Scripts/Player/PlayerHealth.cs:210)
[   639   12.046 x1.00] ERR  Material 'M_VFX_Ring_Burst_02_Dark_Add (Instance)' with Shader 'Vefects/SH_Vefects_BIRP_Unlit_Simple_LUT_01' doesn't have a color property '_Color'
        at UnityEngine.Material:get_color ()
        at PlayerCombat:FlashDamage () (at Assets/Scripts/Combat/PlayerCombat.cs:2832)
        at PlayerCombat:PlayHitReaction (bool,UnityEngine.Vector3,bool) (at Assets/Scripts/Combat/PlayerCombat.cs:2361)
        at PlayerHealth:TakeDamage (int,bool,UnityEngine.Vector3,bool) (at Assets/Scripts/Player/PlayerHealth.cs:210)
[   639   12.046 x1.00] ERR  Material 'M_VFX_Impact_Hemisphere_02_Void (Instance)' with Shader 'Vefects/SH_Vefects_BIRP_Impact_Hemisphere_01' doesn't have a color property '_Color'
        at UnityEngine.Material:get_color ()
        at PlayerCombat:FlashDamage () (at Assets/Scripts/Combat/PlayerCombat.cs:2832)
        at PlayerCombat:PlayHitReaction (bool,UnityEngine.Vector3,bool) (at Assets/Scripts/Combat/PlayerCombat.cs:2361)
        at PlayerHealth:TakeDamage (int,bool,UnityEngine.Vector3,bool) (at Assets/Scripts/Player/PlayerHealth.cs:210)
[   639   12.046 x1.00] ERR  Material 'M_VFX_Impact_Hemisphere_02_Void_Inverted (Instance)' with Shader 'Vefects/SH_Vefects_BIRP_Impact_Hemisphere_01' doesn't have a color property '_Color'
        at UnityEngine.Material:get_color ()
        at PlayerCombat:FlashDamage () (at Assets/Scripts/Combat/PlayerCombat.cs:2832)
        at PlayerCombat:PlayHitReaction (bool,UnityEngine.Vector3,bool) (at Assets/Scripts/Combat/PlayerCombat.cs:2361)
        at PlayerHealth:TakeDamage (int,bool,UnityEngine.Vector3,bool) (at Assets/Scripts/Player/PlayerHealth.cs:210)
[   639   12.046 x1.00] ERR  Material 'M_VFX_Impact_HP_01_Dark (Instance)' with Shader 'Vefects/SH_Vefects_BIRP_Unlit_Simple_LUT_01' doesn't have a color property '_Color'
        at UnityEngine.Material:get_color ()
        at PlayerCombat:FlashDamage () (at Assets/Scripts/Combat/PlayerCombat.cs:2832)
        at PlayerCombat:PlayHitReaction (bool,UnityEngine.Vector3,bool) (at Assets/Scripts/Combat/PlayerCombat.cs:2361)
        at PlayerHealth:TakeDamage (int,bool,UnityEngine.Vector3,bool) (at Assets/Scripts/Player/PlayerHealth.cs:210)
[   639   12.046 x1.00] ERR  Material 'M_VFX_Impact_HP_01_Dark (Instance)' with Shader 'Vefects/SH_Vefects_BIRP_Unlit_Simple_LUT_01' doesn't have a color property '_Color'
        at UnityEngine.Material:get_color ()
        at PlayerCombat:FlashDamage () (at Assets/Scripts/Combat/PlayerCombat.cs:2832)
        at PlayerCombat:PlayHitReaction (bool,UnityEngine.Vector3,bool) (at Assets/Scripts/Combat/PlayerCombat.cs:2361)
        at PlayerHealth:TakeDamage (int,bool,UnityEngine.Vector3,bool) (at Assets/Scripts/Player/PlayerHealth.cs:210)
[   639   12.046 x1.00] ERR  Material 'M_VFX_Spike_01 (Instance)' with Shader 'Vefects/SH_Vefects_BIRP_Unlit_Simple_01' doesn't have a color property '_Color'
        at UnityEngine.Material:get_color ()
        at PlayerCombat:FlashDamage () (at Assets/Scripts/Combat/PlayerCombat.cs:2832)
        at PlayerCombat:PlayHitReaction (bool,UnityEngine.Vector3,bool) (at Assets/Scripts/Combat/PlayerCombat.cs:2361)
        at PlayerHealth:TakeDamage (int,bool,UnityEngine.Vector3,bool) (at Assets/Scripts/Player/PlayerHealth.cs:210)
[   639   12.046 x1.00] ERR  Material 'M_VFX_Energy_Balls_01 (Instance)' with Shader 'Vefects/SH_Vefects_BIRP_Thin_Smoke_01' doesn't have a color property '_Color'
        at UnityEngine.Material:get_color ()
        at PlayerCombat:FlashDamage () (at Assets/Scripts/Combat/PlayerCombat.cs:2832)
        at PlayerCombat:PlayHitReaction (bool,UnityEngine.Vector3,bool) (at Assets/Scripts/Combat/PlayerCombat.cs:2361)
        at PlayerHealth:TakeDamage (int,bool,UnityEngine.Vector3,bool) (at Assets/Scripts/Player/PlayerHealth.cs:210)
[   639   12.046 x1.00] ERR  Material 'M_VFX_Central_Area_01_Void (Instance)' with Shader 'Vefects/SH_Vefects_BIRP_Central_Area_01' doesn't have a color property '_Color'
        at UnityEngine.Material:get_color ()
        at PlayerCombat:FlashDamage () (at Assets/Scripts/Combat/PlayerCombat.cs:2832)
        at PlayerCombat:PlayHitReaction (bool,UnityEngine.Vector3,bool) (at Assets/Scripts/Combat/PlayerCombat.cs:2361)
        at PlayerHealth:TakeDamage (int,bool,UnityEngine.Vector3,bool) (at Assets/Scripts/Player/PlayerHealth.cs:210)
[   639   12.046 x1.00] ERR  Material 'M_VFX_Central_Area_02_Void (Instance)' with Shader 'Vefects/SH_Vefects_BIRP_Central_Area_01' doesn't have a color property '_Color'
        at UnityEngine.Material:get_color ()
        at PlayerCombat:FlashDamage () (at Assets/Scripts/Combat/PlayerCombat.cs:2832)
        at PlayerCombat:PlayHitReaction (bool,UnityEngine.Vector3,bool) (at Assets/Scripts/Combat/PlayerCombat.cs:2361)
        at PlayerHealth:TakeDamage (int,bool,UnityEngine.Vector3,bool) (at Assets/Scripts/Player/PlayerHealth.cs:210)
[   639   12.046 x1.00] LOG  [Momentum] 3 -> 0 (heavy hit taken, reset), speed x1.00, damage x1.00, impact x1.00
[   639   12.046 x1.00] LOG  [YoruVFX] Spin VFX stopped, fading for 2.37s
[   639   12.046 x1.00] LOG  [Combat] Hit react: HitReact_Heavy_2Leg (0.9s, clip starts at 0.35s)
[   639   12.046 x1.00] LOG  [CameraGameFeel] Shake: intensity=0.60 duration=0.200s
[   639   12.046 x1.00] LOG  [CameraGameFeel] FOV punch: player damage (-3.0°)
[   639   12.046 x1.00] LOG  [OniBoss] Hit player for 20 (ClubSlam)
[   639   12.046 x1.00] LOG  [OniBoss:Touch] ClubSlam: club TOUCHED Yoru at clip 0.86, shaft 0.49m from her body line, head 0.64 along the club, tip 0.28m up, tip speed 52m/s, ONE FRAME EARLY (predicted). Full club hit delivered this frame. This swing's wave is disarmed and flies on as visual.
[   640   12.072 x1.00] LOG  [AirPosePin] engaged, holding body at 0.654m above the transform
[   641   12.084 x1.00] LOG  [HitReactTrace] asked for 'HitReact_Heavy_2Leg' (0.90s, clip start 0.35s): playing it, blend resolved after 38 ms, state 1.21s long at speed 1.00, now at 0.35s, layer weight 1.00, animator.speed 1.00.
[   649   12.182 x1.00] LOG  [OniBoss] Attack → Recovery
[   649   12.182 x1.00] LOG  [OniBoss] Playing animation: Watch
[   649   12.182 x1.00] LOG  [OniBoss:Trail] trail END at clip 0.99, fading over 0.40s.
[   649   12.182 x1.00] LOG  [OniBoss:Strike] ClubSlam: club tip closest to Yoru at 0.67m, clip position 0.91 | damage fires at 0.85 | clip 0.93s => damage fires 57 ms BEFORE the club is closest
[   664   12.336 x1.00] LOG  [OniBoss] Recovery → Chase
[   665   12.348 x1.00] LOG  [OniBoss] hold-ground: BACKSTEP 1.5m (player 2.4m)
[   719   12.861 x1.00] LOG  💨 Landing VFX spawned!
[   719   12.861 x1.00] LOG  [AirPosePin] released, peak correction was 0.003m
[   730   12.951 x1.00] LOG  ✅ LANDED! (was jump #0)
[   739   13.019 x1.00] LOG  [Combat] Combo 1: 10 dmg
[   739   13.019 x1.00] LOG  [ComboTrace] START step=1 state='Combo1' queued=0 target='OniBoss' at 2.8m
[   739   13.019 x1.00] LOG  [ComboTrace] LAUNCH OniBoss at 1.5m dist=1.55m in 0.15s
[   755   13.176 x1.00] LOG  [ComboTrace] LAUNCH RESULT wanted=1.55m actually moved=1.00m, completed
[   762   13.218 x1.00] LOG  [Combat] Queued click #1 (combo 1)
[   762   13.218 x1.00] LOG  [ComboTrace] QUEUED #1 during step 1
[   771   13.282 x1.00] LOG  [OniBoss] hold-ground: backstep done (1.50m), WATCH (player 2.2m, cooldown 0.9s)
[   771   13.282 x1.00] LOG  [OniBoss] Playing animation: Watch
[   786   13.397 x1.00] LOG  [Combat] Queued click #2 (combo 1)
[   786   13.397 x1.00] LOG  [ComboTrace] QUEUED #2 during step 1
[   801   13.490 x1.00] LOG  OniBoss took 10 damage. HP: 2426/2500
[   801   13.490 x1.00] LOG  [Stance] OniBoss 70/100 (+10 light)
[   801   13.490 x1.00] LOG  [OniBoss] Chase → HitReact
[   801   13.490 x1.00] LOG  [OniBoss:Layer] react tier: LIGHT (10 dmg) → 'Hit_react_light'
[   801   13.490 x1.00] LOG  [Momentum] 0 -> 1 (hit), speed x1.05, damage x1.05, impact x1.05
[   801   13.490 x1.00] LOG  [CameraGameFeel] Shake: intensity=0.06 duration=0.080s
[   801   13.490 x1.00] LOG  [Combat] Hit OniBoss for 10
[   801   13.490 x1.00] LOG  [CameraGameFeel] Shake: intensity=0.53 duration=0.200s
[   801   13.490 x1.00] LOG  [CameraGameFeel] FOV punch: hit light (+1.5°)
[   816   13.600 x1.00] LOG  [ComboTrace] CLICK IGNORED (step=1 queued=2)
[   824   13.652 x1.00] LOG  🐾 VFX_AttackPaw triggered!
[   839   13.769 x1.00] LOG  [Combat] Combo 2: 20 dmg
[   839   13.769 x1.00] LOG  [ComboTrace] START step=2 state='Combo2' queued=1 target='OniBoss' at 2.2m
[   839   13.769 x1.00] LOG  [ComboTrace] LAUNCH OniBoss at 1.0m dist=1.02m in 0.13s
[   843   13.802 x1.00] LOG  [ComboTrace] CLICK DROPPED by attackCooldown (0.10s, 0.03s since last attack) step=2
[   854   13.904 x1.00] LOG  [ComboTrace] LAUNCH RESULT wanted=1.02m actually moved=0.22m, completed
[   863   14.013 x1.00] LOG  [Combat] Queued click #2 (combo 2)
[   863   14.013 x1.00] LOG  [ComboTrace] QUEUED #2 during step 2
[   890   14.207 x1.00] LOG  [ComboTrace] CLICK IGNORED (step=2 queued=2)
[   901   14.295 x1.00] LOG  [OniBoss] HitReact → Chase
[   902   14.300 x1.00] LOG  [OniBoss] Playing animation: Watch
[   902   14.300 x1.00] LOG  [OniBoss] Combo started: swing1-2 (2 steps remaining)
[   902   14.300 x1.00] LOG  [OniBoss] Chase → Attack
[   902   14.300 x1.00] LOG  [OniBoss] Attack: Club_Swing (16 dmg)
[   902   14.300 x1.00] LOG  [OniBoss:Trail] Club_Swing trail START at clip 1.00 (transition done).
[   910   14.366 x1.00] LOG  🐾🐾 VFX_TowPaw triggered!
[   913   14.387 x1.00] LOG  OniBoss took 21 damage. HP: 2405/2500
[   913   14.387 x1.00] LOG  [Stance] OniBoss 80/100 (+10 light)
[   913   14.387 x1.00] LOG  [OniBoss] 🤕 Hit during Attack — flash only
[   913   14.387 x1.00] LOG  [Momentum] 1 -> 2 (hit), speed x1.10, damage x1.10, impact x1.10
[   913   14.387 x1.00] LOG  [CameraGameFeel] Shake: intensity=0.06 duration=0.080s
[   913   14.387 x1.00] LOG  [Combat] Hit OniBoss for 21
[   913   14.387 x1.00] LOG  [CameraGameFeel] Shake: intensity=0.55 duration=0.200s
[   913   14.387 x1.00] LOG  [CameraGameFeel] FOV punch: hit light (+1.5°)
[   917   14.424 x1.00] LOG  [ComboTrace] CLICK IGNORED (step=2 queued=2)
[   946   14.643 x1.00] LOG  [ComboTrace] CLICK IGNORED (step=2 queued=2)
[   956   14.707 x1.00] LOG  [OniBoss:ClubPos] Club_Swing at strike: club tip 3.02m up, 2.31m in front, -3.05m to his right (3.83m out from his centre). Club faces -86deg from his forward, pitch 0.41. (the ground wave is born 1.6m in front of him at 0.35m.)
[   956   14.707 x1.00] LOG  [OniBoss:Layer] Club_Swing: club has not connected — ground wave released ARMED, 1.6m in front, 12m/s x 6.0m = 0.50s, carrying 8 (half of the club's 16).
[   957   14.714 x1.00] LOG  [Peach] light hit 8 dmg: 1 bite. 12/16 bites = 3 of 4 peaches
[   957   14.714 x1.00] LOG  [Momentum] 2 -> 1 (light hit taken, 50% = -1), speed x1.05, damage x1.05, impact x1.05
[   957   14.714 x1.00] LOG  [Combat] Combo memory: light hit, keeping step 2
[   957   14.714 x1.00] LOG  [Combat] Hit react: HitReact_Light_2Leg (0.5s, clip starts at 0.35s)
[   957   14.714 x1.00] LOG  [CameraGameFeel] Shake: intensity=0.30 duration=0.200s
[   957   14.714 x1.00] LOG  [CameraGameFeel] FOV punch: player damage (-2.0°)
[   957   14.714 x1.00] LOG  [OniBoss:Wave] wave TOUCHED Yoru (grounded) for 8 after 0.1m / 0.01s of travel.
[   960   14.735 x1.00] LOG  [HitReactTrace] asked for 'HitReact_Light_2Leg' (0.50s, clip start 0.35s): playing it, blend resolved after 21 ms, state 1.21s long at speed 1.00, now at 0.37s, layer weight 1.00, animator.speed 1.00.
[  1019   15.186 x1.00] LOG  [OniBoss] Attack → Recovery
[  1019   15.186 x1.00] LOG  [OniBoss] Playing animation: Watch
[  1019   15.186 x1.00] LOG  [OniBoss:Trail] trail END at clip 1.00, fading over 0.40s.
[  1019   15.186 x1.00] LOG  [OniBoss:Strike] Club_Swing: club tip closest to Yoru at 0.83m, clip position 0.91 | damage fires at 0.42 | clip 0.84s => damage fires 411 ms BEFORE the club is closest
[  1037   15.303 x1.00] LOG  [Combat] Combo 3: 35 dmg
[  1037   15.303 x1.00] LOG  [ComboTrace] START step=3 state='Combo3' queued=0 target='OniBoss' at 2.3m
[  1037   15.303 x1.00] LOG  [ComboTrace] LAUNCH OniBoss at 1.1m dist=1.13m in 0.13s
[  1037   15.303 x1.00] LOG  [YoruVFX] Ground hazard: 'VFX_Void_Area_GroundSpinYORU' laid at GroundVFX ((483.05, 0.65, 403.60)), floor tilt 8.1 deg, 17 delays shifted by 2.00s, own lifetime 8.98s
[  1037   15.303 x1.00] LOG  [Combat] Hazard zone tick: OniBoss for 25
[  1037   15.303 x1.00] LOG  [Combat] Hazard zone laid: 8.98s, 25 dmg every 0.50s in 2.00m
[  1041   15.346 x1.00] LOG  [OniBoss] Recovery → Attack
[  1041   15.346 x1.00] LOG  [OniBoss] Attack: ClubSwing2 (16 dmg)
[  1041   15.346 x1.00] LOG  [OniBoss:Trail] ClubSwing2 trail START at clip 1.00 (transition still blending).
[  1044   15.366 x1.00] LOG  OniBoss took 37 damage. HP: 2343/2500
[  1044   15.366 x1.00] LOG  [Stance] OniBoss 90/100 (+10 light)
[  1044   15.366 x1.00] LOG  [OniBoss] 🤕 Hit during Attack — flash only
[  1044   15.366 x1.00] LOG  [Momentum] 1 -> 2 (hit), speed x1.10, damage x1.10, impact x1.10
[  1044   15.366 x1.00] LOG  [CameraGameFeel] Shake: intensity=0.06 duration=0.080s
[  1044   15.366 x1.00] LOG  [CameraGameFeel] Shake: intensity=0.55 duration=0.200s
[  1044   15.366 x1.00] LOG  [CameraGameFeel] FOV punch: hit light (+1.5°)
[  1051   15.441 x1.00] LOG  [ComboTrace] LAUNCH RESULT wanted=1.13m actually moved=0.52m, completed
[  1064   15.526 x1.00] LOG  [ComboTrace] CLICK IGNORED (step=3 queued=0)
[  1088   15.725 x1.00] LOG  [CameraGameFeel] Shake: intensity=0.20 duration=0.250s
[  1088   15.725 x1.00] LOG  [Peach] heavy hit 24 dmg: 3 bites. 9/16 bites = 2.25 of 4 peaches
[  1088   15.725 x1.00] LOG  [Momentum] 2 -> 0 (heavy hit taken, reset), speed x1.00, damage x1.00, impact x1.00
[  1088   15.725 x1.00] LOG  [Combat] Hit react: HitReact_Heavy_2Leg (0.9s, clip starts at 0.35s)
[  1088   15.725 x1.00] LOG  [CameraGameFeel] Shake: intensity=0.60 duration=0.200s
[  1088   15.725 x1.00] LOG  [CameraGameFeel] FOV punch: player damage (-3.0°)
[  1088   15.725 x1.00] LOG  [OniBoss] Hit player for 24 (ClubSwing2) [combo x1.50]
[  1088   15.725 x1.00] LOG  [OniBoss:Touch] ClubSwing2: club TOUCHED Yoru at clip 0.29, shaft 0.70m from her body line, head 0.54 along the club, tip 1.38m up, tip speed 96m/s. Full club hit delivered this frame.
[  1089   15.735 x1.00] LOG  [HitReactTrace] asked for 'HitReact_Heavy_2Leg' (0.90s, clip start 0.35s): NOT playing it, another state took the combat layer, blend resolved after 9 ms, state 0.79s long at speed 0.80, now at 0.38s, layer weight 1.00, animator.speed 1.00.
[  1094   15.778 x1.00] LOG  [OniBoss:ClubPos] ClubSwing2 at strike: club tip 0.13m up, 1.73m in front, 2.51m to his right (3.05m out from his centre). Club faces 9deg from his forward, pitch -0.88. (the ground wave is born 1.6m in front of him at 0.35m.)
[  1094   15.778 x1.00] LOG  [OniBoss:Layer] ClubSwing2: club already hit — ground wave released as VISUAL only (0 damage), finisher size x2.0.
[  1097   15.805 x1.00] LOG  [Combat] Hazard zone tick: OniBoss for 25
[  1155   16.310 x1.00] LOG  [Combat] Hazard zone tick: OniBoss for 25
[  1187   16.557 x1.00] LOG  [OniBoss] Attack → Recovery
[  1187   16.557 x1.00] LOG  [OniBoss] Playing animation: Watch
[  1187   16.557 x1.00] LOG  [OniBoss:Trail] trail END at clip 0.99, fading over 0.40s.
[  1187   16.557 x1.00] LOG  [OniBoss:Strike] ClubSwing2: club tip closest to Yoru at 1.12m, clip position 0.30 | damage fires at 0.32 | clip 1.17s => MATCHED (within one or two frames)
[  1209   16.718 x1.00] LOG  [OniBoss] Recovery → Chase
[  1210   16.725 x1.00] LOG  [OniBoss] hold-ground: BACKSTEP 1.5m (player 2.2m)
[  1210   16.725 x1.00] LOG  🚶 2-LEG JUMP
[  1210   16.725 x1.00] LOG  🐾 Jump 1 VFX spawned!
[  1219   16.801 x1.00] LOG  [ComboTrace] LAUNCH OniBoss at 1.0m dist=0.95m in 0.13s [AIRBORNE]
[  1219   16.801 x1.00] LOG  [Combat] Aerial spin, 25 dmg
[  1219   16.801 x1.00] LOG  [YoruVFX] Air spin: 'VFX_Void_Burst_AirSpinYoru' at CenterVFX, 46 systems, longest 1.00s fitted to 0.79s at speed 1.27, 8 forced Local, 38 delays zeroed, tail 2.37s
[  1219   16.801 x1.00] LOG  OniBoss took 10 damage. HP: 2283/2500
[  1219   16.801 x1.00] LOG  [Stance] OniBoss 100/100 (+10 light)
[  1219   16.801 x1.00] LOG  [OniBoss] Chase → HitReact
[  1219   16.801 x1.00] LOG  [OniBoss:Layer] react tier: LIGHT (10 dmg) → 'Hit_react_light'
[  1219   16.801 x1.00] LOG  [Momentum] 0 -> 1 (hit), speed x1.05, damage x1.05, impact x1.05
[  1219   16.801 x1.00] LOG  [CameraGameFeel] Shake: intensity=0.06 duration=0.080s
[  1219   16.801 x1.00] LOG  [CameraGameFeel] Shake: intensity=0.53 duration=0.200s
[  1219   16.801 x1.00] LOG  [CameraGameFeel] FOV punch: hit light (+1.5°)
[  1219   16.801 x1.00] LOG  [AirPosePin] engaged, holding body at 0.570m above the transform
[  1220   16.813 x1.00] LOG  [Combat] Hazard zone tick: OniBoss for 25
[  1232   16.928 x1.00] LOG  [ComboTrace] LAUNCH RESULT wanted=0.95m actually moved=0.28m, completed
[  1234   16.952 x1.00] LOG  OniBoss took 10 damage. HP: 2248/2500
[  1234   16.952 x1.00] LOG  [Stance] OniBoss BREAK #1 at 100, next break needs 150, immune 3.5s
[  1234   16.952 x1.00] LOG  [OniBoss] HitReact → Stagger
[  1234   16.952 x1.00] LOG  [OniBoss] Playing animation: Stagger
[  1234   16.952 x1.00] LOG  [OniBoss] STAGGERED for 2.5s
[  1234   16.952 x1.00] LOG  [OniBoss:Layer] heavy knock-back react (10 dmg) → 'HitReact_Heavy', down for 1.80s
[  1234   16.952 x1.00] LOG  [CameraGameFeel] Shake: intensity=0.18 duration=0.200s
[  1250   17.107 x1.00] LOG  OniBoss punish window! 10 → 15 (x1.5)
[  1250   17.107 x1.00] LOG  OniBoss took 15 damage. HP: 2233/2500
[  1250   17.107 x1.00] LOG  [Stance] OniBoss immune for 3.3s more, hit adds nothing
[  1250   17.107 x1.00] LOG  [Momentum] 1 -> 2 (hit), speed x1.10, damage x1.10, impact x1.10
[  1250   17.107 x1.00] LOG  [CameraGameFeel] Shake: intensity=0.06 duration=0.080s
[  1250   17.107 x1.00] LOG  [CameraGameFeel] Shake: intensity=0.19 duration=0.200s
[  1266   17.261 x1.00] LOG  OniBoss punish window! 11 → 16 (x1.5)
[  1266   17.261 x1.00] LOG  OniBoss took 16 damage. HP: 2217/2500
[  1266   17.261 x1.00] LOG  [Stance] OniBoss immune for 3.2s more, hit adds nothing
[  1266   17.261 x1.00] LOG  [CameraGameFeel] Shake: intensity=0.19 duration=0.200s
[  1283   17.423 x1.00] LOG  OniBoss punish window! 11 → 16 (x1.5)
[  1283   17.423 x1.00] LOG  OniBoss took 16 damage. HP: 2201/2500
[  1283   17.423 x1.00] LOG  [Stance] OniBoss immune for 3.0s more, hit adds nothing
[  1283   17.423 x1.00] LOG  [Momentum] 2 -> 3 (hit), speed x1.15, damage x1.15, impact x1.15
[  1283   17.423 x1.00] LOG  [CameraGameFeel] Shake: intensity=0.06 duration=0.080s
[  1283   17.423 x1.00] LOG  [CameraGameFeel] Shake: intensity=0.20 duration=0.200s
[  1295   17.529 x1.00] LOG  [YoruVFX] Spin VFX stopped, fading for 2.37s
[  1298   17.558 x1.00] LOG  [ComboTrace] END step=3 clipProgress=0.90 clipLen=0.79s queued=0 elapsed=0.76s
[  1299   17.571 x1.00] LOG  [AirPosePin] released, peak correction was -0.048m
[  1306   17.638 x1.00] LOG  💨 Landing VFX spawned!
[  1306   17.638 x1.00] LOG  ✅ LANDED! (was jump #1)
[  1307   17.645 x1.00] LOG  [ComboTrace] CLICK DROPPED by attackCooldown (0.10s, 0.09s since last attack) step=3
[  1325   17.788 x1.00] LOG  🚶 2-LEG JUMP
[  1325   17.788 x1.00] LOG  🐾 Jump 1 VFX spawned!
[  1331   17.839 x1.00] WARN The referenced script on this Behaviour (Game Object '<null>') is missing!
[  1331   17.839 x1.00] WARN The referenced script on this Behaviour (Game Object 'Lightning Light') is missing!
[  1331   17.839 x1.00] WARN The referenced script on this Behaviour (Game Object 'Lightning Light') is missing!
[  1332   17.848 x1.00] LOG  [ComboTrace] LAUNCH OniBoss at 2.2m dist=2.17m in 0.22s [AIRBORNE]
[  1332   17.848 x1.00] LOG  [Combat] Aerial spin, 25 dmg
[  1332   17.848 x1.00] LOG  [YoruVFX] Air spin: 'VFX_Void_Burst_AirSpinYoru' at CenterVFX, 46 systems, longest 1.00s fitted to 0.79s at speed 1.27, 8 forced Local, 38 delays zeroed, tail 2.37s
[  1332   17.848 x1.00] LOG  [AirPosePin] engaged, holding body at 0.572m above the transform
[  1345   18.011 x1.00] LOG  OniBoss punish window! 12 → 18 (x1.5)
[  1345   18.011 x1.00] LOG  OniBoss took 18 damage. HP: 2183/2500
[  1345   18.011 x1.00] LOG  [Stance] OniBoss immune for 2.4s more, hit adds nothing
[  1345   18.011 x1.00] LOG  [Momentum] 3 -> 4 (hit), speed x1.20, damage x1.20, impact x1.20
[  1345   18.011 x1.00] LOG  [CameraGameFeel] Shake: intensity=0.06 duration=0.080s
[  1345   18.011 x1.00] LOG  [CameraGameFeel] Shake: intensity=0.60 duration=0.200s
[  1345   18.011 x1.00] LOG  [CameraGameFeel] FOV punch: hit light (+1.5°)
[  1350   18.080 x1.00] LOG  [ComboTrace] LAUNCH RESULT wanted=2.17m actually moved=1.67m, completed
[  1357   18.165 x1.00] LOG  OniBoss punish window! 12 → 18 (x1.5)
[  1357   18.165 x1.00] LOG  OniBoss took 18 damage. HP: 2165/2500
[  1357   18.165 x1.00] LOG  [Stance] OniBoss immune for 2.3s more, hit adds nothing
[  1357   18.165 x1.00] LOG  [CameraGameFeel] Shake: intensity=0.21 duration=0.200s
[  1372   18.323 x1.00] LOG  OniBoss punish window! 12 → 18 (x1.5)
[  1372   18.323 x1.00] LOG  OniBoss took 18 damage. HP: 2147/2500
[  1372   18.323 x1.00] LOG  [Stance] OniBoss immune for 2.1s more, hit adds nothing
[  1372   18.323 x1.00] LOG  [Momentum] 4 -> 5 (hit), speed x1.25, damage x1.25, impact x1.25
[  1372   18.323 x1.00] LOG  [CameraGameFeel] Shake: intensity=0.14 duration=0.080s
[  1372   18.323 x1.00] LOG  [CameraGameFeel] Shake: intensity=0.22 duration=0.200s
[  1399   18.586 x1.00] LOG  [YoruVFX] Spin VFX stopped, fading for 2.37s
[  1402   18.614 x1.00] LOG  [ComboTrace] END step=3 clipProgress=0.90 clipLen=0.79s queued=0 elapsed=0.77s
[  1403   18.620 x1.00] LOG  [AirPosePin] released, peak correction was -0.057m
[  1412   18.700 x1.00] LOG  💨 Landing VFX spawned!
[  1412   18.700 x1.00] LOG  ✅ LANDED! (was jump #1)
[  1419   18.754 x1.00] LOG  [OniBoss] Stagger → Chase
[  1420   18.762 x1.00] LOG  [OniBoss] Playing animation: Watch
[  1420   18.762 x1.00] LOG  [OniBoss] Combo started: ClubSwing1 → ClubSwing2 → ClubSlam (3 steps remaining)
[  1420   18.762 x1.00] LOG  [OniBoss] Chase → Attack
[  1420   18.762 x1.00] LOG  [OniBoss] Attack: Club_Swing (16 dmg)
[  1420   18.762 x1.00] LOG  [OniBoss:Trail] Club_Swing trail START at clip 1.00 (transition done).
[  1430   18.838 x1.00] LOG  [OniBoss:Layer] step-in: 'Club_Swing' closed 0.38m, Yoru now 3.0m away (range 3.5)
[  1430   18.838 x1.00] LOG  🚶 2-LEG JUMP
[  1430   18.838 x1.00] LOG  🐾 Jump 1 VFX spawned!
[  1434   18.869 x1.00] LOG  [ComboTrace] LAUNCH OniBoss at 1.7m dist=1.68m in 0.17s [AIRBORNE]
[  1434   18.869 x1.00] LOG  [Combat] Aerial spin, 25 dmg
[  1434   18.869 x1.00] LOG  [YoruVFX] Air spin: 'VFX_Void_Burst_AirSpinYoru' at CenterVFX, 46 systems, longest 1.00s fitted to 0.79s at speed 1.27, 8 forced Local, 38 delays zeroed, tail 2.37s
[  1434   18.869 x1.00] LOG  [AirPosePin] engaged, holding body at 0.637m above the transform
[  1447   19.021 x1.00] LOG  OniBoss took 12 damage. HP: 2135/2500
[  1447   19.021 x1.00] LOG  [Stance] OniBoss immune for 1.4s more, hit adds nothing
[  1447   19.021 x1.00] LOG  [OniBoss] 🤕 Hit during Attack — flash only
[  1447   19.021 x1.00] LOG  [Momentum] 5 -> 6 (hit), speed x1.30, damage x1.30, impact x1.30
[  1447   19.021 x1.00] LOG  [CameraGameFeel] Shake: intensity=0.06 duration=0.080s
[  1447   19.021 x1.00] LOG  [CameraGameFeel] Shake: intensity=0.65 duration=0.200s
[  1447   19.021 x1.00] LOG  [CameraGameFeel] FOV punch: hit light (+1.5°)
[  1450   19.047 x1.00] LOG  [ComboTrace] LAUNCH RESULT wanted=1.68m actually moved=1.02m, completed
[  1459   19.134 x1.00] LOG  [CameraGameFeel] Shake: intensity=0.20 duration=0.250s
[  1459   19.134 x1.00] LOG  [Peach] light hit 16 dmg: 2 bites. 7/16 bites = 1.75 of 4 peaches
[  1459   19.134 x1.00] LOG  [Momentum] 6 -> 3 (light hit taken, 50% = -3), speed x1.15, damage x1.15, impact x1.15
[  1459   19.134 x1.00] LOG  [YoruVFX] Spin VFX stopped, fading for 2.37s
[  1459   19.134 x1.00] LOG  [Combat] Combo memory: light hit, keeping step 3
[  1459   19.134 x1.00] LOG  [Combat] Hit react: HitReact_Light_2Leg (0.5s, clip starts at 0.35s)
[  1459   19.134 x1.00] LOG  [CameraGameFeel] Shake: intensity=0.30 duration=0.200s
[  1459   19.134 x1.00] LOG  [CameraGameFeel] FOV punch: player damage (-2.0°)
[  1459   19.134 x1.00] LOG  [OniBoss] Hit player for 16 (Club_Swing)
[  1459   19.134 x1.00] LOG  [OniBoss:Touch] Club_Swing: club TOUCHED Yoru at clip 0.38, shaft 0.47m from her body line, head 0.43 along the club, tip 2.42m up, tip speed 172m/s, ONE FRAME EARLY (predicted). Full club hit delivered this frame.
[  1460   19.148 x1.00] LOG  [HitReactTrace] asked for 'HitReact_Light_2Leg' (0.50s, clip start 0.35s): NOT playing it, another state took the combat layer, blend resolved after 14 ms, state 0.79s long at speed 0.80, now at 0.21s, layer weight 1.00, animator.speed 1.00.
[  1464   19.187 x1.00] LOG  [OniBoss:ClubPos] Club_Swing at strike: club tip 3.02m up, 2.25m in front, -3.07m to his right (3.81m out from his centre). Club faces -88deg from his forward, pitch 0.41. (the ground wave is born 1.6m in front of him at 0.35m.)
[  1464   19.187 x1.00] LOG  [OniBoss:Layer] Club_Swing: club already hit — ground wave released as VISUAL only (0 damage).
[  1514   19.638 x1.00] LOG  [AirPosePin] released, peak correction was 0.013m
[  1517   19.660 x1.00] LOG  [OniBoss] Attack → Recovery
[  1517   19.660 x1.00] LOG  [OniBoss] Playing animation: Watch
[  1517   19.660 x1.00] LOG  [OniBoss:Trail] trail END at clip 1.00, fading over 0.40s.
[  1517   19.660 x1.00] LOG  [OniBoss:Strike] Club_Swing: club tip closest to Yoru at 1.54m, clip position 0.92 | damage fires at 0.42 | clip 0.84s => damage fires 416 ms BEFORE the club is closest
[  1530   19.780 x1.00] LOG  💨 Landing VFX spawned!
[  1530   19.780 x1.00] LOG  ✅ LANDED! (was jump #1)
[  1535   19.819 x1.00] LOG  [OniBoss] Recovery → Attack
[  1535   19.819 x1.00] LOG  [OniBoss] Attack: ClubSwing2 (16 dmg)
[  1535   19.819 x1.00] LOG  [OniBoss:Trail] ClubSwing2 trail START at clip 1.00 (transition still blending).
[  1544   19.888 x1.00] LOG  🚶 2-LEG JUMP
[  1544   19.888 x1.00] LOG  🐾 Jump 1 VFX spawned!
[  1551   19.947 x1.00] LOG  [ComboTrace] LAUNCH OniBoss at 0.7m dist=0.68m in 0.13s [AIRBORNE]
[  1551   19.947 x1.00] LOG  [Combat] Aerial spin, 25 dmg
[  1551   19.947 x1.00] LOG  [YoruVFX] Air spin: 'VFX_Void_Burst_AirSpinYoru' at CenterVFX, 46 systems, longest 1.00s fitted to 0.79s at speed 1.27, 8 forced Local, 38 delays zeroed, tail 2.37s
[  1551   19.947 x1.00] LOG  OniBoss took 12 damage. HP: 2123/2500
[  1551   19.947 x1.00] LOG  [Stance] OniBoss immune for 0.5s more, hit adds nothing
[  1551   19.947 x1.00] LOG  [OniBoss] 🤕 Hit during Attack — flash only
[  1551   19.947 x1.00] LOG  [Momentum] 3 -> 4 (hit), speed x1.20, damage x1.20, impact x1.20
[  1551   19.947 x1.00] LOG  [CameraGameFeel] Shake: intensity=0.06 duration=0.080s
[  1551   19.947 x1.00] LOG  [CameraGameFeel] Shake: intensity=0.60 duration=0.200s
[  1551   19.947 x1.00] LOG  [CameraGameFeel] FOV punch: hit light (+1.5°)
[  1551   19.947 x1.00] LOG  [AirPosePin] engaged, holding body at 0.542m above the transform
[  1566   20.087 x1.00] LOG  [ComboTrace] LAUNCH RESULT wanted=0.68m actually moved=0.00m, completed
[  1567   20.099 x1.00] LOG  OniBoss took 12 damage. HP: 2111/2500
[  1567   20.099 x1.00] LOG  [Stance] OniBoss immune for 0.4s more, hit adds nothing
[  1567   20.099 x1.00] LOG  [OniBoss] 🤕 Hit during Attack — flash only
[  1567   20.099 x1.00] LOG  [CameraGameFeel] Shake: intensity=0.21 duration=0.200s
[  1583   20.254 x1.00] LOG  OniBoss took 12 damage. HP: 2099/2500
[  1583   20.254 x1.00] LOG  [Stance] OniBoss immune for 0.2s more, hit adds nothing
[  1583   20.254 x1.00] LOG  [OniBoss] 🤕 Hit during Attack — flash only
[  1583   20.254 x1.00] LOG  [Momentum] 4 -> 5 (hit), speed x1.25, damage x1.25, impact x1.25
[  1583   20.254 x1.00] LOG  [CameraGameFeel] Shake: intensity=0.14 duration=0.080s
[  1583   20.254 x1.00] LOG  [CameraGameFeel] Shake: intensity=0.22 duration=0.200s
[  1584   20.266 x1.00] LOG  [OniBoss:ClubPos] ClubSwing2 at strike: club tip 0.12m up, 1.75m in front, 2.49m to his right (3.04m out from his centre). Club faces 8deg from his forward, pitch -0.88. (the ground wave is born 1.6m in front of him at 0.35m.)
[  1584   20.266 x1.00] LOG  [OniBoss:Layer] ClubSwing2: club has not connected — ground wave released ARMED, 1.6m in front, 12m/s x 6.0m = 0.50s, carrying 10 (half of the club's 20).
[  1599   20.405 x1.00] LOG  OniBoss took 12 damage. HP: 2087/2500
[  1599   20.405 x1.00] LOG  [Stance] OniBoss immune for 0.0s more, hit adds nothing
[  1599   20.405 x1.00] LOG  [OniBoss] 🤕 Hit during Attack — flash only
[  1599   20.405 x1.00] LOG  [CameraGameFeel] Shake: intensity=0.22 duration=0.200s
[  1616   20.559 x1.00] LOG  OniBoss took 12 damage. HP: 2075/2500
[  1616   20.559 x1.00] LOG  [Stance] OniBoss 10/150 (+10 light)
[  1616   20.559 x1.00] LOG  [OniBoss] 🤕 Hit during Attack — flash only
[  1616   20.559 x1.00] LOG  [Momentum] 5 -> 6 (hit), speed x1.30, damage x1.30, impact x1.30
[  1616   20.559 x1.00] LOG  [CameraGameFeel] Shake: intensity=0.06 duration=0.080s
[  1616   20.559 x1.00] LOG  [CameraGameFeel] Shake: intensity=0.23 duration=0.200s
[  1629   20.686 x1.00] LOG  [YoruVFX] Spin VFX stopped, fading for 2.37s
[  1632   20.710 x1.00] LOG  OniBoss took 13 damage. HP: 2062/2500
[  1632   20.710 x1.00] LOG  [Stance] OniBoss 20/150 (+10 light)
[  1632   20.710 x1.00] LOG  [OniBoss] 🤕 Hit during Attack — flash only
[  1632   20.710 x1.00] LOG  [CameraGameFeel] Shake: intensity=0.23 duration=0.200s
[  1632   20.710 x1.00] LOG  [ComboTrace] END step=3 clipProgress=0.90 clipLen=0.79s queued=0 elapsed=0.76s
[  1633   20.724 x1.00] LOG  [AirPosePin] released, peak correction was -0.074m
[  1639   20.777 x1.00] LOG  [OniBoss:Wave] armed wave expired UNTOUCHED — closest 0.00m to Yoru (hit width 1.60), she was AIRBORNE at the closest moment.
[  1644   20.823 x1.00] LOG  💨 Landing VFX spawned!
[  1644   20.823 x1.00] LOG  ✅ LANDED! (was jump #1)
[  1667   20.998 x1.00] LOG  [Combat] Combo 1: 10 dmg
[  1667   20.998 x1.00] LOG  [ComboTrace] START step=1 state='Combo1' queued=0 target='OniBoss' at 2.0m
[  1667   20.998 x1.00] LOG  [ComboTrace] LAUNCH OniBoss at 0.8m dist=0.79m in 0.13s
[  1674   21.045 x1.00] LOG  [OniBoss] Attack → Recovery
[  1674   21.045 x1.00] LOG  [OniBoss] Playing animation: Watch
[  1674   21.045 x1.00] LOG  [OniBoss:Trail] trail END at clip 0.99, fading over 0.40s.
[  1674   21.045 x1.00] LOG  [OniBoss:Touch] ClubSwing2: no touch this swing, closest 1.34m at clip 0.28 (head 0.54 along the club), fastest tip 108m/s (radius 0.70, min speed 50, max tip height 2.5m).
[  1674   21.045 x1.00] LOG  [OniBoss:Strike] ClubSwing2: club tip closest to Yoru at 2.06m, clip position 0.99 | damage fires at 0.32 | clip 1.17s => damage fires 781 ms BEFORE the club is closest
[  1685   21.135 x1.00] LOG  [ComboTrace] LAUNCH RESULT wanted=0.79m actually moved=0.00m, completed
[  1695   21.198 x1.00] LOG  [OniBoss] Recovery → Attack
[  1695   21.198 x1.00] LOG  [OniBoss] Attack: ClubSlam (20 dmg)
[  1695   21.198 x1.00] LOG  [OniBoss:Trail] ClubSlam trail START at clip 1.00 (transition still blending).
[  1695   21.198 x1.00] LOG  [Combat] Queued click #1 (combo 1)
[  1695   21.198 x1.00] LOG  [ComboTrace] QUEUED #1 during step 1
[  1714   21.360 x1.00] LOG  OniBoss took 13 damage. HP: 2049/2500
[  1714   21.360 x1.00] LOG  [Stance] OniBoss 30/150 (+10 light)
[  1714   21.360 x1.00] LOG  [OniBoss] 🤕 Hit during Attack — flash only
[  1714   21.360 x1.00] LOG  [Momentum] 6 -> 7 (hit), speed x1.35, damage x1.35, impact x1.35
[  1714   21.360 x1.00] LOG  [CameraGameFeel] Shake: intensity=0.06 duration=0.080s
[  1714   21.360 x1.00] LOG  [Combat] Hit OniBoss for 13
[  1714   21.360 x1.00] LOG  [CameraGameFeel] Shake: intensity=0.68 duration=0.200s
[  1714   21.360 x1.00] LOG  [CameraGameFeel] FOV punch: hit light (+1.5°)
[  1720   21.398 x1.00] LOG  [Combat] Queued click #2 (combo 1)
[  1720   21.398 x1.00] LOG  [ComboTrace] QUEUED #2 during step 1
[  1733   21.503 x1.00] LOG  🐾 VFX_AttackPaw triggered!
[  1745   21.592 x1.00] LOG  [Combat] Combo 2: 20 dmg
[  1745   21.592 x1.00] LOG  [ComboTrace] START step=2 state='Combo2' queued=1 target='OniBoss' at 2.0m
[  1745   21.592 x1.00] LOG  [ComboTrace] LAUNCH OniBoss at 0.8m dist=0.79m in 0.13s
[  1749   21.624 x1.00] LOG  [ComboTrace] CLICK DROPPED by attackCooldown (0.10s, 0.03s since last attack) step=2
[  1757   21.676 x1.00] LOG  [CameraGameFeel] Shake: intensity=0.50 duration=0.400s
[  1757   21.676 x1.00] LOG  [Peach] heavy hit 30 dmg: 4 bites. 3/16 bites = 0.75 of 4 peaches
[  1757   21.676 x1.00] LOG  [Momentum] 7 -> 0 (heavy hit taken, reset), speed x1.00, damage x1.00, impact x1.00
[  1757   21.676 x1.00] LOG  [Combat] Hit react: HitReact_Heavy_2Leg (0.9s, clip starts at 0.35s)
[  1757   21.676 x1.00] LOG  [CameraGameFeel] Shake: intensity=0.60 duration=0.200s
[  1757   21.676 x1.00] LOG  [CameraGameFeel] FOV punch: player damage (-3.0°)
[  1757   21.676 x1.00] LOG  [OniBoss] Hit player for 30 (ClubSlam) [combo x1.50]
[  1757   21.676 x1.00] LOG  [OniBoss:Touch] ClubSlam: club TOUCHED Yoru at clip 0.46, shaft 0.16m from her body line, head 0.45 along the club, tip 2.06m up, tip speed 98m/s. Full club hit delivered this frame.
[  1758   21.684 x1.00] LOG  [HitReactTrace] asked for 'HitReact_Heavy_2Leg' (0.90s, clip start 0.35s): NOT playing it, another state took the combat layer, blend resolved after 8 ms, state 1.00s long at speed 1.60, now at 0.08s, layer weight 1.00, animator.speed 1.00.
[  1802   22.048 x1.00] LOG  [OniBoss:ClubPos] ClubSlam at strike: club tip 0.52m up, 2.91m in front, -0.08m to his right (2.91m out from his centre). Club faces 9deg from his forward, pitch -0.27. (the ground wave is born 1.6m in front of him at 0.35m.)
[  1802   22.048 x1.00] LOG  [OniBoss:Layer] ClubSlam: club already hit — ground wave released as VISUAL only (0 damage), finisher size x2.0.
[  1818   22.174 x1.00] LOG  [OniBoss] Attack → Recovery
[  1818   22.174 x1.00] LOG  [OniBoss] Playing animation: Watch
[  1818   22.174 x1.00] LOG  [OniBoss:Trail] trail END at clip 0.99, fading over 0.40s.
[  1818   22.174 x1.00] LOG  [OniBoss:Strike] ClubSlam: club tip closest to Yoru at 0.35m, clip position 0.94 | damage fires at 0.85 | clip 0.93s => damage fires 86 ms BEFORE the club is closest
[  1838   22.332 x1.00] LOG  [OniBoss] Recovery → Chase
[  1839   22.339 x1.00] LOG  [OniBoss] hold-ground: BACKSTEP 1.5m (player 2.0m)
[  1866   22.561 x1.00] LOG  🚶 2-LEG JUMP
[  1866   22.561 x1.00] LOG  🐾 Jump 1 VFX spawned!
[  1879   22.675 x1.00] LOG  [ComboTrace] LAUNCH OniBoss at 1.1m dist=1.12m in 0.13s [AIRBORNE]
[  1879   22.675 x1.00] LOG  [Combat] Aerial spin, 25 dmg
[  1879   22.675 x1.00] LOG  [YoruVFX] Air spin: 'VFX_Void_Burst_AirSpinYoru' at CenterVFX, 46 systems, longest 1.00s fitted to 0.79s at speed 1.27, 8 forced Local, 38 delays zeroed, tail 2.37s
[  1879   22.675 x1.00] LOG  OniBoss took 10 damage. HP: 2039/2500
[  1879   22.675 x1.00] LOG  [Stance] OniBoss 40/150 (+10 light)
[  1879   22.675 x1.00] LOG  [OniBoss] Chase → HitReact
[  1879   22.675 x1.00] LOG  [OniBoss:Layer] react tier: LIGHT (10 dmg) → 'Hit_react_light'
[  1879   22.675 x1.00] LOG  [Momentum] 0 -> 1 (hit), speed x1.05, damage x1.05, impact x1.05
[  1879   22.675 x1.00] LOG  [CameraGameFeel] Shake: intensity=0.06 duration=0.080s
[  1879   22.675 x1.00] LOG  [CameraGameFeel] Shake: intensity=0.53 duration=0.200s
[  1879   22.675 x1.00] LOG  [CameraGameFeel] FOV punch: hit light (+1.5°)
[  1879   22.675 x1.00] LOG  [AirPosePin] engaged, holding body at 0.673m above the transform
[  1893   22.813 x1.00] LOG  [ComboTrace] LAUNCH RESULT wanted=1.12m actually moved=0.51m, completed
[  1895   22.832 x1.00] LOG  OniBoss took 10 damage. HP: 2029/2500
[  1895   22.832 x1.00] LOG  [Stance] OniBoss 50/150 (+10 light)
[  1895   22.832 x1.00] LOG  [OniBoss:Layer] burst: 2 hits / 20 dmg → flinch upgraded to 'HitReact_medium'
[  1895   22.832 x1.00] LOG  [CameraGameFeel] Shake: intensity=0.18 duration=0.200s
[  1911   22.984 x1.00] LOG  OniBoss took 10 damage. HP: 2019/2500
[  1911   22.984 x1.00] LOG  [Stance] OniBoss 60/150 (+10 light)
[  1911   22.984 x1.00] LOG  [Momentum] 1 -> 2 (hit), speed x1.10, damage x1.10, impact x1.10
[  1911   22.984 x1.00] LOG  [CameraGameFeel] Shake: intensity=0.06 duration=0.080s
[  1911   22.984 x1.00] LOG  [CameraGameFeel] Shake: intensity=0.19 duration=0.200s
[  1930   23.139 x1.00] LOG  OniBoss took 11 damage. HP: 2008/2500
[  1930   23.139 x1.00] LOG  [Stance] OniBoss 70/150 (+10 light)
[  1930   23.139 x1.00] LOG  [CameraGameFeel] Shake: intensity=0.19 duration=0.200s
[  1948   23.298 x1.00] LOG  OniBoss took 11 damage. HP: 1997/2500
[  1948   23.298 x1.00] LOG  [Stance] OniBoss 80/150 (+10 light)
[  1948   23.298 x1.00] LOG  [Momentum] 2 -> 3 (hit), speed x1.15, damage x1.15, impact x1.15
[  1948   23.298 x1.00] LOG  [CameraGameFeel] Shake: intensity=0.06 duration=0.080s
[  1948   23.298 x1.00] LOG  [CameraGameFeel] Shake: intensity=0.20 duration=0.200s
[  1961   23.405 x1.00] LOG  [YoruVFX] Spin VFX stopped, fading for 2.37s
[  1964   23.432 x1.00] LOG  [ComboTrace] END step=3 clipProgress=0.90 clipLen=0.79s queued=0 elapsed=0.76s
[  1965   23.443 x1.00] LOG  [AirPosePin] released, peak correction was -0.004m
[  1969   23.477 x1.00] LOG  [OniBoss] HitReact → Chase
[  1970   23.483 x1.00] LOG  [OniBoss] Playing animation: Idle
[  1970   23.483 x1.00] LOG  [OniBoss] Playing animation: Walk
[  1972   23.502 x1.00] LOG  💨 Landing VFX spawned!
[  1972   23.502 x1.00] LOG  ✅ LANDED! (was jump #1)
[  2004   23.742 x1.00] LOG  [OniBoss] Playing animation: Idle
[  2021   23.858 x1.00] LOG  [Combat] Combo 1: 10 dmg
[  2021   23.858 x1.00] LOG  [ComboTrace] START step=1 state='Combo1' queued=0 target='OniBoss' at 2.2m
[  2021   23.858 x1.00] LOG  [ComboTrace] LAUNCH OniBoss at 0.8m dist=0.84m in 0.13s
[  2039   23.990 x1.00] LOG  [ComboTrace] LAUNCH RESULT wanted=0.84m actually moved=0.06m, completed
[  2047   24.049 x1.00] LOG  [Combat] Queued click #1 (combo 1)
[  2047   24.049 x1.00] LOG  [ComboTrace] QUEUED #1 during step 1
[  2060   24.139 x1.00] LOG  [OniBoss] Chase → Attack
[  2060   24.139 x1.00] LOG  [OniBoss] Attack: ClubSlam (20 dmg)
[  2060   24.139 x1.00] LOG  [OniBoss:Trail] ClubSlam trail START at clip 0.25 (transition done).
[  2076   24.268 x1.00] LOG  OniBoss took 12 damage. HP: 1985/2500
[  2076   24.268 x1.00] LOG  [Stance] OniBoss 90/150 (+10 light)
[  2076   24.268 x1.00] LOG  [OniBoss] 🤕 Hit during Attack — flash only
[  2076   24.268 x1.00] LOG  [Momentum] 3 -> 4 (hit), speed x1.20, damage x1.20, impact x1.20
[  2076   24.268 x1.00] LOG  [CameraGameFeel] Shake: intensity=0.06 duration=0.080s
[  2076   24.268 x1.00] LOG  [Combat] Hit OniBoss for 12
[  2076   24.268 x1.00] LOG  [CameraGameFeel] Shake: intensity=0.60 duration=0.200s
[  2076   24.268 x1.00] LOG  [CameraGameFeel] FOV punch: hit light (+1.5°)
[  2088   24.355 x1.00] LOG  [Combat] Queued click #2 (combo 1)
[  2088   24.355 x1.00] LOG  [ComboTrace] QUEUED #2 during step 1
[  2097   24.425 x1.00] LOG  🐾 VFX_AttackPaw triggered!
[  2108   24.516 x1.00] LOG  [Combat] Combo 2: 20 dmg
[  2108   24.516 x1.00] LOG  [ComboTrace] START step=2 state='Combo2' queued=1 target='OniBoss' at 2.0m
[  2108   24.516 x1.00] LOG  [ComboTrace] LAUNCH OniBoss at 0.8m dist=0.79m in 0.13s
[  2122   24.610 x1.00] LOG  [CameraGameFeel] Shake: intensity=0.50 duration=0.400s
[  2122   24.610 x1.00] LOG  [Peach] heavy hit 20 dmg: 3 bites. 0/16 bites = 0 of 4 peaches
[  2122   24.610 x1.00] LOG  [Health] Player died (heavy killing hit). Game over menu: next pass.
[  2122   24.610 x1.00] LOG  [CameraGameFeel] Shake: intensity=0.60 duration=0.200s
[  2122   24.610 x1.00] LOG  [CameraGameFeel] FOV punch: player damage (-3.0°)
[  2122   24.610 x1.00] LOG  [Death] Yoru died on 2 legs (heavy hit). No death clip set for this case, she just stops.
[  2122   24.610 x1.00] LOG  [OniBoss] Hit player for 20 (ClubSlam)
[  2122   24.610 x1.00] LOG  [OniBoss:Touch] ClubSlam: club TOUCHED Yoru at clip 0.46, shaft 0.15m from her body line, head 0.44 along the club, tip 2.49m up, tip speed 107m/s. Full club hit delivered this frame.
[  2170   24.987 x1.00] LOG  [OniBoss:ClubPos] ClubSlam at strike: club tip 0.54m up, 2.91m in front, -0.13m to his right (2.91m out from his centre). Club faces 7deg from his forward, pitch -0.26. (the ground wave is born 1.6m in front of him at 0.35m.)
[  2170   24.987 x1.00] LOG  [OniBoss:Layer] ClubSlam: club already hit — ground wave released as VISUAL only (0 damage).
[  2177   25.039 x1.00] LOG  🐾🐾 VFX_TowPaw triggered!
[  2179   25.059 x1.00] LOG  OniBoss took 12 damage. HP: 1973/2500
[  2179   25.059 x1.00] LOG  [Stance] OniBoss 100/150 (+10 light)
[  2179   25.059 x1.00] LOG  [OniBoss] 🤕 Hit during Attack — flash only
[  2179   25.059 x1.00] LOG  [Momentum] 4 -> 5 (hit), speed x1.25, damage x1.25, impact x1.25
[  2179   25.059 x1.00] LOG  [CameraGameFeel] Shake: intensity=0.14 duration=0.080s
[  2179   25.059 x1.00] LOG  [Combat] Hit OniBoss for 12
[  2179   25.059 x1.00] LOG  [CameraGameFeel] Shake: intensity=0.63 duration=0.200s
[  2179   25.059 x1.00] LOG  [CameraGameFeel] FOV punch: hit light (+1.5°)
[  2192   25.163 x1.00] LOG  [OniBoss] Attack → Recovery
[  2192   25.163 x1.00] LOG  [OniBoss] Playing animation: Watch
[  2192   25.163 x1.00] LOG  [OniBoss:Trail] trail END at clip 1.00, fading over 0.40s.
[  2192   25.163 x1.00] LOG  [OniBoss:Strike] ClubSlam: club tip closest to Yoru at 0.36m, clip position 0.94 | damage fires at 0.85 | clip 0.93s => damage fires 86 ms BEFORE the club is closest
[  2212   25.318 x1.00] LOG  [OniBoss] Recovery → Chase
[  2213   25.326 x1.00] LOG  [OniBoss] hold-ground: BACKSTEP 1.5m (player 2.0m)
[  2223   25.396 x1.00] LOG  🐾🐾 VFX_TowPaw triggered!
[  2344   26.262 x1.00] LOG  [OniBoss] hold-ground: backstep done (1.50m), WATCH (player 3.5m, cooldown 0.9s)
[  2344   26.262 x1.00] LOG  [OniBoss] Playing animation: Idle
[  2345   26.269 x1.00] LOG  [OniBoss] Playing animation: Walk
[  2413   26.720 x1.00] LOG  [OniBoss] Playing animation: Idle
[  2462   27.120 x1.00] LOG  [OniBoss] Combo started: swing1-2 (2 steps remaining)
[  2462   27.120 x1.00] LOG  [OniBoss] Chase → Attack
[  2462   27.120 x1.00] LOG  [OniBoss] Attack: Club_Swing (16 dmg)
[  2462   27.120 x1.00] LOG  [OniBoss:Trail] Club_Swing trail START at clip 0.26 (transition done).
[  2468   27.165 x1.00] LOG  [OniBoss:Layer] step-in: 'Club_Swing' closed 0.25m, Yoru now 3.0m away (range 3.5)
[  2514   27.478 x1.00] LOG  [OniBoss:ClubPos] Club_Swing at strike: club tip 3.02m up, 2.82m in front, -2.76m to his right (3.95m out from his centre). Club faces -75deg from his forward, pitch 0.40. (the ground wave is born 1.6m in front of him at 0.35m.)
[  2514   27.478 x1.00] LOG  [OniBoss:Layer] Club_Swing: club has not connected — ground wave released ARMED, 1.6m in front, 12m/s x 6.0m = 0.50s, carrying 8 (half of the club's 16).
[  2515   27.486 x1.00] LOG  [OniBoss:Wave] wave TOUCHED Yoru (grounded) for 8 after 0.1m / 0.01s of travel.
[  2526   27.564 x1.00] LOG  [Momentum] 5 -> 4 (drain), speed x1.20, damage x1.20, impact x1.20
[  2582   27.959 x1.00] LOG  [OniBoss] Attack → Recovery
[  2582   27.959 x1.00] LOG  [OniBoss] Playing animation: Watch
[  2582   27.959 x1.00] LOG  [OniBoss:Trail] trail END at clip 0.99, fading over 0.40s.
[  2582   27.959 x1.00] LOG  [OniBoss:Strike] Club_Swing: club tip closest to Yoru at 1.50m, clip position 0.91 | damage fires at 0.42 | clip 0.84s => damage fires 411 ms BEFORE the club is closest
[  2597   28.069 x1.00] LOG  [Momentum] 4 -> 3 (drain), speed x1.15, damage x1.15, impact x1.15
[  2604   28.114 x1.00] LOG  [OniBoss] Recovery → Attack
[  2604   28.114 x1.00] LOG  [OniBoss] Attack: ClubSwing2 (16 dmg)
[  2604   28.114 x1.00] LOG  [OniBoss:Trail] ClubSwing2 trail START at clip 1.00 (transition still blending).
[  2649   28.452 x1.00] LOG  [CameraGameFeel] Shake: intensity=0.20 duration=0.250s
[  2649   28.452 x1.00] LOG  [OniBoss] Hit player for 24 (ClubSwing2) [combo x1.50]
[  2649   28.452 x1.00] LOG  [OniBoss:Touch] ClubSwing2: club TOUCHED Yoru at clip 0.29, shaft 0.15m from her body line, head 0.83 along the club, tip 0.97m up, tip speed 96m/s, ONE FRAME EARLY (predicted). Full club hit delivered this frame.
[  2655   28.501 x1.00] LOG  [OniBoss:ClubPos] ClubSwing2 at strike: club tip 0.07m up, 1.88m in front, 2.33m to his right (3.00m out from his centre). Club faces 1deg from his forward, pitch -0.87. (the ground wave is born 1.6m in front of him at 0.35m.)
[  2655   28.501 x1.00] LOG  [OniBoss:Layer] ClubSwing2: club already hit — ground wave released as VISUAL only (0 damage), finisher size x2.0.
[  2664   28.574 x1.00] LOG  [Momentum] 3 -> 2 (drain), speed x1.10, damage x1.10, impact x1.10
[  2729   29.074 x1.00] LOG  [Momentum] 2 -> 1 (drain), speed x1.05, damage x1.05, impact x1.05
[  2758   29.286 x1.00] LOG  [OniBoss] Attack → Recovery
[  2758   29.286 x1.00] LOG  [OniBoss] Playing animation: Watch
[  2758   29.286 x1.00] LOG  [OniBoss:Trail] trail END at clip 1.00, fading over 0.40s.
[  2758   29.286 x1.00] LOG  [OniBoss:Strike] ClubSwing2: club tip closest to Yoru at 0.63m, clip position 0.30 | damage fires at 0.32 | clip 1.17s => MATCHED (within one or two frames)
[  2768   29.370 x1.00] WARN The referenced script on this Behaviour (Game Object '<null>') is missing!
[  2768   29.370 x1.00] WARN The referenced script on this Behaviour (Game Object 'Lightning Light') is missing!
[  2768   29.370 x1.00] WARN The referenced script on this Behaviour (Game Object 'Lightning Light') is missing!
[  2778   29.442 x1.00] LOG  [OniBoss] Recovery → Chase
[  2779   29.453 x1.00] LOG  [OniBoss] hold-ground: BACKSTEP 1.5m (player 3.0m)
[  2795   29.577 x1.00] LOG  [Momentum] 1 -> 0 (drain), speed x1.00, damage x1.00, impact x1.00
[  2883   30.278 x1.00] LOG  [OniBoss] hold-ground: backstep done (1.33m), WATCH (player 4.3m, cooldown 1.0s)
[  2883   30.278 x1.00] LOG  [OniBoss] Playing animation: Watch
[  2884   30.284 x1.00] LOG  [OniBoss] Playing animation: Walk
[  2957   30.855 x1.00] LOG  [OniBoss] Playing animation: Watch
[  3008   31.244 x1.00] LOG  [OniBoss] hold-ground: cooldown over, player 3.8m > 3.5m — APPROACH
[  3008   31.244 x1.00] LOG  [OniBoss] Playing animation: Walk
[  3065   31.710 x1.00] LOG  [OniBoss] Chase → Attack
[  3065   31.710 x1.00] LOG  [OniBoss] Attack: ClubSwing2 (16 dmg)
[  3065   31.710 x1.00] LOG  [OniBoss:Trail] ClubSwing2 trail START at clip 0.25 (transition done).
[  3066   31.718 x1.00] LOG  [OniBoss:Layer] step-in: 'ClubSwing2' closed 0.07m, Yoru now 3.0m away (range 3.5)
[  3106   32.041 x1.00] LOG  [CameraGameFeel] Shake: intensity=0.20 duration=0.250s
[  3106   32.041 x1.00] LOG  [OniBoss] Hit player for 16 (ClubSwing2)
[  3106   32.041 x1.00] LOG  [OniBoss:Touch] ClubSwing2: club TOUCHED Yoru at clip 0.28, shaft 0.65m from her body line, head 0.76 along the club, tip 1.40m up, tip speed 92m/s, ONE FRAME EARLY (predicted). Full club hit delivered this frame.
[  3112   32.093 x1.00] LOG  [OniBoss:ClubPos] ClubSwing2 at strike: club tip 0.10m up, 1.80m in front, 2.43m to his right (3.02m out from his centre). Club faces 5deg from his forward, pitch -0.88. (the ground wave is born 1.6m in front of him at 0.35m.)
[  3112   32.093 x1.00] LOG  [OniBoss:Layer] ClubSwing2: club already hit — ground wave released as VISUAL only (0 damage).
[  3210   32.875 x1.00] LOG  [OniBoss] Attack → Recovery
[  3210   32.875 x1.00] LOG  [OniBoss] Playing animation: Watch
[  3210   32.875 x1.00] LOG  [OniBoss:Trail] trail END at clip 0.99, fading over 0.40s.
[  3210   32.875 x1.00] LOG  [OniBoss:Strike] ClubSwing2: club tip closest to Yoru at 0.54m, clip position 0.30 | damage fires at 0.32 | clip 1.17s => MATCHED (within one or two frames)
[  3230   33.025 x1.00] LOG  [OniBoss] Recovery → Chase
[  3231   33.033 x1.00] LOG  [OniBoss] hold-ground: BACKSTEP 1.5m (player 3.0m)
[  3339   33.867 x1.00] LOG  [OniBoss] hold-ground: backstep done (1.34m), WATCH (player 4.3m, cooldown 1.0s)
[  3339   33.867 x1.00] LOG  [OniBoss] Playing animation: Watch
[  3340   33.874 x1.00] LOG  [OniBoss] Playing animation: Walk
[  3415   34.427 x1.00] LOG  [OniBoss] Playing animation: Watch
[  3470   34.834 x1.00] LOG  [OniBoss] hold-ground: cooldown over, player 3.8m > 3.5m — APPROACH
[  3470   34.834 x1.00] LOG  [OniBoss] Playing animation: Walk
[  3533   35.310 x1.00] LOG  [OniBoss] Chase → Attack
[  3533   35.310 x1.00] LOG  [OniBoss] Attack: ClubSlam (20 dmg)
[  3533   35.310 x1.00] LOG  [OniBoss:Trail] ClubSlam trail START at clip 0.25 (transition done).
[  3534   35.318 x1.00] LOG  [OniBoss:Layer] step-in: 'ClubSlam' closed 0.07m, Yoru now 3.0m away (range 3.5)
[  3551   35.462 x1.00] LOG  [StormWeather] terrain layers restored to dry values.
# end — 697 lines
