# Oni combat log — 2026-09-23 21:27:00
# Unity 6000.2.7f2 | scene 'CaveScene_Oni_Boss1' | platform OSXEditor
# columns: [frame realSeconds timeScale] KIND message      (KIND: LOG WARN ERR EXC TEL)
#
[     0    0.000 x1.00] LOG  [OniLog] console + telemetry → /Users/asenahazal/Documents/Yoru/OniLogs/oni_2026-09-23_21-27-00.log
[     0    0.000 x1.00] LOG  [OniHairShadows] shadow casting off on 27 hair renderers
[     0    0.000 x1.00] LOG  [RingMesh] Auto-found 11/11 left, 11/11 right meshes
[     1    0.000 x1.00] LOG  [GameOver] ready (sumi-e): PlayerCombat found, ink shader ok, paper set, kanji set, font YujiSyuku-Regular SDF, Main Menu faint (no scene set)
[     1    0.000 x1.00] LOG  [Pause] ready: key Escape, paper shader ok, paper set, kanji set, font YujiSyuku-Regular SDF, capture ScreenGrab, Main Menu faint (no scene set)
[     1    0.000 x1.00] LOG  [PeachUI] row ready: 4 peaches, 64 px, TopLeft, bleed sprite set, PlayerHealth found
[     1    0.000 x1.00] LOG  [BossBar] BossHealthBarUI initialized
[     1    0.000 x1.00] LOG  [StormWeather] layer 'TerrainLayer_Dirt_01' dry smoothness=0.00 (restore to this if a crash ever leaves it wet)
[     1    0.000 x1.00] LOG  [StormWeather] post volumes ready on layer 9 (storm priority 10, flash priority 11).
[     1    0.000 x1.00] LOG  [StormWeather] COZY bridge: Rain_Cave retired, COZY owns the rain now.
[     1    0.000 x1.00] LOG  [StormWeather] COZY → 'Clear' (pre-fight - open sky, 0 s)
[     1    0.000 x1.00] LOG  [StormWeather] Ready. Open sky, dry floor. Waiting for the fight.
[     1    0.000 x1.00] LOG  OniBoss initialized with 2500 HP
[     1    0.000 x1.00] LOG  [OniBoss] ANIMATOR SETUP: cullingMode=CullUpdateTransforms updateMode=Normal applyRootMotion=False speed=1
[     1    0.000 x1.00] LOG  [OniBoss] Initialized
[     1    0.000 x1.00] LOG  [OniBoss:Layer] facing: minFlat 1m, snapOnAttack off, trackInHitReact off, aimTurn 540 deg/s for the first 0.20 of the swing
[     1    0.000 x1.00] LOG  [OniBoss:Layer] animator speed x1.35 — his 1.13s swing now plays in 0.84s.
[     1    0.000 x1.00] LOG  [OniBoss:Layer] chase speed pushed: phase1 4.5, phase2 5.5 (Yoru runs at 7).
[     1    0.000 x1.00] LOG  [OniBoss:Layer] ground wave ON (round 38): half the club's damage on TOUCH, 12m/s x 6.0m from 1.6m in front at 0.35m height — a club hit cancels that swing's wave, jumping clears it. Per-attack effects come from the Swing Wave VFX By Attack rows. PlayerHealth found, PlayerMovement found.
[     1    0.000 x1.00] LOG  [StormWeather] storm break HELD (waiting for the lightning beat)
[     1    0.000 x1.00] LOG  [OniBoss:Layer] storm break HELD — it releases at the lightning-on-the-club beat.
[     1    0.000 x1.00] LOG  [OniBoss:Layer] club tracking ON — tip 'Kanabo3' (depth 4), shaft root 'kanabo'.
[     1    0.000 x1.00] LOG  [OniBoss:Layer] skinned meshes: 46 renderer(s), updateWhenOffscreen ON, body renderer 'Body' rootBone 'Hips'
[     1    0.000 x1.00] LOG  [OniBoss:Layer] charge travel bone: 'Hips' at depth 1 under 'OniBoss', rest local (0.00, 3.24, -0.24)
[     1    0.000 x1.00] LOG  [OniBoss:Layer] anti-kite ON: thrown swing after 4s of failed chase (within 7.6m), charge after 6s.
[     1    0.000 x1.00] LOG  [OniBoss:Layer] charge drive ON (windup to 0.40 at x1.3, rush 14m/s stops at 2.6m, steers 0.35s then commits, strike section from 0.58, strike moment 0.76, trail VFX off)
[     1    0.000 x1.00] LOG  [OniBoss:Layer] attack armor ON (his swings are not interrupted by light/medium hits; heavy hits and rapid-hit bursts still stop him)
[     1    0.000 x1.00] LOG  [OniBoss:Layer] strike moments overridden: Club_Swing=0.42 ClubSwing2=0.32 ClubSlam=0.85 KanaboSweep=0.48
[     1    0.000 x1.00] LOG  [OniBoss:Layer] club TOUCH hits ON (radius 0.70m, min tip speed 50m/s, armed from 0.20 of the clip): Club_Swing ClubSwing2 ClubSlam KanaboSweep. First touch wins — club full damage, wave half, one hit per swing.
[     1    0.000 x1.00] LOG  [OniBoss:Layer] combo damage ramp ON: mid x1.25, finisher x1.50 — finisher wave carries FULL damage at x2.0 size, x2.0 travel.
[     1    0.000 x1.00] LOG  [OniBoss:Layer] charge follow-up ON: 90 % of solo charges chain into a random melee finisher.
[     1    0.000 x1.00] LOG  [OniBoss:Layer] hold-ground ON (backstep 1.5m @ 1.6m/s after own attacks, watch 'Watch', attack facing LOCKED)
[     1    0.000 x1.00] LOG  [OniBoss:Layer] OniBoss layer ready (reactions, wake-on-hit, watch stance, boss bar). player=found
[     1    0.000 x1.00] LOG  [OniBoss:Layer] charge clip 'Oni Charge.fbx' imports with Root Motion Node = None (in place) — good.
[     1    0.000 x1.00] LOG  [OniBoss:Layer] clips importing with Root Transform Position (Y) NOT baked into pose (12): Oni_Alert(Oni Alert), Club_Slam(Oni Club Slam), Club_Swing(Oni Club Swing), Club_swing2(Oni Club Swing 2), Death(Oni Death Kneel), KanaboSweep(Oni Kanabo sweep), Phase_Transition(Oni Phase transition), run(Oni Run), Walk(Oni Walk), Watch(Oni Watch), Idle(Oni Idle), Hit_react_light(Oni NEWHit react light) — their hips' up/down motion is stripped (see round notes; optional).
[     1    0.000 x1.00] LOG  === VFX MANAGER INITIALIZED ===
[     1    0.000 x1.00] LOG  Auto-detect animations: False
[     1    0.000 x1.00] LOG  Parent effects to tail: True
[     1    0.000 x1.00] LOG  Prefabs: Jump=True, Land=True, LTail=True, RTail=True
[     1    0.000 x1.00] LOG  ✅ Left Tail Tip: LeftTailTip_Anchor
[     1    0.000 x1.00] LOG  ✅ Right Tail Tip: RightTailTip_Anchor
[     1    0.000 x1.00] LOG  [VolumetricFogController] applyPresets is OFF in this scene. The Volumetric Fog component keeps its hand-set inspector values.
[     1    0.000 x1.00] LOG  [TailAirShot] Ready. drawState=RightTail_Fast castParam=TailCastSpeed (found)
  arrow leaves: PlayerYoru_1.1/Cat_All_10_Tails_v4/Group/DeformationSystem/root/Root_M/Tail15_R/Tail151_R/Tail152_R/Tail153_R/Tail154_R/Tail155_R/Tail156_R/Tail157_R/Tail158_R/Tail159_R/Tail1510_R/Tail1511_R/Tail1512_R/Tail6_R/Tail6_R_end/Tail6_R_end_end/Tail6_R_end_end_end/RightTailTip_Anchor
  aim VFX: PlayerYoru_1.1/Cat_All_10_Tails_v4/Group/DeformationSystem/root/Root_M/Tail15_R/Tail151_R/Tail152_R/Tail153_R/Tail154_R/Tail155_R/Tail156_R/Tail157_R/Tail158_R/Tail159_R/Tail1510_R/Tail1511_R/Tail1512_R/Tail6_R/Tail6_R_end/Tail6_R_end_end/Tail6_R_end_end_end/RightTailTip_Anchor/vfx_Muzzle_Fireball01Blue
[     1    0.000 x1.00] LOG  [RingMesh] VFX Status:
[     1    0.000 x1.00] LOG    Left: Prefab=✓, Spawn=Tail6_L_end_end_end
[     1    0.000 x1.00] LOG    Right: Prefab=✓, Spawn=Tail6_R_end_end_end
[     1    0.000 x1.00] LOG  [TailAirShot4Leg] Ready. drawState=shoot_4Leg castParam=Shoot4LegSpeed (found) readyFrame=5 fireFrame=10 frames=24 slowBudget=3s real damageMultiplier=2.00
  arrow leaves: PlayerYoru_1.1/Cat_All_10_Tails_v4/Group/DeformationSystem/root/Root_M/Tail15_R/Tail151_R/Tail152_R/Tail153_R/Tail154_R/Tail155_R/Tail156_R/Tail157_R/Tail158_R/Tail159_R/Tail1510_R/Tail1511_R/Tail1512_R/Tail6_R/Tail6_R_end/Tail6_R_end_end/Tail6_R_end_end_end/RightTailTip_Anchor
  aim VFX left:  PlayerYoru_1.1/Cat_All_10_Tails_v4/Group/DeformationSystem/root/Root_M/Tail15_L/Tail151_L/Tail152_L/Tail153_L/Tail154_L/Tail155_L/Tail156_L/Tail157_L/Tail158_L/Tail159_L/Tail1510_L/Tail1511_L/Tail1512_L/Tail6_L/Tail6_L_end/Tail6_L_end_end/Tail6_L_end_end_end/LeftTailTip_Anchor/Glow_4Leg_L
  aim VFX right: PlayerYoru_1.1/Cat_All_10_Tails_v4/Group/DeformationSystem/root/Root_M/Tail15_R/Tail151_R/Tail152_R/Tail153_R/Tail154_R/Tail155_R/Tail156_R/Tail157_R/Tail158_R/Tail159_R/Tail1510_R/Tail1511_R/Tail1512_R/Tail6_R/Tail6_R_end/Tail6_R_end_end/Tail6_R_end_end_end/RightTailTip_Anchor/Glow_4Leg_R
[     1    0.000 x1.00] LOG  [PlayerCombat] Phase 2 form gate CONNECTED (FormController found on this GameObject).
[     1    0.000 x1.00] LOG  [Combat] PlayerCombat initialized, Phase 3C v27
[     1    0.000 x1.00] LOG  [YoruFurWeather] fur weather ready on 'Weather Zone'. Rain 0, wind 0.50 in the open, roof check 30 m above her. Wind level and floor from StormWeather on 'StormWeather'.
[     1    0.000 x1.00] LOG  [CameraGameFeel] CameraGameFeel initialized (shake + FOV)
[     1    7.842 x1.00] LOG  [OniBoss] Playing animation: Idle
[     4    9.938 x1.00] LOG  💨 Landing VFX spawned!
[     4    9.938 x1.00] LOG  ✅ LANDED! (was jump #0)
[   340   12.922 x1.00] LOG  [OniBoss:Layer] watch stance ON (player 14.9m)
[   449   13.781 x1.00] LOG  [OniBoss] LostSoul → Alert
[   449   13.781 x1.00] LOG  [OniBoss] Playing animation: Oni_Alert
[   449   13.781 x1.00] LOG  [BossBar] Showing bar for: Oni (2500/2500)
[   449   13.781 x1.00] LOG  [OniBoss:Layer] boss bar shown
[   450   13.790 x1.00] LOG  [StormWeather] COZY → 'Yoru_Oni_Phase1_Storm' (fight engaged - storm rolls in, 0 s)
[   450   13.790 x1.00] LOG  [StormWeather] FIGHT STARTED (he engaged) - storm on, floor starts to soak.
[   451   13.801 x1.00] WARN The referenced script on this Behaviour (Game Object '<null>') is missing!
[   451   13.801 x1.00] WARN The referenced script on this Behaviour (Game Object 'Lightning Light') is missing!
[   451   13.801 x1.00] WARN The referenced script on this Behaviour (Game Object 'Lightning Light') is missing!
[   494   14.165 x1.00] LOG  [YoruFurWeather] rain reaching the coat (intensity 0.01, follows floor wetness).
[   508   14.285 x1.00] LOG  [OniBoss] Alert → Chase
[   509   14.295 x1.00] LOG  [OniBoss] Pull-band decision: RUN-IN (dist 5.6m, pullRange 0m, chance 0.50)
[   509   14.295 x1.00] LOG  [OniBoss] Playing animation: run
[   514   14.337 x1.00] LOG  🐾 4-LEG JUMP #0
[   514   14.337 x1.00] LOG  🐾 Jump 1 VFX spawned!
[   545   14.588 x1.00] LOG  [StormWeather] storm post weight -> 0.40
[   550   14.628 x1.00] LOG  [ComboTrace] LAUNCH OniBoss at 2.3m dist=2.30m in 0.23s [AIRBORNE]
[   550   14.628 x1.00] LOG  [Combat] Aerial spin, 25 dmg
[   550   14.628 x1.00] LOG  [YoruVFX] Air spin: 'VFX_Void_Burst_AirSpinYoru' at CenterVFX, 46 systems, longest 1.00s fitted to 0.79s at speed 1.27, 8 forced Local, 38 delays zeroed, tail 2.37s
[   550   14.628 x1.00] LOG  [AirPosePin] engaged, holding body at 0.805m above the transform
[   553   14.670 x1.00] LOG  [OniBoss] Playing animation: Watch
[   553   14.670 x1.00] LOG  [OniBoss] Chase → Attack
[   553   14.670 x1.00] LOG  [OniBoss] Attack: Club_Swing (16 dmg)
[   553   14.670 x1.00] LOG  [OniBoss:Trail] Club_Swing trail START at clip 0.39 (transition done).
[   563   14.789 x1.00] LOG  OniBoss took 10 damage. HP: 2490/2500
[   563   14.789 x1.00] LOG  [OniBoss] 🤕 Hit during Attack — flash only
[   563   14.789 x1.00] LOG  [Momentum] 0 -> 1 (hit), speed x1.05, damage x1.05, impact x1.05
[   563   14.789 x1.00] LOG  [CameraGameFeel] Shake: intensity=0.06 duration=0.080s
[   563   14.789 x1.00] LOG  [CameraGameFeel] Shake: intensity=0.53 duration=0.200s
[   563   14.789 x1.00] LOG  [CameraGameFeel] FOV punch: hit light (+1.5°)
[   568   14.864 x1.00] LOG  [ComboTrace] LAUNCH RESULT wanted=2.30m actually moved=2.08m, completed
[   576   14.940 x1.00] LOG  OniBoss took 10 damage. HP: 2480/2500
[   576   14.940 x1.00] LOG  [OniBoss] 🤕 Hit during Attack — flash only
[   576   14.940 x1.00] LOG  [CameraGameFeel] Shake: intensity=0.18 duration=0.200s
[   589   15.062 x1.00] LOG  [CameraGameFeel] Shake: intensity=0.20 duration=0.250s
[   589   15.062 x1.00] LOG  [Peach] light hit 16 dmg: 2 bites. 14/16 bites = 3.5 of 4 peaches
[   589   15.062 x1.00] LOG  [Momentum] 1 -> 0 (light hit taken, 50% = -1), speed x1.00, damage x1.00, impact x1.00
[   589   15.062 x1.00] LOG  [YoruVFX] Spin VFX stopped, fading for 2.37s
[   589   15.062 x1.00] LOG  [Combat] Combo memory: light hit, keeping step 3
[   589   15.062 x1.00] LOG  [Combat] Hit react: HitReact_Light_2Leg (0.5s, clip starts at 0.35s)
[   589   15.062 x1.00] LOG  [CameraGameFeel] Shake: intensity=0.30 duration=0.200s
[   589   15.062 x1.00] LOG  [CameraGameFeel] FOV punch: player damage (-2.0°)
[   589   15.062 x1.00] LOG  [OniBoss] Hit player for 16 (Club_Swing)
[   589   15.062 x1.00] LOG  [OniBoss:Touch] Club_Swing: club TOUCHED Yoru at clip 0.40, shaft 0.60m from her body line, head 0.45 along the club, tip 1.96m up, tip speed 159m/s. Full club hit delivered this frame.
[   590   15.074 x1.00] LOG  [HitReactTrace] asked for 'HitReact_Light_2Leg' (0.50s, clip start 0.35s): NOT playing it, another state took the combat layer, blend resolved after 12 ms, state 0.79s long at speed 0.80, now at 0.37s, layer weight 1.00, animator.speed 1.00.
[   592   15.093 x1.00] LOG  [OniBoss:ClubPos] Club_Swing at strike: club tip 3.02m up, 2.42m in front, -3.00m to his right (3.85m out from his centre). Club faces -84deg from his forward, pitch 0.41. (the ground wave is born 1.6m in front of him at 0.35m.)
[   592   15.093 x1.00] LOG  [OniBoss:Layer] Club_Swing: club already hit — ground wave released as VISUAL only (0 damage).
[   618   15.319 x1.00] LOG  💨 Landing VFX spawned!
[   618   15.319 x1.00] LOG  [AirPosePin] released, peak correction was 0.003m
[   649   15.565 x1.00] LOG  ✅ LANDED! (was jump #0)
[   650   15.572 x1.00] LOG  [OniBoss] Attack → Recovery
[   650   15.572 x1.00] LOG  [OniBoss] Playing animation: Watch
[   650   15.572 x1.00] LOG  [OniBoss:Trail] trail END at clip 1.00, fading over 0.40s.
[   650   15.572 x1.00] LOG  [OniBoss:Strike] Club_Swing: club tip closest to Yoru at 0.86m, clip position 0.86 | damage fires at 0.42 | clip 0.84s => damage fires 365 ms BEFORE the club is closest
[   658   15.633 x1.00] LOG  🚶 2-LEG JUMP
[   658   15.633 x1.00] LOG  🐾 Jump 1 VFX spawned!
[   663   15.679 x1.00] LOG  [ComboTrace] LAUNCH OniBoss at 0.9m dist=0.92m in 0.13s [AIRBORNE]
[   663   15.679 x1.00] LOG  [Combat] Aerial spin, 25 dmg
[   663   15.679 x1.00] LOG  [YoruVFX] Air spin: 'VFX_Void_Burst_AirSpinYoru' at CenterVFX, 46 systems, longest 1.00s fitted to 0.79s at speed 1.27, 8 forced Local, 38 delays zeroed, tail 2.37s
[   663   15.679 x1.00] LOG  OniBoss took 10 damage. HP: 2470/2500
[   663   15.679 x1.00] LOG  [OniBoss] Recovery → HitReact
[   663   15.679 x1.00] LOG  [OniBoss] HitReact → Stagger
[   663   15.679 x1.00] LOG  [OniBoss] Playing animation: Stagger
[   663   15.679 x1.00] LOG  [OniBoss] STAGGERED for 2.5s
[   663   15.679 x1.00] LOG  [OniBoss:Layer] heavy knock-back react (swirl burst, 3 hits / 30 dmg) → 'HitReact_Heavy', down for 1.80s
[   663   15.679 x1.00] LOG  [OniReactTrace] #1 HEAVY (0 dmg) asked for 'HitReact_Heavy': crossfade 0.08s, animator speed 1.35, world x1.00
[   663   15.679 x1.00] LOG  [OniBoss:Layer] burst: 3 hits / 30 dmg inside 0.8s → knock-back + 0.90m push
[   663   15.679 x1.00] LOG  [Momentum] 0 -> 1 (hit), speed x1.05, damage x1.05, impact x1.05
[   663   15.679 x1.00] LOG  [CameraGameFeel] Shake: intensity=0.06 duration=0.080s
[   663   15.679 x1.00] LOG  [CameraGameFeel] Shake: intensity=0.53 duration=0.200s
[   663   15.679 x1.00] LOG  [CameraGameFeel] FOV punch: hit light (+1.5°)
[   663   15.679 x1.00] LOG  [AirPosePin] engaged, holding body at 0.544m above the transform
[   664   15.693 x1.00] LOG  [OniReactTrace] #1 +0.01s state SOMETHING ELSE, clip on his bones '?' weight 0.00, blending INTO 'HitReact_Heavy', layer weight 1.00, animator speed 0.00, world x1.00, engine Stagger
[   672   15.787 x1.00] LOG  [OniReactTrace] #1 +0.11s state 'HitReact_Heavy' at 5 % of its 1.11s, clip on his bones 'Take 001' weight 1.00, layer weight 1.00, animator speed 1.35, world x1.00, engine Stagger
[   674   15.810 x1.00] LOG  [ComboTrace] LAUNCH RESULT wanted=0.92m actually moved=0.82m, completed
[   676   15.832 x1.00] LOG  OniBoss punish window! 10 → 15 (x1.5)
[   676   15.832 x1.00] LOG  OniBoss took 15 damage. HP: 2455/2500
[   676   15.832 x1.00] LOG  [CameraGameFeel] Shake: intensity=0.18 duration=0.200s
[   687   15.938 x1.00] LOG  [OniReactTrace] #1 +0.26s state 'HitReact_Heavy' at 19 % of its 1.11s, clip on his bones 'Take 001' weight 1.00, layer weight 1.00, animator speed 1.35, world x1.00, engine Stagger
[   692   15.983 x1.00] LOG  OniBoss punish window! 10 → 15 (x1.5)
[   692   15.983 x1.00] LOG  OniBoss took 15 damage. HP: 2440/2500
[   692   15.983 x1.00] LOG  [Momentum] 1 -> 2 (hit), speed x1.10, damage x1.10, impact x1.10
[   692   15.983 x1.00] LOG  [CameraGameFeel] Shake: intensity=0.06 duration=0.080s
[   692   15.983 x1.00] LOG  [CameraGameFeel] Shake: intensity=0.19 duration=0.200s
[   708   16.131 x1.00] LOG  [OniReactTrace] #1 +0.45s state 'HitReact_Heavy' at 37 % of its 1.11s, clip on his bones 'Take 001' weight 1.00, layer weight 1.00, animator speed 1.35, world x1.00, engine Stagger
[   735   16.385 x1.00] LOG  [OniReactTrace] #1 +0.71s state 'HitReact_Heavy' at 59 % of its 1.11s, clip on his bones 'Take 001' weight 1.00, layer weight 1.00, animator speed 1.35, world x1.00, engine Stagger
[   737   16.402 x1.00] LOG  [YoruVFX] Spin VFX stopped, fading for 2.37s
[   741   16.442 x1.00] LOG  [ComboTrace] END step=3 clipProgress=0.91 clipLen=0.79s queued=0 elapsed=0.76s
[   742   16.448 x1.00] LOG  [AirPosePin] released, peak correction was -0.062m
[   753   16.539 x1.00] LOG  💨 Landing VFX spawned!
[   753   16.539 x1.00] LOG  ✅ LANDED! (was jump #1)
[   754   16.546 x1.00] LOG  🚶 2-LEG JUMP
[   754   16.546 x1.00] LOG  🐾 Jump 1 VFX spawned!
[   765   16.635 x1.00] LOG  [OniReactTrace] #1 +0.96s state 'HitReact_Heavy' at 82 % of its 1.11s, clip on his bones 'Take 001' weight 1.00, layer weight 1.00, animator speed 1.35, world x1.00, engine Stagger
[   765   16.635 x1.00] LOG  [OniReactTrace] #1 HEAVY verdict: played to 82 % of the clip, so the reaction IS on screen and what is missing is movement inside the clip itself
[   778   16.749 x1.00] LOG  [ComboTrace] LAUNCH OniBoss at 1.4m dist=1.41m in 0.14s [AIRBORNE]
[   778   16.749 x1.00] LOG  [Combat] Aerial spin, 25 dmg
[   778   16.749 x1.00] LOG  [YoruVFX] Air spin: 'VFX_Void_Burst_AirSpinYoru' at CenterVFX, 46 systems, longest 1.00s fitted to 0.79s at speed 1.27, 8 forced Local, 38 delays zeroed, tail 2.37s
[   778   16.749 x1.00] LOG  OniBoss punish window! 11 → 16 (x1.5)
[   778   16.749 x1.00] LOG  OniBoss took 16 damage. HP: 2424/2500
[   778   16.749 x1.00] LOG  [Momentum] 2 -> 3 (hit), speed x1.15, damage x1.15, impact x1.15
[   778   16.749 x1.00] LOG  [CameraGameFeel] Shake: intensity=0.06 duration=0.080s
[   778   16.749 x1.00] LOG  [CameraGameFeel] Shake: intensity=0.58 duration=0.200s
[   778   16.749 x1.00] LOG  [CameraGameFeel] FOV punch: hit light (+1.5°)
[   778   16.749 x1.00] LOG  [AirPosePin] engaged, holding body at 1.055m above the transform
[   791   16.903 x1.00] LOG  [ComboTrace] LAUNCH RESULT wanted=1.41m actually moved=1.48m, completed
[   791   16.903 x1.00] LOG  OniBoss punish window! 12 → 18 (x1.5)
[   791   16.903 x1.00] LOG  OniBoss took 18 damage. HP: 2406/2500
[   791   16.903 x1.00] LOG  [CameraGameFeel] Shake: intensity=0.20 duration=0.200s
[   808   17.068 x1.00] LOG  OniBoss punish window! 12 → 18 (x1.5)
[   808   17.068 x1.00] LOG  OniBoss took 18 damage. HP: 2388/2500
[   808   17.068 x1.00] LOG  [Momentum] 3 -> 4 (hit), speed x1.20, damage x1.20, impact x1.20
[   808   17.068 x1.00] LOG  [CameraGameFeel] Shake: intensity=0.06 duration=0.080s
[   808   17.068 x1.00] LOG  [CameraGameFeel] Shake: intensity=0.21 duration=0.200s
[   840   17.442 x1.00] LOG  💨 Landing VFX spawned!
[   840   17.442 x1.00] LOG  ✅ LANDED! (was jump #1)
[   840   17.442 x1.00] LOG  [AirPosePin] released, peak correction was 0.030m
[   843   17.480 x1.00] LOG  [OniBoss] Stagger → Chase
[   843   17.480 x1.00] LOG  [YoruVFX] Spin VFX stopped, fading for 2.37s
[   844   17.493 x1.00] LOG  [OniBoss] Playing animation: Watch
[   844   17.493 x1.00] LOG  [OniBoss] Combo started: swing1-2 (2 steps remaining)
[   844   17.493 x1.00] LOG  [OniBoss] Chase → Attack
[   844   17.493 x1.00] LOG  [OniBoss] Attack: Club_Swing (16 dmg)
[   844   17.493 x1.00] LOG  [OniBoss:Trail] Club_Swing trail START at clip 1.00 (transition done).
[   846   17.513 x1.00] LOG  [ComboTrace] END step=3 clipProgress=0.91 clipLen=0.79s queued=0 elapsed=0.76s
[   852   17.563 x1.00] LOG  [OniBoss:Layer] step-in: 'Club_Swing' closed 0.01m, Yoru now 3.0m away (range 3.5)
[   854   17.581 x1.00] LOG  [OniBoss:Layer] step-in: 'Club_Swing' closed 0.04m, Yoru now 3.0m away (range 3.5)
[   856   17.598 x1.00] LOG  [ComboTrace] CLICK DROPPED by attackCooldown (0.10s, 0.08s since last attack) step=3
[   857   17.604 x1.00] LOG  [OniBoss:Layer] step-in: 'Club_Swing' closed 0.06m, Yoru now 3.0m away (range 3.5)
[   859   17.622 x1.00] LOG  [OniBoss:Layer] step-in: 'Club_Swing' closed 0.09m, Yoru now 3.0m away (range 3.5)
[   860   17.636 x1.00] LOG  🚶 2-LEG JUMP
[   860   17.636 x1.00] LOG  🐾 Jump 1 VFX spawned!
[   861   17.648 x1.00] LOG  [OniBoss:Layer] step-in: 'Club_Swing' closed 0.11m, Yoru now 3.0m away (range 3.5)
[   863   17.667 x1.00] LOG  [OniBoss:Layer] step-in: 'Club_Swing' closed 0.15m, Yoru now 3.0m away (range 3.5)
[   865   17.685 x1.00] LOG  [OniBoss:Layer] step-in: 'Club_Swing' closed 0.19m, Yoru now 3.0m away (range 3.5)
[   867   17.701 x1.00] LOG  [OniBoss:Layer] step-in: 'Club_Swing' closed 0.23m, Yoru now 3.0m away (range 3.5)
[   869   17.720 x1.00] LOG  [OniBoss:Layer] step-in: 'Club_Swing' closed 0.28m, Yoru now 3.0m away (range 3.5)
[   873   17.749 x1.00] LOG  [OniBoss:Layer] step-in: 'Club_Swing' closed 0.32m, Yoru now 3.0m away (range 3.5)
[   879   17.805 x1.00] LOG  [ComboTrace] LAUNCH OniBoss at 1.7m dist=1.74m in 0.17s [AIRBORNE]
[   879   17.805 x1.00] LOG  [Combat] Aerial spin, 25 dmg
[   879   17.805 x1.00] LOG  [YoruVFX] Air spin: 'VFX_Void_Burst_AirSpinYoru' at CenterVFX, 46 systems, longest 1.00s fitted to 0.79s at speed 1.27, 8 forced Local, 38 delays zeroed, tail 2.37s
[   879   17.805 x1.00] LOG  [AirPosePin] engaged, holding body at 0.891m above the transform
[   881   17.830 x1.00] LOG  [CameraGameFeel] Shake: intensity=0.20 duration=0.250s
[   881   17.830 x1.00] LOG  [Peach] light hit 16 dmg: 2 bites. 12/16 bites = 3 of 4 peaches
[   881   17.830 x1.00] LOG  [Momentum] 4 -> 2 (light hit taken, 50% = -2), speed x1.10, damage x1.10, impact x1.10
[   881   17.830 x1.00] LOG  [YoruVFX] Spin VFX stopped, fading for 2.37s
[   881   17.830 x1.00] LOG  [Combat] Combo memory: light hit, keeping step 3
[   881   17.830 x1.00] LOG  [Combat] Hit react: HitReact_Light_2Leg (0.5s, clip starts at 0.35s)
[   881   17.830 x1.00] LOG  [CameraGameFeel] Shake: intensity=0.30 duration=0.200s
[   881   17.830 x1.00] LOG  [CameraGameFeel] FOV punch: player damage (-2.0°)
[   881   17.830 x1.00] LOG  [OniBoss] Hit player for 16 (Club_Swing)
[   881   17.830 x1.00] LOG  [OniBoss:Touch] Club_Swing: club TOUCHED Yoru at clip 0.40, shaft 0.33m from her body line, head 0.60 along the club, tip 2.50m up, tip speed 155m/s. Full club hit delivered this frame.
[   884   17.866 x1.00] LOG  [OniBoss:ClubPos] Club_Swing at strike: club tip 3.04m up, 1.63m in front, -3.25m to his right (3.64m out from his centre). Club faces -101deg from his forward, pitch 0.41. (the ground wave is born 1.6m in front of him at 0.35m.)
[   884   17.866 x1.00] LOG  [OniBoss:Layer] Club_Swing: club already hit — ground wave released as VISUAL only (0 damage).
[   884   17.866 x1.00] LOG  [HitReactTrace] asked for 'HitReact_Light_2Leg' (0.50s, clip start 0.35s): playing it, blend resolved after 36 ms, state 1.21s long at speed 1.00, now at 0.36s, layer weight 1.00, animator.speed 1.00.
[   936   18.335 x1.00] LOG  [OniBoss] Attack → Recovery
[   936   18.335 x1.00] LOG  [OniBoss] Playing animation: Watch
[   936   18.335 x1.00] LOG  [OniBoss:Trail] trail END at clip 0.99, fading over 0.40s.
[   936   18.335 x1.00] LOG  [OniBoss:Strike] Club_Swing: club tip closest to Yoru at 2.42m, clip position 0.40 | damage fires at 0.42 | clip 0.84s => MATCHED (within one or two frames)
[   936   18.335 x1.00] LOG  [AirPosePin] released, peak correction was 0.272m
[   955   18.488 x1.00] LOG  [OniBoss] Recovery → Attack
[   955   18.488 x1.00] LOG  [OniBoss] Attack: ClubSwing2 (16 dmg)
[   955   18.488 x1.00] LOG  [OniBoss:Trail] ClubSwing2 trail START at clip 1.00 (transition still blending).
[   956   18.499 x1.00] LOG  [OniBoss] Finisher step-in: ClubSwing2, she is 1.30m out of reach, walking up to 1.5m
[   966   18.587 x1.00] LOG  💨 Landing VFX spawned!
[   966   18.587 x1.00] LOG  ✅ LANDED! (was jump #1)
[   977   18.677 x1.00] LOG  [Combat] Combo 1: 10 dmg
[   977   18.677 x1.00] LOG  [ComboTrace] START step=1 state='Combo1' queued=0 target='OniBoss' at 6.5m
[   977   18.677 x1.00] LOG  [ComboTrace] LAUNCH OniBoss at 1.8m dist=1.79m in 0.18s
[   993   18.816 x1.00] LOG  [CameraGameFeel] Shake: intensity=0.20 duration=0.250s
[   993   18.816 x1.00] LOG  [Peach] heavy hit 24 dmg: 3 bites. 9/16 bites = 2.25 of 4 peaches
[   993   18.816 x1.00] LOG  [Momentum] 2 -> 0 (heavy hit taken, reset), speed x1.00, damage x1.00, impact x1.00
[   993   18.816 x1.00] LOG  [Combat] Hit react: HitReact_Heavy_2Leg (0.9s, clip starts at 0.35s)
[   993   18.816 x1.00] LOG  [CameraGameFeel] Shake: intensity=0.60 duration=0.200s
[   993   18.816 x1.00] LOG  [CameraGameFeel] FOV punch: player damage (-3.0°)
[   993   18.816 x1.00] LOG  [OniBoss] Hit player for 24 (ClubSwing2) [combo x1.50]
[   993   18.816 x1.00] LOG  [OniBoss:Touch] ClubSwing2: club TOUCHED Yoru at clip 0.28, shaft 0.69m from her body line, head 0.47 along the club, tip 2.05m up, tip speed 92m/s, ONE FRAME EARLY (predicted). Full club hit delivered this frame.
[   994   18.825 x1.00] LOG  [HitReactTrace] asked for 'HitReact_Heavy_2Leg' (0.90s, clip start 0.35s): NOT playing it, another state took the combat layer, blend resolved after 9 ms, state 0.86s long at speed 1.60, now at 0.14s, layer weight 1.00, animator.speed 1.00.
[  1000   18.880 x1.00] LOG  [OniBoss:ClubPos] ClubSwing2 at strike: club tip 0.40m up, 1.27m in front, 3.03m to his right (3.28m out from his centre). Club faces 35deg from his forward, pitch -0.89. (the ground wave is born 1.6m in front of him at 0.35m.)
[  1000   18.880 x1.00] LOG  [OniBoss:Layer] ClubSwing2: club already hit — ground wave released as VISUAL only (0 damage), finisher size x2.0.
[  1096   19.660 x1.00] LOG  [OniBoss] Attack → Recovery
[  1096   19.660 x1.00] LOG  [OniBoss] Playing animation: Watch
[  1096   19.660 x1.00] LOG  [OniBoss:Trail] trail END at clip 0.99, fading over 0.40s.
[  1096   19.660 x1.00] LOG  [OniBoss:Strike] ClubSwing2: club tip closest to Yoru at 1.24m, clip position 0.30 | damage fires at 0.32 | clip 1.17s => MATCHED (within one or two frames)
[  1115   19.810 x1.00] LOG  [OniBoss] Recovery → Chase
[  1116   19.820 x1.00] LOG  [OniBoss] hold-ground: BACKSTEP 1.5m (player 2.6m)
[  1147   20.063 x1.00] LOG  [OniBoss] hold-ground: backstep done (0.38m), WATCH (player 4.3m, cooldown 1.5s)
[  1147   20.063 x1.00] LOG  [OniBoss] Playing animation: Idle
[  1156   20.142 x1.00] LOG  [OniBoss] Playing animation: run
[  1410   22.184 x1.00] WARN The referenced script on this Behaviour (Game Object '<null>') is missing!
[  1410   22.184 x1.00] WARN The referenced script on this Behaviour (Game Object 'Lightning Light') is missing!
[  1410   22.184 x1.00] WARN The referenced script on this Behaviour (Game Object 'Lightning Light') is missing!
[  1609   23.779 x1.00] LOG  [OniBoss] Pull-band decision: RUN-IN (dist 9.0m, pullRange 0m, chance 0.50)
[  1631   23.961 x1.00] LOG  [OniBoss] chase punish: 4s of failed chase — throwing Club_Swing from 7.6m so the wave flies at her.
[  1631   23.961 x1.00] LOG  [OniBoss] Chase → Attack
[  1631   23.961 x1.00] LOG  [OniBoss] Attack: Club_Swing (16 dmg)
[  1631   23.961 x1.00] LOG  [OniBoss:Trail] Club_Swing trail START at clip 1.00 (transition done).
[  1675   24.324 x1.00] LOG  [OniBoss:ClubPos] Club_Swing at strike: club tip 3.03m up, 2.15m in front, -3.11m to his right (3.78m out from his centre). Club faces -90deg from his forward, pitch 0.41. (the ground wave is born 1.6m in front of him at 0.35m.)
[  1675   24.324 x1.00] LOG  [OniBoss:Layer] Club_Swing: club has not connected — ground wave released ARMED, 1.6m in front, 12m/s x 6.0m = 0.50s, carrying 8 (half of the club's 16).
[  1679   24.366 x1.00] LOG  [Peach] light hit 8 dmg: 1 bite. 8/16 bites = 2 of 4 peaches
[  1679   24.366 x1.00] LOG  [HitReactTrace] 4-leg LIGHT hit at 8.26 m/s (running threshold 3.00) => RUNNING reaction.
[  1679   24.366 x1.00] LOG  [CameraGameFeel] Shake: intensity=0.30 duration=0.200s
[  1679   24.366 x1.00] LOG  [CameraGameFeel] FOV punch: player damage (-2.0°)
[  1679   24.366 x1.00] LOG  [Combat] Running hit react: HitReact_Running_4Leg (0.45s then a 0.25s blend back into the run, clip starts at 0.10s, movement NOT blocked)
[  1679   24.366 x1.00] LOG  [OniBoss:Wave] wave TOUCHED Yoru (grounded) for 8 after 0.5m / 0.04s of travel.
[  1687   24.445 x1.00] LOG  [Combat] Combo 1: 10 dmg
[  1687   24.445 x1.00] LOG  [ComboTrace] START step=1 state='Combo1' queued=0 target='OniBoss' at 3.2m
[  1687   24.445 x1.00] LOG  [ComboTrace] LAUNCH OniBoss at 1.7m dist=1.67m in 0.17s
[  1706   24.603 x1.00] LOG  [Combat] Queued click #1 (combo 1)
[  1706   24.603 x1.00] LOG  [ComboTrace] QUEUED #1 during step 1
[  1707   24.608 x1.00] LOG  [ComboTrace] LAUNCH RESULT wanted=1.67m actually moved=0.95m, completed
[  1731   24.802 x1.00] LOG  [OniBoss] Attack → Recovery
[  1731   24.802 x1.00] LOG  [OniBoss] Playing animation: Watch
[  1731   24.802 x1.00] LOG  [OniBoss:Trail] trail END at clip 0.99, fading over 0.40s.
[  1731   24.802 x1.00] LOG  [OniBoss:Strike] Club_Swing: club tip closest to Yoru at 0.47m, clip position 0.91 | damage fires at 0.42 | clip 0.84s => damage fires 413 ms BEFORE the club is closest
[  1733   24.814 x1.00] LOG  [Combat] Queued click #2 (combo 1)
[  1733   24.814 x1.00] LOG  [ComboTrace] QUEUED #2 during step 1
[  1746   24.917 x1.00] LOG  OniBoss took 10 damage. HP: 2378/2500
[  1746   24.917 x1.00] LOG  [OniBoss] Recovery → HitReact
[  1746   24.917 x1.00] LOG  [OniBoss:Layer] react tier: LIGHT (10 dmg) → 'Hit_react_light'
[  1746   24.917 x1.00] LOG  [OniReactTrace] #2 LIGHT (10 dmg) asked for 'Hit_react_light': crossfade 0.08s, animator speed 1.35, world x1.00
[  1746   24.917 x1.00] LOG  [Momentum] 0 -> 1 (hit), speed x1.05, damage x1.05, impact x1.05
[  1746   24.917 x1.00] LOG  [CameraGameFeel] Shake: intensity=0.06 duration=0.080s
[  1746   24.917 x1.00] LOG  [Combat] Hit OniBoss for 10
[  1746   24.917 x1.00] LOG  [CameraGameFeel] Shake: intensity=0.53 duration=0.200s
[  1746   24.917 x1.00] LOG  [CameraGameFeel] FOV punch: hit light (+1.5°)
[  1747   24.925 x1.00] LOG  [OniReactTrace] #2 +0.01s state SOMETHING ELSE, clip on his bones 'Take 001' weight 0.31, blending into a DIFFERENT state, layer weight 1.00, animator speed 0.00, world x1.00, engine HitReact
[  1758   24.995 x1.00] LOG  [ComboTrace] CLICK IGNORED (step=1 queued=2)
[  1762   25.027 x1.00] LOG  [OniReactTrace] #2 +0.11s state SOMETHING ELSE, clip on his bones '?' weight 0.00, blending INTO 'Hit_react_light', layer weight 1.00, animator speed 1.35, world x1.00, engine HitReact
[  1769   25.081 x1.00] LOG  🐾 VFX_AttackPaw triggered!
[  1781   25.169 x1.00] LOG  [OniReactTrace] #2 +0.25s state 'Hit_react_light' at 33 % of its 0.62s, clip on his bones 'Take 001' weight 1.00, layer weight 1.00, animator speed 1.35, world x1.00, engine HitReact
[  1783   25.188 x1.00] LOG  [Combat] Combo 2: 20 dmg
[  1783   25.188 x1.00] LOG  [ComboTrace] START step=2 state='Combo2' queued=1 target='OniBoss' at 2.0m
[  1783   25.188 x1.00] LOG  [ComboTrace] LAUNCH OniBoss at 0.8m dist=0.84m in 0.13s
[  1803   25.325 x1.00] LOG  [ComboTrace] LAUNCH RESULT wanted=0.84m actually moved=0.00m, completed
[  1809   25.371 x1.00] LOG  [OniReactTrace] #2 +0.45s state 'Hit_react_light' at 66 % of its 0.62s, clip on his bones 'Take 001' weight 1.00, layer weight 1.00, animator speed 1.35, world x1.00, engine HitReact
[  1843   25.618 x1.00] LOG  [OniReactTrace] #2 +0.70s state 'Hit_react_light' at 100 % of its 0.62s, clip on his bones 'Take 001' weight 1.00, layer weight 1.00, animator speed 1.35, world x1.00, engine HitReact
[  1855   25.719 x1.00] LOG  [OniBoss] HitReact → Chase
[  1856   25.724 x1.00] LOG  [OniBoss] Playing animation: Idle
[  1856   25.724 x1.00] LOG  [OniBoss] Combo started: swing1-2 (2 steps remaining)
[  1856   25.724 x1.00] LOG  [OniBoss] Chase → Attack
[  1856   25.724 x1.00] LOG  [OniBoss] Attack: Club_Swing (16 dmg)
[  1856   25.724 x1.00] LOG  [OniBoss:Trail] Club_Swing trail START at clip 1.00 (transition done).
[  1866   25.786 x1.00] LOG  🐾🐾 VFX_TowPaw triggered!
[  1868   25.804 x1.00] LOG  OniBoss took 21 damage. HP: 2357/2500
[  1868   25.804 x1.00] LOG  [OniBoss] 🤕 Hit during Attack — flash only
[  1868   25.804 x1.00] LOG  [Momentum] 1 -> 2 (hit), speed x1.10, damage x1.10, impact x1.10
[  1868   25.804 x1.00] LOG  [CameraGameFeel] Shake: intensity=0.06 duration=0.080s
[  1868   25.804 x1.00] LOG  [Combat] Hit OniBoss for 21
[  1868   25.804 x1.00] LOG  [CameraGameFeel] Shake: intensity=0.55 duration=0.200s
[  1868   25.804 x1.00] LOG  [CameraGameFeel] FOV punch: hit light (+1.5°)
[  1876   25.869 x1.00] LOG  [OniReactTrace] #2 +0.95s state 'Hit_react_light' at 100 % of its 0.62s, clip on his bones 'Take 001' weight 0.06, blending into a DIFFERENT state, layer weight 1.00, animator speed 1.35, world x1.00, engine Attack
[  1876   25.869 x1.00] LOG  [OniReactTrace] #2 LIGHT verdict: played to 100 % of the clip, so the reaction IS on screen and what is missing is movement inside the clip itself
[  1911   26.119 x1.00] LOG  [OniBoss:ClubPos] Club_Swing at strike: club tip 3.02m up, 2.67m in front, -2.86m to his right (3.91m out from his centre). Club faces -79deg from his forward, pitch 0.40. (the ground wave is born 1.6m in front of him at 0.35m.)
[  1911   26.119 x1.00] LOG  [OniBoss:Layer] Club_Swing: club has not connected — ground wave released ARMED, 1.6m in front, 12m/s x 6.0m = 0.50s, carrying 8 (half of the club's 16).
[  1912   26.126 x1.00] LOG  [Peach] light hit 8 dmg: 1 bite. 7/16 bites = 1.75 of 4 peaches
[  1912   26.126 x1.00] LOG  [Momentum] 2 -> 1 (light hit taken, 50% = -1), speed x1.05, damage x1.05, impact x1.05
[  1912   26.126 x1.00] LOG  [Combat] Combo memory: light hit, keeping step 2
[  1912   26.126 x1.00] LOG  [Combat] Hit react: HitReact_Light_2Leg (0.5s, clip starts at 0.35s)
[  1912   26.126 x1.00] LOG  [CameraGameFeel] Shake: intensity=0.30 duration=0.200s
[  1912   26.126 x1.00] LOG  [CameraGameFeel] FOV punch: player damage (-2.0°)
[  1912   26.126 x1.00] LOG  [OniBoss:Wave] wave TOUCHED Yoru (grounded) for 8 after 0.1m / 0.01s of travel.
[  1915   26.151 x1.00] LOG  [HitReactTrace] asked for 'HitReact_Light_2Leg' (0.50s, clip start 0.35s): playing it, blend resolved after 25 ms, state 1.21s long at speed 1.00, now at 0.36s, layer weight 1.00, animator.speed 1.00.
[  1972   26.600 x1.00] LOG  [OniBoss] Attack → Recovery
[  1972   26.600 x1.00] LOG  [OniBoss] Playing animation: Watch
[  1972   26.600 x1.00] LOG  [OniBoss:Trail] trail END at clip 1.00, fading over 0.40s.
[  1972   26.600 x1.00] LOG  [OniBoss:Strike] Club_Swing: club tip closest to Yoru at 0.83m, clip position 0.91 | damage fires at 0.42 | clip 0.84s => damage fires 413 ms BEFORE the club is closest
[  1990   26.725 x1.00] LOG  [Combat] Combo 3: 35 dmg
[  1990   26.725 x1.00] LOG  [ComboTrace] START step=3 state='Combo3' queued=0 target='OniBoss' at 2.3m
[  1990   26.725 x1.00] LOG  [ComboTrace] LAUNCH OniBoss at 1.1m dist=1.13m in 0.13s
[  1990   26.725 x1.00] LOG  [YoruVFX] Ground hazard: 'VFX_Void_Area_GroundSpinYORU' laid at GroundVFX ((467.84, 0.05, 398.31)), floor tilt 0.0 deg, 17 delays shifted by 2.00s, own lifetime 8.98s
[  1990   26.725 x1.00] LOG  [Combat] Hazard zone tick: OniBoss for 25
[  1990   26.725 x1.00] LOG  [Combat] Hazard zone laid: 8.98s, 25 dmg every 0.50s in 2.00m
[  1992   26.754 x1.00] LOG  [OniBoss] Recovery → Attack
[  1992   26.754 x1.00] LOG  [OniBoss] Attack: ClubSwing2 (16 dmg)
[  1992   26.754 x1.00] LOG  [OniBoss:Trail] ClubSwing2 trail START at clip 1.00 (transition still blending).
[  1997   26.790 x1.00] LOG  OniBoss took 37 damage. HP: 2295/2500
[  1997   26.790 x1.00] LOG  [OniBoss] Attack → Stagger
[  1997   26.790 x1.00] LOG  [OniBoss] Playing animation: Stagger
[  1997   26.790 x1.00] LOG  [OniBoss] STAGGERED for 2.5s
[  1997   26.790 x1.00] LOG  [OniBoss:Layer] heavy knock-back react (37 dmg) → 'HitReact_Heavy', down for 1.80s
[  1997   26.790 x1.00] LOG  [OniReactTrace] #3 HEAVY (0 dmg) asked for 'HitReact_Heavy': crossfade 0.08s, animator speed 1.35, world x1.00
[  1997   26.790 x1.00] LOG  [Momentum] 1 -> 2 (hit), speed x1.10, damage x1.10, impact x1.10
[  1997   26.790 x1.00] LOG  [CameraGameFeel] Shake: intensity=0.06 duration=0.080s
[  1997   26.790 x1.00] LOG  [CameraGameFeel] Shake: intensity=0.55 duration=0.200s
[  1997   26.790 x1.00] LOG  [CameraGameFeel] FOV punch: hit light (+1.5°)
[  1998   26.798 x1.00] LOG  [OniBoss:Trail] trail END at clip 1.00, fading over 0.40s.
[  1998   26.798 x1.00] LOG  [OniReactTrace] #3 +0.01s state SOMETHING ELSE, clip on his bones '?' weight 0.00, blending INTO 'HitReact_Heavy', layer weight 1.00, animator speed 0.00, world x1.00, engine Stagger
[  2004   26.862 x1.00] LOG  [ComboTrace] LAUNCH RESULT wanted=1.13m actually moved=0.53m, completed
[  2008   26.894 x1.00] LOG  [OniReactTrace] #3 +0.10s state 'HitReact_Heavy' at 5 % of its 1.11s, clip on his bones '?' weight 0.00, layer weight 1.00, animator speed 1.35, world x1.00, engine Stagger
[  2010   26.908 x1.00] LOG  [ComboTrace] CLICK IGNORED (step=3 queued=0)
[  2027   27.043 x1.00] LOG  [OniReactTrace] #3 +0.25s state 'HitReact_Heavy' at 17 % of its 1.11s, clip on his bones 'Take 001' weight 1.00, layer weight 1.00, animator speed 1.35, world x1.00, engine Stagger
[  2034   27.101 x1.00] LOG  [ComboTrace] CLICK IGNORED (step=3 queued=0)
[  2050   27.230 x1.00] LOG  [Combat] Hazard zone tick: OniBoss for 25
[  2052   27.242 x1.00] LOG  [OniReactTrace] #3 +0.45s state 'HitReact_Heavy' at 36 % of its 1.11s, clip on his bones 'Take 001' weight 1.00, layer weight 1.00, animator speed 1.35, world x1.00, engine Stagger
[  2061   27.309 x1.00] LOG  [ComboTrace] CLICK IGNORED (step=3 queued=0)
[  2087   27.507 x1.00] LOG  [OniReactTrace] #3 +0.72s state 'HitReact_Heavy' at 59 % of its 1.11s, clip on his bones 'Take 001' weight 1.00, layer weight 1.00, animator speed 1.35, world x1.00, engine Stagger
[  2089   27.523 x1.00] LOG  [ComboTrace] CLICK IGNORED (step=3 queued=0)
[  2091   27.536 x1.00] LOG  [ComboTrace] END step=3 clipProgress=0.95 clipLen=0.79s queued=0 elapsed=0.81s
[  2115   27.732 x1.00] LOG  [Combat] Hazard zone tick: OniBoss for 25
[  2117   27.752 x1.00] LOG  [Combat] Combo 1: 10 dmg
[  2117   27.752 x1.00] LOG  [ComboTrace] START step=1 state='Combo1' queued=0 target='OniBoss' at 2.7m
[  2117   27.752 x1.00] LOG  [ComboTrace] LAUNCH OniBoss at 1.5m dist=1.46m in 0.15s
[  2117   27.752 x1.00] LOG  [OniReactTrace] #3 +0.96s state 'HitReact_Heavy' at 81 % of its 1.11s, clip on his bones 'Take 001' weight 1.00, layer weight 1.00, animator speed 1.35, world x1.00, engine Stagger
[  2117   27.752 x1.00] LOG  [OniReactTrace] #3 HEAVY verdict: played to 81 % of the clip, so the reaction IS on screen and what is missing is movement inside the clip itself
[  2135   27.901 x1.00] LOG  [ComboTrace] LAUNCH RESULT wanted=1.46m actually moved=0.72m, completed
[  2142   27.966 x1.00] LOG  [Combat] Queued click #1 (combo 1)
[  2142   27.966 x1.00] LOG  [ComboTrace] QUEUED #1 during step 1
[  2167   28.160 x1.00] LOG  [Combat] Queued click #2 (combo 1)
[  2167   28.160 x1.00] LOG  [ComboTrace] QUEUED #2 during step 1
[  2170   28.181 x1.00] LOG  OniBoss punish window! 11 → 16 (x1.5)
[  2170   28.181 x1.00] LOG  OniBoss took 16 damage. HP: 2229/2500
[  2170   28.181 x1.00] LOG  [Momentum] 2 -> 3 (hit), speed x1.15, damage x1.15, impact x1.15
[  2170   28.181 x1.00] LOG  [CameraGameFeel] Shake: intensity=0.06 duration=0.080s
[  2170   28.181 x1.00] LOG  [Combat] Hit OniBoss for 11
[  2170   28.181 x1.00] LOG  [CameraGameFeel] Shake: intensity=0.58 duration=0.200s
[  2170   28.181 x1.00] LOG  [CameraGameFeel] FOV punch: hit light (+1.5°)
[  2190   28.340 x1.00] LOG  🐾 VFX_AttackPaw triggered!
[  2197   28.383 x1.00] LOG  [ComboTrace] CLICK IGNORED (step=1 queued=2)
[  2203   28.434 x1.00] LOG  [Combat] Combo 2: 20 dmg
[  2203   28.434 x1.00] LOG  [ComboTrace] START step=2 state='Combo2' queued=1 target='OniBoss' at 2.9m
[  2203   28.434 x1.00] LOG  [ComboTrace] LAUNCH OniBoss at 1.6m dist=1.62m in 0.16s
[  2220   28.590 x1.00] LOG  [OniBoss] Stagger → Chase
[  2221   28.607 x1.00] LOG  [OniBoss] Playing animation: Watch
[  2221   28.607 x1.00] LOG  [OniBoss] Chase → Attack
[  2221   28.607 x1.00] LOG  [OniBoss] Attack: Club_Swing (16 dmg)
[  2221   28.607 x1.00] LOG  [OniBoss:Trail] Club_Swing trail START at clip 1.00 (transition done).
[  2221   28.607 x1.00] LOG  [Combat] Queued click #2 (combo 2)
[  2221   28.607 x1.00] LOG  [ComboTrace] QUEUED #2 during step 2
[  2221   28.607 x1.00] LOG  [ComboTrace] LAUNCH RESULT wanted=1.62m actually moved=0.90m, completed
[  2241   28.809 x1.00] LOG  [ComboTrace] CLICK IGNORED (step=2 queued=2)
[  2263   28.966 x1.00] LOG  [OniBoss:ClubPos] Club_Swing at strike: club tip 3.02m up, 2.83m in front, -2.76m to his right (3.95m out from his centre). Club faces -75deg from his forward, pitch 0.40. (the ground wave is born 1.6m in front of him at 0.35m.)
[  2263   28.966 x1.00] LOG  [OniBoss:Layer] Club_Swing: club has not connected — ground wave released ARMED, 1.6m in front, 12m/s x 6.0m = 0.50s, carrying 8 (half of the club's 16).
[  2264   28.972 x1.00] WARN The referenced script on this Behaviour (Game Object '<null>') is missing!
[  2264   28.972 x1.00] WARN The referenced script on this Behaviour (Game Object 'Lightning Light') is missing!
[  2264   28.972 x1.00] WARN The referenced script on this Behaviour (Game Object 'Lightning Light') is missing!
[  2264   28.972 x1.00] LOG  [Peach] light hit 8 dmg: 1 bite. 6/16 bites = 1.5 of 4 peaches
[  2264   28.972 x1.00] LOG  [Momentum] 3 -> 1 (light hit taken, 50% = -2), speed x1.05, damage x1.05, impact x1.05
[  2264   28.972 x1.00] LOG  [Combat] Combo memory: light hit, keeping step 2
[  2264   28.972 x1.00] LOG  [Combat] Hit react: HitReact_Light_2Leg (0.5s, clip starts at 0.35s)
[  2264   28.972 x1.00] LOG  [CameraGameFeel] Shake: intensity=0.30 duration=0.200s
[  2264   28.972 x1.00] LOG  [CameraGameFeel] FOV punch: player damage (-2.0°)
[  2264   28.972 x1.00] LOG  [OniBoss:Wave] wave TOUCHED Yoru (grounded) for 8 after 0.1m / 0.01s of travel.
[  2265   28.982 x1.00] LOG  🐾🐾 VFX_TowPaw triggered!
[  2267   29.000 x1.00] LOG  [HitReactTrace] asked for 'HitReact_Light_2Leg' (0.50s, clip start 0.35s): playing it, blend resolved after 28 ms, state 1.21s long at speed 1.00, now at 0.37s, layer weight 1.00, animator.speed 1.00.
[  2322   29.451 x1.00] LOG  [OniBoss] Attack → Recovery
[  2322   29.451 x1.00] LOG  [OniBoss] Playing animation: Watch
[  2322   29.451 x1.00] LOG  [OniBoss:Trail] trail END at clip 0.99, fading over 0.40s.
[  2322   29.451 x1.00] LOG  [OniBoss:Strike] Club_Swing: club tip closest to Yoru at 0.50m, clip position 0.91 | damage fires at 0.42 | clip 0.84s => damage fires 414 ms BEFORE the club is closest
[  2342   29.606 x1.00] LOG  [OniBoss] Recovery → Chase
[  2343   29.612 x1.00] LOG  [OniBoss] hold-ground: BACKSTEP 1.5m (player 2.0m)
[  2355   29.701 x1.00] LOG  [Combat] Combo 3: 35 dmg
[  2355   29.701 x1.00] LOG  [ComboTrace] START step=3 state='Combo3' queued=0 target='OniBoss' at 2.1m
[  2355   29.701 x1.00] LOG  [ComboTrace] LAUNCH OniBoss at 1.0m dist=0.96m in 0.13s
[  2355   29.701 x1.00] LOG  [YoruVFX] Ground hazard: 'VFX_Void_Area_GroundSpinYORU' laid at GroundVFX ((469.98, 0.05, 398.73)), floor tilt 0.0 deg, 17 delays shifted by 2.00s, own lifetime 8.98s
[  2355   29.701 x1.00] LOG  [Combat] Hazard zone tick: OniBoss for 25
[  2355   29.701 x1.00] LOG  [Combat] Hazard zone laid: 8.98s, 25 dmg every 0.50s in 2.00m
[  2362   29.761 x1.00] LOG  OniBoss took 37 damage. HP: 2167/2500
[  2362   29.761 x1.00] LOG  [OniBoss] Chase → Stagger
[  2362   29.761 x1.00] LOG  [OniBoss] Playing animation: Stagger
[  2362   29.761 x1.00] LOG  [OniBoss] STAGGERED for 2.5s
[  2362   29.761 x1.00] LOG  [OniBoss:Layer] heavy knock-back react (37 dmg) → 'HitReact_Heavy', down for 1.80s
[  2362   29.761 x1.00] LOG  [OniReactTrace] #4 HEAVY (0 dmg) asked for 'HitReact_Heavy': crossfade 0.08s, animator speed 1.35, world x1.00
[  2362   29.761 x1.00] LOG  [Momentum] 1 -> 2 (hit), speed x1.10, damage x1.10, impact x1.10
[  2362   29.761 x1.00] LOG  [CameraGameFeel] Shake: intensity=0.06 duration=0.080s
[  2362   29.761 x1.00] LOG  [CameraGameFeel] Shake: intensity=0.55 duration=0.200s
[  2362   29.761 x1.00] LOG  [CameraGameFeel] FOV punch: hit light (+1.5°)
[  2363   29.770 x1.00] LOG  [OniReactTrace] #4 +0.01s state SOMETHING ELSE, clip on his bones 'Take 001' weight 1.00, blending INTO 'HitReact_Heavy', layer weight 1.00, animator speed 0.00, world x1.00, engine Stagger
[  2370   29.837 x1.00] LOG  [ComboTrace] LAUNCH RESULT wanted=0.96m actually moved=0.38m, completed
[  2374   29.863 x1.00] LOG  [OniReactTrace] #4 +0.10s state 'HitReact_Heavy' at 5 % of its 1.11s, clip on his bones 'Take 001' weight 1.00, layer weight 1.00, animator speed 1.35, world x1.00, engine Stagger
[  2394   30.017 x1.00] LOG  [OniReactTrace] #4 +0.26s state 'HitReact_Heavy' at 19 % of its 1.11s, clip on his bones 'Take 001' weight 1.00, layer weight 1.00, animator speed 1.35, world x1.00, engine Stagger
[  2403   30.090 x1.00] LOG  [ComboTrace] CLICK IGNORED (step=3 queued=0)
[  2418   30.212 x1.00] LOG  [OniReactTrace] #4 +0.45s state 'HitReact_Heavy' at 36 % of its 1.11s, clip on his bones 'Take 001' weight 1.00, layer weight 1.00, animator speed 1.35, world x1.00, engine Stagger
[  2418   30.212 x1.00] LOG  [Combat] Hazard zone tick: OniBoss for 25
[  2429   30.302 x1.00] LOG  [ComboTrace] CLICK IGNORED (step=3 queued=0)
[  2449   30.466 x1.00] LOG  [OniReactTrace] #4 +0.70s state 'HitReact_Heavy' at 60 % of its 1.11s, clip on his bones 'Take 001' weight 1.00, layer weight 1.00, animator speed 1.35, world x1.00, engine Stagger
[  2454   30.509 x1.00] LOG  [ComboTrace] END step=3 clipProgress=0.96 clipLen=0.79s queued=0 elapsed=0.81s
[  2457   30.531 x1.00] LOG  [ComboTrace] CLICK DROPPED by attackCooldown (0.10s, 0.02s since last attack) step=3
[  2462   30.566 x1.00] LOG  🚶 2-LEG JUMP
[  2462   30.566 x1.00] LOG  🐾 Jump 1 VFX spawned!
[  2479   30.717 x1.00] LOG  [OniReactTrace] #4 +0.96s state 'HitReact_Heavy' at 82 % of its 1.11s, clip on his bones 'Take 001' weight 1.00, layer weight 1.00, animator speed 1.35, world x1.00, engine Stagger
[  2479   30.717 x1.00] LOG  [OniReactTrace] #4 HEAVY verdict: played to 82 % of the clip, so the reaction IS on screen and what is missing is movement inside the clip itself
[  2479   30.717 x1.00] LOG  [Combat] Hazard zone tick: OniBoss for 25
[  2486   30.781 x1.00] LOG  [ComboTrace] LAUNCH OniBoss at 1.3m dist=1.26m in 0.13s [AIRBORNE]
[  2486   30.781 x1.00] LOG  [Combat] Aerial spin, 25 dmg
[  2486   30.781 x1.00] LOG  [YoruVFX] Air spin: 'VFX_Void_Burst_AirSpinYoru' at CenterVFX, 46 systems, longest 1.00s fitted to 0.79s at speed 1.27, 8 forced Local, 38 delays zeroed, tail 2.37s
[  2486   30.781 x1.00] LOG  OniBoss punish window! 11 → 16 (x1.5)
[  2486   30.781 x1.00] LOG  OniBoss took 16 damage. HP: 2101/2500
[  2486   30.781 x1.00] LOG  [Momentum] 2 -> 3 (hit), speed x1.15, damage x1.15, impact x1.15
[  2486   30.781 x1.00] LOG  [CameraGameFeel] Shake: intensity=0.06 duration=0.080s
[  2486   30.781 x1.00] LOG  [CameraGameFeel] Shake: intensity=0.58 duration=0.200s
[  2486   30.781 x1.00] LOG  [CameraGameFeel] FOV punch: hit light (+1.5°)
[  2486   30.781 x1.00] LOG  [AirPosePin] engaged, holding body at 1.093m above the transform
[  2498   30.922 x1.00] LOG  [ComboTrace] LAUNCH RESULT wanted=1.26m actually moved=1.32m, completed
[  2499   30.938 x1.00] LOG  OniBoss punish window! 12 → 18 (x1.5)
[  2499   30.938 x1.00] LOG  OniBoss took 18 damage. HP: 2083/2500
[  2499   30.938 x1.00] LOG  [CameraGameFeel] Shake: intensity=0.20 duration=0.200s
[  2516   31.092 x1.00] LOG  OniBoss punish window! 12 → 18 (x1.5)
[  2516   31.092 x1.00] LOG  OniBoss took 18 damage. HP: 2065/2500
[  2516   31.092 x1.00] LOG  [Momentum] 3 -> 4 (hit), speed x1.20, damage x1.20, impact x1.20
[  2516   31.092 x1.00] LOG  [CameraGameFeel] Shake: intensity=0.06 duration=0.080s
[  2516   31.092 x1.00] LOG  [CameraGameFeel] Shake: intensity=0.21 duration=0.200s
[  2562   31.503 x1.00] LOG  💨 Landing VFX spawned!
[  2562   31.503 x1.00] LOG  ✅ LANDED! (was jump #1)
[  2562   31.503 x1.00] LOG  [AirPosePin] released, peak correction was 0.000m
[  2563   31.511 x1.00] LOG  [YoruVFX] Spin VFX stopped, fading for 2.37s
[  2565   31.531 x1.00] LOG  🚶 2-LEG JUMP
[  2565   31.531 x1.00] LOG  🐾 Jump 1 VFX spawned!
[  2566   31.540 x1.00] LOG  [ComboTrace] END step=3 clipProgress=0.90 clipLen=0.79s queued=0 elapsed=0.76s
[  2566   31.540 x1.00] LOG  [AirPosePin] engaged, holding body at 0.685m above the transform
[  2567   31.547 x1.00] LOG  [AirPosePin] released, peak correction was 0.000m
[  2569   31.564 x1.00] LOG  [OniBoss] Stagger → Chase
[  2570   31.572 x1.00] LOG  [OniBoss] Playing animation: Watch
[  2570   31.572 x1.00] LOG  [OniBoss] Combo started: ClubSwing1 → ClubSwing2 → ClubSlam (3 steps remaining)
[  2570   31.572 x1.00] LOG  [OniBoss] Chase → Attack
[  2570   31.572 x1.00] LOG  [OniBoss] Attack: Club_Swing (16 dmg)
[  2570   31.572 x1.00] LOG  [OniBoss:Trail] Club_Swing trail START at clip 1.00 (transition done).
[  2606   31.898 x1.00] LOG  [CameraGameFeel] Shake: intensity=0.20 duration=0.250s
[  2606   31.898 x1.00] LOG  [Peach] light hit 16 dmg: 2 bites. 4/16 bites = 1 of 4 peaches
[  2606   31.898 x1.00] LOG  [Momentum] 4 -> 2 (light hit taken, 50% = -2), speed x1.10, damage x1.10, impact x1.10
[  2606   31.898 x1.00] LOG  [Combat] Combo memory: light hit, keeping step 3
[  2606   31.898 x1.00] LOG  [Combat] Hit react: HitReact_Light_2Leg (0.5s, clip starts at 0.35s)
[  2606   31.898 x1.00] LOG  [CameraGameFeel] Shake: intensity=0.30 duration=0.200s
[  2606   31.898 x1.00] LOG  [CameraGameFeel] FOV punch: player damage (-2.0°)
[  2606   31.898 x1.00] LOG  [OniBoss] Hit player for 16 (Club_Swing)
[  2606   31.898 x1.00] LOG  [OniBoss:Touch] Club_Swing: club TOUCHED Yoru at clip 0.39, shaft 0.34m from her body line, head 0.60 along the club, tip 2.12m up, tip speed 165m/s. Full club hit delivered this frame.
[  2607   31.906 x1.00] LOG  [PeachUI] LOW HEALTH cue ON: 4 bites left, heartbeat 1.00s, bleed on, sound set
[  2607   31.906 x1.00] LOG  [HitReactTrace] asked for 'HitReact_Light_2Leg' (0.50s, clip start 0.35s): NOT playing it, another state took the combat layer, blend resolved after 8 ms, state 1.00s long at speed 1.00, now at 0.35s, layer weight 1.00, animator.speed 1.00.
[  2607   31.906 x1.00] LOG  [AirPosePin] engaged, holding body at 1.444m above the transform
[  2610   31.931 x1.00] LOG  [OniBoss:ClubPos] Club_Swing at strike: club tip 3.02m up, 2.77m in front, -2.80m to his right (3.94m out from his centre). Club faces -77deg from his forward, pitch 0.40. (the ground wave is born 1.6m in front of him at 0.35m.)
[  2610   31.931 x1.00] LOG  [OniBoss:Layer] Club_Swing: club already hit — ground wave released as VISUAL only (0 damage).
[  2664   32.400 x1.00] LOG  [AirPosePin] released, peak correction was 0.250m
[  2666   32.416 x1.00] LOG  [OniBoss] Attack → Recovery
[  2666   32.416 x1.00] LOG  [OniBoss] Playing animation: Watch
[  2666   32.416 x1.00] LOG  [OniBoss:Trail] trail END at clip 1.00, fading over 0.40s.
[  2666   32.416 x1.00] LOG  [OniBoss:Strike] Club_Swing: club tip closest to Yoru at 1.33m, clip position 0.92 | damage fires at 0.42 | clip 0.84s => damage fires 421 ms BEFORE the club is closest
[  2671   32.466 x1.00] LOG  💨 Landing VFX spawned!
[  2671   32.466 x1.00] LOG  ✅ LANDED! (was jump #1)
[  2677   32.508 x1.00] LOG  🚶 2-LEG JUMP
[  2677   32.508 x1.00] LOG  🐾 Jump 1 VFX spawned!
[  2685   32.571 x1.00] LOG  [OniBoss] Recovery → Attack
[  2685   32.571 x1.00] LOG  [OniBoss] Attack: ClubSwing2 (16 dmg)
[  2685   32.571 x1.00] LOG  [OniBoss:Trail] ClubSwing2 trail START at clip 1.00 (transition still blending).
[  2718   32.857 x1.00] LOG  [ComboTrace] LAUNCH OniBoss at 0.9m dist=0.92m in 0.13s [AIRBORNE]
[  2718   32.857 x1.00] LOG  [Combat] Aerial spin, 25 dmg
[  2718   32.857 x1.00] LOG  [YoruVFX] Air spin: 'VFX_Void_Burst_AirSpinYoru' at CenterVFX, 46 systems, longest 1.00s fitted to 0.79s at speed 1.27, 8 forced Local, 38 delays zeroed, tail 2.37s
[  2718   32.857 x1.00] LOG  OniBoss took 11 damage. HP: 2054/2500
[  2718   32.857 x1.00] LOG  [OniBoss] 🤕 Hit during Attack — flash only
[  2718   32.857 x1.00] LOG  [Momentum] 2 -> 3 (hit), speed x1.15, damage x1.15, impact x1.15
[  2718   32.857 x1.00] LOG  [CameraGameFeel] Shake: intensity=0.06 duration=0.080s
[  2718   32.857 x1.00] LOG  [CameraGameFeel] Shake: intensity=0.58 duration=0.200s
[  2718   32.857 x1.00] LOG  [CameraGameFeel] FOV punch: hit light (+1.5°)
[  2718   32.857 x1.00] LOG  [AirPosePin] engaged, holding body at 1.789m above the transform
[  2731   32.988 x1.00] LOG  [ComboTrace] LAUNCH RESULT wanted=0.92m actually moved=0.34m, completed
[  2733   33.007 x1.00] LOG  [OniBoss:ClubPos] ClubSwing2 at strike: club tip 0.05m up, 1.94m in front, 2.26m to his right (2.98m out from his centre). Club faces -2deg from his forward, pitch -0.87. (the ground wave is born 1.6m in front of him at 0.35m.)
[  2733   33.007 x1.00] LOG  [OniBoss:Layer] ClubSwing2: club has not connected — ground wave released ARMED, 1.6m in front, 12m/s x 6.0m = 0.50s, carrying 10 (half of the club's 20).
[  2734   33.015 x1.00] LOG  OniBoss took 12 damage. HP: 2042/2500
[  2734   33.015 x1.00] LOG  [OniBoss] 🤕 Hit during Attack — flash only
[  2734   33.015 x1.00] LOG  [CameraGameFeel] Shake: intensity=0.20 duration=0.200s
[  2752   33.165 x1.00] LOG  OniBoss took 12 damage. HP: 2030/2500
[  2752   33.165 x1.00] LOG  [OniBoss] 🤕 Hit during Attack — flash only
[  2752   33.165 x1.00] LOG  [OniBoss] Attack → Stagger
[  2752   33.165 x1.00] LOG  [OniBoss] Playing animation: Stagger
[  2752   33.165 x1.00] LOG  [OniBoss] STAGGERED for 2.5s
[  2752   33.165 x1.00] LOG  [OniBoss:Layer] heavy knock-back react (swirl burst, 3 hits / 35 dmg) → 'HitReact_Heavy', down for 1.80s
[  2752   33.165 x1.00] LOG  [OniReactTrace] #5 HEAVY (0 dmg) asked for 'HitReact_Heavy': crossfade 0.08s, animator speed 1.35, world x1.00
[  2752   33.165 x1.00] LOG  [OniBoss:Layer] burst: 3 hits / 35 dmg inside 0.8s → knock-back + 0.90m push
[  2752   33.165 x1.00] LOG  [Momentum] 3 -> 4 (hit), speed x1.20, damage x1.20, impact x1.20
[  2752   33.165 x1.00] LOG  [CameraGameFeel] Shake: intensity=0.06 duration=0.080s
[  2752   33.165 x1.00] LOG  [CameraGameFeel] Shake: intensity=0.21 duration=0.200s
[  2752   33.165 x1.00] LOG  [OniBoss:Touch] ClubSwing2: no touch this swing, closest 1.38m at clip 0.28 (head 0.55 along the club), fastest tip 109m/s (radius 0.70, min speed 50, max tip height 2.5m).
[  2752   33.165 x1.00] LOG  [OniBoss:Strike] ClubSwing2: club tip closest to Yoru at 2.40m, clip position 0.29 | damage fires at 0.32 | clip 1.17s => damage fires 36 ms AFTER the club is closest — it lands once the club has passed her
[  2753   33.178 x1.00] LOG  [OniBoss:Trail] trail END at clip 0.46, fading over 0.40s.
[  2753   33.178 x1.00] LOG  [OniReactTrace] #5 +0.01s state SOMETHING ELSE, clip on his bones 'Take 001' weight 0.85, blending INTO 'HitReact_Heavy', layer weight 1.00, animator speed 1.35, world x1.00, engine Stagger
[  2763   33.270 x1.00] LOG  [OniReactTrace] #5 +0.11s state 'HitReact_Heavy' at 9 % of its 1.11s, clip on his bones 'Take 001' weight 1.00, layer weight 1.00, animator speed 1.35, world x1.00, engine Stagger
[  2768   33.317 x1.00] LOG  OniBoss punish window! 12 → 18 (x1.5)
[  2768   33.317 x1.00] LOG  OniBoss took 18 damage. HP: 2012/2500
[  2768   33.317 x1.00] LOG  [CameraGameFeel] Shake: intensity=0.21 duration=0.200s
[  2779   33.421 x1.00] LOG  [OniReactTrace] #5 +0.26s state 'HitReact_Heavy' at 22 % of its 1.11s, clip on his bones 'Take 001' weight 1.00, layer weight 1.00, animator speed 1.35, world x1.00, engine Stagger
[  2782   33.444 x1.00] LOG  💨 Landing VFX spawned!
[  2782   33.444 x1.00] LOG  ✅ LANDED! (was jump #1)
[  2782   33.444 x1.00] LOG  [AirPosePin] released, peak correction was 0.000m
[  2784   33.463 x1.00] LOG  🚶 2-LEG JUMP
[  2784   33.463 x1.00] LOG  🐾 Jump 1 VFX spawned!
[  2787   33.483 x1.00] LOG  [AirPosePin] engaged, holding body at 0.776m above the transform
[  2790   33.507 x1.00] LOG  [OniBoss:Wave] armed wave expired UNTOUCHED — closest 0.00m to Yoru (hit width 1.60), she was AIRBORNE at the closest moment.
[  2798   33.584 x1.00] LOG  [YoruVFX] Spin VFX stopped, fading for 2.37s
[  2801   33.612 x1.00] LOG  [ComboTrace] END step=3 clipProgress=0.90 clipLen=0.79s queued=0 elapsed=0.75s
[  2802   33.622 x1.00] LOG  [OniReactTrace] #5 +0.46s state 'HitReact_Heavy' at 40 % of its 1.11s, clip on his bones 'Take 001' weight 1.00, layer weight 1.00, animator speed 1.35, world x1.00, engine Stagger
[  2802   33.622 x1.00] LOG  [AirPosePin] released, peak correction was 0.088m
[  2831   33.871 x1.00] LOG  [OniReactTrace] #5 +0.71s state 'HitReact_Heavy' at 63 % of its 1.11s, clip on his bones 'Take 001' weight 1.00, layer weight 1.00, animator speed 1.35, world x1.00, engine Stagger
[  2859   34.120 x1.00] LOG  [OniReactTrace] #5 +0.96s state 'HitReact_Heavy' at 85 % of its 1.11s, clip on his bones 'Take 001' weight 1.00, layer weight 1.00, animator speed 1.35, world x1.00, engine Stagger
[  2859   34.120 x1.00] LOG  [OniReactTrace] #5 HEAVY verdict: played to 85 % of the clip, so the reaction IS on screen and what is missing is movement inside the clip itself
[  2893   34.404 x1.00] LOG  💨 Landing VFX spawned!
[  2893   34.404 x1.00] LOG  ✅ LANDED! (was jump #1)
[  2901   34.467 x1.00] LOG  [Combat] Combo 1: 10 dmg
[  2901   34.467 x1.00] LOG  [ComboTrace] START step=1 state='Combo1' queued=0 target='OniBoss' at 2.3m
[  2901   34.467 x1.00] LOG  [ComboTrace] LAUNCH OniBoss at 1.1m dist=1.15m in 0.13s
[  2920   34.601 x1.00] LOG  [ComboTrace] LAUNCH RESULT wanted=1.15m actually moved=0.37m, completed
[  2957   34.861 x1.00] LOG  OniBoss punish window! 12 → 18 (x1.5)
[  2957   34.861 x1.00] LOG  OniBoss took 18 damage. HP: 1994/2500
[  2957   34.861 x1.00] LOG  [Momentum] 4 -> 5 (hit), speed x1.25, damage x1.25, impact x1.25
[  2957   34.861 x1.00] LOG  [CameraGameFeel] Shake: intensity=0.14 duration=0.080s
[  2957   34.861 x1.00] LOG  [Combat] Hit OniBoss for 12
[  2957   34.861 x1.00] LOG  [CameraGameFeel] Shake: intensity=0.63 duration=0.200s
[  2957   34.861 x1.00] LOG  [CameraGameFeel] FOV punch: hit light (+1.5°)
[  2971   34.968 x1.00] LOG  [OniBoss] Stagger → Chase
[  2972   34.974 x1.00] LOG  [OniBoss] Playing animation: Watch
[  2972   34.974 x1.00] LOG  [OniBoss] Combo started: ClubSwing1 → ClubSwing2 → ClubSlam (3 steps remaining)
[  2972   34.974 x1.00] LOG  [OniBoss] Chase → Attack
[  2972   34.974 x1.00] LOG  [OniBoss] Attack: Club_Swing (16 dmg)
[  2972   34.974 x1.00] LOG  [OniBoss:Trail] Club_Swing trail START at clip 1.00 (transition done).
[  2976   35.011 x1.00] LOG  🐾 VFX_AttackPaw triggered!
[  3000   35.187 x1.00] LOG  [ComboTrace] END step=1 clipProgress=0.85 clipLen=0.79s queued=0 elapsed=0.72s
[  3006   35.234 x1.00] LOG  [ComboTrace] CLICK DROPPED by attackCooldown (0.10s, 0.05s since last attack) step=1
[  3020   35.342 x1.00] LOG  [OniBoss:ClubPos] Club_Swing at strike: club tip 3.04m up, 1.72m in front, -3.23m to his right (3.66m out from his centre). Club faces -99deg from his forward, pitch 0.41. (the ground wave is born 1.6m in front of him at 0.35m.)
[  3020   35.342 x1.00] LOG  [OniBoss:Layer] Club_Swing: club has not connected — ground wave released ARMED, 1.6m in front, 12m/s x 6.0m = 0.50s, carrying 8 (half of the club's 16).
[  3021   35.351 x1.00] LOG  [Peach] light hit 8 dmg: 1 bite. 3/16 bites = 0.75 of 4 peaches
[  3021   35.351 x1.00] LOG  [Momentum] 5 -> 2 (light hit taken, 50% = -3), speed x1.10, damage x1.10, impact x1.10
[  3021   35.351 x1.00] LOG  [Combat] Combo memory: light hit, keeping step 1
[  3021   35.351 x1.00] LOG  [Combat] Hit react: HitReact_Light_2Leg (0.5s, clip starts at 0.35s)
[  3021   35.351 x1.00] LOG  [CameraGameFeel] Shake: intensity=0.30 duration=0.200s
[  3021   35.351 x1.00] LOG  [CameraGameFeel] FOV punch: player damage (-2.0°)
[  3021   35.351 x1.00] LOG  [OniBoss:Wave] wave TOUCHED Yoru (grounded) for 8 after 0.1m / 0.01s of travel.
[  3024   35.376 x1.00] LOG  [HitReactTrace] asked for 'HitReact_Light_2Leg' (0.50s, clip start 0.35s): playing it, blend resolved after 24 ms, state 1.21s long at speed 1.00, now at 0.37s, layer weight 1.00, animator.speed 1.00.
[  3087   35.814 x1.00] LOG  [OniBoss] Attack → Recovery
[  3087   35.814 x1.00] LOG  [OniBoss] Playing animation: Watch
[  3087   35.814 x1.00] LOG  [OniBoss:Trail] trail END at clip 1.00, fading over 0.40s.
[  3087   35.814 x1.00] LOG  [OniBoss:Strike] Club_Swing: club tip closest to Yoru at 1.38m, clip position 0.91 | damage fires at 0.42 | clip 0.84s => damage fires 412 ms BEFORE the club is closest
[  3105   35.966 x1.00] LOG  [OniBoss] Recovery → Attack
[  3105   35.966 x1.00] LOG  [OniBoss] Attack: ClubSwing2 (16 dmg)
[  3105   35.966 x1.00] LOG  [OniBoss:Trail] ClubSwing2 trail START at clip 1.00 (transition still blending).
[  3109   36.005 x1.00] LOG  🚶 2-LEG JUMP
[  3109   36.005 x1.00] LOG  🐾 Jump 1 VFX spawned!
[  3151   36.351 x1.00] LOG  [OniBoss:ClubPos] ClubSwing2 at strike: club tip 0.17m up, 1.65m in front, 2.61m to his right (3.09m out from his centre). Club faces 13deg from his forward, pitch -0.89. (the ground wave is born 1.6m in front of him at 0.35m.)
[  3151   36.351 x1.00] LOG  [OniBoss:Layer] ClubSwing2: club has not connected — ground wave released ARMED, 1.6m in front, 12m/s x 6.0m = 0.50s, carrying 10 (half of the club's 20).
[  3161   36.432 x1.00] LOG  [ComboTrace] LAUNCH OniBoss at 1.3m dist=1.30m in 0.13s [AIRBORNE]
[  3161   36.432 x1.00] LOG  [Combat] Aerial spin, 25 dmg
[  3161   36.432 x1.00] LOG  [YoruVFX] Air spin: 'VFX_Void_Burst_AirSpinYoru' at CenterVFX, 46 systems, longest 1.00s fitted to 0.79s at speed 1.27, 8 forced Local, 38 delays zeroed, tail 2.37s
[  3161   36.432 x1.00] LOG  OniBoss took 11 damage. HP: 1983/2500
[  3161   36.432 x1.00] LOG  [OniBoss] 🤕 Hit during Attack — flash only
[  3161   36.432 x1.00] LOG  [Momentum] 2 -> 3 (hit), speed x1.15, damage x1.15, impact x1.15
[  3161   36.432 x1.00] LOG  [CameraGameFeel] Shake: intensity=0.06 duration=0.080s
[  3161   36.432 x1.00] LOG  [CameraGameFeel] Shake: intensity=0.58 duration=0.200s
[  3161   36.432 x1.00] LOG  [CameraGameFeel] FOV punch: hit light (+1.5°)
[  3161   36.432 x1.00] LOG  [AirPosePin] engaged, holding body at 2.157m above the transform
[  3175   36.562 x1.00] LOG  [ComboTrace] LAUNCH RESULT wanted=1.30m actually moved=0.72m, completed
[  3177   36.585 x1.00] LOG  OniBoss took 12 damage. HP: 1971/2500
[  3177   36.585 x1.00] LOG  [OniBoss] 🤕 Hit during Attack — flash only
[  3177   36.585 x1.00] LOG  [CameraGameFeel] Shake: intensity=0.20 duration=0.200s
[  3193   36.739 x1.00] LOG  OniBoss took 12 damage. HP: 1959/2500
[  3193   36.739 x1.00] LOG  [OniBoss] 🤕 Hit during Attack — flash only
[  3193   36.739 x1.00] LOG  [OniBoss] Attack → Stagger
[  3193   36.739 x1.00] LOG  [OniBoss] Playing animation: Stagger
[  3193   36.739 x1.00] LOG  [OniBoss] STAGGERED for 2.5s
[  3193   36.739 x1.00] LOG  [OniBoss:Layer] heavy knock-back react (swirl burst, 3 hits / 35 dmg) → 'HitReact_Heavy', down for 1.80s
[  3193   36.739 x1.00] LOG  [OniReactTrace] #6 HEAVY (0 dmg) asked for 'HitReact_Heavy': crossfade 0.08s, animator speed 1.35, world x1.00
[  3193   36.739 x1.00] LOG  [OniBoss:Layer] burst: 3 hits / 35 dmg inside 0.8s → knock-back + 0.90m push
[  3193   36.739 x1.00] LOG  [Momentum] 3 -> 4 (hit), speed x1.20, damage x1.20, impact x1.20
[  3193   36.739 x1.00] LOG  [CameraGameFeel] Shake: intensity=0.06 duration=0.080s
[  3193   36.739 x1.00] LOG  [CameraGameFeel] Shake: intensity=0.21 duration=0.200s
[  3193   36.739 x1.00] LOG  [OniBoss:Touch] ClubSwing2: no touch this swing, closest 1.15m at clip 0.29 (head 0.79 along the club), fastest tip 108m/s (radius 0.70, min speed 50, max tip height 2.5m).
[  3193   36.739 x1.00] LOG  [OniBoss:Strike] ClubSwing2: club tip closest to Yoru at 1.75m, clip position 0.29 | damage fires at 0.32 | clip 1.17s => damage fires 35 ms AFTER the club is closest — it lands once the club has passed her
[  3194   36.750 x1.00] LOG  [OniBoss:Trail] trail END at clip 0.61, fading over 0.40s.
[  3194   36.750 x1.00] LOG  [OniReactTrace] #6 +0.01s state SOMETHING ELSE, clip on his bones 'Take 001' weight 0.76, blending INTO 'HitReact_Heavy', layer weight 1.00, animator speed 1.35, world x1.00, engine Stagger
[  3204   36.845 x1.00] LOG  [OniReactTrace] #6 +0.11s state 'HitReact_Heavy' at 9 % of its 1.11s, clip on his bones 'Take 001' weight 1.00, layer weight 1.00, animator speed 1.35, world x1.00, engine Stagger
[  3205   36.856 x1.00] LOG  [OniBoss:Wave] armed wave expired UNTOUCHED — closest 0.00m to Yoru (hit width 1.60), she was AIRBORNE at the closest moment.
[  3215   36.947 x1.00] LOG  💨 Landing VFX spawned!
[  3215   36.947 x1.00] LOG  ✅ LANDED! (was jump #1)
[  3215   36.947 x1.00] LOG  [AirPosePin] released, peak correction was 0.000m
[  3221   36.991 x1.00] LOG  🚶 2-LEG JUMP
[  3221   36.991 x1.00] LOG  🐾 Jump 1 VFX spawned!
[  3221   36.991 x1.00] LOG  [OniReactTrace] #6 +0.25s state 'HitReact_Heavy' at 22 % of its 1.11s, clip on his bones 'Take 001' weight 1.00, layer weight 1.00, animator speed 1.35, world x1.00, engine Stagger
[  3223   37.004 x1.00] LOG  [AirPosePin] engaged, holding body at 0.785m above the transform
[  3229   37.051 x1.00] LOG  OniBoss punish window! 12 → 18 (x1.5)
[  3229   37.051 x1.00] LOG  OniBoss took 18 damage. HP: 1941/2500
[  3229   37.051 x1.00] LOG  [Momentum] 4 -> 5 (hit), speed x1.25, damage x1.25, impact x1.25
[  3229   37.051 x1.00] LOG  [CameraGameFeel] Shake: intensity=0.14 duration=0.080s
[  3229   37.051 x1.00] LOG  [CameraGameFeel] Shake: intensity=0.63 duration=0.200s
[  3229   37.051 x1.00] LOG  [CameraGameFeel] FOV punch: hit light (+1.5°)
[  3244   37.193 x1.00] LOG  [OniReactTrace] #6 +0.45s state 'HitReact_Heavy' at 35 % of its 1.11s, clip on his bones 'Take 001' weight 1.00, layer weight 1.00, animator speed 1.35, world x1.00, engine Stagger
[  3246   37.212 x1.00] LOG  [YoruVFX] Spin VFX stopped, fading for 2.37s
[  3250   37.251 x1.00] LOG  [ComboTrace] END step=3 clipProgress=0.91 clipLen=0.79s queued=0 elapsed=0.82s
[  3251   37.261 x1.00] LOG  [AirPosePin] released, peak correction was 0.103m
[  3272   37.441 x1.00] LOG  [OniReactTrace] #6 +0.70s state 'HitReact_Heavy' at 57 % of its 1.11s, clip on his bones 'Take 001' weight 1.00, layer weight 1.00, animator speed 1.35, world x1.00, engine Stagger
[  3302   37.695 x1.00] LOG  [OniReactTrace] #6 +0.96s state 'HitReact_Heavy' at 80 % of its 1.11s, clip on his bones 'Take 001' weight 1.00, layer weight 1.00, animator speed 1.35, world x1.00, engine Stagger
[  3302   37.695 x1.00] LOG  [OniReactTrace] #6 HEAVY verdict: played to 80 % of the clip, so the reaction IS on screen and what is missing is movement inside the clip itself
[  3305   37.721 x1.00] WARN The referenced script on this Behaviour (Game Object '<null>') is missing!
[  3305   37.721 x1.00] WARN The referenced script on this Behaviour (Game Object 'Lightning Light') is missing!
[  3305   37.721 x1.00] WARN The referenced script on this Behaviour (Game Object 'Lightning Light') is missing!
[  3329   37.924 x1.00] LOG  💨 Landing VFX spawned!
[  3329   37.924 x1.00] LOG  ✅ LANDED! (was jump #1)
[  3335   37.978 x1.00] LOG  🚶 2-LEG JUMP
[  3335   37.978 x1.00] LOG  🐾 Jump 1 VFX spawned!
[  3344   38.060 x1.00] LOG  [ComboTrace] LAUNCH OniBoss at 1.9m dist=1.88m in 0.19s [AIRBORNE]
[  3344   38.060 x1.00] LOG  [Combat] Aerial spin, 25 dmg
[  3344   38.060 x1.00] LOG  [YoruVFX] Air spin: 'VFX_Void_Burst_AirSpinYoru' at CenterVFX, 46 systems, longest 1.00s fitted to 0.79s at speed 1.27, 8 forced Local, 38 delays zeroed, tail 2.37s
[  3344   38.060 x1.00] LOG  [AirPosePin] engaged, holding body at 0.620m above the transform
[  3357   38.213 x1.00] LOG  OniBoss punish window! 12 → 18 (x1.5)
[  3357   38.213 x1.00] LOG  OniBoss took 18 damage. HP: 1923/2500
[  3357   38.213 x1.00] LOG  [Momentum] 5 -> 6 (hit), speed x1.30, damage x1.30, impact x1.30
[  3357   38.213 x1.00] LOG  [CameraGameFeel] Shake: intensity=0.06 duration=0.080s
[  3357   38.213 x1.00] LOG  [CameraGameFeel] Shake: intensity=0.65 duration=0.200s
[  3357   38.213 x1.00] LOG  [CameraGameFeel] FOV punch: hit light (+1.5°)
[  3361   38.249 x1.00] LOG  [ComboTrace] LAUNCH RESULT wanted=1.88m actually moved=1.30m, completed
[  3373   38.368 x1.00] LOG  OniBoss punish window! 13 → 20 (x1.5)
[  3373   38.368 x1.00] LOG  OniBoss took 20 damage. HP: 1903/2500
[  3373   38.368 x1.00] LOG  [CameraGameFeel] Shake: intensity=0.23 duration=0.200s
[  3390   38.522 x1.00] LOG  OniBoss punish window! 13 → 20 (x1.5)
[  3390   38.522 x1.00] LOG  OniBoss took 20 damage. HP: 1883/2500
[  3390   38.522 x1.00] LOG  [Momentum] 6 -> 7 (hit), speed x1.35, damage x1.35, impact x1.35
[  3390   38.522 x1.00] LOG  [CameraGameFeel] Shake: intensity=0.06 duration=0.080s
[  3390   38.522 x1.00] LOG  [CameraGameFeel] Shake: intensity=0.24 duration=0.200s
[  3392   38.541 x1.00] LOG  [OniBoss] Stagger → Chase
[  3393   38.548 x1.00] LOG  [OniBoss] Playing animation: Idle
[  3393   38.548 x1.00] LOG  [OniBoss] Chase → Attack
[  3393   38.548 x1.00] LOG  [OniBoss] Attack: ClubSlam (20 dmg)
[  3393   38.548 x1.00] LOG  [OniBoss:Trail] ClubSlam trail START at clip 1.00 (transition done).
[  3405   38.662 x1.00] LOG  [OniBoss:Layer] step-in: 'ClubSlam' closed 0.54m, Yoru now 3.0m away (range 3.5)
[  3406   38.669 x1.00] LOG  [OniBoss:Layer] step-in: 'ClubSlam' closed 0.55m, Yoru now 3.0m away (range 3.5)
[  3420   38.794 x1.00] LOG  [YoruVFX] Spin VFX stopped, fading for 2.37s
[  3424   38.827 x1.00] LOG  [ComboTrace] END step=3 clipProgress=0.90 clipLen=0.79s queued=0 elapsed=0.77s
[  3425   38.838 x1.00] LOG  [AirPosePin] released, peak correction was -0.020m
[  3433   38.902 x1.00] LOG  💨 Landing VFX spawned!
[  3433   38.902 x1.00] LOG  ✅ LANDED! (was jump #1)
[  3438   38.943 x1.00] LOG  🚶 2-LEG JUMP
[  3438   38.943 x1.00] LOG  🐾 Jump 1 VFX spawned!
[  3442   38.977 x1.00] LOG  [CameraGameFeel] Shake: intensity=0.50 duration=0.400s
[  3442   38.977 x1.00] LOG  [Peach] heavy hit 20 dmg: 3 bites (Cannot Die held her at 1 bite). 1/16 bites = 0.25 of 4 peaches
[  3442   38.977 x1.00] LOG  [Momentum] 7 -> 0 (heavy hit taken, reset), speed x1.00, damage x1.00, impact x1.00
[  3442   38.977 x1.00] LOG  [Combat] Hit react: HitReact_Heavy_2Leg (0.9s, clip starts at 0.35s)
[  3442   38.977 x1.00] LOG  [CameraGameFeel] Shake: intensity=0.60 duration=0.200s
[  3442   38.977 x1.00] LOG  [CameraGameFeel] FOV punch: player damage (-3.0°)
[  3442   38.977 x1.00] LOG  [OniBoss] Hit player for 20 (ClubSlam)
[  3442   38.977 x1.00] LOG  [OniBoss:Touch] ClubSlam: club TOUCHED Yoru at clip 0.46, shaft 0.24m from her body line, head 0.66 along the club, tip 2.12m up, tip speed 100m/s. Full club hit delivered this frame.
[  3443   38.988 x1.00] LOG  [HitReactTrace] asked for 'HitReact_Heavy_2Leg' (0.90s, clip start 0.35s): NOT playing it, another state took the combat layer, blend resolved after 11 ms, state 1.00s long at speed 1.00, now at 0.14s, layer weight 1.00, animator.speed 1.00.
[  3443   38.988 x1.00] LOG  [AirPosePin] engaged, holding body at 0.598m above the transform
[  3482   39.346 x1.00] LOG  [OniBoss:ClubPos] ClubSlam at strike: club tip 0.61m up, 2.89m in front, -0.28m to his right (2.91m out from his centre). Club faces 3deg from his forward, pitch -0.24. (the ground wave is born 1.6m in front of him at 0.35m.)
[  3482   39.346 x1.00] LOG  [OniBoss:Layer] ClubSlam: club already hit — ground wave released as VISUAL only (0 damage).
[  3495   39.472 x1.00] LOG  [OniBoss] Attack → Recovery
[  3495   39.472 x1.00] LOG  [OniBoss] Playing animation: Watch
[  3495   39.472 x1.00] LOG  [OniBoss:Trail] trail END at clip 0.99, fading over 0.40s.
[  3495   39.472 x1.00] LOG  [OniBoss:Strike] ClubSlam: club tip closest to Yoru at 1.05m, clip position 0.50 | damage fires at 0.85 | clip 0.93s => damage fires 328 ms AFTER the club is closest — it lands once the club has passed her
[  3513   39.627 x1.00] LOG  [OniBoss] Recovery → Chase
[  3514   39.638 x1.00] LOG  [OniBoss] hold-ground: BACKSTEP 1.5m (player 2.9m)
[  3539   39.861 x1.00] LOG  [AirPosePin] released, peak correction was -0.001m
[  3541   39.881 x1.00] LOG  💨 Landing VFX spawned!
[  3541   39.881 x1.00] LOG  ✅ LANDED! (was jump #1)
[  3544   39.910 x1.00] LOG  🚶 2-LEG JUMP
[  3544   39.910 x1.00] LOG  🐾 Jump 1 VFX spawned!
[  3556   40.015 x1.00] LOG  [ComboTrace] LAUNCH OniBoss at 1.7m dist=1.71m in 0.17s [AIRBORNE]
[  3556   40.015 x1.00] LOG  [Combat] Aerial spin, 25 dmg
[  3556   40.015 x1.00] LOG  [YoruVFX] Air spin: 'VFX_Void_Burst_AirSpinYoru' at CenterVFX, 46 systems, longest 1.00s fitted to 0.79s at speed 1.27, 8 forced Local, 38 delays zeroed, tail 2.37s
[  3556   40.015 x1.00] LOG  OniBoss took 10 damage. HP: 1873/2500
[  3556   40.015 x1.00] LOG  [OniBoss] Chase → HitReact
[  3556   40.015 x1.00] LOG  [OniBoss:Layer] react tier: LIGHT (10 dmg) → 'Hit_react_light'
[  3556   40.015 x1.00] LOG  [OniReactTrace] #7 LIGHT (10 dmg) asked for 'Hit_react_light': crossfade 0.08s, animator speed 1.35, world x1.00
[  3556   40.015 x1.00] LOG  [Momentum] 0 -> 1 (hit), speed x1.05, damage x1.05, impact x1.05
[  3556   40.015 x1.00] LOG  [CameraGameFeel] Shake: intensity=0.06 duration=0.080s
[  3556   40.015 x1.00] LOG  [CameraGameFeel] Shake: intensity=0.53 duration=0.200s
[  3556   40.015 x1.00] LOG  [CameraGameFeel] FOV punch: hit light (+1.5°)
[  3556   40.015 x1.00] LOG  [AirPosePin] engaged, holding body at 0.642m above the transform
[  3557   40.036 x1.00] LOG  [OniReactTrace] #7 +0.02s state SOMETHING ELSE, clip on his bones 'Take 001' weight 1.00, blending INTO 'Hit_react_light', layer weight 1.00, animator speed 0.00, world x1.00, engine HitReact
[  3562   40.143 x1.00] LOG  [OniReactTrace] #7 +0.13s state SOMETHING ELSE, clip on his bones 'Take 001' weight 0.19, blending INTO 'Hit_react_light', layer weight 1.00, animator speed 1.35, world x1.00, engine HitReact
[  3564   40.173 x1.00] LOG  OniBoss took 10 damage. HP: 1863/2500
[  3564   40.173 x1.00] LOG  [OniBoss:Layer] burst: 2 hits / 20 dmg → flinch upgraded to 'HitReact_medium'
[  3564   40.173 x1.00] LOG  [OniReactTrace] #8 BURST UPGRADE (20 dmg) asked for 'HitReact_medium': crossfade 0.08s, animator speed 1.35, world x1.00
[  3564   40.173 x1.00] LOG  [CameraGameFeel] Shake: intensity=0.18 duration=0.200s
[  3565   40.190 x1.00] LOG  [OniReactTrace] #8 +0.02s state SOMETHING ELSE, clip on his bones 'Take 001' weight 0.78, blending INTO 'HitReact_medium', layer weight 1.00, animator speed 1.35, world x1.00, engine HitReact
[  3566   40.202 x1.00] LOG  [ComboTrace] LAUNCH RESULT wanted=1.71m actually moved=1.09m, completed
[  3574   40.278 x1.00] LOG  [OniReactTrace] #8 +0.10s state 'HitReact_medium' at 9 % of its 1.08s, clip on his bones 'Take 001' weight 1.00, layer weight 1.00, animator speed 1.35, world x1.00, engine HitReact
[  3580   40.332 x1.00] LOG  OniBoss took 10 damage. HP: 1853/2500
[  3580   40.332 x1.00] LOG  [OniBoss] HitReact → Stagger
[  3580   40.332 x1.00] LOG  [OniBoss] Playing animation: Stagger
[  3580   40.332 x1.00] LOG  [OniBoss] STAGGERED for 2.5s
[  3580   40.332 x1.00] LOG  [OniBoss:Layer] heavy knock-back react (swirl burst, 3 hits / 30 dmg) → 'HitReact_Heavy', down for 1.80s
[  3580   40.332 x1.00] LOG  [OniReactTrace] #9 HEAVY (0 dmg) asked for 'HitReact_Heavy': crossfade 0.08s, animator speed 1.35, world x1.00
[  3580   40.332 x1.00] LOG  [OniBoss:Layer] burst: 3 hits / 30 dmg inside 0.8s → knock-back + 0.90m push
[  3580   40.332 x1.00] LOG  [Momentum] 1 -> 2 (hit), speed x1.10, damage x1.10, impact x1.10
[  3580   40.332 x1.00] LOG  [CameraGameFeel] Shake: intensity=0.06 duration=0.080s
[  3580   40.332 x1.00] LOG  [CameraGameFeel] Shake: intensity=0.19 duration=0.200s
[  3581   40.347 x1.00] LOG  [OniReactTrace] #9 +0.01s state SOMETHING ELSE, clip on his bones 'Take 001' weight 0.75, blending INTO 'HitReact_Heavy', layer weight 1.00, animator speed 1.35, world x1.00, engine Stagger
[  3591   40.432 x1.00] LOG  [OniReactTrace] #9 +0.10s state 'HitReact_Heavy' at 8 % of its 1.11s, clip on his bones 'Take 001' weight 1.00, layer weight 1.00, animator speed 1.35, world x1.00, engine Stagger
[  3597   40.484 x1.00] LOG  OniBoss punish window! 11 → 16 (x1.5)
[  3597   40.484 x1.00] LOG  OniBoss took 16 damage. HP: 1837/2500
[  3597   40.484 x1.00] LOG  [CameraGameFeel] Shake: intensity=0.19 duration=0.200s
[  3607   40.584 x1.00] LOG  [OniReactTrace] #9 +0.25s state 'HitReact_Heavy' at 22 % of its 1.11s, clip on his bones 'Take 001' weight 1.00, layer weight 1.00, animator speed 1.35, world x1.00, engine Stagger
[  3613   40.636 x1.00] LOG  OniBoss punish window! 11 → 16 (x1.5)
[  3613   40.636 x1.00] LOG  OniBoss took 16 damage. HP: 1821/2500
[  3613   40.636 x1.00] LOG  [Momentum] 2 -> 3 (hit), speed x1.15, damage x1.15, impact x1.15
[  3613   40.636 x1.00] LOG  [CameraGameFeel] Shake: intensity=0.06 duration=0.080s
[  3613   40.636 x1.00] LOG  [CameraGameFeel] Shake: intensity=0.20 duration=0.200s
[  3624   40.740 x1.00] LOG  [YoruVFX] Spin VFX stopped, fading for 2.37s
[  3627   40.763 x1.00] LOG  [ComboTrace] END step=3 clipProgress=0.90 clipLen=0.79s queued=0 elapsed=0.75s
[  3628   40.772 x1.00] LOG  [AirPosePin] released, peak correction was -0.014m
[  3629   40.789 x1.00] LOG  [OniReactTrace] #9 +0.46s state 'HitReact_Heavy' at 40 % of its 1.11s, clip on his bones 'Take 001' weight 1.00, layer weight 1.00, animator speed 1.35, world x1.00, engine Stagger
[  3630   40.796 x1.00] LOG  [StormWeather] ⚡ strike at (474.89, 45.00, 444.97)
[  3635   40.846 x1.00] LOG  💨 Landing VFX spawned!
[  3635   40.846 x1.00] LOG  ✅ LANDED! (was jump #1)
[  3644   40.905 x1.00] LOG  🚶 2-LEG JUMP
[  3644   40.905 x1.00] LOG  🐾 Jump 1 VFX spawned!
[  3646   40.918 x1.00] LOG  [ComboTrace] LAUNCH OniBoss at 2.2m dist=2.24m in 0.22s [AIRBORNE]
[  3646   40.918 x1.00] LOG  [Combat] Aerial spin, 25 dmg
[  3646   40.918 x1.00] LOG  [YoruVFX] Air spin: 'VFX_Void_Burst_AirSpinYoru' at CenterVFX, 46 systems, longest 1.00s fitted to 0.79s at speed 1.27, 8 forced Local, 38 delays zeroed, tail 2.37s
[  3646   40.918 x1.00] LOG  [AirPosePin] engaged, holding body at 1.095m above the transform
[  3656   41.037 x1.00] LOG  [OniReactTrace] #9 +0.71s state 'HitReact_Heavy' at 62 % of its 1.11s, clip on his bones 'Take 001' weight 1.00, layer weight 1.00, animator speed 1.35, world x1.00, engine Stagger
[  3660   41.072 x1.00] LOG  OniBoss punish window! 12 → 18 (x1.5)
[  3660   41.072 x1.00] LOG  OniBoss took 18 damage. HP: 1803/2500
[  3660   41.072 x1.00] LOG  [Momentum] 3 -> 4 (hit), speed x1.20, damage x1.20, impact x1.20
[  3660   41.072 x1.00] LOG  [CameraGameFeel] Shake: intensity=0.06 duration=0.080s
[  3660   41.072 x1.00] LOG  [CameraGameFeel] Shake: intensity=0.60 duration=0.200s
[  3660   41.072 x1.00] LOG  [CameraGameFeel] FOV punch: hit light (+1.5°)
[  3667   41.150 x1.00] LOG  [ComboTrace] LAUNCH RESULT wanted=2.24m actually moved=1.78m, completed
[  3675   41.228 x1.00] LOG  OniBoss punish window! 12 → 18 (x1.5)
[  3675   41.228 x1.00] LOG  OniBoss took 18 damage. HP: 1785/2500
[  3675   41.228 x1.00] LOG  [CameraGameFeel] Shake: intensity=0.21 duration=0.200s
[  3680   41.282 x1.00] LOG  [OniReactTrace] #9 +0.95s state 'HitReact_Heavy' at 80 % of its 1.11s, clip on his bones 'Take 001' weight 1.00, layer weight 1.00, animator speed 1.35, world x1.00, engine Stagger
[  3680   41.282 x1.00] LOG  [OniReactTrace] #9 HEAVY verdict: played to 80 % of the clip, so the reaction IS on screen and what is missing is movement inside the clip itself
[  3690   41.379 x1.00] LOG  OniBoss punish window! 12 → 18 (x1.5)
[  3690   41.379 x1.00] LOG  OniBoss took 18 damage. HP: 1767/2500
[  3690   41.379 x1.00] LOG  [Momentum] 4 -> 5 (hit), speed x1.25, damage x1.25, impact x1.25
[  3690   41.379 x1.00] LOG  [CameraGameFeel] Shake: intensity=0.14 duration=0.080s
[  3690   41.379 x1.00] LOG  [CameraGameFeel] Shake: intensity=0.22 duration=0.200s
[  3719   41.656 x1.00] LOG  [YoruVFX] Spin VFX stopped, fading for 2.37s
[  3723   41.685 x1.00] LOG  [ComboTrace] END step=3 clipProgress=0.90 clipLen=0.79s queued=0 elapsed=0.77s
[  3724   41.699 x1.00] LOG  [AirPosePin] released, peak correction was 0.279m
[  3741   41.842 x1.00] LOG  💨 Landing VFX spawned!
[  3741   41.842 x1.00] LOG  ✅ LANDED! (was jump #1)
[  3745   41.878 x1.00] LOG  🚶 2-LEG JUMP
[  3745   41.878 x1.00] LOG  🐾 Jump 1 VFX spawned!
[  3763   42.024 x1.00] LOG  [ComboTrace] LAUNCH OniBoss at 1.8m dist=1.82m in 0.18s [AIRBORNE]
[  3763   42.024 x1.00] LOG  [Combat] Aerial spin, 25 dmg
[  3763   42.024 x1.00] LOG  [YoruVFX] Air spin: 'VFX_Void_Burst_AirSpinYoru' at CenterVFX, 46 systems, longest 1.00s fitted to 0.79s at speed 1.27, 8 forced Local, 38 delays zeroed, tail 2.37s
[  3763   42.024 x1.00] LOG  [AirPosePin] engaged, holding body at 0.801m above the transform
[  3773   42.134 x1.00] LOG  [OniBoss] Stagger → Chase
[  3774   42.145 x1.00] LOG  [OniBoss] Playing animation: Watch
[  3774   42.145 x1.00] LOG  [OniBoss] Chase → Attack
[  3774   42.145 x1.00] LOG  [OniBoss] Attack: ClubSwing2 (16 dmg)
[  3774   42.145 x1.00] LOG  [OniBoss:Trail] ClubSwing2 trail START at clip 1.00 (transition done).
[  3778   42.184 x1.00] LOG  OniBoss took 12 damage. HP: 1755/2500
[  3778   42.184 x1.00] LOG  [OniBoss] 🤕 Hit during Attack — flash only
[  3778   42.184 x1.00] LOG  [Momentum] 5 -> 6 (hit), speed x1.30, damage x1.30, impact x1.30
[  3778   42.184 x1.00] LOG  [CameraGameFeel] Shake: intensity=0.06 duration=0.080s
[  3778   42.184 x1.00] LOG  [CameraGameFeel] Shake: intensity=0.65 duration=0.200s
[  3778   42.184 x1.00] LOG  [CameraGameFeel] FOV punch: hit light (+1.5°)
[  3781   42.219 x1.00] LOG  [ComboTrace] LAUNCH RESULT wanted=1.82m actually moved=1.23m, completed
[  3794   42.339 x1.00] LOG  OniBoss took 13 damage. HP: 1742/2500
[  3794   42.339 x1.00] LOG  [OniBoss] 🤕 Hit during Attack — flash only
[  3794   42.339 x1.00] LOG  [CameraGameFeel] Shake: intensity=0.23 duration=0.200s
[  3814   42.498 x1.00] LOG  OniBoss took 13 damage. HP: 1729/2500
[  3814   42.498 x1.00] LOG  [OniBoss] 🤕 Hit during Attack — flash only
[  3814   42.498 x1.00] LOG  [OniBoss] Attack → Stagger
[  3814   42.498 x1.00] LOG  [OniBoss] Playing animation: Stagger
[  3814   42.498 x1.00] LOG  [OniBoss] STAGGERED for 2.5s
[  3814   42.498 x1.00] LOG  [OniBoss:Layer] heavy knock-back react (swirl burst, 3 hits / 38 dmg) → 'HitReact_Heavy', down for 1.80s
[  3814   42.498 x1.00] LOG  [OniReactTrace] #10 HEAVY (0 dmg) asked for 'HitReact_Heavy': crossfade 0.08s, animator speed 1.35, world x1.00
[  3814   42.498 x1.00] LOG  [OniBoss:Layer] burst: 3 hits / 38 dmg inside 0.8s → knock-back + 0.90m push
[  3814   42.498 x1.00] LOG  [Momentum] 6 -> 7 (hit), speed x1.35, damage x1.35, impact x1.35
[  3814   42.498 x1.00] LOG  [CameraGameFeel] Shake: intensity=0.06 duration=0.080s
[  3814   42.498 x1.00] LOG  [CameraGameFeel] Shake: intensity=0.24 duration=0.200s
[  3814   42.498 x1.00] LOG  [OniBoss:Touch] ClubSwing2: no touch this swing, closest 1.73m at clip 0.24 (head 0.38 along the club), fastest tip 84m/s (radius 0.70, min speed 50, max tip height 2.5m).
[  3814   42.498 x1.00] LOG  [OniBoss:Strike] ClubSwing2: club tip closest to Yoru at 3.44m, clip position 0.24 | damage fires at 0.32 | clip 1.17s => damage fires 92 ms AFTER the club is closest — it lands once the club has passed her
[  3815   42.506 x1.00] LOG  [OniBoss:Trail] trail END at clip 0.25, fading over 0.40s.
[  3815   42.506 x1.00] LOG  [OniReactTrace] #10 +0.01s state SOMETHING ELSE, clip on his bones 'Take 001' weight 0.73, blending INTO 'HitReact_Heavy', layer weight 1.00, animator speed 1.35, world x1.00, engine Stagger
[  3826   42.603 x1.00] LOG  [OniReactTrace] #10 +0.11s state 'HitReact_Heavy' at 9 % of its 1.11s, clip on his bones 'Take 001' weight 1.00, layer weight 1.00, animator speed 1.35, world x1.00, engine Stagger
[  3832   42.659 x1.00] LOG  OniBoss punish window! 14 → 21 (x1.5)
[  3832   42.659 x1.00] LOG  OniBoss took 21 damage. HP: 1708/2500
[  3832   42.659 x1.00] LOG  [CameraGameFeel] Shake: intensity=0.24 duration=0.200s
[  3843   42.749 x1.00] LOG  [OniReactTrace] #10 +0.25s state 'HitReact_Heavy' at 22 % of its 1.11s, clip on his bones 'Take 001' weight 1.00, layer weight 1.00, animator speed 1.35, world x1.00, engine Stagger
[  3845   42.769 x1.00] LOG  [YoruVFX] Spin VFX stopped, fading for 2.37s
[  3848   42.797 x1.00] LOG  [ComboTrace] END step=3 clipProgress=0.90 clipLen=0.79s queued=0 elapsed=0.77s
[  3849   42.809 x1.00] LOG  [AirPosePin] released, peak correction was 0.012m
[  3851   42.826 x1.00] LOG  💨 Landing VFX spawned!
[  3851   42.826 x1.00] LOG  ✅ LANDED! (was jump #1)
[  3861   42.897 x1.00] LOG  [Combat] Combo 1: 10 dmg
[  3861   42.897 x1.00] LOG  [ComboTrace] START step=1 state='Combo1' queued=0 target='OniBoss' at 2.7m
[  3861   42.897 x1.00] LOG  [ComboTrace] LAUNCH OniBoss at 1.5m dist=1.49m in 0.15s
[  3867   42.956 x1.00] LOG  [OniReactTrace] #10 +0.46s state 'HitReact_Heavy' at 40 % of its 1.11s, clip on his bones 'Take 001' weight 1.00, layer weight 1.00, animator speed 1.35, world x1.00, engine Stagger
[  3880   43.046 x1.00] LOG  [ComboTrace] LAUNCH RESULT wanted=1.49m actually moved=0.76m, completed
[  3889   43.117 x1.00] LOG  [Combat] Queued click #1 (combo 1)
[  3889   43.117 x1.00] LOG  [ComboTrace] QUEUED #1 during step 1
[  3899   43.202 x1.00] LOG  [OniReactTrace] #10 +0.70s state 'HitReact_Heavy' at 62 % of its 1.11s, clip on his bones 'Take 001' weight 1.00, layer weight 1.00, animator speed 1.35, world x1.00, engine Stagger
[  3905   43.252 x1.00] LOG  OniBoss punish window! 14 → 21 (x1.5)
[  3905   43.252 x1.00] LOG  OniBoss took 21 damage. HP: 1687/2500
[  3905   43.252 x1.00] LOG  [Momentum] 7 -> 8 (hit), speed x1.40, damage x1.40, impact x1.40
[  3905   43.252 x1.00] LOG  [CameraGameFeel] Shake: intensity=0.06 duration=0.080s
[  3905   43.252 x1.00] LOG  [Combat] Hit OniBoss for 14
[  3905   43.252 x1.00] LOG  [CameraGameFeel] Shake: intensity=0.70 duration=0.200s
[  3905   43.252 x1.00] LOG  [CameraGameFeel] FOV punch: hit light (+1.5°)
[  3917   43.353 x1.00] LOG  [Combat] Queued click #2 (combo 1)
[  3917   43.353 x1.00] LOG  [ComboTrace] QUEUED #2 during step 1
[  3922   43.392 x1.00] LOG  🐾 VFX_AttackPaw triggered!
[  3929   43.457 x1.00] LOG  [OniReactTrace] #10 +0.96s state 'HitReact_Heavy' at 80 % of its 1.11s, clip on his bones 'Take 001' weight 1.00, layer weight 1.00, animator speed 1.35, world x1.00, engine Stagger
[  3929   43.457 x1.00] LOG  [OniReactTrace] #10 HEAVY verdict: played to 80 % of the clip, so the reaction IS on screen and what is missing is movement inside the clip itself
[  3931   43.472 x1.00] LOG  [Combat] Combo 2: 20 dmg
[  3931   43.472 x1.00] LOG  [ComboTrace] START step=2 state='Combo2' queued=1 target='OniBoss' at 2.9m
[  3931   43.472 x1.00] LOG  [ComboTrace] LAUNCH OniBoss at 1.6m dist=1.62m in 0.16s
[  3942   43.575 x1.00] LOG  [Combat] Queued click #2 (combo 2)
[  3942   43.575 x1.00] LOG  [ComboTrace] QUEUED #2 during step 2
[  3949   43.633 x1.00] LOG  [ComboTrace] LAUNCH RESULT wanted=1.62m actually moved=0.90m, completed
[  3970   43.782 x1.00] LOG  [ComboTrace] CLICK IGNORED (step=2 queued=2)
[  3991   43.934 x1.00] LOG  🐾🐾 VFX_TowPaw triggered!
[  3992   43.942 x1.00] LOG  OniBoss punish window! 28 → 42 (x1.5)
[  3992   43.942 x1.00] LOG  OniBoss took 42 damage. HP: 1645/2500
[  3992   43.942 x1.00] LOG  [Momentum] 8 -> 9 (hit), speed x1.45, damage x1.45, impact x1.45
[  3992   43.942 x1.00] LOG  [CameraGameFeel] Shake: intensity=0.06 duration=0.080s
[  3992   43.942 x1.00] LOG  [Combat] Hit OniBoss for 28
[  3992   43.942 x1.00] LOG  [CameraGameFeel] Shake: intensity=0.73 duration=0.200s
[  3992   43.942 x1.00] LOG  [CameraGameFeel] FOV punch: hit light (+1.5°)
[  3999   43.992 x1.00] LOG  [ComboTrace] CLICK IGNORED (step=2 queued=2)
[  4029   44.212 x1.00] LOG  [ComboTrace] CLICK IGNORED (step=2 queued=2)
[  4034   44.244 x1.00] LOG  🐾🐾 VFX_TowPaw triggered!
[  4038   44.268 x1.00] LOG  [Combat] Combo 3: 35 dmg
[  4038   44.268 x1.00] LOG  [ComboTrace] START step=3 state='Combo3' queued=1 target='OniBoss' at 2.9m
[  4038   44.268 x1.00] LOG  [ComboTrace] LAUNCH OniBoss at 1.6m dist=1.62m in 0.16s
[  4038   44.268 x1.00] LOG  [YoruVFX] Ground hazard: 'VFX_Void_Area_GroundSpinYORU' laid at GroundVFX ((483.53, 0.35, 401.39)), floor tilt 0.0 deg, 17 delays shifted by 2.00s, own lifetime 8.98s
[  4038   44.268 x1.00] LOG  [Combat] Hazard zone tick: OniBoss for 25
[  4038   44.268 x1.00] LOG  [Combat] Hazard zone laid: 8.98s, 25 dmg every 0.50s in 2.00m
[  4041   44.301 x1.00] LOG  [OniBoss] Stagger → Chase
[  4042   44.312 x1.00] LOG  [OniBoss] Playing animation: Watch
[  4042   44.312 x1.00] LOG  [OniBoss] Combo started: swing1-2 (2 steps remaining)
[  4042   44.312 x1.00] LOG  [OniBoss] Chase → Attack
[  4042   44.312 x1.00] LOG  [OniBoss] Attack: Club_Swing (16 dmg)
[  4042   44.312 x1.00] LOG  [OniBoss:Trail] Club_Swing trail START at clip 1.00 (transition done).
[  4044   44.334 x1.00] LOG  OniBoss took 51 damage. HP: 1569/2500
[  4044   44.334 x1.00] LOG  [OniBoss] Attack → Stagger
[  4044   44.334 x1.00] LOG  [OniBoss] Playing animation: Stagger
[  4044   44.334 x1.00] LOG  [OniBoss] STAGGERED for 2.5s
[  4044   44.334 x1.00] LOG  [OniBoss:Layer] heavy knock-back react (51 dmg) → 'HitReact_Heavy', down for 1.80s
[  4044   44.334 x1.00] LOG  [OniReactTrace] #11 HEAVY (0 dmg) asked for 'HitReact_Heavy': crossfade 0.08s, animator speed 1.35, world x1.00
[  4044   44.334 x1.00] LOG  [Momentum] 9 -> 10 (hit), speed x1.50, damage x1.50, impact x1.50
[  4044   44.334 x1.00] LOG  [CameraGameFeel] Shake: intensity=0.14 duration=0.080s
[  4044   44.334 x1.00] LOG  [CameraGameFeel] Shake: intensity=0.75 duration=0.200s
[  4044   44.334 x1.00] LOG  [CameraGameFeel] FOV punch: hit light (+1.5°)
[  4045   44.346 x1.00] LOG  [OniBoss:Trail] trail END at clip 1.00, fading over 0.40s.
[  4045   44.346 x1.00] LOG  [OniReactTrace] #11 +0.01s state 'HitReact_Heavy' at 100 % of its Infinitys, clip on his bones '?' weight 0.00, blending INTO 'HitReact_Heavy', layer weight 1.00, animator speed 0.00, world x1.00, engine Stagger
[  4052   44.419 x1.00] LOG  [ComboTrace] CLICK IGNORED (step=3 queued=1)
[  4054   44.443 x1.00] LOG  [ComboTrace] LAUNCH RESULT wanted=1.62m actually moved=1.36m, completed
[  4054   44.443 x1.00] LOG  [OniReactTrace] #11 +0.11s state 'HitReact_Heavy' at 4 % of its 1.11s, clip on his bones '?' weight 0.00, layer weight 1.00, animator speed 1.35, world x1.00, engine Stagger
[  4074   44.584 x1.00] LOG  [OniReactTrace] #11 +0.25s state 'HitReact_Heavy' at 17 % of its 1.11s, clip on his bones 'Take 001' weight 1.00, layer weight 1.00, animator speed 1.35, world x1.00, engine Stagger
[  4083   44.650 x1.00] LOG  [ComboTrace] CLICK IGNORED (step=3 queued=1)
[  4099   44.785 x1.00] LOG  [OniReactTrace] #11 +0.45s state 'HitReact_Heavy' at 35 % of its 1.11s, clip on his bones 'Take 001' weight 1.00, layer weight 1.00, animator speed 1.35, world x1.00, engine Stagger
[  4109   44.863 x1.00] LOG  [ComboTrace] CLICK IGNORED (step=3 queued=1)
[  4133   45.038 x1.00] LOG  [OniReactTrace] #11 +0.70s state 'HitReact_Heavy' at 58 % of its 1.11s, clip on his bones 'Take 001' weight 1.00, layer weight 1.00, animator speed 1.35, world x1.00, engine Stagger
[  4142   45.097 x1.00] LOG  [ComboTrace] CLICK IGNORED (step=3 queued=1)
[  4143   45.104 x1.00] LOG  [ComboTrace] END step=3 clipProgress=0.96 clipLen=0.79s queued=0 elapsed=0.84s
[  4157   45.215 x1.00] LOG  🚶 2-LEG JUMP
[  4157   45.215 x1.00] LOG  🐾 Jump 1 VFX spawned!
[  4166   45.287 x1.00] LOG  [OniReactTrace] #11 +0.95s state 'HitReact_Heavy' at 80 % of its 1.11s, clip on his bones 'Take 001' weight 1.00, layer weight 1.00, animator speed 1.35, world x1.00, engine Stagger
[  4166   45.287 x1.00] LOG  [OniReactTrace] #11 HEAVY verdict: played to 100 % of the clip, so the reaction IS on screen and what is missing is movement inside the clip itself
[  4172   45.339 x1.00] LOG  [ComboTrace] LAUNCH OniBoss at 1.0m dist=1.00m in 0.13s [AIRBORNE]
[  4172   45.339 x1.00] LOG  [Combat] Aerial spin, 25 dmg
[  4172   45.339 x1.00] LOG  [YoruVFX] Air spin: 'VFX_Void_Burst_AirSpinYoru' at CenterVFX, 46 systems, longest 1.00s fitted to 0.79s at speed 1.27, 8 forced Local, 38 delays zeroed, tail 2.37s
[  4172   45.339 x1.00] LOG  OniBoss punish window! 15 → 22 (x1.5)
[  4172   45.339 x1.00] LOG  OniBoss took 22 damage. HP: 1547/2500
[  4172   45.339 x1.00] LOG  [Momentum] 10 -> 11 (hit), speed x1.50, damage x1.50, impact x1.55
[  4172   45.339 x1.00] LOG  [CameraGameFeel] Shake: intensity=0.06 duration=0.080s
[  4172   45.339 x1.00] LOG  [CameraGameFeel] Shake: intensity=0.78 duration=0.200s
[  4172   45.339 x1.00] LOG  [CameraGameFeel] FOV punch: hit light (+1.5°)
[  4172   45.339 x1.00] LOG  [AirPosePin] engaged, holding body at 0.704m above the transform
[  4183   45.470 x1.00] LOG  [ComboTrace] LAUNCH RESULT wanted=1.00m actually moved=1.05m, completed
[  4186   45.499 x1.00] LOG  OniBoss punish window! 15 → 22 (x1.5)
[  4186   45.499 x1.00] LOG  OniBoss took 22 damage. HP: 1525/2500
[  4186   45.499 x1.00] LOG  [CameraGameFeel] Shake: intensity=0.27 duration=0.200s
[  4203   45.650 x1.00] LOG  OniBoss punish window! 15 → 22 (x1.5)
[  4203   45.650 x1.00] LOG  OniBoss took 22 damage. HP: 1503/2500
[  4203   45.650 x1.00] LOG  [Momentum] 11 -> 12 (hit), speed x1.50, damage x1.50, impact x1.60
[  4203   45.650 x1.00] LOG  [CameraGameFeel] Shake: intensity=0.06 duration=0.080s
[  4203   45.650 x1.00] LOG  [CameraGameFeel] Shake: intensity=0.28 duration=0.200s
[  4251   46.080 x1.00] LOG  [YoruVFX] Spin VFX stopped, fading for 2.37s
[  4254   46.107 x1.00] LOG  [ComboTrace] END step=3 clipProgress=0.90 clipLen=0.79s queued=0 elapsed=0.77s
[  4255   46.120 x1.00] LOG  💨 Landing VFX spawned!
[  4255   46.120 x1.00] LOG  ✅ LANDED! (was jump #1)
[  4255   46.120 x1.00] LOG  [AirPosePin] released, peak correction was 0.002m
[  4257   46.138 x1.00] LOG  [OniBoss] Stagger → Chase
[  4258   46.144 x1.00] LOG  [OniBoss] Playing animation: Idle
[  4258   46.144 x1.00] LOG  [OniBoss] Combo started: ClubSwing1 → ClubSwing2 → ClubSlam (3 steps remaining)
[  4258   46.144 x1.00] LOG  [OniBoss] Chase → Attack
[  4258   46.144 x1.00] LOG  [OniBoss] Attack: Club_Swing (16 dmg)
[  4258   46.144 x1.00] LOG  [OniBoss:Trail] Club_Swing trail START at clip 1.00 (transition done).
[  4272   46.246 x1.00] LOG  [Combat] Combo 1: 10 dmg
[  4272   46.246 x1.00] LOG  [ComboTrace] START step=1 state='Combo1' queued=0 target='OniBoss' at 2.8m
[  4272   46.246 x1.00] LOG  [ComboTrace] LAUNCH OniBoss at 1.6m dist=1.56m in 0.16s
[  4292   46.407 x1.00] LOG  [ComboTrace] LAUNCH RESULT wanted=1.56m actually moved=0.84m, completed
[  4299   46.464 x1.00] LOG  [Combat] Queued click #1 (combo 1)
[  4299   46.464 x1.00] LOG  [ComboTrace] QUEUED #1 during step 1
[  4306   46.507 x1.00] LOG  [OniBoss:ClubPos] Club_Swing at strike: club tip 3.03m up, 2.18m in front, -3.10m to his right (3.79m out from his centre). Club faces -89deg from his forward, pitch 0.41. (the ground wave is born 1.6m in front of him at 0.35m.)
[  4306   46.507 x1.00] LOG  [OniBoss:Layer] Club_Swing: club has not connected — ground wave released ARMED, 1.6m in front, 12m/s x 6.0m = 0.50s, carrying 8 (half of the club's 16).
[  4307   46.514 x1.00] LOG  [Peach] light hit 8 dmg: 1 bite (Cannot Die held her at 1 bite). 1/16 bites = 0.25 of 4 peaches
[  4307   46.514 x1.00] LOG  [Momentum] 12 -> 6 (light hit taken, 50% = -6), speed x1.30, damage x1.30, impact x1.30
[  4307   46.514 x1.00] LOG  [Combat] Combo memory: light hit, keeping step 1
[  4307   46.514 x1.00] LOG  [Combat] Hit react: HitReact_Light_2Leg (0.5s, clip starts at 0.35s)
[  4307   46.514 x1.00] LOG  [CameraGameFeel] Shake: intensity=0.30 duration=0.200s
[  4307   46.514 x1.00] LOG  [CameraGameFeel] FOV punch: player damage (-2.0°)
[  4307   46.514 x1.00] LOG  [OniBoss:Wave] wave TOUCHED Yoru (grounded) for 8 after 0.1m / 0.01s of travel.
[  4310   46.543 x1.00] LOG  [HitReactTrace] asked for 'HitReact_Light_2Leg' (0.50s, clip start 0.35s): playing it, blend resolved after 29 ms, state 1.21s long at speed 1.00, now at 0.37s, layer weight 1.00, animator.speed 1.00.
[  4368   46.984 x1.00] LOG  [OniBoss] Attack → Recovery
[  4368   46.984 x1.00] LOG  [OniBoss] Playing animation: Watch
[  4368   46.984 x1.00] LOG  [OniBoss:Trail] trail END at clip 0.99, fading over 0.40s.
[  4368   46.984 x1.00] LOG  [OniBoss:Strike] Club_Swing: club tip closest to Yoru at 0.48m, clip position 0.91 | damage fires at 0.42 | clip 0.84s => damage fires 413 ms BEFORE the club is closest
[  4376   47.055 x1.00] LOG  🚶 2-LEG JUMP
[  4376   47.055 x1.00] LOG  🐾 Jump 1 VFX spawned!
[  4386   47.136 x1.00] LOG  [OniBoss] Recovery → Attack
[  4386   47.136 x1.00] LOG  [OniBoss] Attack: ClubSwing2 (16 dmg)
[  4386   47.136 x1.00] LOG  [OniBoss:Trail] ClubSwing2 trail START at clip 1.00 (transition still blending).
[  4389   47.161 x1.00] LOG  [ComboTrace] LAUNCH OniBoss at 0.6m dist=0.63m in 0.13s [AIRBORNE]
[  4389   47.161 x1.00] LOG  [Combat] Aerial spin, 25 dmg
[  4389   47.161 x1.00] LOG  [YoruVFX] Air spin: 'VFX_Void_Burst_AirSpinYoru' at CenterVFX, 46 systems, longest 1.00s fitted to 0.79s at speed 1.27, 8 forced Local, 38 delays zeroed, tail 2.37s
[  4389   47.161 x1.00] LOG  OniBoss took 13 damage. HP: 1490/2500
[  4389   47.161 x1.00] LOG  [OniBoss] 🤕 Hit during Attack — flash only
[  4389   47.161 x1.00] LOG  [Momentum] 6 -> 7 (hit), speed x1.35, damage x1.35, impact x1.35
[  4389   47.161 x1.00] LOG  [CameraGameFeel] Shake: intensity=0.06 duration=0.080s
[  4389   47.161 x1.00] LOG  [CameraGameFeel] Shake: intensity=0.68 duration=0.200s
[  4389   47.161 x1.00] LOG  [CameraGameFeel] FOV punch: hit light (+1.5°)
[  4389   47.161 x1.00] LOG  [AirPosePin] engaged, holding body at 0.641m above the transform
[  4390   47.177 x1.00] LOG  [OniBoss] ⚡ PHASE 2 ACTIVATED
[  4390   47.177 x1.00] LOG  [OniBoss:Layer] PHASE 2: health snapped 1490 → 1500 (the phase line, 60 %) for the phase-2 start.
[  4390   47.177 x1.00] LOG  [OniBoss] Attack → Stagger
[  4390   47.177 x1.00] LOG  [OniBoss] Playing animation: Stagger
[  4390   47.177 x1.00] LOG  [OniBoss] STAGGERED for 2.5s
[  4390   47.177 x1.00] LOG  [OniBoss] STAGGERED (parry) for 3s
[  4390   47.177 x0.45] LOG  [YoruVFX] Spin VFX stopped, fading for 2.37s
[  4390   47.177 x0.45] LOG  [Combat] Combat reset
[  4390   47.177 x0.45] LOG  [OniBoss:Cine] CINEMATIC ON — hard cut, bars in, world at x0.45, roar at x0.80 + 0.9s linger, rise at x0.45, beat frames 27-37/94 at x0.20, hang 2.0s, orbit roar 120° / rise 40° / drop 30°, lens 65° locked, fill 0.70, screen-y 0.40/0.33, apex at clip 0.40.
[  4390   47.177 x0.45] LOG  [OniBoss:Layer] PHASE 2: transition 'Phase_Transition' driven at x0.60 + 0.6s hold — untouchable, roar at 0.60
[  4390   47.177 x0.45] LOG  [BossBar] Hiding bar INSTANTLY (cinematic)
[  4390   47.177 x0.45] LOG  [OniBoss:Layer] boss bar hidden (cinematic)
[  4390   47.177 x0.45] LOG  [AirPosePin] released, peak correction was 0.000m
[  4391   47.194 x0.45] LOG  [OniBoss:Trail] trail END at clip 1.00, fading over 0.40s.
[  4391   47.194 x0.45] LOG  [OniBoss:Layer] PHASE 2: clip is 2.42s — cinematic: scream ~1.81s in + 0.9s linger
[  4612   48.963 x0.45] LOG  💨 Landing VFX spawned!
[  4612   48.963 x0.45] LOG  ✅ LANDED! (was jump #1)
[  4615   48.994 x0.45] LOG  [CameraGameFeel] Shake: intensity=0.60 duration=0.500s
[  4615   48.994 x0.45] LOG  [OniBoss:Layer] PHASE 2: roar at 1.45 clip-s
[  4734   49.900 x0.45] LOG  [OniBoss:Layer] PHASE 2: transition over after 2.72s real — he is back, and angrier
[  4734   49.900 x0.45] LOG  [OniBoss:Layer] PHASE 2: chaining into the GROUND POUND — no pause. The cinematic rides along until the top of the jump.
[  4734   49.900 x0.45] LOG  [OniBoss] STAGGERED (parry) for 3s
[  4734   49.900 x0.45] LOG  [OniBoss:Layer] GROUND POUND (phase-2 entrance): driving 'Ground_Pound' at x1.00, slam at 0.60, cinematic until the apex at 0.40
[  4735   49.906 x0.45] LOG  [OniBoss:Layer] GROUND POUND: clip is 3.13s
[  4876   50.934 x0.45] WARN The referenced script on this Behaviour (Game Object '<null>') is missing!
[  4876   50.934 x0.45] WARN The referenced script on this Behaviour (Game Object 'Lightning Light') is missing!
[  4876   50.934 x0.45] WARN The referenced script on this Behaviour (Game Object 'Lightning Light') is missing!
[  5004   51.904 x0.45] LOG  [StormWeather] storm break released
[  5004   51.904 x0.45] LOG  [CameraGameFeel] Shake: intensity=0.90 duration=0.500s
[  5004   51.904 x0.45] LOG  [OniBoss:Cine] LIGHTNING BEAT — sky show off, single strike 'LightningOrbSoftYellow'.
[  5005   51.914 x0.20] LOG  [StormWeather] ⚡ strike at (473.41, 45.00, 445.65)
[  5005   51.914 x0.20] LOG  [StormWeather] COZY → 'Yoru_Oni_Phase2_Storm' (the sky answers, storm chaos)
[  5005   51.914 x0.20] LOG  [StormWeather] fur lights boosted for the storm: fill 1.45, rim x1.30.
[  5005   51.914 x0.20] LOG  [StormWeather] PHASE 2 - storm breaking.
[  5224   53.620 x0.45] LOG  [Momentum] 7 -> 6 (drain), speed x1.30, damage x1.30, impact x1.30
[  5372   54.734 x0.45] LOG  [Momentum] 6 -> 5 (drain), speed x1.25, damage x1.25, impact x1.25
[  5488   55.605 x1.00] LOG  [OniBoss:Cine] the DROP at clip 0.40 (hung 2.0s) — full speed, the camera rides him DOWN.
[  5502   55.715 x1.00] LOG  [Momentum] 5 -> 4 (drain), speed x1.20, damage x1.20, impact x1.20
[  5567   56.215 x1.00] LOG  [Momentum] 4 -> 3 (drain), speed x1.15, damage x1.15, impact x1.15
[  5570   56.235 x1.00] LOG  [CameraGameFeel] FOV punch: hit light (+1.5°)
[  5570   56.235 x1.00] LOG  [StormWeather] storm break released
[  5570   56.235 x1.00] LOG  [OniBoss:Cine] CINEMATIC OFF (he LANDS at clip 0.60) — control returned, bars out, camera hands over in 0.30s. Lens locked at 65°; the camera stepped back to 23.0m at the farthest.
[  5570   56.235 x1.00] LOG  [CameraGameFeel] Shake: intensity=1.10 duration=0.800s
[  5570   56.235 x1.00] LOG  [OniBoss:Pound] SLAM at clip 0.60 (1.88 clip-s) — ring 12m/s out to 12m, 45 damage, jumpable.
[  5571   56.244 x1.00] LOG  [BossBar] Showing bar for: Oni (1500/2500)
[  5571   56.244 x1.00] LOG  [OniBoss:Layer] boss bar shown
[  5571   56.244 x1.00] LOG  [BossBar] Bar switched to phase 2
[  5571   56.244 x1.00] LOG  [OniBoss:Layer] boss bar → phase 2 crimson
[  5582   56.338 x1.00] LOG  [Peach] heavy hit 45 dmg: 6 bites (Cannot Die held her at 1 bite). 1/16 bites = 0.25 of 4 peaches
[  5582   56.338 x1.00] LOG  [Momentum] 3 -> 0 (heavy hit taken, reset), speed x1.00, damage x1.00, impact x1.00
[  5582   56.338 x1.00] LOG  [Combat] Hit react: HitReact_Heavy_2Leg (0.9s, clip starts at 0.35s)
[  5582   56.338 x1.00] LOG  [CameraGameFeel] Shake: intensity=0.60 duration=0.200s
[  5582   56.338 x1.00] LOG  [CameraGameFeel] FOV punch: player damage (-3.0°)
[  5582   56.338 x1.00] LOG  [OniBoss:Pound] shockwave CAUGHT Yoru (grounded) at 2.0m for 45.
[  5585   56.362 x1.00] LOG  [HitReactTrace] asked for 'HitReact_Heavy_2Leg' (0.90s, clip start 0.35s): playing it, blend resolved after 24 ms, state 1.21s long at speed 1.00, now at 0.37s, layer weight 1.00, animator.speed 1.00.
[  5648   56.861 x1.00] LOG  [StormWeather] storm post weight -> 1.00
[  5730   57.485 x1.00] LOG  [OniBoss] Stagger → Chase
[  5730   57.485 x1.00] LOG  [OniBoss:Cine] first-attack GRACE — at least 2.0s before he may swing.
[  5730   57.485 x1.00] LOG  [OniBoss:Layer] GROUND POUND: done — the engine is his again.
[  5731   57.492 x1.00] LOG  [OniBoss] Playing animation: Idle
[  5731   57.492 x1.00] LOG  [OniBoss] Playing animation: Walk
[  5924   59.086 x1.00] LOG  [OniBoss] Playing animation: Idle
[  5975   59.486 x1.00] LOG  [OniBoss] Chase → Attack
[  5975   59.486 x1.00] LOG  [OniBoss] Attack: Club_Swing (16 dmg)
[  5975   59.486 x1.00] LOG  [OniBoss:Trail] Club_Swing trail START at clip 0.25 (transition done).
[  6019   59.850 x1.00] LOG  [OniBoss:ClubPos] Club_Swing at strike: club tip 3.03m up, 1.99m in front, -3.17m to his right (3.74m out from his centre). Club faces -93deg from his forward, pitch 0.41. (the ground wave is born 1.6m in front of him at 0.35m.)
[  6019   59.850 x1.00] LOG  [OniBoss:Layer] Club_Swing: club has not connected — ground wave released ARMED, 1.6m in front, 12m/s x 6.0m = 0.50s, carrying 8 (half of the club's 16).
[  6020   59.857 x1.00] LOG  [Peach] light hit 8 dmg: 1 bite (Cannot Die held her at 1 bite). 1/16 bites = 0.25 of 4 peaches
[  6020   59.857 x1.00] LOG  [HitReactTrace] 4-leg LIGHT hit at 0.00 m/s (running threshold 3.00) => standing (medium) reaction.
[  6020   59.857 x1.00] LOG  [Combat] Hit react: HitReact_Light_4Leg (0.5s, clip starts at 0.28s)
[  6020   59.857 x1.00] LOG  [CameraGameFeel] Shake: intensity=0.30 duration=0.200s
[  6020   59.857 x1.00] LOG  [CameraGameFeel] FOV punch: player damage (-2.0°)
[  6020   59.857 x1.00] LOG  [OniBoss:Wave] wave TOUCHED Yoru (grounded) for 8 after 0.1m / 0.01s of travel.
[  6022   59.878 x1.00] LOG  [HitReactTrace] asked for 'HitReact_Light_4Leg' (0.50s, clip start 0.28s): playing it, blend resolved after 21 ms, state 1.97s long at speed 1.00, now at 0.30s, layer weight 1.00, animator.speed 1.00.
[  6085   60.324 x1.00] LOG  [OniBoss] Attack → Recovery
[  6085   60.324 x1.00] LOG  [OniBoss] Playing animation: Watch
[  6085   60.324 x1.00] LOG  [OniBoss:Trail] trail END at clip 0.99, fading over 0.40s.
[  6085   60.324 x1.00] LOG  [OniBoss:Strike] Club_Swing: club tip closest to Yoru at 1.27m, clip position 0.88 | damage fires at 0.42 | clip 0.84s => damage fires 385 ms BEFORE the club is closest
[  6103   60.477 x1.00] LOG  [OniBoss] Recovery → Chase
[  6104   60.487 x1.00] LOG  [OniBoss] hold-ground: BACKSTEP 1.5m (player 3.3m)
[  6122   60.634 x1.00] LOG  [OniBoss] hold-ground: backstep done (0.24m), WATCH (player 4.3m, cooldown 1.0s)
[  6122   60.634 x1.00] LOG  [OniBoss] Playing animation: Watch
[  6123   60.641 x1.00] LOG  [OniBoss] Playing animation: Walk
[  6131   60.710 x1.00] LOG  [OniBoss] Playing animation: run
[  6261   61.686 x1.00] LOG  [OniBoss] Pull-band decision: RUN-IN (dist 4.9m, pullRange 0m, chance 0.70)
[  6299   61.945 x1.00] LOG  [OniBoss] Playing animation: Idle
[  6299   61.945 x1.00] LOG  [OniBoss] Combo started: ClubSwing1 → ClubSwing2 → ClubSlam (3 steps remaining)
[  6299   61.945 x1.00] LOG  [OniBoss] Chase → Attack
[  6299   61.945 x1.00] LOG  [OniBoss] Attack: Club_Swing (16 dmg)
[  6299   61.945 x1.00] LOG  [OniBoss:Trail] Club_Swing trail START at clip 1.00 (transition done).
[  6324   62.136 x1.00] LOG  [OniBoss:Layer] step-in: 'Club_Swing' closed 0.49m, Yoru now 3.0m away (range 3.5)
[  6326   62.150 x1.00] LOG  [OniBoss:Layer] step-in: 'Club_Swing' closed 0.50m, Yoru now 3.0m away (range 3.5)
[  6328   62.171 x1.00] LOG  [OniBoss:Layer] step-in: 'Club_Swing' closed 0.51m, Yoru now 3.0m away (range 3.5)
[  6330   62.190 x1.00] LOG  [OniBoss:Layer] step-in: 'Club_Swing' closed 0.53m, Yoru now 3.0m away (range 3.5)
[  6345   62.312 x1.00] LOG  [OniBoss:ClubPos] Club_Swing at strike: club tip 3.04m up, 1.65m in front, -3.25m to his right (3.64m out from his centre). Club faces -100deg from his forward, pitch 0.41. (the ground wave is born 1.6m in front of him at 0.35m.)
[  6345   62.312 x1.00] LOG  [OniBoss:Layer] Club_Swing: club has not connected — ground wave released ARMED, 1.6m in front, 12m/s x 6.0m = 0.50s, carrying 8 (half of the club's 16).
[  6346   62.319 x1.00] LOG  [Peach] light hit 8 dmg: 1 bite (Cannot Die held her at 1 bite). 1/16 bites = 0.25 of 4 peaches
[  6346   62.319 x1.00] LOG  [Combat] Hit react: HitReact_Light_2Leg (0.5s, clip starts at 0.35s)
[  6346   62.319 x1.00] LOG  [CameraGameFeel] Shake: intensity=0.30 duration=0.200s
[  6346   62.319 x1.00] LOG  [CameraGameFeel] FOV punch: player damage (-2.0°)
[  6346   62.319 x1.00] LOG  [OniBoss:Wave] wave TOUCHED Yoru (grounded) for 8 after 0.1m / 0.01s of travel.
[  6349   62.348 x1.00] LOG  [HitReactTrace] asked for 'HitReact_Light_2Leg' (0.50s, clip start 0.35s): playing it, blend resolved after 28 ms, state 1.21s long at speed 1.00, now at 0.37s, layer weight 1.00, animator.speed 1.00.
[  6408   62.784 x1.00] LOG  [OniBoss] Attack → Recovery
[  6408   62.784 x1.00] LOG  [OniBoss] Playing animation: Watch
[  6408   62.784 x1.00] LOG  [OniBoss:Trail] trail END at clip 0.99, fading over 0.40s.
[  6408   62.784 x1.00] LOG  [OniBoss:Strike] Club_Swing: club tip closest to Yoru at 1.56m, clip position 0.92 | damage fires at 0.42 | clip 0.84s => damage fires 420 ms BEFORE the club is closest
[  6427   62.936 x1.00] LOG  [OniBoss] Recovery → Attack
[  6427   62.936 x1.00] LOG  [OniBoss] Attack: ClubSwing2 (16 dmg)
[  6427   62.936 x1.00] LOG  [OniBoss:Trail] ClubSwing2 trail START at clip 1.00 (transition still blending).
[  6431   62.968 x1.00] LOG  [OniBoss:Layer] step-in: 'ClubSwing2' closed 0.17m, Yoru now 3.0m away (range 3.5)
[  6432   62.974 x1.00] LOG  [OniBoss:Layer] step-in: 'ClubSwing2' closed 0.18m, Yoru now 3.0m away (range 3.5)
[  6434   62.989 x1.00] LOG  [OniBoss:Layer] step-in: 'ClubSwing2' closed 0.20m, Yoru now 3.0m away (range 3.5)
[  6437   63.011 x1.00] LOG  [OniBoss:Layer] step-in: 'ClubSwing2' closed 0.21m, Yoru now 3.0m away (range 3.5)
[  6440   63.032 x1.00] LOG  [OniBoss:Layer] step-in: 'ClubSwing2' closed 0.23m, Yoru now 3.0m away (range 3.5)
[  6443   63.052 x1.00] LOG  [OniBoss:Layer] step-in: 'ClubSwing2' closed 0.24m, Yoru now 3.0m away (range 3.5)
[  6445   63.070 x1.00] LOG  [OniBoss:Layer] step-in: 'ClubSwing2' closed 0.26m, Yoru now 3.0m away (range 3.5)
[  6448   63.091 x1.00] LOG  [OniBoss:Layer] step-in: 'ClubSwing2' closed 0.27m, Yoru now 3.0m away (range 3.5)
[  6450   63.110 x1.00] LOG  [OniBoss:Layer] step-in: 'ClubSwing2' closed 0.29m, Yoru now 3.0m away (range 3.5)
[  6453   63.130 x1.00] LOG  [OniBoss:Layer] step-in: 'ClubSwing2' closed 0.30m, Yoru now 3.0m away (range 3.5)
[  6456   63.151 x1.00] LOG  [OniBoss:Layer] step-in: 'ClubSwing2' closed 0.32m, Yoru now 3.0m away (range 3.5)
[  6458   63.172 x1.00] LOG  [OniBoss:Layer] step-in: 'ClubSwing2' closed 0.34m, Yoru now 3.0m away (range 3.5)
[  6461   63.192 x1.00] LOG  [OniBoss:Layer] step-in: 'ClubSwing2' closed 0.36m, Yoru now 3.0m away (range 3.5)
[  6463   63.210 x1.00] LOG  [OniBoss:Layer] step-in: 'ClubSwing2' closed 0.37m, Yoru now 3.0m away (range 3.5)
[  6465   63.233 x1.00] LOG  [OniBoss:Layer] step-in: 'ClubSwing2' closed 0.44m, Yoru now 3.0m away (range 3.5)
[  6468   63.256 x1.00] LOG  [OniBoss:Layer] step-in: 'ClubSwing2' closed 0.51m, Yoru now 3.0m away (range 3.5)
[  6469   63.272 x1.00] LOG  [OniBoss:Layer] step-in: 'ClubSwing2' closed 0.59m, Yoru now 3.0m away (range 3.5)
[  6469   63.272 x1.00] LOG  [CameraGameFeel] Shake: intensity=0.20 duration=0.250s
[  6469   63.272 x1.00] LOG  [Peach] light hit 20 dmg: 2 bites (Cannot Die held her at 1 bite). 1/16 bites = 0.25 of 4 peaches
[  6469   63.272 x1.00] LOG  [Momentum] light hit inside the 1.0s grace, no cost (count 0)
[  6469   63.272 x1.00] LOG  [HitReactTrace] 4-leg LIGHT hit at 8.63 m/s (running threshold 3.00) => RUNNING reaction.
[  6469   63.272 x1.00] LOG  [CameraGameFeel] Shake: intensity=0.30 duration=0.200s
[  6469   63.272 x1.00] LOG  [CameraGameFeel] FOV punch: player damage (-2.0°)
[  6469   63.272 x1.00] LOG  [Combat] Running hit react: HitReact_Running_4Leg (0.45s then a 0.25s blend back into the run, clip starts at 0.10s, movement NOT blocked)
[  6469   63.272 x1.00] LOG  [OniBoss] Hit player for 20 (ClubSwing2) [combo x1.25]
[  6469   63.272 x1.00] LOG  [OniBoss:Touch] ClubSwing2: club TOUCHED Yoru at clip 0.29, shaft 0.39m from her body line, head 0.77 along the club, tip 1.26m up, tip speed 95m/s, ONE FRAME EARLY (predicted). Full club hit delivered this frame.
[  6475   63.326 x1.00] LOG  [OniBoss:ClubPos] ClubSwing2 at strike: club tip 0.18m up, 1.62m in front, 2.64m to his right (3.10m out from his centre). Club faces 15deg from his forward, pitch -0.89. (the ground wave is born 1.6m in front of him at 0.35m.)
[  6475   63.326 x1.00] LOG  [OniBoss:Layer] ClubSwing2: club already hit — ground wave released as VISUAL only (0 damage).
[  6478   63.350 x1.00] LOG  [StormWeather] ⚡ strike at (471.46, 45.00, 449.56)
[  6480   63.371 x1.00] LOG  [HitReactTrace] running flinch 'HitReact_Running_4Leg' on screen 11 frame(s) / 99 ms after the hit, run still moving.
[  6569   64.111 x1.00] LOG  [OniBoss] Attack → Recovery
[  6569   64.111 x1.00] LOG  [OniBoss] Playing animation: Watch
[  6569   64.111 x1.00] LOG  [OniBoss:Trail] trail END at clip 1.00, fading over 0.40s.
[  6569   64.111 x1.00] LOG  [OniBoss:Strike] ClubSwing2: club tip closest to Yoru at 0.45m, clip position 0.30 | damage fires at 0.32 | clip 1.17s => MATCHED (within one or two frames)
[  6589   64.271 x1.00] LOG  [OniBoss] Recovery → Attack
[  6589   64.271 x1.00] LOG  [OniBoss] Attack: ClubSlam (20 dmg)
[  6589   64.271 x1.00] LOG  [OniBoss:Trail] ClubSlam trail START at clip 1.00 (transition still blending).
[  6590   64.278 x1.00] LOG  [OniBoss] Finisher step-in: ClubSlam, she is 6.15m out of reach, walking up to 1.5m
[  6689   65.072 x1.00] LOG  [OniBoss:ClubPos] ClubSlam at strike: club tip 0.24m up, 3.84m in front, 0.29m to his right (3.85m out from his centre). Club faces 18deg from his forward, pitch 0.01. (the ground wave is born 1.6m in front of him at 0.35m.)
[  6689   65.072 x1.00] LOG  [OniBoss:Layer] ClubSlam: club has not connected — ground wave released ARMED, 1.6m in front, 12m/s x 12.0m = 1.00s, COMBO FINISHER: FULL 30 damage, x2.0 size, x2.0 travel.
[  6706   65.199 x1.00] LOG  [OniBoss] Attack → Recovery
[  6706   65.199 x1.00] LOG  [OniBoss] Playing animation: Watch
[  6706   65.199 x1.00] LOG  [OniBoss:Trail] trail END at clip 1.00, fading over 0.40s.
[  6706   65.199 x1.00] LOG  [OniBoss:Touch] ClubSlam: no touch this swing, closest 4.60m at clip 0.46 (head 1.00 along the club), fastest tip 151m/s (radius 0.70, min speed 50, max tip height 2.5m).
[  6706   65.199 x1.00] LOG  [OniBoss:Strike] ClubSlam: club tip closest to Yoru at 4.81m, clip position 0.47 | damage fires at 0.85 | clip 0.93s => damage fires 351 ms AFTER the club is closest — it lands once the club has passed her
[  6723   65.355 x1.00] LOG  [OniBoss] Recovery → Chase
[  6724   65.362 x1.00] LOG  [OniBoss] Playing animation: run
[  6740   65.496 x1.00] LOG  [StormWeather] ⚡ strike at (482.31, 45.00, 456.85)
[  6800   66.076 x1.00] LOG  [OniBoss:Wave] armed wave expired UNTOUCHED — closest 5.30m to Yoru (hit width 3.20), she was grounded at the closest moment.
[  6859   66.559 x1.00] LOG  [OniBoss] Pull-band decision: RUN-IN (dist 7.9m, pullRange 0m, chance 0.70)
[  7069   68.275 x1.00] LOG  [StormWeather] ⚡ strike at (490.77, 45.00, 442.56)
[  7278   69.913 x1.00] LOG  [StormWeather] ⚡ strike at (486.51, 45.00, 437.53)
[  7466   71.359 x1.00] LOG  [OniBoss] chase punish: 6s of failed chase — CHARGING her down from 8.4m.
[  7466   71.359 x1.00] LOG  [OniBoss] Chase → Attack
[  7466   71.359 x1.00] LOG  [OniBoss] charge follow-up armed: Club_Swing chains after the charge.
[  7466   71.359 x1.00] LOG  [OniBoss] Attack: Oni_Charge (18 dmg)

[  7466   71.359 x1.00] TEL ────────── CHARGE ──────────
[  7466   71.359 x1.00] LOG  [OniBoss:Layer] charge begin: travel bone 'Hips' depth 1, local now (0.03, 3.06, -0.24) vs rest (0.00, 3.24, -0.24); pin ON; drive windup→rush→strike; engine Attack, AnimSpeed 1.30, clip at 0.00, dist 8.4m
[  7466   71.359 x1.00] TEL charge Windup n=0.00 spd=1.30 mult=1.00 st=Attack anim=h1349952704/Charge drift=0.03 cut=0.03 meshOff=0.24m vis bounds+0.4m pos=(465.4,396.4) dist=8.4 vel=5.5
[  7479   71.448 x1.00] TEL charge Windup n=0.07 spd=1.30 mult=1.00 st=Attack anim=h1349952704/Charge drift=0.32 cut=0.32 meshOff=0.24m vis bounds+0.0m pos=(465.4,396.4) dist=8.4 vel=0.0
[  7491   71.535 x1.00] TEL charge Windup n=0.15 spd=1.30 mult=1.30 st=Attack anim=Charge/- drift=0.95 cut=0.95 meshOff=0.24m vis bounds+0.3m pos=(465.4,396.4) dist=8.4 vel=0.0
[  7503   71.622 x1.00] TEL charge Windup n=0.22 spd=1.30 mult=1.30 st=Attack anim=Charge/- drift=1.14 cut=1.14 meshOff=0.24m vis bounds+0.4m pos=(465.4,396.4) dist=8.4 vel=0.0
[  7515   71.710 x1.00] TEL charge Windup n=0.30 spd=1.30 mult=1.30 st=Attack anim=Charge/- drift=0.46 cut=0.46 meshOff=0.24m vis bounds+0.5m pos=(465.4,396.4) dist=8.4 vel=0.0
[  7528   71.793 x1.00] TEL charge Windup n=0.37 spd=1.30 mult=1.30 st=Attack anim=Charge/- drift=4.77 cut=4.77 meshOff=0.24m vis bounds+0.4m pos=(465.4,396.4) dist=8.4 vel=0.0
[  7534   71.838 x1.00] LOG  [OniBoss:Layer] charge RUSH: clip frozen at 0.40, 8.4m to go at 14m/s
[  7535   71.847 x1.00] LOG  [OniBoss:Layer] charge fire trail: 'ToonFireTrail' attached to his feet for the rush.
[  7538   71.878 x1.00] TEL charge Rush   n=0.40 spd=0.00 mult=0.00 st=Attack anim=Charge/- drift=7.60 cut=7.60 meshOff=0.24m vis bounds+0.2m pos=(464.9,396.6) dist=7.9 vel=0.0
[  7552   71.964 x1.00] TEL charge Rush   n=0.40 spd=0.00 mult=0.00 st=Attack anim=Charge/- drift=7.60 cut=7.60 meshOff=0.24m vis bounds+0.2m pos=(463.8,397.1) dist=6.7 vel=0.0
[  7564   72.048 x1.00] TEL charge Rush   n=0.40 spd=0.00 mult=0.00 st=Attack anim=Charge/- drift=7.60 cut=7.60 meshOff=0.24m vis bounds+0.2m pos=(462.7,397.6) dist=5.6 vel=0.0
[  7575   72.132 x1.00] TEL charge Rush   n=0.40 spd=0.00 mult=0.00 st=Attack anim=Charge/- drift=7.60 cut=7.60 meshOff=0.24m vis bounds+0.2m pos=(461.7,398.1) dist=4.6 vel=0.0
[  7586   72.216 x1.00] TEL charge Rush   n=0.40 spd=0.00 mult=0.00 st=Attack anim=Charge/- drift=7.60 cut=7.60 meshOff=0.24m vis bounds+0.2m pos=(460.6,398.5) dist=3.6 vel=0.0
[  7596   72.292 x1.00] LOG  [OniBoss:Layer] charge STRIKE: arrived 2.6m from the lock point after 0.45s real — clip 0.40 → 0.58 (blend 0.10s), strike moment 0.76, Yoru 3.1m away
[  7598   72.312 x1.00] TEL charge Strike n=0.59 spd=1.00 mult=1.00 st=Attack anim=Charge/Charge drift=9.87 cut=9.87 meshOff=0.24m vis bounds+0.2m pos=(459.7,398.9) dist=3.3 vel=0.0
[  7608   72.398 x1.00] TEL charge Strike n=0.64 spd=1.00 mult=1.00 st=Attack anim=Charge/- drift=15.44 cut=15.44 meshOff=0.24m vis bounds+0.5m pos=(459.7,398.9) dist=3.8 vel=0.0
[  7618   72.487 x1.00] TEL charge Strike n=0.70 spd=1.00 mult=1.00 st=Attack anim=Charge/- drift=16.26 cut=16.26 meshOff=0.24m vis bounds+0.5m pos=(459.7,398.9) dist=4.4 vel=0.0
[  7627   72.572 x1.00] TEL charge Strike n=0.76 spd=1.00 mult=1.00 st=Attack anim=Charge/- drift=16.82 cut=16.82 meshOff=0.24m vis bounds+0.6m pos=(459.7,398.9) dist=5.1 vel=0.0
[  7629   72.589 x1.00] LOG  [CameraGameFeel] Shake: intensity=0.45 duration=0.350s
[  7629   72.589 x1.00] LOG  [OniBoss] Attack missed, player out of range (5.2m > 3.5m)
[  7637   72.657 x1.00] TEL charge Strike n=0.81 spd=1.00 mult=1.00 st=Attack anim=Charge/- drift=17.29 cut=17.29 meshOff=0.24m vis bounds+0.5m pos=(459.7,398.9) dist=5.7 vel=0.0
[  7647   72.748 x1.00] TEL charge Strike n=0.87 spd=1.00 mult=1.00 st=Attack anim=Charge/- drift=17.70 cut=17.70 meshOff=0.24m vis bounds+0.3m pos=(459.7,398.9) dist=6.4 vel=0.0
[  7658   72.832 x1.00] TEL charge Strike n=0.93 spd=1.00 mult=1.00 st=Attack anim=Charge/- drift=17.95 cut=17.95 meshOff=0.24m vis bounds+0.3m pos=(459.7,398.9) dist=6.9 vel=0.0
[  7668   72.918 x1.00] TEL charge Strike n=0.98 spd=1.00 mult=1.00 st=Attack anim=Charge/- drift=18.07 cut=18.07 meshOff=0.24m vis bounds+0.0m pos=(459.7,398.9) dist=7.5 vel=0.0
[  7671   72.944 x1.00] LOG  [OniBoss] Attack → Recovery
[  7671   72.944 x1.00] LOG  [OniBoss] Playing animation: Watch
[  7671   72.944 x1.00] LOG  [OniBoss:Layer] charge fire trail: released — burns out over 3.8s where the rush ended.
[  7671   72.944 x1.00] LOG  [OniBoss:Layer] charge complete: engine left Attack (now Recovery) during Strike
[  7679   73.006 x1.00] TEL charge None   n=1.04 spd=1.00 mult=1.00 st=Recovery anim=Charge/h-1849006814 drift=11.02 cut=11.02 meshOff=0.24m vis bounds+0.1m pos=(459.7,398.9) dist=8.0 vel=0.0
[  7691   73.095 x1.00] LOG  [OniBoss] Recovery → Attack
[  7691   73.095 x1.00] LOG  [OniBoss] Attack: Club_Swing (16 dmg)
[  7691   73.095 x1.00] LOG  [OniBoss:Trail] Club_Swing trail START at clip 1.00 (transition still blending).
[  7691   73.095 x1.00] TEL charge None   n=1.10 spd=1.40 mult=1.40 st=Attack anim=Charge/h-807096004 drift=2.75 cut=2.75 meshOff=0.24m vis bounds+0.1m pos=(459.7,398.9) dist=8.7 vel=0.0
[  7692   73.106 x1.00] LOG  [OniBoss] Finisher step-in: Club_Swing, she is 5.71m out of reach, walking up to 1.5m
[  7703   73.183 x1.00] TEL charge None   n=1.10 spd=1.40 mult=1.40 st=Attack anim=Charge/h-807096004 drift=0.48 cut=0.48 meshOff=0.24m vis bounds+0.3m pos=(459.0,399.2) dist=8.5 vel=0.0
[  7707   73.208 x1.00] LOG  [OniBoss:Layer] charge end (clip left the animator) after 1.85s real: pin measured 241 frames, cancelled on 239, max raw drift 18.07m, max cancelled 18.07m — travel WAS baked in, pin held it
[  7737   73.460 x1.00] LOG  [OniBoss:ClubPos] Club_Swing at strike: club tip 3.03m up, 1.96m in front, -3.17m to his right (3.73m out from his centre). Club faces -94deg from his forward, pitch 0.41. (the ground wave is born 1.6m in front of him at 0.35m.)
[  7737   73.460 x1.00] LOG  [OniBoss:Layer] Club_Swing: club has not connected — ground wave released ARMED, 1.6m in front, 12m/s x 12.0m = 1.00s, COMBO FINISHER: FULL 24 damage, x2.0 size, x2.0 travel.
[  7765   73.692 x1.00] LOG  [StormWeather] ⚡ strike at (472.41, 45.00, 441.36)
[  7796   73.934 x1.00] LOG  [OniBoss] Attack → Recovery
[  7796   73.934 x1.00] LOG  [OniBoss] Playing animation: Watch
[  7796   73.934 x1.00] LOG  [OniBoss:Trail] trail END at clip 1.00, fading over 0.40s.
[  7796   73.934 x1.00] LOG  [OniBoss:Touch] Club_Swing: no touch this swing, closest 4.48m at clip 0.40 (head 1.00 along the club), fastest tip 194m/s (radius 0.70, min speed 50, max tip height 2.5m).
[  7796   73.934 x1.00] LOG  [OniBoss:Strike] Club_Swing: club tip closest to Yoru at 4.88m, clip position 0.40 | damage fires at 0.42 | clip 0.84s => MATCHED (within one or two frames)
[  7815   74.092 x1.00] LOG  [OniBoss] Recovery → Chase
[  7816   74.098 x1.00] LOG  [OniBoss] Playing animation: run
[  7835   74.268 x1.00] LOG  [Peach] light hit 24 dmg: 3 bites (Cannot Die held her at 1 bite). 1/16 bites = 0.25 of 4 peaches
[  7835   74.268 x1.00] LOG  [Combat] Hit react: HitReact_Light_2Leg (0.5s, clip starts at 0.35s)
[  7835   74.268 x1.00] LOG  [CameraGameFeel] Shake: intensity=0.30 duration=0.200s
[  7835   74.268 x1.00] LOG  [CameraGameFeel] FOV punch: player damage (-2.0°)
[  7835   74.268 x1.00] LOG  [OniBoss:Wave] wave TOUCHED Yoru (grounded) for 24 after 9.7m / 0.81s of travel.
[  7838   74.292 x1.00] LOG  [HitReactTrace] asked for 'HitReact_Light_2Leg' (0.50s, clip start 0.35s): playing it, blend resolved after 24 ms, state 1.21s long at speed 1.00, now at 0.36s, layer weight 1.00, animator.speed 1.00.
[  7980   75.298 x1.00] LOG  [OniBoss] Pull-band decision: RUN-IN (dist 8.6m, pullRange 0m, chance 0.70)
[  8112   76.238 x1.00] LOG  [OniBoss] hold-ground: BACKSTEP 1.5m (player 3.5m)
[  8148   76.533 x1.00] LOG  [OniBoss] hold-ground: backstep done (0.47m), WATCH (player 4.3m, cooldown 0.0s)
[  8148   76.533 x1.00] LOG  [OniBoss] Playing animation: Idle
[  8149   76.542 x1.00] LOG  [OniBoss] hold-ground: cooldown over, player 4.3m > 3.5m — APPROACH
[  8149   76.542 x1.00] LOG  [OniBoss] Playing animation: Walk
[  8152   76.572 x1.00] LOG  [StormWeather] ⚡ strike at (471.67, 45.00, 442.75)
[  8154   76.589 x1.00] LOG  [OniBoss] Playing animation: run
[  8460   79.070 x1.00] LOG  [StormWeather] ⚡ strike at (477.79, 45.00, 443.23)
[  8530   79.648 x1.00] LOG  [OniBoss] Chase → Stagger
[  8530   79.648 x1.00] LOG  [OniBoss] Playing animation: Stagger
[  8530   79.648 x1.00] LOG  [OniBoss] STAGGERED for 2.5s
[  8530   79.648 x1.00] LOG  [OniBoss] STAGGERED (parry) for 3s
[  8530   79.648 x1.00] LOG  [OniBoss:Layer] GROUND POUND (phase-2 repeat): driving 'Ground_Pound' at x1.00, slam at 0.60
[  8531   79.654 x1.00] LOG  [OniBoss:Layer] GROUND POUND: clip is 3.13s
[  8701   80.942 x1.00] LOG  [StormWeather] ⚡ strike at (476.07, 45.00, 448.93)
[  8778   81.525 x1.00] LOG  [CameraGameFeel] Shake: intensity=1.10 duration=0.800s
[  8778   81.525 x1.00] LOG  [OniBoss:Pound] SLAM at clip 0.60 (1.88 clip-s) — ring 12m/s out to 12m, 45 damage, jumpable.
[  8911   82.614 x1.00] LOG  [StormWeather] ⚡ strike at (488.12, 45.00, 455.09)
[  8930   82.778 x1.00] LOG  [OniBoss] Stagger → Chase
[  8930   82.778 x1.00] LOG  [OniBoss:Layer] GROUND POUND: done — the engine is his again.
[  8931   82.792 x1.00] LOG  [OniBoss] Ranged attack: Oni_Charge (dist 13.2m)
[  8931   82.792 x1.00] LOG  [OniBoss] Chase → Attack
[  8931   82.792 x1.00] LOG  [OniBoss] charge follow-up armed: ClubSwing2 chains after the charge.
[  8931   82.792 x1.00] LOG  [OniBoss] Attack: Oni_Charge (18 dmg)

[  8931   82.792 x1.00] TEL ────────── CHARGE ──────────
[  8931   82.792 x1.00] LOG  [OniBoss:Layer] charge begin: travel bone 'Hips' depth 1, local now (0.00, 3.24, -0.24) vs rest (0.00, 3.24, -0.24); pin ON; drive windup→rush→strike; engine Attack, AnimSpeed 1.30, clip at 0.00, dist 13.2m
[  8931   82.792 x1.00] TEL charge Windup n=0.00 spd=1.30 mult=1.00 st=Attack anim=h-63591595/Charge drift=0.00 cut=0.00 meshOff=0.24m vis bounds+0.1m pos=(441.1,419.3) dist=13.2 vel=0.0
[  8943   82.880 x1.00] TEL charge Windup n=0.07 spd=1.30 mult=1.00 st=Attack anim=h-63591595/Charge drift=0.33 cut=0.33 meshOff=0.24m vis bounds+0.1m pos=(441.1,419.3) dist=13.2 vel=0.0
[  8954   82.969 x1.00] TEL charge Windup n=0.15 spd=1.30 mult=1.30 st=Attack anim=Charge/- drift=0.96 cut=0.96 meshOff=0.24m vis bounds+0.3m pos=(441.1,419.3) dist=13.2 vel=0.0
[  8965   83.062 x1.00] TEL charge Windup n=0.23 spd=1.30 mult=1.30 st=Attack anim=Charge/- drift=1.13 cut=1.13 meshOff=0.24m vis bounds+0.3m pos=(441.1,419.3) dist=13.3 vel=0.0
[  8980   83.151 x1.00] TEL charge Windup n=0.30 spd=1.30 mult=1.30 st=Attack anim=Charge/- drift=0.22 cut=0.22 meshOff=0.24m vis bounds+0.3m pos=(441.1,419.3) dist=13.3 vel=0.0
[  8991   83.235 x1.00] TEL charge Windup n=0.37 spd=1.30 mult=1.30 st=Attack anim=Charge/- drift=5.49 cut=5.49 meshOff=0.24m vis bounds+0.2m pos=(441.1,419.3) dist=13.3 vel=0.0
[  8996   83.268 x1.00] LOG  [OniBoss:Layer] charge RUSH: clip frozen at 0.40, 13.3m to go at 14m/s
[  8997   83.274 x1.00] LOG  [OniBoss:Layer] charge fire trail: 'ToonFireTrail' attached to his feet for the rush.
[  9003   83.320 x1.00] TEL charge Rush   n=0.40 spd=0.00 mult=0.00 st=Attack anim=Charge/- drift=7.48 cut=7.48 meshOff=0.24m vis bounds+0.4m pos=(440.8,420.0) dist=12.5 vel=0.0
[  9014   83.405 x1.00] TEL charge Rush   n=0.40 spd=0.00 mult=0.00 st=Attack anim=Charge/- drift=7.48 cut=7.48 meshOff=0.24m vis bounds+0.4m pos=(440.4,421.1) dist=11.4 vel=0.0
[  9027   83.490 x1.00] TEL charge Rush   n=0.40 spd=0.00 mult=0.00 st=Attack anim=Charge/- drift=7.48 cut=7.48 meshOff=0.24m vis bounds+0.4m pos=(440.0,422.2) dist=10.2 vel=0.0
[  9037   83.576 x1.00] TEL charge Rush   n=0.40 spd=0.00 mult=0.00 st=Attack anim=Charge/- drift=7.48 cut=7.48 meshOff=0.24m vis bounds+0.4m pos=(439.6,423.3) dist=9.0 vel=0.0
[  9048   83.665 x1.00] TEL charge Rush   n=0.40 spd=0.00 mult=0.00 st=Attack anim=Charge/- drift=7.48 cut=7.48 meshOff=0.24m vis bounds+0.4m pos=(439.2,424.5) dist=7.7 vel=0.0
[  9060   83.750 x1.00] TEL charge Rush   n=0.40 spd=0.00 mult=0.00 st=Attack anim=Charge/- drift=7.48 cut=7.48 meshOff=0.24m vis bounds+0.4m pos=(438.8,425.6) dist=6.5 vel=0.0
[  9074   83.840 x1.00] TEL charge Rush   n=0.40 spd=0.00 mult=0.00 st=Attack anim=Charge/- drift=7.48 cut=7.48 meshOff=0.24m vis bounds+0.4m pos=(438.4,426.8) dist=5.3 vel=0.0
[  9089   83.926 x1.00] TEL charge Rush   n=0.40 spd=0.00 mult=0.00 st=Attack anim=Charge/- drift=7.48 cut=7.48 meshOff=0.24m vis bounds+0.4m pos=(437.9,428.0) dist=4.1 vel=0.0
[  9100   84.009 x1.00] TEL charge Rush   n=0.40 spd=0.00 mult=0.00 st=Attack anim=Charge/- drift=7.48 cut=7.48 meshOff=0.24m vis bounds+0.4m pos=(437.5,429.1) dist=2.9 vel=0.0
[  9104   84.035 x1.00] LOG  [OniBoss:Layer] charge STRIKE: arrived 2.6m from the lock point after 0.77s real — clip 0.40 → 0.58 (blend 0.10s), strike moment 0.76, Yoru 2.6m away
[  9114   84.101 x1.00] TEL charge Strike n=0.62 spd=1.00 mult=1.00 st=Attack anim=Charge/Charge drift=14.38 cut=14.38 meshOff=0.24m vis bounds+0.5m pos=(437.5,429.3) dist=2.6 vel=0.0
[  9126   84.190 x1.00] TEL charge Strike n=0.68 spd=1.00 mult=1.00 st=Attack anim=Charge/- drift=15.95 cut=15.95 meshOff=0.24m vis bounds+0.5m pos=(437.5,429.3) dist=2.6 vel=0.0
[  9139   84.280 x1.00] TEL charge Strike n=0.74 spd=1.00 mult=1.00 st=Attack anim=Charge/- drift=16.62 cut=16.62 meshOff=0.24m vis bounds+0.4m pos=(437.5,429.3) dist=2.6 vel=0.0
[  9145   84.332 x1.00] LOG  [CameraGameFeel] Shake: intensity=0.45 duration=0.350s
[  9145   84.332 x1.00] LOG  [Peach] heavy hit 18 dmg: 3 bites (Cannot Die held her at 1 bite). 1/16 bites = 0.25 of 4 peaches
[  9145   84.332 x1.00] LOG  [Combat] Hit react: HitReact_Heavy_2Leg (0.9s, clip starts at 0.35s)
[  9145   84.332 x1.00] LOG  [CameraGameFeel] Shake: intensity=0.60 duration=0.200s
[  9145   84.332 x1.00] LOG  [CameraGameFeel] FOV punch: player damage (-3.0°)
[  9145   84.332 x1.00] LOG  [OniBoss] Hit player for 18 (Oni_Charge)
[  9148   84.360 x1.00] LOG  [HitReactTrace] asked for 'HitReact_Heavy_2Leg' (0.90s, clip start 0.35s): playing it, blend resolved after 28 ms, state 1.21s long at speed 1.00, now at 0.37s, layer weight 1.00, animator.speed 1.00.
[  9149   84.367 x1.00] TEL charge Strike n=0.79 spd=1.00 mult=1.00 st=Attack anim=Charge/- drift=17.12 cut=17.12 meshOff=0.24m vis bounds+0.4m pos=(437.5,429.3) dist=2.6 vel=0.0
[  9159   84.453 x1.00] TEL charge Strike n=0.85 spd=1.00 mult=1.00 st=Attack anim=Charge/- drift=17.55 cut=17.55 meshOff=0.24m vis bounds+0.2m pos=(437.5,429.3) dist=2.6 vel=0.0
[  9170   84.537 x1.00] TEL charge Strike n=0.90 spd=1.00 mult=1.00 st=Attack anim=Charge/- drift=17.85 cut=17.85 meshOff=0.24m vis bounds+0.1m pos=(437.5,429.3) dist=2.6 vel=0.0
[  9181   84.628 x1.00] TEL charge Strike n=0.96 spd=1.00 mult=1.00 st=Attack anim=Charge/- drift=18.04 cut=18.04 meshOff=0.24m vis bounds+0.1m pos=(437.5,429.3) dist=2.6 vel=0.0
[  9189   84.690 x1.00] LOG  [OniBoss] Attack → Recovery
[  9189   84.690 x1.00] LOG  [OniBoss] Playing animation: Watch
[  9189   84.690 x1.00] LOG  [OniBoss:Layer] charge fire trail: released — burns out over 3.8s where the rush ended.
[  9189   84.690 x1.00] LOG  [OniBoss:Layer] charge complete: engine left Attack (now Recovery) during Strike
[  9192   84.717 x1.00] TEL charge None   n=1.02 spd=1.00 mult=1.00 st=Recovery anim=Charge/h-1849006814 drift=14.45 cut=14.45 meshOff=0.24m vis bounds+0.1m pos=(437.5,429.3) dist=2.6 vel=0.0
[  9196   84.753 x1.00] LOG  [StormWeather] ⚡ strike at (490.06, 45.00, 449.31)
[  9202   84.802 x1.00] TEL charge None   n=1.07 spd=1.00 mult=1.00 st=Recovery anim=Charge/h-1849006814 drift=6.11 cut=6.11 meshOff=0.24m vis bounds+0.2m pos=(437.5,429.3) dist=2.6 vel=0.0
[  9208   84.850 x1.00] LOG  [OniBoss] Recovery → Attack
[  9208   84.850 x1.00] LOG  [OniBoss] Attack: ClubSwing2 (16 dmg)
[  9208   84.850 x1.00] LOG  [OniBoss:Trail] ClubSwing2 trail START at clip 1.00 (transition still blending).
[  9214   84.890 x1.00] TEL charge None   n=1.11 spd=1.40 mult=1.40 st=Attack anim=Charge/h853091085 drift=1.78 cut=1.78 meshOff=0.24m vis bounds+0.2m pos=(437.5,429.3) dist=2.6 vel=0.0
[  9222   84.960 x1.00] LOG  [OniBoss:Layer] charge end (clip left the animator) after 2.17s real: pin measured 291 frames, cancelled on 287, max raw drift 18.07m, max cancelled 18.07m — travel WAS baked in, pin held it
[  9253   85.193 x1.00] LOG  [CameraGameFeel] Shake: intensity=0.20 duration=0.250s
[  9253   85.193 x1.00] LOG  [Peach] heavy hit 24 dmg: 3 bites (Cannot Die held her at 1 bite). 1/16 bites = 0.25 of 4 peaches
[  9253   85.193 x1.00] LOG  [Combat] Hit react: HitReact_Heavy_2Leg (0.9s, clip starts at 0.35s)
[  9253   85.193 x1.00] LOG  [CameraGameFeel] Shake: intensity=0.60 duration=0.200s
[  9253   85.193 x1.00] LOG  [CameraGameFeel] FOV punch: player damage (-3.0°)
[  9253   85.193 x1.00] LOG  [OniBoss] Hit player for 24 (ClubSwing2) [combo x1.50]
[  9253   85.193 x1.00] LOG  [OniBoss:Touch] ClubSwing2: club TOUCHED Yoru at clip 0.29, shaft 0.44m from her body line, head 0.73 along the club, tip 0.80m up, tip speed 101m/s. Full club hit delivered this frame.
[  9254   85.200 x1.00] LOG  [HitReactTrace] asked for 'HitReact_Heavy_2Leg' (0.90s, clip start 0.35s): playing it, blend resolved after 7 ms, state 1.21s long at speed 1.00, now at 1.21s, layer weight 1.00, animator.speed 1.00.
[  9259   85.244 x1.00] LOG  [OniBoss:ClubPos] ClubSwing2 at strike: club tip 0.49m up, 1.15m in front, 3.15m to his right (3.35m out from his centre). Club faces 42deg from his forward, pitch -0.89. (the ground wave is born 1.6m in front of him at 0.35m.)
[  9259   85.244 x1.00] LOG  [OniBoss:Layer] ClubSwing2: club already hit — ground wave released as VISUAL only (0 damage), finisher size x2.0.
[  9279   85.435 x1.00] LOG  [OniBoss] Finisher step-in: ClubSwing2, she is 0.02m out of reach, walking up to 1.5m
[  9348   86.021 x1.00] LOG  [OniBoss] Attack → Recovery
[  9348   86.021 x1.00] LOG  [OniBoss] Playing animation: Watch
[  9348   86.021 x1.00] LOG  [OniBoss:Trail] trail END at clip 1.00, fading over 0.40s.
[  9348   86.021 x1.00] LOG  [OniBoss:Strike] ClubSwing2: club tip closest to Yoru at 0.76m, clip position 0.30 | damage fires at 0.32 | clip 1.17s => MATCHED (within one or two frames)
[  9366   86.173 x1.00] LOG  [OniBoss] Recovery → Chase
[  9367   86.179 x1.00] LOG  [OniBoss] Playing animation: run
[  9520   87.378 x1.00] LOG  [OniBoss] Pull-band decision: RUN-IN (dist 7.7m, pullRange 0m, chance 0.70)
[  9562   87.728 x1.00] LOG  [StormWeather] ⚡ strike at (478.61, 45.00, 449.54)
[  9838   90.176 x1.00] LOG  [OniBoss] chase punish: 4s of failed chase — throwing ClubSwing2 from 5.1m so the wave flies at her.
[  9838   90.176 x1.00] LOG  [OniBoss] Chase → Attack
[  9838   90.176 x1.00] LOG  [OniBoss] Attack: ClubSwing2 (16 dmg)
[  9838   90.176 x1.00] LOG  [OniBoss:Trail] ClubSwing2 trail START at clip 1.00 (transition done).
[  9857   90.337 x1.00] LOG  [StormWeather] ⚡ strike at (479.17, 45.00, 437.21)
[  9883   90.559 x1.00] LOG  [OniBoss:ClubPos] ClubSwing2 at strike: club tip 0.09m up, 1.82m in front, 2.41m to his right (3.02m out from his centre). Club faces 4deg from his forward, pitch -0.88. (the ground wave is born 1.6m in front of him at 0.35m.)
[  9883   90.559 x1.00] LOG  [OniBoss:Layer] ClubSwing2: club has not connected — ground wave released ARMED, 1.6m in front, 12m/s x 6.0m = 0.50s, carrying 8 (half of the club's 16).
[  9946   91.060 x1.00] LOG  [OniBoss:Wave] armed wave expired UNTOUCHED — closest 1.83m to Yoru (hit width 1.60), she was grounded at the closest moment.
[  9982   91.355 x1.00] LOG  [OniBoss] Attack → Recovery
[  9982   91.355 x1.00] LOG  [OniBoss] Playing animation: Watch
[  9982   91.355 x1.00] LOG  [OniBoss:Trail] trail END at clip 1.00, fading over 0.40s.
[  9982   91.355 x1.00] LOG  [OniBoss:Touch] ClubSwing2: no touch this swing, closest 2.16m at clip 0.29 (head 1.00 along the club), fastest tip 109m/s (radius 0.70, min speed 50, max tip height 2.5m).
[  9982   91.355 x1.00] LOG  [OniBoss:Strike] ClubSwing2: club tip closest to Yoru at 2.17m, clip position 0.29 | damage fires at 0.32 | clip 1.17s => damage fires 35 ms AFTER the club is closest — it lands once the club has passed her
[ 10000   91.516 x1.00] LOG  [OniBoss] Recovery → Chase
[ 10001   91.522 x1.00] LOG  [OniBoss] Playing animation: run
[ 10169   92.722 x1.00] LOG  [OniBoss] Pull-band decision: RUN-IN (dist 6.1m, pullRange 0m, chance 0.70)
[ 10216   93.108 x1.00] LOG  [OniBoss] hold-ground: BACKSTEP 1.5m (player 3.5m)
[ 10316   93.934 x1.00] LOG  [StormWeather] ⚡ strike at (479.43, 45.00, 446.32)
[ 10330   94.050 x1.00] LOG  [OniBoss] hold-ground: backstep done (1.51m), WATCH (player 2.2m, cooldown 0.0s)
[ 10330   94.050 x1.00] LOG  [OniBoss] Playing animation: Idle
[ 10331   94.055 x1.00] LOG  [OniBoss] Combo started: swing1-2 (2 steps remaining)
[ 10331   94.055 x1.00] LOG  [OniBoss] Chase → Attack
[ 10331   94.055 x1.00] LOG  [OniBoss] Attack: Club_Swing (16 dmg)
[ 10331   94.055 x1.00] LOG  [OniBoss:Trail] Club_Swing trail START at clip 0.95 (transition still blending).
[ 10381   94.418 x1.00] LOG  [OniBoss:ClubPos] Club_Swing at strike: club tip 3.02m up, 2.27m in front, -3.06m to his right (3.81m out from his centre). Club faces -87deg from his forward, pitch 0.41. (the ground wave is born 1.6m in front of him at 0.35m.)
[ 10381   94.418 x1.00] LOG  [OniBoss:Layer] Club_Swing: club has not connected — ground wave released ARMED, 1.6m in front, 12m/s x 6.0m = 0.50s, carrying 8 (half of the club's 16).
[ 10382   94.429 x1.00] LOG  [Peach] light hit 8 dmg: 1 bite (Cannot Die held her at 1 bite). 1/16 bites = 0.25 of 4 peaches
[ 10382   94.429 x1.00] LOG  [Combat] Hit react: HitReact_Light_2Leg (0.5s, clip starts at 0.35s)
[ 10382   94.429 x1.00] LOG  [CameraGameFeel] Shake: intensity=0.30 duration=0.200s
[ 10382   94.429 x1.00] LOG  [CameraGameFeel] FOV punch: player damage (-2.0°)
[ 10382   94.429 x1.00] LOG  [OniBoss:Wave] wave TOUCHED Yoru (grounded) for 8 after 0.1m / 0.01s of travel.
[ 10385   94.453 x1.00] LOG  [HitReactTrace] asked for 'HitReact_Light_2Leg' (0.50s, clip start 0.35s): playing it, blend resolved after 24 ms, state 1.21s long at speed 1.00, now at 0.37s, layer weight 1.00, animator.speed 1.00.
[ 10444   94.891 x1.00] LOG  [OniBoss] Attack → Recovery
[ 10444   94.891 x1.00] LOG  [OniBoss] Playing animation: Watch
[ 10444   94.891 x1.00] LOG  [OniBoss:Trail] trail END at clip 0.99, fading over 0.40s.
[ 10444   94.891 x1.00] LOG  [OniBoss:Strike] Club_Swing: club tip closest to Yoru at 1.04m, clip position 0.91 | damage fires at 0.42 | clip 0.84s => damage fires 409 ms BEFORE the club is closest
[ 10464   95.045 x1.00] LOG  [OniBoss] Recovery → Attack
[ 10464   95.045 x1.00] LOG  [OniBoss] Attack: ClubSwing2 (16 dmg)
[ 10464   95.045 x1.00] LOG  [OniBoss:Trail] ClubSwing2 trail START at clip 1.00 (transition still blending).
[ 10465   95.056 x1.00] LOG  [OniBoss] Finisher step-in: ClubSwing2, she is 0.28m out of reach, walking up to 1.5m
[ 10507   95.385 x1.00] LOG  [OniBoss:Layer] step-in: 'ClubSwing2' closed 1.29m, Yoru now 3.0m away (range 3.5)
[ 10507   95.385 x1.00] LOG  [CameraGameFeel] Shake: intensity=0.20 duration=0.250s
[ 10507   95.385 x1.00] LOG  [Peach] heavy hit 24 dmg: 3 bites (Cannot Die held her at 1 bite). 1/16 bites = 0.25 of 4 peaches
[ 10507   95.385 x1.00] LOG  [Combat] Hit react: Bhit_run_reaction_4 (2.5s, clip starts at 0.10s)
[ 10507   95.385 x1.00] LOG  [CameraGameFeel] Shake: intensity=0.60 duration=0.200s
[ 10507   95.385 x1.00] LOG  [CameraGameFeel] FOV punch: player damage (-3.0°)
[ 10507   95.385 x1.00] LOG  [OniBoss] Hit player for 24 (ClubSwing2) [combo x1.50]
[ 10507   95.385 x1.00] LOG  [OniBoss:Touch] ClubSwing2: club TOUCHED Yoru at clip 0.29, shaft 0.55m from her body line, head 0.81 along the club, tip 1.05m up, tip speed 97m/s. Full club hit delivered this frame.
[ 10508   95.400 x1.00] LOG  [HitReactTrace] asked for 'Bhit_run_reaction_4' (2.50s, clip start 0.10s): NOT playing it, another state took the combat layer, blend resolved after 15 ms, state 1.00s long at speed 1.00, now at 0.45s, layer weight 1.00, animator.speed 1.00.
[ 10511   95.426 x1.00] LOG  [OniBoss:ClubPos] ClubSwing2 at strike: club tip 0.05m up, 1.92m in front, 2.28m to his right (2.98m out from his centre). Club faces -1deg from his forward, pitch -0.87. (the ground wave is born 1.6m in front of him at 0.35m.)
[ 10511   95.426 x1.00] LOG  [OniBoss:Layer] ClubSwing2: club already hit — ground wave released as VISUAL only (0 damage), finisher size x2.0.
[ 10611   96.215 x1.00] LOG  [OniBoss] Attack → Recovery
[ 10611   96.215 x1.00] LOG  [OniBoss] Playing animation: Watch
[ 10611   96.215 x1.00] LOG  [OniBoss:Trail] trail END at clip 0.99, fading over 0.40s.
[ 10611   96.215 x1.00] LOG  [OniBoss:Strike] ClubSwing2: club tip closest to Yoru at 0.82m, clip position 0.30 | damage fires at 0.32 | clip 1.17s => MATCHED (within one or two frames)
[ 10617   96.252 x1.00] LOG  [StormWeather] ⚡ strike at (483.12, 45.00, 455.08)
[ 10632   96.368 x1.00] LOG  [OniBoss] Recovery → Chase
[ 10633   96.374 x1.00] LOG  [OniBoss] hold-ground: BACKSTEP 1.5m (player 3.0m)
[ 10748   97.200 x1.00] LOG  [OniBoss] hold-ground: backstep done (1.32m), WATCH (player 4.3m, cooldown 0.4s)
[ 10748   97.200 x1.00] LOG  [OniBoss] Playing animation: Watch
[ 10750   97.212 x1.00] LOG  🚶 2-LEG JUMP
[ 10750   97.212 x1.00] LOG  🐾 Jump 1 VFX spawned!
[ 10763   97.333 x1.00] LOG  [ComboTrace] LAUNCH OniBoss at 3.0m dist=2.98m in 0.30s [AIRBORNE]
[ 10763   97.333 x1.00] LOG  [Combat] Aerial spin, 25 dmg
[ 10763   97.333 x1.00] LOG  [YoruVFX] Air spin: 'VFX_Void_Burst_AirSpinYoru' at CenterVFX, 46 systems, longest 1.00s fitted to 0.79s at speed 1.27, 8 forced Local, 38 delays zeroed, tail 2.37s
[ 10763   97.333 x1.00] LOG  [AirPosePin] engaged, holding body at 0.719m above the transform
[ 10777   97.493 x1.00] LOG  OniBoss took 10 damage. HP: 1490/2500
[ 10777   97.493 x1.00] LOG  [OniBoss] Chase → HitReact
[ 10777   97.493 x1.00] LOG  [OniBoss:Layer] react tier: LIGHT (10 dmg) → 'Hit_react_light'
[ 10777   97.493 x1.00] LOG  [OniReactTrace] #12 LIGHT (10 dmg) asked for 'Hit_react_light': crossfade 0.08s, animator speed 1.35, world x1.00
[ 10777   97.493 x1.00] LOG  [Momentum] 0 -> 1 (hit), speed x1.05, damage x1.05, impact x1.05
[ 10777   97.493 x1.00] LOG  [CameraGameFeel] Shake: intensity=0.06 duration=0.080s
[ 10777   97.493 x1.00] LOG  [CameraGameFeel] Shake: intensity=0.53 duration=0.200s
[ 10777   97.493 x1.00] LOG  [CameraGameFeel] FOV punch: hit light (+1.5°)
[ 10778   97.505 x1.00] LOG  [OniReactTrace] #12 +0.01s state SOMETHING ELSE, clip on his bones 'Take 001' weight 1.00, blending INTO 'Hit_react_light', layer weight 1.00, animator speed 0.00, world x1.00, engine HitReact
[ 10786   97.593 x1.00] LOG  [OniReactTrace] #12 +0.10s state SOMETHING ELSE, clip on his bones 'Take 001' weight 0.14, blending INTO 'Hit_react_light', layer weight 1.00, animator speed 1.35, world x1.00, engine HitReact
[ 10791   97.640 x1.00] LOG  [ComboTrace] LAUNCH RESULT wanted=2.98m actually moved=2.38m, completed
[ 10792   97.651 x1.00] LOG  OniBoss took 10 damage. HP: 1480/2500
[ 10792   97.651 x1.00] LOG  [OniBoss:Layer] burst: 2 hits / 20 dmg → flinch upgraded to 'HitReact_medium'
[ 10792   97.651 x1.00] LOG  [OniReactTrace] #13 BURST UPGRADE (20 dmg) asked for 'HitReact_medium': crossfade 0.08s, animator speed 1.35, world x1.00
[ 10792   97.651 x1.00] LOG  [CameraGameFeel] Shake: intensity=0.18 duration=0.200s
[ 10793   97.659 x1.00] LOG  [OniReactTrace] #13 +0.01s state SOMETHING ELSE, clip on his bones 'Take 001' weight 0.81, blending INTO 'HitReact_medium', layer weight 1.00, animator speed 1.35, world x1.00, engine HitReact
[ 10803   97.759 x1.00] LOG  [OniReactTrace] #13 +0.11s state 'HitReact_medium' at 9 % of its 1.08s, clip on his bones 'Take 001' weight 1.00, layer weight 1.00, animator speed 1.35, world x1.00, engine HitReact
[ 10809   97.810 x1.00] LOG  OniBoss took 10 damage. HP: 1470/2500
[ 10809   97.810 x1.00] LOG  [OniBoss] HitReact → Stagger
[ 10809   97.810 x1.00] LOG  [OniBoss] Playing animation: Stagger
[ 10809   97.810 x1.00] LOG  [OniBoss] STAGGERED for 2.5s
[ 10809   97.810 x1.00] LOG  [OniBoss:Layer] heavy knock-back react (swirl burst, 3 hits / 30 dmg) → 'HitReact_Heavy', down for 1.80s
[ 10809   97.810 x1.00] LOG  [OniReactTrace] #14 HEAVY (0 dmg) asked for 'HitReact_Heavy': crossfade 0.08s, animator speed 1.35, world x1.00
[ 10809   97.810 x1.00] LOG  [OniBoss:Layer] burst: 3 hits / 30 dmg inside 0.8s → knock-back + 0.90m push
[ 10809   97.810 x1.00] LOG  [Momentum] 1 -> 2 (hit), speed x1.10, damage x1.10, impact x1.10
[ 10809   97.810 x1.00] LOG  [CameraGameFeel] Shake: intensity=0.06 duration=0.080s
[ 10809   97.810 x1.00] LOG  [CameraGameFeel] Shake: intensity=0.19 duration=0.200s
[ 10810   97.818 x1.00] LOG  [OniReactTrace] #14 +0.01s state SOMETHING ELSE, clip on his bones 'Take 001' weight 0.77, blending INTO 'HitReact_Heavy', layer weight 1.00, animator speed 1.35, world x1.00, engine Stagger
[ 10821   97.918 x1.00] LOG  [OniReactTrace] #14 +0.11s state 'HitReact_Heavy' at 9 % of its 1.11s, clip on his bones 'Take 001' weight 1.00, layer weight 1.00, animator speed 1.35, world x1.00, engine Stagger
[ 10839   98.069 x1.00] LOG  [OniReactTrace] #14 +0.26s state 'HitReact_Heavy' at 22 % of its 1.11s, clip on his bones 'Take 001' weight 1.00, layer weight 1.00, animator speed 1.35, world x1.00, engine Stagger
[ 10839   98.069 x1.00] LOG  [YoruVFX] Spin VFX stopped, fading for 2.37s
[ 10843   98.100 x1.00] LOG  [ComboTrace] END step=3 clipProgress=0.91 clipLen=0.79s queued=0 elapsed=0.77s
[ 10844   98.110 x1.00] LOG  [AirPosePin] released, peak correction was 0.008m
[ 10849   98.156 x1.00] LOG  💨 Landing VFX spawned!
[ 10849   98.156 x1.00] LOG  ✅ LANDED! (was jump #1)
[ 10858   98.223 x1.00] LOG  [Combat] Combo 1: 10 dmg
[ 10858   98.223 x1.00] LOG  [ComboTrace] START step=1 state='Combo1' queued=0 target='OniBoss' at 3.1m
[ 10858   98.223 x1.00] LOG  [ComboTrace] LAUNCH OniBoss at 1.8m dist=1.85m in 0.18s
[ 10862   98.267 x1.00] LOG  [OniReactTrace] #14 +0.46s state 'HitReact_Heavy' at 40 % of its 1.11s, clip on his bones 'Take 001' weight 1.00, layer weight 1.00, animator speed 1.35, world x1.00, engine Stagger
[ 10878   98.406 x1.00] LOG  [ComboTrace] LAUNCH RESULT wanted=1.85m actually moved=1.14m, completed
[ 10887   98.474 x1.00] LOG  [Combat] Queued click #1 (combo 1)
[ 10887   98.474 x1.00] LOG  [ComboTrace] QUEUED #1 during step 1
[ 10892   98.515 x1.00] LOG  [OniReactTrace] #14 +0.70s state 'HitReact_Heavy' at 63 % of its 1.11s, clip on his bones 'Take 001' weight 1.00, layer weight 1.00, animator speed 1.35, world x1.00, engine Stagger
[ 10908   98.654 x1.00] LOG  OniBoss punish window! 11 → 16 (x1.5)
[ 10908   98.654 x1.00] LOG  OniBoss took 16 damage. HP: 1454/2500
[ 10908   98.654 x1.00] LOG  [Momentum] 2 -> 3 (hit), speed x1.15, damage x1.15, impact x1.15
[ 10908   98.654 x1.00] LOG  [CameraGameFeel] Shake: intensity=0.06 duration=0.080s
[ 10908   98.654 x1.00] LOG  [Combat] Hit OniBoss for 11
[ 10908   98.654 x1.00] LOG  [CameraGameFeel] Shake: intensity=0.58 duration=0.200s
[ 10908   98.654 x1.00] LOG  [CameraGameFeel] FOV punch: hit light (+1.5°)
[ 10914   98.708 x1.00] LOG  [Combat] Queued click #2 (combo 1)
[ 10914   98.708 x1.00] LOG  [ComboTrace] QUEUED #2 during step 1
[ 10921   98.765 x1.00] LOG  [OniReactTrace] #14 +0.95s state 'HitReact_Heavy' at 81 % of its 1.11s, clip on his bones 'Take 001' weight 1.00, layer weight 1.00, animator speed 1.35, world x1.00, engine Stagger
[ 10921   98.765 x1.00] LOG  [OniReactTrace] #14 HEAVY verdict: played to 81 % of the clip, so the reaction IS on screen and what is missing is movement inside the clip itself
[ 10926   98.811 x1.00] LOG  🐾 VFX_AttackPaw triggered!
[ 10940   98.909 x1.00] LOG  [Combat] Combo 2: 20 dmg
[ 10940   98.909 x1.00] LOG  [ComboTrace] START step=2 state='Combo2' queued=1 target='OniBoss' at 2.9m
[ 10940   98.909 x1.00] LOG  [ComboTrace] LAUNCH OniBoss at 1.6m dist=1.64m in 0.16s
[ 10942   98.927 x1.00] LOG  [ComboTrace] CLICK DROPPED by attackCooldown (0.10s, 0.02s since last attack) step=2
[ 10960   99.084 x1.00] LOG  [ComboTrace] LAUNCH RESULT wanted=1.64m actually moved=0.90m, completed
[ 10967   99.136 x1.00] LOG  [Combat] Queued click #2 (combo 2)
[ 10967   99.136 x1.00] LOG  [ComboTrace] QUEUED #2 during step 2
[ 10993   99.342 x1.00] LOG  [ComboTrace] CLICK IGNORED (step=2 queued=2)
[ 11008   99.458 x1.00] LOG  🐾🐾 VFX_TowPaw triggered!
[ 11011   99.476 x1.00] LOG  OniBoss punish window! 23 → 34 (x1.5)
[ 11011   99.476 x1.00] LOG  OniBoss took 34 damage. HP: 1420/2500
[ 11011   99.476 x1.00] LOG  [Momentum] 3 -> 4 (hit), speed x1.20, damage x1.20, impact x1.20
[ 11011   99.476 x1.00] LOG  [CameraGameFeel] Shake: intensity=0.06 duration=0.080s
[ 11011   99.476 x1.00] LOG  [Combat] Hit OniBoss for 23
[ 11011   99.476 x1.00] LOG  [CameraGameFeel] Shake: intensity=0.60 duration=0.200s
[ 11011   99.476 x1.00] LOG  [CameraGameFeel] FOV punch: hit light (+1.5°)
[ 11024   99.575 x1.00] LOG  [ComboTrace] CLICK IGNORED (step=2 queued=2)
[ 11029   99.615 x1.00] LOG  [OniBoss] Stagger → Chase
[ 11030   99.623 x1.00] LOG  [OniBoss] Playing animation: Watch
[ 11030   99.623 x1.00] LOG  [OniBoss] Combo started: ClubSwing1 → ClubSwing2 → ClubSlam (3 steps remaining)
[ 11030   99.623 x1.00] LOG  [OniBoss] Chase → Attack
[ 11030   99.623 x1.00] LOG  [OniBoss] Attack: Club_Swing (16 dmg)
[ 11030   99.623 x1.00] LOG  [OniBoss:Trail] Club_Swing trail START at clip 1.00 (transition done).
[ 11051   99.793 x1.00] LOG  [ComboTrace] CLICK IGNORED (step=2 queued=2)
[ 11057   99.834 x1.00] LOG  🐾🐾 VFX_TowPaw triggered!
[ 11060   99.853 x1.00] LOG  [Combat] Combo 3: 35 dmg
[ 11060   99.853 x1.00] LOG  [ComboTrace] START step=3 state='Combo3' queued=1 target='OniBoss' at 2.9m
[ 11060   99.853 x1.00] LOG  [ComboTrace] LAUNCH OniBoss at 1.7m dist=1.65m in 0.17s
[ 11060   99.853 x1.00] LOG  [YoruVFX] Ground hazard: 'VFX_Void_Area_GroundSpinYORU' laid at GroundVFX ((422.75, 0.16, 446.93)), floor tilt 0.0 deg, 17 delays shifted by 2.00s, own lifetime 8.98s
[ 11060   99.853 x1.00] LOG  [Combat] Hazard zone tick: OniBoss for 25
[ 11060   99.853 x1.00] LOG  [Combat] Hazard zone laid: 8.98s, 25 dmg every 0.50s in 2.00m
[ 11066   99.923 x1.00] LOG  OniBoss took 42 damage. HP: 1353/2500
[ 11066   99.923 x1.00] LOG  [OniBoss] Attack → Stagger
[ 11066   99.923 x1.00] LOG  [OniBoss] Playing animation: Stagger
[ 11066   99.923 x1.00] LOG  [OniBoss] STAGGERED for 2.5s
[ 11066   99.923 x1.00] LOG  [OniBoss:Layer] heavy knock-back react (42 dmg) → 'HitReact_Heavy', down for 1.80s
[ 11066   99.923 x1.00] LOG  [OniReactTrace] #15 HEAVY (0 dmg) asked for 'HitReact_Heavy': crossfade 0.08s, animator speed 1.35, world x1.00
[ 11066   99.923 x1.00] LOG  [Momentum] 4 -> 5 (hit), speed x1.25, damage x1.25, impact x1.25
[ 11066   99.923 x1.00] LOG  [CameraGameFeel] Shake: intensity=0.14 duration=0.080s
[ 11066   99.923 x1.00] LOG  [CameraGameFeel] Shake: intensity=0.63 duration=0.200s
[ 11066   99.923 x1.00] LOG  [CameraGameFeel] FOV punch: hit light (+1.5°)
[ 11066   99.923 x1.00] LOG  [OniBoss:Touch] Club_Swing: no touch this swing, closest 1.96m at clip 0.35 (head 0.05 along the club), fastest tip 154m/s (radius 0.70, min speed 50, max tip height 2.5m).
[ 11066   99.923 x1.00] LOG  [OniBoss:Strike] Club_Swing: club tip closest to Yoru at 6.88m, clip position 0.35 | damage fires at 0.42 | clip 0.84s => damage fires 62 ms AFTER the club is closest — it lands once the club has passed her
[ 11067   99.930 x1.00] LOG  [OniBoss:Trail] trail END at clip 0.35, fading over 0.40s.
[ 11067   99.930 x1.00] LOG  [OniReactTrace] #15 +0.01s state SOMETHING ELSE, clip on his bones 'Take 001' weight 1.00, blending INTO 'HitReact_Heavy', layer weight 1.00, animator speed 0.00, world x1.00, engine Stagger
[ 11074  100.000 x1.00] LOG  [ComboTrace] CLICK IGNORED (step=3 queued=1)
[ 11077  100.028 x1.00] LOG  [ComboTrace] LAUNCH RESULT wanted=1.65m actually moved=1.31m, completed
[ 11077  100.028 x1.00] LOG  [OniReactTrace] #15 +0.10s state 'HitReact_Heavy' at 5 % of its 1.11s, clip on his bones 'Take 001' weight 1.00, layer weight 1.00, animator speed 1.35, world x1.00, engine Stagger
[ 11096  100.159 x1.00] LOG  [StormWeather] ⚡ strike at (473.87, 45.00, 455.50)
[ 11098  100.173 x1.00] LOG  [OniReactTrace] #15 +0.25s state 'HitReact_Heavy' at 18 % of its 1.11s, clip on his bones 'Take 001' weight 1.00, layer weight 1.00, animator speed 1.35, world x1.00, engine Stagger
[ 11103  100.217 x1.00] LOG  [ComboTrace] CLICK IGNORED (step=3 queued=1)
[ 11123  100.388 x1.00] LOG  [OniReactTrace] #15 +0.47s state 'HitReact_Heavy' at 37 % of its 1.11s, clip on his bones 'Take 001' weight 1.00, layer weight 1.00, animator speed 1.35, world x1.00, engine Stagger
[ 11131  100.451 x1.00] LOG  [ComboTrace] CLICK IGNORED (step=3 queued=1)
[ 11153  100.623 x1.00] LOG  [OniReactTrace] #15 +0.70s state 'HitReact_Heavy' at 59 % of its 1.11s, clip on his bones 'Take 001' weight 1.00, layer weight 1.00, animator speed 1.35, world x1.00, engine Stagger
[ 11160  100.675 x1.00] LOG  [ComboTrace] END step=3 clipProgress=0.95 clipLen=0.79s queued=0 elapsed=0.82s
[ 11161  100.681 x1.00] LOG  [ComboTrace] CLICK DROPPED by attackCooldown (0.10s, 0.01s since last attack) step=3
[ 11185  100.858 x1.00] LOG  🚶 2-LEG JUMP
[ 11185  100.858 x1.00] LOG  🐾 Jump 1 VFX spawned!
[ 11187  100.880 x1.00] LOG  [OniReactTrace] #15 +0.96s state 'HitReact_Heavy' at 82 % of its 1.11s, clip on his bones 'Take 001' weight 1.00, layer weight 1.00, animator speed 1.35, world x1.00, engine Stagger
[ 11187  100.880 x1.00] LOG  [OniReactTrace] #15 HEAVY verdict: played to 82 % of the clip, so the reaction IS on screen and what is missing is movement inside the clip itself
[ 11191  100.926 x1.00] LOG  [ComboTrace] LAUNCH OniBoss at 1.2m dist=1.20m in 0.13s [AIRBORNE]
[ 11191  100.926 x1.00] LOG  [Combat] Aerial spin, 25 dmg
[ 11191  100.926 x1.00] LOG  [YoruVFX] Air spin: 'VFX_Void_Burst_AirSpinYoru' at CenterVFX, 46 systems, longest 1.00s fitted to 0.79s at speed 1.27, 8 forced Local, 38 delays zeroed, tail 2.37s
[ 11191  100.926 x1.00] LOG  OniBoss punish window! 12 → 18 (x1.5)
[ 11191  100.926 x1.00] LOG  OniBoss took 18 damage. HP: 1335/2500
[ 11191  100.926 x1.00] LOG  [Momentum] 5 -> 6 (hit), speed x1.30, damage x1.30, impact x1.30
[ 11191  100.926 x1.00] LOG  [CameraGameFeel] Shake: intensity=0.06 duration=0.080s
[ 11191  100.926 x1.00] LOG  [CameraGameFeel] Shake: intensity=0.65 duration=0.200s
[ 11191  100.926 x1.00] LOG  [CameraGameFeel] FOV punch: hit light (+1.5°)
[ 11191  100.926 x1.00] LOG  [AirPosePin] engaged, holding body at 0.553m above the transform
[ 11198  101.062 x1.00] LOG  [ComboTrace] LAUNCH RESULT wanted=1.20m actually moved=1.18m, completed
[ 11200  101.080 x1.00] LOG  OniBoss punish window! 13 → 20 (x1.5)
[ 11200  101.080 x1.00] LOG  OniBoss took 20 damage. HP: 1315/2500
[ 11200  101.080 x1.00] LOG  [CameraGameFeel] Shake: intensity=0.23 duration=0.200s
[ 11215  101.231 x1.00] LOG  OniBoss punish window! 13 → 20 (x1.5)
[ 11215  101.231 x1.00] LOG  OniBoss took 20 damage. HP: 1295/2500
[ 11215  101.231 x1.00] LOG  [Momentum] 6 -> 7 (hit), speed x1.35, damage x1.35, impact x1.35
[ 11215  101.231 x1.00] LOG  [CameraGameFeel] Shake: intensity=0.06 duration=0.080s
[ 11215  101.231 x1.00] LOG  [CameraGameFeel] Shake: intensity=0.24 duration=0.200s
[ 11247  101.536 x1.00] LOG  OniBoss punish window! 14 → 21 (x1.5)
[ 11247  101.536 x1.00] LOG  OniBoss took 21 damage. HP: 1274/2500
[ 11247  101.536 x1.00] LOG  [Momentum] 7 -> 8 (hit), speed x1.40, damage x1.40, impact x1.40
[ 11247  101.536 x1.00] LOG  [CameraGameFeel] Shake: intensity=0.06 duration=0.080s
[ 11247  101.536 x1.00] LOG  [CameraGameFeel] Shake: intensity=0.70 duration=0.200s
[ 11247  101.536 x1.00] LOG  [CameraGameFeel] FOV punch: hit light (+1.5°)
[ 11268  101.716 x1.00] LOG  [YoruVFX] Spin VFX stopped, fading for 2.37s
[ 11269  101.727 x1.00] LOG  [OniBoss] Stagger → Chase
[ 11270  101.734 x1.00] LOG  [OniBoss] Playing animation: Idle
[ 11270  101.734 x1.00] LOG  [OniBoss] hold-ground: cooldown over, player 3.7m > 3.5m — APPROACH
[ 11270  101.734 x1.00] LOG  [OniBoss] Playing animation: Walk
[ 11271  101.746 x1.00] LOG  [ComboTrace] END step=3 clipProgress=0.90 clipLen=0.79s queued=0 elapsed=0.82s
[ 11272  101.760 x1.00] LOG  [AirPosePin] released, peak correction was -0.024m
[ 11274  101.777 x1.00] LOG  💨 Landing VFX spawned!
[ 11274  101.777 x1.00] LOG  ✅ LANDED! (was jump #1)
[ 11290  101.907 x1.00] LOG  [Combat] Combo 1: 10 dmg
[ 11290  101.907 x1.00] LOG  [ComboTrace] START step=1 state='Combo1' queued=0 target='OniBoss' at 3.5m
[ 11290  101.907 x1.00] LOG  [ComboTrace] LAUNCH OniBoss at 2.3m dist=2.30m in 0.23s
[ 11293  101.937 x1.00] LOG  [OniBoss] Combo started: swing1-2 (2 steps remaining)
[ 11293  101.937 x1.00] LOG  [OniBoss] Chase → Attack
[ 11293  101.937 x1.00] LOG  [OniBoss] Attack: Club_Swing (16 dmg)
[ 11293  101.937 x1.00] LOG  [OniBoss:Layer] step-in: 'Club_Swing' closed 0.00m, Yoru now 3.0m away (range 3.5)
[ 11293  101.937 x1.00] LOG  [OniBoss:Trail] Club_Swing trail START at clip 0.10 (transition done).
[ 11315  102.134 x1.00] LOG  [Combat] Queued click #1 (combo 1)
[ 11315  102.134 x1.00] LOG  [ComboTrace] QUEUED #1 during step 1
[ 11316  102.143 x1.00] LOG  [ComboTrace] LAUNCH RESULT wanted=2.30m actually moved=1.49m, completed
[ 11330  102.242 x1.00] LOG  OniBoss took 14 damage. HP: 1260/2500
[ 11330  102.242 x1.00] LOG  [OniBoss] 🤕 Hit during Attack — flash only
[ 11330  102.242 x1.00] LOG  [OniBoss] Attack → Stagger
[ 11330  102.242 x1.00] LOG  [OniBoss] Playing animation: Stagger
[ 11330  102.242 x1.00] LOG  [OniBoss] STAGGERED for 2.5s
[ 11330  102.242 x1.00] LOG  [OniBoss:Layer] heavy knock-back react (swirl burst, 5 hits / 93 dmg) → 'HitReact_Heavy', down for 1.80s
[ 11330  102.242 x1.00] LOG  [OniReactTrace] #16 HEAVY (0 dmg) asked for 'HitReact_Heavy': crossfade 0.08s, animator speed 1.35, world x1.00
[ 11330  102.242 x1.00] LOG  [OniBoss:Layer] burst: 5 hits / 93 dmg inside 0.8s → knock-back + 0.90m push
[ 11330  102.242 x1.00] LOG  [Momentum] 8 -> 9 (hit), speed x1.45, damage x1.45, impact x1.45
[ 11330  102.242 x1.00] LOG  [CameraGameFeel] Shake: intensity=0.06 duration=0.080s
[ 11330  102.242 x1.00] LOG  [Combat] Hit OniBoss for 14
[ 11330  102.242 x1.00] LOG  [CameraGameFeel] Shake: intensity=0.73 duration=0.200s
[ 11330  102.242 x1.00] LOG  [CameraGameFeel] FOV punch: hit light (+1.5°)
[ 11330  102.242 x1.00] LOG  [OniBoss:Touch] Club_Swing: no touch this swing, closest 1.88m at clip 0.35 (head 0.13 along the club), fastest tip 176m/s (radius 0.70, min speed 50, max tip height 2.5m).
[ 11330  102.242 x1.00] LOG  [OniBoss:Strike] Club_Swing: club tip closest to Yoru at 6.52m, clip position 0.35 | damage fires at 0.42 | clip 0.84s => damage fires 57 ms AFTER the club is closest — it lands once the club has passed her
[ 11331  102.250 x1.00] LOG  [OniBoss:Trail] trail END at clip 0.36, fading over 0.40s.
[ 11331  102.250 x1.00] LOG  [OniReactTrace] #16 +0.01s state SOMETHING ELSE, clip on his bones 'Take 001' weight 1.00, layer weight 1.00, animator speed 0.00, world x1.00, engine Stagger
[ 11343  102.343 x1.00] LOG  [OniReactTrace] #16 +0.10s state SOMETHING ELSE, clip on his bones 'Take 001' weight 0.25, blending INTO 'HitReact_Heavy', layer weight 1.00, animator speed 1.35, world x1.00, engine Stagger
[ 11347  102.373 x1.00] LOG  [Combat] Queued click #2 (combo 1)
[ 11347  102.373 x1.00] LOG  [ComboTrace] QUEUED #2 during step 1
[ 11349  102.393 x1.00] LOG  🐾 VFX_AttackPaw triggered!
[ 11359  102.476 x1.00] LOG  [Combat] Combo 2: 20 dmg
[ 11359  102.476 x1.00] LOG  [ComboTrace] START step=2 state='Combo2' queued=1 target='OniBoss' at 2.9m
[ 11359  102.476 x1.00] LOG  [ComboTrace] LAUNCH OniBoss at 1.7m dist=1.68m in 0.17s
[ 11361  102.494 x1.00] LOG  [OniReactTrace] #16 +0.25s state 'HitReact_Heavy' at 16 % of its 1.11s, clip on his bones 'Take 001' weight 1.00, layer weight 1.00, animator speed 1.35, world x1.00, engine Stagger
[ 11375  102.605 x1.00] LOG  [Combat] Queued click #2 (combo 2)
[ 11375  102.605 x1.00] LOG  [ComboTrace] QUEUED #2 during step 2
[ 11380  102.643 x1.00] LOG  [ComboTrace] LAUNCH RESULT wanted=1.68m actually moved=0.90m, completed
[ 11386  102.693 x1.00] LOG  [OniReactTrace] #16 +0.45s state 'HitReact_Heavy' at 35 % of its 1.11s, clip on his bones 'Take 001' weight 1.00, layer weight 1.00, animator speed 1.35, world x1.00, engine Stagger
[ 11402  102.798 x1.00] LOG  [StormWeather] ⚡ strike at (487.89, 45.00, 446.15)
[ 11407  102.844 x1.00] LOG  [ComboTrace] CLICK IGNORED (step=2 queued=2)
[ 11416  102.919 x1.00] LOG  🐾🐾 VFX_TowPaw triggered!
[ 11417  102.925 x1.00] LOG  OniBoss punish window! 29 → 44 (x1.5)
[ 11417  102.925 x1.00] LOG  OniBoss took 44 damage. HP: 1216/2500
[ 11417  102.925 x1.00] LOG  [Momentum] 9 -> 10 (hit), speed x1.50, damage x1.50, impact x1.50
[ 11417  102.925 x1.00] LOG  [CameraGameFeel] Shake: intensity=0.14 duration=0.080s
[ 11417  102.925 x1.00] LOG  [Combat] Hit OniBoss for 29
[ 11417  102.925 x1.00] LOG  [CameraGameFeel] Shake: intensity=0.75 duration=0.200s
[ 11417  102.925 x1.00] LOG  [CameraGameFeel] FOV punch: hit light (+1.5°)
[ 11420  102.946 x1.00] LOG  [OniReactTrace] #16 +0.70s state 'HitReact_Heavy' at 56 % of its Infinitys, clip on his bones 'Take 001' weight 1.00, layer weight 1.00, animator speed 0.00, world x1.00, engine Stagger
[ 11433  103.050 x1.00] LOG  [ComboTrace] CLICK IGNORED (step=2 queued=2)
[ 11452  103.197 x1.00] LOG  [OniReactTrace] #16 +0.96s state 'HitReact_Heavy' at 74 % of its 1.11s, clip on his bones 'Take 001' weight 1.00, layer weight 1.00, animator speed 1.35, world x1.00, engine Stagger
[ 11452  103.197 x1.00] LOG  [OniReactTrace] #16 HEAVY verdict: played to 74 % of the clip, so the reaction IS on screen and what is missing is movement inside the clip itself
[ 11456  103.226 x1.00] LOG  🐾🐾 VFX_TowPaw triggered!
[ 11459  103.249 x1.00] LOG  [Combat] Combo 3: 35 dmg
[ 11459  103.249 x1.00] LOG  [ComboTrace] START step=3 state='Combo3' queued=1 target='OniBoss' at 2.9m
[ 11459  103.249 x1.00] LOG  [ComboTrace] LAUNCH OniBoss at 1.7m dist=1.65m in 0.17s
[ 11459  103.249 x1.00] LOG  [YoruVFX] Ground hazard: 'VFX_Void_Area_GroundSpinYORU' laid at GroundVFX ((427.89, 0.91, 447.86)), floor tilt 15.5 deg, 17 delays shifted by 2.00s, own lifetime 8.98s
[ 11459  103.249 x1.00] LOG  [Combat] Hazard zone tick: OniBoss for 25
[ 11459  103.249 x1.00] LOG  [Combat] Hazard zone laid: 8.98s, 25 dmg every 0.50s in 2.00m
[ 11460  103.259 x1.00] LOG  [ComboTrace] CLICK DROPPED by attackCooldown (0.10s, 0.01s since last attack) step=3
[ 11464  103.311 x1.00] LOG  OniBoss punish window! 52 → 78 (x1.5)
[ 11464  103.311 x1.00] LOG  OniBoss took 78 damage. HP: 1113/2500
[ 11464  103.311 x1.00] LOG  [Momentum] 10 -> 11 (hit), speed x1.50, damage x1.50, impact x1.55
[ 11464  103.311 x1.00] LOG  [CameraGameFeel] Shake: intensity=0.06 duration=0.080s
[ 11464  103.311 x1.00] LOG  [CameraGameFeel] Shake: intensity=0.78 duration=0.200s
[ 11464  103.311 x1.00] LOG  [CameraGameFeel] FOV punch: hit light (+1.5°)
[ 11475  103.428 x1.00] LOG  [ComboTrace] LAUNCH RESULT wanted=1.65m actually moved=1.35m, completed
[ 11483  103.481 x1.00] LOG  [ComboTrace] CLICK IGNORED (step=3 queued=1)
[ 11515  103.716 x1.00] LOG  [ComboTrace] CLICK IGNORED (step=3 queued=1)
[ 11544  103.958 x1.00] LOG  [ComboTrace] CLICK IGNORED (step=3 queued=1)
[ 11554  104.043 x1.00] LOG  [OniBoss] Stagger → Chase
[ 11555  104.049 x1.00] LOG  [OniBoss] Playing animation: Idle
[ 11555  104.049 x1.00] LOG  [OniBoss] Chase → Attack
[ 11555  104.049 x1.00] LOG  [OniBoss] Attack: Club_Swing (16 dmg)
[ 11555  104.049 x1.00] LOG  [OniBoss:Trail] Club_Swing trail START at clip 1.00 (transition done).
[ 11561  104.092 x1.00] LOG  [ComboTrace] END step=3 clipProgress=0.95 clipLen=0.79s queued=0 elapsed=0.84s
[ 11576  104.216 x1.00] LOG  [Combat] Combo 1: 10 dmg
[ 11576  104.216 x1.00] LOG  [ComboTrace] START step=1 state='Combo1' queued=0 target='OniBoss' at 2.4m
[ 11576  104.216 x1.00] LOG  [ComboTrace] LAUNCH OniBoss at 1.2m dist=1.20m in 0.13s
[ 11592  104.349 x1.00] LOG  [ComboTrace] LAUNCH RESULT wanted=1.20m actually moved=0.45m, completed
[ 11600  104.413 x1.00] LOG  [OniBoss:ClubPos] Club_Swing at strike: club tip 3.02m up, 2.30m in front, -3.05m to his right (3.82m out from his centre). Club faces -86deg from his forward, pitch 0.41. (the ground wave is born 1.6m in front of him at 0.35m.)
[ 11600  104.413 x1.00] LOG  [OniBoss:Layer] Club_Swing: club has not connected — ground wave released ARMED, 1.6m in front, 12m/s x 6.0m = 0.50s, carrying 8 (half of the club's 16).
[ 11601  104.429 x1.00] LOG  [Peach] light hit 8 dmg: 1 bite (Cannot Die held her at 1 bite). 1/16 bites = 0.25 of 4 peaches
[ 11601  104.429 x1.00] LOG  [Momentum] 11 -> 5 (light hit taken, 50% = -6), speed x1.25, damage x1.25, impact x1.25
[ 11601  104.429 x1.00] LOG  [Combat] Combo memory: light hit, keeping step 1
[ 11601  104.429 x1.00] LOG  [Combat] Hit react: HitReact_Light_2Leg (0.5s, clip starts at 0.35s)
[ 11601  104.429 x1.00] LOG  [CameraGameFeel] Shake: intensity=0.30 duration=0.200s
[ 11601  104.429 x1.00] LOG  [CameraGameFeel] FOV punch: player damage (-2.0°)
[ 11601  104.429 x1.00] LOG  [OniBoss:Wave] wave TOUCHED Yoru (grounded) for 8 after 0.2m / 0.02s of travel.
[ 11603  104.443 x1.00] LOG  [HitReactTrace] asked for 'HitReact_Light_2Leg' (0.50s, clip start 0.35s): playing it, blend resolved after 14 ms, state 1.21s long at speed 1.00, now at 0.36s, layer weight 1.00, animator.speed 1.00.
[ 11661  104.898 x1.00] LOG  [OniBoss] Attack → Recovery
[ 11661  104.898 x1.00] LOG  [OniBoss] Playing animation: Watch
[ 11661  104.898 x1.00] LOG  [OniBoss:Trail] trail END at clip 1.00, fading over 0.40s.
[ 11661  104.898 x1.00] LOG  [OniBoss:Strike] Club_Swing: club tip closest to Yoru at 0.49m, clip position 0.91 | damage fires at 0.42 | clip 0.84s => damage fires 408 ms BEFORE the club is closest
[ 11672  104.978 x1.00] LOG  [StormWeather] ⚡ strike at (476.53, 45.00, 441.20)
[ 11676  105.008 x1.00] LOG  🚶 2-LEG JUMP
[ 11676  105.008 x1.00] LOG  🐾 Jump 1 VFX spawned!
[ 11681  105.055 x1.00] LOG  [OniBoss] Recovery → Chase
[ 11682  105.061 x1.00] LOG  [OniBoss] hold-ground: BACKSTEP 1.5m (player 2.0m)
[ 11688  105.114 x1.00] LOG  [ComboTrace] LAUNCH OniBoss at 0.7m dist=0.70m in 0.13s [AIRBORNE]
[ 11688  105.114 x1.00] LOG  [Combat] Aerial spin, 25 dmg
[ 11688  105.114 x1.00] LOG  [YoruVFX] Air spin: 'VFX_Void_Burst_AirSpinYoru' at CenterVFX, 46 systems, longest 1.00s fitted to 0.79s at speed 1.27, 8 forced Local, 38 delays zeroed, tail 2.37s
[ 11688  105.114 x1.00] LOG  OniBoss took 12 damage. HP: 1101/2500
[ 11688  105.114 x1.00] LOG  [OniBoss] Chase → HitReact
[ 11688  105.114 x1.00] LOG  [OniBoss:Layer] react tier: LIGHT (12 dmg) → 'Hit_react_light'
[ 11688  105.114 x1.00] LOG  [OniReactTrace] #17 LIGHT (12 dmg) asked for 'Hit_react_light': crossfade 0.08s, animator speed 1.35, world x1.00
[ 11688  105.114 x1.00] LOG  [Momentum] 5 -> 6 (hit), speed x1.30, damage x1.30, impact x1.30
[ 11688  105.114 x1.00] LOG  [CameraGameFeel] Shake: intensity=0.06 duration=0.080s
[ 11688  105.114 x1.00] LOG  [CameraGameFeel] Shake: intensity=0.65 duration=0.200s
[ 11688  105.114 x1.00] LOG  [CameraGameFeel] FOV punch: hit light (+1.5°)
[ 11688  105.114 x1.00] LOG  [AirPosePin] engaged, holding body at 0.658m above the transform
[ 11689  105.126 x1.00] LOG  [OniReactTrace] #17 +0.01s state SOMETHING ELSE, clip on his bones '?' weight 0.00, blending INTO 'Hit_react_light', layer weight 1.00, animator speed 0.00, world x1.00, engine HitReact
[ 11697  105.218 x1.00] LOG  [OniReactTrace] #17 +0.10s state SOMETHING ELSE, clip on his bones '?' weight 0.00, blending INTO 'Hit_react_light', layer weight 1.00, animator speed 1.35, world x1.00, engine HitReact
[ 11701  105.254 x1.00] LOG  [ComboTrace] LAUNCH RESULT wanted=0.70m actually moved=0.08m, completed
[ 11703  105.272 x1.00] LOG  OniBoss took 13 damage. HP: 1088/2500
[ 11703  105.272 x1.00] LOG  [OniBoss:Layer] burst: 2 hits / 25 dmg → flinch upgraded to 'HitReact_medium'
[ 11703  105.272 x1.00] LOG  [OniReactTrace] #18 BURST UPGRADE (25 dmg) asked for 'HitReact_medium': crossfade 0.08s, animator speed 1.35, world x1.00
[ 11703  105.272 x1.00] LOG  [CameraGameFeel] Shake: intensity=0.23 duration=0.200s
[ 11704  105.280 x1.00] LOG  [OniReactTrace] #18 +0.01s state SOMETHING ELSE, clip on his bones 'Take 001' weight 0.81, blending INTO 'HitReact_medium', layer weight 1.00, animator speed 1.35, world x1.00, engine HitReact
[ 11714  105.372 x1.00] LOG  [OniReactTrace] #18 +0.10s state 'HitReact_medium' at 8 % of its 1.08s, clip on his bones 'Take 001' weight 1.00, layer weight 1.00, animator speed 1.35, world x1.00, engine HitReact
[ 11721  105.436 x1.00] LOG  OniBoss took 13 damage. HP: 1075/2500
[ 11721  105.436 x1.00] LOG  [OniBoss] HitReact → Stagger
[ 11721  105.436 x1.00] LOG  [OniBoss] Playing animation: Stagger
[ 11721  105.436 x1.00] LOG  [OniBoss] STAGGERED for 2.5s
[ 11721  105.436 x1.00] LOG  [OniBoss:Layer] heavy knock-back react (swirl burst, 3 hits / 38 dmg) → 'HitReact_Heavy', down for 1.80s
[ 11721  105.436 x1.00] LOG  [OniReactTrace] #19 HEAVY (0 dmg) asked for 'HitReact_Heavy': crossfade 0.08s, animator speed 1.35, world x1.00
[ 11721  105.436 x1.00] LOG  [OniBoss:Layer] burst: 3 hits / 38 dmg inside 0.8s → knock-back + 0.90m push
[ 11721  105.436 x1.00] LOG  [Momentum] 6 -> 7 (hit), speed x1.35, damage x1.35, impact x1.35
[ 11721  105.436 x1.00] LOG  [CameraGameFeel] Shake: intensity=0.06 duration=0.080s
[ 11721  105.436 x1.00] LOG  [CameraGameFeel] Shake: intensity=0.24 duration=0.200s
[ 11722  105.444 x1.00] LOG  [OniReactTrace] #19 +0.01s state SOMETHING ELSE, clip on his bones 'Take 001' weight 0.64, blending INTO 'HitReact_Heavy', layer weight 1.00, animator speed 1.35, world x1.00, engine Stagger
[ 11733  105.539 x1.00] LOG  [OniReactTrace] #19 +0.10s state 'HitReact_Heavy' at 9 % of its 1.11s, clip on his bones 'Take 001' weight 1.00, layer weight 1.00, animator speed 1.35, world x1.00, engine Stagger
[ 11738  105.588 x1.00] LOG  OniBoss punish window! 14 → 21 (x1.5)
[ 11738  105.588 x1.00] LOG  OniBoss took 21 damage. HP: 1054/2500
[ 11738  105.588 x1.00] LOG  [CameraGameFeel] Shake: intensity=0.24 duration=0.200s
[ 11748  105.694 x1.00] LOG  [OniReactTrace] #19 +0.26s state 'HitReact_Heavy' at 22 % of its 1.11s, clip on his bones 'Take 001' weight 1.00, layer weight 1.00, animator speed 1.35, world x1.00, engine Stagger
[ 11754  105.751 x1.00] LOG  OniBoss punish window! 14 → 21 (x1.5)
[ 11754  105.751 x1.00] LOG  OniBoss took 21 damage. HP: 1033/2500
[ 11754  105.751 x1.00] LOG  [Momentum] 7 -> 8 (hit), speed x1.40, damage x1.40, impact x1.40
[ 11754  105.751 x1.00] LOG  [CameraGameFeel] Shake: intensity=0.06 duration=0.080s
[ 11754  105.751 x1.00] LOG  [CameraGameFeel] Shake: intensity=0.25 duration=0.200s
[ 11764  105.845 x1.00] LOG  [YoruVFX] Spin VFX stopped, fading for 2.37s
[ 11767  105.874 x1.00] LOG  [ComboTrace] END step=3 clipProgress=0.90 clipLen=0.79s queued=0 elapsed=0.76s
[ 11768  105.880 x1.00] LOG  [AirPosePin] released, peak correction was -0.007m
[ 11769  105.891 x1.00] LOG  [OniReactTrace] #19 +0.46s state 'HitReact_Heavy' at 40 % of its 1.11s, clip on his bones 'Take 001' weight 1.00, layer weight 1.00, animator speed 1.35, world x1.00, engine Stagger
[ 11774  105.938 x1.00] LOG  💨 Landing VFX spawned!
[ 11774  105.938 x1.00] LOG  ✅ LANDED! (was jump #1)
[ 11775  105.951 x1.00] LOG  🚶 2-LEG JUMP
[ 11775  105.951 x1.00] LOG  🐾 Jump 1 VFX spawned!
[ 11790  106.073 x1.00] LOG  [ComboTrace] LAUNCH OniBoss at 2.1m dist=2.13m in 0.21s [AIRBORNE]
[ 11790  106.073 x1.00] LOG  [Combat] Aerial spin, 25 dmg
[ 11790  106.073 x1.00] LOG  [YoruVFX] Air spin: 'VFX_Void_Burst_AirSpinYoru' at CenterVFX, 46 systems, longest 1.00s fitted to 0.79s at speed 1.27, 8 forced Local, 38 delays zeroed, tail 2.37s
[ 11790  106.073 x1.00] LOG  [AirPosePin] engaged, holding body at 0.725m above the transform
[ 11796  106.143 x1.00] LOG  [OniReactTrace] #19 +0.71s state 'HitReact_Heavy' at 63 % of its 1.11s, clip on his bones 'Take 001' weight 1.00, layer weight 1.00, animator speed 1.35, world x1.00, engine Stagger
[ 11804  106.228 x1.00] LOG  OniBoss punish window! 14 → 21 (x1.5)
[ 11804  106.228 x1.00] LOG  OniBoss took 21 damage. HP: 1012/2500
[ 11804  106.228 x1.00] LOG  [Momentum] 8 -> 9 (hit), speed x1.45, damage x1.45, impact x1.45
[ 11804  106.228 x1.00] LOG  [CameraGameFeel] Shake: intensity=0.06 duration=0.080s
[ 11804  106.228 x1.00] LOG  [CameraGameFeel] Shake: intensity=0.73 duration=0.200s
[ 11804  106.228 x1.00] LOG  [CameraGameFeel] FOV punch: hit light (+1.5°)
[ 11811  106.301 x1.00] LOG  [ComboTrace] LAUNCH RESULT wanted=2.13m actually moved=1.70m, completed
[ 11820  106.380 x1.00] LOG  OniBoss punish window! 14 → 21 (x1.5)
[ 11820  106.380 x1.00] LOG  OniBoss took 21 damage. HP: 991/2500
[ 11820  106.380 x1.00] LOG  [CameraGameFeel] Shake: intensity=0.25 duration=0.200s
[ 11821  106.396 x1.00] LOG  [OniReactTrace] #19 +0.96s state 'HitReact_Heavy' at 79 % of its 1.11s, clip on his bones 'Take 001' weight 1.00, layer weight 1.00, animator speed 1.35, world x1.00, engine Stagger
[ 11821  106.396 x1.00] LOG  [OniReactTrace] #19 HEAVY verdict: played to 79 % of the clip, so the reaction IS on screen and what is missing is movement inside the clip itself
[ 11835  106.533 x1.00] LOG  OniBoss punish window! 14 → 21 (x1.5)
[ 11835  106.533 x1.00] LOG  OniBoss took 21 damage. HP: 970/2500
[ 11835  106.533 x1.00] LOG  [Momentum] 9 -> 10 (hit), speed x1.50, damage x1.50, impact x1.50
[ 11835  106.533 x1.00] LOG  [CameraGameFeel] Shake: intensity=0.14 duration=0.080s
[ 11835  106.533 x1.00] LOG  [CameraGameFeel] Shake: intensity=0.26 duration=0.200s
[ 11864  106.819 x1.00] LOG  [YoruVFX] Spin VFX stopped, fading for 2.37s
[ 11867  106.848 x1.00] LOG  [ComboTrace] END step=3 clipProgress=0.90 clipLen=0.79s queued=0 elapsed=0.77s
[ 11868  106.853 x1.00] LOG  [AirPosePin] released, peak correction was 0.011m
[ 11872  106.889 x1.00] LOG  💨 Landing VFX spawned!
[ 11872  106.889 x1.00] LOG  ✅ LANDED! (was jump #1)
[ 11888  106.991 x1.00] LOG  [Combat] Combo 1: 10 dmg
[ 11888  106.991 x1.00] LOG  [ComboTrace] START step=1 state='Combo1' queued=0 target='OniBoss' at 3.4m
[ 11888  106.991 x1.00] LOG  [ComboTrace] LAUNCH OniBoss at 2.0m dist=2.05m in 0.20s
[ 11912  107.204 x1.00] LOG  [Combat] Queued click #1 (combo 1)
[ 11912  107.204 x1.00] LOG  [ComboTrace] QUEUED #1 during step 1
[ 11912  107.204 x1.00] LOG  [ComboTrace] LAUNCH RESULT wanted=2.05m actually moved=1.37m, completed
[ 11915  107.236 x1.00] LOG  [OniBoss] Stagger → Chase
[ 11916  107.243 x1.00] LOG  [OniBoss] Playing animation: Watch
[ 11916  107.243 x1.00] LOG  [OniBoss] Chase → Attack
[ 11916  107.243 x1.00] LOG  [OniBoss] Attack: Club_Swing (16 dmg)
[ 11916  107.243 x1.00] LOG  [OniBoss:Trail] Club_Swing trail START at clip 1.00 (transition done).
[ 11925  107.307 x1.00] LOG  OniBoss took 15 damage. HP: 955/2500
[ 11925  107.307 x1.00] LOG  [OniBoss] 🤕 Hit during Attack — flash only
[ 11925  107.307 x1.00] LOG  [Momentum] 10 -> 11 (hit), speed x1.50, damage x1.50, impact x1.55
[ 11925  107.307 x1.00] LOG  [CameraGameFeel] Shake: intensity=0.06 duration=0.080s
[ 11925  107.307 x1.00] LOG  [Combat] Hit OniBoss for 15
[ 11925  107.307 x1.00] LOG  [CameraGameFeel] Shake: intensity=0.78 duration=0.200s
[ 11925  107.307 x1.00] LOG  [CameraGameFeel] FOV punch: hit light (+1.5°)
[ 11940  107.434 x1.00] LOG  [Combat] Queued click #2 (combo 1)
[ 11940  107.434 x1.00] LOG  [ComboTrace] QUEUED #2 during step 1
[ 11941  107.441 x1.00] LOG  🐾 VFX_AttackPaw triggered!
[ 11950  107.519 x1.00] LOG  [Combat] Combo 2: 20 dmg
[ 11950  107.519 x1.00] LOG  [ComboTrace] START step=2 state='Combo2' queued=1 target='OniBoss' at 2.3m
[ 11950  107.519 x1.00] LOG  [ComboTrace] LAUNCH OniBoss at 1.1m dist=1.12m in 0.13s
[ 11967  107.651 x1.00] LOG  [ComboTrace] LAUNCH RESULT wanted=1.12m actually moved=0.35m, completed
[ 11968  107.660 x1.00] LOG  [OniBoss:ClubPos] Club_Swing at strike: club tip 3.02m up, 2.78m in front, -2.79m to his right (3.94m out from his centre). Club faces -76deg from his forward, pitch 0.40. (the ground wave is born 1.6m in front of him at 0.35m.)
[ 11968  107.660 x1.00] LOG  [OniBoss:Layer] Club_Swing: club has not connected — ground wave released ARMED, 1.6m in front, 12m/s x 6.0m = 0.50s, carrying 8 (half of the club's 16).
[ 11968  107.660 x1.00] LOG  [Combat] Queued click #2 (combo 2)
[ 11968  107.660 x1.00] LOG  [ComboTrace] QUEUED #2 during step 2
[ 11969  107.666 x1.00] LOG  [Peach] light hit 8 dmg: 1 bite (Cannot Die held her at 1 bite). 1/16 bites = 0.25 of 4 peaches
[ 11969  107.666 x1.00] LOG  [Momentum] 11 -> 5 (light hit taken, 50% = -6), speed x1.25, damage x1.25, impact x1.25
[ 11969  107.666 x1.00] LOG  [Combat] Combo memory: light hit, keeping step 2
[ 11969  107.666 x1.00] LOG  [Combat] Hit react: HitReact_Light_2Leg (0.5s, clip starts at 0.35s)
[ 11969  107.666 x1.00] LOG  [CameraGameFeel] Shake: intensity=0.30 duration=0.200s
[ 11969  107.666 x1.00] LOG  [CameraGameFeel] FOV punch: player damage (-2.0°)
[ 11969  107.666 x1.00] LOG  [OniBoss:Wave] wave TOUCHED Yoru (grounded) for 8 after 0.1m / 0.01s of travel.
[ 11972  107.693 x1.00] LOG  [HitReactTrace] asked for 'HitReact_Light_2Leg' (0.50s, clip start 0.35s): playing it, blend resolved after 27 ms, state 1.21s long at speed 1.00, now at 0.37s, layer weight 1.00, animator.speed 1.00.
[ 12030  108.141 x1.00] LOG  [OniBoss] Attack → Recovery
[ 12030  108.141 x1.00] LOG  [OniBoss] Playing animation: Watch
[ 12030  108.141 x1.00] LOG  [OniBoss:Trail] trail END at clip 1.00, fading over 0.40s.
[ 12030  108.141 x1.00] LOG  [OniBoss:Strike] Club_Swing: club tip closest to Yoru at 0.49m, clip position 0.91 | damage fires at 0.42 | clip 0.84s => damage fires 413 ms BEFORE the club is closest
[ 12040  108.226 x1.00] LOG  [StormWeather] ⚡ strike at (473.35, 45.00, 447.67)
[ 12043  108.251 x1.00] LOG  🚶 2-LEG JUMP
[ 12043  108.251 x1.00] LOG  🐾 Jump 1 VFX spawned!
[ 12048  108.295 x1.00] LOG  [OniBoss] Recovery → Chase
[ 12049  108.301 x1.00] LOG  [OniBoss] hold-ground: BACKSTEP 1.5m (player 2.0m)
[ 12050  108.312 x1.00] LOG  [ComboTrace] LAUNCH OniBoss at 0.7m dist=0.73m in 0.13s [AIRBORNE]
[ 12050  108.312 x1.00] LOG  [Combat] Aerial spin, 25 dmg
[ 12050  108.312 x1.00] LOG  [YoruVFX] Air spin: 'VFX_Void_Burst_AirSpinYoru' at CenterVFX, 46 systems, longest 1.00s fitted to 0.79s at speed 1.27, 8 forced Local, 38 delays zeroed, tail 2.37s
[ 12050  108.312 x1.00] LOG  OniBoss took 12 damage. HP: 943/2500
[ 12050  108.312 x1.00] LOG  [OniBoss] Chase → HitReact
[ 12050  108.312 x1.00] LOG  [OniBoss:Layer] react tier: LIGHT (12 dmg) → 'Hit_react_light'
[ 12050  108.312 x1.00] LOG  [OniReactTrace] #20 LIGHT (12 dmg) asked for 'Hit_react_light': crossfade 0.08s, animator speed 1.35, world x1.00
[ 12050  108.312 x1.00] LOG  [Momentum] 5 -> 6 (hit), speed x1.30, damage x1.30, impact x1.30
[ 12050  108.312 x1.00] LOG  [CameraGameFeel] Shake: intensity=0.06 duration=0.080s
[ 12050  108.312 x1.00] LOG  [CameraGameFeel] Shake: intensity=0.65 duration=0.200s
[ 12050  108.312 x1.00] LOG  [CameraGameFeel] FOV punch: hit light (+1.5°)
[ 12050  108.312 x1.00] LOG  [AirPosePin] engaged, holding body at 0.539m above the transform
[ 12051  108.324 x1.00] LOG  [OniReactTrace] #20 +0.01s state SOMETHING ELSE, clip on his bones '?' weight 0.00, blending INTO 'Hit_react_light', layer weight 1.00, animator speed 0.00, world x1.00, engine HitReact
[ 12060  108.412 x1.00] LOG  [OniReactTrace] #20 +0.10s state SOMETHING ELSE, clip on his bones '?' weight 0.00, blending INTO 'Hit_react_light', layer weight 1.00, animator speed 1.35, world x1.00, engine HitReact
[ 12063  108.438 x1.00] LOG  [ComboTrace] LAUNCH RESULT wanted=0.73m actually moved=0.03m, completed
[ 12066  108.466 x1.00] LOG  OniBoss took 13 damage. HP: 930/2500
[ 12066  108.466 x1.00] LOG  [OniBoss:Layer] burst: 2 hits / 25 dmg → flinch upgraded to 'HitReact_medium'
[ 12066  108.466 x1.00] LOG  [OniReactTrace] #21 BURST UPGRADE (25 dmg) asked for 'HitReact_medium': crossfade 0.08s, animator speed 1.35, world x1.00
[ 12066  108.466 x1.00] LOG  [CameraGameFeel] Shake: intensity=0.23 duration=0.200s
[ 12067  108.473 x1.00] LOG  [OniReactTrace] #21 +0.01s state SOMETHING ELSE, clip on his bones 'Take 001' weight 0.82, blending INTO 'HitReact_medium', layer weight 1.00, animator speed 1.35, world x1.00, engine HitReact
[ 12078  108.569 x1.00] LOG  [OniReactTrace] #21 +0.10s state 'HitReact_medium' at 8 % of its 1.08s, clip on his bones 'Take 001' weight 1.00, layer weight 1.00, animator speed 1.35, world x1.00, engine HitReact
[ 12083  108.617 x1.00] LOG  OniBoss took 13 damage. HP: 917/2500
[ 12083  108.617 x1.00] LOG  [OniBoss] HitReact → Stagger
[ 12083  108.617 x1.00] LOG  [OniBoss] Playing animation: Stagger
[ 12083  108.617 x1.00] LOG  [OniBoss] STAGGERED for 2.5s
[ 12083  108.617 x1.00] LOG  [OniBoss:Layer] heavy knock-back react (swirl burst, 3 hits / 38 dmg) → 'HitReact_Heavy', down for 1.80s
[ 12083  108.617 x1.00] LOG  [OniReactTrace] #22 HEAVY (0 dmg) asked for 'HitReact_Heavy': crossfade 0.08s, animator speed 1.35, world x1.00
[ 12083  108.617 x1.00] LOG  [OniBoss:Layer] burst: 3 hits / 38 dmg inside 0.8s → knock-back + 0.90m push
[ 12083  108.617 x1.00] LOG  [Momentum] 6 -> 7 (hit), speed x1.35, damage x1.35, impact x1.35
[ 12083  108.617 x1.00] LOG  [CameraGameFeel] Shake: intensity=0.06 duration=0.080s
[ 12083  108.617 x1.00] LOG  [CameraGameFeel] Shake: intensity=0.24 duration=0.200s
[ 12084  108.633 x1.00] LOG  [OniReactTrace] #22 +0.02s state SOMETHING ELSE, clip on his bones 'Take 001' weight 0.86, blending INTO 'HitReact_Heavy', layer weight 1.00, animator speed 1.35, world x1.00, engine Stagger
[ 12095  108.730 x1.00] LOG  [OniReactTrace] #22 +0.11s state 'HitReact_Heavy' at 9 % of its 1.11s, clip on his bones 'Take 001' weight 1.00, layer weight 1.00, animator speed 1.35, world x1.00, engine Stagger
[ 12099  108.769 x1.00] LOG  OniBoss punish window! 14 → 21 (x1.5)
[ 12099  108.769 x1.00] LOG  OniBoss took 21 damage. HP: 896/2500
[ 12099  108.769 x1.00] LOG  [CameraGameFeel] Shake: intensity=0.24 duration=0.200s
[ 12110  108.873 x1.00] LOG  [OniReactTrace] #22 +0.26s state 'HitReact_Heavy' at 22 % of its 1.11s, clip on his bones 'Take 001' weight 1.00, layer weight 1.00, animator speed 1.35, world x1.00, engine Stagger
[ 12115  108.920 x1.00] LOG  OniBoss punish window! 14 → 21 (x1.5)
[ 12115  108.920 x1.00] LOG  OniBoss took 21 damage. HP: 875/2500
[ 12115  108.920 x1.00] LOG  [Momentum] 7 -> 8 (hit), speed x1.40, damage x1.40, impact x1.40
[ 12115  108.920 x1.00] LOG  [CameraGameFeel] Shake: intensity=0.06 duration=0.080s
[ 12115  108.920 x1.00] LOG  [CameraGameFeel] Shake: intensity=0.25 duration=0.200s
[ 12129  109.051 x1.00] LOG  [YoruVFX] Spin VFX stopped, fading for 2.37s
[ 12131  109.072 x1.00] LOG  [OniReactTrace] #22 +0.46s state 'HitReact_Heavy' at 40 % of its 1.11s, clip on his bones 'Take 001' weight 1.00, layer weight 1.00, animator speed 1.35, world x1.00, engine Stagger
[ 12131  109.072 x1.00] LOG  [ComboTrace] END step=3 clipProgress=0.90 clipLen=0.79s queued=0 elapsed=0.76s
[ 12132  109.084 x1.00] LOG  [AirPosePin] released, peak correction was -0.080m
[ 12142  109.171 x1.00] LOG  💨 Landing VFX spawned!
[ 12142  109.171 x1.00] LOG  ✅ LANDED! (was jump #1)
[ 12147  109.209 x1.00] LOG  [Combat] Combo 1: 10 dmg
[ 12147  109.209 x1.00] LOG  [ComboTrace] START step=1 state='Combo1' queued=0 target='OniBoss' at 3.5m
[ 12147  109.209 x1.00] LOG  [ComboTrace] LAUNCH OniBoss at 2.2m dist=2.21m in 0.22s
[ 12156  109.305 x1.00] LOG  [AirPosePin] engaged, holding body at 0.652m above the transform
[ 12157  109.315 x1.00] LOG  [AirPosePin] released, peak correction was 0.000m
[ 12158  109.325 x1.00] LOG  [OniReactTrace] #22 +0.71s state 'HitReact_Heavy' at 63 % of its 1.11s, clip on his bones 'Take 001' weight 1.00, layer weight 1.00, animator speed 1.35, world x1.00, engine Stagger
[ 12174  109.433 x1.00] LOG  [Combat] Queued click #1 (combo 1)
[ 12174  109.433 x1.00] LOG  [ComboTrace] QUEUED #1 during step 1
[ 12174  109.433 x1.00] LOG  [ComboTrace] LAUNCH RESULT wanted=2.21m actually moved=1.56m, completed
[ 12191  109.552 x1.00] LOG  OniBoss punish window! 14 → 21 (x1.5)
[ 12191  109.552 x1.00] LOG  OniBoss took 21 damage. HP: 854/2500
[ 12191  109.552 x1.00] LOG  [Momentum] 8 -> 9 (hit), speed x1.45, damage x1.45, impact x1.45
[ 12191  109.552 x1.00] LOG  [CameraGameFeel] Shake: intensity=0.06 duration=0.080s
[ 12191  109.552 x1.00] LOG  [Combat] Hit OniBoss for 14
[ 12191  109.552 x1.00] LOG  [CameraGameFeel] Shake: intensity=0.73 duration=0.200s
[ 12191  109.552 x1.00] LOG  [CameraGameFeel] FOV punch: hit light (+1.5°)
[ 12193  109.567 x1.00] LOG  [OniReactTrace] #22 +0.95s state 'HitReact_Heavy' at 84 % of its Infinitys, clip on his bones 'Take 001' weight 1.00, layer weight 1.00, animator speed 0.00, world x1.00, engine Stagger
[ 12193  109.567 x1.00] LOG  [OniReactTrace] #22 HEAVY verdict: played to 84 % of the clip, so the reaction IS on screen and what is missing is movement inside the clip itself
[ 12206  109.676 x1.00] LOG  [Combat] Queued click #2 (combo 1)
[ 12206  109.676 x1.00] LOG  [ComboTrace] QUEUED #2 during step 1
[ 12207  109.684 x1.00] LOG  🐾 VFX_AttackPaw triggered!
[ 12218  109.765 x1.00] LOG  [Combat] Combo 2: 20 dmg
[ 12218  109.765 x1.00] LOG  [ComboTrace] START step=2 state='Combo2' queued=1 target='OniBoss' at 2.9m
[ 12218  109.765 x1.00] LOG  [ComboTrace] LAUNCH OniBoss at 1.6m dist=1.60m in 0.16s
[ 12218  109.765 x1.00] LOG  [AirPosePin] engaged, holding body at 0.652m above the transform
[ 12223  109.824 x1.00] LOG  [AirPosePin] released, peak correction was 0.000m
[ 12233  109.905 x1.00] LOG  [Combat] Queued click #2 (combo 2)
[ 12233  109.905 x1.00] LOG  [ComboTrace] QUEUED #2 during step 2
[ 12236  109.932 x1.00] LOG  [ComboTrace] LAUNCH RESULT wanted=1.60m actually moved=0.90m, completed
[ 12263  110.134 x1.00] LOG  [ComboTrace] CLICK IGNORED (step=2 queued=2)
[ 12274  110.207 x1.00] LOG  🐾🐾 VFX_TowPaw triggered!
[ 12276  110.227 x1.00] LOG  OniBoss punish window! 29 → 44 (x1.5)
[ 12276  110.227 x1.00] LOG  OniBoss took 44 damage. HP: 810/2500
[ 12276  110.227 x1.00] LOG  [Momentum] 9 -> 10 (hit), speed x1.50, damage x1.50, impact x1.50
[ 12276  110.227 x1.00] LOG  [CameraGameFeel] Shake: intensity=0.14 duration=0.080s
[ 12276  110.227 x1.00] LOG  [Combat] Hit OniBoss for 29
[ 12276  110.227 x1.00] LOG  [CameraGameFeel] Shake: intensity=0.75 duration=0.200s
[ 12276  110.227 x1.00] LOG  [CameraGameFeel] FOV punch: hit light (+1.5°)
[ 12296  110.384 x1.00] LOG  [ComboTrace] CLICK IGNORED (step=2 queued=2)
[ 12301  110.421 x1.00] LOG  [OniBoss] Stagger → Chase
[ 12302  110.427 x1.00] LOG  [OniBoss] Playing animation: Watch
[ 12302  110.427 x1.00] LOG  [OniBoss] Chase → Attack
[ 12302  110.427 x1.00] LOG  [OniBoss] Attack: Club_Swing (16 dmg)
[ 12302  110.427 x1.00] LOG  [OniBoss:Trail] Club_Swing trail START at clip 1.00 (transition done).
[ 12315  110.525 x1.00] LOG  🐾🐾 VFX_TowPaw triggered!
[ 12317  110.541 x1.00] LOG  [Combat] Combo 3: 35 dmg
[ 12317  110.541 x1.00] LOG  [ComboTrace] START step=3 state='Combo3' queued=1 target='OniBoss' at 2.9m
[ 12317  110.541 x1.00] LOG  [ComboTrace] LAUNCH OniBoss at 1.6m dist=1.62m in 0.16s
[ 12317  110.541 x1.00] LOG  [YoruVFX] Ground hazard: 'VFX_Void_Area_GroundSpinYORU' laid at GroundVFX ((436.35, 0.64, 449.42)), floor tilt 11.7 deg, 17 delays shifted by 2.00s, own lifetime 8.98s
[ 12317  110.541 x1.00] LOG  [Combat] Hazard zone tick: OniBoss for 25
[ 12317  110.541 x1.00] LOG  [Combat] Hazard zone laid: 8.98s, 25 dmg every 0.50s in 2.00m
[ 12323  110.608 x1.00] LOG  OniBoss took 52 damage. HP: 733/2500
[ 12323  110.608 x1.00] LOG  [OniBoss] Attack → Stagger
[ 12323  110.608 x1.00] LOG  [OniBoss] Playing animation: Stagger
[ 12323  110.608 x1.00] LOG  [OniBoss] STAGGERED for 2.5s
[ 12323  110.608 x1.00] LOG  [OniBoss:Layer] heavy knock-back react (52 dmg) → 'HitReact_Heavy', down for 1.80s
[ 12323  110.608 x1.00] LOG  [OniReactTrace] #23 HEAVY (0 dmg) asked for 'HitReact_Heavy': crossfade 0.08s, animator speed 1.35, world x1.00
[ 12323  110.608 x1.00] LOG  [Momentum] 10 -> 11 (hit), speed x1.50, damage x1.50, impact x1.55
[ 12323  110.608 x1.00] LOG  [CameraGameFeel] Shake: intensity=0.06 duration=0.080s
[ 12323  110.608 x1.00] LOG  [CameraGameFeel] Shake: intensity=0.78 duration=0.200s
[ 12323  110.608 x1.00] LOG  [CameraGameFeel] FOV punch: hit light (+1.5°)
[ 12323  110.608 x1.00] LOG  [OniBoss:Touch] Club_Swing: no touch this swing, closest 1.98m at clip 0.20 (head 0.00 along the club), fastest tip 153m/s (radius 0.70, min speed 50, max tip height 2.5m).
[ 12323  110.608 x1.00] LOG  [OniBoss:Strike] Club_Swing: club tip closest to Yoru at 7.13m, clip position 0.13 | damage fires at 0.42 | clip 0.84s => damage fires 245 ms AFTER the club is closest — it lands once the club has passed her
[ 12324  110.620 x1.00] LOG  [OniBoss:Trail] trail END at clip 0.20, fading over 0.40s.
[ 12324  110.620 x1.00] LOG  [ComboTrace] CLICK DROPPED by attackCooldown (0.10s, 0.08s since last attack) step=3
[ 12324  110.620 x1.00] LOG  [OniReactTrace] #23 +0.01s state SOMETHING ELSE, clip on his bones 'Take 001' weight 1.00, blending INTO 'HitReact_Heavy', layer weight 1.00, animator speed 0.00, world x1.00, engine Stagger
[ 12332  110.716 x1.00] LOG  [ComboTrace] LAUNCH RESULT wanted=1.62m actually moved=1.38m, completed
[ 12332  110.716 x1.00] LOG  [OniReactTrace] #23 +0.11s state SOMETHING ELSE, clip on his bones 'Take 001' weight 0.17, blending INTO 'HitReact_Heavy', layer weight 1.00, animator speed 1.35, world x1.00, engine Stagger
[ 12347  110.826 x1.00] LOG  [ComboTrace] CLICK IGNORED (step=3 queued=1)
[ 12352  110.866 x1.00] LOG  [OniReactTrace] #23 +0.26s state 'HitReact_Heavy' at 17 % of its 1.11s, clip on his bones 'Take 001' weight 1.00, layer weight 1.00, animator speed 1.35, world x1.00, engine Stagger
[ 12377  111.048 x1.00] LOG  [ComboTrace] CLICK IGNORED (step=3 queued=1)
[ 12379  111.062 x1.00] LOG  [OniReactTrace] #23 +0.45s state 'HitReact_Heavy' at 35 % of its 1.11s, clip on his bones 'Take 001' weight 1.00, layer weight 1.00, animator speed 1.35, world x1.00, engine Stagger
[ 12395  111.194 x1.00] LOG  [StormWeather] ⚡ strike at (478.79, 45.00, 442.87)
[ 12410  111.315 x1.00] LOG  [ComboTrace] CLICK IGNORED (step=3 queued=1)
[ 12410  111.315 x1.00] LOG  [OniReactTrace] #23 +0.71s state 'HitReact_Heavy' at 57 % of its 1.11s, clip on his bones 'Take 001' weight 1.00, layer weight 1.00, animator speed 1.35, world x1.00, engine Stagger
[ 12418  111.382 x1.00] LOG  [ComboTrace] END step=3 clipProgress=0.95 clipLen=0.79s queued=0 elapsed=0.84s
[ 12432  111.490 x1.00] LOG  🚶 2-LEG JUMP
[ 12432  111.490 x1.00] LOG  🐾 Jump 1 VFX spawned!
[ 12437  111.539 x1.00] LOG  [ComboTrace] LAUNCH OniBoss at 1.1m dist=1.12m in 0.13s [AIRBORNE]
[ 12437  111.539 x1.00] LOG  [Combat] Aerial spin, 25 dmg
[ 12437  111.539 x1.00] LOG  [YoruVFX] Air spin: 'VFX_Void_Burst_AirSpinYoru' at CenterVFX, 46 systems, longest 1.00s fitted to 0.79s at speed 1.27, 8 forced Local, 38 delays zeroed, tail 2.37s
[ 12437  111.539 x1.00] LOG  OniBoss punish window! 15 → 22 (x1.5)
[ 12437  111.539 x1.00] LOG  OniBoss took 22 damage. HP: 711/2500
[ 12437  111.539 x1.00] LOG  [Momentum] 11 -> 12 (hit), speed x1.50, damage x1.50, impact x1.60
[ 12437  111.539 x1.00] LOG  [CameraGameFeel] Shake: intensity=0.06 duration=0.080s
[ 12437  111.539 x1.00] LOG  [CameraGameFeel] Shake: intensity=0.80 duration=0.200s
[ 12437  111.539 x1.00] LOG  [CameraGameFeel] FOV punch: hit light (+1.5°)
[ 12437  111.539 x1.00] LOG  [AirPosePin] engaged, holding body at 0.536m above the transform
[ 12439  111.561 x1.00] LOG  [OniReactTrace] #23 +0.95s state 'HitReact_Heavy' at 77 % of its Infinitys, clip on his bones 'Take 001' weight 1.00, layer weight 1.00, animator speed 0.00, world x1.00, engine Stagger
[ 12439  111.561 x1.00] LOG  [OniReactTrace] #23 HEAVY verdict: played to 77 % of the clip, so the reaction IS on screen and what is missing is movement inside the clip itself
[ 12449  111.681 x1.00] LOG  [ComboTrace] LAUNCH RESULT wanted=1.12m actually moved=1.18m, completed
[ 12451  111.699 x1.00] LOG  OniBoss punish window! 15 → 22 (x1.5)
[ 12451  111.699 x1.00] LOG  OniBoss took 22 damage. HP: 689/2500
[ 12451  111.699 x1.00] LOG  [CameraGameFeel] Shake: intensity=0.28 duration=0.200s
[ 12467  111.854 x1.00] LOG  OniBoss punish window! 15 → 22 (x1.5)
[ 12467  111.854 x1.00] LOG  OniBoss took 22 damage. HP: 667/2500
[ 12467  111.854 x1.00] LOG  [Momentum] 12 -> 13 (hit), speed x1.50, damage x1.50, impact x1.65
[ 12467  111.854 x1.00] LOG  [CameraGameFeel] Shake: intensity=0.06 duration=0.080s
[ 12467  111.854 x1.00] LOG  [CameraGameFeel] Shake: intensity=0.29 duration=0.200s
[ 12482  112.009 x1.00] LOG  OniBoss punish window! 15 → 22 (x1.5)
[ 12482  112.009 x1.00] LOG  OniBoss took 22 damage. HP: 645/2500
[ 12482  112.009 x1.00] LOG  [CameraGameFeel] Shake: intensity=0.29 duration=0.200s
[ 12499  112.167 x1.00] LOG  OniBoss punish window! 15 → 22 (x1.5)
[ 12499  112.167 x1.00] LOG  OniBoss took 22 damage. HP: 623/2500
[ 12499  112.167 x1.00] LOG  [Momentum] 13 -> 14 (hit), speed x1.50, damage x1.50, impact x1.70
[ 12499  112.167 x1.00] LOG  [CameraGameFeel] Shake: intensity=0.06 duration=0.080s
[ 12499  112.167 x1.00] LOG  [CameraGameFeel] Shake: intensity=0.30 duration=0.200s
[ 12513  112.292 x1.00] LOG  [YoruVFX] Spin VFX stopped, fading for 2.37s
[ 12517  112.326 x1.00] LOG  [ComboTrace] END step=3 clipProgress=0.91 clipLen=0.79s queued=0 elapsed=0.79s
[ 12518  112.336 x1.00] LOG  [AirPosePin] released, peak correction was -0.078m
[ 12526  112.409 x1.00] LOG  [OniBoss] Stagger → Chase
[ 12527  112.416 x1.00] LOG  [OniBoss] Playing animation: Watch
[ 12527  112.416 x1.00] LOG  [OniBoss] hold-ground: cooldown over, player 3.6m > 3.5m — APPROACH
[ 12527  112.416 x1.00] LOG  [OniBoss] Playing animation: Walk
[ 12528  112.429 x1.00] LOG  💨 Landing VFX spawned!
[ 12528  112.429 x1.00] LOG  ✅ LANDED! (was jump #1)
[ 12538  112.517 x1.00] LOG  [Combat] Combo 1: 10 dmg
[ 12538  112.517 x1.00] LOG  [ComboTrace] START step=1 state='Combo1' queued=0 target='OniBoss' at 3.5m
[ 12538  112.517 x1.00] LOG  [ComboTrace] LAUNCH OniBoss at 2.3m dist=2.25m in 0.23s
[ 12541  112.550 x1.00] LOG  [OniBoss] Combo started: swing1-2 (2 steps remaining)
[ 12541  112.550 x1.00] LOG  [OniBoss] Chase → Attack
[ 12541  112.550 x1.00] LOG  [OniBoss] Attack: Club_Swing (16 dmg)
[ 12541  112.550 x1.00] LOG  [OniBoss:Trail] Club_Swing trail START at clip 1.00 (transition still blending).
[ 12561  112.730 x1.00] LOG  [Combat] Queued click #1 (combo 1)
[ 12561  112.730 x1.00] LOG  [ComboTrace] QUEUED #1 during step 1
[ 12563  112.747 x1.00] LOG  [ComboTrace] LAUNCH RESULT wanted=2.25m actually moved=1.51m, completed
[ 12573  112.834 x1.00] LOG  OniBoss took 15 damage. HP: 608/2500
[ 12573  112.834 x1.00] LOG  [OniBoss] 🤕 Hit during Attack — flash only
[ 12573  112.834 x1.00] LOG  [OniBoss] Attack → Stagger
[ 12573  112.834 x1.00] LOG  [OniBoss] Playing animation: Stagger
[ 12573  112.834 x1.00] LOG  [OniBoss] STAGGERED for 2.5s
[ 12573  112.834 x1.00] LOG  [OniBoss:Layer] heavy knock-back react (swirl burst, 6 hits / 125 dmg) → 'HitReact_Heavy', down for 1.80s
[ 12573  112.834 x1.00] LOG  [OniReactTrace] #24 HEAVY (0 dmg) asked for 'HitReact_Heavy': crossfade 0.08s, animator speed 1.35, world x1.00
[ 12573  112.834 x1.00] LOG  [OniBoss:Layer] burst: 6 hits / 125 dmg inside 0.8s → knock-back + 0.90m push
[ 12573  112.834 x1.00] LOG  [Momentum] 14 -> 15 (hit), speed x1.50, damage x1.50, impact x1.75
[ 12573  112.834 x1.00] LOG  [CameraGameFeel] Shake: intensity=0.14 duration=0.080s
[ 12573  112.834 x1.00] LOG  [Combat] Hit OniBoss for 15
[ 12573  112.834 x1.00] LOG  [CameraGameFeel] Shake: intensity=0.88 duration=0.200s
[ 12573  112.834 x1.00] LOG  [CameraGameFeel] FOV punch: hit light (+1.5°)
[ 12573  112.834 x1.00] LOG  [OniBoss:Touch] Club_Swing: no touch this swing, closest 1.98m at clip 0.20 (head 0.00 along the club), fastest tip 148m/s (radius 0.70, min speed 50, max tip height 2.5m).
[ 12573  112.834 x1.00] LOG  [OniBoss:Strike] Club_Swing: club tip closest to Yoru at 6.96m, clip position 0.12 | damage fires at 0.42 | clip 0.84s => damage fires 247 ms AFTER the club is closest — it lands once the club has passed her
[ 12574  112.846 x1.00] LOG  [OniBoss:Trail] trail END at clip 0.34, fading over 0.40s.
[ 12574  112.846 x1.00] LOG  [OniReactTrace] #24 +0.01s state SOMETHING ELSE, clip on his bones 'Take 001' weight 1.00, layer weight 1.00, animator speed 0.00, world x1.00, engine Stagger
[ 12581  112.939 x1.00] LOG  [OniReactTrace] #24 +0.11s state SOMETHING ELSE, clip on his bones 'Take 001' weight 0.16, blending INTO 'HitReact_Heavy', layer weight 1.00, animator speed 1.35, world x1.00, engine Stagger
[ 12585  112.973 x1.00] LOG  [Combat] Queued click #2 (combo 1)
[ 12585  112.973 x1.00] LOG  [ComboTrace] QUEUED #2 during step 1
[ 12585  112.973 x1.00] LOG  🐾 VFX_AttackPaw triggered!
[ 12597  113.047 x1.00] LOG  [Combat] Combo 2: 20 dmg
[ 12597  113.047 x1.00] LOG  [ComboTrace] START step=2 state='Combo2' queued=1 target='OniBoss' at 2.9m
[ 12597  113.047 x1.00] LOG  [ComboTrace] LAUNCH OniBoss at 1.7m dist=1.67m in 0.17s
[ 12601  113.094 x1.00] LOG  [OniReactTrace] #24 +0.26s state 'HitReact_Heavy' at 17 % of its 1.11s, clip on his bones 'Take 001' weight 1.00, layer weight 1.00, animator speed 1.35, world x1.00, engine Stagger
[ 12615  113.202 x1.00] LOG  [Combat] Queued click #2 (combo 2)
[ 12615  113.202 x1.00] LOG  [ComboTrace] QUEUED #2 during step 2
[ 12617  113.219 x1.00] LOG  [ComboTrace] LAUNCH RESULT wanted=1.67m actually moved=0.90m, completed
[ 12625  113.280 x1.00] LOG  [StormWeather] ⚡ strike at (474.00, 45.00, 437.25)
[ 12626  113.286 x1.00] LOG  [OniReactTrace] #24 +0.45s state 'HitReact_Heavy' at 35 % of its 1.11s, clip on his bones 'Take 001' weight 1.00, layer weight 1.00, animator speed 1.35, world x1.00, engine Stagger
[ 12645  113.435 x1.00] LOG  [ComboTrace] CLICK IGNORED (step=2 queued=2)
[ 12651  113.479 x1.00] LOG  🐾🐾 VFX_TowPaw triggered!
[ 12653  113.492 x1.00] LOG  OniBoss punish window! 30 → 45 (x1.5)
[ 12653  113.492 x1.00] LOG  OniBoss took 45 damage. HP: 563/2500
[ 12653  113.492 x1.00] LOG  [Momentum] 15 -> 16 (hit), speed x1.50, damage x1.50, impact x1.80
[ 12653  113.492 x1.00] LOG  [CameraGameFeel] Shake: intensity=0.06 duration=0.080s
[ 12653  113.492 x1.00] LOG  [Combat] Hit OniBoss for 30
[ 12653  113.492 x1.00] LOG  [CameraGameFeel] Shake: intensity=0.90 duration=0.200s
[ 12653  113.492 x1.00] LOG  [CameraGameFeel] FOV punch: hit light (+1.5°)
[ 12658  113.538 x1.00] LOG  [OniReactTrace] #24 +0.70s state 'HitReact_Heavy' at 54 % of its Infinitys, clip on his bones 'Take 001' weight 1.00, layer weight 1.00, animator speed 0.00, world x1.00, engine Stagger
[ 12675  113.676 x1.00] LOG  [ComboTrace] CLICK IGNORED (step=2 queued=2)
[ 12689  113.789 x1.00] LOG  [OniReactTrace] #24 +0.95s state 'HitReact_Heavy' at 74 % of its 1.11s, clip on his bones 'Take 001' weight 1.00, layer weight 1.00, animator speed 1.35, world x1.00, engine Stagger
[ 12689  113.789 x1.00] LOG  [OniReactTrace] #24 HEAVY verdict: played to 74 % of the clip, so the reaction IS on screen and what is missing is movement inside the clip itself
[ 12689  113.789 x1.00] LOG  🐾🐾 VFX_TowPaw triggered!
[ 12692  113.817 x1.00] LOG  [Combat] Combo 3: 35 dmg
[ 12692  113.817 x1.00] LOG  [ComboTrace] START step=3 state='Combo3' queued=1 target='OniBoss' at 2.9m
[ 12692  113.817 x1.00] LOG  [ComboTrace] LAUNCH OniBoss at 1.7m dist=1.68m in 0.17s
[ 12692  113.817 x1.00] LOG  [YoruVFX] Ground hazard: 'VFX_Void_Area_GroundSpinYORU' laid at GroundVFX ((441.68, 0.23, 450.41)), floor tilt 4.8 deg, 17 delays shifted by 2.00s, own lifetime 8.98s
[ 12692  113.817 x1.00] LOG  [Combat] Hazard zone tick: OniBoss for 25
[ 12692  113.817 x1.00] LOG  [Combat] Hazard zone laid: 8.98s, 25 dmg every 0.50s in 2.00m
[ 12698  113.887 x1.00] LOG  OniBoss punish window! 52 → 78 (x1.5)
[ 12698  113.887 x1.00] LOG  OniBoss took 78 damage. HP: 460/2500
[ 12698  113.887 x1.00] LOG  [Momentum] 16 -> 17 (hit), speed x1.50, damage x1.50, impact x1.85
[ 12698  113.887 x1.00] LOG  [CameraGameFeel] Shake: intensity=0.06 duration=0.080s
[ 12698  113.887 x1.00] LOG  [CameraGameFeel] Shake: intensity=0.93 duration=0.200s
[ 12698  113.887 x1.00] LOG  [CameraGameFeel] FOV punch: hit light (+1.5°)
[ 12700  113.906 x1.00] LOG  [ComboTrace] CLICK DROPPED by attackCooldown (0.10s, 0.09s since last attack) step=3
[ 12707  113.993 x1.00] LOG  [ComboTrace] LAUNCH RESULT wanted=1.68m actually moved=1.32m, completed
[ 12725  114.124 x1.00] LOG  [ComboTrace] CLICK IGNORED (step=3 queued=1)
[ 12752  114.342 x1.00] LOG  [ComboTrace] CLICK IGNORED (step=3 queued=1)
[ 12786  114.607 x1.00] LOG  [ComboTrace] CLICK IGNORED (step=3 queued=1)
[ 12790  114.635 x1.00] LOG  [OniBoss] Stagger → Chase
[ 12791  114.641 x1.00] LOG  [OniBoss] Playing animation: Watch
[ 12791  114.641 x1.00] LOG  [OniBoss] Chase → Attack
[ 12791  114.641 x1.00] LOG  [OniBoss] Attack: Club_Swing (16 dmg)
[ 12791  114.641 x1.00] LOG  [OniBoss:Trail] Club_Swing trail START at clip 1.00 (transition done).
[ 12794  114.671 x1.00] LOG  [ComboTrace] END step=3 clipProgress=0.95 clipLen=0.79s queued=0 elapsed=0.85s
[ 12815  114.831 x1.00] LOG  [Combat] Combo 1: 10 dmg
[ 12815  114.831 x1.00] LOG  [ComboTrace] START step=1 state='Combo1' queued=0 target='OniBoss' at 2.5m
[ 12815  114.831 x1.00] LOG  [ComboTrace] LAUNCH OniBoss at 1.3m dist=1.33m in 0.13s
[ 12832  114.967 x1.00] LOG  [ComboTrace] LAUNCH RESULT wanted=1.33m actually moved=0.48m, completed
[ 12837  115.005 x1.00] LOG  [OniBoss:ClubPos] Club_Swing at strike: club tip 3.02m up, 2.50m in front, -2.96m to his right (3.87m out from his centre). Club faces -82deg from his forward, pitch 0.41. (the ground wave is born 1.6m in front of him at 0.35m.)
[ 12837  115.005 x1.00] LOG  [OniBoss:Layer] Club_Swing: club has not connected — ground wave released ARMED, 1.6m in front, 12m/s x 6.0m = 0.50s, carrying 8 (half of the club's 16).
[ 12838  115.012 x1.00] LOG  [Peach] light hit 8 dmg: 1 bite (Cannot Die held her at 1 bite). 1/16 bites = 0.25 of 4 peaches
[ 12838  115.012 x1.00] LOG  [Momentum] 17 -> 8 (light hit taken, 50% = -9), speed x1.40, damage x1.40, impact x1.40
[ 12838  115.012 x1.00] LOG  [Combat] Combo memory: light hit, keeping step 1
[ 12838  115.012 x1.00] LOG  [Combat] Hit react: HitReact_Light_2Leg (0.5s, clip starts at 0.35s)
[ 12838  115.012 x1.00] LOG  [CameraGameFeel] Shake: intensity=0.30 duration=0.200s
[ 12838  115.012 x1.00] LOG  [CameraGameFeel] FOV punch: player damage (-2.0°)
[ 12838  115.012 x1.00] LOG  [OniBoss:Wave] wave TOUCHED Yoru (grounded) for 8 after 0.1m / 0.01s of travel.
[ 12841  115.032 x1.00] LOG  [HitReactTrace] asked for 'HitReact_Light_2Leg' (0.50s, clip start 0.35s): playing it, blend resolved after 21 ms, state 1.21s long at speed 1.00, now at 0.36s, layer weight 1.00, animator.speed 1.00.
[ 12895  115.486 x1.00] LOG  [OniBoss] Attack → Recovery
[ 12895  115.486 x1.00] LOG  [OniBoss] Playing animation: Watch
[ 12895  115.486 x1.00] LOG  [OniBoss:Trail] trail END at clip 1.00, fading over 0.40s.
[ 12895  115.486 x1.00] LOG  [OniBoss:Strike] Club_Swing: club tip closest to Yoru at 0.66m, clip position 0.92 | damage fires at 0.42 | clip 0.84s => damage fires 415 ms BEFORE the club is closest
[ 12903  115.546 x1.00] LOG  [Combat] Combo 2: 20 dmg
[ 12903  115.546 x1.00] LOG  [ComboTrace] START step=2 state='Combo2' queued=0 target='OniBoss' at 2.0m
[ 12903  115.546 x1.00] LOG  [ComboTrace] LAUNCH OniBoss at 0.9m dist=0.93m in 0.13s
[ 12915  115.637 x1.00] LOG  [OniBoss] Recovery → Chase
[ 12916  115.643 x1.00] LOG  [OniBoss] hold-ground: BACKSTEP 1.5m (player 2.1m)
[ 12921  115.686 x1.00] LOG  [ComboTrace] LAUNCH RESULT wanted=0.93m actually moved=0.01m, completed
[ 12929  115.754 x1.00] LOG  [Combat] Queued click #1 (combo 2)
[ 12929  115.754 x1.00] LOG  [ComboTrace] QUEUED #1 during step 2
[ 12959  115.989 x1.00] LOG  🐾🐾 VFX_TowPaw triggered!
[ 12960  115.998 x1.00] LOG  [Combat] Queued click #2 (combo 2)
[ 12960  115.998 x1.00] LOG  [ComboTrace] QUEUED #2 during step 2
[ 12961  116.005 x1.00] LOG  OniBoss took 28 damage. HP: 432/2500
[ 12961  116.005 x1.00] LOG  [OniBoss] Chase → Stagger
[ 12961  116.005 x1.00] LOG  [OniBoss] Playing animation: Stagger
[ 12961  116.005 x1.00] LOG  [OniBoss] STAGGERED for 2.5s
[ 12961  116.005 x1.00] LOG  [OniBoss:Layer] heavy knock-back react (28 dmg) → 'HitReact_Heavy', down for 1.80s
[ 12961  116.005 x1.00] LOG  [OniReactTrace] #25 HEAVY (0 dmg) asked for 'HitReact_Heavy': crossfade 0.08s, animator speed 1.35, world x1.00
[ 12961  116.005 x1.00] LOG  [Momentum] 8 -> 9 (hit), speed x1.45, damage x1.45, impact x1.45
[ 12961  116.005 x1.00] LOG  [CameraGameFeel] Shake: intensity=0.06 duration=0.080s
[ 12961  116.005 x1.00] LOG  [Combat] Hit OniBoss for 28
[ 12961  116.005 x1.00] LOG  [CameraGameFeel] Shake: intensity=0.73 duration=0.200s
[ 12961  116.005 x1.00] LOG  [CameraGameFeel] FOV punch: hit light (+1.5°)
[ 12962  116.017 x1.00] LOG  [OniReactTrace] #25 +0.01s state SOMETHING ELSE, clip on his bones 'Take 001' weight 1.00, layer weight 1.00, animator speed 0.00, world x1.00, engine Stagger
[ 12973  116.106 x1.00] LOG  [OniReactTrace] #25 +0.10s state SOMETHING ELSE, clip on his bones 'Take 001' weight 0.15, blending INTO 'HitReact_Heavy', layer weight 1.00, animator speed 1.35, world x1.00, engine Stagger
[ 12987  116.211 x1.00] LOG  [ComboTrace] CLICK IGNORED (step=2 queued=2)
[ 12994  116.256 x1.00] LOG  [OniReactTrace] #25 +0.25s state 'HitReact_Heavy' at 17 % of its 1.11s, clip on his bones 'Take 001' weight 1.00, layer weight 1.00, animator speed 1.35, world x1.00, engine Stagger
[ 13001  116.311 x1.00] LOG  🐾🐾 VFX_TowPaw triggered!
[ 13004  116.331 x1.00] LOG  [Combat] Combo 3: 35 dmg
[ 13004  116.331 x1.00] LOG  [ComboTrace] START step=3 state='Combo3' queued=1 target='OniBoss' at 3.5m
[ 13004  116.331 x1.00] LOG  [ComboTrace] LAUNCH OniBoss at 2.3m dist=2.25m in 0.23s
[ 13004  116.331 x1.00] LOG  [YoruVFX] Ground hazard: 'VFX_Void_Area_GroundSpinYORU' laid at GroundVFX ((443.35, 0.54, 450.71)), floor tilt 20.6 deg, 17 delays shifted by 2.00s, own lifetime 8.98s
[ 13004  116.331 x1.00] LOG  [Combat] Hazard zone laid: 8.98s, 25 dmg every 0.50s in 2.00m
[ 13010  116.399 x1.00] LOG  OniBoss punish window! 51 → 76 (x1.5)
[ 13010  116.399 x1.00] LOG  OniBoss took 76 damage. HP: 356/2500
[ 13010  116.399 x1.00] LOG  [Momentum] 9 -> 10 (hit), speed x1.50, damage x1.50, impact x1.50
[ 13010  116.399 x1.00] LOG  [CameraGameFeel] Shake: intensity=0.14 duration=0.080s
[ 13010  116.399 x1.00] LOG  [CameraGameFeel] Shake: intensity=0.75 duration=0.200s
[ 13010  116.399 x1.00] LOG  [CameraGameFeel] FOV punch: hit light (+1.5°)
[ 13014  116.444 x1.00] LOG  [ComboTrace] CLICK IGNORED (step=3 queued=1)
[ 13015  116.457 x1.00] LOG  [OniReactTrace] #25 +0.45s state 'HitReact_Heavy' at 30 % of its Infinitys, clip on his bones 'Take 001' weight 1.00, layer weight 1.00, animator speed 0.00, world x1.00, engine Stagger
[ 13025  116.567 x1.00] LOG  [ComboTrace] LAUNCH RESULT wanted=2.25m actually moved=2.25m, completed
[ 13025  116.567 x1.00] LOG  [StormWeather] ⚡ strike at (490.60, 45.00, 452.75)
[ 13042  116.685 x1.00] LOG  [ComboTrace] CLICK IGNORED (step=3 queued=1)
[ 13045  116.706 x1.00] LOG  [OniReactTrace] #25 +0.70s state 'HitReact_Heavy' at 51 % of its 1.11s, clip on his bones 'Take 001' weight 1.00, layer weight 1.00, animator speed 1.35, world x1.00, engine Stagger
[ 13071  116.927 x1.00] LOG  [ComboTrace] CLICK IGNORED (step=3 queued=1)
[ 13075  116.956 x1.00] LOG  [OniReactTrace] #25 +0.95s state 'HitReact_Heavy' at 74 % of its 1.11s, clip on his bones 'Take 001' weight 1.00, layer weight 1.00, animator speed 1.35, world x1.00, engine Stagger
[ 13075  116.956 x1.00] LOG  [OniReactTrace] #25 HEAVY verdict: played to 74 % of the clip, so the reaction IS on screen and what is missing is movement inside the clip itself
[ 13099  117.156 x1.00] LOG  [ComboTrace] CLICK IGNORED (step=3 queued=1)
[ 13101  117.173 x1.00] LOG  [ComboTrace] END step=3 clipProgress=0.96 clipLen=0.79s queued=0 elapsed=0.84s
[ 13127  117.376 x1.00] LOG  [Combat] Combo 1: 10 dmg
[ 13127  117.376 x1.00] LOG  [ComboTrace] START step=1 state='Combo1' queued=0 target='OniBoss' at 2.1m
[ 13127  117.376 x1.00] LOG  [ComboTrace] LAUNCH OniBoss at 1.0m dist=1.04m in 0.13s
[ 13145  117.517 x1.00] LOG  [ComboTrace] LAUNCH RESULT wanted=1.04m actually moved=0.13m, completed
[ 13161  117.632 x1.00] LOG  [Combat] Queued click #1 (combo 1)
[ 13161  117.632 x1.00] LOG  [ComboTrace] QUEUED #1 during step 1
[ 13169  117.696 x1.00] LOG  OniBoss punish window! 15 → 22 (x1.5)
[ 13169  117.696 x1.00] LOG  OniBoss took 22 damage. HP: 334/2500
[ 13169  117.696 x1.00] LOG  [Momentum] 10 -> 11 (hit), speed x1.50, damage x1.50, impact x1.55
[ 13169  117.696 x1.00] LOG  [CameraGameFeel] Shake: intensity=0.06 duration=0.080s
[ 13169  117.696 x1.00] LOG  [Combat] Hit OniBoss for 15
[ 13169  117.696 x1.00] LOG  [CameraGameFeel] Shake: intensity=0.78 duration=0.200s
[ 13169  117.696 x1.00] LOG  [CameraGameFeel] FOV punch: hit light (+1.5°)
[ 13182  117.806 x1.00] LOG  [OniBoss] Stagger → Chase
[ 13183  117.818 x1.00] LOG  [OniBoss] Playing animation: Idle
[ 13183  117.818 x1.00] LOG  [OniBoss] Combo started: ClubSwing1 → ClubSwing2 → ClubSlam (3 steps remaining)
[ 13183  117.818 x1.00] LOG  [OniBoss] Chase → Attack
[ 13183  117.818 x1.00] LOG  [OniBoss] Attack: Club_Swing (16 dmg)
[ 13183  117.818 x1.00] LOG  [OniBoss:Trail] Club_Swing trail START at clip 1.00 (transition done).
[ 13185  117.832 x1.00] LOG  🐾 VFX_AttackPaw triggered!
[ 13189  117.868 x1.00] LOG  [Combat] Queued click #2 (combo 1)
[ 13189  117.868 x1.00] LOG  [ComboTrace] QUEUED #2 during step 1
[ 13195  117.908 x1.00] LOG  [Combat] Combo 2: 20 dmg
[ 13195  117.908 x1.00] LOG  [ComboTrace] START step=2 state='Combo2' queued=1 target='OniBoss' at 2.9m
[ 13195  117.908 x1.00] LOG  [ComboTrace] LAUNCH OniBoss at 1.7m dist=1.69m in 0.17s
[ 13215  118.082 x1.00] LOG  [ComboTrace] LAUNCH RESULT wanted=1.69m actually moved=0.90m, completed
[ 13216  118.090 x1.00] LOG  [Combat] Queued click #2 (combo 2)
[ 13216  118.090 x1.00] LOG  [ComboTrace] QUEUED #2 during step 2
[ 13224  118.149 x1.00] LOG  [StormWeather] ⚡ strike at (480.09, 45.00, 438.15)
[ 13227  118.177 x1.00] LOG  [OniBoss:ClubPos] Club_Swing at strike: club tip 3.02m up, 2.75m in front, -2.81m to his right (3.93m out from his centre). Club faces -77deg from his forward, pitch 0.40. (the ground wave is born 1.6m in front of him at 0.35m.)
[ 13227  118.177 x1.00] LOG  [OniBoss:Layer] Club_Swing: club has not connected — ground wave released ARMED, 1.6m in front, 12m/s x 6.0m = 0.50s, carrying 8 (half of the club's 16).
[ 13228  118.185 x1.00] LOG  [Peach] light hit 8 dmg: 1 bite (Cannot Die held her at 1 bite). 1/16 bites = 0.25 of 4 peaches
[ 13228  118.185 x1.00] LOG  [Momentum] 11 -> 5 (light hit taken, 50% = -6), speed x1.25, damage x1.25, impact x1.25
[ 13228  118.185 x1.00] LOG  [Combat] Combo memory: light hit, keeping step 2
[ 13228  118.185 x1.00] LOG  [Combat] Hit react: HitReact_Light_2Leg (0.5s, clip starts at 0.35s)
[ 13228  118.185 x1.00] LOG  [CameraGameFeel] Shake: intensity=0.30 duration=0.200s
[ 13228  118.185 x1.00] LOG  [CameraGameFeel] FOV punch: player damage (-2.0°)
[ 13228  118.185 x1.00] LOG  [OniBoss:Wave] wave TOUCHED Yoru (grounded) for 8 after 0.1m / 0.01s of travel.
[ 13231  118.211 x1.00] LOG  [HitReactTrace] asked for 'HitReact_Light_2Leg' (0.50s, clip start 0.35s): playing it, blend resolved after 26 ms, state 1.21s long at speed 1.00, now at 0.37s, layer weight 1.00, animator.speed 1.00.
[ 13291  118.656 x1.00] LOG  [OniBoss] Attack → Recovery
[ 13291  118.656 x1.00] LOG  [OniBoss] Playing animation: Watch
[ 13291  118.656 x1.00] LOG  [OniBoss:Trail] trail END at clip 0.99, fading over 0.40s.
[ 13291  118.656 x1.00] LOG  [OniBoss:Strike] Club_Swing: club tip closest to Yoru at 0.53m, clip position 0.91 | damage fires at 0.42 | clip 0.84s => damage fires 414 ms BEFORE the club is closest
[ 13306  118.777 x1.00] LOG  🚶 2-LEG JUMP
[ 13306  118.777 x1.00] LOG  🐾 Jump 1 VFX spawned!
[ 13308  118.791 x1.00] LOG  [ComboTrace] LAUNCH OniBoss at 0.8m dist=0.83m in 0.13s [AIRBORNE]
[ 13308  118.791 x1.00] LOG  [Combat] Aerial spin, 25 dmg
[ 13308  118.791 x1.00] LOG  [YoruVFX] Air spin: 'VFX_Void_Burst_AirSpinYoru' at CenterVFX, 46 systems, longest 1.00s fitted to 0.79s at speed 1.27, 8 forced Local, 38 delays zeroed, tail 2.37s
[ 13308  118.791 x1.00] LOG  OniBoss took 12 damage. HP: 322/2500
[ 13308  118.791 x1.00] LOG  [OniBoss] Recovery → HitReact
[ 13308  118.791 x1.00] LOG  [OniBoss:Layer] react tier: LIGHT (12 dmg) → 'Hit_react_light'
[ 13308  118.791 x1.00] LOG  [OniReactTrace] #26 LIGHT (12 dmg) asked for 'Hit_react_light': crossfade 0.08s, animator speed 1.35, world x1.00
[ 13308  118.791 x1.00] LOG  [Momentum] 5 -> 6 (hit), speed x1.30, damage x1.30, impact x1.30
[ 13308  118.791 x1.00] LOG  [CameraGameFeel] Shake: intensity=0.06 duration=0.080s
[ 13308  118.791 x1.00] LOG  [CameraGameFeel] Shake: intensity=0.65 duration=0.200s
[ 13308  118.791 x1.00] LOG  [CameraGameFeel] FOV punch: hit light (+1.5°)
[ 13308  118.791 x1.00] LOG  [AirPosePin] engaged, holding body at 0.610m above the transform
[ 13309  118.803 x1.00] LOG  [OniReactTrace] #26 +0.01s state SOMETHING ELSE, clip on his bones '?' weight 0.00, blending INTO 'Hit_react_light', layer weight 1.00, animator speed 0.00, world x1.00, engine HitReact
[ 13317  118.892 x1.00] LOG  [OniReactTrace] #26 +0.10s state SOMETHING ELSE, clip on his bones '?' weight 0.00, blending INTO 'Hit_react_light', layer weight 1.00, animator speed 1.35, world x1.00, engine HitReact
[ 13321  118.931 x1.00] LOG  [ComboTrace] LAUNCH RESULT wanted=0.83m actually moved=0.00m, completed
[ 13323  118.948 x1.00] LOG  OniBoss took 13 damage. HP: 309/2500
[ 13323  118.948 x1.00] LOG  [OniBoss:Layer] burst: 2 hits / 25 dmg → flinch upgraded to 'HitReact_medium'
[ 13323  118.948 x1.00] LOG  [OniReactTrace] #27 BURST UPGRADE (25 dmg) asked for 'HitReact_medium': crossfade 0.08s, animator speed 1.35, world x1.00
[ 13323  118.948 x1.00] LOG  [CameraGameFeel] Shake: intensity=0.23 duration=0.200s
[ 13324  118.956 x1.00] LOG  [OniReactTrace] #27 +0.01s state SOMETHING ELSE, clip on his bones 'Take 001' weight 0.81, blending INTO 'HitReact_medium', layer weight 1.00, animator speed 1.35, world x1.00, engine HitReact
[ 13334  119.052 x1.00] LOG  [OniReactTrace] #27 +0.10s state 'HitReact_medium' at 8 % of its 1.08s, clip on his bones 'Take 001' weight 1.00, layer weight 1.00, animator speed 1.35, world x1.00, engine HitReact
[ 13340  119.107 x1.00] LOG  OniBoss took 13 damage. HP: 296/2500
[ 13340  119.107 x1.00] LOG  [OniBoss] HitReact → Stagger
[ 13340  119.107 x1.00] LOG  [OniBoss] Playing animation: Stagger
[ 13340  119.107 x1.00] LOG  [OniBoss] STAGGERED for 2.5s
[ 13340  119.107 x1.00] LOG  [OniBoss:Layer] heavy knock-back react (swirl burst, 3 hits / 38 dmg) → 'HitReact_Heavy', down for 1.80s
[ 13340  119.107 x1.00] LOG  [OniReactTrace] #28 HEAVY (0 dmg) asked for 'HitReact_Heavy': crossfade 0.08s, animator speed 1.35, world x1.00
[ 13340  119.107 x1.00] LOG  [OniBoss:Layer] burst: 3 hits / 38 dmg inside 0.8s → knock-back + 0.90m push
[ 13340  119.107 x1.00] LOG  [Momentum] 6 -> 7 (hit), speed x1.35, damage x1.35, impact x1.35
[ 13340  119.107 x1.00] LOG  [CameraGameFeel] Shake: intensity=0.06 duration=0.080s
[ 13340  119.107 x1.00] LOG  [CameraGameFeel] Shake: intensity=0.24 duration=0.200s
[ 13341  119.115 x1.00] LOG  [OniReactTrace] #28 +0.01s state SOMETHING ELSE, clip on his bones 'Take 001' weight 0.76, blending INTO 'HitReact_Heavy', layer weight 1.00, animator speed 1.35, world x1.00, engine Stagger
[ 13351  119.210 x1.00] LOG  [OniReactTrace] #28 +0.10s state 'HitReact_Heavy' at 8 % of its 1.11s, clip on his bones 'Take 001' weight 1.00, layer weight 1.00, animator speed 1.35, world x1.00, engine Stagger
[ 13356  119.260 x1.00] LOG  OniBoss punish window! 14 → 21 (x1.5)
[ 13356  119.260 x1.00] LOG  OniBoss took 21 damage. HP: 275/2500
[ 13356  119.260 x1.00] LOG  [CameraGameFeel] Shake: intensity=0.24 duration=0.200s
[ 13367  119.363 x1.00] LOG  [OniReactTrace] #28 +0.26s state 'HitReact_Heavy' at 22 % of its 1.11s, clip on his bones 'Take 001' weight 1.00, layer weight 1.00, animator speed 1.35, world x1.00, engine Stagger
[ 13372  119.413 x1.00] LOG  OniBoss punish window! 14 → 21 (x1.5)
[ 13372  119.413 x1.00] LOG  OniBoss took 21 damage. HP: 254/2500
[ 13372  119.413 x1.00] LOG  [Momentum] 7 -> 8 (hit), speed x1.40, damage x1.40, impact x1.40
[ 13372  119.413 x1.00] LOG  [CameraGameFeel] Shake: intensity=0.06 duration=0.080s
[ 13372  119.413 x1.00] LOG  [CameraGameFeel] Shake: intensity=0.25 duration=0.200s
[ 13383  119.516 x1.00] LOG  [YoruVFX] Spin VFX stopped, fading for 2.37s
[ 13387  119.553 x1.00] LOG  [ComboTrace] END step=3 clipProgress=0.91 clipLen=0.79s queued=0 elapsed=0.76s
[ 13388  119.559 x1.00] LOG  [OniReactTrace] #28 +0.45s state 'HitReact_Heavy' at 40 % of its 1.11s, clip on his bones 'Take 001' weight 1.00, layer weight 1.00, animator speed 1.35, world x1.00, engine Stagger
[ 13388  119.559 x1.00] LOG  [AirPosePin] released, peak correction was -0.048m
[ 13404  119.696 x1.00] LOG  💨 Landing VFX spawned!
[ 13404  119.696 x1.00] LOG  ✅ LANDED! (was jump #1)
[ 13412  119.758 x1.00] LOG  [Combat] Combo 1: 10 dmg
[ 13412  119.758 x1.00] LOG  [ComboTrace] START step=1 state='Combo1' queued=0 target='OniBoss' at 3.5m
[ 13412  119.758 x1.00] LOG  [ComboTrace] LAUNCH OniBoss at 2.2m dist=2.22m in 0.22s
[ 13417  119.809 x1.00] LOG  [OniReactTrace] #28 +0.70s state 'HitReact_Heavy' at 62 % of its 1.11s, clip on his bones 'Take 001' weight 1.00, layer weight 1.00, animator speed 1.35, world x1.00, engine Stagger
[ 13437  119.980 x1.00] LOG  [ComboTrace] LAUNCH RESULT wanted=2.22m actually moved=1.54m, completed
[ 13440  120.000 x1.00] LOG  [Combat] Queued click #1 (combo 1)
[ 13440  120.000 x1.00] LOG  [ComboTrace] QUEUED #1 during step 1
[ 13448  120.058 x1.00] LOG  [OniReactTrace] #28 +0.95s state 'HitReact_Heavy' at 85 % of its 1.11s, clip on his bones 'Take 001' weight 1.00, layer weight 1.00, animator speed 1.35, world x1.00, engine Stagger
[ 13448  120.058 x1.00] LOG  [OniReactTrace] #28 HEAVY verdict: played to 85 % of the clip, so the reaction IS on screen and what is missing is movement inside the clip itself
[ 13452  120.094 x1.00] LOG  OniBoss punish window! 14 → 21 (x1.5)
[ 13452  120.094 x1.00] LOG  OniBoss took 21 damage. HP: 233/2500
[ 13452  120.094 x1.00] LOG  [Momentum] 8 -> 9 (hit), speed x1.45, damage x1.45, impact x1.45
[ 13452  120.094 x1.00] LOG  [CameraGameFeel] Shake: intensity=0.06 duration=0.080s
[ 13452  120.094 x1.00] LOG  [Combat] Hit OniBoss for 14
[ 13452  120.094 x1.00] LOG  [CameraGameFeel] Shake: intensity=0.73 duration=0.200s
[ 13452  120.094 x1.00] LOG  [CameraGameFeel] FOV punch: hit light (+1.5°)
[ 13469  120.237 x1.00] LOG  🐾 VFX_AttackPaw triggered!
[ 13470  120.247 x1.00] LOG  [Combat] Queued click #2 (combo 1)
[ 13470  120.247 x1.00] LOG  [ComboTrace] QUEUED #2 during step 1
[ 13479  120.316 x1.00] LOG  [Combat] Combo 2: 20 dmg
[ 13479  120.316 x1.00] LOG  [ComboTrace] START step=2 state='Combo2' queued=1 target='OniBoss' at 2.9m
[ 13479  120.316 x1.00] LOG  [ComboTrace] LAUNCH OniBoss at 1.6m dist=1.62m in 0.16s
[ 13496  120.469 x1.00] LOG  [Combat] Queued click #2 (combo 2)
[ 13496  120.469 x1.00] LOG  [ComboTrace] QUEUED #2 during step 2
[ 13498  120.483 x1.00] LOG  [ComboTrace] LAUNCH RESULT wanted=1.62m actually moved=0.90m, completed
[ 13526  120.687 x1.00] LOG  [ComboTrace] CLICK IGNORED (step=2 queued=2)
[ 13536  120.759 x1.00] LOG  🐾🐾 VFX_TowPaw triggered!
[ 13538  120.781 x1.00] LOG  OniBoss punish window! 29 → 44 (x1.5)
[ 13538  120.781 x1.00] LOG  OniBoss took 44 damage. HP: 189/2500
[ 13538  120.781 x1.00] LOG  [Momentum] 9 -> 10 (hit), speed x1.50, damage x1.50, impact x1.50
[ 13538  120.781 x1.00] LOG  [CameraGameFeel] Shake: intensity=0.14 duration=0.080s
[ 13538  120.781 x1.00] LOG  [Combat] Hit OniBoss for 29
[ 13538  120.781 x1.00] LOG  [CameraGameFeel] Shake: intensity=0.75 duration=0.200s
[ 13538  120.781 x1.00] LOG  [CameraGameFeel] FOV punch: hit light (+1.5°)
[ 13554  120.910 x1.00] LOG  [OniBoss] Stagger → Chase
[ 13555  120.922 x1.00] LOG  [OniBoss] Playing animation: Idle
[ 13555  120.922 x1.00] LOG  [OniBoss] Chase → Attack
[ 13555  120.922 x1.00] LOG  [OniBoss] Attack: ClubSwing2 (16 dmg)
[ 13555  120.922 x1.00] LOG  [OniBoss:Trail] ClubSwing2 trail START at clip 1.00 (transition done).
[ 13555  120.922 x1.00] LOG  [ComboTrace] CLICK IGNORED (step=2 queued=2)
[ 13577  121.072 x1.00] LOG  🐾🐾 VFX_TowPaw triggered!
[ 13580  121.092 x1.00] LOG  [Combat] Combo 3: 35 dmg
[ 13580  121.092 x1.00] LOG  [ComboTrace] START step=3 state='Combo3' queued=1 target='OniBoss' at 2.9m
[ 13580  121.092 x1.00] LOG  [ComboTrace] LAUNCH OniBoss at 1.6m dist=1.62m in 0.16s
[ 13580  121.092 x1.00] LOG  [YoruVFX] Ground hazard: 'VFX_Void_Area_GroundSpinYORU' laid at GroundVFX ((449.24, 1.06, 451.81)), floor tilt 0.0 deg, 17 delays shifted by 2.00s, own lifetime 8.98s
[ 13580  121.092 x1.00] LOG  [Combat] Hazard zone tick: OniBoss for 25
[ 13580  121.092 x1.00] LOG  [Combat] Hazard zone laid: 8.98s, 25 dmg every 0.50s in 2.00m
[ 13585  121.148 x1.00] LOG  [ComboTrace] CLICK DROPPED by attackCooldown (0.10s, 0.06s since last attack) step=3
[ 13586  121.159 x1.00] LOG  OniBoss took 52 damage. HP: 112/2500
[ 13586  121.159 x1.00] LOG  [OniBoss] Attack → Stagger
[ 13586  121.159 x1.00] LOG  [OniBoss] Playing animation: Stagger
[ 13586  121.159 x1.00] LOG  [OniBoss] STAGGERED for 2.5s
[ 13586  121.159 x1.00] LOG  [OniBoss:Layer] heavy knock-back react (52 dmg) → 'HitReact_Heavy', down for 1.80s
[ 13586  121.159 x1.00] LOG  [OniReactTrace] #29 HEAVY (0 dmg) asked for 'HitReact_Heavy': crossfade 0.08s, animator speed 1.35, world x1.00
[ 13586  121.159 x1.00] LOG  [Momentum] 10 -> 11 (hit), speed x1.50, damage x1.50, impact x1.55
[ 13586  121.159 x1.00] LOG  [CameraGameFeel] Shake: intensity=0.06 duration=0.080s
[ 13586  121.159 x1.00] LOG  [CameraGameFeel] Shake: intensity=0.78 duration=0.200s
[ 13586  121.159 x1.00] LOG  [CameraGameFeel] FOV punch: hit light (+1.5°)
[ 13586  121.159 x1.00] LOG  [OniBoss:Strike] ClubSwing2: club tip closest to Yoru at 5.05m, clip position 0.09 | damage fires at 0.32 | clip 1.17s => damage fires 273 ms AFTER the club is closest — it lands once the club has passed her
[ 13587  121.171 x1.00] LOG  [OniBoss:Trail] trail END at clip 0.19, fading over 0.40s.
[ 13587  121.171 x1.00] LOG  [OniReactTrace] #29 +0.01s state SOMETHING ELSE, clip on his bones 'Take 001' weight 1.00, blending INTO 'HitReact_Heavy', layer weight 1.00, animator speed 0.00, world x1.00, engine Stagger
[ 13596  121.262 x1.00] LOG  [ComboTrace] LAUNCH RESULT wanted=1.62m actually moved=1.27m, completed
[ 13596  121.262 x1.00] LOG  [OniReactTrace] #29 +0.10s state SOMETHING ELSE, clip on his bones 'Take 001' weight 0.14, blending INTO 'HitReact_Heavy', layer weight 1.00, animator speed 1.35, world x1.00, engine Stagger
[ 13613  121.392 x1.00] LOG  [ComboTrace] CLICK IGNORED (step=3 queued=1)
[ 13614  121.398 x1.00] LOG  [StormWeather] ⚡ strike at (474.53, 45.00, 440.73)
[ 13616  121.416 x1.00] LOG  [OniReactTrace] #29 +0.26s state 'HitReact_Heavy' at 18 % of its 1.11s, clip on his bones 'Take 001' weight 1.00, layer weight 1.00, animator speed 1.35, world x1.00, engine Stagger
[ 13638  121.589 x1.00] LOG  [ComboTrace] CLICK IGNORED (step=3 queued=1)
[ 13640  121.612 x1.00] LOG  [OniReactTrace] #29 +0.45s state 'HitReact_Heavy' at 34 % of its 1.11s, clip on his bones 'Take 001' weight 1.00, layer weight 1.00, animator speed 1.35, world x1.00, engine Stagger
[ 13669  121.838 x1.00] LOG  [ComboTrace] CLICK IGNORED (step=3 queued=1)
[ 13671  121.859 x1.00] LOG  [OniReactTrace] #29 +0.70s state 'HitReact_Heavy' at 57 % of its 1.11s, clip on his bones 'Take 001' weight 1.00, layer weight 1.00, animator speed 1.35, world x1.00, engine Stagger
[ 13681  121.934 x1.00] LOG  [ComboTrace] END step=3 clipProgress=0.96 clipLen=0.79s queued=0 elapsed=0.84s
[ 13684  121.959 x1.00] LOG  🚶 2-LEG JUMP
[ 13684  121.959 x1.00] LOG  🐾 Jump 1 VFX spawned!
[ 13694  122.051 x1.00] LOG  [ComboTrace] LAUNCH OniBoss at 1.1m dist=1.12m in 0.13s [AIRBORNE]
[ 13694  122.051 x1.00] LOG  [Combat] Aerial spin, 25 dmg
[ 13694  122.051 x1.00] LOG  [YoruVFX] Air spin: 'VFX_Void_Burst_AirSpinYoru' at CenterVFX, 46 systems, longest 1.00s fitted to 0.79s at speed 1.27, 8 forced Local, 38 delays zeroed, tail 2.37s
[ 13694  122.051 x1.00] LOG  OniBoss punish window! 15 → 22 (x1.5)
[ 13694  122.051 x1.00] LOG  OniBoss took 22 damage. HP: 90/2500
[ 13694  122.051 x1.00] LOG  [Momentum] 11 -> 12 (hit), speed x1.50, damage x1.50, impact x1.60
[ 13694  122.051 x1.00] LOG  [CameraGameFeel] Shake: intensity=0.06 duration=0.080s
[ 13694  122.051 x1.00] LOG  [CameraGameFeel] Shake: intensity=0.80 duration=0.200s
[ 13694  122.051 x1.00] LOG  [CameraGameFeel] FOV punch: hit light (+1.5°)
[ 13694  122.051 x1.00] LOG  [AirPosePin] engaged, holding body at 0.600m above the transform
[ 13700  122.117 x1.00] LOG  [OniReactTrace] #29 +0.96s state 'HitReact_Heavy' at 74 % of its Infinitys, clip on his bones 'Take 001' weight 1.00, layer weight 1.00, animator speed 0.00, world x1.00, engine Stagger
[ 13700  122.117 x1.00] LOG  [OniReactTrace] #29 HEAVY verdict: played to 74 % of the clip, so the reaction IS on screen and what is missing is movement inside the clip itself
[ 13705  122.182 x1.00] LOG  [ComboTrace] LAUNCH RESULT wanted=1.12m actually moved=1.18m, completed
[ 13708  122.211 x1.00] LOG  OniBoss punish window! 15 → 22 (x1.5)
[ 13708  122.211 x1.00] LOG  OniBoss took 22 damage. HP: 68/2500
[ 13708  122.211 x1.00] LOG  [CameraGameFeel] Shake: intensity=0.28 duration=0.200s
[ 13724  122.369 x1.00] LOG  OniBoss punish window! 15 → 22 (x1.5)
[ 13724  122.369 x1.00] LOG  OniBoss took 22 damage. HP: 46/2500
[ 13724  122.369 x1.00] LOG  [Momentum] 12 -> 13 (hit), speed x1.50, damage x1.50, impact x1.65
[ 13724  122.369 x1.00] LOG  [CameraGameFeel] Shake: intensity=0.06 duration=0.080s
[ 13724  122.369 x1.00] LOG  [CameraGameFeel] Shake: intensity=0.29 duration=0.200s
[ 13756  122.674 x1.00] LOG  OniBoss punish window! 15 → 22 (x1.5)
[ 13756  122.674 x1.00] LOG  OniBoss took 22 damage. HP: 24/2500
[ 13756  122.674 x1.00] LOG  [Momentum] 13 -> 14 (hit), speed x1.50, damage x1.50, impact x1.70
[ 13756  122.674 x1.00] LOG  [CameraGameFeel] Shake: intensity=0.06 duration=0.080s
[ 13756  122.674 x1.00] LOG  [CameraGameFeel] Shake: intensity=0.85 duration=0.200s
[ 13756  122.674 x1.00] LOG  [CameraGameFeel] FOV punch: hit light (+1.5°)
[ 13776  122.874 x1.00] LOG  [YoruVFX] Spin VFX stopped, fading for 2.37s
[ 13778  122.893 x1.00] LOG  💨 Landing VFX spawned!
[ 13778  122.893 x1.00] LOG  ✅ LANDED! (was jump #1)
[ 13778  122.893 x1.00] LOG  [AirPosePin] released, peak correction was 0.000m
[ 13779  122.901 x1.00] LOG  [ComboTrace] END step=3 clipProgress=0.90 clipLen=0.79s queued=0 elapsed=0.85s
[ 13786  122.961 x1.00] LOG  [OniBoss] Stagger → Chase
[ 13787  122.968 x1.00] LOG  [OniBoss] Playing animation: Watch
[ 13787  122.968 x1.00] LOG  [OniBoss] hold-ground: cooldown over, player 3.7m > 3.5m — APPROACH
[ 13787  122.968 x1.00] LOG  [OniBoss] Playing animation: Walk
[ 13801  123.066 x1.00] LOG  [StormWeather] ⚡ strike at (477.93, 45.00, 456.74)
[ 13841  123.377 x1.00] LOG  [OniBoss] Combo started: swing1-2 (2 steps remaining)
[ 13841  123.377 x1.00] LOG  [OniBoss] Chase → Attack
[ 13841  123.377 x1.00] LOG  [OniBoss] Attack: Club_Swing (16 dmg)
[ 13841  123.377 x1.00] LOG  [OniBoss:Trail] Club_Swing trail START at clip 0.22 (transition done).
[ 13842  123.385 x1.00] LOG  [OniBoss:Layer] step-in: 'Club_Swing' closed 0.06m, Yoru now 3.0m away (range 3.5)
[ 13889  123.737 x1.00] LOG  [OniBoss:ClubPos] Club_Swing at strike: club tip 3.02m up, 2.71m in front, -2.84m to his right (3.92m out from his centre). Club faces -78deg from his forward, pitch 0.40. (the ground wave is born 1.6m in front of him at 0.35m.)
[ 13889  123.737 x1.00] LOG  [OniBoss:Layer] Club_Swing: club has not connected — ground wave released ARMED, 1.6m in front, 12m/s x 6.0m = 0.50s, carrying 8 (half of the club's 16).
[ 13890  123.747 x1.00] LOG  [Peach] light hit 8 dmg: 1 bite (Cannot Die held her at 1 bite). 1/16 bites = 0.25 of 4 peaches
[ 13890  123.747 x1.00] LOG  [Momentum] 14 -> 7 (light hit taken, 50% = -7), speed x1.35, damage x1.35, impact x1.35
[ 13890  123.747 x1.00] LOG  [Combat] Combo memory: light hit, keeping step 3
[ 13890  123.747 x1.00] LOG  [Combat] Hit react: HitReact_Light_2Leg (0.5s, clip starts at 0.35s)
[ 13890  123.747 x1.00] LOG  [CameraGameFeel] Shake: intensity=0.30 duration=0.200s
[ 13890  123.747 x1.00] LOG  [CameraGameFeel] FOV punch: player damage (-2.0°)
[ 13890  123.747 x1.00] LOG  [OniBoss:Wave] wave TOUCHED Yoru (grounded) for 8 after 0.1m / 0.01s of travel.
[ 13892  123.766 x1.00] LOG  [HitReactTrace] asked for 'HitReact_Light_2Leg' (0.50s, clip start 0.35s): playing it, blend resolved after 19 ms, state 1.21s long at speed 1.00, now at 0.36s, layer weight 1.00, animator.speed 1.00.
[ 13948  124.216 x1.00] LOG  [OniBoss] Attack → Recovery
[ 13948  124.216 x1.00] LOG  [OniBoss] Playing animation: Watch
[ 13948  124.216 x1.00] LOG  [OniBoss:Trail] trail END at clip 0.99, fading over 0.40s.
[ 13948  124.216 x1.00] LOG  [OniBoss:Strike] Club_Swing: club tip closest to Yoru at 1.49m, clip position 0.91 | damage fires at 0.42 | clip 0.84s => damage fires 412 ms BEFORE the club is closest
[ 13966  124.352 x1.00] LOG  [Combat] Combo 1: 10 dmg
[ 13966  124.352 x1.00] LOG  [ComboTrace] START step=1 state='Combo1' queued=0 target='OniBoss' at 3.0m
[ 13966  124.352 x1.00] LOG  [ComboTrace] LAUNCH OniBoss at 1.7m dist=1.73m in 0.17s
[ 13968  124.369 x1.00] LOG  [OniBoss] Recovery → Attack
[ 13968  124.369 x1.00] LOG  [OniBoss] Attack: ClubSwing2 (16 dmg)
[ 13968  124.369 x1.00] LOG  [OniBoss:Trail] ClubSwing2 trail START at clip 1.00 (transition still blending).
[ 13989  124.533 x1.00] LOG  [ComboTrace] LAUNCH RESULT wanted=1.73m actually moved=1.02m, completed
[ 13993  124.571 x1.00] LOG  [Combat] Queued click #1 (combo 1)
[ 13993  124.571 x1.00] LOG  [ComboTrace] QUEUED #1 during step 1
[ 14009  124.697 x1.00] LOG  [CameraGameFeel] Shake: intensity=0.20 duration=0.250s
[ 14009  124.697 x1.00] LOG  [Peach] heavy hit 24 dmg: 3 bites (Cannot Die held her at 1 bite). 1/16 bites = 0.25 of 4 peaches
[ 14009  124.697 x1.00] LOG  [Momentum] 7 -> 0 (heavy hit taken, reset), speed x1.00, damage x1.00, impact x1.00
[ 14009  124.697 x1.00] LOG  [Combat] Hit react: HitReact_Heavy_2Leg (0.9s, clip starts at 0.35s)
[ 14009  124.697 x1.00] LOG  [CameraGameFeel] Shake: intensity=0.60 duration=0.200s
[ 14009  124.697 x1.00] LOG  [CameraGameFeel] FOV punch: player damage (-3.0°)
[ 14009  124.697 x1.00] LOG  [OniBoss] Hit player for 24 (ClubSwing2) [combo x1.50]
[ 14009  124.697 x1.00] LOG  [OniBoss:Touch] ClubSwing2: club TOUCHED Yoru at clip 0.28, shaft 0.65m from her body line, head 0.48 along the club, tip 1.83m up, tip speed 91m/s, ONE FRAME EARLY (predicted). Full club hit delivered this frame.
[ 14010  124.705 x1.00] LOG  [HitReactTrace] asked for 'HitReact_Heavy_2Leg' (0.90s, clip start 0.35s): NOT playing it, another state took the combat layer, blend resolved after 9 ms, state 0.70s long at speed 1.60, now at 0.34s, layer weight 1.00, animator.speed 1.00.
[ 14010  124.705 x1.00] LOG  OniBoss took 10 damage. HP: 14/2500
[ 14010  124.705 x1.00] LOG  [OniBoss] 🤕 Hit during Attack — flash only
[ 14010  124.705 x1.00] LOG  [Momentum] 0 -> 1 (hit), speed x1.05, damage x1.05, impact x1.05
[ 14010  124.705 x1.00] LOG  [CameraGameFeel] Shake: intensity=0.06 duration=0.080s
[ 14010  124.705 x1.00] LOG  [Combat] Hit OniBoss for 10
[ 14010  124.705 x1.00] LOG  [CameraGameFeel] Shake: intensity=0.53 duration=0.200s
[ 14010  124.705 x1.00] LOG  [CameraGameFeel] FOV punch: hit light (+1.5°)
[ 14021  124.795 x1.00] LOG  [OniBoss:ClubPos] ClubSwing2 at strike: club tip 0.13m up, 1.72m in front, 2.52m to his right (3.05m out from his centre). Club faces 9deg from his forward, pitch -0.88. (the ground wave is born 1.6m in front of him at 0.35m.)
[ 14021  124.795 x1.00] LOG  [OniBoss:Layer] ClubSwing2: club already hit — ground wave released as VISUAL only (0 damage), finisher size x2.0.
[ 14119  125.573 x1.00] LOG  [OniBoss] Attack → Recovery
[ 14119  125.573 x1.00] LOG  [OniBoss] Playing animation: Watch
[ 14119  125.573 x1.00] LOG  [OniBoss:Trail] trail END at clip 0.99, fading over 0.40s.
[ 14119  125.573 x1.00] LOG  [OniBoss:Strike] ClubSwing2: club tip closest to Yoru at 1.31m, clip position 0.30 | damage fires at 0.32 | clip 1.17s => MATCHED (within one or two frames)
[ 14139  125.730 x1.00] LOG  [OniBoss] Recovery → Chase
[ 14140  125.736 x1.00] LOG  [OniBoss] hold-ground: BACKSTEP 1.5m (player 2.2m)
[ 14177  126.102 x1.00] LOG  [OniBoss] hold-ground: backstep done (0.58m), WATCH (player 4.3m, cooldown 0.8s)
[ 14177  126.102 x1.00] LOG  [OniBoss] Playing animation: Idle
[ 14183  126.154 x1.00] LOG  [OniBoss] Playing animation: run
[ 14268  126.826 x1.00] LOG  [StormWeather] ⚡ strike at (474.84, 45.00, 447.97)
[ 14271  126.850 x1.00] LOG  [OniBoss] Playing animation: Watch
[ 14280  126.932 x1.00] LOG  [OniBoss] Combo started: swing1-2 (2 steps remaining)
[ 14280  126.932 x1.00] LOG  [OniBoss] Chase → Attack
[ 14280  126.932 x1.00] LOG  [OniBoss] Attack: Club_Swing (16 dmg)
[ 14280  126.932 x1.00] LOG  [OniBoss:Trail] Club_Swing trail START at clip 0.83 (transition still blending).
[ 14280  126.932 x1.00] LOG  [Combat] Combo 1: 10 dmg
[ 14280  126.932 x1.00] LOG  [ComboTrace] START step=1 state='Combo1' queued=0 target='OniBoss' at 3.3m
[ 14280  126.932 x1.00] LOG  [ComboTrace] LAUNCH OniBoss at 2.0m dist=1.98m in 0.20s
[ 14304  127.128 x1.00] LOG  [ComboTrace] LAUNCH RESULT wanted=1.98m actually moved=1.25m, completed
[ 14316  127.210 x1.00] LOG  [Momentum] 1 -> 0 (drain), speed x1.00, damage x1.00, impact x1.00
[ 14328  127.298 x1.00] LOG  [OniBoss:ClubPos] Club_Swing at strike: club tip 3.02m up, 2.40m in front, -3.01m to his right (3.85m out from his centre). Club faces -84deg from his forward, pitch 0.41. (the ground wave is born 1.6m in front of him at 0.35m.)
[ 14328  127.298 x1.00] LOG  [OniBoss:Layer] Club_Swing: club has not connected — ground wave released ARMED, 1.6m in front, 12m/s x 6.0m = 0.50s, carrying 8 (half of the club's 16).
[ 14329  127.308 x1.00] LOG  [Peach] light hit 8 dmg: 1 bite (Cannot Die held her at 1 bite). 1/16 bites = 0.25 of 4 peaches
[ 14329  127.308 x1.00] LOG  [Combat] Combo memory: light hit, keeping step 1
[ 14329  127.308 x1.00] LOG  [Combat] Hit react: HitReact_Light_2Leg (0.5s, clip starts at 0.35s)
[ 14329  127.308 x1.00] LOG  [CameraGameFeel] Shake: intensity=0.30 duration=0.200s
[ 14329  127.308 x1.00] LOG  [CameraGameFeel] FOV punch: player damage (-2.0°)
[ 14329  127.308 x1.00] LOG  [OniBoss:Wave] wave TOUCHED Yoru (grounded) for 8 after 0.1m / 0.01s of travel.
[ 14332  127.334 x1.00] LOG  [HitReactTrace] asked for 'HitReact_Light_2Leg' (0.50s, clip start 0.35s): playing it, blend resolved after 26 ms, state 1.21s long at speed 1.00, now at 0.37s, layer weight 1.00, animator.speed 1.00.
[ 14388  127.773 x1.00] LOG  [OniBoss] Attack → Recovery
[ 14388  127.773 x1.00] LOG  [OniBoss] Playing animation: Watch
[ 14388  127.773 x1.00] LOG  [OniBoss:Trail] trail END at clip 1.00, fading over 0.40s.
[ 14388  127.773 x1.00] LOG  [OniBoss:Strike] Club_Swing: club tip closest to Yoru at 0.50m, clip position 0.91 | damage fires at 0.42 | clip 0.84s => damage fires 414 ms BEFORE the club is closest
[ 14407  127.924 x1.00] LOG  [OniBoss] Recovery → Attack
[ 14407  127.924 x1.00] LOG  [OniBoss] Attack: ClubSwing2 (16 dmg)
[ 14407  127.924 x1.00] LOG  [OniBoss:Trail] ClubSwing2 trail START at clip 1.00 (transition still blending).
[ 14414  127.980 x1.00] LOG  [Combat] Combo 2: 20 dmg
[ 14414  127.980 x1.00] LOG  [ComboTrace] START step=2 state='Combo2' queued=0 target='OniBoss' at 2.0m
[ 14414  127.980 x1.00] LOG  [ComboTrace] LAUNCH OniBoss at 0.8m dist=0.83m in 0.13s
[ 14431  128.117 x1.00] LOG  [ComboTrace] LAUNCH RESULT wanted=0.83m actually moved=0.00m, completed
[ 14442  128.192 x1.00] LOG  [Combat] Queued click #1 (combo 2)
[ 14442  128.192 x1.00] LOG  [ComboTrace] QUEUED #1 during step 2
[ 14450  128.260 x1.00] LOG  [CameraGameFeel] Shake: intensity=0.20 duration=0.250s
[ 14450  128.260 x1.00] LOG  [Peach] heavy hit 24 dmg: 3 bites (Cannot Die held her at 1 bite). 1/16 bites = 0.25 of 4 peaches
[ 14450  128.260 x1.00] LOG  [Combat] Hit react: HitReact_Heavy_2Leg (0.9s, clip starts at 0.35s)
[ 14450  128.260 x1.00] LOG  [CameraGameFeel] Shake: intensity=0.60 duration=0.200s
[ 14450  128.260 x1.00] LOG  [CameraGameFeel] FOV punch: player damage (-3.0°)
[ 14450  128.260 x1.00] LOG  [OniBoss] Hit player for 24 (ClubSwing2) [combo x1.50]
[ 14450  128.260 x1.00] LOG  [OniBoss:Touch] ClubSwing2: club TOUCHED Yoru at clip 0.29, shaft 0.60m from her body line, head 0.50 along the club, tip 1.30m up, tip speed 94m/s. Full club hit delivered this frame.
[ 14451  128.268 x1.00] LOG  [HitReactTrace] asked for 'HitReact_Heavy_2Leg' (0.90s, clip start 0.35s): NOT playing it, another state took the combat layer, blend resolved after 8 ms, state 1.35s long at speed 1.60, now at 0.28s, layer weight 1.00, animator.speed 1.00.
[ 14457  128.317 x1.00] LOG  [OniBoss:ClubPos] ClubSwing2 at strike: club tip 0.41m up, 1.25m in front, 3.04m to his right (3.29m out from his centre). Club faces 36deg from his forward, pitch -0.89. (the ground wave is born 1.6m in front of him at 0.35m.)
[ 14457  128.317 x1.00] LOG  [OniBoss:Layer] ClubSwing2: club already hit — ground wave released as VISUAL only (0 damage), finisher size x2.0.
[ 14552  129.091 x1.00] LOG  [OniBoss] Attack → Recovery
[ 14552  129.091 x1.00] LOG  [OniBoss] Playing animation: Watch
[ 14552  129.091 x1.00] LOG  [OniBoss:Trail] trail END at clip 0.99, fading over 0.40s.
[ 14552  129.091 x1.00] LOG  [OniBoss:Strike] ClubSwing2: club tip closest to Yoru at 1.30m, clip position 0.30 | damage fires at 0.32 | clip 1.17s => MATCHED (within one or two frames)
[ 14571  129.241 x1.00] LOG  [OniBoss] Recovery → Chase
[ 14572  129.248 x1.00] LOG  [OniBoss] hold-ground: BACKSTEP 1.5m (player 2.0m)
[ 14604  129.508 x1.00] LOG  [Combat] Combo 1: 10 dmg
[ 14604  129.508 x1.00] LOG  [ComboTrace] START step=1 state='Combo1' queued=0 target='OniBoss' at 2.4m
[ 14604  129.508 x1.00] LOG  [ComboTrace] LAUNCH OniBoss at 1.2m dist=1.20m in 0.13s
[ 14618  129.637 x1.00] LOG  [ComboTrace] LAUNCH RESULT wanted=1.20m actually moved=0.59m, completed
[ 14626  129.689 x1.00] LOG  [Combat] Queued click #1 (combo 1)
[ 14626  129.689 x1.00] LOG  [ComboTrace] QUEUED #1 during step 1
[ 14661  129.941 x1.00] LOG  [Combat] Queued click #2 (combo 1)
[ 14661  129.941 x1.00] LOG  [ComboTrace] QUEUED #2 during step 1
[ 14666  129.979 x1.00] LOG  OniBoss took 10 damage. HP: 4/2500
[ 14666  129.979 x1.00] LOG  [OniBoss] Chase → HitReact
[ 14666  129.979 x1.00] LOG  [OniBoss:Layer] react tier: LIGHT (10 dmg) → 'Hit_react_light'
[ 14666  129.979 x1.00] LOG  [OniReactTrace] #30 LIGHT (10 dmg) asked for 'Hit_react_light': crossfade 0.08s, animator speed 1.35, world x1.00
[ 14666  129.979 x1.00] LOG  [Momentum] 0 -> 1 (hit), speed x1.05, damage x1.05, impact x1.05
[ 14666  129.979 x1.00] LOG  [CameraGameFeel] Shake: intensity=0.06 duration=0.080s
[ 14666  129.979 x1.00] LOG  [Combat] Hit OniBoss for 10
[ 14666  129.979 x1.00] LOG  [CameraGameFeel] Shake: intensity=0.53 duration=0.200s
[ 14666  129.979 x1.00] LOG  [CameraGameFeel] FOV punch: hit light (+1.5°)
[ 14667  129.988 x1.00] LOG  [OniReactTrace] #30 +0.01s state SOMETHING ELSE, clip on his bones 'Take 001' weight 1.00, layer weight 1.00, animator speed 0.00, world x1.00, engine HitReact
[ 14677  130.068 x1.00] LOG  [StormWeather] ⚡ strike at (476.35, 45.00, 449.91)
[ 14679  130.082 x1.00] LOG  [OniReactTrace] #30 +0.10s state SOMETHING ELSE, clip on his bones 'Take 001' weight 0.03, blending INTO 'Hit_react_light', layer weight 1.00, animator speed 1.35, world x1.00, engine HitReact
[ 14687  130.140 x1.00] LOG  🐾 VFX_AttackPaw triggered!
[ 14696  130.219 x1.00] LOG  [ComboTrace] CLICK IGNORED (step=1 queued=2)
[ 14698  130.232 x1.00] LOG  [OniReactTrace] #30 +0.25s state 'Hit_react_light' at 34 % of its 0.62s, clip on his bones 'Take 001' weight 1.00, layer weight 1.00, animator speed 1.35, world x1.00, engine HitReact
[ 14700  130.254 x1.00] LOG  [Combat] Combo 2: 20 dmg
[ 14700  130.254 x1.00] LOG  [ComboTrace] START step=2 state='Combo2' queued=1 target='OniBoss' at 2.6m
[ 14700  130.254 x1.00] LOG  [ComboTrace] LAUNCH OniBoss at 1.3m dist=1.34m in 0.13s
[ 14716  130.380 x1.00] LOG  [ComboTrace] LAUNCH RESULT wanted=1.34m actually moved=0.59m, completed
[ 14722  130.430 x1.00] LOG  [OniReactTrace] #30 +0.45s state 'Hit_react_light' at 66 % of its 0.62s, clip on his bones 'Take 001' weight 1.00, layer weight 1.00, animator speed 1.35, world x1.00, engine HitReact
[ 14729  130.489 x1.00] LOG  [Combat] Queued click #2 (combo 2)
[ 14729  130.489 x1.00] LOG  [ComboTrace] QUEUED #2 during step 2
[ 14755  130.680 x1.00] LOG  [OniReactTrace] #30 +0.70s state 'Hit_react_light' at 100 % of its 0.62s, clip on his bones 'Take 001' weight 1.00, layer weight 1.00, animator speed 1.35, world x1.00, engine HitReact
[ 14761  130.735 x1.00] LOG  [ComboTrace] CLICK IGNORED (step=2 queued=2)
[ 14768  130.780 x1.00] LOG  [OniBoss] HitReact → Chase
[ 14769  130.788 x1.00] LOG  [OniBoss] Playing animation: Watch
[ 14769  130.788 x1.00] LOG  [OniBoss] Chase → Attack
[ 14769  130.788 x1.00] LOG  [OniBoss] Attack: ClubSwing2 (16 dmg)
[ 14769  130.788 x1.00] LOG  [OniBoss:Trail] ClubSwing2 trail START at clip 1.00 (transition done).
[ 14778  130.852 x1.00] LOG  🐾🐾 VFX_TowPaw triggered!
[ 14781  130.876 x1.00] LOG  OniBoss took 21 damage. HP: 0/2500
[ 14781  130.876 x1.00] LOG  💀 OniBoss died!
[ 14781  130.876 x1.00] LOG  [OniBoss] Attack → Dead
[ 14781  130.876 x1.00] LOG  [OniBoss] Playing animation: Death
[ 14781  130.876 x1.00] LOG  [Combat] Hit OniBoss for 21
[ 14781  130.876 x1.00] LOG  [CameraGameFeel] Shake: intensity=0.53 duration=0.200s
[ 14781  130.876 x1.00] LOG  [CameraGameFeel] FOV punch: hit light (+1.5°)
[ 14782  130.883 x1.00] LOG  [StormWeather] fur lights back to base.
[ 14782  130.883 x1.00] LOG  [StormWeather] COZY → 'Clear' (fight over, sky clears, 3 s)
[ 14782  130.883 x1.00] LOG  [StormWeather] FIGHT OVER (he is down) - storm winding down, weather back to pre-fight.
[ 14782  130.883 x1.00] LOG  [OniBoss:Trail] trail END at clip 1.00, fading over 0.40s.
[ 14788  130.931 x1.00] LOG  [OniReactTrace] #30 +0.95s state 'Hit_react_light' at 100 % of its 1.39s, clip on his bones '?' weight 0.00, blending into a DIFFERENT state, layer weight 1.00, animator speed 1.35, world x1.00, engine Dead
[ 14788  130.931 x1.00] LOG  [OniReactTrace] #30 LIGHT verdict: played to 100 % of the clip, so the reaction IS on screen and what is missing is movement inside the clip itself
[ 14796  131.001 x1.00] LOG  [ComboTrace] CLICK IGNORED (step=2 queued=2)
[ 14824  131.224 x1.00] LOG  [ComboTrace] CLICK IGNORED (step=2 queued=2)
[ 14827  131.251 x1.00] LOG  🐾🐾 VFX_TowPaw triggered!
[ 14830  131.277 x1.00] LOG  [Combat] Combo 3: 35 dmg
[ 14830  131.277 x1.00] LOG  [ComboTrace] START step=3 state='Combo3' queued=1 target=none: no collider on enemyLayer within 8m
[ 14830  131.277 x1.00] LOG  [ComboTrace] LAUNCH STEP (no enemy) dist=0.90m in 0.13s
[ 14830  131.277 x1.00] LOG  [YoruVFX] Ground hazard: 'VFX_Void_Area_GroundSpinYORU' laid at GroundVFX ((452.76, 1.06, 452.31)), floor tilt 0.0 deg, 17 delays shifted by 2.00s, own lifetime 8.98s
[ 14830  131.277 x1.00] LOG  [Combat] Hazard zone laid: 8.98s, 25 dmg every 0.50s in 2.00m
[ 14843  131.419 x1.00] LOG  [ComboTrace] LAUNCH RESULT wanted=0.90m actually moved=0.90m, completed
[ 14925  132.053 x1.00] LOG  [ComboTrace] END step=3 clipProgress=0.95 clipLen=0.79s queued=0 elapsed=0.78s
[ 14980  132.489 x1.00] LOG  [Momentum] 1 -> 0 (drain), speed x1.00, damage x1.00, impact x1.00
[ 15028  132.865 x1.00] LOG  [BossBar] Hiding bar (enemy dead + delay elapsed)
[ 15029  132.872 x1.00] LOG  [StormWeather] storm break released
[ 15092  133.393 x1.00] LOG  [StormWeather] storm post weight -> 0.00
[ 15964  140.125 x1.00] LOG  [YoruFurWeather] under cover, wind fading out.
[ 16099  141.096 x1.00] LOG  [YoruFurWeather] rain off the coat, drying.
[ 18517  156.093 x0.00] LOG  [Pause] screen frozen: 1426 x 802 from screen copy, turned the right way up (Auto), levels 0.01 to 0.51 (measured), world 0.58, blur mip 3.0
[ 18585  156.548 x0.00] LOG  [Pause] paused: world clock was x1.00, screen frozen and blurred, up in 0.45s real
[ 18852  158.368 x0.00] LOG  [StormWeather] terrain layers restored to dry values.
# end — 2403 lines
