# Oni combat log — 2026-08-20 14:39:25
# Unity 6000.2.7f2 | scene 'CaveScene_Oni_Boss1' | platform OSXEditor
# columns: [frame realSeconds timeScale] KIND message      (KIND: LOG WARN ERR EXC TEL)
#
[     0    0.000 x1.00] LOG  [OniLog] console + telemetry → /Users/asenahazal/Documents/Yoru/OniLogs/oni_2026-08-20_14-39-25.log
[     1    0.000 x1.00] LOG  [TailAirShot4Leg] Ready. drawState=shoot_4Leg castParam=Shoot4LegSpeed (found) readyFrame=5 fireFrame=10 frames=24 slowBudget=3s real damageMultiplier=2.00
  arrow leaves: PlayerYoru_1.1/Cat_All_10_Tails_v4/Group/DeformationSystem/root/Root_M/Tail15_R/Tail151_R/Tail152_R/Tail153_R/Tail154_R/Tail155_R/Tail156_R/Tail157_R/Tail158_R/Tail159_R/Tail1510_R/Tail1511_R/Tail1512_R/Tail6_R/Tail6_R_end/Tail6_R_end_end/Tail6_R_end_end_end/RightTailTip_Anchor
  aim VFX left:  PlayerYoru_1.1/Cat_All_10_Tails_v4/Group/DeformationSystem/root/Root_M/Tail15_L/Tail151_L/Tail152_L/Tail153_L/Tail154_L/Tail155_L/Tail156_L/Tail157_L/Tail158_L/Tail159_L/Tail1510_L/Tail1511_L/Tail1512_L/Tail6_L/Tail6_L_end/Tail6_L_end_end/Tail6_L_end_end_end/LeftTailTip_Anchor/Glow_4Leg_L
  aim VFX right: PlayerYoru_1.1/Cat_All_10_Tails_v4/Group/DeformationSystem/root/Root_M/Tail15_R/Tail151_R/Tail152_R/Tail153_R/Tail154_R/Tail155_R/Tail156_R/Tail157_R/Tail158_R/Tail159_R/Tail1510_R/Tail1511_R/Tail1512_R/Tail6_R/Tail6_R_end/Tail6_R_end_end/Tail6_R_end_end_end/RightTailTip_Anchor/Glow_4Leg_R
[     1    0.000 x1.00] LOG  [TailAirShot] Ready. drawState=RightTail_Fast castParam=TailCastSpeed (found)
  arrow leaves: PlayerYoru_1.1/Cat_All_10_Tails_v4/Group/DeformationSystem/root/Root_M/Tail15_R/Tail151_R/Tail152_R/Tail153_R/Tail154_R/Tail155_R/Tail156_R/Tail157_R/Tail158_R/Tail159_R/Tail1510_R/Tail1511_R/Tail1512_R/Tail6_R/Tail6_R_end/Tail6_R_end_end/Tail6_R_end_end_end/RightTailTip_Anchor
  aim VFX: PlayerYoru_1.1/Cat_All_10_Tails_v4/Group/DeformationSystem/root/Root_M/Tail15_R/Tail151_R/Tail152_R/Tail153_R/Tail154_R/Tail155_R/Tail156_R/Tail157_R/Tail158_R/Tail159_R/Tail1510_R/Tail1511_R/Tail1512_R/Tail6_R/Tail6_R_end/Tail6_R_end_end/Tail6_R_end_end_end/RightTailTip_Anchor/vfx_Muzzle_Fireball01Blue
[     1    0.000 x1.00] LOG  [PlayerCombat] Phase 2 form gate CONNECTED (FormController found on this GameObject).
[     1    0.000 x1.00] LOG  [Combat] PlayerCombat initialized — Phase 3C v27
[     1    0.000 x1.00] LOG  [RingMesh] VFX Status:
[     1    0.000 x1.00] LOG    Left: Prefab=✓, Spawn=Tail6_L_end_end_end
[     1    0.000 x1.00] LOG    Right: Prefab=✓, Spawn=Tail6_R_end_end_end
[     1    0.000 x1.00] LOG  === VFX MANAGER INITIALIZED ===
[     1    0.000 x1.00] LOG  Auto-detect animations: False
[     1    0.000 x1.00] LOG  Parent effects to tail: True
[     1    0.000 x1.00] LOG  Prefabs: Jump=True, Land=True, LTail=True, RTail=True
[     1    0.000 x1.00] LOG  ✅ Left Tail Tip: LeftTailVFX
[     1    0.000 x1.00] LOG  ✅ Right Tail Tip: RightTailTip_Anchor
[     1    0.000 x1.00] LOG  [StormWeather] layer 'TerrainLayer_Dirt_01' dry smoothness=0.00 (restore to this if a crash ever leaves it wet)
[     1    0.000 x1.00] LOG  [StormWeather] Ready. Rain on, floor drying... wait, soaking.
[     1    0.000 x1.00] LOG  [FreezeDebug v3] Armed. Manual=L. Auto=True. Buffer=60 snaps @ 0.1s = 6.0s history.
[     1    0.000 x1.00] LOG  [BossBar] BossHealthBarUI initialized
[     1    0.000 x1.00] LOG  OniBoss initialized with 500 HP
[     1    0.000 x1.00] LOG  [OniBoss] ANIMATOR SETUP: cullingMode=CullUpdateTransforms updateMode=Normal applyRootMotion=False speed=1
[     1    0.000 x1.00] LOG  [OniBoss] Initialized
[     1    0.000 x1.00] LOG  [OniBoss:Layer] facing: minFlat 1m, snapOnAttack off, trackInHitReact off
[     1    0.000 x1.00] LOG  [OniBoss:Layer] Yoru launch model ON: launches ALL THE WAY to an enemy within 4.7m of its surface at 10m/s (stop gap 0.00m, NO minimum distance), else steps 0.90m forward. Targeting cone left exactly as her prefab has it.
[     1    0.000 x1.00] LOG  [OniBoss:Layer] Yoru launch ROUND 9: airborne attacks launch too (ON), edge probe now runs on its OWN layer mask (Everything) instead of the line-of-sight mask - the Ground-only mask found no floor in this cave and was cancelling 100% of launches at 0.00m travelled.
[     1    0.000 x1.00] LOG  [OniBoss:Layer] skinned meshes: 46 renderer(s), updateWhenOffscreen ON, body renderer 'Body' rootBone 'Hips'
[     1    0.000 x1.00] LOG  [OniBoss:Layer] charge travel bone: 'Hips' at depth 1 under 'OniBoss', rest local (0.00, 3.24, -0.24)
[     1    0.000 x1.00] LOG  [OniBoss:Layer] charge drive ON (windup to 0.40 at x1.3, rush 14m/s stops at 2.6m, steers 0.35s then commits, strike section from 0.58, strike moment 0.76, trail VFX off)
[     1    0.000 x1.00] LOG  [OniBoss:Layer] attack armor ON (his swings are not interrupted by light/medium hits; heavy hits and rapid-hit bursts still stop him)
[     1    0.000 x1.00] LOG  [OniBoss:Layer] strike moments overridden: Club_Swing=0.55 ClubSwing2=0.32 ClubSlam=0.52 KanaboSweep=0.48
[     1    0.000 x1.00] LOG  [OniBoss:Layer] hold-ground ON (backstep 1.5m @ 1.6m/s after own attacks, watch 'Watch', attack facing LOCKED)
[     1    0.000 x1.00] LOG  [OniBoss:Layer] OniBoss layer ready (reactions, wake-on-hit, watch stance, boss bar). player=found
[     1    0.000 x1.00] WARN [OniBoss] animator state 'KanaboSweep' uses the SAME clip as 'Idle' — the sweep attack plays the idle pose. Drag the 'Oni Kanabo sweep' clip onto KanaboSweep's Motion field.
[     1    0.000 x1.00] LOG  [OniBoss:Layer] charge clip 'Oni Charge.fbx' imports with Root Motion Node = None (in place) — good.
[     1    0.000 x1.00] LOG  [OniBoss:Layer] clips importing with Root Transform Position (Y) NOT baked into pose (12): Oni_Alert(Oni Alert), Club_Slam(Oni Club Slam), Club_Swing(Oni Club Swing), Club_swing2(Oni Club Swing 2), Death(Oni Death Kneel), Hit_react_light(Oni Hit react lighter light), KanaboSweep(Oni Idle), Phase_Transition(Oni Phase transition), run(Oni Run), Walk(Oni Walk), Watch(Oni Watch), Idle(Oni Idle) — their hips' up/down motion is stripped (see round notes; optional).
[     1    0.000 x1.00] LOG  [VolumetricFogController] Found VolumetricFog component on mainCamera (1)
[     1    0.000 x1.00] LOG  [VolumetricFogController] Reflection init: density=True, height=True, baselineHeight=True, alpha=True, noiseStrength=True, lightScatteringExposure=True
[     1    0.000 x1.00] LOG  [VolumetricFogController] Initialized with Neutral preset (height=60, baselineHeight=0)
[     1    0.000 x1.00] WARN [VolumetricFogController] WorldStateManager not found!
[     1    0.000 x1.00] LOG  [CameraGameFeel] CameraGameFeel initialized (shake + FOV)
[     1    1.673 x1.00] LOG  [OniBoss] Playing animation: Idle
[    53    2.259 x1.00] LOG  💨 Landing VFX spawned!
[    53    2.259 x1.00] LOG  ✅ LANDED! (was jump #0)
[   398    3.784 x1.00] LOG  
==================== [FREEZE-DEBUG v3] ====================
  Reason : WASD-NOMOVE: WASD recent + speed 0.00m/s for 0.40s
  Time   : 1.805s   Frame: 398   Snaps: 18
===========================================================

--- CURRENT STATE ---
  Flags: atk=False hvy=False dod=False dsh=False
         grd=False hit=False aerial=False lockPos=False
         comboStep=0
  Anim : speed=1.00  combatLayer hash=-792875657 normT=1.801 weight=1.00 inTransition=False
  CC   : grounded=True  enabled=True  pos=(474.50, 0.85, 427.99)  vel=(0.00, -0.43, 0.00)
  Move : IsRunning=False
  Input: H=0.00 V=1.00  LMB=False MMB=False Q=False Sp=False Sh=False C=False
         WASD pressed in last 0.5s: True (last 0.00s ago)

--- FLIGHT RECORDER (18 snapshots, oldest first, dt=0.10s) ---
  Legend: flags = A(tk) H(vy) D(od) S(sh) G(rd) R(eact) Y(aerial) L(ock)   gnd/cc: Y/n
  t-now    flags     step gnd cc anSp normT layW tr | posX     posZ     spd   | H    V    LMB MMB Q  Sp Sh C
  ------   --------  ---- --- -- ---- ----- ---- -- | -----    -----    ----  | ---- ---- --- --- -- -- -- -
  - 1.81s  --------    0  n   Y  1.00  0.00 1.00 -  |   474.5    427.2  0.00 |  0.0  0.0 0   0   0  0  0  0
  - 1.70s  --------    0  n   Y  1.00  0.10 1.00 -  |   474.5    427.2  0.00 |  0.0  0.0 0   0   0  0  0  0
  - 1.60s  --------    0  n   Y  1.00  0.20 1.00 -  |   474.5    427.2  0.00 |  0.0  0.0 0   0   0  0  0  0
  - 1.50s  --------    0  Y   Y  1.00  0.30 1.00 -  |   474.5    427.2  0.00 |  0.0  0.0 0   0   0  0  0  0
  - 1.40s  --------    0  Y   Y  1.00  0.40 1.00 -  |   474.5    427.2  0.00 |  0.0  0.0 0   0   0  0  0  0
  - 1.30s  --------    0  Y   Y  1.00  0.50 1.00 -  |   474.5    427.2  0.00 |  0.0  0.0 0   0   0  0  0  0
  - 1.20s  --------    0  Y   Y  1.00  0.60 1.00 -  |   474.5    427.2  0.00 |  0.0  0.0 0   0   0  0  0  0
  - 1.10s  --------    0  Y   Y  1.00  0.70 1.00 -  |   474.5    427.2  0.00 |  0.0  0.0 0   0   0  0  0  0
  - 0.99s  --------    0  Y   Y  1.00  0.81 1.00 -  |   474.5    427.2  0.00 |  0.0  0.0 0   0   0  0  0  0
  - 0.89s  --------    0  Y   Y  1.00  0.91 1.00 -  |   474.5    427.2  0.00 |  0.0  0.0 0   0   0  0  0  0
  - 0.79s  --------    0  Y   Y  1.00  1.01 1.00 -  |   474.5    427.2  0.00 |  0.0  0.0 0   0   0  0  0  0
  - 0.69s  --------    0  Y   Y  1.00  1.11 1.00 -  |   474.5    427.2  0.00 |  0.0  0.0 0   0   0  0  0  0
  - 0.59s  --------    0  Y   Y  1.00  1.22 1.00 -  |   474.5    427.2  0.00 |  0.0  0.0 0   0   0  0  0  0
  - 0.48s  --------    0  Y   Y  1.00  1.32 1.00 -  |   474.5    427.2  0.00 |  0.0  0.0 0   0   0  0  0  0
  - 0.38s  --------    0  Y   Y  1.00  1.42 1.00 -  |   474.5    427.2  0.00 |  0.0  1.0 0   0   0  0  0  0
  - 0.28s  --------    0  Y   Y  1.00  1.52 1.00 -  |   474.5    427.4  0.00 |  0.0  1.0 0   0   0  0  0  0
  - 0.17s  --------    0  Y   Y  1.00  1.63 1.00 -  |   474.5    427.6  0.00 |  0.0  1.0 0   0   0  0  0  0
  - 0.07s  --------    0  Y   Y  1.00  1.73 1.00 -  |   474.5    427.8  0.00 |  0.0  1.0 0   0   0  0  0  0
=========================================================== END

[   736    5.361 x1.00] LOG  🚶 2-LEG JUMP
[   736    5.361 x1.00] LOG  🐾 Jump 1 VFX spawned!
[   812    5.721 x1.00] LOG  [Combat] Dodge: Dodge_2Leg (3m, 2leg)
[   812    5.721 x1.00] LOG  [AirPosePin] engaged, holding body at 1.840m above the transform
[   855    5.917 x1.00] LOG  [AirPosePin] released, peak correction was 0.353m
[   856    5.922 x1.00] LOG  [AirPosePin] engaged, holding body at 1.535m above the transform
[   857    5.927 x1.00] LOG  [AirPosePin] released, peak correction was 0.000m
[   858    5.932 x1.00] LOG  [AirPosePin] engaged, holding body at 1.580m above the transform
[   859    5.937 x1.00] LOG  [AirPosePin] released, peak correction was 0.000m
[   860    5.943 x1.00] LOG  [AirPosePin] engaged, holding body at 1.623m above the transform
[   861    5.949 x1.00] LOG  [AirPosePin] released, peak correction was 0.000m
[   862    5.953 x1.00] LOG  [AirPosePin] engaged, holding body at 1.654m above the transform
[   863    5.959 x1.00] LOG  [AirPosePin] released, peak correction was 0.000m
[   864    5.964 x1.00] LOG  [AirPosePin] engaged, holding body at 1.680m above the transform
[   865    5.970 x1.00] LOG  [AirPosePin] released, peak correction was 0.000m
[   866    5.975 x1.00] LOG  [AirPosePin] engaged, holding body at 1.698m above the transform
[   867    5.982 x1.00] LOG  [AirPosePin] released, peak correction was 0.000m
[   868    5.987 x1.00] LOG  [AirPosePin] engaged, holding body at 1.706m above the transform
[   869    5.992 x1.00] LOG  [AirPosePin] released, peak correction was 0.000m
[   870    6.007 x1.00] LOG  [AirPosePin] engaged, holding body at 1.700m above the transform
[   871    6.013 x1.00] LOG  [AirPosePin] released, peak correction was 0.000m
[   872    6.018 x1.00] LOG  [AirPosePin] engaged, holding body at 1.675m above the transform
[   873    6.021 x1.00] LOG  [AirPosePin] released, peak correction was 0.000m
[   874    6.027 x1.00] LOG  [AirPosePin] engaged, holding body at 1.626m above the transform
[   875    6.031 x1.00] LOG  [AirPosePin] released, peak correction was 0.000m
[   876    6.037 x1.00] LOG  [AirPosePin] engaged, holding body at 1.548m above the transform
[   877    6.041 x1.00] LOG  [AirPosePin] released, peak correction was 0.000m
[   878    6.048 x1.00] LOG  [AirPosePin] engaged, holding body at 1.462m above the transform
[   879    6.051 x1.00] LOG  [AirPosePin] released, peak correction was 0.000m
[   880    6.057 x1.00] LOG  [AirPosePin] engaged, holding body at 1.395m above the transform
[   881    6.061 x1.00] LOG  [AirPosePin] released, peak correction was 0.000m
[   882    6.067 x1.00] LOG  [AirPosePin] engaged, holding body at 1.341m above the transform
[   883    6.077 x1.00] LOG  [AirPosePin] released, peak correction was 0.000m
[   884    6.082 x1.00] LOG  [AirPosePin] engaged, holding body at 1.274m above the transform
[   885    6.085 x1.00] LOG  [AirPosePin] released, peak correction was 0.000m
[   886    6.088 x1.00] LOG  [AirPosePin] engaged, holding body at 1.243m above the transform
[   887    6.091 x1.00] LOG  [AirPosePin] released, peak correction was 0.000m
[   888    6.095 x1.00] LOG  [AirPosePin] engaged, holding body at 1.209m above the transform
[   889    6.098 x1.00] LOG  [AirPosePin] released, peak correction was 0.000m
[   890    6.101 x1.00] LOG  [AirPosePin] engaged, holding body at 1.177m above the transform
[   891    6.105 x1.00] LOG  [AirPosePin] released, peak correction was 0.000m
[   892    6.108 x1.00] LOG  [AirPosePin] engaged, holding body at 1.143m above the transform
[   893    6.113 x1.00] LOG  [AirPosePin] released, peak correction was 0.000m
[   894    6.118 x1.00] LOG  [AirPosePin] engaged, holding body at 1.094m above the transform
[   895    6.122 x1.00] LOG  [AirPosePin] released, peak correction was 0.000m
[   896    6.127 x1.00] LOG  [AirPosePin] engaged, holding body at 1.041m above the transform
[   897    6.132 x1.00] LOG  [AirPosePin] released, peak correction was 0.000m
[   898    6.138 x1.00] LOG  [AirPosePin] engaged, holding body at 0.980m above the transform
[   899    6.142 x1.00] LOG  [AirPosePin] released, peak correction was 0.000m
[   900    6.147 x1.00] LOG  [AirPosePin] engaged, holding body at 0.924m above the transform
[   901    6.158 x1.00] LOG  [AirPosePin] released, peak correction was 0.000m
[   902    6.161 x1.00] LOG  [AirPosePin] engaged, holding body at 0.858m above the transform
[   903    6.168 x1.00] LOG  [AirPosePin] released, peak correction was 0.000m
[   904    6.171 x1.00] LOG  [AirPosePin] engaged, holding body at 0.812m above the transform
[   905    6.177 x1.00] LOG  [AirPosePin] released, peak correction was 0.000m
[   906    6.181 x1.00] LOG  [AirPosePin] engaged, holding body at 0.778m above the transform
[   907    6.187 x1.00] LOG  [AirPosePin] released, peak correction was 0.000m
[   908    6.191 x1.00] LOG  [AirPosePin] engaged, holding body at 0.761m above the transform
[   909    6.197 x1.00] LOG  [AirPosePin] released, peak correction was 0.000m
[   910    6.206 x1.00] LOG  [AirPosePin] engaged, holding body at 0.784m above the transform
[   911    6.209 x1.00] LOG  [AirPosePin] released, peak correction was 0.000m
[   912    6.218 x1.00] LOG  [AirPosePin] engaged, holding body at 0.805m above the transform
[   913    6.221 x1.00] LOG  [AirPosePin] released, peak correction was 0.000m
[   914    6.227 x1.00] LOG  [AirPosePin] engaged, holding body at 0.804m above the transform
[   915    6.231 x1.00] LOG  [AirPosePin] released, peak correction was 0.000m
[   916    6.237 x1.00] LOG  [AirPosePin] engaged, holding body at 0.793m above the transform
[   917    6.241 x1.00] LOG  [AirPosePin] released, peak correction was 0.000m
[   919    6.251 x1.00] LOG  [AirPosePin] engaged, holding body at 0.771m above the transform
[   920    6.257 x1.00] LOG  [AirPosePin] released, peak correction was 0.000m
[   921    6.261 x1.00] LOG  [AirPosePin] engaged, holding body at 0.759m above the transform
[   922    6.267 x1.00] LOG  [AirPosePin] released, peak correction was 0.000m
[   923    6.271 x1.00] LOG  [AirPosePin] engaged, holding body at 0.745m above the transform
[   924    6.277 x1.00] LOG  [AirPosePin] released, peak correction was 0.000m
[   925    6.281 x1.00] LOG  [AirPosePin] engaged, holding body at 0.733m above the transform
[   926    6.287 x1.00] LOG  [AirPosePin] released, peak correction was 0.000m
[   927    6.291 x1.00] LOG  [AirPosePin] engaged, holding body at 0.720m above the transform
[   928    6.297 x1.00] LOG  [Combat] Dodge early exit at 85% (movement input)
[   928    6.297 x1.00] LOG  [Combat] Dodge ended
[   928    6.297 x1.00] LOG  [AirPosePin] released, peak correction was 0.000m
[   929    6.301 x1.00] LOG  ✅ LANDED! (was jump #0)
[  1096    7.182 x1.00] LOG  🚶 2-LEG JUMP
[  1096    7.182 x1.00] LOG  🐾 Jump 1 VFX spawned!
[  1158    7.512 x1.00] LOG  [Combat] Dodge: Dodge_2Leg (3m, 2leg)
[  1158    7.512 x1.00] LOG  [AirPosePin] engaged, holding body at 1.707m above the transform
[  1194    7.680 x1.00] LOG  [AirPosePin] released, peak correction was 0.372m
[  1195    7.684 x1.00] LOG  [AirPosePin] engaged, holding body at 1.385m above the transform
[  1196    7.689 x1.00] LOG  [AirPosePin] released, peak correction was 0.000m
[  1198    7.698 x1.00] LOG  [AirPosePin] engaged, holding body at 1.463m above the transform
[  1199    7.702 x1.00] LOG  [AirPosePin] released, peak correction was 0.000m
[  1200    7.707 x1.00] LOG  [AirPosePin] engaged, holding body at 1.507m above the transform
[  1201    7.712 x1.00] LOG  [AirPosePin] released, peak correction was 0.000m
[  1202    7.717 x1.00] LOG  [AirPosePin] engaged, holding body at 1.555m above the transform
[  1203    7.722 x1.00] LOG  [AirPosePin] released, peak correction was 0.000m
[  1204    7.727 x1.00] LOG  [AirPosePin] engaged, holding body at 1.597m above the transform
[  1205    7.732 x1.00] LOG  [AirPosePin] released, peak correction was 0.000m
[  1206    7.736 x1.00] LOG  [AirPosePin] engaged, holding body at 1.630m above the transform
[  1207    7.741 x1.00] LOG  [AirPosePin] released, peak correction was 0.000m
[  1208    7.746 x1.00] LOG  [AirPosePin] engaged, holding body at 1.660m above the transform
[  1209    7.752 x1.00] LOG  [AirPosePin] released, peak correction was 0.000m
[  1210    7.761 x1.00] LOG  [AirPosePin] engaged, holding body at 1.692m above the transform
[  1211    7.772 x1.00] LOG  [AirPosePin] released, peak correction was 0.000m
[  1212    7.778 x1.00] LOG  [AirPosePin] engaged, holding body at 1.706m above the transform
[  1213    7.781 x1.00] LOG  [AirPosePin] released, peak correction was 0.000m
[  1214    7.784 x1.00] LOG  [AirPosePin] engaged, holding body at 1.706m above the transform
[  1215    7.788 x1.00] LOG  [AirPosePin] released, peak correction was 0.000m
[  1216    7.791 x1.00] LOG  [AirPosePin] engaged, holding body at 1.705m above the transform
[  1217    7.794 x1.00] LOG  [AirPosePin] released, peak correction was 0.000m
[  1218    7.797 x1.00] LOG  [AirPosePin] engaged, holding body at 1.700m above the transform
[  1219    7.802 x1.00] LOG  [AirPosePin] released, peak correction was 0.000m
[  1220    7.807 x1.00] LOG  [AirPosePin] engaged, holding body at 1.679m above the transform
[  1221    7.812 x1.00] LOG  [AirPosePin] released, peak correction was 0.000m
[  1222    7.816 x1.00] LOG  [AirPosePin] engaged, holding body at 1.639m above the transform
[  1223    7.829 x1.00] LOG  [AirPosePin] released, peak correction was 0.000m
[  1225    7.841 x1.00] LOG  [AirPosePin] engaged, holding body at 1.444m above the transform
[  1226    7.844 x1.00] LOG  [AirPosePin] released, peak correction was 0.000m
[  1227    7.847 x1.00] LOG  [AirPosePin] engaged, holding body at 1.399m above the transform
[  1228    7.851 x1.00] LOG  [AirPosePin] released, peak correction was 0.000m
[  1229    7.854 x1.00] LOG  [AirPosePin] engaged, holding body at 1.362m above the transform
[  1230    7.857 x1.00] LOG  [AirPosePin] released, peak correction was 0.000m
[  1231    7.861 x1.00] LOG  [AirPosePin] engaged, holding body at 1.328m above the transform
[  1232    7.866 x1.00] LOG  [AirPosePin] released, peak correction was 0.000m
[  1233    7.870 x1.00] LOG  [AirPosePin] engaged, holding body at 1.284m above the transform
[  1234    7.875 x1.00] LOG  [AirPosePin] released, peak correction was 0.000m
[  1235    7.880 x1.00] LOG  [AirPosePin] engaged, holding body at 1.236m above the transform
[  1236    7.884 x1.00] LOG  [AirPosePin] released, peak correction was 0.000m
[  1237    7.888 x1.00] LOG  [AirPosePin] engaged, holding body at 1.195m above the transform
[  1238    7.893 x1.00] LOG  [AirPosePin] released, peak correction was 0.000m
[  1239    7.898 x1.00] LOG  [AirPosePin] engaged, holding body at 1.147m above the transform
[  1240    7.903 x1.00] LOG  [AirPosePin] released, peak correction was 0.000m
[  1241    7.908 x1.00] LOG  [AirPosePin] engaged, holding body at 1.098m above the transform
[  1242    7.913 x1.00] LOG  [AirPosePin] released, peak correction was 0.000m
[  1243    7.918 x1.00] LOG  [AirPosePin] engaged, holding body at 1.042m above the transform
[  1244    7.923 x1.00] LOG  [AirPosePin] released, peak correction was 0.000m
[  1246    7.933 x1.00] LOG  [AirPosePin] engaged, holding body at 0.954m above the transform
[  1247    7.938 x1.00] LOG  [AirPosePin] released, peak correction was 0.000m
[  1248    7.942 x1.00] LOG  [AirPosePin] engaged, holding body at 0.903m above the transform
[  1249    7.948 x1.00] LOG  [AirPosePin] released, peak correction was 0.000m
[  1250    7.952 x1.00] LOG  [AirPosePin] engaged, holding body at 0.856m above the transform
[  1251    7.956 x1.00] LOG  [AirPosePin] released, peak correction was 0.000m
[  1252    7.961 x1.00] LOG  [AirPosePin] engaged, holding body at 0.814m above the transform
[  1253    7.965 x1.00] LOG  [AirPosePin] released, peak correction was 0.000m
[  1254    7.970 x1.00] LOG  [AirPosePin] engaged, holding body at 0.782m above the transform
[  1255    7.974 x1.00] LOG  [AirPosePin] released, peak correction was 0.000m
[  1256    7.979 x1.00] LOG  [AirPosePin] engaged, holding body at 0.762m above the transform
[  1257    7.983 x1.00] LOG  [AirPosePin] released, peak correction was 0.000m
[  1258    7.988 x1.00] LOG  [AirPosePin] engaged, holding body at 0.765m above the transform
[  1259    7.992 x1.00] LOG  [AirPosePin] released, peak correction was 0.000m
[  1260    7.996 x1.00] LOG  [AirPosePin] engaged, holding body at 0.782m above the transform
[  1261    8.002 x1.00] LOG  [AirPosePin] released, peak correction was 0.000m
[  1262    8.007 x1.00] LOG  [AirPosePin] engaged, holding body at 0.803m above the transform
[  1263    8.011 x1.00] LOG  [AirPosePin] released, peak correction was 0.000m
[  1264    8.016 x1.00] LOG  [AirPosePin] engaged, holding body at 0.806m above the transform
[  1265    8.020 x1.00] LOG  [AirPosePin] released, peak correction was 0.000m
[  1266    8.033 x1.00] LOG  [AirPosePin] engaged, holding body at 0.785m above the transform
[  1267    8.039 x1.00] LOG  [AirPosePin] released, peak correction was 0.000m
[  1268    8.044 x1.00] LOG  [AirPosePin] engaged, holding body at 0.768m above the transform
[  1269    8.048 x1.00] LOG  [AirPosePin] released, peak correction was 0.000m
[  1270    8.051 x1.00] LOG  [AirPosePin] engaged, holding body at 0.759m above the transform
[  1271    8.054 x1.00] LOG  [AirPosePin] released, peak correction was 0.000m
[  1272    8.058 x1.00] LOG  [AirPosePin] engaged, holding body at 0.750m above the transform
[  1273    8.061 x1.00] LOG  [AirPosePin] released, peak correction was 0.000m
[  1274    8.065 x1.00] LOG  [AirPosePin] engaged, holding body at 0.741m above the transform
[  1275    8.068 x1.00] LOG  [AirPosePin] released, peak correction was 0.000m
[  1276    8.072 x1.00] LOG  [AirPosePin] engaged, holding body at 0.732m above the transform
[  1277    8.076 x1.00] LOG  [AirPosePin] released, peak correction was 0.000m
[  1278    8.080 x1.00] LOG  [AirPosePin] engaged, holding body at 0.722m above the transform
[  1279    8.084 x1.00] LOG  [AirPosePin] released, peak correction was 0.000m
[  1280    8.088 x1.00] LOG  [AirPosePin] engaged, holding body at 0.712m above the transform
[  1281    8.092 x1.00] LOG  [AirPosePin] released, peak correction was 0.000m
[  1282    8.096 x1.00] LOG  [AirPosePin] engaged, holding body at 0.703m above the transform
[  1283    8.101 x1.00] LOG  [AirPosePin] released, peak correction was 0.000m
[  1284    8.104 x1.00] LOG  [AirPosePin] engaged, holding body at 0.694m above the transform
[  1285    8.109 x1.00] LOG  [AirPosePin] released, peak correction was 0.000m
[  1286    8.113 x1.00] LOG  [AirPosePin] engaged, holding body at 0.686m above the transform
[  1287    8.117 x1.00] LOG  [AirPosePin] released, peak correction was 0.000m
[  1288    8.121 x1.00] LOG  [AirPosePin] engaged, holding body at 0.679m above the transform
[  1289    8.125 x1.00] LOG  [AirPosePin] released, peak correction was 0.000m
[  1290    8.128 x1.00] LOG  [AirPosePin] engaged, holding body at 0.672m above the transform
[  1291    8.133 x1.00] LOG  [AirPosePin] released, peak correction was 0.000m
[  1292    8.137 x1.00] LOG  [AirPosePin] engaged, holding body at 0.666m above the transform
[  1293    8.142 x1.00] LOG  [AirPosePin] released, peak correction was 0.000m
[  1294    8.146 x1.00] LOG  [AirPosePin] engaged, holding body at 0.661m above the transform
[  1295    8.151 x1.00] LOG  [AirPosePin] released, peak correction was 0.000m
[  1296    8.155 x1.00] LOG  [AirPosePin] engaged, holding body at 0.657m above the transform
[  1297    8.160 x1.00] LOG  [AirPosePin] released, peak correction was 0.000m
[  1298    8.165 x1.00] LOG  [AirPosePin] engaged, holding body at 0.655m above the transform
[  1299    8.169 x1.00] LOG  [AirPosePin] released, peak correction was 0.000m
[  1300    8.174 x1.00] LOG  [AirPosePin] engaged, holding body at 0.653m above the transform
[  1301    8.179 x1.00] LOG  [AirPosePin] released, peak correction was 0.000m
[  1302    8.183 x1.00] LOG  [Combat] Dodge ended
[  1306    8.202 x1.00] LOG  ✅ LANDED! (was jump #0)
[  1352    8.422 x1.00] LOG  🚶 2-LEG JUMP
[  1352    8.422 x1.00] LOG  🐾 Jump 1 VFX spawned!
[  1416    8.758 x1.00] LOG  [Combat] Dodge: Dodge_2Leg (3m, 2leg)
[  1416    8.758 x1.00] LOG  [AirPosePin] engaged, holding body at 1.719m above the transform
[  1447    8.928 x1.00] LOG  [AirPosePin] released, peak correction was 0.386m
[  1448    8.931 x1.00] LOG  [AirPosePin] engaged, holding body at 1.390m above the transform
[  1449    8.938 x1.00] LOG  [AirPosePin] released, peak correction was 0.000m
[  1450    8.941 x1.00] LOG  [AirPosePin] engaged, holding body at 1.443m above the transform
[  1451    8.948 x1.00] LOG  [AirPosePin] released, peak correction was 0.000m
[  1452    8.951 x1.00] LOG  [AirPosePin] engaged, holding body at 1.496m above the transform
[  1453    8.958 x1.00] LOG  [AirPosePin] released, peak correction was 0.000m
[  1454    8.961 x1.00] LOG  [AirPosePin] engaged, holding body at 1.544m above the transform
[  1455    8.968 x1.00] LOG  [AirPosePin] released, peak correction was 0.000m
[  1456    8.971 x1.00] LOG  [AirPosePin] engaged, holding body at 1.589m above the transform
[  1457    8.980 x1.00] LOG  [AirPosePin] released, peak correction was 0.000m
[  1458    8.987 x1.00] LOG  [AirPosePin] engaged, holding body at 1.644m above the transform
[  1459    8.990 x1.00] LOG  [AirPosePin] released, peak correction was 0.000m
[  1460    8.998 x1.00] LOG  [AirPosePin] engaged, holding body at 1.673m above the transform
[  1461    9.001 x1.00] LOG  [AirPosePin] released, peak correction was 0.000m
[  1462    9.008 x1.00] LOG  [AirPosePin] engaged, holding body at 1.692m above the transform
[  1463    9.011 x1.00] LOG  [AirPosePin] released, peak correction was 0.000m
[  1464    9.018 x1.00] LOG  [AirPosePin] engaged, holding body at 1.703m above the transform
[  1465    9.021 x1.00] LOG  [AirPosePin] released, peak correction was 0.000m
[  1466    9.028 x1.00] LOG  [AirPosePin] engaged, holding body at 1.706m above the transform
[  1467    9.031 x1.00] LOG  [AirPosePin] released, peak correction was 0.000m
[  1468    9.038 x1.00] LOG  [AirPosePin] engaged, holding body at 1.704m above the transform
[  1469    9.047 x1.00] LOG  [AirPosePin] released, peak correction was 0.000m
[  1470    9.050 x1.00] LOG  [AirPosePin] engaged, holding body at 1.688m above the transform
[  1471    9.058 x1.00] LOG  [AirPosePin] released, peak correction was 0.000m
[  1472    9.061 x1.00] LOG  [AirPosePin] engaged, holding body at 1.645m above the transform
[  1473    9.068 x1.00] LOG  [AirPosePin] released, peak correction was 0.000m
[  1474    9.071 x1.00] LOG  [AirPosePin] engaged, holding body at 1.572m above the transform
[  1475    9.078 x1.00] LOG  [AirPosePin] released, peak correction was 0.000m
[  1476    9.081 x1.00] LOG  [AirPosePin] engaged, holding body at 1.488m above the transform
[  1477    9.088 x1.00] LOG  [AirPosePin] released, peak correction was 0.000m
[  1478    9.091 x1.00] LOG  [AirPosePin] engaged, holding body at 1.413m above the transform
[  1479    9.098 x1.00] LOG  [AirPosePin] released, peak correction was 0.000m
[  1480    9.101 x1.00] LOG  [AirPosePin] engaged, holding body at 1.357m above the transform
[  1481    9.108 x1.00] LOG  [AirPosePin] released, peak correction was 0.000m
[  1482    9.111 x1.00] LOG  [AirPosePin] engaged, holding body at 1.307m above the transform
[  1483    9.118 x1.00] LOG  [AirPosePin] released, peak correction was 0.000m
[  1484    9.121 x1.00] LOG  [AirPosePin] engaged, holding body at 1.261m above the transform
[  1485    9.130 x1.00] LOG  [AirPosePin] released, peak correction was 0.000m
[  1486    9.136 x1.00] LOG  [AirPosePin] engaged, holding body at 1.186m above the transform
[  1487    9.139 x1.00] LOG  [AirPosePin] released, peak correction was 0.000m
[  1488    9.152 x1.00] LOG  [AirPosePin] engaged, holding body at 1.109m above the transform
[  1489    9.155 x1.00] LOG  [AirPosePin] released, peak correction was 0.000m
[  1490    9.158 x1.00] LOG  [AirPosePin] engaged, holding body at 1.075m above the transform
[  1491    9.162 x1.00] LOG  [AirPosePin] released, peak correction was 0.000m
[  1492    9.165 x1.00] LOG  [AirPosePin] engaged, holding body at 1.037m above the transform
[  1493    9.169 x1.00] LOG  [AirPosePin] released, peak correction was 0.000m
[  1494    9.172 x1.00] LOG  [AirPosePin] engaged, holding body at 0.998m above the transform
[  1495    9.175 x1.00] LOG  [AirPosePin] released, peak correction was 0.000m
[  1496    9.180 x1.00] LOG  [AirPosePin] engaged, holding body at 0.949m above the transform
[  1497    9.184 x1.00] LOG  [AirPosePin] released, peak correction was 0.000m
[  1498    9.189 x1.00] LOG  [AirPosePin] engaged, holding body at 0.898m above the transform
[  1499    9.194 x1.00] LOG  [AirPosePin] released, peak correction was 0.000m
[  1500    9.199 x1.00] LOG  [AirPosePin] engaged, holding body at 0.853m above the transform
[  1501    9.203 x1.00] LOG  [AirPosePin] released, peak correction was 0.000m
[  1502    9.208 x1.00] LOG  [AirPosePin] engaged, holding body at 0.812m above the transform
[  1503    9.213 x1.00] LOG  [AirPosePin] released, peak correction was 0.000m
[  1504    9.217 x1.00] LOG  [AirPosePin] engaged, holding body at 0.778m above the transform
[  1505    9.221 x1.00] LOG  [AirPosePin] released, peak correction was 0.000m
[  1506    9.226 x1.00] LOG  [AirPosePin] engaged, holding body at 0.761m above the transform
[  1507    9.231 x1.00] LOG  [AirPosePin] released, peak correction was 0.000m
[  1509    9.240 x1.00] LOG  [AirPosePin] engaged, holding body at 0.776m above the transform
[  1510    9.248 x1.00] LOG  [AirPosePin] released, peak correction was 0.000m
[  1511    9.254 x1.00] LOG  [AirPosePin] engaged, holding body at 0.804m above the transform
[  1512    9.259 x1.00] LOG  [AirPosePin] released, peak correction was 0.000m
[  1513    9.263 x1.00] LOG  [AirPosePin] engaged, holding body at 0.805m above the transform
[  1514    9.267 x1.00] LOG  [AirPosePin] released, peak correction was 0.000m
[  1515    9.270 x1.00] LOG  [AirPosePin] engaged, holding body at 0.799m above the transform
[  1516    9.273 x1.00] LOG  [AirPosePin] released, peak correction was 0.000m
[  1517    9.278 x1.00] LOG  [AirPosePin] engaged, holding body at 0.787m above the transform
[  1518    9.283 x1.00] LOG  [AirPosePin] released, peak correction was 0.000m
[  1519    9.288 x1.00] LOG  [AirPosePin] engaged, holding body at 0.771m above the transform
[  1520    9.293 x1.00] LOG  [AirPosePin] released, peak correction was 0.000m
[  1522    9.303 x1.00] LOG  [AirPosePin] engaged, holding body at 0.752m above the transform
[  1523    9.308 x1.00] LOG  [AirPosePin] released, peak correction was 0.000m
[  1524    9.318 x1.00] LOG  [AirPosePin] engaged, holding body at 0.732m above the transform
[  1525    9.322 x1.00] LOG  [AirPosePin] released, peak correction was 0.000m
[  1526    9.328 x1.00] LOG  [AirPosePin] engaged, holding body at 0.720m above the transform
[  1527    9.331 x1.00] LOG  [AirPosePin] released, peak correction was 0.000m
[  1528    9.338 x1.00] LOG  [AirPosePin] engaged, holding body at 0.708m above the transform
[  1529    9.342 x1.00] LOG  [AirPosePin] released, peak correction was 0.000m
[  1530    9.348 x1.00] LOG  [AirPosePin] engaged, holding body at 0.697m above the transform
[  1531    9.352 x1.00] LOG  [AirPosePin] released, peak correction was 0.000m
[  1532    9.358 x1.00] LOG  [AirPosePin] engaged, holding body at 0.687m above the transform
[  1533    9.362 x1.00] LOG  [AirPosePin] released, peak correction was 0.000m
[  1534    9.368 x1.00] LOG  [AirPosePin] engaged, holding body at 0.678m above the transform
[  1535    9.371 x1.00] LOG  [AirPosePin] released, peak correction was 0.000m
[  1536    9.378 x1.00] LOG  [AirPosePin] engaged, holding body at 0.670m above the transform
[  1537    9.382 x1.00] LOG  [AirPosePin] released, peak correction was 0.000m
[  1538    9.388 x1.00] LOG  [AirPosePin] engaged, holding body at 0.663m above the transform
[  1539    9.391 x1.00] LOG  [AirPosePin] released, peak correction was 0.000m
[  1540    9.398 x1.00] LOG  [AirPosePin] engaged, holding body at 0.658m above the transform
[  1541    9.402 x1.00] LOG  [AirPosePin] released, peak correction was 0.000m
[  1542    9.408 x1.00] LOG  [AirPosePin] engaged, holding body at 0.655m above the transform
[  1543    9.412 x1.00] LOG  [AirPosePin] released, peak correction was 0.000m
[  1544    9.418 x1.00] LOG  [AirPosePin] engaged, holding body at 0.653m above the transform
[  1545    9.421 x1.00] LOG  [AirPosePin] released, peak correction was 0.000m
[  1546    9.428 x1.00] LOG  [AirPosePin] engaged, holding body at 0.652m above the transform
[  1547    9.437 x1.00] LOG  [Combat] Dodge ended
[  1547    9.437 x1.00] LOG  [AirPosePin] released, peak correction was 0.000m
[  1548    9.442 x1.00] LOG  ✅ LANDED! (was jump #0)
[  2183   12.189 x1.00] LOG  
==================== [FREEZE-DEBUG v3] ====================
  Reason : WASD-NOMOVE: WASD recent + speed 0.00m/s for 0.40s
  Time   : 10.211s   Frame: 2183   Snaps: 60
===========================================================

--- CURRENT STATE ---
  Flags: atk=False hvy=False dod=False dsh=False
         grd=False hit=False aerial=False lockPos=False
         comboStep=0
  Anim : speed=1.00  combatLayer hash=-792875657 normT=2.747 weight=1.00 inTransition=False
  CC   : grounded=True  enabled=True  pos=(474.69, -0.02, 442.13)  vel=(0.00, 0.00, 0.00)
  Move : IsRunning=True
  Input: H=1.00 V=0.00  LMB=False MMB=False Q=False Sp=False Sh=True C=False
         WASD pressed in last 0.5s: True (last 0.00s ago)

--- FLIGHT RECORDER (60 snapshots, oldest first, dt=0.10s) ---
  Legend: flags = A(tk) H(vy) D(od) S(sh) G(rd) R(eact) Y(aerial) L(ock)   gnd/cc: Y/n
  t-now    flags     step gnd cc anSp normT layW tr | posX     posZ     spd   | H    V    LMB MMB Q  Sp Sh C
  ------   --------  ---- --- -- ---- ----- ---- -- | -----    -----    ----  | ---- ---- --- --- -- -- -- -
  - 6.13s  --D-----    0  n   Y  1.00  0.50 1.00 -  |   474.5    433.6  3.11 |  0.0  0.0 0   0   0  0  0  0
  - 6.03s  --D-----    0  Y   Y  1.00  0.65 1.00 -  |   474.5    434.3  3.58 |  0.0  1.0 0   0   0  0  0  0
  - 5.92s  --D-----    0  n   Y  1.00  0.81 1.00 -  |   474.5    434.9  8.13 |  0.0  1.0 0   0   0  0  0  0
  - 5.82s  --------    0  Y   Y  1.00  0.96 1.00 T  |   474.5    435.1  0.00 |  0.0  0.0 0   0   0  0  0  0
  - 5.72s  --------    0  Y   Y  1.00  1.12 1.00 T  |   474.5    435.3  0.00 |  0.0  0.0 0   0   0  0  0  0
  - 5.61s  --------    0  Y   Y  1.00  0.27 1.00 -  |   474.5    435.3  0.00 |  0.0  0.0 0   0   0  0  0  0
  - 5.51s  --------    0  Y   Y  1.00  0.38 1.00 -  |   474.5    435.3  0.00 |  0.0  0.0 0   0   0  0  0  0
  - 5.40s  --------    0  Y   Y  1.00  0.48 1.00 -  |   474.5    435.3  0.00 |  0.0  0.0 0   0   0  0  0  0
  - 5.30s  --------    0  Y   Y  1.00  0.58 1.00 -  |   474.5    435.3  0.00 |  0.0  0.0 0   0   0  0  0  0
  - 5.20s  --------    0  Y   Y  1.00  0.68 1.00 -  |   474.5    435.3  0.00 |  0.0  0.0 0   0   0  0  0  0
  - 5.10s  --------    0  Y   Y  1.00  0.79 1.00 -  |   474.5    435.3  0.00 |  0.0  0.0 0   0   0  0  0  0
  - 5.00s  --------    0  Y   Y  1.00  0.89 1.00 -  |   474.5    435.3  0.00 |  0.0  0.0 0   0   0  1  0  0
  - 4.90s  --------    0  n   Y  1.00  0.99 1.00 -  |   474.5    435.3  0.00 |  0.0  0.0 0   0   0  1  0  0
  - 4.80s  --------    0  n   Y  1.00  1.09 1.00 -  |   474.5    435.3  0.00 |  0.0  1.0 0   0   0  0  0  0
  - 4.70s  --------    0  n   Y  1.00  1.19 1.00 -  |   474.5    435.3  0.00 |  0.0  0.0 0   0   0  0  0  0
  - 4.59s  --D-----    0  n   Y  1.00  1.29 1.00 T  |   474.5    435.4  5.41 |  0.0  0.0 0   0   0  0  0  1
  - 4.49s  --D-----    0  Y   Y  1.00  0.27 1.00 -  |   474.5    435.9  5.99 |  0.0  0.0 0   0   0  0  0  1
  - 4.39s  --D-----    0  n   Y  1.00  0.43 1.00 -  |   474.5    436.5  5.67 |  0.0  0.0 0   0   0  0  0  0
  - 4.29s  --D-----    0  n   Y  1.00  0.58 1.00 -  |   474.5    437.2  5.88 |  0.0  0.0 0   0   0  0  0  0
  - 4.18s  --D-----    0  Y   Y  1.00  0.74 1.00 -  |   474.5    437.8  3.95 |  0.0  0.0 0   0   0  0  0  0
  - 4.08s  --D-----    0  n   Y  1.00  0.89 1.00 -  |   474.5    438.2  3.53 |  0.0  0.0 0   0   0  0  0  0
  - 3.98s  --------    0  Y   Y  1.00  1.04 1.00 T  |   474.5    438.3  0.00 |  0.0  0.0 0   0   0  0  0  0
  - 3.87s  --------    0  Y   Y  1.00  1.20 1.00 T  |   474.5    438.3  0.00 |  0.0  0.0 0   0   0  0  0  0
  - 3.77s  --------    0  Y   Y  1.00  1.35 1.00 T  |   474.5    438.3  0.00 |  0.0  0.0 0   0   0  0  0  0
  - 3.67s  --------    0  n   Y  1.00  0.33 1.00 -  |   474.5    438.3  0.00 |  0.0  0.0 0   0   0  1  0  0
  - 3.57s  --------    0  n   Y  1.00  0.43 1.00 -  |   474.5    438.3  0.00 |  0.0  0.0 0   0   0  0  0  0
  - 3.47s  --------    0  n   Y  1.00  0.54 1.00 -  |   474.5    438.3  0.00 |  0.0  0.0 0   0   0  0  0  0
  - 3.36s  --D-----    0  n   Y  1.00  0.64 1.00 T  |   474.5    438.4  0.97 |  0.0  0.0 0   0   0  0  0  0
  - 3.26s  --D-----    0  n   Y  1.00  0.24 1.00 -  |   474.5    438.8  9.53 |  0.0  0.0 0   0   0  0  0  0
  - 3.16s  --D-----    0  n   Y  1.00  0.40 1.00 -  |   474.5    439.4  3.42 |  0.0  0.0 0   0   0  0  0  0
  - 3.05s  --D-----    0  Y   Y  1.00  0.56 1.00 -  |   474.5    440.0  2.62 |  0.0  0.0 0   0   0  0  0  0
  - 2.95s  --D-----    0  Y   Y  1.00  0.72 1.00 -  |   474.5    440.7  5.82 |  0.0  0.0 0   0   0  0  0  0
  - 2.85s  --D-----    0  n   Y  1.00  0.87 1.00 -  |   474.5    441.2  1.68 |  0.0  0.0 0   0   0  0  0  0
  - 2.75s  --------    0  Y   Y  1.00  1.02 1.00 T  |   474.5    441.3  0.00 |  0.0  0.0 0   0   0  0  0  0
  - 2.65s  --------    0  Y   Y  1.00  1.17 1.00 T  |   474.5    441.3  0.00 |  0.0  0.0 0   0   0  0  0  0
  - 2.53s  --------    0  Y   Y  1.00  1.33 1.00 T  |   474.5    441.3  0.00 |  0.0  0.0 0   0   0  0  0  0
  - 2.43s  --------    0  Y   Y  1.00  0.32 1.00 -  |   474.5    441.3  0.00 |  0.0  0.0 0   0   0  0  0  0
  - 2.33s  --------    0  Y   Y  1.00  0.42 1.00 -  |   474.5    441.3  0.00 |  0.0  0.0 0   0   0  0  0  0
  - 2.23s  --------    0  Y   Y  1.00  0.52 1.00 -  |   474.5    441.3  0.00 |  0.0  0.0 0   0   0  0  0  0
  - 2.13s  --------    0  Y   Y  1.00  0.62 1.00 -  |   474.5    441.3  0.00 |  0.0  0.0 0   0   0  0  0  0
  - 2.03s  --------    0  Y   Y  1.00  0.72 1.00 -  |   474.5    441.3  0.00 |  0.0  0.0 0   0   0  0  0  0
  - 1.92s  --------    0  Y   Y  1.00  0.82 1.00 -  |   474.5    441.3  0.00 |  0.0  0.0 0   0   0  0  0  0
  - 1.82s  --------    0  Y   Y  1.00  0.93 1.00 -  |   474.5    441.3  0.00 |  0.0  0.0 0   0   0  0  0  0
  - 1.72s  --------    0  Y   Y  1.00  1.03 1.00 -  |   474.5    441.3  0.00 |  0.0  0.0 0   0   0  0  0  0
  - 1.62s  --------    0  Y   Y  1.00  1.13 1.00 -  |   474.5    441.3  0.00 |  0.0  0.0 0   0   0  0  0  0
  - 1.52s  --------    0  Y   Y  1.00  1.23 1.00 -  |   474.5    441.3  0.00 |  0.0  0.0 0   0   0  0  0  0
  - 1.42s  --------    0  Y   Y  1.00  1.33 1.00 -  |   474.5    441.3  0.00 |  0.0  0.0 0   0   0  0  0  0
  - 1.31s  --------    0  Y   Y  1.00  1.43 1.00 -  |   474.5    441.3  0.00 |  0.0  0.0 0   0   0  0  0  0
  - 1.21s  --------    0  Y   Y  1.00  1.54 1.00 -  |   474.5    441.3  0.00 |  0.0  0.0 0   0   0  0  0  0
  - 1.11s  --------    0  Y   Y  1.00  1.64 1.00 -  |   474.5    441.3  0.00 |  0.0  0.0 0   0   0  0  0  0
  - 1.00s  --------    0  Y   Y  1.00  1.75 1.00 -  |   474.5    441.3  0.00 |  0.0  0.0 0   0   0  0  0  0
  - 0.90s  --------    0  Y   Y  1.00  1.85 1.00 -  |   474.5    441.3  0.00 |  0.0  0.0 0   0   0  0  0  0
  - 0.80s  --------    0  Y   Y  1.00  1.95 1.00 -  |   474.5    441.3  0.00 |  0.0  0.0 0   0   0  0  0  0
  - 0.70s  --------    0  Y   Y  1.00  2.05 1.00 -  |   474.5    441.3  0.00 |  0.0  0.0 0   0   0  0  0  0
  - 0.59s  --------    0  Y   Y  1.00  2.16 1.00 -  |   474.5    441.3  0.00 |  0.0  0.0 0   0   0  0  0  0
  - 0.49s  --------    0  Y   Y  1.00  2.26 1.00 -  |   474.5    441.3  0.00 |  0.0  0.0 0   0   0  0  0  0
  - 0.39s  --------    0  Y   Y  1.00  2.36 1.00 -  |   474.5    441.3  0.00 |  1.0  0.0 0   0   0  0  0  0
  - 0.29s  --------    0  Y   Y  1.00  2.46 1.00 -  |   474.5    441.5  0.00 |  1.0  0.0 0   0   0  0  0  0
  - 0.18s  --------    0  Y   Y  1.00  2.56 1.00 -  |   474.6    441.7  0.00 |  1.0  0.0 0   0   0  0  0  0
  - 0.08s  --------    0  Y   Y  1.00  2.67 1.00 -  |   474.6    441.9  0.00 |  1.0  0.0 0   0   0  0  0  0
=========================================================== END

[  2185   12.198 x1.00] LOG  [OniBoss:Layer] watch stance ON (player 14.9m)
[  2468   13.509 x1.00] LOG  [Combat] Dodge: Dodge_2Leg (3m, 2leg)
[  2468   13.509 x1.00] LOG  [AirPosePin] engaged, holding body at 0.681m above the transform
[  2469   13.511 x1.00] LOG  [AirPosePin] released, peak correction was 0.000m
[  2470   13.518 x1.00] LOG  [AirPosePin] engaged, holding body at 0.677m above the transform
[  2471   13.521 x1.00] LOG  [AirPosePin] released, peak correction was 0.000m
[  2472   13.528 x1.00] LOG  [AirPosePin] engaged, holding body at 0.674m above the transform
[  2473   13.532 x1.00] LOG  [AirPosePin] released, peak correction was 0.000m
[  2474   13.541 x1.00] LOG  [AirPosePin] engaged, holding body at 0.676m above the transform
[  2475   13.551 x1.00] LOG  [AirPosePin] released, peak correction was 0.000m
[  2476   13.556 x1.00] LOG  [AirPosePin] engaged, holding body at 0.694m above the transform
[  2477   13.559 x1.00] LOG  [AirPosePin] released, peak correction was 0.000m
[  2478   13.561 x1.00] LOG  [AirPosePin] engaged, holding body at 0.703m above the transform
[  2479   13.568 x1.00] LOG  [AirPosePin] released, peak correction was 0.000m
[  2480   13.571 x1.00] LOG  [AirPosePin] engaged, holding body at 0.728m above the transform
[  2481   13.578 x1.00] LOG  [AirPosePin] released, peak correction was 0.000m
[  2482   13.581 x1.00] LOG  [AirPosePin] engaged, holding body at 0.766m above the transform
[  2483   13.589 x1.00] LOG  [AirPosePin] released, peak correction was 0.000m
[  2484   13.591 x1.00] LOG  [AirPosePin] engaged, holding body at 0.815m above the transform
[  2485   13.598 x1.00] LOG  [AirPosePin] released, peak correction was 0.000m
[  2486   13.601 x1.00] LOG  [AirPosePin] engaged, holding body at 0.875m above the transform
[  2487   13.608 x1.00] LOG  [AirPosePin] released, peak correction was 0.000m
[  2488   13.611 x1.00] LOG  [AirPosePin] engaged, holding body at 0.951m above the transform
[  2489   13.618 x1.00] LOG  [AirPosePin] released, peak correction was 0.000m
[  2490   13.621 x1.00] LOG  [AirPosePin] engaged, holding body at 1.033m above the transform
[  2491   13.628 x1.00] LOG  [AirPosePin] released, peak correction was 0.000m
[  2492   13.631 x1.00] LOG  [AirPosePin] engaged, holding body at 1.090m above the transform
[  2493   13.639 x1.00] LOG  [AirPosePin] released, peak correction was 0.000m
[  2494   13.641 x1.00] LOG  [AirPosePin] engaged, holding body at 1.151m above the transform
[  2495   13.648 x1.00] LOG  [AirPosePin] released, peak correction was 0.000m
[  2496   13.650 x1.00] LOG  [AirPosePin] engaged, holding body at 1.207m above the transform
[  2497   13.653 x1.00] LOG  [AirPosePin] released, peak correction was 0.000m
[  2498   13.658 x1.00] LOG  [AirPosePin] engaged, holding body at 1.253m above the transform
[  2499   13.660 x1.00] LOG  [AirPosePin] released, peak correction was 0.000m
[  2500   13.668 x1.00] LOG  [AirPosePin] engaged, holding body at 1.313m above the transform
[  2501   13.671 x1.00] LOG  [AirPosePin] released, peak correction was 0.000m
[  2502   13.678 x1.00] LOG  [AirPosePin] engaged, holding body at 1.371m above the transform
[  2503   13.681 x1.00] LOG  [AirPosePin] released, peak correction was 0.000m
[  2504   13.688 x1.00] LOG  [AirPosePin] engaged, holding body at 1.425m above the transform
[  2505   13.698 x1.00] LOG  [AirPosePin] released, peak correction was 0.000m
[  2506   13.700 x1.00] LOG  [AirPosePin] engaged, holding body at 1.490m above the transform
[  2507   13.703 x1.00] LOG  [AirPosePin] released, peak correction was 0.000m
[  2508   13.708 x1.00] LOG  [AirPosePin] engaged, holding body at 1.528m above the transform
[  2509   13.711 x1.00] LOG  [AirPosePin] released, peak correction was 0.000m
[  2510   13.718 x1.00] LOG  [AirPosePin] engaged, holding body at 1.574m above the transform
[  2511   13.721 x1.00] LOG  [AirPosePin] released, peak correction was 0.000m
[  2512   13.728 x1.00] LOG  [AirPosePin] engaged, holding body at 1.614m above the transform
[  2513   13.731 x1.00] LOG  [AirPosePin] released, peak correction was 0.000m
[  2514   13.738 x1.00] LOG  [AirPosePin] engaged, holding body at 1.647m above the transform
[  2515   13.741 x1.00] LOG  [AirPosePin] released, peak correction was 0.000m
[  2516   13.748 x1.00] LOG  [AirPosePin] engaged, holding body at 1.673m above the transform
[  2517   13.751 x1.00] LOG  [AirPosePin] released, peak correction was 0.000m
[  2518   13.758 x1.00] LOG  [AirPosePin] engaged, holding body at 1.692m above the transform
[  2519   13.761 x1.00] LOG  [AirPosePin] released, peak correction was 0.000m
[  2520   13.768 x1.00] LOG  [AirPosePin] engaged, holding body at 1.703m above the transform
[  2521   13.771 x1.00] LOG  [AirPosePin] released, peak correction was 0.000m
[  2522   13.778 x1.00] LOG  [AirPosePin] engaged, holding body at 1.706m above the transform
[  2523   13.781 x1.00] LOG  [AirPosePin] released, peak correction was 0.000m
[  2524   13.788 x1.00] LOG  [AirPosePin] engaged, holding body at 1.705m above the transform
[  2525   13.791 x1.00] LOG  [AirPosePin] released, peak correction was 0.000m
[  2527   13.801 x1.00] LOG  [AirPosePin] engaged, holding body at 1.687m above the transform
[  2528   13.808 x1.00] LOG  [AirPosePin] released, peak correction was 0.000m
[  2529   13.811 x1.00] LOG  [AirPosePin] engaged, holding body at 1.651m above the transform
[  2530   13.818 x1.00] LOG  [AirPosePin] released, peak correction was 0.000m
[  2532   13.828 x1.00] LOG  [AirPosePin] engaged, holding body at 1.518m above the transform
[  2533   13.831 x1.00] LOG  [AirPosePin] released, peak correction was 0.000m
[  2534   13.838 x1.00] LOG  [AirPosePin] engaged, holding body at 1.437m above the transform
[  2535   13.848 x1.00] LOG  [AirPosePin] released, peak correction was 0.000m
[  2536   13.851 x1.00] LOG  [AirPosePin] engaged, holding body at 1.359m above the transform
[  2537   13.854 x1.00] LOG  [AirPosePin] released, peak correction was 0.000m
[  2538   13.858 x1.00] LOG  [AirPosePin] engaged, holding body at 1.324m above the transform
[  2539   13.861 x1.00] LOG  [AirPosePin] released, peak correction was 0.000m
[  2540   13.868 x1.00] LOG  [AirPosePin] engaged, holding body at 1.277m above the transform
[  2541   13.871 x1.00] LOG  [AirPosePin] released, peak correction was 0.000m
[  2543   13.881 x1.00] LOG  [AirPosePin] engaged, holding body at 1.217m above the transform
[  2544   13.891 x1.00] LOG  [AirPosePin] released, peak correction was 0.000m
[  2545   13.900 x1.00] LOG  [AirPosePin] engaged, holding body at 1.120m above the transform
[  2546   13.903 x1.00] LOG  [AirPosePin] released, peak correction was 0.000m
[  2547   13.908 x1.00] LOG  [AirPosePin] engaged, holding body at 1.077m above the transform
[  2548   13.911 x1.00] LOG  [AirPosePin] released, peak correction was 0.000m
[  2549   13.918 x1.00] LOG  [AirPosePin] engaged, holding body at 1.020m above the transform
[  2550   13.921 x1.00] LOG  [AirPosePin] released, peak correction was 0.000m
[  2551   13.928 x1.00] LOG  [AirPosePin] engaged, holding body at 0.962m above the transform
[  2552   13.931 x1.00] LOG  [AirPosePin] released, peak correction was 0.000m
[  2553   13.939 x1.00] LOG  [AirPosePin] engaged, holding body at 0.905m above the transform
[  2554   13.941 x1.00] LOG  [AirPosePin] released, peak correction was 0.000m
[  2555   13.948 x1.00] LOG  [AirPosePin] engaged, holding body at 0.858m above the transform
[  2556   13.951 x1.00] LOG  [AirPosePin] released, peak correction was 0.000m
[  2557   13.958 x1.00] LOG  [AirPosePin] engaged, holding body at 0.812m above the transform
[  2558   13.961 x1.00] LOG  [AirPosePin] released, peak correction was 0.000m
[  2559   13.969 x1.00] LOG  [AirPosePin] engaged, holding body at 0.774m above the transform
[  2560   13.972 x1.00] LOG  [AirPosePin] released, peak correction was 0.000m
[  2561   13.978 x1.00] LOG  [AirPosePin] engaged, holding body at 0.761m above the transform
[  2562   13.981 x1.00] LOG  [AirPosePin] released, peak correction was 0.000m
[  2563   13.989 x1.00] LOG  [AirPosePin] engaged, holding body at 0.772m above the transform
[  2564   13.991 x1.00] LOG  [AirPosePin] released, peak correction was 0.000m
[  2565   13.998 x1.00] LOG  [AirPosePin] engaged, holding body at 0.794m above the transform
[  2566   14.001 x1.00] LOG  [AirPosePin] released, peak correction was 0.000m
[  2567   14.009 x1.00] LOG  [AirPosePin] engaged, holding body at 0.807m above the transform
[  2568   14.011 x1.00] LOG  [AirPosePin] released, peak correction was 0.000m
[  2569   14.019 x1.00] LOG  [AirPosePin] engaged, holding body at 0.800m above the transform
[  2570   14.022 x1.00] LOG  [AirPosePin] released, peak correction was 0.000m
[  2571   14.028 x1.00] LOG  [AirPosePin] engaged, holding body at 0.787m above the transform
[  2572   14.031 x1.00] LOG  [AirPosePin] released, peak correction was 0.000m
[  2573   14.038 x1.00] LOG  [AirPosePin] engaged, holding body at 0.772m above the transform
[  2574   14.041 x1.00] LOG  [AirPosePin] released, peak correction was 0.000m
[  2575   14.049 x1.00] LOG  [AirPosePin] engaged, holding body at 0.758m above the transform
[  2576   14.052 x1.00] LOG  [AirPosePin] released, peak correction was 0.000m
[  2577   14.059 x1.00] LOG  [AirPosePin] engaged, holding body at 0.745m above the transform
[  2578   14.061 x1.00] LOG  [AirPosePin] released, peak correction was 0.000m
[  2579   14.069 x1.00] LOG  [AirPosePin] engaged, holding body at 0.731m above the transform
[  2580   14.072 x1.00] LOG  [AirPosePin] released, peak correction was 0.000m
[  2581   14.079 x1.00] LOG  [AirPosePin] engaged, holding body at 0.720m above the transform
[  2582   14.081 x1.00] LOG  [AirPosePin] released, peak correction was 0.000m
[  2583   14.089 x1.00] LOG  [AirPosePin] engaged, holding body at 0.708m above the transform
[  2584   14.091 x1.00] LOG  [AirPosePin] released, peak correction was 0.000m
[  2585   14.099 x1.00] LOG  [AirPosePin] engaged, holding body at 0.697m above the transform
[  2586   14.108 x1.00] LOG  [AirPosePin] released, peak correction was 0.000m
[  2587   14.111 x1.00] LOG  [AirPosePin] engaged, holding body at 0.685m above the transform
[  2588   14.119 x1.00] LOG  [AirPosePin] released, peak correction was 0.000m
[  2589   14.123 x1.00] LOG  [AirPosePin] engaged, holding body at 0.674m above the transform
[  2590   14.129 x1.00] LOG  [AirPosePin] released, peak correction was 0.000m
[  2591   14.132 x1.00] LOG  [AirPosePin] engaged, holding body at 0.668m above the transform
[  2592   14.138 x1.00] LOG  [AirPosePin] released, peak correction was 0.000m
[  2593   14.141 x1.00] LOG  [AirPosePin] engaged, holding body at 0.662m above the transform
[  2594   14.150 x1.00] LOG  [AirPosePin] released, peak correction was 0.000m
[  2595   14.157 x1.00] LOG  [AirPosePin] engaged, holding body at 0.656m above the transform
[  2596   14.160 x1.00] LOG  [AirPosePin] released, peak correction was 0.000m
[  2597   14.162 x1.00] LOG  [AirPosePin] engaged, holding body at 0.654m above the transform
[  2598   14.168 x1.00] LOG  [AirPosePin] released, peak correction was 0.000m
[  2599   14.171 x1.00] LOG  [AirPosePin] engaged, holding body at 0.653m above the transform
[  2600   14.178 x1.00] LOG  [AirPosePin] released, peak correction was 0.000m
[  2601   14.181 x1.00] LOG  [Combat] Dodge ended
[  2889   15.473 x1.00] LOG  🐾 4-LEG JUMP #0
[  2889   15.473 x1.00] LOG  🐾 Jump 1 VFX spawned!
[  2960   15.767 x1.00] LOG  [Combat] Dodge: Dodge_4Leg (4m, 4leg)
[  2960   15.767 x1.00] LOG  [AirPosePin] engaged, holding body at 0.861m above the transform
[  2994   15.928 x1.00] LOG  [AirPosePin] released, peak correction was 0.425m
[  2995   15.934 x1.00] LOG  [AirPosePin] engaged, holding body at 0.456m above the transform
[  2996   15.938 x1.00] LOG  [AirPosePin] released, peak correction was 0.000m
[  2997   15.940 x1.00] LOG  [AirPosePin] engaged, holding body at 0.461m above the transform
[  2998   15.943 x1.00] LOG  [AirPosePin] released, peak correction was 0.000m
[  2999   15.945 x1.00] LOG  [AirPosePin] engaged, holding body at 0.464m above the transform
[  3000   15.948 x1.00] LOG  [AirPosePin] released, peak correction was 0.000m
[  3001   15.951 x1.00] LOG  [AirPosePin] engaged, holding body at 0.468m above the transform
[  3002   15.955 x1.00] LOG  [AirPosePin] released, peak correction was 0.000m
[  3003   15.959 x1.00] LOG  [AirPosePin] engaged, holding body at 0.473m above the transform
[  3004   15.963 x1.00] LOG  [AirPosePin] released, peak correction was 0.000m
[  3005   15.968 x1.00] LOG  [AirPosePin] engaged, holding body at 0.478m above the transform
[  3006   15.972 x1.00] LOG  [AirPosePin] released, peak correction was 0.000m
[  3007   15.977 x1.00] LOG  [AirPosePin] engaged, holding body at 0.481m above the transform
[  3008   15.985 x1.00] LOG  [AirPosePin] released, peak correction was 0.000m
[  3009   15.993 x1.00] LOG  [AirPosePin] engaged, holding body at 0.486m above the transform
[  3010   15.998 x1.00] LOG  [AirPosePin] released, peak correction was 0.000m
[  3011   16.000 x1.00] LOG  [AirPosePin] engaged, holding body at 0.494m above the transform
[  3012   16.003 x1.00] LOG  [AirPosePin] released, peak correction was 0.000m
[  3013   16.005 x1.00] LOG  [AirPosePin] engaged, holding body at 0.503m above the transform
[  3014   16.008 x1.00] LOG  [AirPosePin] released, peak correction was 0.000m
[  3015   16.010 x1.00] LOG  [AirPosePin] engaged, holding body at 0.513m above the transform
[  3016   16.015 x1.00] LOG  [AirPosePin] released, peak correction was 0.000m
[  3017   16.019 x1.00] LOG  [AirPosePin] engaged, holding body at 0.534m above the transform
[  3018   16.023 x1.00] LOG  [AirPosePin] released, peak correction was 0.000m
[  3019   16.027 x1.00] LOG  [AirPosePin] engaged, holding body at 0.559m above the transform
[  3020   16.031 x1.00] LOG  [AirPosePin] released, peak correction was 0.000m
[  3021   16.035 x1.00] LOG  [AirPosePin] engaged, holding body at 0.592m above the transform
[  3022   16.039 x1.00] LOG  [AirPosePin] released, peak correction was 0.000m
[  3023   16.043 x1.00] LOG  [AirPosePin] engaged, holding body at 0.634m above the transform
[  3024   16.048 x1.00] LOG  [AirPosePin] released, peak correction was 0.000m
[  3025   16.052 x1.00] LOG  [AirPosePin] engaged, holding body at 0.687m above the transform
[  3026   16.056 x1.00] LOG  [AirPosePin] released, peak correction was 0.000m
[  3027   16.060 x1.00] LOG  [AirPosePin] engaged, holding body at 0.741m above the transform
[  3028   16.064 x1.00] LOG  [AirPosePin] released, peak correction was 0.000m
[  3029   16.068 x1.00] LOG  [AirPosePin] engaged, holding body at 0.801m above the transform
[  3030   16.072 x1.00] LOG  [AirPosePin] released, peak correction was 0.000m
[  3031   16.077 x1.00] LOG  [AirPosePin] engaged, holding body at 0.879m above the transform
[  3032   16.080 x1.00] LOG  [AirPosePin] released, peak correction was 0.000m
[  3033   16.085 x1.00] LOG  [AirPosePin] engaged, holding body at 0.958m above the transform
[  3034   16.089 x1.00] LOG  [AirPosePin] released, peak correction was 0.000m
[  3035   16.093 x1.00] LOG  [AirPosePin] engaged, holding body at 1.035m above the transform
[  3036   16.097 x1.00] LOG  [AirPosePin] released, peak correction was 0.000m
[  3037   16.101 x1.00] LOG  [AirPosePin] engaged, holding body at 1.113m above the transform
[  3038   16.106 x1.00] LOG  [AirPosePin] released, peak correction was 0.000m
[  3039   16.110 x1.00] LOG  [AirPosePin] engaged, holding body at 1.189m above the transform
[  3040   16.113 x1.00] LOG  [AirPosePin] released, peak correction was 0.000m
[  3041   16.117 x1.00] LOG  [AirPosePin] engaged, holding body at 1.256m above the transform
[  3042   16.128 x1.00] LOG  [AirPosePin] released, peak correction was 0.000m
[  3043   16.136 x1.00] LOG  [AirPosePin] engaged, holding body at 1.404m above the transform
[  3044   16.140 x1.00] LOG  [AirPosePin] released, peak correction was 0.000m
[  3045   16.144 x1.00] LOG  [AirPosePin] engaged, holding body at 1.453m above the transform
[  3046   16.147 x1.00] LOG  [AirPosePin] released, peak correction was 0.000m
[  3047   16.149 x1.00] LOG  [AirPosePin] engaged, holding body at 1.479m above the transform
[  3048   16.151 x1.00] LOG  [AirPosePin] released, peak correction was 0.000m
[  3049   16.153 x1.00] LOG  [AirPosePin] engaged, holding body at 1.501m above the transform
[  3050   16.155 x1.00] LOG  [AirPosePin] released, peak correction was 0.000m
[  3051   16.157 x1.00] LOG  [AirPosePin] engaged, holding body at 1.522m above the transform
[  3052   16.160 x1.00] LOG  [AirPosePin] released, peak correction was 0.000m
[  3053   16.163 x1.00] LOG  [AirPosePin] engaged, holding body at 1.552m above the transform
[  3054   16.168 x1.00] LOG  [AirPosePin] released, peak correction was 0.000m
[  3055   16.171 x1.00] LOG  [AirPosePin] engaged, holding body at 1.590m above the transform
[  3056   16.175 x1.00] LOG  [AirPosePin] released, peak correction was 0.000m
[  3057   16.179 x1.00] LOG  [AirPosePin] engaged, holding body at 1.626m above the transform
[  3058   16.183 x1.00] LOG  [AirPosePin] released, peak correction was 0.000m
[  3059   16.187 x1.00] LOG  [AirPosePin] engaged, holding body at 1.659m above the transform
[  3060   16.191 x1.00] LOG  [AirPosePin] released, peak correction was 0.000m
[  3061   16.194 x1.00] LOG  [AirPosePin] engaged, holding body at 1.687m above the transform
[  3062   16.198 x1.00] LOG  [AirPosePin] released, peak correction was 0.000m
[  3063   16.202 x1.00] LOG  [AirPosePin] engaged, holding body at 1.718m above the transform
[  3064   16.206 x1.00] LOG  [AirPosePin] released, peak correction was 0.000m
[  3065   16.211 x1.00] LOG  [AirPosePin] engaged, holding body at 1.750m above the transform
[  3066   16.215 x1.00] LOG  [AirPosePin] released, peak correction was 0.000m
[  3067   16.219 x1.00] LOG  [AirPosePin] engaged, holding body at 1.783m above the transform
[  3068   16.224 x1.00] LOG  [AirPosePin] released, peak correction was 0.000m
[  3069   16.229 x1.00] LOG  [AirPosePin] engaged, holding body at 1.819m above the transform
[  3070   16.233 x1.00] LOG  [AirPosePin] released, peak correction was 0.000m
[  3071   16.238 x1.00] LOG  [AirPosePin] engaged, holding body at 1.856m above the transform
[  3072   16.243 x1.00] LOG  [AirPosePin] released, peak correction was 0.000m
[  3073   16.248 x1.00] LOG  [AirPosePin] engaged, holding body at 1.896m above the transform
[  3074   16.253 x1.00] LOG  [AirPosePin] released, peak correction was 0.000m
[  3075   16.258 x1.00] LOG  [AirPosePin] engaged, holding body at 1.941m above the transform
[  3076   16.269 x1.00] LOG  [AirPosePin] released, peak correction was 0.000m
[  3077   16.272 x1.00] LOG  [AirPosePin] engaged, holding body at 1.994m above the transform
[  3078   16.279 x1.00] LOG  [AirPosePin] released, peak correction was 0.000m
[  3079   16.282 x1.00] LOG  [AirPosePin] engaged, holding body at 2.034m above the transform
[  3080   16.290 x1.00] LOG  [AirPosePin] released, peak correction was 0.000m
[  3081   16.298 x1.00] LOG  [AirPosePin] engaged, holding body at 2.091m above the transform
[  3082   16.301 x1.00] LOG  [AirPosePin] released, peak correction was 0.000m
[  3083   16.303 x1.00] LOG  [AirPosePin] engaged, holding body at 2.110m above the transform
[  3084   16.309 x1.00] LOG  [AirPosePin] released, peak correction was 0.000m
[  3085   16.311 x1.00] LOG  [AirPosePin] engaged, holding body at 2.142m above the transform
[  3086   16.319 x1.00] LOG  [AirPosePin] released, peak correction was 0.000m
[  3087   16.328 x1.00] LOG  [AirPosePin] engaged, holding body at 2.207m above the transform
[  3088   16.330 x1.00] LOG  [AirPosePin] released, peak correction was 0.000m
[  3089   16.332 x1.00] LOG  [AirPosePin] engaged, holding body at 2.219m above the transform
[  3090   16.339 x1.00] LOG  [AirPosePin] released, peak correction was 0.000m
[  3091   16.341 x1.00] LOG  [AirPosePin] engaged, holding body at 2.239m above the transform
[  3092   16.343 x1.00] LOG  [AirPosePin] released, peak correction was 0.000m
[  3093   16.349 x1.00] LOG  [AirPosePin] engaged, holding body at 2.255m above the transform
[  3094   16.351 x1.00] LOG  [AirPosePin] released, peak correction was 0.000m
[  3095   16.353 x1.00] LOG  [AirPosePin] engaged, holding body at 2.261m above the transform
[  3096   16.359 x1.00] LOG  [AirPosePin] released, peak correction was 0.000m
[  3097   16.361 x1.00] LOG  [AirPosePin] engaged, holding body at 2.263m above the transform
[  3098   16.369 x1.00] LOG  [AirPosePin] released, peak correction was 0.000m
[  3099   16.371 x1.00] LOG  [AirPosePin] engaged, holding body at 2.239m above the transform
[  3100   16.379 x1.00] LOG  [AirPosePin] released, peak correction was 0.000m
[  3101   16.381 x1.00] LOG  [AirPosePin] engaged, holding body at 2.178m above the transform
[  3102   16.389 x1.00] LOG  [AirPosePin] released, peak correction was 0.000m
[  3103   16.391 x1.00] LOG  [AirPosePin] engaged, holding body at 2.106m above the transform
[  3104   16.399 x1.00] LOG  [AirPosePin] released, peak correction was 0.000m
[  3105   16.401 x1.00] LOG  [AirPosePin] engaged, holding body at 2.055m above the transform
[  3106   16.409 x1.00] LOG  [AirPosePin] released, peak correction was 0.000m
[  3107   16.411 x1.00] LOG  [AirPosePin] engaged, holding body at 2.044m above the transform
[  3108   16.419 x1.00] LOG  [AirPosePin] released, peak correction was 0.000m
[  3109   16.422 x1.00] LOG  [AirPosePin] engaged, holding body at 2.054m above the transform
[  3110   16.429 x1.00] LOG  [AirPosePin] released, peak correction was 0.000m
[  3111   16.432 x1.00] LOG  [AirPosePin] engaged, holding body at 2.057m above the transform
[  3112   16.438 x1.00] LOG  [AirPosePin] released, peak correction was 0.000m
[  3113   16.448 x1.00] LOG  [AirPosePin] engaged, holding body at 2.028m above the transform
[  3114   16.450 x1.00] LOG  [Combat] Dodge early exit at 85% (movement input)
[  3114   16.450 x1.00] LOG  [Combat] Dodge ended
[  3114   16.450 x1.00] LOG  [AirPosePin] released, peak correction was 0.000m
[  3115   16.452 x1.00] LOG  ✅ LANDED! (was jump #0)
[  3159   16.638 x1.00] LOG  [OniBoss:Layer] watch stance OFF, back to Idle (player 16.5m)
[  3211   16.859 x1.00] LOG  
==================== [FREEZE-DEBUG v3] ====================
  Reason : WASD-NOMOVE: WASD recent + speed 0.00m/s for 0.41s
  Time   : 14.880s   Frame: 3211   Snaps: 60
===========================================================

--- CURRENT STATE ---
  Flags: atk=False hvy=False dod=False dsh=False
         grd=False hit=False aerial=False lockPos=False
         comboStep=0
  Anim : speed=1.00  combatLayer hash=-792875657 normT=0.402 weight=1.00 inTransition=False
  CC   : grounded=True  enabled=True  pos=(474.53, -0.02, 438.91)  vel=(0.00, 0.00, 0.00)
  Move : IsRunning=True
  Input: H=0.00 V=0.00  LMB=False MMB=False Q=False Sp=False Sh=True C=False
         WASD pressed in last 0.5s: True (last 0.12s ago)

--- FLIGHT RECORDER (60 snapshots, oldest first, dt=0.10s) ---
  Legend: flags = A(tk) H(vy) D(od) S(sh) G(rd) R(eact) Y(aerial) L(ock)   gnd/cc: Y/n
  t-now    flags     step gnd cc anSp normT layW tr | posX     posZ     spd   | H    V    LMB MMB Q  Sp Sh C
  ------   --------  ---- --- -- ---- ----- ---- -- | -----    -----    ----  | ---- ---- --- --- -- -- -- -
  - 6.09s  --------    0  Y   Y  1.00  1.33 1.00 -  |   474.5    441.3  0.00 |  0.0  0.0 0   0   0  0  0  0
  - 5.98s  --------    0  Y   Y  1.00  1.43 1.00 -  |   474.5    441.3  0.00 |  0.0  0.0 0   0   0  0  0  0
  - 5.88s  --------    0  Y   Y  1.00  1.54 1.00 -  |   474.5    441.3  0.00 |  0.0  0.0 0   0   0  0  0  0
  - 5.78s  --------    0  Y   Y  1.00  1.64 1.00 -  |   474.5    441.3  0.00 |  0.0  0.0 0   0   0  0  0  0
  - 5.67s  --------    0  Y   Y  1.00  1.75 1.00 -  |   474.5    441.3  0.00 |  0.0  0.0 0   0   0  0  0  0
  - 5.57s  --------    0  Y   Y  1.00  1.85 1.00 -  |   474.5    441.3  0.00 |  0.0  0.0 0   0   0  0  0  0
  - 5.47s  --------    0  Y   Y  1.00  1.95 1.00 -  |   474.5    441.3  0.00 |  0.0  0.0 0   0   0  0  0  0
  - 5.36s  --------    0  Y   Y  1.00  2.05 1.00 -  |   474.5    441.3  0.00 |  0.0  0.0 0   0   0  0  0  0
  - 5.26s  --------    0  Y   Y  1.00  2.16 1.00 -  |   474.5    441.3  0.00 |  0.0  0.0 0   0   0  0  0  0
  - 5.16s  --------    0  Y   Y  1.00  2.26 1.00 -  |   474.5    441.3  0.00 |  0.0  0.0 0   0   0  0  0  0
  - 5.06s  --------    0  Y   Y  1.00  2.36 1.00 -  |   474.5    441.3  0.00 |  1.0  0.0 0   0   0  0  0  0
  - 4.96s  --------    0  Y   Y  1.00  2.46 1.00 -  |   474.5    441.5  0.00 |  1.0  0.0 0   0   0  0  0  0
  - 4.85s  --------    0  Y   Y  1.00  2.56 1.00 -  |   474.6    441.7  0.00 |  1.0  0.0 0   0   0  0  0  0
  - 4.75s  --------    0  Y   Y  1.00  2.67 1.00 -  |   474.6    441.9  0.00 |  1.0  0.0 0   0   0  0  0  0
  - 4.65s  --------    0  Y   Y  1.00  2.77 1.00 -  |   474.7    442.3  0.00 |  1.0  0.0 0   0   0  0  1  0
  - 4.55s  --------    0  Y   Y  1.00  2.87 1.00 -  |   474.9    442.9  0.00 |  1.0  0.0 0   0   0  0  1  0
  - 4.44s  --------    0  Y   Y  1.00  2.97 1.00 -  |   475.0    443.6  0.00 |  1.0  0.0 0   0   0  0  1  0
  - 4.34s  --------    0  Y   Y  1.00  3.07 1.00 -  |   475.2    444.3  0.00 |  1.0  0.0 0   0   0  0  1  0
  - 4.24s  --------    0  Y   Y  1.00  3.18 1.00 -  |   475.4    445.1  0.00 |  1.0  0.0 0   0   0  0  1  0
  - 4.14s  --------    0  Y   Y  1.00  3.28 1.00 -  |   475.6    445.8  0.00 |  1.0  0.0 0   0   0  0  1  0
  - 4.04s  --------    0  Y   Y  1.00  3.38 1.00 -  |   475.7    446.5  0.00 |  1.0  0.0 0   0   0  0  1  0
  - 3.93s  --------    0  Y   Y  1.00  3.48 1.00 -  |   475.9    447.2  0.00 |  1.0  0.0 0   0   0  0  1  0
  - 3.83s  --------    0  Y   Y  1.00  3.59 1.00 -  |   476.1    447.8  0.00 |  1.0  0.0 0   0   0  0  1  0
  - 3.73s  --------    0  Y   Y  1.00  3.69 1.00 -  |   476.2    448.5  0.00 |  1.0  0.0 0   0   0  0  1  0
  - 3.62s  --------    0  Y   Y  1.00  3.79 1.00 -  |   476.4    449.2  0.00 |  1.0  0.0 0   0   0  0  0  0
  - 3.52s  --------    0  Y   Y  1.00  3.89 1.00 -  |   476.4    449.4  0.00 |  1.0  0.0 0   0   0  0  0  0
  - 3.42s  --------    0  Y   Y  1.00  4.00 1.00 -  |   476.5    449.6  0.00 |  0.0  0.0 0   0   0  0  0  0
  - 3.32s  --D-----    0  Y   Y  1.00  4.10 1.00 T  |   476.5    449.8  1.17 |  0.0  0.0 0   0   0  0  0  1
  - 3.22s  --D-----    0  Y   Y  1.00  0.19 1.00 -  |   476.6    450.0  1.09 |  0.0  0.0 0   0   0  0  0  0
  - 3.11s  --D-----    0  Y   Y  1.00  0.35 1.00 -  |   476.7    450.6  18.90 |  0.0  0.0 0   0   0  0  0  0
  - 3.01s  --D-----    0  Y   Y  1.00  0.51 1.00 -  |   476.8    451.2  5.71 |  0.0  0.0 0   0   0  0  0  0
  - 2.90s  --D-----    0  Y   Y  1.00  0.66 1.00 -  |   477.0    451.9  17.76 |  0.0  0.0 0   0   0  0  0  0
  - 2.80s  --D-----    0  Y   Y  1.00  0.81 1.00 -  |   477.1    452.4  10.28 |  0.0  0.0 0   0   0  0  0  0
  - 2.70s  --D-----    0  n   Y  1.00  0.97 1.00 -  |   477.2    452.7  1.34 |  0.0  0.0 0   0   0  0  0  0
  - 2.60s  --------    0  Y   Y  1.00  1.12 1.00 T  |   477.2    452.7  0.00 |  0.0  0.0 0   0   0  0  0  0
  - 2.50s  --------    0  Y   Y  1.00  1.27 1.00 T  |   477.2    452.7  0.00 |  0.0  0.0 0   0   0  0  0  0
  - 2.39s  --------    0  Y   Y  1.00  0.28 1.00 -  |   477.2    452.7  0.00 | -1.0  0.0 0   0   0  0  0  0
  - 2.29s  --------    0  Y   Y  1.00  0.39 1.00 -  |   477.2    452.5  0.00 | -1.0  0.0 0   0   0  0  0  0
  - 2.18s  --------    0  Y   Y  1.00  0.49 1.00 -  |   477.1    452.2  0.00 | -1.0  0.0 0   0   0  0  1  0
  - 2.08s  --------    0  Y   Y  1.00  0.59 1.00 -  |   476.9    451.5  0.00 | -1.0  0.0 0   0   0  0  1  0
  - 1.98s  --------    0  Y   Y  1.00  0.69 1.00 -  |   476.8    450.8  0.00 | -1.0  0.0 0   0   0  0  1  0
  - 1.88s  --------    0  Y   Y  1.00  0.79 1.00 -  |   476.6    450.1  0.00 | -1.0  0.0 0   0   0  0  1  0
  - 1.78s  --------    0  Y   Y  1.00  0.89 1.00 -  |   476.4    449.3  0.00 | -1.0  0.0 0   0   0  0  1  0
  - 1.68s  --------    0  Y   Y  1.00  1.00 1.00 -  |   476.2    448.6  0.00 | -1.0  0.0 0   0   0  0  1  0
  - 1.58s  --------    0  Y   Y  1.00  1.10 1.00 -  |   476.1    448.0  0.00 | -1.0  0.0 0   0   0  0  1  0
  - 1.48s  --------    0  Y   Y  1.00  1.20 1.00 -  |   475.9    447.3  0.00 | -1.0  0.0 0   0   0  0  1  0
  - 1.37s  --------    0  n   Y  1.00  1.30 1.00 -  |   475.8    446.7  0.00 | -1.0  0.0 0   0   0  1  1  0
  - 1.27s  --------    0  n   Y  1.00  1.40 1.00 -  |   475.7    446.3  0.00 | -1.0  0.0 0   0   0  1  1  0
  - 1.17s  --------    0  n   Y  1.00  1.50 1.00 -  |   475.6    445.9  0.00 | -1.0  0.0 0   0   0  0  1  0
  - 1.07s  --D-----    0  n   Y  1.00  1.60 1.00 T  |   475.5    445.5  0.41 | -1.0  0.0 0   0   0  0  1  1
  - 0.97s  --D-----    0  n   Y  1.00  0.15 1.00 -  |   475.5    445.3  2.76 | -1.0  0.0 0   0   0  0  1  0
  - 0.87s  --D-----    0  Y   Y  1.00  0.27 1.00 -  |   475.4    444.8  3.15 | -1.0  0.0 0   0   0  0  1  0
  - 0.77s  --D-----    0  Y   Y  1.00  0.40 1.00 -  |   475.4    444.1  8.77 | -1.0  0.0 0   0   0  0  1  0
  - 0.66s  --D-----    0  Y   Y  1.00  0.53 1.00 -  |   475.3    443.4  9.34 | -1.0  0.0 0   0   0  0  1  0
  - 0.56s  --D-----    0  Y   Y  1.00  0.65 1.00 -  |   475.3    442.7  3.39 | -1.0  0.0 0   0   0  0  1  0
  - 0.46s  --D-----    0  n   Y  1.00  0.78 1.00 -  |   475.2    442.0  17.14 | -1.0  0.0 0   0   0  0  1  0
  - 0.36s  --------    0  Y   Y  1.00  0.91 1.00 T  |   475.1    441.4  0.00 | -1.0  0.0 0   0   0  0  1  0
  - 0.26s  --------    0  Y   Y  1.00  1.04 1.00 T  |   474.9    440.7  0.00 | -1.0  0.0 0   0   0  0  1  0
  - 0.15s  --------    0  Y   Y  1.00  0.25 1.00 -  |   474.8    440.0  0.00 | -1.0  0.0 0   0   0  0  1  0
  - 0.05s  --------    0  Y   Y  1.00  0.35 1.00 -  |   474.6    439.3  0.00 |  0.0  0.0 0   0   0  0  1  0
=========================================================== END

[  3226   16.921 x1.00] LOG  🐾 4-LEG JUMP #0
[  3226   16.921 x1.00] LOG  🐾 Jump 1 VFX spawned!
[  3319   17.315 x1.00] LOG  [Combat] Dodge: Dodge_4Leg (4m, 4leg)
[  3319   17.315 x1.00] LOG  [AirPosePin] engaged, holding body at 1.521m above the transform
[  3361   17.501 x1.00] LOG  [AirPosePin] released, peak correction was 1.056m
[  3362   17.508 x1.00] LOG  [AirPosePin] engaged, holding body at 0.474m above the transform
[  3363   17.513 x1.00] LOG  [AirPosePin] released, peak correction was 0.000m
[  3364   17.515 x1.00] LOG  [AirPosePin] engaged, holding body at 0.477m above the transform
[  3365   17.517 x1.00] LOG  [AirPosePin] released, peak correction was 0.000m
[  3366   17.519 x1.00] LOG  [AirPosePin] engaged, holding body at 0.479m above the transform
[  3367   17.522 x1.00] LOG  [AirPosePin] released, peak correction was 0.000m
[  3368   17.524 x1.00] LOG  [AirPosePin] engaged, holding body at 0.480m above the transform
[  3369   17.527 x1.00] LOG  [AirPosePin] released, peak correction was 0.000m
[  3370   17.532 x1.00] LOG  [AirPosePin] engaged, holding body at 0.482m above the transform
[  3371   17.542 x1.00] LOG  [AirPosePin] released, peak correction was 0.000m
[  3372   17.547 x1.00] LOG  [AirPosePin] engaged, holding body at 0.492m above the transform
[  3373   17.550 x1.00] LOG  [AirPosePin] released, peak correction was 0.000m
[  3374   17.553 x1.00] LOG  [AirPosePin] engaged, holding body at 0.501m above the transform
[  3375   17.555 x1.00] LOG  [AirPosePin] released, peak correction was 0.000m
[  3376   17.558 x1.00] LOG  [AirPosePin] engaged, holding body at 0.511m above the transform
[  3377   17.560 x1.00] LOG  [AirPosePin] released, peak correction was 0.000m
[  3378   17.562 x1.00] LOG  [AirPosePin] engaged, holding body at 0.521m above the transform
[  3379   17.566 x1.00] LOG  [AirPosePin] released, peak correction was 0.000m
[  3380   17.570 x1.00] LOG  [AirPosePin] engaged, holding body at 0.542m above the transform
[  3381   17.573 x1.00] LOG  [AirPosePin] released, peak correction was 0.000m
[  3382   17.577 x1.00] LOG  [AirPosePin] engaged, holding body at 0.568m above the transform
[  3383   17.582 x1.00] LOG  [AirPosePin] released, peak correction was 0.000m
[  3384   17.585 x1.00] LOG  [AirPosePin] engaged, holding body at 0.603m above the transform
[  3385   17.589 x1.00] LOG  [AirPosePin] released, peak correction was 0.000m
[  3386   17.594 x1.00] LOG  [AirPosePin] engaged, holding body at 0.649m above the transform
[  3387   17.598 x1.00] LOG  [AirPosePin] released, peak correction was 0.000m
[  3388   17.602 x1.00] LOG  [AirPosePin] engaged, holding body at 0.701m above the transform
[  3389   17.606 x1.00] LOG  [AirPosePin] released, peak correction was 0.000m
[  3390   17.610 x1.00] LOG  [AirPosePin] engaged, holding body at 0.760m above the transform
[  3391   17.615 x1.00] LOG  [AirPosePin] released, peak correction was 0.000m
[  3393   17.622 x1.00] LOG  [AirPosePin] engaged, holding body at 0.856m above the transform
[  3394   17.627 x1.00] LOG  [AirPosePin] released, peak correction was 0.000m
[  3395   17.631 x1.00] LOG  [AirPosePin] engaged, holding body at 0.935m above the transform
[  3396   17.634 x1.00] LOG  [AirPosePin] released, peak correction was 0.000m
[  3397   17.640 x1.00] LOG  [AirPosePin] engaged, holding body at 1.020m above the transform
[  3398   17.643 x1.00] LOG  [AirPosePin] released, peak correction was 0.000m
[  3399   17.651 x1.00] LOG  [AirPosePin] engaged, holding body at 1.128m above the transform
[  3400   17.660 x1.00] LOG  [AirPosePin] released, peak correction was 0.000m
[  3401   17.665 x1.00] LOG  [AirPosePin] engaged, holding body at 1.253m above the transform
[  3402   17.668 x1.00] LOG  [AirPosePin] released, peak correction was 0.000m
[  3403   17.670 x1.00] LOG  [AirPosePin] engaged, holding body at 1.293m above the transform
[  3404   17.672 x1.00] LOG  [AirPosePin] released, peak correction was 0.000m
[  3405   17.674 x1.00] LOG  [AirPosePin] engaged, holding body at 1.328m above the transform
[  3406   17.676 x1.00] LOG  [AirPosePin] released, peak correction was 0.000m
[  3407   17.679 x1.00] LOG  [AirPosePin] engaged, holding body at 1.366m above the transform
[  3408   17.683 x1.00] LOG  [AirPosePin] released, peak correction was 0.000m
[  3409   17.686 x1.00] LOG  [AirPosePin] engaged, holding body at 1.417m above the transform
[  3410   17.691 x1.00] LOG  [AirPosePin] released, peak correction was 0.000m
[  3411   17.694 x1.00] LOG  [AirPosePin] engaged, holding body at 1.460m above the transform
[  3412   17.698 x1.00] LOG  [AirPosePin] released, peak correction was 0.000m
[  3413   17.701 x1.00] LOG  [AirPosePin] engaged, holding body at 1.500m above the transform
[  3414   17.705 x1.00] LOG  [AirPosePin] released, peak correction was 0.000m
[  3415   17.708 x1.00] LOG  [AirPosePin] engaged, holding body at 1.535m above the transform
[  3416   17.711 x1.00] LOG  [AirPosePin] released, peak correction was 0.000m
[  3417   17.715 x1.00] LOG  [AirPosePin] engaged, holding body at 1.569m above the transform
[  3418   17.719 x1.00] LOG  [AirPosePin] released, peak correction was 0.000m
[  3419   17.723 x1.00] LOG  [AirPosePin] engaged, holding body at 1.606m above the transform
[  3420   17.727 x1.00] LOG  [AirPosePin] released, peak correction was 0.000m
[  3421   17.732 x1.00] LOG  [AirPosePin] engaged, holding body at 1.643m above the transform
[  3422   17.738 x1.00] LOG  [AirPosePin] released, peak correction was 0.000m
[  3423   17.742 x1.00] LOG  [AirPosePin] engaged, holding body at 1.685m above the transform
[  3424   17.746 x1.00] LOG  [AirPosePin] released, peak correction was 0.000m
[  3425   17.750 x1.00] LOG  [AirPosePin] engaged, holding body at 1.716m above the transform
[  3426   17.752 x1.00] LOG  [AirPosePin] released, peak correction was 0.000m
[  3427   17.754 x1.00] LOG  [AirPosePin] engaged, holding body at 1.733m above the transform
[  3428   17.758 x1.00] LOG  [AirPosePin] released, peak correction was 0.000m
[  3429   17.763 x1.00] LOG  [AirPosePin] engaged, holding body at 1.766m above the transform
[  3430   17.767 x1.00] LOG  [AirPosePin] released, peak correction was 0.000m
[  3481   18.002 x1.00] LOG  [Combat] Dodge early exit at 85% (movement input)
[  3481   18.002 x1.00] LOG  [Combat] Dodge ended
[  3482   18.007 x1.00] LOG  ✅ LANDED! (was jump #0)
[  4092   20.576 x1.00] LOG  🚶 2-LEG JUMP
[  4092   20.576 x1.00] LOG  🐾 Jump 1 VFX spawned!
[  4172   20.931 x1.00] LOG  [Combat] Dash: DodgeDash_4Leg (5m, 20 dmg, 4leg)
[  4172   20.931 x1.00] LOG  [AirPosePin] engaged, holding body at 1.531m above the transform
[  4211   21.109 x1.00] LOG  [AirPosePin] released, peak correction was 1.066m
[  4212   21.112 x1.00] LOG  💨 Landing VFX spawned!
[  4212   21.112 x1.00] LOG  [AirPosePin] engaged, holding body at 0.466m above the transform
[  4213   21.119 x1.00] LOG  [AirPosePin] released, peak correction was 0.000m
[  4214   21.122 x1.00] LOG  [AirPosePin] engaged, holding body at 0.467m above the transform
[  4215   21.130 x1.00] LOG  [AirPosePin] released, peak correction was 0.000m
[  4217   21.140 x1.00] LOG  [AirPosePin] engaged, holding body at 0.468m above the transform
[  4218   21.149 x1.00] LOG  [AirPosePin] released, peak correction was 0.000m
[  4219   21.152 x1.00] LOG  [AirPosePin] engaged, holding body at 0.469m above the transform
[  4220   21.155 x1.00] LOG  [AirPosePin] released, peak correction was 0.000m
[  4221   21.159 x1.00] LOG  [AirPosePin] engaged, holding body at 0.469m above the transform
[  4222   21.162 x1.00] LOG  [AirPosePin] released, peak correction was 0.000m
[  4223   21.164 x1.00] LOG  [AirPosePin] engaged, holding body at 0.470m above the transform
[  4224   21.170 x1.00] LOG  [AirPosePin] released, peak correction was 0.000m
[  4225   21.172 x1.00] LOG  [AirPosePin] engaged, holding body at 0.475m above the transform
[  4226   21.179 x1.00] LOG  [AirPosePin] released, peak correction was 0.000m
[  4227   21.181 x1.00] LOG  [AirPosePin] engaged, holding body at 0.484m above the transform
[  4228   21.189 x1.00] LOG  [AirPosePin] released, peak correction was 0.000m
[  4229   21.191 x1.00] LOG  [AirPosePin] engaged, holding body at 0.492m above the transform
[  4230   21.193 x1.00] LOG  [AirPosePin] released, peak correction was 0.000m
[  4231   21.199 x1.00] LOG  [AirPosePin] engaged, holding body at 0.500m above the transform
[  4232   21.201 x1.00] LOG  [AirPosePin] released, peak correction was 0.000m
[  4233   21.204 x1.00] LOG  [AirPosePin] engaged, holding body at 0.508m above the transform
[  4234   21.209 x1.00] LOG  [AirPosePin] released, peak correction was 0.000m
[  4235   21.211 x1.00] LOG  [AirPosePin] engaged, holding body at 0.522m above the transform
[  4236   21.213 x1.00] LOG  [AirPosePin] released, peak correction was 0.000m
[  4237   21.219 x1.00] LOG  [AirPosePin] engaged, holding body at 0.537m above the transform
[  4238   21.221 x1.00] LOG  [AirPosePin] released, peak correction was 0.000m
[  4239   21.229 x1.00] LOG  [AirPosePin] engaged, holding body at 0.555m above the transform
[  4240   21.231 x1.00] LOG  [AirPosePin] released, peak correction was 0.000m
[  4241   21.233 x1.00] LOG  [AirPosePin] engaged, holding body at 0.563m above the transform
[  4242   21.239 x1.00] LOG  [AirPosePin] released, peak correction was 0.000m
[  4243   21.242 x1.00] LOG  [AirPosePin] engaged, holding body at 0.583m above the transform
[  4244   21.249 x1.00] LOG  [AirPosePin] released, peak correction was 0.000m
[  4245   21.251 x1.00] LOG  [AirPosePin] engaged, holding body at 0.604m above the transform
[  4246   21.253 x1.00] LOG  [AirPosePin] released, peak correction was 0.000m
[  4247   21.260 x1.00] LOG  [AirPosePin] engaged, holding body at 0.623m above the transform
[  4248   21.262 x1.00] LOG  [AirPosePin] released, peak correction was 0.000m
[  4249   21.270 x1.00] LOG  [AirPosePin] engaged, holding body at 0.647m above the transform
[  4250   21.272 x1.00] LOG  [AirPosePin] released, peak correction was 0.000m
[  4251   21.279 x1.00] LOG  [AirPosePin] engaged, holding body at 0.669m above the transform
[  4252   21.282 x1.00] LOG  [AirPosePin] released, peak correction was 0.000m
[  4253   21.290 x1.00] LOG  [AirPosePin] engaged, holding body at 0.691m above the transform
[  4254   21.299 x1.00] LOG  [AirPosePin] released, peak correction was 0.000m
[  4255   21.301 x1.00] LOG  [AirPosePin] engaged, holding body at 0.716m above the transform
[  4256   21.303 x1.00] LOG  [AirPosePin] released, peak correction was 0.000m
[  4257   21.309 x1.00] LOG  [AirPosePin] engaged, holding body at 0.731m above the transform
[  4258   21.311 x1.00] LOG  [AirPosePin] released, peak correction was 0.000m
[  4260   21.320 x1.00] LOG  [AirPosePin] engaged, holding body at 0.748m above the transform
[  4261   21.329 x1.00] LOG  [AirPosePin] released, peak correction was 0.000m
[  4262   21.331 x1.00] LOG  [AirPosePin] engaged, holding body at 0.767m above the transform
[  4263   21.339 x1.00] LOG  [AirPosePin] released, peak correction was 0.000m
[  4264   21.342 x1.00] LOG  [AirPosePin] engaged, holding body at 0.776m above the transform
[  4265   21.344 x1.00] LOG  [AirPosePin] released, peak correction was 0.000m
[  4266   21.349 x1.00] LOG  [AirPosePin] engaged, holding body at 0.781m above the transform
[  4267   21.351 x1.00] LOG  [AirPosePin] released, peak correction was 0.000m
[  4268   21.353 x1.00] LOG  [AirPosePin] engaged, holding body at 0.784m above the transform
[  4269   21.359 x1.00] LOG  [AirPosePin] released, peak correction was 0.000m
[  4271   21.370 x1.00] LOG  [AirPosePin] engaged, holding body at 0.790m above the transform
[  4272   21.372 x1.00] LOG  [AirPosePin] released, peak correction was 0.000m
[  4273   21.384 x1.00] LOG  [AirPosePin] engaged, holding body at 0.787m above the transform
[  4274   21.389 x1.00] LOG  [AirPosePin] released, peak correction was 0.000m
[  4275   21.394 x1.00] LOG  [AirPosePin] engaged, holding body at 0.786m above the transform
[  4276   21.399 x1.00] LOG  [AirPosePin] released, peak correction was 0.000m
[  4277   21.402 x1.00] LOG  [AirPosePin] engaged, holding body at 0.783m above the transform
[  4278   21.404 x1.00] LOG  [AirPosePin] released, peak correction was 0.000m
[  4279   21.412 x1.00] LOG  [AirPosePin] engaged, holding body at 0.777m above the transform
[  4280   21.414 x1.00] LOG  [AirPosePin] released, peak correction was 0.000m
[  4281   21.416 x1.00] LOG  [AirPosePin] engaged, holding body at 0.775m above the transform
[  4282   21.418 x1.00] LOG  [AirPosePin] released, peak correction was 0.000m
[  4283   21.421 x1.00] LOG  [AirPosePin] engaged, holding body at 0.772m above the transform
[  4284   21.425 x1.00] LOG  [AirPosePin] released, peak correction was 0.000m
[  4285   21.429 x1.00] LOG  [AirPosePin] engaged, holding body at 0.767m above the transform
[  4286   21.434 x1.00] LOG  [AirPosePin] released, peak correction was 0.000m
[  4287   21.437 x1.00] LOG  [AirPosePin] engaged, holding body at 0.759m above the transform
[  4288   21.441 x1.00] LOG  [AirPosePin] released, peak correction was 0.000m
[  4289   21.450 x1.00] LOG  [AirPosePin] engaged, holding body at 0.748m above the transform
[  4290   21.458 x1.00] LOG  [AirPosePin] released, peak correction was 0.000m
[  4291   21.463 x1.00] LOG  [AirPosePin] engaged, holding body at 0.736m above the transform
[  4292   21.465 x1.00] LOG  [AirPosePin] released, peak correction was 0.000m
[  4293   21.467 x1.00] LOG  [AirPosePin] engaged, holding body at 0.731m above the transform
[  4294   21.469 x1.00] LOG  [AirPosePin] released, peak correction was 0.000m
[  4296   21.475 x1.00] LOG  [AirPosePin] engaged, holding body at 0.722m above the transform
[  4297   21.479 x1.00] LOG  [AirPosePin] released, peak correction was 0.000m
[  4298   21.484 x1.00] LOG  [AirPosePin] engaged, holding body at 0.712m above the transform
[  4299   21.488 x1.00] LOG  [AirPosePin] released, peak correction was 0.000m
[  4300   21.492 x1.00] LOG  [AirPosePin] engaged, holding body at 0.703m above the transform
[  4301   21.496 x1.00] LOG  [AirPosePin] released, peak correction was 0.000m
[  4302   21.501 x1.00] LOG  [AirPosePin] engaged, holding body at 0.692m above the transform
[  4303   21.505 x1.00] LOG  [AirPosePin] released, peak correction was 0.000m
[  4304   21.510 x1.00] LOG  [AirPosePin] engaged, holding body at 0.680m above the transform
[  4305   21.514 x1.00] LOG  [AirPosePin] released, peak correction was 0.000m
[  4306   21.518 x1.00] LOG  [AirPosePin] engaged, holding body at 0.669m above the transform
[  4307   21.523 x1.00] LOG  [AirPosePin] released, peak correction was 0.000m
[  4308   21.527 x1.00] LOG  [AirPosePin] engaged, holding body at 0.658m above the transform
[  4309   21.532 x1.00] LOG  [AirPosePin] released, peak correction was 0.000m
[  4310   21.536 x1.00] LOG  [AirPosePin] engaged, holding body at 0.647m above the transform
[  4311   21.541 x1.00] LOG  [AirPosePin] released, peak correction was 0.000m
[  4312   21.545 x1.00] LOG  [AirPosePin] engaged, holding body at 0.635m above the transform
[  4313   21.550 x1.00] LOG  [AirPosePin] released, peak correction was 0.000m
[  4314   21.554 x1.00] LOG  [AirPosePin] engaged, holding body at 0.624m above the transform
[  4315   21.559 x1.00] LOG  [AirPosePin] released, peak correction was 0.000m
[  4316   21.564 x1.00] LOG  [AirPosePin] engaged, holding body at 0.611m above the transform
[  4317   21.569 x1.00] LOG  [AirPosePin] released, peak correction was 0.000m
[  4318   21.573 x1.00] LOG  [AirPosePin] engaged, holding body at 0.601m above the transform
[  4319   21.586 x1.00] LOG  [AirPosePin] released, peak correction was 0.000m
[  4321   21.598 x1.00] LOG  [AirPosePin] engaged, holding body at 0.572m above the transform
[  4322   21.602 x1.00] LOG  [AirPosePin] released, peak correction was 0.000m
[  4323   21.609 x1.00] LOG  [AirPosePin] engaged, holding body at 0.562m above the transform
[  4324   21.611 x1.00] LOG  [AirPosePin] released, peak correction was 0.000m
[  4326   21.616 x1.00] LOG  [AirPosePin] engaged, holding body at 0.556m above the transform
[  4327   21.618 x1.00] LOG  [AirPosePin] released, peak correction was 0.000m
[  4328   21.621 x1.00] LOG  [AirPosePin] engaged, holding body at 0.551m above the transform
[  4329   21.626 x1.00] LOG  [AirPosePin] released, peak correction was 0.000m
[  4330   21.630 x1.00] LOG  [AirPosePin] engaged, holding body at 0.542m above the transform
[  4331   21.635 x1.00] LOG  [AirPosePin] released, peak correction was 0.000m
[  4332   21.640 x1.00] LOG  [AirPosePin] engaged, holding body at 0.535m above the transform
[  4333   21.644 x1.00] LOG  [AirPosePin] released, peak correction was 0.000m
[  4334   21.649 x1.00] LOG  [AirPosePin] engaged, holding body at 0.530m above the transform
[  4335   21.654 x1.00] LOG  [AirPosePin] released, peak correction was 0.000m
[  4336   21.658 x1.00] LOG  [AirPosePin] engaged, holding body at 0.524m above the transform
[  4337   21.663 x1.00] LOG  [AirPosePin] released, peak correction was 0.000m
[  4338   21.667 x1.00] LOG  [AirPosePin] engaged, holding body at 0.519m above the transform
[  4339   21.672 x1.00] LOG  [AirPosePin] released, peak correction was 0.000m
[  4340   21.676 x1.00] LOG  [AirPosePin] engaged, holding body at 0.518m above the transform
[  4341   21.681 x1.00] LOG  [AirPosePin] released, peak correction was 0.000m
[  4342   21.685 x1.00] LOG  [AirPosePin] engaged, holding body at 0.516m above the transform
[  4343   21.690 x1.00] LOG  [AirPosePin] released, peak correction was 0.000m
[  4344   21.694 x1.00] LOG  [AirPosePin] engaged, holding body at 0.514m above the transform
[  4345   21.698 x1.00] LOG  [AirPosePin] released, peak correction was 0.000m
[  4346   21.703 x1.00] LOG  [AirPosePin] engaged, holding body at 0.517m above the transform
[  4347   21.707 x1.00] LOG  [AirPosePin] released, peak correction was 0.000m
[  4348   21.711 x1.00] LOG  [AirPosePin] engaged, holding body at 0.522m above the transform
[  4349   21.716 x1.00] LOG  [AirPosePin] released, peak correction was 0.000m
[  4350   21.720 x1.00] LOG  [AirPosePin] engaged, holding body at 0.528m above the transform
[  4351   21.725 x1.00] LOG  [AirPosePin] released, peak correction was 0.000m
[  4352   21.729 x1.00] LOG  [AirPosePin] engaged, holding body at 0.534m above the transform
[  4353   21.733 x1.00] LOG  [AirPosePin] released, peak correction was 0.000m
[  4397   21.925 x1.00] LOG  [AirPosePin] engaged, holding body at 0.657m above the transform
[  4398   21.929 x1.00] LOG  [Combat] Dash ended
[  4398   21.929 x1.00] LOG  [AirPosePin] released, peak correction was 0.000m
[  4401   21.941 x1.00] LOG  ✅ LANDED! (was jump #0)
[  4573   22.666 x1.00] LOG  
==================== [FREEZE-DEBUG v3] ====================
  Reason : WASD-NOMOVE: WASD recent + speed 0.00m/s for 0.40s
  Time   : 20.688s   Frame: 4573   Snaps: 60
===========================================================

--- CURRENT STATE ---
  Flags: atk=False hvy=False dod=False dsh=False
         grd=False hit=False aerial=False lockPos=False
         comboStep=0
  Anim : speed=1.00  combatLayer hash=-792875657 normT=0.729 weight=1.00 inTransition=False
  CC   : grounded=True  enabled=True  pos=(469.89, 0.00, 438.46)  vel=(0.00, -0.03, 0.00)
  Move : IsRunning=False
  Input: H=1.00 V=0.00  LMB=False MMB=False Q=False Sp=False Sh=False C=False
         WASD pressed in last 0.5s: True (last 0.00s ago)

--- FLIGHT RECORDER (60 snapshots, oldest first, dt=0.10s) ---
  Legend: flags = A(tk) H(vy) D(od) S(sh) G(rd) R(eact) Y(aerial) L(ock)   gnd/cc: Y/n
  t-now    flags     step gnd cc anSp normT layW tr | posX     posZ     spd   | H    V    LMB MMB Q  Sp Sh C
  ------   --------  ---- --- -- ---- ----- ---- -- | -----    -----    ----  | ---- ---- --- --- -- -- -- -
  - 6.06s  --------    0  Y   Y  1.00  1.04 1.00 T  |   474.9    440.7  0.00 | -1.0  0.0 0   0   0  0  1  0
  - 5.96s  --------    0  Y   Y  1.00  0.25 1.00 -  |   474.8    440.0  0.00 | -1.0  0.0 0   0   0  0  1  0
  - 5.86s  --------    0  Y   Y  1.00  0.35 1.00 -  |   474.6    439.3  0.00 |  0.0  0.0 0   0   0  0  1  0
  - 5.76s  --------    0  Y   Y  1.00  0.46 1.00 -  |   474.5    438.6  0.00 | -1.0  0.0 0   0   0  0  1  0
  - 5.66s  --------    0  n   Y  1.00  0.56 1.00 -  |   474.4    438.2  0.00 | -1.0  0.0 0   0   0  1  1  0
  - 5.55s  --------    0  n   Y  1.00  0.66 1.00 -  |   474.3    437.8  0.00 | -1.0  0.0 0   0   0  0  1  0
  - 5.45s  --------    0  n   Y  1.00  0.76 1.00 -  |   474.2    437.4  0.00 | -1.0  0.0 0   0   0  0  1  0
  - 5.35s  --D-----    0  n   Y  1.00  0.86 1.00 -  |   474.1    436.9  0.00 | -1.0  0.0 0   0   0  0  1  1
  - 5.25s  --D-----    0  n   Y  1.00  0.96 1.00 T  |   474.0    436.8  2.61 | -1.0  0.0 0   0   0  0  1  1
  - 5.15s  --D-----    0  Y   Y  1.00  0.25 1.00 -  |   474.0    436.3  5.61 | -1.0  0.0 0   0   0  0  1  0
  - 5.04s  --D-----    0  Y   Y  1.00  0.38 1.00 -  |   474.0    435.7  8.20 | -1.0  0.0 0   0   0  0  1  0
  - 4.94s  --D-----    0  Y   Y  1.00  0.50 1.00 -  |   473.9    434.9  6.94 | -1.0  0.0 0   0   0  0  1  0
  - 4.84s  --D-----    0  Y   Y  1.00  0.63 1.00 -  |   473.8    434.2  11.45 | -1.0  0.0 0   0   0  0  1  0
  - 4.74s  --D-----    0  Y   Y  1.00  0.76 1.00 -  |   473.8    433.6  4.96 | -1.0  0.0 0   0   0  0  1  0
  - 4.64s  --------    0  Y   Y  1.00  0.89 1.00 T  |   473.7    433.1  0.00 | -1.0  0.0 0   0   0  0  0  0
  - 4.53s  --------    0  Y   Y  1.00  1.02 1.00 T  |   473.7    432.9  0.00 | -1.0  0.0 0   0   0  0  0  0
  - 4.43s  --------    0  Y   Y  1.00  1.14 1.00 T  |   473.6    432.7  0.00 |  0.0  0.0 0   0   0  0  0  0
  - 4.33s  --------    0  Y   Y  1.00  0.33 1.00 -  |   473.6    432.5  0.00 |  0.0  0.0 0   0   0  0  0  0
  - 4.23s  --------    0  Y   Y  1.00  0.43 1.00 -  |   473.6    432.4  0.00 |  0.0  0.0 0   0   0  0  0  0
  - 4.13s  --------    0  Y   Y  1.00  0.53 1.00 -  |   473.6    432.4  0.00 |  0.0  0.0 0   0   0  0  0  0
  - 4.03s  --------    0  Y   Y  1.00  0.63 1.00 -  |   473.6    432.4  0.00 |  0.0  0.0 0   0   0  0  0  0
  - 3.93s  --------    0  Y   Y  1.00  0.73 1.00 -  |   473.6    432.4  0.00 |  0.0  0.0 0   0   0  0  0  0
  - 3.82s  --------    0  Y   Y  1.00  0.83 1.00 -  |   473.6    432.4  0.00 |  0.0  0.0 0   0   0  0  0  0
  - 3.72s  --------    0  Y   Y  1.00  0.94 1.00 -  |   473.6    432.4  0.00 |  0.0  0.0 0   0   0  0  0  0
  - 3.62s  --------    0  Y   Y  1.00  1.04 1.00 -  |   473.6    432.4  0.00 |  0.0  0.0 0   0   0  0  0  0
  - 3.52s  --------    0  Y   Y  1.00  1.14 1.00 -  |   473.6    432.4  0.00 |  1.0  0.0 0   0   0  0  0  0
  - 3.41s  --------    0  Y   Y  1.00  1.24 1.00 -  |   473.6    432.6  0.00 |  1.0  0.0 0   0   0  0  0  0
  - 3.31s  --------    0  Y   Y  1.00  1.35 1.00 -  |   473.7    432.8  0.00 |  1.0  0.0 0   0   0  0  0  0
  - 3.21s  --------    0  Y   Y  1.00  1.45 1.00 -  |   473.7    433.0  0.00 |  1.0  0.0 0   0   0  0  0  0
  - 3.11s  --------    0  Y   Y  1.00  1.55 1.00 -  |   473.8    433.2  0.00 |  1.0  0.0 0   0   0  0  0  0
  - 3.01s  --------    0  Y   Y  1.00  1.65 1.00 -  |   473.8    433.4  0.00 |  1.0  0.0 0   0   0  0  0  0
  - 2.91s  --------    0  Y   Y  1.00  1.75 1.00 -  |   473.9    433.6  0.00 |  1.0  0.0 0   0   0  0  0  0
  - 2.81s  --------    0  Y   Y  1.00  1.85 1.00 -  |   473.9    433.8  0.00 |  1.0  0.0 0   0   0  0  0  0
  - 2.70s  --------    0  Y   Y  1.00  1.96 1.00 -  |   474.0    434.0  0.00 |  1.0  0.0 0   0   0  0  0  0
  - 2.60s  --------    0  Y   Y  1.00  2.06 1.00 -  |   474.0    434.2  0.00 |  1.0  0.0 0   0   0  0  0  0
  - 2.50s  --------    0  Y   Y  1.00  2.16 1.00 -  |   474.0    434.4  0.00 |  1.0  0.0 0   0   0  0  0  0
  - 2.40s  --------    0  Y   Y  1.00  2.26 1.00 -  |   474.1    434.6  0.00 |  1.0  0.0 0   0   0  0  0  0
  - 2.29s  --------    0  Y   Y  1.00  2.37 1.00 -  |   474.1    434.8  0.00 |  1.0  0.0 0   0   0  0  0  0
  - 2.19s  --------    0  Y   Y  1.00  2.47 1.00 -  |   474.2    435.0  0.00 |  1.0  0.0 0   0   0  0  0  0
  - 2.09s  --------    0  Y   Y  1.00  2.57 1.00 -  |   474.2    435.2  0.00 |  1.0  0.0 0   0   0  1  0  0
  - 1.99s  --------    0  n   Y  1.00  2.67 1.00 -  |   474.3    435.5  0.00 |  1.0  0.0 0   0   0  1  0  0
  - 1.89s  --------    0  n   Y  1.00  2.76 1.00 -  |   474.4    435.8  0.00 |  0.0  0.0 0   0   0  0  1  0
  - 1.79s  --------    0  n   Y  1.00  2.87 1.00 -  |   474.4    436.1  0.00 |  0.0  0.0 0   0   0  0  1  0
  - 1.69s  ---S----    0  n   Y  1.00  0.04 1.00 -  |   474.4    436.2  1.24 |  0.0  0.0 0   1   0  0  1  0
  - 1.58s  ---S----    0  n   Y  1.00  0.16 1.00 -  |   474.2    436.3  3.88 |  0.0  0.0 0   0   0  0  0  0
  - 1.48s  ---S----    0  n   Y  1.00  0.28 1.00 -  |   473.7    436.4  5.73 |  0.0  0.0 0   0   0  0  0  0
  - 1.38s  ---S----    0  Y   Y  1.00  0.39 1.00 -  |   473.1    436.6  6.88 |  0.0  0.0 0   0   0  0  1  0
  - 1.27s  ---S----    0  Y   Y  1.00  0.51 1.00 -  |   472.3    436.9  7.46 |  0.0  0.0 0   0   0  0  0  0
  - 1.17s  ---S----    0  n   Y  1.00  0.62 1.00 -  |   471.6    437.1  7.36 |  0.0  0.0 0   0   0  0  0  0
  - 1.07s  ---S----    0  Y   Y  1.00  0.73 1.00 -  |   470.9    437.4  6.68 |  0.0  0.0 0   0   0  0  0  0
  - 0.97s  ---S----    0  n   Y  1.00  0.85 1.00 -  |   470.4    437.6  5.34 |  0.0  0.0 0   0   0  0  0  0
  - 0.87s  ---S----    0  Y   Y  1.00  0.96 1.00 -  |   469.9    437.7  3.32 |  0.0  0.0 0   0   0  0  0  0
  - 0.76s  ---S----    0  Y   Y  1.00  1.08 1.00 -  |   469.7    437.8  0.77 |  0.0  0.0 0   0   0  0  0  0
  - 0.66s  --------    0  Y   Y  1.00  1.19 1.00 T  |   469.7    437.8  0.00 |  0.0  0.0 0   0   0  0  0  0
  - 0.56s  --------    0  Y   Y  1.00  1.30 1.00 T  |   469.7    437.8  0.00 |  0.0  0.0 0   0   0  0  0  0
  - 0.45s  --------    0  Y   Y  1.00  0.28 1.00 -  |   469.7    437.8  0.00 |  0.0  0.0 0   0   0  0  0  0
  - 0.35s  --------    0  Y   Y  1.00  0.38 1.00 -  |   469.7    437.8  0.00 |  1.0  0.0 0   0   0  0  0  0
  - 0.25s  --------    0  Y   Y  1.00  0.48 1.00 -  |   469.8    438.0  0.00 |  1.0  0.0 0   0   0  0  0  0
  - 0.14s  --------    0  Y   Y  1.00  0.58 1.00 -  |   469.8    438.2  0.00 |  1.0  0.0 0   0   0  0  0  0
  - 0.04s  --------    0  Y   Y  1.00  0.69 1.00 -  |   469.9    438.4  0.00 |  1.0  0.0 0   0   0  0  0  0
=========================================================== END

[  4633   22.914 x1.00] LOG  🚶 2-LEG JUMP
[  4633   22.914 x1.00] LOG  🐾 Jump 1 VFX spawned!
[  4705   23.234 x1.00] LOG  [Combat] Dash: DodgeDash_2Leg (4m, 20 dmg, 2leg)
[  4705   23.234 x1.00] LOG  [AirPosePin] engaged, holding body at 1.467m above the transform
[  4743   23.401 x1.00] LOG  [AirPosePin] released, peak correction was 0.951m
[  4744   23.406 x1.00] LOG  💨 Landing VFX spawned!
[  4832   23.748 x1.00] LOG  [AirPosePin] engaged, holding body at 0.529m above the transform
[  4833   23.753 x1.00] LOG  [AirPosePin] released, peak correction was 0.000m
[  4834   23.756 x1.00] LOG  [AirPosePin] engaged, holding body at 0.530m above the transform
[  4835   23.760 x1.00] LOG  [AirPosePin] released, peak correction was 0.000m
[  4836   23.764 x1.00] LOG  [AirPosePin] engaged, holding body at 0.530m above the transform
[  4837   23.768 x1.00] LOG  [AirPosePin] released, peak correction was 0.000m
[  4838   23.772 x1.00] LOG  [AirPosePin] engaged, holding body at 0.531m above the transform
[  4839   23.776 x1.00] LOG  [AirPosePin] released, peak correction was 0.000m
[  4840   23.781 x1.00] LOG  [AirPosePin] engaged, holding body at 0.532m above the transform
[  4841   23.785 x1.00] LOG  [AirPosePin] released, peak correction was 0.000m
[  4842   23.789 x1.00] LOG  [AirPosePin] engaged, holding body at 0.532m above the transform
[  4843   23.793 x1.00] LOG  [AirPosePin] released, peak correction was 0.000m
[  4844   23.804 x1.00] LOG  [AirPosePin] engaged, holding body at 0.533m above the transform
[  4845   23.810 x1.00] LOG  [AirPosePin] released, peak correction was 0.000m
[  4846   23.814 x1.00] LOG  [AirPosePin] engaged, holding body at 0.534m above the transform
[  4847   23.816 x1.00] LOG  [AirPosePin] released, peak correction was 0.000m
[  4848   23.819 x1.00] LOG  [AirPosePin] engaged, holding body at 0.534m above the transform
[  4849   23.821 x1.00] LOG  [AirPosePin] released, peak correction was 0.000m
[  4850   23.823 x1.00] LOG  [AirPosePin] engaged, holding body at 0.534m above the transform
[  4851   23.826 x1.00] LOG  [AirPosePin] released, peak correction was 0.000m
[  4852   23.830 x1.00] LOG  [AirPosePin] engaged, holding body at 0.535m above the transform
[  4853   23.834 x1.00] LOG  [AirPosePin] released, peak correction was 0.000m
[  4854   23.839 x1.00] LOG  [AirPosePin] engaged, holding body at 0.535m above the transform
[  4855   23.843 x1.00] LOG  [AirPosePin] released, peak correction was 0.000m
[  4856   23.847 x1.00] LOG  [AirPosePin] engaged, holding body at 0.536m above the transform
[  4857   23.851 x1.00] LOG  [AirPosePin] released, peak correction was 0.000m
[  4858   23.855 x1.00] LOG  [AirPosePin] engaged, holding body at 0.537m above the transform
[  4859   23.860 x1.00] LOG  [AirPosePin] released, peak correction was 0.000m
[  4860   23.864 x1.00] LOG  [AirPosePin] engaged, holding body at 0.537m above the transform
[  4861   23.868 x1.00] LOG  [AirPosePin] released, peak correction was 0.000m
[  4863   23.876 x1.00] LOG  [AirPosePin] engaged, holding body at 0.538m above the transform
[  4864   23.884 x1.00] LOG  [AirPosePin] released, peak correction was 0.000m
[  4865   23.892 x1.00] LOG  [AirPosePin] engaged, holding body at 0.539m above the transform
[  4866   23.897 x1.00] LOG  [AirPosePin] released, peak correction was 0.000m
[  4867   23.899 x1.00] LOG  [AirPosePin] engaged, holding body at 0.540m above the transform
[  4868   23.902 x1.00] LOG  [AirPosePin] released, peak correction was 0.000m
[  4869   23.904 x1.00] LOG  [AirPosePin] engaged, holding body at 0.540m above the transform
[  4870   23.906 x1.00] LOG  [AirPosePin] released, peak correction was 0.000m
[  4871   23.910 x1.00] LOG  [AirPosePin] engaged, holding body at 0.540m above the transform
[  4872   23.915 x1.00] LOG  [AirPosePin] released, peak correction was 0.000m
[  4873   23.919 x1.00] LOG  [AirPosePin] engaged, holding body at 0.541m above the transform
[  4874   23.923 x1.00] LOG  [AirPosePin] released, peak correction was 0.000m
[  4875   23.927 x1.00] LOG  [AirPosePin] engaged, holding body at 0.541m above the transform
[  4876   23.931 x1.00] LOG  [AirPosePin] released, peak correction was 0.000m
[  4877   23.935 x1.00] LOG  [AirPosePin] engaged, holding body at 0.542m above the transform
[  4878   23.940 x1.00] LOG  [AirPosePin] released, peak correction was 0.000m
[  4879   23.944 x1.00] LOG  [AirPosePin] engaged, holding body at 0.542m above the transform
[  4880   23.949 x1.00] LOG  [AirPosePin] released, peak correction was 0.000m
[  4881   23.953 x1.00] LOG  [AirPosePin] engaged, holding body at 0.543m above the transform
[  4882   23.957 x1.00] LOG  [AirPosePin] released, peak correction was 0.000m
[  4883   23.961 x1.00] LOG  [AirPosePin] engaged, holding body at 0.544m above the transform
[  4884   23.965 x1.00] LOG  [AirPosePin] released, peak correction was 0.000m
[  4885   23.969 x1.00] LOG  [AirPosePin] engaged, holding body at 0.544m above the transform
[  4886   23.974 x1.00] LOG  [AirPosePin] released, peak correction was 0.000m
[  4887   23.978 x1.00] LOG  [AirPosePin] engaged, holding body at 0.545m above the transform
[  4888   23.982 x1.00] LOG  [AirPosePin] released, peak correction was 0.000m
[  4889   23.987 x1.00] LOG  [AirPosePin] engaged, holding body at 0.545m above the transform
[  4890   23.991 x1.00] LOG  [AirPosePin] released, peak correction was 0.000m
[  4891   23.995 x1.00] LOG  [AirPosePin] engaged, holding body at 0.546m above the transform
[  4892   24.007 x1.00] LOG  [AirPosePin] released, peak correction was 0.000m
[  4893   24.012 x1.00] LOG  [AirPosePin] engaged, holding body at 0.547m above the transform
[  4894   24.016 x1.00] LOG  [AirPosePin] released, peak correction was 0.000m
[  4895   24.018 x1.00] LOG  [AirPosePin] engaged, holding body at 0.547m above the transform
[  4896   24.021 x1.00] LOG  [AirPosePin] released, peak correction was 0.000m
[  4897   24.023 x1.00] LOG  [AirPosePin] engaged, holding body at 0.548m above the transform
[  4898   24.026 x1.00] LOG  [AirPosePin] released, peak correction was 0.000m
[  4899   24.029 x1.00] LOG  [AirPosePin] engaged, holding body at 0.548m above the transform
[  4900   24.033 x1.00] LOG  [AirPosePin] released, peak correction was 0.000m
[  4901   24.037 x1.00] LOG  [AirPosePin] engaged, holding body at 0.549m above the transform
[  4902   24.041 x1.00] LOG  [AirPosePin] released, peak correction was 0.000m
[  4903   24.045 x1.00] LOG  [AirPosePin] engaged, holding body at 0.549m above the transform
[  4904   24.049 x1.00] LOG  [AirPosePin] released, peak correction was 0.000m
[  4905   24.054 x1.00] LOG  [AirPosePin] engaged, holding body at 0.550m above the transform
[  4906   24.059 x1.00] LOG  [AirPosePin] released, peak correction was 0.000m
[  4907   24.063 x1.00] LOG  [AirPosePin] engaged, holding body at 0.550m above the transform
[  4908   24.067 x1.00] LOG  [AirPosePin] released, peak correction was 0.000m
[  4909   24.071 x1.00] LOG  [AirPosePin] engaged, holding body at 0.551m above the transform
[  4910   24.076 x1.00] LOG  [AirPosePin] released, peak correction was 0.000m
[  4911   24.080 x1.00] LOG  [AirPosePin] engaged, holding body at 0.551m above the transform
[  4912   24.084 x1.00] LOG  [AirPosePin] released, peak correction was 0.000m
[  4944   24.215 x1.00] LOG  [AirPosePin] engaged, holding body at 0.561m above the transform
[  4945   24.219 x1.00] LOG  [AirPosePin] released, peak correction was 0.000m
[  4946   24.223 x1.00] LOG  [AirPosePin] engaged, holding body at 0.561m above the transform
[  4947   24.227 x1.00] LOG  [AirPosePin] released, peak correction was 0.000m
[  4948   24.231 x1.00] LOG  [AirPosePin] engaged, holding body at 0.562m above the transform
[  4949   24.235 x1.00] LOG  [Combat] Dash ended
[  4949   24.235 x1.00] LOG  [AirPosePin] released, peak correction was 0.000m
[  4950   24.239 x1.00] LOG  ✅ LANDED! (was jump #0)
[  5549   26.764 x1.00] LOG  [StormWeather] terrain layers restored to dry values.
# end — 921 lines
