# Oni combat log — 2026-08-25 16:33:59
# Unity 6000.2.7f2 | scene 'CaveScene_Oni_Boss1' | platform OSXEditor
# columns: [frame realSeconds timeScale] KIND message      (KIND: LOG WARN ERR EXC TEL)
#
[     0    0.000 x1.00] LOG  [OniLog] console + telemetry → /Users/asenahazal/Documents/Yoru/OniLogs/oni_2026-08-25_16-33-59.log
[     1    0.000 x1.00] LOG  [TailAirShot4Leg] Ready. drawState=shoot_4Leg castParam=Shoot4LegSpeed (found) readyFrame=5 fireFrame=10 frames=24 slowBudget=3s real damageMultiplier=2.00
  arrow leaves: PlayerYoru_1.1/Cat_All_10_Tails_v4/Group/DeformationSystem/root/Root_M/Tail15_R/Tail151_R/Tail152_R/Tail153_R/Tail154_R/Tail155_R/Tail156_R/Tail157_R/Tail158_R/Tail159_R/Tail1510_R/Tail1511_R/Tail1512_R/Tail6_R/Tail6_R_end/Tail6_R_end_end/Tail6_R_end_end_end/RightTailTip_Anchor
  aim VFX left:  PlayerYoru_1.1/Cat_All_10_Tails_v4/Group/DeformationSystem/root/Root_M/Tail15_L/Tail151_L/Tail152_L/Tail153_L/Tail154_L/Tail155_L/Tail156_L/Tail157_L/Tail158_L/Tail159_L/Tail1510_L/Tail1511_L/Tail1512_L/Tail6_L/Tail6_L_end/Tail6_L_end_end/Tail6_L_end_end_end/LeftTailTip_Anchor/Glow_4Leg_L
  aim VFX right: PlayerYoru_1.1/Cat_All_10_Tails_v4/Group/DeformationSystem/root/Root_M/Tail15_R/Tail151_R/Tail152_R/Tail153_R/Tail154_R/Tail155_R/Tail156_R/Tail157_R/Tail158_R/Tail159_R/Tail1510_R/Tail1511_R/Tail1512_R/Tail6_R/Tail6_R_end/Tail6_R_end_end/Tail6_R_end_end_end/RightTailTip_Anchor/Glow_4Leg_R
[     1    0.000 x1.00] LOG  [TailAirShot] Ready. drawState=RightTail_Fast castParam=TailCastSpeed (found)
  arrow leaves: PlayerYoru_1.1/Cat_All_10_Tails_v4/Group/DeformationSystem/root/Root_M/Tail15_R/Tail151_R/Tail152_R/Tail153_R/Tail154_R/Tail155_R/Tail156_R/Tail157_R/Tail158_R/Tail159_R/Tail1510_R/Tail1511_R/Tail1512_R/Tail6_R/Tail6_R_end/Tail6_R_end_end/Tail6_R_end_end_end/RightTailTip_Anchor
  aim VFX: PlayerYoru_1.1/Cat_All_10_Tails_v4/Group/DeformationSystem/root/Root_M/Tail15_R/Tail151_R/Tail152_R/Tail153_R/Tail154_R/Tail155_R/Tail156_R/Tail157_R/Tail158_R/Tail159_R/Tail1510_R/Tail1511_R/Tail1512_R/Tail6_R/Tail6_R_end/Tail6_R_end_end/Tail6_R_end_end_end/RightTailTip_Anchor/vfx_Muzzle_Fireball01Blue
[     1    0.000 x1.00] LOG  [PlayerCombat] Phase 2 form gate CONNECTED (FormController found on this GameObject).
[     1    0.000 x1.00] LOG  [Combat] PlayerCombat initialized — Phase 3C v27
[     1    0.000 x1.00] LOG  [RingMesh] VFX Status:
[     1    0.000 x1.00] LOG    Left: Prefab=✓, Spawn=Tail6_L_end_end_end
[     1    0.000 x1.00] LOG    Right: Prefab=✓, Spawn=Tail6_R_end_end_end
[     1    0.000 x1.00] LOG  === VFX MANAGER INITIALIZED ===
[     1    0.000 x1.00] LOG  Auto-detect animations: False
[     1    0.000 x1.00] LOG  Parent effects to tail: True
[     1    0.000 x1.00] LOG  Prefabs: Jump=True, Land=True, LTail=True, RTail=True
[     1    0.000 x1.00] LOG  ✅ Left Tail Tip: LeftTailVFX
[     1    0.000 x1.00] LOG  ✅ Right Tail Tip: RightTailTip_Anchor
[     1    0.000 x1.00] LOG  [StormWeather] layer 'TerrainLayer_Dirt_01' dry smoothness=0.00 (restore to this if a crash ever leaves it wet)
[     1    0.000 x1.00] LOG  [StormWeather] Ready. Rain on, floor drying... wait, soaking.
[     1    0.000 x1.00] LOG  [FreezeDebug v3] Armed. Manual=L. Auto=True. Buffer=60 snaps @ 0.1s = 6.0s history.
[     1    0.000 x1.00] LOG  [BossBar] BossHealthBarUI initialized
[     1    0.000 x1.00] LOG  OniBoss initialized with 500 HP
[     1    0.000 x1.00] LOG  [OniBoss] ANIMATOR SETUP: cullingMode=CullUpdateTransforms updateMode=Normal applyRootMotion=False speed=1
[     1    0.000 x1.00] LOG  [OniBoss] Initialized
[     1    0.000 x1.00] LOG  [OniBoss:Layer] facing: minFlat 1m, snapOnAttack off, trackInHitReact off
[     1    0.000 x1.00] LOG  [OniBoss:Layer] Yoru launch model ON: launches ALL THE WAY to an enemy within 4.7m of its surface at 10m/s (stop gap 0.00m, NO minimum distance), else steps 0.90m forward. Targeting cone left exactly as her prefab has it.
[     1    0.000 x1.00] LOG  [OniBoss:Layer] Yoru launch ROUND 9: airborne attacks launch too (ON), edge probe now runs on its OWN layer mask (Everything) instead of the line-of-sight mask - the Ground-only mask found no floor in this cave and was cancelling 100% of launches at 0.00m travelled.
[     1    0.000 x1.00] LOG  [OniBoss:Layer] animator speed x1.35 — his 1.13s swing now plays in 0.84s.
[     1    0.000 x1.00] LOG  [OniBoss:Layer] chase speed pushed: phase1 4.5, phase2 5.5 (Yoru runs at 7).
[     1    0.000 x1.00] LOG  [OniBoss:Layer] ground wave ON (round 38): half the club's damage on TOUCH, 12m/s x 6.0m from 1.6m in front at 0.35m height — a club hit cancels that swing's wave, jumping clears it. Per-attack effects come from the Swing Wave VFX By Attack rows. PlayerHealth found, PlayerMovement found.
[     1    0.000 x1.00] LOG  [OniBoss:Layer] club tracking ON — tip 'Kanabo3' (depth 4), shaft root 'kanabo'.
[     1    0.000 x1.00] LOG  [OniBoss:Layer] skinned meshes: 46 renderer(s), updateWhenOffscreen ON, body renderer 'Body' rootBone 'Hips'
[     1    0.000 x1.00] LOG  [OniBoss:Layer] charge travel bone: 'Hips' at depth 1 under 'OniBoss', rest local (0.00, 3.24, -0.24)
[     1    0.000 x1.00] LOG  [OniBoss:Layer] charge drive ON (windup to 0.40 at x1.3, rush 14m/s stops at 2.6m, steers 0.35s then commits, strike section from 0.58, strike moment 0.76, trail VFX off)
[     1    0.000 x1.00] LOG  [OniBoss:Layer] attack armor ON (his swings are not interrupted by light/medium hits; heavy hits and rapid-hit bursts still stop him)
[     1    0.000 x1.00] LOG  [OniBoss:Layer] strike moments overridden: Club_Swing=0.42 ClubSwing2=0.32 ClubSlam=0.85 KanaboSweep=0.48
[     1    0.000 x1.00] LOG  [OniBoss:Layer] club TOUCH hits ON (radius 0.70m, min tip speed 50m/s, armed from 0.20 of the clip): Club_Swing ClubSwing2 ClubSlam KanaboSweep. First touch wins — club full damage, wave half, one hit per swing.
[     1    0.000 x1.00] LOG  [OniBoss:Layer] combo damage ramp ON: mid x1.25, finisher x1.50 — finisher wave carries FULL damage at x2.0 size, x2.0 travel.
[     1    0.000 x1.00] LOG  [OniBoss:Layer] charge follow-up ON: 90 % of solo charges chain into a random melee finisher.
[     1    0.000 x1.00] LOG  [OniBoss:Layer] hold-ground ON (backstep 1.5m @ 1.6m/s after own attacks, watch 'Watch', attack facing LOCKED)
[     1    0.000 x1.00] LOG  [OniBoss:Layer] OniBoss layer ready (reactions, wake-on-hit, watch stance, boss bar). player=found
[     1    0.000 x1.00] LOG  [OniBoss:Layer] charge clip 'Oni Charge.fbx' imports with Root Motion Node = None (in place) — good.
[     1    0.000 x1.00] LOG  [OniBoss:Layer] clips importing with Root Transform Position (Y) NOT baked into pose (12): Oni_Alert(Oni Alert), Club_Slam(Oni Club Slam), Club_Swing(Oni Club Swing), Club_swing2(Oni Club Swing 2), Death(Oni Death Kneel), Hit_react_light(Oni Hit react lighter light), KanaboSweep(Oni Kanabo sweep), Phase_Transition(Oni Phase transition), run(Oni Run), Walk(Oni Walk), Watch(Oni Watch), Idle(Oni Idle) — their hips' up/down motion is stripped (see round notes; optional).
[     1    0.000 x1.00] LOG  [VolumetricFogController] Found VolumetricFog component on mainCamera (1)
[     1    0.000 x1.00] LOG  [VolumetricFogController] Reflection init: density=True, height=True, baselineHeight=True, alpha=True, noiseStrength=True, lightScatteringExposure=True
[     1    0.000 x1.00] LOG  [VolumetricFogController] Initialized with Neutral preset (height=60, baselineHeight=0)
[     1    0.000 x1.00] WARN [VolumetricFogController] WorldStateManager not found!
[     1    0.000 x1.00] LOG  [CameraGameFeel] CameraGameFeel initialized (shake + FOV)
[     1    2.390 x1.00] LOG  [OniBoss] Playing animation: Idle
[    10    3.166 x1.00] LOG  💨 Landing VFX spawned!
[    10    3.166 x1.00] LOG  ✅ LANDED! (was jump #0)
[    49    3.834 x1.00] LOG  🚶 2-LEG JUMP
[    49    3.834 x1.00] LOG  🐾 Jump 1 VFX spawned!
[    81    4.462 x1.00] LOG  
==================== [FREEZE-DEBUG v3] ====================
  Reason : WASD-NOMOVE: WASD recent + speed 0.00m/s for 0.42s
  Time   : 1.594s   Frame: 81   Snaps: 15
===========================================================

--- CURRENT STATE ---
  Flags: atk=False hvy=False dod=False dsh=False
         grd=False hit=False aerial=False lockPos=False
         comboStep=0
  Anim : speed=1.00  combatLayer hash=-792875657 normT=1.574 weight=1.00 inTransition=False
  CC   : grounded=False  enabled=True  pos=(474.50, 2.84, 428.36)  vel=(0.00, -2.30, 0.00)
  Move : IsRunning=True
  Input: H=0.00 V=1.00  LMB=False MMB=False Q=False Sp=False Sh=True C=False
         WASD pressed in last 0.5s: True (last 0.00s ago)

--- FLIGHT RECORDER (15 snapshots, oldest first, dt=0.10s) ---
  Legend: flags = A(tk) H(vy) D(od) S(sh) G(rd) R(eact) Y(aerial) L(ock)   gnd/cc: Y/n
  t-now    flags     step gnd cc anSp normT layW tr | posX     posZ     spd   | H    V    LMB MMB Q  Sp Sh C
  ------   --------  ---- --- -- ---- ----- ---- -- | -----    -----    ----  | ---- ---- --- --- -- -- -- -
  - 1.59s  --------    0  n   Y  1.00  0.00 1.00 -  |   474.5    427.2  0.00 |  0.0  0.0 0   0   0  0  0  0
  - 1.47s  --------    0  n   Y  1.00  0.02 1.00 -  |   474.5    427.2  0.00 |  0.0  0.0 0   0   0  0  0  0
  - 1.36s  --------    0  n   Y  1.00  0.21 1.00 -  |   474.5    427.2  0.00 |  0.0  0.0 0   0   0  0  0  0
  - 1.25s  --------    0  Y   Y  1.00  0.32 1.00 -  |   474.5    427.2  0.00 |  0.0  0.0 0   0   0  0  0  0
  - 1.14s  --------    0  Y   Y  1.00  0.43 1.00 -  |   474.5    427.2  0.00 |  0.0  0.0 0   0   0  0  0  0
  - 1.03s  --------    0  Y   Y  1.00  0.55 1.00 -  |   474.5    427.2  0.00 |  0.0  0.0 0   0   0  0  0  0
  - 0.92s  --------    0  Y   Y  1.00  0.65 1.00 -  |   474.5    427.2  0.00 |  0.0  0.0 0   0   0  0  0  0
  - 0.81s  --------    0  Y   Y  1.00  0.76 1.00 -  |   474.5    427.2  0.00 |  0.0  0.0 0   0   0  0  0  0
  - 0.70s  --------    0  Y   Y  1.00  0.88 1.00 -  |   474.5    427.2  0.00 |  0.0  0.0 0   0   0  0  0  0
  - 0.59s  --------    0  n   Y  1.00  0.98 1.00 -  |   474.5    427.2  0.00 |  0.0  0.0 0   0   0  1  0  0
  - 0.48s  --------    0  n   Y  1.00  1.09 1.00 -  |   474.5    427.3  0.00 |  0.0  0.0 0   0   0  1  0  0
  - 0.36s  --------    0  n   Y  1.00  1.21 1.00 -  |   474.5    427.3  0.00 |  0.0  1.0 0   0   0  0  0  0
  - 0.26s  --------    0  n   Y  1.00  1.31 1.00 -  |   474.5    427.6  0.00 |  0.0  1.0 0   0   0  0  0  0
  - 0.14s  --------    0  n   Y  1.00  1.43 1.00 -  |   474.5    427.9  0.00 |  0.0  1.0 0   0   0  0  1  0
  - 0.04s  --------    0  n   Y  1.00  1.53 1.00 -  |   474.5    428.2  0.00 |  0.0  1.0 0   0   0  0  1  0
=========================================================== END

[    99    4.822 x1.00] LOG  💨 Landing VFX spawned!
[    99    4.822 x1.00] LOG  ✅ LANDED! (was jump #1)
[   135    5.542 x1.00] LOG  🐾 4-LEG JUMP #0
[   135    5.542 x1.00] LOG  🐾 Jump 1 VFX spawned!
[   144    5.724 x0.10] LOG  [TailAirShot4Leg] ENTER 4 leg, slow on for up to 3s real, waiting for the fire button, drawState=shoot_4Leg | y=1.11 ts=0.10 fdt=0.0020
[   144    5.724 x0.10] LOG  [TailAirShot] entry refused: this airtime is not a 2 leg jump | y=1.11 ts=0.10 fdt=0.0020
[   144    5.724 x0.10] LOG  [AirPosePin] engaged, holding body at 0.521m above the transform
[   155    5.945 x0.10] LOG  [TailAirShot4Leg] DRAW started | y=1.29 ts=0.10 fdt=0.0020
[   165    6.142 x0.10] LOG  [TailAirShot4Leg] READY, frozen on frame 5 | y=1.38 ts=0.10 fdt=0.0020
[   198    6.802 x1.00] LOG  [TailAirShot4Leg] CANCEL (R released on ready pose), no arrow | y=1.62 ts=1.00 fdt=0.0200
[   198    6.802 x1.00] LOG  [AirPosePin] released, peak correction was -0.250m
[   231    7.452 x1.00] LOG  💨 Landing VFX spawned!
[   231    7.452 x1.00] LOG  ✅ LANDED! (was jump #1)
[   240    7.605 x1.00] LOG  🚶 2-LEG JUMP
[   240    7.605 x1.00] LOG  🐾 Jump 1 VFX spawned!
[   288    8.552 x1.00] LOG  💨 Landing VFX spawned!
[   288    8.552 x1.00] LOG  ✅ LANDED! (was jump #1)
[   321    9.143 x1.00] LOG  🚶 2-LEG JUMP
[   321    9.143 x1.00] LOG  🐾 Jump 1 VFX spawned!
[   345    9.613 x1.00] LOG  [OniBoss:Layer] watch stance ON (player 15.0m)
[   355    9.813 x1.00] LOG  
==================== [FREEZE-DEBUG v3] ====================
  Reason : WASD-NOMOVE: WASD recent + speed 0.00m/s for 0.40s
  Time   : 5.975s   Frame: 355   Snaps: 55
===========================================================

--- CURRENT STATE ---
  Flags: atk=False hvy=False dod=False dsh=False
         grd=False hit=False aerial=False lockPos=False
         comboStep=0
  Anim : speed=1.00  combatLayer hash=-792875657 normT=2.990 weight=1.00 inTransition=False
  CC   : grounded=False  enabled=True  pos=(476.74, 1.64, 442.09)  vel=(0.00, -3.20, 0.00)
  Move : IsRunning=True
  Input: H=0.00 V=1.00  LMB=False MMB=False Q=False Sp=False Sh=True C=False
         WASD pressed in last 0.5s: True (last 0.00s ago)

--- FLIGHT RECORDER (55 snapshots, oldest first, dt=0.10s) ---
  Legend: flags = A(tk) H(vy) D(od) S(sh) G(rd) R(eact) Y(aerial) L(ock)   gnd/cc: Y/n
  t-now    flags     step gnd cc anSp normT layW tr | posX     posZ     spd   | H    V    LMB MMB Q  Sp Sh C
  ------   --------  ---- --- -- ---- ----- ---- -- | -----    -----    ----  | ---- ---- --- --- -- -- -- -
  - 5.97s  --------    0  n   Y  1.00  0.00 1.00 -  |   474.5    427.2  0.00 |  0.0  0.0 0   0   0  0  0  0
  - 5.85s  --------    0  n   Y  1.00  0.02 1.00 -  |   474.5    427.2  0.00 |  0.0  0.0 0   0   0  0  0  0
  - 5.74s  --------    0  n   Y  1.00  0.21 1.00 -  |   474.5    427.2  0.00 |  0.0  0.0 0   0   0  0  0  0
  - 5.63s  --------    0  Y   Y  1.00  0.32 1.00 -  |   474.5    427.2  0.00 |  0.0  0.0 0   0   0  0  0  0
  - 5.52s  --------    0  Y   Y  1.00  0.43 1.00 -  |   474.5    427.2  0.00 |  0.0  0.0 0   0   0  0  0  0
  - 5.41s  --------    0  Y   Y  1.00  0.55 1.00 -  |   474.5    427.2  0.00 |  0.0  0.0 0   0   0  0  0  0
  - 5.30s  --------    0  Y   Y  1.00  0.65 1.00 -  |   474.5    427.2  0.00 |  0.0  0.0 0   0   0  0  0  0
  - 5.19s  --------    0  Y   Y  1.00  0.76 1.00 -  |   474.5    427.2  0.00 |  0.0  0.0 0   0   0  0  0  0
  - 5.08s  --------    0  Y   Y  1.00  0.88 1.00 -  |   474.5    427.2  0.00 |  0.0  0.0 0   0   0  0  0  0
  - 4.97s  --------    0  n   Y  1.00  0.98 1.00 -  |   474.5    427.2  0.00 |  0.0  0.0 0   0   0  1  0  0
  - 4.86s  --------    0  n   Y  1.00  1.09 1.00 -  |   474.5    427.3  0.00 |  0.0  0.0 0   0   0  1  0  0
  - 4.74s  --------    0  n   Y  1.00  1.21 1.00 -  |   474.5    427.3  0.00 |  0.0  1.0 0   0   0  0  0  0
  - 4.64s  --------    0  n   Y  1.00  1.31 1.00 -  |   474.5    427.6  0.00 |  0.0  1.0 0   0   0  0  0  0
  - 4.52s  --------    0  n   Y  1.00  1.43 1.00 -  |   474.5    427.9  0.00 |  0.0  1.0 0   0   0  0  1  0
  - 4.42s  --------    0  n   Y  1.00  1.53 1.00 -  |   474.5    428.2  0.00 |  0.0  1.0 0   0   0  0  1  0
  - 4.32s  --------    0  n   Y  1.00  1.63 1.00 -  |   474.5    428.5  0.00 |  0.0  1.0 0   0   0  0  1  0
  - 4.20s  --------    0  n   Y  1.00  1.75 1.00 -  |   474.5    428.9  0.00 |  0.0  1.0 0   0   0  0  1  0
  - 4.08s  --------    0  n   Y  1.00  1.87 1.00 -  |   474.5    429.3  0.00 |  0.0  1.0 0   0   0  0  1  0
  - 3.96s  --------    0  Y   Y  1.00  1.99 1.00 -  |   474.5    429.9  0.00 |  0.0  1.0 0   0   0  0  1  0
  - 3.86s  --------    0  Y   Y  1.00  2.09 1.00 -  |   474.5    430.6  0.00 |  0.0  1.0 0   0   0  0  1  0
  - 3.76s  --------    0  Y   Y  1.00  2.19 1.00 -  |   474.5    431.3  0.00 |  0.0  1.0 0   0   0  0  1  0
  - 3.64s  --------    0  Y   Y  1.00  2.31 1.00 -  |   474.5    432.1  0.00 |  0.0  1.0 0   0   0  0  1  0
  - 3.54s  --------    0  Y   Y  1.00  2.41 1.00 -  |   474.5    432.8  0.00 |  0.0  1.0 0   0   0  0  1  0
  - 3.42s  --------    0  Y   Y  1.00  2.53 1.00 -  |   474.5    433.6  0.00 |  0.0  1.0 0   0   0  0  1  0
  - 3.32s  --------    0  Y   Y  1.00  2.63 1.00 -  |   474.5    434.3  0.00 |  0.0  1.0 0   0   0  0  1  0
  - 3.22s  --------    0  n   Y  1.00  2.73 1.00 -  |   474.5    434.9  0.00 |  0.0  1.0 0   0   0  1  1  0
  - 3.12s  --------    0  n   Y  1.00  2.83 1.00 -  |   474.5    435.3  0.00 |  0.0  1.0 0   0   0  0  1  0
  - 3.02s  --------    0  n   Y  1.00  0.21 1.00 -  |   474.5    435.9  0.00 |  0.0  1.0 0   0   0  0  1  0
  - 2.91s  --------    0  n   Y  1.00  0.31 1.00 T  |   474.7    436.3  0.00 |  0.0  1.0 0   0   0  0  1  0
  - 2.80s  --------    0  n   Y  1.00  0.19 1.00 -  |   474.8    436.7  0.00 |  0.0  0.0 0   0   0  0  1  0
  - 2.68s  --------    0  n   Y  1.00  0.31 1.00 -  |   475.0    437.2  0.00 |  0.0  0.0 0   0   0  0  0  0
  - 2.56s  --------    0  n   Y  1.00  0.43 1.00 -  |   475.2    437.8  0.00 |  0.0  0.0 0   0   0  0  0  0
  - 2.46s  --------    0  n   Y  1.00  0.53 1.00 -  |   475.4    438.2  0.00 |  0.0  0.0 0   0   0  0  0  0
  - 2.34s  --------    0  Y   Y  1.00  0.65 1.00 -  |   475.5    438.6  0.00 |  0.0  0.0 0   0   0  0  0  0
  - 2.24s  --------    0  Y   Y  1.00  0.76 1.00 -  |   475.5    438.6  0.00 |  0.0  0.0 0   0   0  0  1  0
  - 2.13s  --------    0  n   Y  1.00  0.86 1.00 -  |   475.5    438.6  0.00 |  0.0  0.0 0   0   0  1  1  0
  - 2.01s  --------    0  n   Y  1.00  0.98 1.00 -  |   475.5    438.7  0.00 |  0.0  0.0 0   0   0  1  1  0
  - 1.91s  --------    0  n   Y  1.00  1.08 1.00 -  |   475.6    438.7  0.00 |  0.0  1.0 0   0   0  1  1  0
  - 1.81s  --------    0  n   Y  1.00  1.18 1.00 -  |   475.6    439.0  0.00 |  0.0  1.0 0   0   0  1  1  0
  - 1.69s  --------    0  n   Y  1.00  1.30 1.00 -  |   475.8    439.3  0.00 |  0.0  1.0 0   0   0  1  1  0
  - 1.58s  --------    0  n   Y  1.00  1.41 1.00 -  |   475.9    439.6  0.00 |  0.0  1.0 0   0   0  1  1  0
  - 1.46s  --------    0  n   Y  1.00  1.53 1.00 -  |   476.0    440.0  0.00 |  0.0  1.0 0   0   0  1  1  0
  - 1.34s  --------    0  n   Y  1.00  1.65 1.00 -  |   476.1    440.3  0.00 |  0.0  1.0 0   0   0  1  1  0
  - 1.24s  --------    0  Y   Y  1.00  1.75 1.00 -  |   476.2    440.6  0.00 |  0.0  0.0 0   0   0  0  0  0
  - 1.14s  --------    0  Y   Y  1.00  1.85 1.00 -  |   476.3    440.8  0.00 |  0.0  0.0 0   0   0  0  0  0
  - 1.02s  --------    0  Y   Y  1.00  1.97 1.00 -  |   476.3    441.0  0.00 |  0.0  0.0 0   0   0  0  0  0
  - 0.91s  --------    0  Y   Y  1.00  2.09 1.00 -  |   476.4    441.1  0.00 |  0.0  0.0 0   0   0  0  0  0
  - 0.79s  --------    0  Y   Y  1.00  2.20 1.00 -  |   476.4    441.1  0.00 |  0.0  0.0 0   0   0  0  0  0
  - 0.68s  --------    0  Y   Y  1.00  2.31 1.00 -  |   476.4    441.1  0.00 |  0.0  0.0 0   0   0  0  0  0
  - 0.58s  --------    0  n   Y  1.00  2.42 1.00 -  |   476.4    441.1  0.00 |  0.0  0.0 0   0   0  1  0  0
  - 0.46s  --------    0  n   Y  1.00  2.53 1.00 -  |   476.4    441.1  0.00 |  0.0  0.0 0   0   0  0  0  0
  - 0.34s  --------    0  n   Y  1.00  2.65 1.00 -  |   476.4    441.2  0.00 |  0.0  1.0 0   0   0  0  1  0
  - 0.24s  --------    0  n   Y  1.00  2.75 1.00 -  |   476.5    441.4  0.00 |  0.0  1.0 0   0   0  0  1  0
  - 0.12s  --------    0  n   Y  1.00  2.87 1.00 -  |   476.6    441.8  0.00 |  0.0  1.0 0   0   0  0  1  0
  - 0.00s  --------    0  n   Y  1.00  2.99 1.00 -  |   476.7    442.1  0.00 |  0.0  1.0 0   0   0  0  1  0
=========================================================== END

[   369   10.093 x1.00] LOG  💨 Landing VFX spawned!
[   369   10.093 x1.00] LOG  ✅ LANDED! (was jump #1)
[   387   10.453 x1.00] LOG  🚶 2-LEG JUMP
[   387   10.453 x1.00] LOG  🐾 Jump 1 VFX spawned!
[   397   10.643 x1.00] LOG  [TailAirShot4Leg] entry refused: this airtime is not a 4 leg jump | y=1.20 ts=1.00 fdt=0.0200
[   397   10.643 x0.10] LOG  [TailAirShot] ENTER, slow on, waiting for RMB, drawState=RightTail_Fast | y=1.20 ts=0.10 fdt=0.0020
[   397   10.643 x0.10] LOG  [AirPosePin] engaged, holding body at 1.022m above the transform
[   404   10.785 x0.10] LOG  [TailAirShot] DRAW started | y=1.26 ts=0.10 fdt=0.0020
[   410   10.904 x0.10] LOG  [TailAirShot] READY, frozen on frame 4 | y=1.32 ts=0.10 fdt=0.0020
[   435   11.352 x0.10] LOG  [TailAirShot] SHOT released (released from ready pose) | y=1.49 ts=0.10 fdt=0.0020
[   439   11.426 x1.00] LOG  [TailAirShot] FINISHER (R released mid motion), motion completes and fires | y=1.52 ts=1.00 fdt=0.0200
[   446   11.562 x1.00] LOG  [TailAirShot] FIRE, arrow away, dir=(0.35, -0.10, 0.93) | y=1.83 ts=1.00 fdt=0.0200
[   473   12.093 x1.00] LOG  💨 Landing VFX spawned!
[   473   12.093 x1.00] LOG  ✅ LANDED! (was jump #1)
[   473   12.093 x1.00] LOG  [AirPosePin] released, peak correction was 0.384m
[   475   12.133 x1.00] LOG  OniBoss took 20 damage. HP: 480/500
[   475   12.133 x1.00] LOG  [OniBoss] 🤕 Hit during LostSoul — flash only
[   475   12.133 x1.00] LOG  [OniBoss] LostSoul → Alert
[   475   12.133 x1.00] LOG  [OniBoss] Playing animation: Oni_Alert
[   475   12.133 x1.00] LOG  [OniBoss] Became HOSTILE
[   475   12.133 x1.00] LOG  [OniBoss:Layer] woken by damage (20) — back attacks count.
[   476   12.153 x1.00] LOG  [BossBar] Showing bar for: Oni (480/500)
[   476   12.153 x1.00] LOG  [OniBoss:Layer] boss bar shown
[   479   12.216 x1.00] LOG  [TailAirShot] finisher done, fully idle | y=-0.02 ts=1.00 fdt=0.0200
[   500   12.634 x1.00] LOG  [OniBoss] Alert → Chase
[   501   12.653 x1.00] LOG  [OniBoss] Playing animation: run
[   572   13.992 x1.00] LOG  [OniBoss] Pull-band decision: RUN-IN (dist 9.0m, pullRange 0m, chance 0.50)
[   613   14.793 x1.00] LOG  
==================== [FREEZE-DEBUG v3] ====================
  Reason : WASD-NOMOVE: WASD recent + speed 0.00m/s for 0.40s
  Time   : 10.251s   Frame: 613   Snaps: 60
===========================================================

--- CURRENT STATE ---
  Flags: atk=False hvy=False dod=False dsh=False
         grd=False hit=False aerial=False lockPos=False
         comboStep=0
  Anim : speed=1.00  combatLayer hash=-792875657 normT=2.558 weight=1.00 inTransition=False
  CC   : grounded=True  enabled=True  pos=(472.00, -0.02, 444.40)  vel=(0.00, 0.00, 0.00)
  Move : IsRunning=True
  Input: H=-1.00 V=0.00  LMB=False MMB=False Q=False Sp=False Sh=True C=False
         WASD pressed in last 0.5s: True (last 0.00s ago)

--- FLIGHT RECORDER (60 snapshots, oldest first, dt=0.10s) ---
  Legend: flags = A(tk) H(vy) D(od) S(sh) G(rd) R(eact) Y(aerial) L(ock)   gnd/cc: Y/n
  t-now    flags     step gnd cc anSp normT layW tr | posX     posZ     spd   | H    V    LMB MMB Q  Sp Sh C
  ------   --------  ---- --- -- ---- ----- ---- -- | -----    -----    ----  | ---- ---- --- --- -- -- -- -
  - 6.62s  --------    0  Y   Y  1.00  0.65 1.00 -  |   475.5    438.6  0.00 |  0.0  0.0 0   0   0  0  0  0
  - 6.51s  --------    0  Y   Y  1.00  0.76 1.00 -  |   475.5    438.6  0.00 |  0.0  0.0 0   0   0  0  1  0
  - 6.41s  --------    0  n   Y  1.00  0.86 1.00 -  |   475.5    438.6  0.00 |  0.0  0.0 0   0   0  1  1  0
  - 6.29s  --------    0  n   Y  1.00  0.98 1.00 -  |   475.5    438.7  0.00 |  0.0  0.0 0   0   0  1  1  0
  - 6.19s  --------    0  n   Y  1.00  1.08 1.00 -  |   475.6    438.7  0.00 |  0.0  1.0 0   0   0  1  1  0
  - 6.09s  --------    0  n   Y  1.00  1.18 1.00 -  |   475.6    439.0  0.00 |  0.0  1.0 0   0   0  1  1  0
  - 5.97s  --------    0  n   Y  1.00  1.30 1.00 -  |   475.8    439.3  0.00 |  0.0  1.0 0   0   0  1  1  0
  - 5.86s  --------    0  n   Y  1.00  1.41 1.00 -  |   475.9    439.6  0.00 |  0.0  1.0 0   0   0  1  1  0
  - 5.74s  --------    0  n   Y  1.00  1.53 1.00 -  |   476.0    440.0  0.00 |  0.0  1.0 0   0   0  1  1  0
  - 5.62s  --------    0  n   Y  1.00  1.65 1.00 -  |   476.1    440.3  0.00 |  0.0  1.0 0   0   0  1  1  0
  - 5.52s  --------    0  Y   Y  1.00  1.75 1.00 -  |   476.2    440.6  0.00 |  0.0  0.0 0   0   0  0  0  0
  - 5.42s  --------    0  Y   Y  1.00  1.85 1.00 -  |   476.3    440.8  0.00 |  0.0  0.0 0   0   0  0  0  0
  - 5.30s  --------    0  Y   Y  1.00  1.97 1.00 -  |   476.3    441.0  0.00 |  0.0  0.0 0   0   0  0  0  0
  - 5.18s  --------    0  Y   Y  1.00  2.09 1.00 -  |   476.4    441.1  0.00 |  0.0  0.0 0   0   0  0  0  0
  - 5.07s  --------    0  Y   Y  1.00  2.20 1.00 -  |   476.4    441.1  0.00 |  0.0  0.0 0   0   0  0  0  0
  - 4.96s  --------    0  Y   Y  1.00  2.31 1.00 -  |   476.4    441.1  0.00 |  0.0  0.0 0   0   0  0  0  0
  - 4.85s  --------    0  n   Y  1.00  2.42 1.00 -  |   476.4    441.1  0.00 |  0.0  0.0 0   0   0  1  0  0
  - 4.74s  --------    0  n   Y  1.00  2.53 1.00 -  |   476.4    441.1  0.00 |  0.0  0.0 0   0   0  0  0  0
  - 4.62s  --------    0  n   Y  1.00  2.65 1.00 -  |   476.4    441.2  0.00 |  0.0  1.0 0   0   0  0  1  0
  - 4.51s  --------    0  n   Y  1.00  2.75 1.00 -  |   476.5    441.4  0.00 |  0.0  1.0 0   0   0  0  1  0
  - 4.40s  --------    0  n   Y  1.00  2.87 1.00 -  |   476.6    441.8  0.00 |  0.0  1.0 0   0   0  0  1  0
  - 4.28s  --------    0  n   Y  1.00  2.99 1.00 -  |   476.7    442.1  0.00 |  0.0  1.0 0   0   0  0  1  0
  - 4.18s  --------    0  n   Y  1.00  3.09 1.00 -  |   476.8    442.4  0.00 |  0.0  1.0 0   0   0  0  1  0
  - 4.08s  --------    0  n   Y  1.00  3.19 1.00 -  |   476.9    442.7  0.00 |  0.0  1.0 0   0   0  0  1  0
  - 3.96s  --------    0  Y   Y  1.00  3.31 1.00 -  |   477.1    443.1  0.00 |  0.0  0.0 0   0   0  0  1  0
  - 3.86s  --------    0  Y   Y  1.00  3.41 1.00 -  |   477.3    443.7  0.00 |  0.0  0.0 0   0   0  0  0  0
  - 3.74s  --------    0  Y   Y  1.00  3.53 1.00 -  |   477.4    443.9  0.00 |  0.0  0.0 0   0   0  0  0  0
  - 3.64s  --------    0  Y   Y  1.00  3.63 1.00 -  |   477.4    444.1  0.00 |  0.0  0.0 0   0   0  1  0  0
  - 3.53s  --------    0  n   Y  1.00  3.74 1.00 -  |   477.5    444.3  0.00 |  0.0  0.0 0   0   0  1  0  0
  - 3.43s  --------    0  n   Y  1.00  3.86 1.00 T  |   477.6    444.6  0.00 |  0.0  0.0 0   0   0  0  0  0
  - 3.31s  --------    0  n   Y  1.00  0.21 1.00 -  |   477.7    444.8  0.00 |  0.0  0.0 0   0   0  0  0  0
  - 3.21s  --------    0  n   Y  1.00  0.32 1.00 -  |   477.8    445.1  0.00 |  0.0  0.0 0   0   0  0  0  0
  - 3.11s  --------    0  n   Y  1.00  0.42 1.00 -  |   477.9    445.3  0.00 |  0.0  0.0 0   0   0  0  0  0
  - 3.01s  --------    0  n   Y  1.00  0.53 1.00 -  |   478.0    445.6  0.00 |  1.0  0.0 0   0   0  0  0  0
  - 2.90s  --------    0  n   Y  1.00  0.66 1.00 -  |   478.2    445.6  0.00 |  1.0  0.0 0   0   0  0  0  0
  - 2.78s  --------    0  n   Y  1.00  0.78 1.00 -  |   478.6    445.4  0.00 |  0.0 -1.0 0   0   0  0  0  0
  - 2.66s  --------    0  Y   Y  1.00  0.91 1.00 -  |   478.8    445.2  0.00 |  0.0 -1.0 0   0   0  0  0  0
  - 2.54s  --------    0  Y   Y  1.00  1.04 1.00 T  |   478.7    444.9  0.00 |  0.0 -1.0 0   0   0  0  0  0
  - 2.44s  --------    0  Y   Y  1.00  0.12 1.00 -  |   478.7    444.7  0.00 |  0.0 -1.0 0   0   0  0  0  0
  - 2.34s  --------    0  Y   Y  1.00  0.22 1.00 -  |   478.6    444.6  0.00 |  0.0 -1.0 0   0   0  0  0  0
  - 2.22s  --------    0  Y   Y  1.00  0.34 1.00 -  |   478.5    444.3  0.00 |  0.0 -1.0 0   0   0  0  0  0
  - 2.10s  --------    0  Y   Y  1.00  0.46 1.00 -  |   478.5    444.1  0.00 |  0.0 -1.0 0   0   0  0  0  0
  - 1.98s  --------    0  Y   Y  1.00  0.58 1.00 -  |   478.4    443.9  0.00 |  0.0 -1.0 0   0   0  0  0  0
  - 1.88s  --------    0  Y   Y  1.00  0.68 1.00 -  |   478.3    443.7  0.00 |  0.0 -1.0 0   0   0  0  0  0
  - 1.76s  --------    0  Y   Y  1.00  0.80 1.00 -  |   478.2    443.5  0.00 | -1.0 -1.0 0   0   0  0  1  0
  - 1.64s  --------    0  Y   Y  1.00  0.92 1.00 -  |   477.6    442.9  0.00 | -1.0  0.0 0   0   0  0  1  0
  - 1.52s  --------    0  Y   Y  1.00  1.04 1.00 -  |   476.9    442.7  0.00 | -1.0  0.0 0   0   0  0  0  0
  - 1.42s  --------    0  Y   Y  1.00  1.14 1.00 -  |   476.7    442.8  0.00 |  0.0  0.0 0   0   0  0  0  0
  - 1.30s  --------    0  Y   Y  1.00  1.26 1.00 -  |   476.5    442.8  0.00 |  0.0  0.0 0   0   0  0  0  0
  - 1.18s  --------    0  Y   Y  1.00  1.38 1.00 -  |   476.3    442.9  0.00 |  0.0  0.0 0   0   0  0  0  0
  - 1.07s  --------    0  Y   Y  1.00  1.49 1.00 -  |   476.3    442.9  0.00 |  0.0  0.0 0   0   0  0  0  0
  - 0.97s  --------    0  Y   Y  1.00  1.59 1.00 -  |   476.3    442.9  0.00 |  0.0  0.0 0   0   0  0  0  0
  - 0.86s  --------    0  Y   Y  1.00  1.70 1.00 -  |   476.3    442.9  0.00 |  0.0  0.0 0   0   0  0  0  0
  - 0.76s  --------    0  Y   Y  1.00  1.80 1.00 -  |   476.3    442.9  0.00 | -1.0  0.0 0   0   0  0  0  0
  - 0.66s  --------    0  Y   Y  1.00  1.90 1.00 -  |   476.1    443.0  0.00 | -1.0  0.0 0   0   0  0  0  0
  - 0.54s  --------    0  Y   Y  1.00  2.02 1.00 -  |   475.6    443.2  0.00 | -1.0  0.0 0   0   0  0  1  0
  - 0.42s  --------    0  Y   Y  1.00  2.14 1.00 -  |   474.8    443.4  0.00 | -1.0  0.0 0   0   0  0  1  0
  - 0.32s  --------    0  Y   Y  1.00  2.24 1.00 -  |   474.1    443.7  0.00 | -1.0  0.0 0   0   0  0  1  0
  - 0.22s  --------    0  Y   Y  1.00  2.34 1.00 -  |   473.5    443.9  0.00 | -1.0  0.0 0   0   0  0  1  0
  - 0.10s  --------    0  Y   Y  1.00  2.46 1.00 -  |   472.7    444.2  0.00 | -1.0  0.0 0   0   0  0  1  0
=========================================================== END

[   651   15.533 x1.00] LOG  [OniBoss] Playing animation: Watch
[   651   15.533 x1.00] LOG  [OniBoss] Combo started: ClubSwing1 → ClubSwing2 → ClubSlam (3 steps remaining)
[   651   15.533 x1.00] LOG  [OniBoss] Chase → Attack
[   651   15.533 x1.00] LOG  [OniBoss] Attack: Club_Swing (16 dmg)
[   651   15.533 x1.00] LOG  [OniBoss:Trail] Club_Swing trail START at clip 1.00 (transition done).
[   654   15.596 x1.00] LOG  [OniBoss:Layer] step-in: 'Club_Swing' closed 0.27m, Yoru now 3.0m away (range 3.5)
[   668   15.874 x1.00] LOG  [CameraGameFeel] Shake: intensity=0.20 duration=0.250s
[   668   15.874 x1.00] LOG  [Combat] Hit react: HitReact_Light_2Leg (0.5s)
[   668   15.874 x1.00] LOG  [HitReactTrace] asked for 'HitReact_Light_2Leg' (0.50s) — blend resolved after 0 ms, now playing a clip 1.00s long at speed 1.00, layer weight 1.00, animator.speed 1.00.
[   668   15.874 x1.00] LOG  [CameraGameFeel] Shake: intensity=0.15 duration=0.200s
[   668   15.874 x1.00] LOG  [CameraGameFeel] FOV punch: player damage (-2.0°)
[   668   15.874 x1.00] LOG  [OniBoss] Hit player for 16 (Club_Swing)
[   668   15.874 x1.00] LOG  [OniBoss:Touch] Club_Swing: club TOUCHED Yoru at clip 0.41 — shaft 0.14m from her body line, tip speed 154m/s, ONE FRAME EARLY (predicted). Full club hit delivered this frame.
[   670   15.916 x1.00] LOG  [OniBoss:ClubPos] Club_Swing at strike: club tip 3.04m up, 1.55m in front, -3.26m to his right (3.61m out from his centre). Club faces -102deg from his forward, pitch 0.41. (the ground wave is born 1.6m in front of him at 0.35m.)
[   670   15.916 x1.00] LOG  [OniBoss:Layer] Club_Swing: club already hit — ground wave released as VISUAL only (0 damage).
[   697   16.381 x1.00] LOG  [OniBoss] Attack → Recovery
[   697   16.381 x1.00] LOG  [OniBoss] Playing animation: Watch
[   697   16.381 x1.00] LOG  [OniBoss:Trail] trail END at clip 0.99, fading over 0.40s.
[   697   16.381 x1.00] LOG  [OniBoss:Strike] Club_Swing: club tip closest to Yoru at 1.43m, clip position 0.85 | damage fires at 0.42 | clip 0.84s => damage fires 359 ms BEFORE the club is closest
[   706   16.531 x1.00] LOG  [OniBoss] Recovery → Attack
[   706   16.531 x1.00] LOG  [OniBoss] Attack: ClubSwing2 (16 dmg)
[   706   16.531 x1.00] LOG  [OniBoss:Trail] ClubSwing2 trail START at clip 1.00 (transition still blending).
[   723   16.827 x1.00] LOG  [CameraGameFeel] Shake: intensity=0.20 duration=0.250s
[   723   16.827 x1.00] LOG  [Combat] Hit react: HitReact_Light_2Leg (0.5s)
[   723   16.827 x1.00] LOG  [HitReactTrace] asked for 'HitReact_Light_2Leg' (0.50s) — blend resolved after 0 ms, now playing a clip 1.00s long at speed 1.00, layer weight 1.00, animator.speed 1.00.
[   723   16.827 x1.00] LOG  [CameraGameFeel] Shake: intensity=0.15 duration=0.200s
[   723   16.827 x1.00] LOG  [CameraGameFeel] FOV punch: player damage (-2.0°)
[   723   16.827 x1.00] LOG  [OniBoss] Hit player for 20 (ClubSwing2) [combo x1.25]
[   723   16.827 x1.00] LOG  [OniBoss:Touch] ClubSwing2: club TOUCHED Yoru at clip 0.25 — shaft 0.60m from her body line, tip speed 60m/s, ONE FRAME EARLY (predicted). Full club hit delivered this frame.
[   724   16.847 x1.00] LOG  [OniBoss:Layer] step-in: 'ClubSwing2' closed 0.01m, Yoru now 3.0m away (range 3.5)
[   729   16.942 x1.00] LOG  [OniBoss:ClubPos] ClubSwing2 at strike: club tip 0.73m up, 0.88m in front, 3.41m to his right (3.52m out from his centre). Club faces 56deg from his forward, pitch -0.87. (the ground wave is born 1.6m in front of him at 0.35m.)
[   729   16.942 x1.00] LOG  [OniBoss:Layer] ClubSwing2: club already hit — ground wave released as VISUAL only (0 damage).
[   772   17.715 x1.00] LOG  [OniBoss] Attack → Recovery
[   772   17.715 x1.00] LOG  [OniBoss] Playing animation: Watch
[   772   17.715 x1.00] LOG  [OniBoss:Trail] trail END at clip 1.00, fading over 0.40s.
[   772   17.715 x1.00] LOG  [OniBoss:Strike] ClubSwing2: club tip closest to Yoru at 1.88m, clip position 0.29 | damage fires at 0.32 | clip 1.17s => damage fires 39 ms AFTER the club is closest — it lands once the club has passed her
[   780   17.867 x1.00] LOG  [OniBoss] Recovery → Attack
[   780   17.867 x1.00] LOG  [OniBoss] Attack: ClubSlam (20 dmg)
[   780   17.867 x1.00] LOG  [OniBoss:Trail] ClubSlam trail START at clip 1.00 (transition still blending).
[   782   17.907 x1.00] LOG  [OniBoss:Layer] step-in: 'ClubSlam' closed 0.29m, Yoru now 3.0m away (range 3.5)
[   821   18.674 x1.00] LOG  [OniBoss:ClubPos] ClubSlam at strike: club tip 0.53m up, 2.91m in front, -0.10m to his right (2.91m out from his centre). Club faces 8deg from his forward, pitch -0.26. (the ground wave is born 1.6m in front of him at 0.35m.)
[   821   18.674 x1.00] LOG  [OniBoss:Layer] ClubSlam: club has not connected — ground wave released ARMED, 1.6m in front, 12m/s x 12.0m = 1.00s, COMBO FINISHER: FULL 30 damage, x2.0 size, x2.0 travel.
[   822   18.695 x1.00] LOG  [Combat] Hit react: HitReact_Light_4Leg (0.5s)
[   822   18.695 x1.00] LOG  [HitReactTrace] asked for 'HitReact_Light_4Leg' (0.50s) — blend resolved after 0 ms, now playing a clip 1.00s long at speed 1.00, layer weight 1.00, animator.speed 1.00.
[   822   18.695 x1.00] LOG  [CameraGameFeel] Shake: intensity=0.15 duration=0.200s
[   822   18.695 x1.00] LOG  [CameraGameFeel] FOV punch: player damage (-2.0°)
[   822   18.695 x1.00] LOG  [OniBoss:Wave] wave TOUCHED Yoru (grounded) for 30 after 0.3m / 0.02s of travel.
[   828   18.813 x1.00] LOG  [OniBoss] Attack → Recovery
[   828   18.813 x1.00] LOG  [OniBoss] Playing animation: Watch
[   828   18.813 x1.00] LOG  [OniBoss:Trail] trail END at clip 1.00, fading over 0.40s.
[   828   18.813 x1.00] LOG  [OniBoss:Strike] ClubSlam: club tip closest to Yoru at 0.96m, clip position 0.79 | damage fires at 0.85 | clip 0.93s => damage fires 58 ms AFTER the club is closest — it lands once the club has passed her
[   837   18.967 x1.00] LOG  [OniBoss] Recovery → Chase
[   838   18.982 x1.00] LOG  [OniBoss] hold-ground: BACKSTEP 1.5m (player 3.6m)
[   848   19.157 x1.00] LOG  
==================== [FREEZE-DEBUG v3] ====================
  Reason : WASD-NOMOVE: WASD recent + speed 0.00m/s for 0.40s
  Time   : 14.615s   Frame: 848   Snaps: 60
===========================================================

--- CURRENT STATE ---
  Flags: atk=False hvy=False dod=False dsh=False
         grd=False hit=True aerial=False lockPos=False
         comboStep=0
  Anim : speed=1.00  combatLayer hash=-281062480 normT=0.278 weight=1.00 inTransition=False
  CC   : grounded=True  enabled=True  pos=(471.70, -0.02, 444.51)  vel=(0.00, 0.00, 0.00)
  Move : IsRunning=True
  Input: H=1.00 V=0.00  LMB=False MMB=False Q=False Sp=False Sh=False C=False
         WASD pressed in last 0.5s: True (last 0.00s ago)

--- FLIGHT RECORDER (60 snapshots, oldest first, dt=0.10s) ---
  Legend: flags = A(tk) H(vy) D(od) S(sh) G(rd) R(eact) Y(aerial) L(ock)   gnd/cc: Y/n
  t-now    flags     step gnd cc anSp normT layW tr | posX     posZ     spd   | H    V    LMB MMB Q  Sp Sh C
  ------   --------  ---- --- -- ---- ----- ---- -- | -----    -----    ----  | ---- ---- --- --- -- -- -- -
  - 6.58s  --------    0  Y   Y  1.00  0.34 1.00 -  |   478.5    444.3  0.00 |  0.0 -1.0 0   0   0  0  0  0
  - 6.46s  --------    0  Y   Y  1.00  0.46 1.00 -  |   478.5    444.1  0.00 |  0.0 -1.0 0   0   0  0  0  0
  - 6.34s  --------    0  Y   Y  1.00  0.58 1.00 -  |   478.4    443.9  0.00 |  0.0 -1.0 0   0   0  0  0  0
  - 6.24s  --------    0  Y   Y  1.00  0.68 1.00 -  |   478.3    443.7  0.00 |  0.0 -1.0 0   0   0  0  0  0
  - 6.12s  --------    0  Y   Y  1.00  0.80 1.00 -  |   478.2    443.5  0.00 | -1.0 -1.0 0   0   0  0  1  0
  - 6.00s  --------    0  Y   Y  1.00  0.92 1.00 -  |   477.6    442.9  0.00 | -1.0  0.0 0   0   0  0  1  0
  - 5.88s  --------    0  Y   Y  1.00  1.04 1.00 -  |   476.9    442.7  0.00 | -1.0  0.0 0   0   0  0  0  0
  - 5.78s  --------    0  Y   Y  1.00  1.14 1.00 -  |   476.7    442.8  0.00 |  0.0  0.0 0   0   0  0  0  0
  - 5.66s  --------    0  Y   Y  1.00  1.26 1.00 -  |   476.5    442.8  0.00 |  0.0  0.0 0   0   0  0  0  0
  - 5.54s  --------    0  Y   Y  1.00  1.38 1.00 -  |   476.3    442.9  0.00 |  0.0  0.0 0   0   0  0  0  0
  - 5.44s  --------    0  Y   Y  1.00  1.49 1.00 -  |   476.3    442.9  0.00 |  0.0  0.0 0   0   0  0  0  0
  - 5.33s  --------    0  Y   Y  1.00  1.59 1.00 -  |   476.3    442.9  0.00 |  0.0  0.0 0   0   0  0  0  0
  - 5.23s  --------    0  Y   Y  1.00  1.70 1.00 -  |   476.3    442.9  0.00 |  0.0  0.0 0   0   0  0  0  0
  - 5.13s  --------    0  Y   Y  1.00  1.80 1.00 -  |   476.3    442.9  0.00 | -1.0  0.0 0   0   0  0  0  0
  - 5.02s  --------    0  Y   Y  1.00  1.90 1.00 -  |   476.1    443.0  0.00 | -1.0  0.0 0   0   0  0  0  0
  - 4.90s  --------    0  Y   Y  1.00  2.02 1.00 -  |   475.6    443.2  0.00 | -1.0  0.0 0   0   0  0  1  0
  - 4.78s  --------    0  Y   Y  1.00  2.14 1.00 -  |   474.8    443.4  0.00 | -1.0  0.0 0   0   0  0  1  0
  - 4.68s  --------    0  Y   Y  1.00  2.24 1.00 -  |   474.1    443.7  0.00 | -1.0  0.0 0   0   0  0  1  0
  - 4.58s  --------    0  Y   Y  1.00  2.34 1.00 -  |   473.5    443.9  0.00 | -1.0  0.0 0   0   0  0  1  0
  - 4.46s  --------    0  Y   Y  1.00  2.46 1.00 -  |   472.7    444.2  0.00 | -1.0  0.0 0   0   0  0  1  0
  - 4.34s  --------    0  Y   Y  1.00  2.58 1.00 -  |   471.9    444.4  0.00 | -1.0  0.0 0   0   0  0  1  0
  - 4.24s  --------    0  Y   Y  1.00  2.68 1.00 -  |   471.2    444.7  0.00 | -1.0  0.0 0   0   0  0  1  0
  - 4.12s  --------    0  Y   Y  1.00  2.80 1.00 -  |   470.8    444.8  0.00 |  0.0  0.0 0   0   0  0  0  0
  - 4.01s  --------    0  Y   Y  1.00  2.92 1.00 -  |   470.8    444.8  0.00 |  1.0  0.0 0   0   0  0  0  0
  - 3.90s  --------    0  Y   Y  1.00  3.03 1.00 -  |   471.0    444.8  0.00 |  1.0  0.0 0   0   0  0  0  0
  - 3.78s  --------    0  Y   Y  1.00  3.14 1.00 -  |   471.5    444.6  0.00 |  1.0  0.0 0   0   0  0  1  0
  - 3.68s  --------    0  Y   Y  1.00  3.24 1.00 -  |   472.2    444.4  0.00 |  1.0  0.0 0   0   0  0  1  0
  - 3.58s  --------    0  Y   Y  1.00  3.34 1.00 -  |   472.8    444.1  0.00 |  1.0  0.0 0   0   0  0  1  0
  - 3.46s  --------    0  Y   Y  1.00  3.46 1.00 -  |   473.6    443.8  0.00 |  1.0  0.0 0   0   0  0  1  0
  - 3.34s  --------    0  Y   Y  1.00  3.58 1.00 -  |   474.4    443.6  0.00 |  1.0  0.0 0   0   0  0  1  0
  - 3.24s  -----R--    0  Y   Y  1.00  0.08 1.00 -  |   474.6    443.5  0.00 |  0.0  0.0 0   0   0  0  0  0
  - 3.14s  -----R--    0  Y   Y  1.00  0.17 1.00 -  |   474.6    443.5  0.00 |  0.0  0.0 0   0   0  0  0  0
  - 3.03s  -----R--    0  Y   Y  1.00  0.26 1.00 -  |   474.6    443.5  0.00 |  0.0  0.0 0   0   0  0  0  0
  - 2.91s  -----R--    0  Y   Y  1.00  0.35 1.00 -  |   474.6    443.5  0.00 |  0.0  0.0 0   0   0  0  0  0
  - 2.81s  -----R--    0  Y   Y  1.00  0.44 1.00 -  |   474.6    443.5  0.00 |  0.0  0.0 0   0   0  0  0  0
  - 2.71s  --------    0  Y   Y  1.00  0.53 1.00 T  |   474.6    443.5  0.00 |  0.0  0.0 0   0   0  0  0  0
  - 2.61s  --------    0  Y   Y  1.00  0.15 1.00 -  |   474.6    443.5  0.00 |  0.0  0.0 0   0   0  0  0  0
  - 2.51s  --------    0  Y   Y  1.00  0.25 1.00 -  |   474.6    443.5  0.00 |  0.0  0.0 0   0   0  0  0  0
  - 2.40s  --------    0  Y   Y  1.00  0.36 1.00 -  |   474.6    443.5  0.00 |  1.0  0.0 0   0   0  0  0  0
  - 2.29s  -----R--    0  Y   Y  1.00  0.47 1.00 T  |   474.8    443.4  0.00 |  1.0  0.0 0   0   0  0  0  0
  - 2.18s  -----R--    0  Y   Y  1.00  0.17 1.00 -  |   474.8    443.4  0.00 |  1.0  0.0 0   0   0  0  0  0
  - 2.06s  -----R--    0  Y   Y  1.00  0.27 1.00 -  |   474.8    443.4  0.00 |  1.0  0.0 0   0   0  0  0  0
  - 1.95s  -----R--    0  Y   Y  1.00  0.37 1.00 -  |   474.8    443.4  0.00 |  1.0  0.0 0   0   0  0  0  0
  - 1.83s  --------    0  Y   Y  1.00  0.47 1.00 -  |   474.8    443.4  0.00 |  1.0  0.0 0   0   0  0  0  0
  - 1.72s  --------    0  Y   Y  1.00  0.09 1.00 -  |   475.0    443.3  0.00 |  1.0  0.0 0   0   0  0  0  0
  - 1.60s  --------    0  Y   Y  1.00  0.20 1.00 -  |   475.2    443.3  0.00 |  1.0  0.0 0   0   0  0  0  0
  - 1.48s  --------    0  Y   Y  1.00  0.32 1.00 -  |   475.5    443.2  0.00 |  1.0  0.0 0   0   0  0  0  0
  - 1.36s  --------    0  Y   Y  1.00  0.44 1.00 -  |   475.7    443.1  0.00 | -1.0  0.0 0   0   0  0  0  0
  - 1.25s  --------    0  Y   Y  1.00  0.55 1.00 -  |   475.5    443.2  0.00 | -1.0  0.0 0   0   0  0  0  0
  - 1.14s  --------    0  Y   Y  1.00  0.67 1.00 -  |   475.3    443.3  0.00 | -1.0  0.0 0   0   0  0  0  0
  - 1.02s  --------    0  Y   Y  1.00  0.79 1.00 -  |   475.1    443.3  0.00 | -1.0  0.0 0   0   0  0  0  0
  - 0.90s  --------    0  Y   Y  1.00  0.90 1.00 -  |   474.7    443.4  0.00 | -1.0  0.0 0   0   0  0  1  0
  - 0.80s  --------    0  Y   Y  1.00  1.00 1.00 -  |   474.1    443.7  0.00 | -1.0  0.0 0   0   0  0  1  0
  - 0.68s  --------    0  Y   Y  1.00  1.12 1.00 -  |   473.3    444.0  0.00 | -1.0  0.0 0   0   0  0  1  0
  - 0.56s  --------    0  Y   Y  1.00  1.24 1.00 -  |   472.5    444.2  0.00 | -1.0  0.0 0   0   0  0  1  0
  - 0.44s  -----R--    0  Y   Y  1.00  0.05 1.00 -  |   471.7    444.5  0.00 | -1.0  0.0 0   0   0  0  1  0
  - 0.33s  -----R--    0  Y   Y  1.00  0.11 1.00 -  |   471.7    444.5  0.00 |  0.0  0.0 0   0   0  0  0  0
  - 0.22s  -----R--    0  Y   Y  1.00  0.16 1.00 -  |   471.7    444.5  0.00 |  1.0  0.0 0   0   0  0  0  0
  - 0.10s  -----R--    0  Y   Y  1.00  0.22 1.00 -  |   471.7    444.5  0.00 |  1.0  0.0 0   0   0  0  0  0
  - 0.00s  -----R--    0  Y   Y  1.00  0.28 1.00 -  |   471.7    444.5  0.00 |  1.0  0.0 0   0   0  0  0  0
=========================================================== END

[   888   19.935 x1.00] LOG  [OniBoss] hold-ground: backstep done (1.52m), WATCH (player 4.2m, cooldown 0.8s)
[   888   19.935 x1.00] LOG  [OniBoss] Playing animation: Watch
[   923   20.616 x1.00] LOG  [OniBoss] Playing animation: run
[   931   20.775 x1.00] LOG  [OniBoss] Pull-band decision: RUN-IN (dist 5.3m, pullRange 0m, chance 0.50)
[   986   21.835 x1.00] LOG  [OniBoss] Playing animation: Watch
[   986   21.835 x1.00] LOG  [OniBoss] Combo started: ClubSwing1 → ClubSwing2 → ClubSlam (3 steps remaining)
[   986   21.835 x1.00] LOG  [OniBoss] Chase → Attack
[   986   21.835 x1.00] LOG  [OniBoss] Attack: Club_Swing (16 dmg)
[   986   21.835 x1.00] LOG  [OniBoss:Trail] Club_Swing trail START at clip 1.00 (transition done).
[   989   21.895 x1.00] LOG  [OniBoss:Layer] step-in: 'Club_Swing' closed 0.26m, Yoru now 3.0m away (range 3.5)
[   999   22.129 x1.00] LOG  [CameraGameFeel] Shake: intensity=0.20 duration=0.250s
[   999   22.129 x1.00] LOG  [Combat] Hit react: HitReact_Light_4Leg (0.5s)
[   999   22.129 x1.00] LOG  [HitReactTrace] asked for 'HitReact_Light_4Leg' (0.50s) — blend resolved after 0 ms, now playing a clip 1.00s long at speed 1.00, layer weight 1.00, animator.speed 1.00.
[   999   22.129 x1.00] LOG  [CameraGameFeel] Shake: intensity=0.15 duration=0.200s
[   999   22.129 x1.00] LOG  [CameraGameFeel] FOV punch: player damage (-2.0°)
[   999   22.129 x1.00] LOG  [OniBoss] Hit player for 16 (Club_Swing)
[   999   22.129 x1.00] LOG  [OniBoss:Touch] Club_Swing: club TOUCHED Yoru at clip 0.35 — shaft 0.36m from her body line, tip speed 144m/s, ONE FRAME EARLY (predicted). Full club hit delivered this frame.
[  1004   22.223 x1.00] LOG  [OniBoss:ClubPos] Club_Swing at strike: club tip 3.04m up, 0.55m in front, -3.26m to his right (3.30m out from his centre). Club faces -124deg from his forward, pitch 0.39. (the ground wave is born 1.6m in front of him at 0.35m.)
[  1004   22.223 x1.00] LOG  [OniBoss:Layer] Club_Swing: club already hit — ground wave released as VISUAL only (0 damage).
[  1032   22.695 x1.00] LOG  [OniBoss] Attack → Recovery
[  1032   22.695 x1.00] LOG  [OniBoss] Playing animation: Watch
[  1032   22.695 x1.00] LOG  [OniBoss:Trail] trail END at clip 1.00, fading over 0.40s.
[  1032   22.695 x1.00] LOG  [OniBoss:Strike] Club_Swing: club tip closest to Yoru at 0.62m, clip position 1.00 | damage fires at 0.42 | clip 0.84s => damage fires 486 ms BEFORE the club is closest
[  1040   22.856 x1.00] LOG  [OniBoss] Recovery → Attack
[  1040   22.856 x1.00] LOG  [OniBoss] Attack: ClubSwing2 (16 dmg)
[  1040   22.856 x1.00] LOG  [OniBoss:Trail] ClubSwing2 trail START at clip 1.00 (transition still blending).
[  1042   22.895 x1.00] LOG  [OniBoss:Layer] step-in: 'ClubSwing2' closed 0.28m, Yoru now 3.0m away (range 3.5)
[  1058   23.202 x1.00] LOG  [CameraGameFeel] Shake: intensity=0.20 duration=0.250s
[  1058   23.202 x1.00] LOG  [Combat] Hit react: HitReact_Light_4Leg (0.5s)
[  1058   23.202 x1.00] LOG  [HitReactTrace] asked for 'HitReact_Light_4Leg' (0.50s) — blend resolved after 0 ms, now playing a clip 1.00s long at speed 1.00, layer weight 1.00, animator.speed 1.00.
[  1058   23.202 x1.00] LOG  [CameraGameFeel] Shake: intensity=0.15 duration=0.200s
[  1058   23.202 x1.00] LOG  [CameraGameFeel] FOV punch: player damage (-2.0°)
[  1058   23.202 x1.00] LOG  [OniBoss] Hit player for 20 (ClubSwing2) [combo x1.25]
[  1058   23.202 x1.00] LOG  [OniBoss:Touch] ClubSwing2: club TOUCHED Yoru at clip 0.30 — shaft 0.49m from her body line, tip speed 100m/s, ONE FRAME EARLY (predicted). Full club hit delivered this frame.
[  1061   23.255 x1.00] LOG  [OniBoss:ClubPos] ClubSwing2 at strike: club tip 0.23m up, 1.54m in front, 2.73m to his right (3.14m out from his centre). Club faces 20deg from his forward, pitch -0.89. (the ground wave is born 1.6m in front of him at 0.35m.)
[  1061   23.255 x1.00] LOG  [OniBoss:Layer] ClubSwing2: club already hit — ground wave released as VISUAL only (0 damage).
[  1062   23.273 x1.00] LOG  
==================== [FREEZE-DEBUG v3] ====================
  Reason : WASD-NOMOVE: WASD recent + speed 0.00m/s for 0.42s
  Time   : 18.731s   Frame: 1062   Snaps: 60
===========================================================

--- CURRENT STATE ---
  Flags: atk=False hvy=False dod=False dsh=False
         grd=False hit=True aerial=False lockPos=False
         comboStep=0
  Anim : speed=1.00  combatLayer hash=-281062480 normT=0.069 weight=1.00 inTransition=False
  CC   : grounded=True  enabled=True  pos=(480.47, -0.02, 442.00)  vel=(0.00, 0.00, 0.00)
  Move : IsRunning=True
  Input: H=1.00 V=0.00  LMB=False MMB=False Q=False Sp=False Sh=True C=False
         WASD pressed in last 0.5s: True (last 0.00s ago)

--- FLIGHT RECORDER (60 snapshots, oldest first, dt=0.10s) ---
  Legend: flags = A(tk) H(vy) D(od) S(sh) G(rd) R(eact) Y(aerial) L(ock)   gnd/cc: Y/n
  t-now    flags     step gnd cc anSp normT layW tr | posX     posZ     spd   | H    V    LMB MMB Q  Sp Sh C
  ------   --------  ---- --- -- ---- ----- ---- -- | -----    -----    ----  | ---- ---- --- --- -- -- -- -
  - 6.72s  --------    0  Y   Y  1.00  0.15 1.00 -  |   474.6    443.5  0.00 |  0.0  0.0 0   0   0  0  0  0
  - 6.62s  --------    0  Y   Y  1.00  0.25 1.00 -  |   474.6    443.5  0.00 |  0.0  0.0 0   0   0  0  0  0
  - 6.52s  --------    0  Y   Y  1.00  0.36 1.00 -  |   474.6    443.5  0.00 |  1.0  0.0 0   0   0  0  0  0
  - 6.41s  -----R--    0  Y   Y  1.00  0.47 1.00 T  |   474.8    443.4  0.00 |  1.0  0.0 0   0   0  0  0  0
  - 6.30s  -----R--    0  Y   Y  1.00  0.17 1.00 -  |   474.8    443.4  0.00 |  1.0  0.0 0   0   0  0  0  0
  - 6.18s  -----R--    0  Y   Y  1.00  0.27 1.00 -  |   474.8    443.4  0.00 |  1.0  0.0 0   0   0  0  0  0
  - 6.06s  -----R--    0  Y   Y  1.00  0.37 1.00 -  |   474.8    443.4  0.00 |  1.0  0.0 0   0   0  0  0  0
  - 5.94s  --------    0  Y   Y  1.00  0.47 1.00 -  |   474.8    443.4  0.00 |  1.0  0.0 0   0   0  0  0  0
  - 5.83s  --------    0  Y   Y  1.00  0.09 1.00 -  |   475.0    443.3  0.00 |  1.0  0.0 0   0   0  0  0  0
  - 5.72s  --------    0  Y   Y  1.00  0.20 1.00 -  |   475.2    443.3  0.00 |  1.0  0.0 0   0   0  0  0  0
  - 5.60s  --------    0  Y   Y  1.00  0.32 1.00 -  |   475.5    443.2  0.00 |  1.0  0.0 0   0   0  0  0  0
  - 5.48s  --------    0  Y   Y  1.00  0.44 1.00 -  |   475.7    443.1  0.00 | -1.0  0.0 0   0   0  0  0  0
  - 5.37s  --------    0  Y   Y  1.00  0.55 1.00 -  |   475.5    443.2  0.00 | -1.0  0.0 0   0   0  0  0  0
  - 5.25s  --------    0  Y   Y  1.00  0.67 1.00 -  |   475.3    443.3  0.00 | -1.0  0.0 0   0   0  0  0  0
  - 5.14s  --------    0  Y   Y  1.00  0.79 1.00 -  |   475.1    443.3  0.00 | -1.0  0.0 0   0   0  0  0  0
  - 5.02s  --------    0  Y   Y  1.00  0.90 1.00 -  |   474.7    443.4  0.00 | -1.0  0.0 0   0   0  0  1  0
  - 4.92s  --------    0  Y   Y  1.00  1.00 1.00 -  |   474.1    443.7  0.00 | -1.0  0.0 0   0   0  0  1  0
  - 4.80s  --------    0  Y   Y  1.00  1.12 1.00 -  |   473.3    444.0  0.00 | -1.0  0.0 0   0   0  0  1  0
  - 4.68s  --------    0  Y   Y  1.00  1.24 1.00 -  |   472.5    444.2  0.00 | -1.0  0.0 0   0   0  0  1  0
  - 4.56s  -----R--    0  Y   Y  1.00  0.05 1.00 -  |   471.7    444.5  0.00 | -1.0  0.0 0   0   0  0  1  0
  - 4.44s  -----R--    0  Y   Y  1.00  0.11 1.00 -  |   471.7    444.5  0.00 |  0.0  0.0 0   0   0  0  0  0
  - 4.34s  -----R--    0  Y   Y  1.00  0.16 1.00 -  |   471.7    444.5  0.00 |  1.0  0.0 0   0   0  0  0  0
  - 4.22s  -----R--    0  Y   Y  1.00  0.22 1.00 -  |   471.7    444.5  0.00 |  1.0  0.0 0   0   0  0  0  0
  - 4.12s  -----R--    0  Y   Y  1.00  0.28 1.00 -  |   471.7    444.5  0.00 |  1.0  0.0 0   0   0  0  0  0
  - 4.01s  --------    0  Y   Y  1.00  0.33 1.00 T  |   471.8    444.5  0.00 |  1.0  0.0 0   0   0  0  0  0
  - 3.90s  --------    0  Y   Y  1.00  0.15 1.00 -  |   472.0    444.4  0.00 |  1.0  0.0 0   0   0  0  0  0
  - 3.78s  --------    0  Y   Y  1.00  0.26 1.00 -  |   472.2    444.3  0.00 |  1.0  0.0 0   0   0  0  0  0
  - 3.68s  --------    0  Y   Y  1.00  0.36 1.00 -  |   472.4    444.3  0.00 |  1.0  0.0 0   0   0  0  0  0
  - 3.58s  --------    0  Y   Y  1.00  0.46 1.00 -  |   472.6    444.2  0.00 |  1.0  0.0 0   0   0  0  0  0
  - 3.48s  --------    0  Y   Y  1.00  0.56 1.00 -  |   472.8    444.1  0.00 |  1.0  0.0 0   0   0  0  0  0
  - 3.38s  --------    0  Y   Y  1.00  0.66 1.00 -  |   473.0    444.1  0.00 |  1.0  0.0 0   0   0  0  0  0
  - 3.26s  --------    0  Y   Y  1.00  0.78 1.00 -  |   473.7    443.8  0.00 |  1.0  0.0 0   0   0  0  1  0
  - 3.14s  --------    0  Y   Y  1.00  0.90 1.00 -  |   474.5    443.5  0.00 |  1.0  0.0 0   0   0  0  1  0
  - 3.02s  --------    0  Y   Y  1.00  1.02 1.00 -  |   475.3    443.3  0.00 |  1.0  0.0 0   0   0  0  1  0
  - 2.91s  --------    0  Y   Y  1.00  1.14 1.00 -  |   476.1    443.0  0.00 |  1.0  0.0 0   0   0  0  1  0
  - 2.80s  --------    0  Y   Y  1.00  1.25 1.00 -  |   476.7    442.8  0.00 |  1.0  0.0 0   0   0  0  1  0
  - 2.68s  --------    0  Y   Y  1.00  1.36 1.00 -  |   477.5    442.5  0.00 |  1.0  0.0 0   0   0  0  1  0
  - 2.56s  --------    0  Y   Y  1.00  1.48 1.00 -  |   478.3    442.3  0.00 |  1.0  0.0 0   0   0  0  1  0
  - 2.44s  --------    0  Y   Y  1.00  1.60 1.00 -  |   479.2    442.2  0.00 |  1.0  0.0 0   0   0  0  1  0
  - 2.34s  --------    0  Y   Y  1.00  1.70 1.00 -  |   479.9    442.2  0.00 |  1.0  0.0 0   0   0  0  1  0
  - 2.22s  --------    0  Y   Y  1.00  1.82 1.00 -  |   480.7    442.2  0.00 |  1.0  0.0 0   0   0  0  1  0
  - 2.10s  --------    0  Y   Y  1.00  1.94 1.00 -  |   481.5    442.4  0.00 |  1.0  0.0 0   0   0  0  1  0
  - 1.99s  --------    0  Y   Y  1.00  2.05 1.00 -  |   482.2    442.6  0.00 |  0.0  0.0 0   0   0  0  1  0
  - 1.88s  --------    0  Y   Y  1.00  2.16 1.00 -  |   483.0    442.8  0.00 |  0.0  0.0 0   0   0  0  1  0
  - 1.76s  --------    0  Y   Y  1.00  2.28 1.00 -  |   483.8    443.1  0.00 |  0.0  0.0 0   0   0  0  1  0
  - 1.65s  --------    0  Y   Y  1.00  2.40 1.00 -  |   483.5    443.0  0.00 | -1.0  0.0 0   0   0  0  1  0
  - 1.53s  --------    0  Y   Y  1.00  2.51 1.00 -  |   482.9    442.8  0.00 | -1.0  0.0 0   0   0  0  1  0
  - 1.42s  --------    0  Y   Y  1.00  2.62 1.00 -  |   482.1    442.5  0.00 | -1.0  0.0 0   0   0  0  1  0
  - 1.31s  --------    0  Y   Y  1.00  2.73 1.00 -  |   481.4    442.3  0.00 | -1.0  0.0 0   0   0  0  1  0
  - 1.18s  --------    0  Y   Y  1.00  2.84 1.00 -  |   480.5    442.0  0.00 | -1.0  0.0 0   0   0  0  1  0
  - 1.07s  -----R--    0  Y   Y  1.00  0.07 1.00 -  |   480.1    441.9  0.00 | -1.0  0.0 0   0   0  0  1  0
  - 0.97s  -----R--    0  Y   Y  1.00  0.12 1.00 -  |   480.1    441.9  0.00 | -1.0  0.0 0   0   0  0  1  0
  - 0.85s  -----R--    0  Y   Y  1.00  0.18 1.00 -  |   480.1    441.9  0.00 | -1.0  0.0 0   0   0  0  1  0
  - 0.74s  -----R--    0  Y   Y  1.00  0.24 1.00 -  |   480.1    441.9  0.00 | -1.0  0.0 0   0   0  0  1  0
  - 0.63s  --------    0  Y   Y  1.00  0.29 1.00 -  |   480.1    441.9  0.00 | -1.0  0.0 0   0   0  0  1  0
  - 0.52s  --------    0  Y   Y  1.00  0.10 1.00 -  |   479.3    441.6  0.00 | -1.0  0.0 0   0   0  0  1  0
  - 0.42s  --------    0  Y   Y  1.00  0.20 1.00 -  |   478.6    441.4  0.00 |  0.0  0.0 0   0   0  0  1  0
  - 0.31s  --------    0  Y   Y  1.00  0.31 1.00 -  |   478.9    441.5  0.00 |  1.0  0.0 0   0   0  0  1  0
  - 0.19s  --------    0  Y   Y  1.00  0.43 1.00 -  |   479.7    441.7  0.00 |  1.0  0.0 0   0   0  0  1  0
  - 0.07s  --------    0  Y   Y  1.00  0.55 1.00 -  |   480.3    442.0  0.00 |  1.0  0.0 0   0   0  0  1  0
=========================================================== END

[  1105   24.045 x1.00] LOG  [OniBoss] Attack → Recovery
[  1105   24.045 x1.00] LOG  [OniBoss] Playing animation: Watch
[  1105   24.045 x1.00] LOG  [OniBoss:Trail] trail END at clip 1.00, fading over 0.40s.
[  1105   24.045 x1.00] LOG  [OniBoss:Strike] ClubSwing2: club tip closest to Yoru at 1.03m, clip position 0.31 | damage fires at 0.32 | clip 1.17s => MATCHED (within one or two frames)
[  1113   24.208 x1.00] LOG  [OniBoss] Recovery → Attack
[  1113   24.208 x1.00] LOG  [OniBoss] Attack: ClubSlam (20 dmg)
[  1113   24.208 x1.00] LOG  [OniBoss:Trail] ClubSlam trail START at clip 1.00 (transition still blending).
[  1135   24.636 x1.00] LOG  [CameraGameFeel] Shake: intensity=0.50 duration=0.400s
[  1135   24.636 x1.00] LOG  [Combat] Hit react: Bhit_run_reaction_4 (2.5s)
[  1135   24.636 x1.00] LOG  [HitReactTrace] asked for 'Bhit_run_reaction_4' (2.50s) — blend resolved after 0 ms, now playing a clip 1.00s long at speed 1.00, layer weight 1.00, animator.speed 1.00.
[  1135   24.636 x1.00] LOG  [CameraGameFeel] Shake: intensity=0.40 duration=0.200s
[  1135   24.636 x1.00] LOG  [CameraGameFeel] FOV punch: player damage (-3.0°)
[  1135   24.636 x1.00] LOG  [OniBoss] Hit player for 30 (ClubSlam) [combo x1.50]
[  1135   24.636 x1.00] LOG  [OniBoss:Touch] ClubSlam: club TOUCHED Yoru at clip 0.46 — shaft 0.61m from her body line, tip speed 106m/s. Full club hit delivered this frame.
[  1156   25.014 x1.00] LOG  [OniBoss:ClubPos] ClubSlam at strike: club tip 0.54m up, 2.91m in front, -0.12m to his right (2.91m out from his centre). Club faces 8deg from his forward, pitch -0.26. (the ground wave is born 1.6m in front of him at 0.35m.)
[  1156   25.014 x1.00] LOG  [OniBoss:Layer] ClubSlam: club already hit — ground wave released as VISUAL only (0 damage), finisher size x2.0.
[  1164   25.153 x1.00] LOG  [OniBoss] Attack → Recovery
[  1164   25.153 x1.00] LOG  [OniBoss] Playing animation: Watch
[  1164   25.153 x1.00] LOG  [OniBoss:Trail] trail END at clip 1.00, fading over 0.40s.
[  1164   25.153 x1.00] LOG  [OniBoss:Strike] ClubSlam: club tip closest to Yoru at 0.30m, clip position 0.85 | damage fires at 0.85 | clip 0.93s => MATCHED (within one or two frames)
[  1173   25.307 x1.00] LOG  [OniBoss] Recovery → Chase
[  1174   25.323 x1.00] LOG  [OniBoss] hold-ground: BACKSTEP 1.5m (player 2.7m)
[  1226   26.278 x1.00] LOG  [OniBoss] hold-ground: backstep done (1.52m), WATCH (player 4.2m, cooldown 0.8s)
[  1226   26.278 x1.00] LOG  [OniBoss] Playing animation: Watch
[  1275   37.407 x1.00] LOG  [OniBoss] hold-ground: cooldown over, player 4.2m > 3.5m — APPROACH
[  1275   37.407 x1.00] LOG  [OniBoss] Playing animation: Walk
[  1313   38.077 x1.00] LOG  [OniBoss] Chase → Attack
[  1313   38.077 x1.00] LOG  [OniBoss] Attack: Club_Swing (16 dmg)
[  1313   38.077 x1.00] LOG  [OniBoss:Trail] Club_Swing trail START at clip 0.35 (transition done).
[  1314   38.096 x1.00] LOG  [OniBoss:Layer] step-in: 'Club_Swing' closed 0.03m, Yoru now 3.0m away (range 3.5)
[  1332   38.398 x1.00] LOG  [CameraGameFeel] Shake: intensity=0.20 duration=0.250s
[  1332   38.398 x1.00] LOG  [Combat] Hit react: HitReact_Light_2Leg (0.5s)
[  1332   38.398 x1.00] LOG  [HitReactTrace] asked for 'HitReact_Light_2Leg' (0.50s) — blend resolved after 0 ms, now playing a clip 1.00s long at speed 1.00, layer weight 1.00, animator.speed 1.00.
[  1332   38.398 x1.00] LOG  [CameraGameFeel] Shake: intensity=0.60 duration=0.200s
[  1332   38.398 x1.00] LOG  [CameraGameFeel] FOV punch: player damage (-2.0°)
[  1332   38.398 x1.00] LOG  [OniBoss] Hit player for 16 (Club_Swing)
[  1332   38.398 x1.00] LOG  [OniBoss:Touch] Club_Swing: club TOUCHED Yoru at clip 0.38 — shaft 0.48m from her body line, tip speed 170m/s, ONE FRAME EARLY (predicted). Full club hit delivered this frame.
[  1335   38.458 x1.00] LOG  [OniBoss:ClubPos] Club_Swing at strike: club tip 3.04m up, 1.76m in front, -3.23m to his right (3.68m out from his centre). Club faces -98deg from his forward, pitch 0.41. (the ground wave is born 1.6m in front of him at 0.35m.)
[  1335   38.458 x1.00] LOG  [OniBoss:Layer] Club_Swing: club already hit — ground wave released as VISUAL only (0 damage).
[  1352   38.731 x1.00] LOG  
==================== [FREEZE-DEBUG v3] ====================
  Reason : WASD-NOMOVE: WASD recent + speed 0.00m/s for 0.40s
  Time   : 23.896s   Frame: 1352   Snaps: 60
===========================================================

--- CURRENT STATE ---
  Flags: atk=False hvy=False dod=False dsh=False
         grd=False hit=True aerial=False lockPos=False
         comboStep=0
  Anim : speed=1.00  combatLayer hash=-900461460 normT=0.329 weight=1.00 inTransition=False
  CC   : grounded=True  enabled=True  pos=(483.42, -0.02, 442.94)  vel=(0.00, 0.00, 0.00)
  Move : IsRunning=False
  Input: H=0.00 V=0.00  LMB=False MMB=False Q=False Sp=False Sh=False C=False
         WASD pressed in last 0.5s: True (last 0.16s ago)

--- FLIGHT RECORDER (60 snapshots, oldest first, dt=0.10s) ---
  Legend: flags = A(tk) H(vy) D(od) S(sh) G(rd) R(eact) Y(aerial) L(ock)   gnd/cc: Y/n
  t-now    flags     step gnd cc anSp normT layW tr | posX     posZ     spd   | H    V    LMB MMB Q  Sp Sh C
  ------   --------  ---- --- -- ---- ----- ---- -- | -----    -----    ----  | ---- ---- --- --- -- -- -- -
  - 6.58s  --------    0  Y   Y  1.00  2.62 1.00 -  |   482.1    442.5  0.00 | -1.0  0.0 0   0   0  0  1  0
  - 6.48s  --------    0  Y   Y  1.00  2.73 1.00 -  |   481.4    442.3  0.00 | -1.0  0.0 0   0   0  0  1  0
  - 6.35s  --------    0  Y   Y  1.00  2.84 1.00 -  |   480.5    442.0  0.00 | -1.0  0.0 0   0   0  0  1  0
  - 6.23s  -----R--    0  Y   Y  1.00  0.07 1.00 -  |   480.1    441.9  0.00 | -1.0  0.0 0   0   0  0  1  0
  - 6.13s  -----R--    0  Y   Y  1.00  0.12 1.00 -  |   480.1    441.9  0.00 | -1.0  0.0 0   0   0  0  1  0
  - 6.01s  -----R--    0  Y   Y  1.00  0.18 1.00 -  |   480.1    441.9  0.00 | -1.0  0.0 0   0   0  0  1  0
  - 5.90s  -----R--    0  Y   Y  1.00  0.24 1.00 -  |   480.1    441.9  0.00 | -1.0  0.0 0   0   0  0  1  0
  - 5.80s  --------    0  Y   Y  1.00  0.29 1.00 -  |   480.1    441.9  0.00 | -1.0  0.0 0   0   0  0  1  0
  - 5.68s  --------    0  Y   Y  1.00  0.10 1.00 -  |   479.3    441.6  0.00 | -1.0  0.0 0   0   0  0  1  0
  - 5.58s  --------    0  Y   Y  1.00  0.20 1.00 -  |   478.6    441.4  0.00 |  0.0  0.0 0   0   0  0  1  0
  - 5.47s  --------    0  Y   Y  1.00  0.31 1.00 -  |   478.9    441.5  0.00 |  1.0  0.0 0   0   0  0  1  0
  - 5.35s  --------    0  Y   Y  1.00  0.43 1.00 -  |   479.7    441.7  0.00 |  1.0  0.0 0   0   0  0  1  0
  - 5.24s  --------    0  Y   Y  1.00  0.55 1.00 -  |   480.3    442.0  0.00 |  1.0  0.0 0   0   0  0  1  0
  - 5.13s  -----R--    0  Y   Y  1.00  0.09 1.00 -  |   480.5    442.0  0.00 |  1.0  0.0 0   0   0  0  1  0
  - 5.03s  -----R--    0  Y   Y  1.00  0.14 1.00 -  |   480.5    442.0  0.00 |  1.0  0.0 0   0   0  0  1  0
  - 4.92s  -----R--    0  Y   Y  1.00  0.20 1.00 -  |   480.5    442.0  0.00 |  1.0  0.0 0   0   0  0  1  0
  - 4.81s  -----R--    0  Y   Y  1.00  0.25 1.00 -  |   480.5    442.0  0.00 |  1.0  0.0 0   0   0  0  1  0
  - 4.71s  --------    0  Y   Y  1.00  0.30 1.00 T  |   480.6    442.0  0.00 |  1.0  0.0 0   0   0  0  1  0
  - 4.59s  --------    0  Y   Y  1.00  0.11 1.00 -  |   481.4    442.3  0.00 |  1.0  0.0 0   0   0  0  1  0
  - 4.47s  --------    0  Y   Y  1.00  0.23 1.00 -  |   482.2    442.5  0.00 |  1.0  0.0 0   0   0  0  1  0
  - 4.35s  --------    0  Y   Y  1.00  0.35 1.00 -  |   483.0    442.8  0.00 |  1.0  0.0 0   0   0  0  1  0
  - 4.25s  --------    0  Y   Y  1.00  0.45 1.00 -  |   483.7    443.0  0.00 |  1.0  0.0 0   0   0  0  1  0
  - 4.13s  --------    0  Y   Y  1.00  0.57 1.00 -  |   484.5    443.3  0.00 |  1.0  0.0 0   0   0  0  1  0
  - 4.01s  --------    0  Y   Y  1.00  0.69 1.00 -  |   485.0    443.4  0.00 | -1.0  0.0 0   0   0  0  1  0
  - 3.90s  --------    0  Y   Y  1.00  0.80 1.00 -  |   484.3    443.2  0.00 | -1.0  0.0 0   0   0  0  1  0
  - 3.80s  --------    0  Y   Y  1.00  0.90 1.00 -  |   483.7    443.0  0.00 | -1.0  0.0 0   0   0  0  1  0
  - 3.69s  -----R--    0  Y   Y  1.00  0.07 1.00 -  |   483.5    443.0  0.00 | -1.0  0.0 0   0   0  0  1  0
  - 3.58s  -----R--    0  Y   Y  1.00  0.11 1.00 -  |   483.5    443.0  0.00 | -1.0  0.0 0   0   0  0  1  0
  - 3.48s  -----R--    0  Y   Y  1.00  0.15 1.00 -  |   483.5    443.0  0.00 | -1.0  0.0 0   0   0  0  1  0
  - 3.37s  -----R--    0  Y   Y  1.00  0.20 1.00 -  |   483.5    443.0  0.00 | -1.0  0.0 0   0   0  0  1  0
  - 3.25s  -----R--    0  Y   Y  1.00  0.24 1.00 -  |   483.5    443.0  0.00 | -1.0  0.0 0   0   0  0  1  0
  - 3.15s  -----R--    0  Y   Y  1.00  0.28 1.00 -  |   483.5    443.0  0.00 | -1.0  0.0 0   0   0  0  1  0
  - 3.05s  -----R--    0  Y   Y  1.00  0.32 1.00 -  |   483.5    443.0  0.00 |  0.0  0.0 0   0   0  0  0  0
  - 2.95s  -----R--    0  Y   Y  1.00  0.36 1.00 -  |   483.5    443.0  0.00 |  0.0  0.0 0   0   0  0  0  0
  - 2.85s  -----R--    0  Y   Y  1.00  0.40 1.00 -  |   483.5    443.0  0.00 |  0.0  0.0 0   0   0  0  0  0
  - 2.74s  -----R--    0  Y   Y  1.00  0.44 1.00 -  |   483.5    443.0  0.00 |  0.0  0.0 0   0   0  0  0  0
  - 2.62s  -----R--    0  Y   Y  1.00  0.49 1.00 -  |   483.5    443.0  0.00 |  0.0  0.0 0   0   0  0  0  0
  - 2.50s  -----R--    0  Y   Y  1.00  0.54 1.00 -  |   483.5    443.0  0.00 |  0.0  0.0 0   0   0  0  0  0
  - 2.39s  -----R--    0  Y   Y  1.00  0.58 1.00 -  |   483.5    443.0  0.00 |  0.0  0.0 0   0   0  0  0  0
  - 2.27s  -----R--    0  Y   Y  1.00  0.63 1.00 -  |   483.5    443.0  0.00 |  0.0  0.0 0   0   0  0  0  0
  - 2.16s  -----R--    0  Y   Y  1.00  0.67 1.00 -  |   483.5    443.0  0.00 |  0.0  0.0 0   0   0  0  0  0
  - 2.06s  -----R--    0  Y   Y  1.00  0.71 1.00 -  |   483.5    443.0  0.00 |  0.0  0.0 0   0   0  0  0  0
  - 1.94s  --------    0  Y   Y  1.00  0.76 1.00 T  |   483.5    443.0  0.00 |  0.0  0.0 0   0   0  0  0  0
  - 1.83s  --------    0  Y   Y  1.00  0.13 1.00 -  |   483.5    443.0  0.00 |  0.0  0.0 0   0   0  0  0  0
  - 1.72s  --------    0  Y   Y  1.00  0.24 1.00 -  |   483.5    443.0  0.00 |  0.0  0.0 0   0   0  0  0  0
  - 1.61s  --------    0  Y   Y  1.00  0.34 1.00 -  |   483.5    443.0  0.00 |  0.0  0.0 0   0   0  0  0  0
  - 1.50s  --------    0  Y   Y  1.00  0.46 1.00 -  |   483.5    443.0  0.00 |  0.0  0.0 0   0   0  0  0  0
  - 1.40s  --------    0  Y   Y  1.00  0.55 1.00 -  |   483.5    443.0  0.00 |  0.0  0.0 0   0   0  0  0  0
  - 1.29s  --------    0  Y   Y  1.00  0.65 1.00 -  |   483.5    443.0  0.00 |  0.0  0.0 0   0   0  0  0  0
  - 1.18s  --------    0  Y   Y  1.00  0.78 1.00 -  |   483.5    443.0  0.00 |  0.0  0.0 0   0   0  0  0  0
  - 1.07s  --------    0  Y   Y  1.00  0.89 1.00 -  |   483.5    443.0  0.00 |  0.0  0.0 0   0   0  0  0  0
  - 0.95s  --------    0  Y   Y  1.00  1.00 1.00 -  |   483.5    443.0  0.00 |  0.0  0.0 0   0   0  0  0  0
  - 0.85s  --------    0  Y   Y  1.00  1.11 1.00 -  |   483.5    443.0  0.00 |  0.0  0.0 0   0   0  0  0  0
  - 0.74s  --------    0  Y   Y  1.00  1.22 1.00 -  |   483.5    443.0  0.00 |  0.0  0.0 0   0   0  0  0  0
  - 0.64s  --------    0  Y   Y  1.00  1.32 1.00 -  |   483.5    443.0  0.00 |  0.0  0.0 0   0   0  0  0  0
  - 0.52s  --------    0  Y   Y  1.00  1.44 1.00 -  |   483.5    443.0  0.00 |  0.0  0.0 0   0   0  0  0  0
  - 0.42s  --------    0  Y   Y  1.00  1.54 1.00 -  |   483.5    443.0  0.00 |  0.0  0.0 0   0   0  0  0  0
  - 0.31s  -----R--    0  Y   Y  1.00  1.64 1.00 -  |   483.4    442.9  0.00 | -1.0  0.0 0   0   0  0  0  0
  - 0.20s  -----R--    0  Y   Y  1.00  0.16 1.00 -  |   483.4    442.9  0.00 | -1.0  0.0 0   0   0  0  0  0
  - 0.09s  -----R--    0  Y   Y  1.00  0.25 1.00 -  |   483.4    442.9  0.00 |  0.0  0.0 0   0   0  0  0  0
=========================================================== END

[  1364   38.927 x1.00] LOG  [OniBoss] Attack → Recovery
[  1364   38.927 x1.00] LOG  [OniBoss] Playing animation: Watch
[  1364   38.927 x1.00] LOG  [OniBoss:Trail] trail END at clip 0.99, fading over 0.40s.
[  1364   38.927 x1.00] LOG  [OniBoss:Strike] Club_Swing: club tip closest to Yoru at 1.40m, clip position 0.92 | damage fires at 0.42 | clip 0.84s => damage fires 417 ms BEFORE the club is closest
[  1373   39.086 x1.00] LOG  [OniBoss] Recovery → Chase
[  1374   39.106 x1.00] LOG  [OniBoss] hold-ground: BACKSTEP 1.5m (player 2.9m)
[  1414   39.789 x1.00] LOG  [OniBoss] hold-ground: backstep done (1.09m), WATCH (player 4.4m, cooldown 1.1s)
[  1414   39.789 x1.00] LOG  [OniBoss] Playing animation: Watch
[  1420   39.908 x1.00] LOG  [OniBoss] Playing animation: run
[  1469   40.888 x1.00] LOG  [OniBoss] Pull-band decision: RUN-IN (dist 4.5m, pullRange 0m, chance 0.50)
[  1478   41.069 x1.00] LOG  [OniBoss] Playing animation: Watch
[  1478   41.069 x1.00] LOG  [OniBoss] Chase → Attack
[  1478   41.069 x1.00] LOG  [OniBoss] Attack: ClubSlam (20 dmg)
[  1478   41.069 x1.00] LOG  [OniBoss:Trail] ClubSlam trail START at clip 1.00 (transition done).
[  1480   41.109 x1.00] LOG  🐾 4-LEG JUMP #0
[  1480   41.109 x1.00] LOG  🐾 Jump 1 VFX spawned!
[  1486   41.229 x1.00] LOG  [ComboTrace] LAUNCH OniBoss at 1.2m dist=1.22m in 0.13s [AIRBORNE]
[  1486   41.229 x1.00] LOG  [Combat] Aerial spin — 25 dmg
[  1486   41.229 x1.00] LOG  OniBoss took 10 damage. HP: 470/500
[  1486   41.229 x1.00] LOG  [OniBoss] 🤕 Hit during Attack — flash only
[  1486   41.229 x1.00] LOG  [CameraGameFeel] Shake: intensity=1.00 duration=0.200s
[  1486   41.229 x1.00] LOG  [CameraGameFeel] FOV punch: hit light (+1.5°)
[  1486   41.229 x1.00] LOG  [AirPosePin] engaged, holding body at 0.544m above the transform
[  1493   41.369 x1.00] LOG  [ComboTrace] LAUNCH RESULT wanted=1.22m actually moved=0.93m — completed
[  1494   41.388 x1.00] LOG  OniBoss took 10 damage. HP: 460/500
[  1494   41.388 x1.00] LOG  [OniBoss] 🤕 Hit during Attack — flash only
[  1494   41.388 x1.00] LOG  [CameraGameFeel] Shake: intensity=0.35 duration=0.200s
[  1502   41.549 x1.00] LOG  OniBoss took 10 damage. HP: 450/500
[  1502   41.549 x1.00] LOG  [OniBoss] 🤕 Hit during Attack — flash only
[  1502   41.549 x1.00] LOG  [OniBoss] Attack → Stagger
[  1502   41.549 x1.00] LOG  [OniBoss] Playing animation: Stagger
[  1502   41.549 x1.00] LOG  [OniBoss] STAGGERED for 2.5s
[  1502   41.549 x1.00] LOG  [OniBoss:Layer] heavy knock-back react (swirl burst, 3 hits / 30 dmg) → 'HitReact_Heavy', down for 1.80s
[  1502   41.549 x1.00] LOG  [OniBoss:Layer] burst: 3 hits / 30 dmg inside 0.8s → knock-back + 0.90m push
[  1502   41.549 x1.00] LOG  [CameraGameFeel] Shake: intensity=0.35 duration=0.200s
[  1502   41.549 x1.00] LOG  [OniBoss:Touch] ClubSlam: no touch this swing — closest 1.42m at clip 0.41, fastest tip 130m/s (radius 0.70, min speed 50).
[  1502   41.549 x1.00] LOG  [OniBoss:Strike] ClubSlam: club tip closest to Yoru at 4.22m, clip position 0.43 | damage fires at 0.85 | clip 0.93s => damage fires 388 ms AFTER the club is closest — it lands once the club has passed her
[  1503   41.569 x1.00] LOG  [OniBoss:Trail] trail END at clip 0.44, fading over 0.40s.
[  1510   41.709 x1.00] LOG  OniBoss punish window! 10 → 15 (x1.5)
[  1510   41.709 x1.00] LOG  OniBoss took 15 damage. HP: 435/500
[  1510   41.709 x1.00] LOG  [CameraGameFeel] Shake: intensity=0.35 duration=0.200s
[  1524   41.988 x1.00] LOG  [ComboTrace] END step=3 clipProgress=0.91 clipLen=0.79s queued=0 elapsed=0.76s
[  1525   42.009 x1.00] LOG  [AirPosePin] released, peak correction was -0.139m
[  1527   42.048 x1.00] LOG  💨 Landing VFX spawned!
[  1527   42.048 x1.00] LOG  ✅ LANDED! (was jump #1)
[  1582   43.089 x1.00] LOG  
==================== [FREEZE-DEBUG v3] ====================
  Reason : WASD-NOMOVE: WASD recent + speed 0.00m/s for 0.40s
  Time   : 28.254s   Frame: 1582   Snaps: 60
===========================================================

--- CURRENT STATE ---
  Flags: atk=False hvy=False dod=False dsh=False
         grd=False hit=False aerial=False lockPos=False
         comboStep=3
  Anim : speed=1.00  combatLayer hash=-792875657 normT=1.061 weight=1.00 inTransition=False
  CC   : grounded=True  enabled=True  pos=(484.12, -0.02, 441.81)  vel=(0.00, 0.00, 0.00)
  Move : IsRunning=True
  Input: H=-1.00 V=-1.00  LMB=False MMB=False Q=False Sp=False Sh=True C=False
         WASD pressed in last 0.5s: True (last 0.00s ago)

--- FLIGHT RECORDER (60 snapshots, oldest first, dt=0.10s) ---
  Legend: flags = A(tk) H(vy) D(od) S(sh) G(rd) R(eact) Y(aerial) L(ock)   gnd/cc: Y/n
  t-now    flags     step gnd cc anSp normT layW tr | posX     posZ     spd   | H    V    LMB MMB Q  Sp Sh C
  ------   --------  ---- --- -- ---- ----- ---- -- | -----    -----    ----  | ---- ---- --- --- -- -- -- -
  - 6.52s  -----R--    0  Y   Y  1.00  0.67 1.00 -  |   483.5    443.0  0.00 |  0.0  0.0 0   0   0  0  0  0
  - 6.42s  -----R--    0  Y   Y  1.00  0.71 1.00 -  |   483.5    443.0  0.00 |  0.0  0.0 0   0   0  0  0  0
  - 6.30s  --------    0  Y   Y  1.00  0.76 1.00 T  |   483.5    443.0  0.00 |  0.0  0.0 0   0   0  0  0  0
  - 6.19s  --------    0  Y   Y  1.00  0.13 1.00 -  |   483.5    443.0  0.00 |  0.0  0.0 0   0   0  0  0  0
  - 6.07s  --------    0  Y   Y  1.00  0.24 1.00 -  |   483.5    443.0  0.00 |  0.0  0.0 0   0   0  0  0  0
  - 5.97s  --------    0  Y   Y  1.00  0.34 1.00 -  |   483.5    443.0  0.00 |  0.0  0.0 0   0   0  0  0  0
  - 5.86s  --------    0  Y   Y  1.00  0.46 1.00 -  |   483.5    443.0  0.00 |  0.0  0.0 0   0   0  0  0  0
  - 5.76s  --------    0  Y   Y  1.00  0.55 1.00 -  |   483.5    443.0  0.00 |  0.0  0.0 0   0   0  0  0  0
  - 5.65s  --------    0  Y   Y  1.00  0.65 1.00 -  |   483.5    443.0  0.00 |  0.0  0.0 0   0   0  0  0  0
  - 5.54s  --------    0  Y   Y  1.00  0.78 1.00 -  |   483.5    443.0  0.00 |  0.0  0.0 0   0   0  0  0  0
  - 5.43s  --------    0  Y   Y  1.00  0.89 1.00 -  |   483.5    443.0  0.00 |  0.0  0.0 0   0   0  0  0  0
  - 5.31s  --------    0  Y   Y  1.00  1.00 1.00 -  |   483.5    443.0  0.00 |  0.0  0.0 0   0   0  0  0  0
  - 5.20s  --------    0  Y   Y  1.00  1.11 1.00 -  |   483.5    443.0  0.00 |  0.0  0.0 0   0   0  0  0  0
  - 5.09s  --------    0  Y   Y  1.00  1.22 1.00 -  |   483.5    443.0  0.00 |  0.0  0.0 0   0   0  0  0  0
  - 4.99s  --------    0  Y   Y  1.00  1.32 1.00 -  |   483.5    443.0  0.00 |  0.0  0.0 0   0   0  0  0  0
  - 4.88s  --------    0  Y   Y  1.00  1.44 1.00 -  |   483.5    443.0  0.00 |  0.0  0.0 0   0   0  0  0  0
  - 4.78s  --------    0  Y   Y  1.00  1.54 1.00 -  |   483.5    443.0  0.00 |  0.0  0.0 0   0   0  0  0  0
  - 4.67s  -----R--    0  Y   Y  1.00  1.64 1.00 -  |   483.4    442.9  0.00 | -1.0  0.0 0   0   0  0  0  0
  - 4.56s  -----R--    0  Y   Y  1.00  0.16 1.00 -  |   483.4    442.9  0.00 | -1.0  0.0 0   0   0  0  0  0
  - 4.45s  -----R--    0  Y   Y  1.00  0.25 1.00 -  |   483.4    442.9  0.00 |  0.0  0.0 0   0   0  0  0  0
  - 4.34s  -----R--    0  Y   Y  1.00  0.34 1.00 -  |   483.4    442.9  0.00 |  0.0  0.0 0   0   0  0  0  0
  - 4.23s  -----R--    0  Y   Y  1.00  0.44 1.00 -  |   483.4    442.9  0.00 |  0.0  0.0 0   0   0  0  0  0
  - 4.12s  --------    0  Y   Y  1.00  0.52 1.00 T  |   483.4    442.9  0.00 |  0.0  0.0 0   0   0  0  0  0
  - 4.00s  --------    0  Y   Y  1.00  0.16 1.00 -  |   483.4    442.9  0.00 |  0.0  0.0 0   0   0  0  0  0
  - 3.89s  --------    0  Y   Y  1.00  0.27 1.00 -  |   483.4    442.9  0.00 |  0.0  0.0 0   0   0  0  0  0
  - 3.79s  --------    0  Y   Y  1.00  0.38 1.00 -  |   483.4    442.9  0.00 |  0.0  0.0 0   0   0  0  0  0
  - 3.68s  --------    0  Y   Y  1.00  0.48 1.00 -  |   483.4    442.9  0.00 |  0.0  0.0 0   0   0  0  0  0
  - 3.58s  --------    0  Y   Y  1.00  0.58 1.00 -  |   483.4    442.9  0.00 |  0.0 -1.0 0   0   0  0  0  0
  - 3.48s  --------    0  Y   Y  1.00  0.69 1.00 -  |   483.5    442.8  0.00 |  0.0 -1.0 0   0   0  0  0  0
  - 3.36s  --------    0  Y   Y  1.00  0.80 1.00 -  |   483.5    442.6  0.00 |  0.0 -1.0 0   0   0  0  0  0
  - 3.24s  --------    0  Y   Y  1.00  0.92 1.00 -  |   483.6    442.3  0.00 |  0.0 -1.0 0   0   0  0  1  0
  - 3.14s  --------    0  Y   Y  1.00  1.02 1.00 -  |   483.8    441.7  0.00 |  0.0 -1.0 0   0   0  0  1  0
  - 3.02s  --------    0  Y   Y  1.00  1.14 1.00 -  |   484.1    440.9  0.00 |  0.0  0.0 0   0   0  0  1  0
  - 2.90s  --------    0  Y   Y  1.00  1.26 1.00 -  |   484.2    440.0  0.00 | -1.0 -1.0 0   0   0  0  1  0
  - 2.78s  --------    0  Y   Y  1.00  1.38 1.00 -  |   484.1    439.2  0.00 | -1.0 -1.0 0   0   0  0  1  0
  - 2.68s  --------    0  Y   Y  1.00  1.48 1.00 -  |   484.0    438.9  0.00 |  1.0  0.0 0   0   0  0  0  0
  - 2.56s  --------    0  Y   Y  1.00  1.60 1.00 -  |   484.2    438.7  0.00 |  1.0  0.0 0   0   0  0  0  0
  - 2.46s  --------    0  Y   Y  1.00  1.70 1.00 -  |   484.3    438.7  0.00 |  1.0  0.0 0   0   0  0  0  0
  - 2.34s  --------    0  Y   Y  1.00  1.82 1.00 -  |   484.6    438.7  0.00 |  1.0  0.0 0   0   0  0  0  0
  - 2.22s  --------    0  Y   Y  1.00  1.94 1.00 -  |   484.8    438.8  0.00 |  0.0  1.0 0   0   0  0  0  0
  - 2.12s  --------    0  Y   Y  1.00  2.04 1.00 -  |   484.9    439.0  0.00 |  0.0  1.0 0   0   0  0  0  0
  - 2.02s  --------    0  Y   Y  1.00  2.14 1.00 -  |   485.0    439.4  0.00 |  0.0  1.0 0   0   0  0  1  0
  - 1.92s  --------    0  n   Y  1.00  2.24 1.00 -  |   484.8    440.0  0.00 |  0.0  1.0 1   0   0  1  1  0
  - 1.82s  A-----Y-    3  n   Y  0.00  2.30 1.00 T  |   484.3    440.6  0.00 |  0.0  1.0 0   0   0  0  1  0
  - 1.70s  A-----Y-    3  n   Y  1.00  0.13 1.00 -  |   484.4    441.1  0.00 |  0.0  0.0 0   0   0  0  1  0
  - 1.60s  A-----Y-    3  n   Y  1.00  0.25 1.00 -  |   484.4    441.6  0.00 |  0.0  0.0 0   0   0  0  0  0
  - 1.48s  A-----Y-    3  n   Y  1.00  0.40 1.00 -  |   484.3    442.1  0.00 |  0.0  0.0 0   0   0  0  0  0
  - 1.36s  A-----Y-    3  n   Y  1.00  0.55 1.00 -  |   484.1    442.6  0.00 |  0.0  0.0 0   0   0  0  0  0
  - 1.26s  A-----Y-    3  n   Y  1.00  0.68 1.00 -  |   484.0    443.0  0.00 |  0.0  0.0 0   0   0  0  0  0
  - 1.14s  A-----Y-    3  n   Y  1.00  0.83 1.00 -  |   483.8    443.5  0.00 |  0.0  0.0 0   0   0  0  0  0
  - 1.02s  --------    3  Y   Y  1.00  0.98 1.00 T  |   483.7    444.0  0.00 |  0.0  0.0 0   0   0  0  0  0
  - 0.92s  --------    3  Y   Y  1.00  0.15 1.00 -  |   483.7    444.0  0.00 |  0.0  0.0 0   0   0  0  0  0
  - 0.80s  --------    3  Y   Y  1.00  0.26 1.00 -  |   483.7    444.0  0.00 |  0.0  0.0 0   0   0  0  0  0
  - 0.70s  --------    3  Y   Y  1.00  0.36 1.00 -  |   483.7    443.9  0.00 |  0.0 -1.0 0   0   0  0  0  0
  - 0.58s  --------    3  Y   Y  1.00  0.48 1.00 -  |   483.8    443.6  0.00 |  0.0 -1.0 0   0   0  0  0  0
  - 0.48s  --------    3  Y   Y  1.00  0.58 1.00 -  |   483.8    443.4  0.00 |  0.0 -1.0 0   0   0  0  0  0
  - 0.36s  --------    3  Y   Y  1.00  0.70 1.00 -  |   483.9    443.2  0.00 |  0.0 -1.0 0   0   0  0  0  0
  - 0.24s  --------    3  Y   Y  1.00  0.82 1.00 -  |   484.0    443.0  0.00 |  0.0 -1.0 0   0   0  0  0  0
  - 0.14s  --------    3  Y   Y  1.00  0.92 1.00 -  |   484.0    442.8  0.00 | -1.0 -1.0 0   0   0  0  1  0
  - 0.02s  --------    3  Y   Y  1.00  1.04 1.00 -  |   484.1    442.0  0.00 | -1.0 -1.0 0   0   0  0  1  0
=========================================================== END

[  1588   43.209 x1.00] LOG  🐾 4-LEG JUMP #0
[  1588   43.209 x1.00] LOG  🐾 Jump 1 VFX spawned!
[  1594   43.329 x1.00] LOG  [StormWeather] ⚡ strike at (472.98, 45.00, 441.68)
[  1595   43.349 x1.00] LOG  [OniBoss] Stagger → Chase
[  1596   43.369 x1.00] LOG  [OniBoss] Playing animation: Watch
[  1596   43.369 x1.00] LOG  [OniBoss] Chase → Attack
[  1596   43.369 x1.00] LOG  [OniBoss] Attack: Club_Swing (16 dmg)
[  1596   43.369 x1.00] LOG  [OniBoss:Trail] Club_Swing trail START at clip 1.00 (transition done).
[  1605   43.550 x1.00] LOG  [ComboTrace] LAUNCH OniBoss at 0.9m dist=0.90m in 0.13s [AIRBORNE]
[  1605   43.550 x1.00] LOG  [Combat] Aerial spin — 25 dmg
[  1605   43.550 x1.00] LOG  OniBoss took 10 damage. HP: 425/500
[  1605   43.550 x1.00] LOG  [OniBoss] 🤕 Hit during Attack — flash only
[  1605   43.550 x1.00] LOG  [CameraGameFeel] Shake: intensity=1.00 duration=0.200s
[  1605   43.550 x1.00] LOG  [CameraGameFeel] FOV punch: hit light (+1.5°)
[  1605   43.550 x1.00] LOG  [AirPosePin] engaged, holding body at 1.037m above the transform
[  1612   43.689 x1.00] LOG  [ComboTrace] LAUNCH RESULT wanted=0.90m actually moved=0.73m — completed
[  1613   43.710 x1.00] LOG  OniBoss took 10 damage. HP: 415/500
[  1613   43.710 x1.00] LOG  [OniBoss] 🤕 Hit during Attack — flash only
[  1613   43.710 x1.00] LOG  [CameraGameFeel] Shake: intensity=0.35 duration=0.200s
[  1615   43.751 x1.00] LOG  [CameraGameFeel] Shake: intensity=0.20 duration=0.250s
[  1615   43.751 x1.00] LOG  [Combat] Hit react: HitReact_Light_2Leg (0.5s)
[  1615   43.751 x1.00] LOG  [HitReactTrace] asked for 'HitReact_Light_2Leg' (0.50s) — blend resolved after 0 ms, now playing a clip 0.79s long at speed 0.80, layer weight 1.00, animator.speed 1.00.
[  1615   43.751 x1.00] LOG  [CameraGameFeel] Shake: intensity=0.60 duration=0.200s
[  1615   43.751 x1.00] LOG  [CameraGameFeel] FOV punch: player damage (-2.0°)
[  1615   43.751 x1.00] LOG  [OniBoss] Hit player for 16 (Club_Swing)
[  1615   43.751 x1.00] LOG  [OniBoss:Touch] Club_Swing: club TOUCHED Yoru at clip 0.39 — shaft 0.55m from her body line, tip speed 169m/s. Full club hit delivered this frame.
[  1618   43.810 x1.00] LOG  [OniBoss:ClubPos] Club_Swing at strike: club tip 3.04m up, 1.76m in front, -3.22m to his right (3.68m out from his centre). Club faces -98deg from his forward, pitch 0.41. (the ground wave is born 1.6m in front of him at 0.35m.)
[  1618   43.810 x1.00] LOG  [OniBoss:Layer] Club_Swing: club already hit — ground wave released as VISUAL only (0 damage).
[  1635   44.149 x1.00] LOG  💨 Landing VFX spawned!
[  1635   44.149 x1.00] LOG  [AirPosePin] released, peak correction was 0.343m
[  1642   44.267 x1.00] LOG  ✅ LANDED! (was jump #0)
[  1643   44.283 x1.00] LOG  [OniBoss] Attack → Recovery
[  1643   44.283 x1.00] LOG  [OniBoss] Playing animation: Watch
[  1643   44.283 x1.00] LOG  [OniBoss:Trail] trail END at clip 1.00, fading over 0.40s.
[  1643   44.283 x1.00] LOG  [OniBoss:Strike] Club_Swing: club tip closest to Yoru at 1.62m, clip position 1.00 | damage fires at 0.42 | clip 0.84s => damage fires 486 ms BEFORE the club is closest
[  1652   44.435 x1.00] LOG  [OniBoss] Recovery → Chase
[  1653   44.452 x1.00] LOG  [OniBoss] hold-ground: BACKSTEP 1.5m (player 3.6m)
[  1672   44.818 x1.00] LOG  [Combat] Combo 1: 10 dmg
[  1672   44.818 x1.00] LOG  [ComboTrace] START step=1 state='Combo1' queued=0 target='OniBoss' at 5.5m
[  1672   44.818 x1.00] LOG  [ComboTrace] LAUNCH OniBoss at 2.7m dist=2.74m in 0.27s
[  1686   45.099 x1.00] LOG  [ComboTrace] LAUNCH RESULT wanted=2.74m actually moved=2.48m — completed
[  1704   45.402 x1.00] LOG  [OniBoss] hold-ground: backstep done (1.52m), WATCH (player 2.5m, cooldown 0.8s)
[  1704   45.402 x1.00] LOG  [OniBoss] Playing animation: Watch
[  1706   45.434 x1.00] LOG  OniBoss took 10 damage. HP: 405/500
[  1706   45.434 x1.00] LOG  [OniBoss] Chase → HitReact
[  1706   45.434 x1.00] LOG  [OniBoss:Layer] react tier: LIGHT (10 dmg) → 'Hit_react_light'
[  1706   45.434 x1.00] LOG  [Combat] Hit OniBoss for 10
[  1706   45.434 x1.00] LOG  [CameraGameFeel] Shake: intensity=1.00 duration=0.200s
[  1706   45.434 x1.00] LOG  [CameraGameFeel] FOV punch: hit light (+1.5°)
[  1717   45.621 x1.00] LOG  🐾 VFX_AttackPaw triggered!
[  1734   45.902 x1.00] LOG  [ComboTrace] END step=1 clipProgress=0.85 clipLen=1.23s queued=0 elapsed=1.08s
[  1755   46.237 x1.00] LOG  [OniBoss] HitReact → Chase
[  1756   46.252 x1.00] LOG  [OniBoss] Playing animation: Watch
[  1756   46.252 x1.00] LOG  [OniBoss] Combo started: ClubSwing1 → ClubSwing2 → ClubSlam (3 steps remaining)
[  1756   46.252 x1.00] LOG  [OniBoss] Chase → Attack
[  1756   46.252 x1.00] LOG  [OniBoss] Attack: Club_Swing (16 dmg)
[  1756   46.252 x1.00] LOG  [OniBoss:Trail] Club_Swing trail START at clip 1.00 (transition done).
[  1766   46.418 x1.00] LOG  🚶 2-LEG JUMP
[  1766   46.418 x1.00] LOG  🐾 Jump 1 VFX spawned!
[  1773   46.549 x1.00] LOG  [CameraGameFeel] Shake: intensity=0.20 duration=0.250s
[  1773   46.549 x1.00] LOG  [Combat] Hit react: HitReact_Light_2Leg (0.5s)
[  1773   46.549 x1.00] LOG  [HitReactTrace] asked for 'HitReact_Light_2Leg' (0.50s) — blend resolved after 0 ms, now playing a clip 1.00s long at speed 1.00, layer weight 1.00, animator.speed 1.00.
[  1773   46.549 x1.00] LOG  [CameraGameFeel] Shake: intensity=0.60 duration=0.200s
[  1773   46.549 x1.00] LOG  [CameraGameFeel] FOV punch: player damage (-2.0°)
[  1773   46.549 x1.00] LOG  [OniBoss] Hit player for 16 (Club_Swing)
[  1773   46.549 x1.00] LOG  [OniBoss:Touch] Club_Swing: club TOUCHED Yoru at clip 0.35 — shaft 0.16m from her body line, tip speed 155m/s, ONE FRAME EARLY (predicted). Full club hit delivered this frame.
[  1774   46.570 x1.00] LOG  [AirPosePin] engaged, holding body at 0.610m above the transform
[  1777   46.629 x1.00] LOG  [OniBoss:ClubPos] Club_Swing at strike: club tip 3.03m up, 2.13m in front, -3.12m to his right (3.78m out from his centre). Club faces -90deg from his forward, pitch 0.41. (the ground wave is born 1.6m in front of him at 0.35m.)
[  1777   46.629 x1.00] LOG  [OniBoss:Layer] Club_Swing: club already hit — ground wave released as VISUAL only (0 damage).
[  1799   47.060 x1.00] LOG  [AirPosePin] released, peak correction was -0.043m
[  1801   47.099 x1.00] LOG  [OniBoss] Attack → Recovery
[  1801   47.099 x1.00] LOG  [OniBoss] Playing animation: Watch
[  1801   47.099 x1.00] LOG  [OniBoss:Trail] trail END at clip 0.99, fading over 0.40s.
[  1801   47.099 x1.00] LOG  [OniBoss:Strike] Club_Swing: club tip closest to Yoru at 1.68m, clip position 0.99 | damage fires at 0.42 | clip 0.84s => damage fires 478 ms BEFORE the club is closest
[  1809   47.260 x1.00] LOG  [OniBoss] Recovery → Attack
[  1809   47.260 x1.00] LOG  [OniBoss] Attack: ClubSwing2 (16 dmg)
[  1809   47.260 x1.00] LOG  [OniBoss:Trail] ClubSwing2 trail START at clip 1.00 (transition still blending).
[  1814   47.360 x1.00] LOG  💨 Landing VFX spawned!
[  1814   47.360 x1.00] LOG  ✅ LANDED! (was jump #1)
[  1829   47.608 x1.00] LOG  [CameraGameFeel] Shake: intensity=0.20 duration=0.250s
[  1829   47.608 x1.00] LOG  [Combat] Hit react: HitReact_Light_2Leg (0.5s)
[  1829   47.608 x1.00] LOG  [HitReactTrace] asked for 'HitReact_Light_2Leg' (0.50s) — blend resolved after 0 ms, now playing a clip 1.00s long at speed 1.00, layer weight 1.00, animator.speed 1.00.
[  1829   47.608 x1.00] LOG  [CameraGameFeel] Shake: intensity=0.60 duration=0.200s
[  1829   47.608 x1.00] LOG  [CameraGameFeel] FOV punch: player damage (-2.0°)
[  1829   47.608 x1.00] LOG  [OniBoss] Hit player for 20 (ClubSwing2) [combo x1.25]
[  1829   47.608 x1.00] LOG  [OniBoss:Touch] ClubSwing2: club TOUCHED Yoru at clip 0.30 — shaft 0.65m from her body line, tip speed 103m/s, ONE FRAME EARLY (predicted). Full club hit delivered this frame.
[  1832   47.658 x1.00] LOG  [OniBoss:ClubPos] ClubSwing2 at strike: club tip 0.31m up, 1.40m in front, 2.89m to his right (3.21m out from his centre). Club faces 28deg from his forward, pitch -0.89. (the ground wave is born 1.6m in front of him at 0.35m.)
[  1832   47.658 x1.00] LOG  [OniBoss:Layer] ClubSwing2: club already hit — ground wave released as VISUAL only (0 damage).
[  1876   48.438 x1.00] LOG  [OniBoss] Attack → Recovery
[  1876   48.438 x1.00] LOG  [OniBoss] Playing animation: Watch
[  1876   48.438 x1.00] LOG  [OniBoss:Trail] trail END at clip 0.99, fading over 0.40s.
[  1876   48.438 x1.00] LOG  [OniBoss:Strike] ClubSwing2: club tip closest to Yoru at 0.94m, clip position 0.74 | damage fires at 0.32 | clip 1.17s => damage fires 485 ms BEFORE the club is closest
[  1885   48.600 x1.00] LOG  [OniBoss] Recovery → Attack
[  1885   48.600 x1.00] LOG  [OniBoss] Attack: ClubSlam (20 dmg)
[  1885   48.600 x1.00] LOG  [OniBoss:Trail] ClubSlam trail START at clip 1.00 (transition still blending).
[  1930   49.402 x1.00] LOG  [OniBoss:ClubPos] ClubSlam at strike: club tip 0.54m up, 2.91m in front, -0.13m to his right (2.91m out from his centre). Club faces 7deg from his forward, pitch -0.26. (the ground wave is born 1.6m in front of him at 0.35m.)
[  1930   49.402 x1.00] LOG  [OniBoss:Layer] ClubSlam: club has not connected — ground wave released ARMED, 1.6m in front, 12m/s x 12.0m = 1.00s, COMBO FINISHER: FULL 30 damage, x2.0 size, x2.0 travel.
[  1931   49.418 x1.00] LOG  [Combat] Hit react: HitReact_Light_2Leg (0.5s)
[  1931   49.418 x1.00] LOG  [HitReactTrace] asked for 'HitReact_Light_2Leg' (0.50s) — blend resolved after 0 ms, now playing a clip 1.00s long at speed 1.00, layer weight 1.00, animator.speed 1.00.
[  1931   49.418 x1.00] LOG  [CameraGameFeel] Shake: intensity=0.60 duration=0.200s
[  1931   49.418 x1.00] LOG  [CameraGameFeel] FOV punch: player damage (-2.0°)
[  1931   49.418 x1.00] LOG  [OniBoss:Wave] wave TOUCHED Yoru (grounded) for 30 after 0.2m / 0.02s of travel.
[  1938   49.532 x1.00] LOG  [OniBoss] Attack → Recovery
[  1938   49.532 x1.00] LOG  [OniBoss] Playing animation: Watch
[  1938   49.532 x1.00] LOG  [OniBoss:Trail] trail END at clip 0.99, fading over 0.40s.
[  1938   49.532 x1.00] LOG  [OniBoss:Strike] ClubSlam: club tip closest to Yoru at 0.28m, clip position 0.96 | damage fires at 0.85 | clip 0.93s => damage fires 101 ms BEFORE the club is closest
[  1946   74.286 x1.00] LOG  [OniBoss] Recovery → Chase
[  1947   74.307 x1.00] LOG  [OniBoss] hold-ground: BACKSTEP 1.5m (player 2.1m)
[  2001   75.246 x1.00] LOG  [OniBoss] hold-ground: backstep done (1.51m), WATCH (player 3.6m, cooldown 0.8s)
[  2001   75.246 x1.00] LOG  [OniBoss] Playing animation: Watch
[  2046   75.963 x1.00] LOG  
==================== [FREEZE-DEBUG v3] ====================
  Reason : WASD-NOMOVE: WASD recent + speed 0.00m/s for 0.40s
  Time   : 36.548s   Frame: 2046   Snaps: 60
===========================================================

--- CURRENT STATE ---
  Flags: atk=False hvy=False dod=False dsh=False
         grd=False hit=False aerial=False lockPos=False
         comboStep=0
  Anim : speed=1.00  combatLayer hash=-792875657 normT=1.445 weight=1.00 inTransition=False
  CC   : grounded=True  enabled=True  pos=(481.75, -0.02, 440.47)  vel=(0.00, 0.00, 0.00)
  Move : IsRunning=False
  Input: H=0.00 V=0.00  LMB=False MMB=False Q=False Sp=False Sh=False C=False
         WASD pressed in last 0.5s: True (last 0.31s ago)

--- FLIGHT RECORDER (60 snapshots, oldest first, dt=0.10s) ---
  Legend: flags = A(tk) H(vy) D(od) S(sh) G(rd) R(eact) Y(aerial) L(ock)   gnd/cc: Y/n
  t-now    flags     step gnd cc anSp normT layW tr | posX     posZ     spd   | H    V    LMB MMB Q  Sp Sh C
  ------   --------  ---- --- -- ---- ----- ---- -- | -----    -----    ----  | ---- ---- --- --- -- -- -- -
  - 6.55s  A-------    1  Y   Y  1.00  0.55 1.00 T  |   481.9    438.1  0.00 |  0.0  0.0 0   0   0  0  0  0
  - 6.44s  A-------    1  Y   Y  1.00  0.08 1.00 -  |   481.8    439.7  0.00 |  0.0  0.0 0   0   0  0  0  0
  - 6.32s  A-------    1  Y   Y  1.00  0.18 1.00 -  |   481.7    440.2  0.00 |  0.0  0.0 0   0   0  0  0  0
  - 6.22s  A-------    1  Y   Y  1.00  0.27 1.00 -  |   481.7    440.3  0.00 |  0.0  0.0 0   0   0  0  0  0
  - 6.11s  A-------    1  Y   Y  1.00  0.35 1.00 -  |   481.7    440.3  0.00 |  0.0  0.0 0   0   0  1  0  0
  - 6.01s  A-------    1  Y   Y  1.00  0.43 1.00 -  |   481.7    440.3  0.00 |  0.0  0.0 0   0   0  1  0  0
  - 5.89s  A-------    1  Y   Y  0.00  0.50 1.00 -  |   481.7    440.3  0.00 |  0.0  0.0 0   0   0  0  0  0
  - 5.79s  A-------    1  Y   Y  1.00  0.59 1.00 -  |   481.7    440.3  0.00 |  0.0  0.0 0   0   0  0  0  0
  - 5.68s  A-------    1  Y   Y  1.00  0.68 1.00 -  |   481.7    440.3  0.00 |  0.0  0.0 0   0   0  0  0  0
  - 5.56s  A-------    1  Y   Y  1.00  0.77 1.00 -  |   481.7    440.3  0.00 |  0.0  0.0 0   0   0  0  0  0
  - 5.45s  --------    1  Y   Y  1.00  0.87 1.00 T  |   481.7    440.3  0.00 |  0.0  0.0 0   0   0  0  0  0
  - 5.34s  --------    1  Y   Y  1.00  0.11 1.00 -  |   481.7    440.3  0.00 |  0.0  0.0 0   0   0  0  0  0
  - 5.23s  --------    1  Y   Y  1.00  0.22 1.00 -  |   481.7    440.3  0.00 |  0.0  0.0 0   0   0  0  0  0
  - 5.13s  --------    1  Y   Y  1.00  0.32 1.00 -  |   481.7    440.3  0.00 |  0.0  0.0 0   0   0  0  0  0
  - 5.03s  --------    1  Y   Y  1.00  0.42 1.00 -  |   481.7    440.3  0.00 |  0.0  0.0 0   0   0  0  0  0
  - 4.93s  --------    1  n   Y  1.00  0.52 1.00 -  |   481.7    440.3  0.00 |  0.0  0.0 0   0   0  1  0  0
  - 4.81s  -----R--    0  n   Y  1.00  0.63 1.00 -  |   481.7    440.3  0.00 |  0.0  0.0 0   0   0  0  0  0
  - 4.69s  -----R--    0  n   Y  1.00  0.17 1.00 -  |   481.7    440.4  0.00 |  0.0  0.0 0   0   0  0  0  0
  - 4.57s  -----R--    0  n   Y  1.00  0.26 1.00 -  |   481.7    440.4  0.00 |  0.0  0.0 0   0   0  0  0  0
  - 4.47s  -----R--    0  n   Y  1.00  0.35 1.00 -  |   481.7    440.5  0.00 |  0.0  0.0 0   0   0  0  0  0
  - 4.36s  -----R--    0  n   Y  1.00  0.44 1.00 -  |   481.7    440.5  0.00 |  0.0  0.0 0   0   0  0  0  0
  - 4.24s  --------    0  n   Y  1.00  0.54 1.00 T  |   481.7    440.6  0.00 |  0.0  0.0 0   0   0  0  0  0
  - 4.14s  --------    0  n   Y  1.00  0.16 1.00 -  |   481.7    440.6  0.00 |  0.0  0.0 0   0   0  0  0  0
  - 4.02s  --------    0  Y   Y  1.00  0.28 1.00 -  |   481.7    440.7  0.00 |  0.0  0.0 0   0   0  0  0  0
  - 3.92s  --------    0  Y   Y  1.00  0.39 1.00 -  |   481.7    440.7  0.00 |  0.0  0.0 0   0   0  0  0  0
  - 3.81s  --------    0  Y   Y  1.00  0.50 1.00 -  |   481.7    440.7  0.00 |  0.0  0.0 0   0   0  0  0  0
  - 3.71s  -----R--    0  Y   Y  1.00  0.11 1.00 -  |   481.7    440.7  0.00 |  0.0  0.0 0   0   0  0  0  0
  - 3.60s  -----R--    0  Y   Y  1.00  0.20 1.00 -  |   481.7    440.7  0.00 |  0.0  0.0 0   0   0  0  0  0
  - 3.49s  -----R--    0  Y   Y  1.00  0.29 1.00 -  |   481.7    440.7  0.00 |  0.0  0.0 0   0   0  0  0  0
  - 3.37s  -----R--    0  Y   Y  1.00  0.39 1.00 -  |   481.7    440.7  0.00 |  0.0  0.0 0   0   0  0  0  0
  - 3.26s  --------    0  Y   Y  1.00  0.47 1.00 -  |   481.7    440.7  0.00 |  0.0  0.0 0   0   0  0  0  0
  - 3.16s  --------    0  Y   Y  1.00  0.09 1.00 -  |   481.7    440.7  0.00 |  0.0  0.0 0   0   0  0  0  0
  - 3.05s  --------    0  Y   Y  1.00  0.19 1.00 -  |   481.7    440.7  0.00 |  0.0  0.0 0   0   0  0  0  0
  - 2.95s  --------    0  Y   Y  1.00  0.30 1.00 -  |   481.7    440.7  0.00 |  0.0  0.0 0   0   0  0  0  0
  - 2.84s  --------    0  Y   Y  1.00  0.41 1.00 -  |   481.7    440.7  0.00 |  0.0  0.0 0   0   0  0  0  0
  - 2.72s  --------    0  Y   Y  1.00  0.52 1.00 -  |   481.7    440.7  0.00 |  0.0  0.0 0   0   0  0  0  0
  - 2.61s  --------    0  Y   Y  1.00  0.64 1.00 -  |   481.7    440.7  0.00 |  0.0  0.0 0   0   0  0  0  0
  - 2.50s  --------    0  Y   Y  1.00  0.74 1.00 -  |   481.7    440.7  0.00 |  0.0  0.0 0   0   0  0  0  0
  - 2.39s  --------    0  Y   Y  1.00  0.85 1.00 -  |   481.7    440.7  0.00 |  0.0  0.0 0   0   0  0  0  0
  - 2.28s  --------    0  Y   Y  1.00  0.97 1.00 -  |   481.7    440.7  0.00 |  0.0  0.0 0   0   0  0  0  0
  - 2.16s  --------    0  Y   Y  1.00  1.08 1.00 -  |   481.7    440.7  0.00 |  0.0  0.0 0   0   0  0  0  0
  - 2.06s  --------    0  Y   Y  1.00  1.19 1.00 -  |   481.7    440.7  0.00 |  0.0  0.0 0   0   0  0  0  0
  - 1.94s  -----R--    0  Y   Y  1.00  1.30 1.00 T  |   481.7    440.7  0.00 |  0.0  0.0 0   0   0  0  0  0
  - 1.83s  -----R--    0  Y   Y  1.00  0.18 1.00 -  |   481.7    440.7  0.00 |  0.0  0.0 0   0   0  0  0  0
  - 1.71s  -----R--    0  Y   Y  1.00  0.28 1.00 -  |   481.7    440.7  0.00 |  0.0  0.0 0   0   0  0  0  0
  - 1.60s  -----R--    0  Y   Y  1.00  0.37 1.00 -  |   481.7    440.7  0.00 |  0.0  0.0 0   0   0  0  0  0
  - 1.48s  -----R--    0  Y   Y  1.00  0.47 1.00 -  |   481.7    440.7  0.00 |  0.0  0.0 0   0   0  0  0  0
  - 1.37s  --------    0  Y   Y  1.00  0.56 1.00 T  |   481.7    440.7  0.00 |  0.0  0.0 0   0   0  0  0  0
  - 1.27s  --------    0  Y   Y  1.00  0.18 1.00 -  |   481.7    440.7  0.00 |  0.0  0.0 0   0   0  0  0  0
  - 1.16s  --------    0  Y   Y  1.00  0.28 1.00 -  |   481.7    440.7  0.00 |  0.0  0.0 0   0   0  0  0  0
  - 1.06s  --------    0  Y   Y  1.00  0.39 1.00 -  |   481.7    440.7  0.00 |  0.0  0.0 0   0   0  0  0  0
  - 0.94s  --------    0  Y   Y  1.00  0.50 1.00 -  |   481.7    440.7  0.00 |  0.0  0.0 0   0   0  0  0  0
  - 0.83s  --------    0  Y   Y  1.00  0.62 1.00 -  |   481.7    440.7  0.00 |  0.0  0.0 0   0   0  0  0  0
  - 0.72s  --------    0  Y   Y  1.00  0.73 1.00 -  |   481.7    440.7  0.00 |  0.0  0.0 0   0   0  0  0  0
  - 0.61s  --------    0  Y   Y  1.00  0.84 1.00 -  |   481.7    440.7  0.00 |  0.0  0.0 0   0   0  0  0  0
  - 0.49s  --------    0  Y   Y  1.00  0.95 1.00 -  |   481.7    440.7  0.00 |  0.0  0.0 0   0   0  0  0  0
  - 0.39s  --------    0  Y   Y  1.00  1.06 1.00 -  |   481.7    440.7  0.00 |  0.0 -1.0 0   0   0  0  0  0
  - 0.27s  --------    0  Y   Y  1.00  1.17 1.00 -  |   481.7    440.5  0.00 |  0.0  0.0 0   0   0  0  0  0
  - 0.17s  --------    0  Y   Y  1.00  1.28 1.00 -  |   481.8    440.5  0.00 |  0.0  0.0 0   0   0  0  0  0
  - 0.06s  --------    0  Y   Y  1.00  1.39 1.00 -  |   481.8    440.5  0.00 |  0.0  0.0 0   0   0  0  0  0
=========================================================== END

[  2054   76.097 x1.00] LOG  [OniBoss] hold-ground: cooldown over, player 3.9m > 3.5m — APPROACH
[  2054   76.097 x1.00] LOG  [OniBoss] Playing animation: Walk
[  2085   76.597 x1.00] LOG  [OniBoss] Chase → Attack
[  2085   76.597 x1.00] LOG  [OniBoss] Attack: Club_Swing (16 dmg)
[  2085   76.597 x1.00] LOG  [OniBoss:Trail] Club_Swing trail START at clip 0.26 (transition done).
[  2096   76.785 x1.00] LOG  [OniBoss:Layer] step-in: 'Club_Swing' closed 0.08m, Yoru now 3.0m away (range 3.5)
[  2097   76.805 x1.00] LOG  [OniBoss:Layer] step-in: 'Club_Swing' closed 0.09m, Yoru now 3.0m away (range 3.5)
[  2098   76.826 x1.00] LOG  [OniBoss:Layer] step-in: 'Club_Swing' closed 0.10m, Yoru now 3.0m away (range 3.5)
[  2099   76.845 x1.00] LOG  [OniBoss:Layer] step-in: 'Club_Swing' closed 0.11m, Yoru now 3.0m away (range 3.5)
[  2100   76.866 x1.00] LOG  [OniBoss:Layer] step-in: 'Club_Swing' closed 0.12m, Yoru now 3.0m away (range 3.5)
[  2102   76.906 x1.00] LOG  [CameraGameFeel] Shake: intensity=0.20 duration=0.250s
[  2102   76.906 x1.00] LOG  [Combat] Hit react: HitReact_Light_2Leg (0.5s)
[  2102   76.906 x1.00] LOG  [HitReactTrace] asked for 'HitReact_Light_2Leg' (0.50s) — blend resolved after 0 ms, now playing a clip 1.00s long at speed 1.00, layer weight 1.00, animator.speed 1.00.
[  2102   76.906 x1.00] LOG  [CameraGameFeel] Shake: intensity=0.30 duration=0.200s
[  2102   76.906 x1.00] LOG  [CameraGameFeel] FOV punch: player damage (-2.0°)
[  2102   76.906 x1.00] LOG  [OniBoss] Hit player for 16 (Club_Swing)
[  2102   76.906 x1.00] LOG  [OniBoss:Touch] Club_Swing: club TOUCHED Yoru at clip 0.37 — shaft 0.40m from her body line, tip speed 178m/s, ONE FRAME EARLY (predicted). Full club hit delivered this frame.
[  2106   76.983 x1.00] LOG  [OniBoss:ClubPos] Club_Swing at strike: club tip 3.04m up, 0.79m in front, -3.29m to his right (3.38m out from his centre). Club faces -119deg from his forward, pitch 0.40. (the ground wave is born 1.6m in front of him at 0.35m.)
[  2106   76.983 x1.00] LOG  [OniBoss:Layer] Club_Swing: club already hit — ground wave released as VISUAL only (0 damage).
[  2134   77.448 x1.00] LOG  [OniBoss] Attack → Recovery
[  2134   77.448 x1.00] LOG  [OniBoss] Playing animation: Watch
[  2134   77.448 x1.00] LOG  [OniBoss:Trail] trail END at clip 1.00, fading over 0.40s.
[  2134   77.448 x1.00] LOG  [OniBoss:Strike] Club_Swing: club tip closest to Yoru at 1.51m, clip position 0.92 | damage fires at 0.42 | clip 0.84s => damage fires 416 ms BEFORE the club is closest
[  2143   77.603 x1.00] LOG  [OniBoss] Recovery → Chase
[  2144   77.617 x1.00] LOG  [OniBoss] hold-ground: BACKSTEP 1.5m (player 3.0m)
[  2193   78.545 x1.00] LOG  [OniBoss] hold-ground: backstep done (1.48m), WATCH (player 4.3m, cooldown 0.9s)
[  2193   78.545 x1.00] LOG  [OniBoss] Playing animation: Watch
[  2209   78.867 x1.00] LOG  🐾 4-LEG JUMP #0
[  2209   78.867 x1.00] LOG  🐾 Jump 1 VFX spawned!
[  2217   79.025 x1.00] LOG  [OniBoss] Playing animation: run
[  2227   79.226 x1.00] LOG  [ComboTrace] LAUNCH OniBoss at 3.5m dist=3.20m in 0.32s (capped short) [AIRBORNE]
[  2227   79.226 x1.00] LOG  [Combat] Aerial spin — 25 dmg
[  2227   79.226 x1.00] LOG  [AirPosePin] engaged, holding body at 1.033m above the transform
[  2234   79.366 x1.00] LOG  [OniBoss] Playing animation: Watch
[  2235   79.385 x1.00] LOG  OniBoss took 10 damage. HP: 395/500
[  2235   79.385 x1.00] LOG  [OniBoss] Chase → HitReact
[  2235   79.385 x1.00] LOG  [OniBoss:Layer] react tier: LIGHT (10 dmg) → 'Hit_react_light'
[  2235   79.385 x1.00] LOG  [CameraGameFeel] Shake: intensity=0.50 duration=0.200s
[  2235   79.385 x1.00] LOG  [CameraGameFeel] FOV punch: hit light (+1.5°)
[  2243   79.548 x1.00] LOG  OniBoss took 10 damage. HP: 385/500
[  2243   79.548 x1.00] LOG  [OniBoss:Layer] burst: 2 hits / 20 dmg → flinch upgraded to 'HitReact_medium'
[  2243   79.548 x1.00] LOG  [CameraGameFeel] Shake: intensity=0.18 duration=0.200s
[  2244   79.566 x1.00] LOG  [ComboTrace] LAUNCH RESULT wanted=3.20m actually moved=2.73m — completed
[  2256   79.806 x1.00] LOG  💨 Landing VFX spawned!
[  2256   79.806 x1.00] LOG  ✅ LANDED! (was jump #1)
[  2256   79.806 x1.00] LOG  [AirPosePin] released, peak correction was 0.248m
[  2268   80.006 x1.00] LOG  [ComboTrace] END step=3 clipProgress=0.91 clipLen=0.79s queued=0 elapsed=0.78s
[  2276   80.134 x1.00] LOG  🚶 2-LEG JUMP
[  2276   80.134 x1.00] LOG  🐾 Jump 1 VFX spawned!
[  2279   80.190 x1.00] LOG  [OniBoss] HitReact → Chase
[  2280   80.209 x1.00] LOG  [OniBoss] Playing animation: Watch
[  2280   80.209 x1.00] LOG  [OniBoss] hold-ground: cooldown over, player 3.6m > 3.5m — APPROACH
[  2280   80.209 x1.00] LOG  [OniBoss] Playing animation: Walk
[  2296   80.527 x1.00] LOG  [ComboTrace] LAUNCH OniBoss at 1.6m dist=1.63m in 0.16s [AIRBORNE]
[  2296   80.527 x1.00] LOG  [Combat] Aerial spin — 25 dmg
[  2296   80.527 x1.00] LOG  OniBoss took 10 damage. HP: 375/500
[  2296   80.527 x1.00] LOG  [OniBoss] Chase → HitReact
[  2296   80.527 x1.00] LOG  [OniBoss:Layer] react tier: LIGHT (10 dmg) → 'Hit_react_light'
[  2296   80.527 x1.00] LOG  [CameraGameFeel] Shake: intensity=0.50 duration=0.200s
[  2296   80.527 x1.00] LOG  [CameraGameFeel] FOV punch: hit light (+1.5°)
[  2296   80.527 x1.00] LOG  [AirPosePin] engaged, holding body at 1.968m above the transform
[  2304   80.683 x1.00] LOG  OniBoss took 10 damage. HP: 365/500
[  2304   80.683 x1.00] LOG  [OniBoss:Layer] burst: 2 hits / 20 dmg → flinch upgraded to 'HitReact_medium'
[  2304   80.683 x1.00] LOG  [CameraGameFeel] Shake: intensity=0.18 duration=0.200s
[  2305   80.699 x1.00] LOG  [ComboTrace] LAUNCH RESULT wanted=1.63m actually moved=1.05m — completed
[  2313   80.846 x1.00] LOG  OniBoss took 10 damage. HP: 355/500
[  2313   80.846 x1.00] LOG  [OniBoss] HitReact → Stagger
[  2313   80.846 x1.00] LOG  [OniBoss] Playing animation: Stagger
[  2313   80.846 x1.00] LOG  [OniBoss] STAGGERED for 2.5s
[  2313   80.846 x1.00] LOG  [OniBoss:Layer] heavy knock-back react (swirl burst, 3 hits / 30 dmg) → 'HitReact_Heavy', down for 1.80s
[  2313   80.846 x1.00] LOG  [OniBoss:Layer] burst: 3 hits / 30 dmg inside 0.8s → knock-back + 0.90m push
[  2313   80.846 x1.00] LOG  [CameraGameFeel] Shake: intensity=0.18 duration=0.200s
[  2321   81.006 x1.00] LOG  OniBoss punish window! 10 → 15 (x1.5)
[  2321   81.006 x1.00] LOG  OniBoss took 15 damage. HP: 340/500
[  2321   81.006 x1.00] LOG  [CameraGameFeel] Shake: intensity=0.18 duration=0.200s
[  2324   81.066 x1.00] LOG  💨 Landing VFX spawned!
[  2324   81.066 x1.00] LOG  ✅ LANDED! (was jump #1)
[  2324   81.066 x1.00] LOG  [AirPosePin] released, peak correction was 1.184m
[  2336   81.265 x1.00] LOG  🚶 2-LEG JUMP
[  2336   81.265 x1.00] LOG  🐾 Jump 1 VFX spawned!
[  2336   81.265 x1.00] LOG  [ComboTrace] END step=3 clipProgress=0.91 clipLen=0.79s queued=0 elapsed=0.74s
[  2382   82.157 x1.00] LOG  [StormWeather] ⚡ strike at (489.78, 45.00, 448.97)
[  2385   82.214 x1.00] LOG  💨 Landing VFX spawned!
[  2385   82.214 x1.00] LOG  ✅ LANDED! (was jump #1)
[  2388   82.265 x1.00] LOG  [Combat] Combo 1: 10 dmg
[  2388   82.265 x1.00] LOG  [ComboTrace] START step=1 state='Combo1' queued=0 target='OniBoss' at 2.4m
[  2388   82.265 x1.00] LOG  [ComboTrace] LAUNCH OniBoss at 1.2m dist=1.15m in 0.13s
[  2397   82.414 x1.00] LOG  [ComboTrace] LAUNCH RESULT wanted=1.15m actually moved=0.40m — completed
[  2412   82.655 x1.00] LOG  [OniBoss] Stagger → Chase
[  2413   82.674 x1.00] LOG  [OniBoss] Playing animation: Watch
[  2413   82.674 x1.00] LOG  [OniBoss] Combo started: ClubSwing1 → ClubSwing2 → ClubSlam (3 steps remaining)
[  2413   82.674 x1.00] LOG  [OniBoss] Chase → Attack
[  2413   82.674 x1.00] LOG  [OniBoss] Attack: Club_Swing (16 dmg)
[  2413   82.674 x1.00] LOG  [OniBoss:Trail] Club_Swing trail START at clip 1.00 (transition done).
[  2425   82.879 x1.00] LOG  OniBoss took 10 damage. HP: 330/500
[  2425   82.879 x1.00] LOG  [OniBoss] 🤕 Hit during Attack — flash only
[  2425   82.879 x1.00] LOG  [Combat] Hit OniBoss for 10
[  2425   82.879 x1.00] LOG  [CameraGameFeel] Shake: intensity=0.50 duration=0.200s
[  2425   82.879 x1.00] LOG  [CameraGameFeel] FOV punch: hit light (+1.5°)
[  2433   83.024 x1.00] LOG  [CameraGameFeel] Shake: intensity=0.20 duration=0.250s
[  2433   83.024 x1.00] LOG  [Combat] Hit react: HitReact_Light_2Leg (0.5s)
[  2433   83.024 x1.00] LOG  [HitReactTrace] asked for 'HitReact_Light_2Leg' (0.50s) — blend resolved after 0 ms, now playing a clip 1.23s long at speed 1.60, layer weight 1.00, animator.speed 1.00.
[  2433   83.024 x1.00] LOG  [CameraGameFeel] Shake: intensity=0.30 duration=0.200s
[  2433   83.024 x1.00] LOG  [CameraGameFeel] FOV punch: player damage (-2.0°)
[  2433   83.024 x1.00] LOG  [OniBoss] Hit player for 16 (Club_Swing)
[  2433   83.024 x1.00] LOG  [OniBoss:Touch] Club_Swing: club TOUCHED Yoru at clip 0.38 — shaft 0.26m from her body line, tip speed 178m/s, ONE FRAME EARLY (predicted). Full club hit delivered this frame.
[  2437   83.089 x1.00] LOG  [OniBoss:ClubPos] Club_Swing at strike: club tip 3.05m up, 1.21m in front, -3.30m to his right (3.51m out from his centre). Club faces -110deg from his forward, pitch 0.41. (the ground wave is born 1.6m in front of him at 0.35m.)
[  2437   83.089 x1.00] LOG  [OniBoss:Layer] Club_Swing: club already hit — ground wave released as VISUAL only (0 damage).
[  2466   83.564 x1.00] LOG  [OniBoss] Attack → Recovery
[  2466   83.564 x1.00] LOG  [OniBoss] Playing animation: Watch
[  2466   83.564 x1.00] LOG  [OniBoss:Trail] trail END at clip 1.00, fading over 0.40s.
[  2466   83.564 x1.00] LOG  [OniBoss:Strike] Club_Swing: club tip closest to Yoru at 0.52m, clip position 0.91 | damage fires at 0.42 | clip 0.84s => damage fires 410 ms BEFORE the club is closest
[  2475   83.714 x1.00] LOG  [OniBoss] Recovery → Attack
[  2475   83.714 x1.00] LOG  [OniBoss] Attack: ClubSwing2 (16 dmg)
[  2475   83.714 x1.00] LOG  [OniBoss:Trail] ClubSwing2 trail START at clip 1.00 (transition still blending).
[  2496   84.046 x1.00] LOG  [CameraGameFeel] Shake: intensity=0.20 duration=0.250s
[  2496   84.046 x1.00] LOG  [Combat] Hit react: HitReact_Light_2Leg (0.5s)
[  2496   84.046 x1.00] LOG  [HitReactTrace] asked for 'HitReact_Light_2Leg' (0.50s) — blend resolved after 0 ms, now playing a clip 1.00s long at speed 1.00, layer weight 1.00, animator.speed 1.00.
[  2496   84.046 x1.00] LOG  [CameraGameFeel] Shake: intensity=0.30 duration=0.200s
[  2496   84.046 x1.00] LOG  [CameraGameFeel] FOV punch: player damage (-2.0°)
[  2496   84.046 x1.00] LOG  [OniBoss] Hit player for 20 (ClubSwing2) [combo x1.25]
[  2496   84.046 x1.00] LOG  [OniBoss:Touch] ClubSwing2: club TOUCHED Yoru at clip 0.28 — shaft 0.58m from her body line, tip speed 89m/s. Full club hit delivered this frame.
[  2500   84.124 x1.00] LOG  [OniBoss:ClubPos] ClubSwing2 at strike: club tip 0.69m up, 0.92m in front, 3.37m to his right (3.50m out from his centre). Club faces 54deg from his forward, pitch -0.87. (the ground wave is born 1.6m in front of him at 0.35m.)
[  2500   84.124 x1.00] LOG  [OniBoss:Layer] ClubSwing2: club already hit — ground wave released as VISUAL only (0 damage).
[  2548   84.899 x1.00] LOG  [OniBoss] Attack → Recovery
[  2548   84.899 x1.00] LOG  [OniBoss] Playing animation: Watch
[  2548   84.899 x1.00] LOG  [OniBoss:Trail] trail END at clip 1.00, fading over 0.40s.
[  2548   84.899 x1.00] LOG  [OniBoss:Strike] ClubSwing2: club tip closest to Yoru at 1.37m, clip position 0.30 | damage fires at 0.32 | clip 1.17s => MATCHED (within one or two frames)
[  2558   85.059 x1.00] LOG  [OniBoss] Recovery → Attack
[  2558   85.059 x1.00] LOG  [OniBoss] Attack: ClubSlam (20 dmg)
[  2558   85.059 x1.00] LOG  [OniBoss:Trail] ClubSlam trail START at clip 1.00 (transition still blending).
[  2579   85.446 x1.00] LOG  [CameraGameFeel] Shake: intensity=0.50 duration=0.400s
[  2579   85.446 x1.00] LOG  [Combat] Hit react: HitReact_Heavy_2Leg (0.9s)
[  2579   85.446 x1.00] LOG  [HitReactTrace] asked for 'HitReact_Heavy_2Leg' (0.90s) — blend resolved after 0 ms, now playing a clip 1.00s long at speed 1.00, layer weight 1.00, animator.speed 1.00.
[  2579   85.446 x1.00] LOG  [CameraGameFeel] Shake: intensity=0.60 duration=0.200s
[  2579   85.446 x1.00] LOG  [CameraGameFeel] FOV punch: player damage (-3.0°)
[  2579   85.446 x1.00] LOG  [OniBoss] Hit player for 30 (ClubSlam) [combo x1.50]
[  2579   85.446 x1.00] LOG  [OniBoss:Touch] ClubSlam: club TOUCHED Yoru at clip 0.42 — shaft 0.61m from her body line, tip speed 114m/s, ONE FRAME EARLY (predicted). Full club hit delivered this frame.
[  2587   85.589 x1.00] LOG  
==================== [FREEZE-DEBUG v3] ====================
  Reason : WASD-NOMOVE: WASD recent + speed 0.00m/s for 0.41s
  Time   : 46.173s   Frame: 2587   Snaps: 60
===========================================================

--- CURRENT STATE ---
  Flags: atk=False hvy=False dod=False dsh=False
         grd=False hit=True aerial=False lockPos=False
         comboStep=0
  Anim : speed=1.00  combatLayer hash=1755030216 normT=0.172 weight=1.00 inTransition=False
  CC   : grounded=True  enabled=True  pos=(483.12, -0.02, 443.97)  vel=(0.00, 0.00, 0.00)
  Move : IsRunning=False
  Input: H=0.00 V=0.00  LMB=False MMB=False Q=False Sp=False Sh=False C=False
         WASD pressed in last 0.5s: True (last 0.18s ago)

--- FLIGHT RECORDER (60 snapshots, oldest first, dt=0.10s) ---
  Legend: flags = A(tk) H(vy) D(od) S(sh) G(rd) R(eact) Y(aerial) L(ock)   gnd/cc: Y/n
  t-now    flags     step gnd cc anSp normT layW tr | posX     posZ     spd   | H    V    LMB MMB Q  Sp Sh C
  ------   --------  ---- --- -- ---- ----- ---- -- | -----    -----    ----  | ---- ---- --- --- -- -- -- -
  - 6.50s  --------    0  n   Y  1.00  1.65 1.00 -  |   484.4    441.3  0.00 |  0.0  0.0 0   0   0  0  1  0
  - 6.38s  --------    0  n   Y  1.00  1.77 1.00 -  |   484.9    441.5  0.00 |  0.0  0.0 1   0   0  0  0  0
  - 6.28s  A-----Y-    3  n   Y  1.00  0.08 1.00 -  |   484.3    442.5  0.00 |  0.0  0.0 0   0   0  0  0  0
  - 6.16s  A-----Y-    3  n   Y  0.00  0.18 1.00 -  |   483.8    443.6  0.00 |  0.0  0.0 1   0   0  0  0  0
  - 6.06s  A-----Y-    3  n   Y  1.00  0.28 1.00 -  |   483.9    444.0  0.00 |  0.0  0.0 0   0   0  0  0  0
  - 5.96s  A-----Y-    3  n   Y  1.00  0.41 1.00 -  |   484.3    444.1  0.00 |  0.0  0.0 1   0   0  0  0  0
  - 5.86s  A-----Y-    3  n   Y  1.00  0.54 1.00 -  |   484.7    444.3  0.00 |  0.0  0.0 0   0   0  0  0  0
  - 5.74s  ------Y-    3  Y   Y  1.00  0.68 1.00 -  |   485.1    444.4  0.00 |  0.0  0.0 0   0   0  0  0  0
  - 5.63s  ------Y-    3  Y   Y  1.00  0.82 1.00 -  |   485.1    444.4  0.00 |  0.0  0.0 0   0   0  0  0  0
  - 5.52s  --------    3  Y   Y  1.00  0.97 1.00 T  |   485.1    444.4  0.00 |  0.0  0.0 0   0   0  0  0  0
  - 5.42s  --------    3  n   Y  1.00  0.13 1.00 -  |   485.1    444.4  0.00 |  0.0  0.0 0   0   0  1  0  0
  - 5.30s  --------    3  n   Y  1.00  0.24 1.00 -  |   485.0    444.4  0.00 |  0.0  0.0 0   0   0  1  0  0
  - 5.18s  --------    3  n   Y  1.00  0.36 1.00 -  |   485.0    444.4  0.00 |  0.0  0.0 0   0   0  0  0  0
  - 5.08s  --------    3  n   Y  1.00  0.46 1.00 -  |   484.9    444.4  0.00 |  0.0  0.0 1   0   0  0  0  0
  - 4.96s  A-----Y-    3  n   Y  1.00  0.08 1.00 -  |   483.9    444.4  0.00 |  0.0  0.0 0   0   0  0  0  0
  - 4.85s  A-----Y-    3  n   Y  1.00  0.22 1.00 -  |   483.9    444.4  0.00 |  0.0  0.0 1   0   0  0  0  0
  - 4.74s  A-----Y-    3  n   Y  1.00  0.35 1.00 -  |   483.9    444.4  0.00 |  0.0  0.0 0   0   0  0  0  0
  - 4.62s  A-----Y-    3  n   Y  1.00  0.51 1.00 -  |   483.8    444.4  0.00 |  0.0  0.0 0   0   0  0  0  0
  - 4.50s  ------Y-    3  Y   Y  1.00  0.66 1.00 -  |   483.8    444.4  0.00 |  0.0  0.0 0   0   0  0  0  0
  - 4.39s  ------Y-    3  Y   Y  1.00  0.81 1.00 -  |   483.8    444.4  0.00 |  0.0  0.0 0   0   0  0  0  0
  - 4.29s  --------    3  n   Y  1.00  0.93 1.00 T  |   483.8    444.4  0.00 |  0.0  0.0 0   0   0  1  0  0
  - 4.18s  --------    3  n   Y  1.00  0.11 1.00 -  |   483.7    444.4  0.00 |  0.0  0.0 0   0   0  0  0  0
  - 4.06s  --------    3  n   Y  1.00  0.22 1.00 -  |   483.7    444.4  0.00 |  0.0  0.0 1   0   0  0  0  0
  - 3.96s  --------    3  n   Y  1.00  0.32 1.00 -  |   483.6    444.4  0.00 |  0.0  0.0 1   0   0  0  0  0
  - 3.84s  --------    3  n   Y  1.00  0.44 1.00 -  |   483.6    444.4  0.00 |  0.0  0.0 1   0   0  0  0  0
  - 3.73s  --------    3  n   Y  1.00  0.56 1.00 -  |   483.5    444.4  0.00 |  0.0  0.0 0   0   0  0  0  0
  - 3.61s  --------    3  n   Y  1.00  0.67 1.00 -  |   483.5    444.4  0.00 |  0.0  0.0 1   0   0  0  0  0
  - 3.49s  --------    3  n   Y  1.00  0.79 1.00 -  |   483.4    444.4  0.00 |  0.0  0.0 0   0   0  0  0  0
  - 3.37s  --------    3  Y   Y  1.00  0.91 1.00 -  |   483.4    444.4  0.00 |  0.0  0.0 1   0   0  0  0  0
  - 3.27s  A-------    1  Y   Y  1.00  0.03 1.00 -  |   483.0    444.5  0.00 |  0.0  0.0 0   0   0  0  0  0
  - 3.16s  A-------    1  Y   Y  1.00  0.12 1.00 -  |   483.0    444.5  0.00 |  0.0  0.0 0   0   0  0  0  0
  - 3.05s  A-------    1  Y   Y  1.00  0.21 1.00 -  |   483.0    444.5  0.00 |  0.0  0.0 0   0   0  1  0  0
  - 2.95s  A-------    1  Y   Y  1.00  0.29 1.00 -  |   483.0    444.5  0.00 |  0.0  0.0 0   0   0  0  0  0
  - 2.84s  A-------    1  Y   Y  1.00  0.38 1.00 -  |   483.0    444.5  0.00 |  0.0  0.0 0   0   0  0  0  0
  - 2.72s  A-------    1  Y   Y  1.00  0.47 1.00 -  |   483.0    444.5  0.00 |  0.0  0.0 0   0   0  0  0  0
  - 2.61s  A-------    1  Y   Y  1.00  0.53 1.00 -  |   483.0    444.5  0.00 |  0.0  0.0 0   0   0  1  0  0
  - 2.50s  -----R--    0  Y   Y  1.00  0.11 1.00 -  |   483.0    444.5  0.00 |  0.0  0.0 0   0   0  0  0  0
  - 2.39s  -----R--    0  Y   Y  1.00  0.19 1.00 -  |   483.0    444.5  0.00 |  0.0  0.0 0   0   0  0  0  0
  - 2.28s  -----R--    0  Y   Y  1.00  0.29 1.00 -  |   483.0    444.5  0.00 |  0.0  0.0 0   0   0  0  0  0
  - 2.17s  -----R--    0  Y   Y  1.00  0.38 1.00 -  |   483.0    444.5  0.00 |  0.0  0.0 0   0   0  0  0  0
  - 2.05s  --------    0  Y   Y  1.00  0.48 1.00 -  |   483.0    444.5  0.00 |  0.0  0.0 0   0   0  0  0  0
  - 1.94s  --------    0  Y   Y  1.00  0.10 1.00 -  |   483.0    444.5  0.00 |  0.0  0.0 0   0   0  0  0  0
  - 1.84s  --------    0  Y   Y  1.00  0.20 1.00 -  |   483.0    444.5  0.00 |  0.0  0.0 0   0   0  0  0  0
  - 1.73s  --------    0  Y   Y  1.00  0.30 1.00 -  |   483.0    444.5  0.00 |  0.0  0.0 0   0   0  0  0  0
  - 1.62s  --------    0  Y   Y  1.00  0.42 1.00 -  |   483.0    444.5  0.00 |  0.0  0.0 0   0   0  0  0  0
  - 1.52s  -----R--    0  Y   Y  1.00  0.51 1.00 -  |   483.0    444.5  0.00 |  0.0  0.0 0   0   0  0  0  0
  - 1.41s  -----R--    0  Y   Y  1.00  0.16 1.00 -  |   483.0    444.5  0.00 |  0.0  0.0 0   0   0  0  0  0
  - 1.30s  -----R--    0  Y   Y  1.00  0.25 1.00 -  |   483.0    444.5  0.00 |  0.0  0.0 0   0   0  0  0  0
  - 1.20s  -----R--    0  Y   Y  1.00  0.34 1.00 -  |   483.0    444.5  0.00 |  0.0  0.0 0   0   0  0  0  0
  - 1.08s  -----R--    0  Y   Y  1.00  0.43 1.00 -  |   483.0    444.5  0.00 |  0.0  0.0 0   0   0  0  0  0
  - 0.97s  --------    0  Y   Y  1.00  0.52 1.00 T  |   483.0    444.5  0.00 |  0.0  0.0 0   0   0  0  0  0
  - 0.86s  --------    0  Y   Y  1.00  0.16 1.00 -  |   483.0    444.5  0.00 |  0.0  0.0 0   0   0  0  0  0
  - 0.76s  --------    0  Y   Y  1.00  0.26 1.00 -  |   483.0    444.5  0.00 |  0.0  0.0 0   0   0  0  0  0
  - 0.66s  --------    0  Y   Y  1.00  0.37 1.00 -  |   483.0    444.5  0.00 |  0.0  0.0 0   0   0  0  0  0
  - 0.54s  --------    0  Y   Y  1.00  0.48 1.00 -  |   483.0    444.5  0.00 |  0.0  0.0 0   0   0  0  0  0
  - 0.44s  --------    0  Y   Y  1.00  0.58 1.00 -  |   483.0    444.5  0.00 |  0.0  0.0 0   0   0  0  0  0
  - 0.34s  --------    0  Y   Y  1.00  0.69 1.00 -  |   483.0    444.4  0.00 |  0.0 -1.0 0   0   0  0  0  0
  - 0.22s  --------    0  Y   Y  1.00  0.80 1.00 -  |   483.1    444.2  0.00 |  0.0 -1.0 0   0   0  0  0  0
  - 0.10s  -----R--    0  Y   Y  1.00  0.08 1.00 -  |   483.1    444.0  0.00 |  0.0  0.0 0   0   0  0  0  0
  - 0.00s  -----R--    0  Y   Y  1.00  0.17 1.00 -  |   483.1    444.0  0.00 |  0.0  0.0 0   0   0  0  0  0
=========================================================== END

[  2604   85.865 x1.00] LOG  [OniBoss:ClubPos] ClubSlam at strike: club tip 0.59m up, 2.90m in front, -0.24m to his right (2.91m out from his centre). Club faces 4deg from his forward, pitch -0.25. (the ground wave is born 1.6m in front of him at 0.35m.)
[  2604   85.865 x1.00] LOG  [OniBoss:Layer] ClubSlam: club already hit — ground wave released as VISUAL only (0 damage), finisher size x2.0.
[  2612   85.995 x1.00] LOG  [OniBoss] Attack → Recovery
[  2612   85.995 x1.00] LOG  [OniBoss] Playing animation: Watch
[  2612   85.995 x1.00] LOG  [OniBoss:Trail] trail END at clip 0.99, fading over 0.40s.
[  2612   85.995 x1.00] LOG  [OniBoss:Strike] ClubSlam: club tip closest to Yoru at 0.44m, clip position 0.95 | damage fires at 0.85 | clip 0.93s => damage fires 88 ms BEFORE the club is closest
[  2621   86.157 x1.00] LOG  [OniBoss] Recovery → Chase
[  2622   86.176 x1.00] LOG  [OniBoss] hold-ground: BACKSTEP 1.5m (player 2.2m)
[  2643   86.532 x1.00] LOG  [Combat] Combo 1: 10 dmg
[  2643   86.532 x1.00] LOG  [ComboTrace] START step=1 state='Combo1' queued=0 target='OniBoss' at 4.0m
[  2643   86.532 x1.00] LOG  [ComboTrace] LAUNCH OniBoss at 1.4m dist=1.36m in 0.14s
[  2651   86.687 x1.00] LOG  [ComboTrace] LAUNCH RESULT wanted=1.36m actually moved=0.82m — completed
[  2653   86.725 x1.00] LOG  [Combat] Queued click #1 (combo 1)
[  2653   86.725 x1.00] LOG  [ComboTrace] QUEUED #1 during step 1
[  2664   86.910 x1.00] LOG  [Combat] Queued click #2 (combo 1)
[  2664   86.910 x1.00] LOG  [ComboTrace] QUEUED #2 during step 1
[  2676   87.106 x1.00] LOG  [ComboTrace] CLICK IGNORED (step=1 queued=2)
[  2677   87.121 x1.00] LOG  [OniBoss] hold-ground: backstep done (1.52m), WATCH (player 2.7m, cooldown 0.8s)
[  2677   87.121 x1.00] LOG  [OniBoss] Playing animation: Watch
[  2679   87.150 x1.00] LOG  OniBoss took 10 damage. HP: 320/500
[  2679   87.150 x1.00] LOG  [OniBoss] Chase → HitReact
[  2679   87.150 x1.00] LOG  [OniBoss:Layer] react tier: LIGHT (10 dmg) → 'Hit_react_light'
[  2679   87.150 x1.00] LOG  [Combat] Hit OniBoss for 10
[  2679   87.150 x1.00] LOG  [CameraGameFeel] Shake: intensity=0.50 duration=0.200s
[  2679   87.150 x1.00] LOG  [CameraGameFeel] FOV punch: hit light (+1.5°)
[  2689   87.327 x1.00] LOG  [ComboTrace] CLICK IGNORED (step=1 queued=2)
[  2690   87.345 x1.00] LOG  🐾 VFX_AttackPaw triggered!
[  2698   87.480 x1.00] LOG  [Combat] Combo 2: 20 dmg
[  2698   87.480 x1.00] LOG  [ComboTrace] START step=2 state='Combo2' queued=1 target='OniBoss' at 2.7m
[  2698   87.480 x1.00] LOG  [ComboTrace] LAUNCH OniBoss at 1.5m dist=1.48m in 0.15s
[  2701   87.537 x1.00] LOG  [ComboTrace] CLICK DROPPED by attackCooldown (0.10s, 0.06s since last attack) step=2
[  2707   87.638 x1.00] LOG  [ComboTrace] LAUNCH RESULT wanted=1.48m actually moved=0.77m — completed
[  2714   87.746 x1.00] LOG  [Combat] Queued click #2 (combo 2)
[  2714   87.746 x1.00] LOG  [ComboTrace] QUEUED #2 during step 2
[  2727   87.949 x1.00] LOG  [ComboTrace] CLICK IGNORED (step=2 queued=2)
[  2728   87.966 x1.00] LOG  [OniBoss] HitReact → Chase
[  2729   87.985 x1.00] LOG  [OniBoss] Playing animation: Watch
[  2729   87.985 x1.00] LOG  [OniBoss] Chase → Attack
[  2729   87.985 x1.00] LOG  [OniBoss] Attack: ClubSlam (20 dmg)
[  2729   87.985 x1.00] LOG  [OniBoss:Trail] ClubSlam trail START at clip 1.00 (transition done).
[  2740   88.165 x1.00] LOG  [ComboTrace] CLICK IGNORED (step=2 queued=2)
[  2749   88.310 x1.00] LOG  🐾🐾 VFX_TowPaw triggered!
[  2750   88.327 x1.00] LOG  OniBoss took 20 damage. HP: 300/500
[  2750   88.327 x1.00] LOG  [OniBoss] 🤕 Hit during Attack — flash only
[  2750   88.327 x1.00] LOG  [Combat] Hit OniBoss for 20
[  2750   88.327 x1.00] LOG  [CameraGameFeel] Shake: intensity=0.50 duration=0.200s
[  2750   88.327 x1.00] LOG  [CameraGameFeel] FOV punch: hit light (+1.5°)
[  2751   88.349 x1.00] LOG  [ComboTrace] CLICK IGNORED (step=2 queued=2)
[  2755   88.415 x1.00] LOG  [CameraGameFeel] Shake: intensity=0.50 duration=0.400s
[  2755   88.415 x1.00] LOG  [Combat] Hit react: HitReact_Heavy_2Leg (0.9s)
[  2755   88.415 x1.00] LOG  [HitReactTrace] asked for 'HitReact_Heavy_2Leg' (0.90s) — blend resolved after 0 ms, now playing a clip 1.75s long at speed 1.60, layer weight 1.00, animator.speed 1.00.
[  2755   88.415 x1.00] LOG  [CameraGameFeel] Shake: intensity=0.60 duration=0.200s
[  2755   88.415 x1.00] LOG  [CameraGameFeel] FOV punch: player damage (-3.0°)
[  2755   88.415 x1.00] LOG  [OniBoss] Hit player for 20 (ClubSlam)
[  2755   88.415 x1.00] LOG  [OniBoss:Touch] ClubSlam: club TOUCHED Yoru at clip 0.42 — shaft 0.47m from her body line, tip speed 117m/s, ONE FRAME EARLY (predicted). Full club hit delivered this frame.
[  2779   88.829 x1.00] LOG  [OniBoss:ClubPos] ClubSlam at strike: club tip 0.62m up, 2.89m in front, -0.32m to his right (2.90m out from his centre). Club faces 2deg from his forward, pitch -0.24. (the ground wave is born 1.6m in front of him at 0.35m.)
[  2779   88.829 x1.00] LOG  [OniBoss:Layer] ClubSlam: club already hit — ground wave released as VISUAL only (0 damage).
[  2787   88.975 x1.00] LOG  [OniBoss] Attack → Recovery
[  2787   88.975 x1.00] LOG  [OniBoss] Playing animation: Watch
[  2787   88.975 x1.00] LOG  [OniBoss:Trail] trail END at clip 1.00, fading over 0.40s.
[  2787   88.975 x1.00] LOG  [OniBoss:Strike] ClubSlam: club tip closest to Yoru at 0.63m, clip position 0.95 | damage fires at 0.85 | clip 0.93s => damage fires 92 ms BEFORE the club is closest
[  2797   89.140 x1.00] LOG  [OniBoss] Recovery → Chase
[  2798   89.157 x1.00] LOG  [OniBoss] hold-ground: BACKSTEP 1.5m (player 2.3m)
[  2810   89.357 x1.00] LOG  [Combat] Combo 1: 10 dmg
[  2810   89.357 x1.00] LOG  [ComboTrace] START step=1 state='Combo1' queued=0 target='OniBoss' at 2.6m
[  2810   89.357 x1.00] LOG  [ComboTrace] LAUNCH OniBoss at 1.4m dist=1.39m in 0.14s
[  2818   89.508 x1.00] LOG  [ComboTrace] LAUNCH RESULT wanted=1.39m actually moved=0.85m — completed
[  2821   89.557 x1.00] LOG  [Combat] Queued click #1 (combo 1)
[  2821   89.557 x1.00] LOG  [ComboTrace] QUEUED #1 during step 1
[  2832   89.740 x1.00] LOG  [Combat] Queued click #2 (combo 1)
[  2832   89.740 x1.00] LOG  [ComboTrace] QUEUED #2 during step 1
[  2844   89.930 x1.00] LOG  [ComboTrace] CLICK IGNORED (step=1 queued=2)
[  2855   90.106 x1.00] LOG  [OniBoss] hold-ground: backstep done (1.52m), WATCH (player 3.0m, cooldown 0.8s)
[  2855   90.106 x1.00] LOG  [OniBoss] Playing animation: Watch
[  2856   90.121 x1.00] LOG  [ComboTrace] CLICK IGNORED (step=1 queued=2)
[  2857   90.136 x1.00] LOG  🐾 VFX_AttackPaw triggered!
[  2865   90.279 x1.00] LOG  [Combat] Combo 2: 20 dmg
[  2865   90.279 x1.00] LOG  [ComboTrace] START step=2 state='Combo2' queued=1 target='OniBoss' at 3.0m
[  2865   90.279 x1.00] LOG  [ComboTrace] LAUNCH OniBoss at 1.7m dist=1.72m in 0.17s
[  2867   90.313 x1.00] LOG  [ComboTrace] CLICK DROPPED by attackCooldown (0.10s, 0.03s since last attack) step=2
[  2875   90.465 x1.00] LOG  [ComboTrace] LAUNCH RESULT wanted=1.72m actually moved=1.03m — completed
[  2878   90.510 x1.00] LOG  [Combat] Queued click #2 (combo 2)
[  2878   90.510 x1.00] LOG  [ComboTrace] QUEUED #2 during step 2
[  2891   90.716 x1.00] LOG  [ComboTrace] CLICK IGNORED (step=2 queued=2)
[  2903   90.911 x1.00] LOG  [ComboTrace] CLICK IGNORED (step=2 queued=2)
[  2905   90.940 x1.00] LOG  [OniBoss] Chase → Attack
[  2905   90.940 x1.00] LOG  [OniBoss] Attack: ClubSwing2 (16 dmg)
[  2905   90.940 x1.00] LOG  [OniBoss:Trail] ClubSwing2 trail START at clip 0.53 (transition done).
[  2915   91.106 x1.00] LOG  🐾🐾 VFX_TowPaw triggered!
[  2916   91.121 x1.00] LOG  [ComboTrace] CLICK IGNORED (step=2 queued=2)
[  2917   91.136 x1.00] LOG  OniBoss took 20 damage. HP: 280/500
[  2917   91.136 x1.00] LOG  [OniBoss] 🤕 Hit during Attack — flash only
[  2917   91.136 x1.00] LOG  [Combat] Hit OniBoss for 20
[  2917   91.136 x1.00] LOG  [CameraGameFeel] Shake: intensity=0.50 duration=0.200s
[  2917   91.136 x1.00] LOG  [CameraGameFeel] FOV punch: hit light (+1.5°)
[  2927   91.311 x1.00] LOG  [ComboTrace] CLICK IGNORED (step=2 queued=2)
[  2927   91.311 x1.00] LOG  [CameraGameFeel] Shake: intensity=0.20 duration=0.250s
[  2927   91.311 x1.00] LOG  [Combat] Hit react: HitReact_Light_2Leg (0.5s)
[  2927   91.311 x1.00] LOG  [HitReactTrace] asked for 'HitReact_Light_2Leg' (0.50s) — blend resolved after 0 ms, now playing a clip 1.75s long at speed 1.60, layer weight 1.00, animator.speed 1.00.
[  2927   91.311 x1.00] LOG  [CameraGameFeel] Shake: intensity=0.30 duration=0.200s
[  2927   91.311 x1.00] LOG  [CameraGameFeel] FOV punch: player damage (-2.0°)
[  2927   91.311 x1.00] LOG  [OniBoss] Hit player for 16 (ClubSwing2)
[  2927   91.311 x1.00] LOG  [OniBoss:Touch] ClubSwing2: club TOUCHED Yoru at clip 0.28 — shaft 0.41m from her body line, tip speed 90m/s, ONE FRAME EARLY (predicted). Full club hit delivered this frame.
[  2931   91.381 x1.00] LOG  [OniBoss:ClubPos] ClubSwing2 at strike: club tip 0.46m up, 1.19m in front, 3.10m to his right (3.33m out from his centre). Club faces 39deg from his forward, pitch -0.89. (the ground wave is born 1.6m in front of him at 0.35m.)
[  2931   91.381 x1.00] LOG  [OniBoss:Layer] ClubSwing2: club already hit — ground wave released as VISUAL only (0 damage).
[  2971   92.088 x1.00] LOG  
==================== [FREEZE-DEBUG v3] ====================
  Reason : WASD-NOMOVE: WASD recent + speed 0.00m/s for 0.42s
  Time   : 52.673s   Frame: 2971   Snaps: 60
===========================================================

--- CURRENT STATE ---
  Flags: atk=False hvy=False dod=False dsh=False
         grd=False hit=False aerial=False lockPos=False
         comboStep=0
  Anim : speed=1.00  combatLayer hash=-792875657 normT=0.252 weight=1.00 inTransition=False
  CC   : grounded=True  enabled=True  pos=(479.80, -0.02, 444.41)  vel=(0.00, 0.00, 0.00)
  Move : IsRunning=False
  Input: H=0.00 V=-1.00  LMB=False MMB=False Q=False Sp=False Sh=False C=False
         WASD pressed in last 0.5s: True (last 0.00s ago)

--- FLIGHT RECORDER (60 snapshots, oldest first, dt=0.10s) ---
  Legend: flags = A(tk) H(vy) D(od) S(sh) G(rd) R(eact) Y(aerial) L(ock)   gnd/cc: Y/n
  t-now    flags     step gnd cc anSp normT layW tr | posX     posZ     spd   | H    V    LMB MMB Q  Sp Sh C
  ------   --------  ---- --- -- ---- ----- ---- -- | -----    -----    ----  | ---- ---- --- --- -- -- -- -
  - 6.50s  -----R--    0  Y   Y  1.00  0.17 1.00 -  |   483.1    444.0  0.00 |  0.0  0.0 0   0   0  0  0  0
  - 6.40s  -----R--    0  Y   Y  1.00  0.25 1.00 -  |   483.1    444.0  0.00 |  0.0  0.0 0   0   0  0  0  0
  - 6.28s  -----R--    0  Y   Y  1.00  0.35 1.00 -  |   483.1    444.0  0.00 |  0.0  0.0 0   0   0  0  0  0
  - 6.17s  -----R--    0  Y   Y  1.00  0.44 1.00 -  |   483.1    444.0  0.00 |  0.0  0.0 0   0   0  0  0  0
  - 6.05s  -----R--    0  Y   Y  1.00  0.54 1.00 -  |   483.1    444.0  0.00 |  0.0  0.0 1   0   0  0  0  0
  - 5.95s  -----R--    0  Y   Y  1.00  0.63 1.00 -  |   483.1    444.0  0.00 | -1.0  0.0 1   0   0  0  0  0
  - 5.84s  -----R--    0  Y   Y  1.00  0.71 1.00 -  |   483.1    444.0  0.00 | -1.0  0.0 1   0   0  0  0  0
  - 5.73s  --------    0  Y   Y  1.00  0.80 1.00 -  |   483.1    444.0  0.00 |  0.0  0.0 0   0   0  0  0  0
  - 5.62s  --------    0  Y   Y  1.00  0.09 1.00 -  |   483.0    443.9  0.00 | -1.0  0.0 1   0   0  0  0  0
  - 5.50s  A-------    1  Y   Y  1.00  0.03 1.00 -  |   482.3    444.1  0.00 | -1.0  0.0 0   0   0  0  0  0
  - 5.40s  A-------    1  Y   Y  1.00  0.11 1.00 -  |   482.2    444.2  0.00 | -1.0  0.0 1   0   0  0  0  0
  - 5.29s  A-------    1  Y   Y  1.00  0.20 1.00 -  |   482.2    444.2  0.00 | -1.0  0.0 0   0   0  0  0  0
  - 5.19s  A-------    1  Y   Y  1.00  0.28 1.00 -  |   482.2    444.2  0.00 |  0.0  0.0 1   0   0  0  0  0
  - 5.09s  A-------    1  Y   Y  1.00  0.37 1.00 -  |   482.2    444.2  0.00 |  0.0  0.0 0   0   0  0  0  0
  - 4.98s  A-------    1  Y   Y  1.00  0.45 1.00 -  |   482.2    444.2  0.00 |  0.0  0.0 0   0   0  0  0  0
  - 4.86s  A-------    1  Y   Y  1.00  0.52 1.00 -  |   482.2    444.2  0.00 |  0.0  0.0 1   0   0  0  0  0
  - 4.76s  A-------    1  Y   Y  1.00  0.60 1.00 -  |   482.2    444.2  0.00 |  0.0  0.0 0   0   0  0  0  0
  - 4.66s  A-------    1  Y   Y  1.00  0.69 1.00 -  |   482.2    444.2  0.00 |  0.0  0.0 0   0   0  0  0  0
  - 4.55s  A-------    2  Y   Y  1.00  0.77 1.00 T  |   481.4    444.4  0.00 |  0.0  0.0 0   0   0  0  0  0
  - 4.45s  A-------    2  Y   Y  1.00  0.07 1.00 -  |   481.4    444.4  0.00 |  0.0  0.0 1   0   0  0  0  0
  - 4.34s  A-------    2  Y   Y  1.00  0.13 1.00 -  |   481.4    444.4  0.00 |  0.0  0.0 0   0   0  0  0  0
  - 4.23s  A-------    2  Y   Y  1.00  0.20 1.00 -  |   481.4    444.4  0.00 |  0.0  0.0 1   0   0  0  0  0
  - 4.12s  A-------    2  Y   Y  1.00  0.26 1.00 -  |   481.4    444.4  0.00 |  0.0  0.0 0   0   0  0  0  0
  - 4.01s  A-------    2  Y   Y  1.00  0.32 1.00 -  |   481.4    444.4  0.00 |  0.0  0.0 1   0   0  0  0  0
  - 3.91s  A-------    2  Y   Y  1.00  0.38 1.00 -  |   481.4    444.4  0.00 |  0.0  0.0 0   0   0  0  0  0
  - 3.79s  A-------    2  Y   Y  1.00  0.45 1.00 -  |   481.4    444.4  0.00 |  0.0  0.0 1   0   0  0  0  0
  - 3.69s  A-------    2  Y   Y  1.00  0.48 1.00 -  |   481.4    444.4  0.00 |  0.0  0.0 0   0   0  1  0  0
  - 3.58s  -----R--    0  Y   Y  1.00  0.13 1.00 -  |   481.4    444.4  0.00 |  0.0  0.0 1   0   0  1  0  0
  - 3.47s  -----R--    0  Y   Y  1.00  0.22 1.00 -  |   481.4    444.4  0.00 |  0.0  0.0 0   0   0  0  0  0
  - 3.36s  -----R--    0  Y   Y  1.00  0.31 1.00 -  |   481.4    444.4  0.00 |  0.0  0.0 1   0   0  1  0  0
  - 3.26s  -----R--    0  Y   Y  1.00  0.40 1.00 -  |   481.4    444.4  0.00 |  0.0  0.0 0   0   0  0  0  0
  - 3.15s  -----R--    0  Y   Y  1.00  0.48 1.00 -  |   481.4    444.4  0.00 |  0.0  0.0 1   0   0  1  0  0
  - 3.05s  -----R--    0  Y   Y  1.00  0.57 1.00 -  |   481.4    444.4  0.00 |  0.0  0.0 0   0   0  0  0  0
  - 2.95s  -----R--    0  Y   Y  1.00  0.65 1.00 -  |   481.4    444.4  0.00 |  0.0  0.0 1   0   0  0  0  0
  - 2.83s  -----R--    0  Y   Y  1.00  0.75 1.00 -  |   481.4    444.4  0.00 |  0.0  0.0 1   0   0  1  0  0
  - 2.71s  A-------    1  Y   Y  1.00  0.85 1.00 T  |   481.1    444.5  0.00 |  0.0  0.0 0   0   0  0  0  0
  - 2.60s  A-------    1  Y   Y  1.00  0.09 1.00 -  |   480.6    444.6  0.00 |  0.0  0.0 1   0   0  1  0  0
  - 2.49s  A-------    1  Y   Y  1.00  0.18 1.00 -  |   480.6    444.6  0.00 |  0.0  0.0 0   0   0  0  0  0
  - 2.39s  A-------    1  Y   Y  1.00  0.26 1.00 -  |   480.6    444.6  0.00 |  0.0  0.0 1   0   0  1  0  0
  - 2.29s  A-------    1  Y   Y  1.00  0.35 1.00 -  |   480.6    444.6  0.00 |  0.0  0.0 0   0   0  0  0  0
  - 2.17s  A-------    1  Y   Y  1.00  0.44 1.00 -  |   480.6    444.6  0.00 |  0.0  0.0 1   0   0  1  0  0
  - 2.06s  A-------    1  Y   Y  1.00  0.53 1.00 -  |   480.6    444.6  0.00 |  0.0  0.0 1   0   0  0  0  0
  - 1.95s  A-------    1  Y   Y  1.00  0.62 1.00 -  |   480.6    444.6  0.00 |  0.0  0.0 0   0   0  1  0  0
  - 1.84s  A-------    1  Y   Y  1.00  0.71 1.00 -  |   480.6    444.6  0.00 |  0.0  0.0 1   0   0  0  0  0
  - 1.74s  A-------    2  Y   Y  1.00  0.02 1.00 -  |   479.6    444.9  0.00 |  0.0  0.0 0   0   0  1  0  0
  - 1.62s  A-------    2  Y   Y  1.00  0.09 1.00 -  |   479.6    444.9  0.00 |  0.0  0.0 1   0   0  0  0  0
  - 1.51s  A-------    2  Y   Y  1.00  0.15 1.00 -  |   479.6    444.9  0.00 |  0.0  0.0 0   0   0  1  0  0
  - 1.40s  A-------    2  Y   Y  1.00  0.21 1.00 -  |   479.6    444.9  0.00 |  0.0  0.0 1   0   0  0  0  0
  - 1.29s  A-------    2  Y   Y  1.00  0.28 1.00 -  |   479.6    444.9  0.00 |  0.0  0.0 0   0   0  1  0  0
  - 1.18s  A-------    2  Y   Y  1.00  0.34 1.00 -  |   479.6    444.9  0.00 |  0.0  0.0 0   0   0  0  0  0
  - 1.06s  A-------    2  Y   Y  1.00  0.41 1.00 -  |   479.6    444.9  0.00 |  0.0  0.0 1   0   0  0  0  0
  - 0.95s  A-------    2  Y   Y  1.00  0.47 1.00 -  |   479.6    444.9  0.00 |  0.0  0.0 0   0   0  0  0  0
  - 0.84s  A-------    2  Y   Y  1.00  0.51 1.00 -  |   479.6    444.9  0.00 |  0.0  0.0 1   0   0  0  0  0
  - 0.74s  -----R--    0  Y   Y  1.00  0.57 1.00 T  |   479.6    444.9  0.00 |  0.0  0.0 0   0   0  0  0  0
  - 0.64s  -----R--    0  Y   Y  1.00  0.17 1.00 -  |   479.6    444.9  0.00 |  0.0  0.0 0   0   0  0  0  0
  - 0.52s  -----R--    0  Y   Y  1.00  0.27 1.00 -  |   479.6    444.9  0.00 |  0.0  0.0 0   0   0  0  0  0
  - 0.42s  -----R--    0  Y   Y  1.00  0.35 1.00 -  |   479.6    444.9  0.00 |  0.0  0.0 0   0   0  0  0  0
  - 0.31s  -----R--    0  Y   Y  1.00  0.45 1.00 -  |   479.6    444.9  0.00 |  0.0 -1.0 0   0   0  0  0  0
  - 0.20s  --------    0  Y   Y  1.00  0.53 1.00 T  |   479.7    444.8  0.00 |  0.0 -1.0 0   0   0  0  0  0
  - 0.10s  --------    0  Y   Y  1.00  0.15 1.00 -  |   479.7    444.6  0.00 |  0.0 -1.0 0   0   0  0  0  0
=========================================================== END

[  2975   92.167 x1.00] LOG  [OniBoss] Attack → Recovery
[  2975   92.167 x1.00] LOG  [OniBoss] Playing animation: Watch
[  2975   92.167 x1.00] LOG  [OniBoss:Trail] trail END at clip 1.00, fading over 0.40s.
[  2975   92.167 x1.00] LOG  [OniBoss:Strike] ClubSwing2: club tip closest to Yoru at 1.07m, clip position 0.30 | damage fires at 0.32 | clip 1.17s => MATCHED (within one or two frames)
[  2983   92.327 x1.00] LOG  [OniBoss] Recovery → Chase
[  2984   92.348 x1.00] LOG  [OniBoss] hold-ground: BACKSTEP 1.5m (player 3.1m)
[  3001   92.672 x1.00] LOG  [Combat] Guard START (perfect parry window: 0.2s)
[  3016   92.926 x1.00] LOG  [OniBoss] hold-ground: backstep done (0.93m), WATCH (player 4.3m, cooldown 1.2s)
[  3016   92.926 x1.00] LOG  [OniBoss] Playing animation: Watch
[  3090   94.127 x1.00] LOG  [OniBoss] hold-ground: cooldown over, player 4.3m > 3.5m — APPROACH
[  3090   94.127 x1.00] LOG  [OniBoss] Playing animation: Walk
[  3133   94.838 x1.00] LOG  [OniBoss] Combo started: swing1-2 (2 steps remaining)
[  3133   94.838 x1.00] LOG  [OniBoss] Chase → Attack
[  3133   94.838 x1.00] LOG  [OniBoss] Attack: Club_Swing (16 dmg)
[  3133   94.838 x1.00] LOG  [OniBoss:Trail] Club_Swing trail START at clip 0.37 (transition done).
[  3134   94.856 x1.00] LOG  [OniBoss:Layer] step-in: 'Club_Swing' closed 0.05m, Yoru now 3.0m away (range 3.5)
[  3151   95.156 x1.00] LOG  [CameraGameFeel] Shake: intensity=0.20 duration=0.250s
[  3151   95.156 x1.00] LOG  [Combat] Guard blocked (70% reduced)
[  3151   95.156 x1.00] LOG  [CameraGameFeel] Shake: intensity=0.25 duration=0.100s
[  3151   95.156 x1.00] LOG  [OniBoss] Hit player for 16 (Club_Swing)
[  3151   95.156 x1.00] LOG  [OniBoss:Touch] Club_Swing: club TOUCHED Yoru at clip 0.38 — shaft 0.31m from her body line, tip speed 175m/s, ONE FRAME EARLY (predicted). Full club hit delivered this frame.
[  3155   95.221 x1.00] LOG  [OniBoss:ClubPos] Club_Swing at strike: club tip 3.04m up, 0.74m in front, -3.28m to his right (3.36m out from his centre). Club faces -120deg from his forward, pitch 0.40. (the ground wave is born 1.6m in front of him at 0.35m.)
[  3155   95.221 x1.00] LOG  [OniBoss:Layer] Club_Swing: club already hit — ground wave released as VISUAL only (0 damage).
[  3183   95.687 x1.00] LOG  [OniBoss] Attack → Recovery
[  3183   95.687 x1.00] LOG  [OniBoss] Playing animation: Watch
[  3183   95.687 x1.00] LOG  [OniBoss:Trail] trail END at clip 0.99, fading over 0.40s.
[  3183   95.687 x1.00] LOG  [OniBoss:Strike] Club_Swing: club tip closest to Yoru at 1.50m, clip position 0.91 | damage fires at 0.42 | clip 0.84s => damage fires 408 ms BEFORE the club is closest
[  3192   95.838 x1.00] LOG  [OniBoss] Recovery → Attack
[  3192   95.838 x1.00] LOG  [OniBoss] Attack: ClubSwing2 (16 dmg)
[  3192   95.838 x1.00] LOG  [OniBoss:Trail] ClubSwing2 trail START at clip 1.00 (transition still blending).
[  3211   96.167 x1.00] LOG  [CameraGameFeel] Shake: intensity=0.20 duration=0.250s
[  3211   96.167 x1.00] LOG  [Combat] Guard blocked (70% reduced)
[  3211   96.167 x1.00] LOG  [CameraGameFeel] Shake: intensity=0.25 duration=0.100s
[  3211   96.167 x1.00] LOG  [OniBoss] Hit player for 24 (ClubSwing2) [combo x1.50]
[  3211   96.167 x1.00] LOG  [OniBoss:Touch] ClubSwing2: club TOUCHED Yoru at clip 0.28 — shaft 0.65m from her body line, tip speed 88m/s, ONE FRAME EARLY (predicted). Full club hit delivered this frame.
[  3215   96.228 x1.00] LOG  [OniBoss:ClubPos] ClubSwing2 at strike: club tip 0.05m up, 1.95m in front, 2.26m to his right (2.98m out from his centre). Club faces -2deg from his forward, pitch -0.87. (the ground wave is born 1.6m in front of him at 0.35m.)
[  3215   96.228 x1.00] LOG  [OniBoss:Layer] ClubSwing2: club already hit — ground wave released as VISUAL only (0 damage), finisher size x2.0.
[  3257   97.029 x1.00] LOG  [OniBoss] Attack → Recovery
[  3257   97.029 x1.00] LOG  [OniBoss] Playing animation: Watch
[  3257   97.029 x1.00] LOG  [OniBoss:Trail] trail END at clip 1.00, fading over 0.40s.
[  3257   97.029 x1.00] LOG  [OniBoss:Strike] ClubSwing2: club tip closest to Yoru at 0.69m, clip position 0.29 | damage fires at 0.32 | clip 1.17s => damage fires 30 ms AFTER the club is closest — it lands once the club has passed her
[  3265   97.189 x1.00] LOG  [OniBoss] Recovery → Chase
[  3266   97.208 x1.00] LOG  [OniBoss] hold-ground: BACKSTEP 1.5m (player 3.6m)
[  3287   97.597 x1.00] LOG  [OniBoss] hold-ground: backstep done (0.63m), WATCH (player 4.3m, cooldown 1.4s)
[  3287   97.597 x1.00] LOG  [OniBoss] Playing animation: Watch
[  3292   97.677 x1.00] LOG  
==================== [FREEZE-DEBUG v3] ====================
  Reason : STUCK-FLAG: grd on for 2.50s
  Time   : 58.262s   Frame: 3292   Snaps: 60
===========================================================

--- CURRENT STATE ---
  Flags: atk=False hvy=False dod=False dsh=False
         grd=True hit=False aerial=False lockPos=False
         comboStep=0
  Anim : speed=1.00  combatLayer hash=-1605573009 normT=0.444 weight=1.00 inTransition=True
  CC   : grounded=True  enabled=True  pos=(480.33, -0.02, 442.74)  vel=(0.00, 0.00, 0.00)
  Move : IsRunning=False
  Input: H=0.00 V=0.00  LMB=False MMB=False Q=True Sp=False Sh=False C=False
         WASD pressed in last 0.5s: True (last 0.27s ago)

--- FLIGHT RECORDER (60 snapshots, oldest first, dt=0.10s) ---
  Legend: flags = A(tk) H(vy) D(od) S(sh) G(rd) R(eact) Y(aerial) L(ock)   gnd/cc: Y/n
  t-now    flags     step gnd cc anSp normT layW tr | posX     posZ     spd   | H    V    LMB MMB Q  Sp Sh C
  ------   --------  ---- --- -- ---- ----- ---- -- | -----    -----    ----  | ---- ---- --- --- -- -- -- -
  - 6.43s  A-------    2  Y   Y  1.00  0.51 1.00 -  |   479.6    444.9  0.00 |  0.0  0.0 1   0   0  0  0  0
  - 6.33s  -----R--    0  Y   Y  1.00  0.57 1.00 T  |   479.6    444.9  0.00 |  0.0  0.0 0   0   0  0  0  0
  - 6.23s  -----R--    0  Y   Y  1.00  0.17 1.00 -  |   479.6    444.9  0.00 |  0.0  0.0 0   0   0  0  0  0
  - 6.11s  -----R--    0  Y   Y  1.00  0.27 1.00 -  |   479.6    444.9  0.00 |  0.0  0.0 0   0   0  0  0  0
  - 6.01s  -----R--    0  Y   Y  1.00  0.35 1.00 -  |   479.6    444.9  0.00 |  0.0  0.0 0   0   0  0  0  0
  - 5.90s  -----R--    0  Y   Y  1.00  0.45 1.00 -  |   479.6    444.9  0.00 |  0.0 -1.0 0   0   0  0  0  0
  - 5.79s  --------    0  Y   Y  1.00  0.53 1.00 T  |   479.7    444.8  0.00 |  0.0 -1.0 0   0   0  0  0  0
  - 5.69s  --------    0  Y   Y  1.00  0.15 1.00 -  |   479.7    444.6  0.00 |  0.0 -1.0 0   0   0  0  0  0
  - 5.57s  --------    0  Y   Y  1.00  0.27 1.00 -  |   479.8    444.4  0.00 |  0.0 -1.0 0   0   0  0  0  0
  - 5.47s  --------    0  Y   Y  1.00  0.37 1.00 -  |   479.9    444.2  0.00 |  0.0 -1.0 0   0   0  0  0  0
  - 5.35s  --------    0  Y   Y  1.00  0.49 1.00 -  |   480.0    444.0  0.00 |  0.0  0.0 0   0   0  0  0  0
  - 5.25s  --------    0  Y   Y  1.00  0.59 1.00 -  |   480.0    443.8  0.00 |  0.0  0.0 0   0   0  0  0  0
  - 5.13s  --------    0  Y   Y  1.00  0.71 1.00 -  |   480.1    443.5  0.00 |  0.0  0.0 0   0   0  0  0  0
  - 5.02s  --------    0  Y   Y  1.00  0.83 1.00 -  |   480.1    443.5  0.00 |  0.0  0.0 0   0   0  0  0  0
  - 4.92s  ----G---    0  Y   Y  1.00  0.92 1.00 T  |   480.1    443.5  0.00 |  0.0  0.0 0   0   1  0  0  0
  - 4.81s  ----G---    0  Y   Y  1.00  0.08 1.00 -  |   480.1    443.5  0.00 |  0.0  0.0 0   0   1  0  0  0
  - 4.71s  ----G---    0  Y   Y  1.00  0.13 1.00 -  |   480.1    443.5  0.00 |  0.0  0.0 0   0   1  0  0  0
  - 4.60s  ----G---    0  Y   Y  1.00  0.19 1.00 -  |   480.1    443.5  0.00 |  0.0  0.0 0   0   1  0  0  0
  - 4.49s  ----G---    0  Y   Y  1.00  0.24 1.00 -  |   480.1    443.5  0.00 |  0.0  0.0 0   0   1  0  0  0
  - 4.39s  ----G---    0  Y   Y  1.00  0.29 1.00 -  |   480.1    443.5  0.00 |  0.0  0.0 0   0   1  0  0  0
  - 4.27s  ----G---    0  Y   Y  1.00  0.35 1.00 -  |   480.1    443.5  0.00 |  0.0  0.0 0   0   1  0  0  0
  - 4.16s  ----G---    0  Y   Y  1.00  0.40 1.00 -  |   480.1    443.5  0.00 |  0.0  0.0 0   0   1  0  0  0
  - 4.05s  ----G---    0  Y   Y  1.00  0.46 1.00 -  |   480.1    443.5  0.00 |  0.0  0.0 0   0   1  0  0  0
  - 3.95s  ----G---    0  Y   Y  1.00  0.51 1.00 -  |   480.1    443.5  0.00 |  0.0  0.0 0   0   1  0  0  0
  - 3.84s  ----G---    0  Y   Y  1.00  0.56 1.00 -  |   480.1    443.5  0.00 |  0.0  0.0 0   0   1  0  0  0
  - 3.73s  ----G---    0  Y   Y  1.00  0.61 1.00 -  |   480.1    443.5  0.00 |  0.0  0.0 0   0   1  0  0  0
  - 3.61s  ----G---    0  Y   Y  1.00  0.67 1.00 -  |   480.1    443.5  0.00 |  0.0  0.0 0   0   1  0  0  0
  - 3.50s  ----G---    0  Y   Y  1.00  0.72 1.00 -  |   480.1    443.5  0.00 |  0.0  0.0 0   0   1  0  0  0
  - 3.39s  ----G---    0  Y   Y  1.00  0.78 1.00 -  |   480.1    443.5  0.00 |  0.0  0.0 0   0   1  0  0  0
  - 3.27s  ----G---    0  Y   Y  1.00  0.83 1.00 -  |   480.1    443.5  0.00 |  0.0  0.0 0   0   1  0  0  0
  - 3.17s  ----G---    0  Y   Y  1.00  0.88 1.00 -  |   480.1    443.5  0.00 |  0.0  0.0 0   0   1  0  0  0
  - 3.06s  ----G---    0  Y   Y  1.00  0.93 1.00 -  |   480.1    443.5  0.00 |  0.0  0.0 0   0   1  0  0  0
  - 2.96s  ----G---    0  Y   Y  1.00  0.98 1.00 T  |   480.1    443.5  0.00 |  0.0  0.0 0   0   1  0  0  0
  - 2.86s  ----G---    0  Y   Y  1.00  0.09 1.00 -  |   480.1    443.5  0.00 |  0.0  0.0 0   0   1  0  0  0
  - 2.75s  ----G---    0  Y   Y  1.00  0.18 1.00 -  |   480.1    443.5  0.00 |  0.0  0.0 0   0   1  0  0  0
  - 2.64s  ----G---    0  Y   Y  1.00  0.26 1.00 -  |   480.1    443.5  0.00 |  0.0  0.0 0   0   1  0  0  0
  - 2.52s  ----G---    0  Y   Y  1.00  0.34 1.00 -  |   480.1    443.5  0.00 |  0.0  0.0 0   0   1  0  0  0
  - 2.42s  ----G---    0  Y   Y  1.00  0.42 1.00 -  |   480.1    443.5  0.00 |  0.0  0.0 0   0   1  0  0  0
  - 2.31s  ----G---    0  Y   Y  1.00  0.51 1.00 -  |   480.1    443.5  0.00 |  0.0  0.0 0   0   1  0  0  0
  - 2.20s  ----G---    0  Y   Y  1.00  0.59 1.00 -  |   480.1    443.5  0.00 |  0.0  0.0 0   0   1  0  0  0
  - 2.08s  ----G---    0  Y   Y  1.00  0.67 1.00 -  |   480.1    443.5  0.00 |  0.0  0.0 0   0   1  0  0  0
  - 1.97s  ----G---    0  Y   Y  1.00  0.75 1.00 -  |   480.1    443.5  0.00 |  0.0  0.0 0   0   1  0  0  0
  - 1.87s  ----G---    0  Y   Y  1.00  0.83 1.00 -  |   480.1    443.5  0.00 |  0.0  0.0 0   0   1  0  0  0
  - 1.76s  ----G---    0  Y   Y  1.00  0.91 1.00 -  |   480.1    443.5  0.00 |  0.0  0.0 0   0   1  0  0  0
  - 1.66s  ----G---    0  Y   Y  1.00  0.99 1.00 -  |   480.1    443.5  0.00 |  0.0  0.0 0   0   1  0  0  0
  - 1.56s  ----G---    0  Y   Y  1.00  1.07 1.00 -  |   480.1    443.5  0.00 |  0.0  0.0 0   0   1  0  0  0
  - 1.45s  ----G---    0  Y   Y  1.00  1.15 1.00 -  |   480.1    443.5  0.00 |  0.0  0.0 0   0   1  0  0  0
  - 1.34s  ----G---    0  Y   Y  1.00  1.23 1.00 T  |   480.1    443.5  0.75 |  0.0 -1.0 0   0   1  0  0  0
  - 1.23s  ----G---    0  Y   Y  1.00  1.31 1.00 T  |   480.1    443.4  0.75 |  0.0 -1.0 0   0   1  0  0  0
  - 1.13s  ----G---    0  Y   Y  1.00  0.07 1.00 -  |   480.1    443.4  0.75 |  0.0 -1.0 0   0   1  0  0  0
  - 1.01s  ----G---    0  Y   Y  1.00  0.11 1.00 -  |   480.2    443.3  0.75 |  0.0 -1.0 0   0   1  0  0  0
  - 0.91s  ----G---    0  Y   Y  1.00  0.14 1.00 -  |   480.2    443.2  0.75 |  0.0 -1.0 0   0   1  0  0  0
  - 0.81s  ----G---    0  Y   Y  1.00  0.17 1.00 -  |   480.2    443.1  0.75 |  0.0 -1.0 0   0   1  0  0  0
  - 0.69s  ----G---    0  Y   Y  1.00  0.21 1.00 -  |   480.2    443.1  0.75 |  0.0 -1.0 0   0   1  0  0  0
  - 0.59s  ----G---    0  Y   Y  1.00  0.25 1.00 -  |   480.3    443.0  0.75 |  0.0 -1.0 0   0   1  0  0  0
  - 0.47s  ----G---    0  Y   Y  1.00  0.29 1.00 -  |   480.3    442.9  0.75 |  0.0 -1.0 0   0   1  0  0  0
  - 0.37s  ----G---    0  Y   Y  1.00  0.32 1.00 -  |   480.3    442.8  0.75 |  0.0 -1.0 0   0   1  0  0  0
  - 0.27s  ----G---    0  Y   Y  1.00  0.35 1.00 -  |   480.3    442.8  0.75 |  0.0 -1.0 0   0   1  0  0  0
  - 0.16s  ----G---    0  Y   Y  1.00  0.39 1.00 -  |   480.3    442.7  0.00 |  0.0  0.0 0   0   1  0  0  0
  - 0.05s  ----G---    0  Y   Y  1.00  0.43 1.00 T  |   480.3    442.7  0.00 |  0.0  0.0 0   0   1  0  0  0
=========================================================== END

[  3307   97.940 x1.00] LOG  [StormWeather] ⚡ strike at (484.51, 45.00, 445.69)
[  3368   98.991 x1.00] LOG  [OniBoss] hold-ground: cooldown over, player 4.7m > 3.5m — APPROACH
[  3368   98.991 x1.00] LOG  [OniBoss] Playing animation: Walk
[  3422   99.862 x1.00] LOG  [OniBoss] Chase → Attack
[  3422   99.862 x1.00] LOG  [OniBoss] Attack: Club_Swing (16 dmg)
[  3422   99.862 x1.00] LOG  [OniBoss:Trail] Club_Swing trail START at clip 0.46 (transition done).
[  3423   99.879 x1.00] LOG  [OniBoss:Layer] step-in: 'Club_Swing' closed 0.04m, Yoru now 3.0m away (range 3.5)
[  3442  100.177 x1.00] LOG  [CameraGameFeel] Shake: intensity=0.20 duration=0.250s
[  3442  100.177 x1.00] LOG  [Combat] Guard blocked (70% reduced)
[  3442  100.177 x1.00] LOG  [CameraGameFeel] Shake: intensity=0.25 duration=0.100s
[  3442  100.177 x1.00] LOG  [OniBoss] Hit player for 16 (Club_Swing)
[  3442  100.177 x1.00] LOG  [OniBoss:Touch] Club_Swing: club TOUCHED Yoru at clip 0.38 — shaft 0.32m from her body line, tip speed 177m/s, ONE FRAME EARLY (predicted). Full club hit delivered this frame.
[  3446  100.241 x1.00] LOG  [OniBoss:ClubPos] Club_Swing at strike: club tip 3.05m up, 1.13m in front, -3.30m to his right (3.49m out from his centre). Club faces -111deg from his forward, pitch 0.41. (the ground wave is born 1.6m in front of him at 0.35m.)
[  3446  100.241 x1.00] LOG  [OniBoss:Layer] Club_Swing: club already hit — ground wave released as VISUAL only (0 damage).
[  3476  100.717 x1.00] LOG  [OniBoss] Attack → Recovery
[  3476  100.717 x1.00] LOG  [OniBoss] Playing animation: Watch
[  3476  100.717 x1.00] LOG  [OniBoss:Trail] trail END at clip 1.00, fading over 0.40s.
[  3476  100.717 x1.00] LOG  [OniBoss:Strike] Club_Swing: club tip closest to Yoru at 1.51m, clip position 0.91 | damage fires at 0.42 | clip 0.84s => damage fires 407 ms BEFORE the club is closest
[  3486  100.873 x1.00] LOG  [OniBoss] Recovery → Chase
[  3487  100.888 x1.00] LOG  [OniBoss] hold-ground: BACKSTEP 1.5m (player 3.0m)
[  3536  101.673 x1.00] LOG  [Combat] Guard END
[  3539  101.719 x1.00] LOG  [OniBoss] hold-ground: backstep done (1.33m), WATCH (player 4.3m, cooldown 1.0s)
[  3539  101.719 x1.00] LOG  [OniBoss] Playing animation: Watch
[  3595  102.679 x1.00] LOG  [OniBoss] hold-ground: cooldown over, player 4.3m > 3.5m — APPROACH
[  3595  102.679 x1.00] LOG  [OniBoss] Playing animation: Walk
[  3633  107.534 x1.00] LOG  [OniBoss] Combo started: swing1-2 (2 steps remaining)
[  3633  107.534 x1.00] LOG  [OniBoss] Chase → Attack
[  3633  107.534 x1.00] LOG  [OniBoss] Attack: Club_Swing (16 dmg)
[  3633  107.534 x1.00] LOG  [OniBoss:Trail] Club_Swing trail START at clip 0.37 (transition done).
[  3634  107.550 x1.00] LOG  [OniBoss:Layer] step-in: 'Club_Swing' closed 0.06m, Yoru now 3.0m away (range 3.5)
[  3648  107.780 x1.00] LOG  [OniBoss:Layer] step-in: 'Club_Swing' closed 0.10m, Yoru now 3.0m away (range 3.5)
[  3649  107.799 x1.00] LOG  [OniBoss:Layer] step-in: 'Club_Swing' closed 0.13m, Yoru now 3.0m away (range 3.5)
[  3652  107.852 x1.00] LOG  [CameraGameFeel] Shake: intensity=0.20 duration=0.250s
[  3652  107.852 x1.00] LOG  [Combat] Hit react: HitReact_Light_2Leg (0.5s)
[  3652  107.852 x1.00] LOG  [HitReactTrace] asked for 'HitReact_Light_2Leg' (0.50s) — blend resolved after 0 ms, now playing a clip 1.00s long at speed 1.00, layer weight 1.00, animator.speed 1.00.
[  3652  107.852 x1.00] LOG  [CameraGameFeel] Shake: intensity=0.30 duration=0.200s
[  3652  107.852 x1.00] LOG  [CameraGameFeel] FOV punch: player damage (-2.0°)
[  3652  107.852 x1.00] LOG  [OniBoss] Hit player for 16 (Club_Swing)
[  3652  107.852 x1.00] LOG  [OniBoss:Touch] Club_Swing: club TOUCHED Yoru at clip 0.38 — shaft 0.23m from her body line, tip speed 175m/s, ONE FRAME EARLY (predicted). Full club hit delivered this frame.
[  3655  107.911 x1.00] LOG  [OniBoss:ClubPos] Club_Swing at strike: club tip 3.03m up, 2.20m in front, -3.09m to his right (3.80m out from his centre). Club faces -89deg from his forward, pitch 0.41. (the ground wave is born 1.6m in front of him at 0.35m.)
[  3655  107.911 x1.00] LOG  [OniBoss:Layer] Club_Swing: club already hit — ground wave released as VISUAL only (0 damage).
[  3667  108.109 x1.00] LOG  
==================== [FREEZE-DEBUG v3] ====================
  Reason : WASD-NOMOVE: WASD recent + speed 0.00m/s for 0.40s
  Time   : 64.546s   Frame: 3667   Snaps: 60
===========================================================

--- CURRENT STATE ---
  Flags: atk=False hvy=False dod=False dsh=False
         grd=False hit=True aerial=False lockPos=False
         comboStep=0
  Anim : speed=1.00  combatLayer hash=-900461460 normT=0.267 weight=1.00 inTransition=False
  CC   : grounded=True  enabled=True  pos=(480.65, -0.02, 442.26)  vel=(0.00, 0.00, 0.00)
  Move : IsRunning=False
  Input: H=0.00 V=-1.00  LMB=False MMB=False Q=False Sp=False Sh=False C=False
         WASD pressed in last 0.5s: True (last 0.00s ago)

--- FLIGHT RECORDER (60 snapshots, oldest first, dt=0.10s) ---
  Legend: flags = A(tk) H(vy) D(od) S(sh) G(rd) R(eact) Y(aerial) L(ock)   gnd/cc: Y/n
  t-now    flags     step gnd cc anSp normT layW tr | posX     posZ     spd   | H    V    LMB MMB Q  Sp Sh C
  ------   --------  ---- --- -- ---- ----- ---- -- | -----    -----    ----  | ---- ---- --- --- -- -- -- -
  - 6.44s  ----G---    0  Y   Y  1.00  0.39 1.00 -  |   480.3    442.7  0.00 |  0.0  0.0 0   0   1  0  0  0
  - 6.33s  ----G---    0  Y   Y  1.00  0.43 1.00 T  |   480.3    442.7  0.00 |  0.0  0.0 0   0   1  0  0  0
  - 6.21s  ----G---    0  Y   Y  1.00  0.47 1.00 T  |   480.3    442.7  0.00 |  0.0  0.0 0   0   1  0  0  0
  - 6.10s  ----G---    0  Y   Y  1.00  0.24 1.00 T  |   480.3    442.7  0.75 |  0.0 -1.0 0   0   1  0  0  0
  - 5.98s  ----G---    0  Y   Y  1.00  0.33 1.00 T  |   480.4    442.7  0.00 |  0.0 -1.0 0   0   1  0  0  0
  - 5.87s  ----G---    0  Y   Y  1.00  0.08 1.00 -  |   480.4    442.6  0.75 |  0.0 -1.0 0   0   1  0  0  0
  - 5.75s  ----G---    0  Y   Y  1.00  0.12 1.00 -  |   480.4    442.5  0.75 |  0.0 -1.0 0   0   1  0  0  0
  - 5.65s  ----G---    0  Y   Y  1.00  0.16 1.00 -  |   480.4    442.4  0.75 |  0.0 -1.0 0   0   1  0  0  0
  - 5.55s  ----G---    0  Y   Y  1.00  0.19 1.00 -  |   480.4    442.4  0.00 |  0.0  0.0 0   0   1  0  0  0
  - 5.45s  ----G---    0  Y   Y  1.00  0.23 1.00 T  |   480.4    442.4  0.00 |  0.0  0.0 0   0   1  0  0  0
  - 5.33s  ----G---    0  Y   Y  1.00  0.26 1.00 T  |   480.4    442.4  0.00 |  0.0  0.0 0   0   1  0  0  0
  - 5.23s  ----G---    0  Y   Y  1.00  0.18 1.00 -  |   480.4    442.4  0.00 |  0.0  0.0 0   0   1  0  0  0
  - 5.12s  ----G---    0  Y   Y  1.00  0.26 1.00 -  |   480.4    442.4  0.00 |  0.0  0.0 0   0   1  0  0  0
  - 5.02s  ----G---    0  Y   Y  1.00  0.33 1.00 -  |   480.4    442.4  0.00 |  0.0  0.0 0   0   1  0  0  0
  - 4.91s  ----G---    0  Y   Y  1.00  0.42 1.00 -  |   480.4    442.4  0.00 |  0.0  0.0 0   0   1  0  0  0
  - 4.80s  ----G---    0  Y   Y  1.00  0.50 1.00 -  |   480.4    442.4  0.00 |  0.0  0.0 0   0   1  0  0  0
  - 4.69s  ----G---    0  Y   Y  1.00  0.58 1.00 -  |   480.4    442.4  0.00 |  0.0  0.0 0   0   1  0  0  0
  - 4.57s  ----G---    0  Y   Y  1.00  0.67 1.00 -  |   480.4    442.4  0.00 |  0.0  0.0 0   0   1  0  0  0
  - 4.47s  ----G---    0  Y   Y  1.00  0.74 1.00 -  |   480.4    442.4  0.00 |  0.0  0.0 0   0   1  0  0  0
  - 4.35s  ----G---    0  Y   Y  1.00  0.83 1.00 -  |   480.4    442.4  0.00 |  0.0  0.0 0   0   1  0  0  0
  - 4.24s  ----G---    0  Y   Y  1.00  0.91 1.00 -  |   480.4    442.4  0.00 |  0.0  0.0 0   0   1  0  0  0
  - 4.13s  ----G---    0  Y   Y  1.00  1.00 1.00 -  |   480.4    442.4  0.00 |  0.0  0.0 0   0   1  0  0  0
  - 4.02s  ----G---    0  Y   Y  1.00  1.08 1.00 -  |   480.4    442.4  0.00 |  0.0  0.0 0   0   1  0  0  0
  - 3.91s  ----G---    0  Y   Y  1.00  1.16 1.00 -  |   480.4    442.4  0.00 |  0.0  0.0 0   0   1  0  0  0
  - 3.80s  ----G---    0  Y   Y  1.00  1.25 1.00 -  |   480.4    442.4  0.00 |  0.0  0.0 0   0   1  0  0  0
  - 3.69s  ----G---    0  Y   Y  1.00  1.33 1.00 -  |   480.4    442.4  0.00 |  0.0  0.0 0   0   1  0  0  0
  - 3.58s  ----G---    0  Y   Y  1.00  1.41 1.00 -  |   480.4    442.4  0.00 |  0.0  0.0 0   0   1  0  0  0
  - 3.46s  ----G---    0  Y   Y  1.00  1.50 1.00 -  |   480.4    442.4  0.00 |  0.0  0.0 0   0   1  0  0  0
  - 3.35s  ----G---    0  Y   Y  1.00  1.58 1.00 -  |   480.4    442.4  0.00 |  0.0  0.0 0   0   1  0  0  0
  - 3.24s  ----G---    0  Y   Y  1.00  1.67 1.00 -  |   480.4    442.4  0.00 |  0.0  0.0 0   0   1  0  0  0
  - 3.13s  ----G---    0  Y   Y  1.00  1.75 1.00 -  |   480.4    442.4  0.00 |  0.0  0.0 0   0   1  0  0  0
  - 3.03s  ----G---    0  Y   Y  1.00  1.83 1.00 -  |   480.4    442.4  0.00 |  0.0  0.0 0   0   1  0  0  0
  - 2.93s  ----G---    0  Y   Y  1.00  1.90 1.00 -  |   480.4    442.4  0.00 |  0.0  0.0 0   0   1  0  0  0
  - 2.83s  ----G---    0  Y   Y  1.00  1.98 1.00 -  |   480.4    442.4  0.00 |  0.0  0.0 0   0   1  0  0  0
  - 2.72s  ----G---    0  Y   Y  1.00  2.06 1.00 -  |   480.4    442.4  0.00 |  0.0  0.0 0   0   1  0  0  0
  - 2.61s  ----G---    0  Y   Y  1.00  2.14 1.00 -  |   480.4    442.4  0.00 |  0.0  0.0 0   0   1  0  0  0
  - 2.50s  ----G---    0  Y   Y  1.00  2.22 1.00 -  |   480.4    442.4  0.00 |  0.0  0.0 0   0   1  0  0  0
  - 2.39s  ----G---    0  Y   Y  1.00  2.31 1.00 -  |   480.4    442.4  0.00 |  0.0  0.0 0   0   1  0  0  0
  - 2.29s  --------    0  Y   Y  1.00  2.38 1.00 -  |   480.4    442.4  0.00 |  0.0  0.0 0   0   0  0  0  0
  - 2.18s  --------    0  Y   Y  1.00  2.46 1.00 T  |   480.4    442.4  0.00 |  0.0  0.0 0   0   0  0  0  0
  - 2.07s  --------    0  Y   Y  1.00  2.55 1.00 T  |   480.4    442.4  0.00 |  0.0  0.0 0   0   0  0  0  0
  - 1.96s  --------    0  Y   Y  1.00  0.31 1.00 -  |   480.4    442.4  0.00 |  0.0  0.0 0   0   0  0  0  0
  - 1.85s  --------    0  Y   Y  1.00  0.42 1.00 -  |   480.4    442.4  0.00 |  0.0  0.0 0   0   0  0  0  0
  - 1.74s  --------    0  Y   Y  1.00  0.53 1.00 -  |   480.4    442.4  0.00 |  0.0  0.0 0   0   0  0  0  0
  - 1.64s  --------    0  Y   Y  1.00  0.64 1.00 -  |   480.4    442.4  0.00 |  0.0  0.0 0   0   0  0  0  0
  - 1.52s  --------    0  Y   Y  1.00  0.75 1.00 -  |   480.4    442.4  0.00 |  0.0  0.0 0   0   0  0  0  0
  - 1.41s  --------    0  Y   Y  1.00  0.86 1.00 -  |   480.4    442.4  0.00 |  0.0  0.0 0   0   0  0  0  0
  - 1.30s  --------    0  Y   Y  1.00  0.98 1.00 -  |   480.4    442.4  0.00 |  0.0  0.0 0   0   0  0  0  0
  - 1.19s  --------    0  Y   Y  1.00  1.09 1.00 -  |   480.4    442.4  0.00 |  0.0  0.0 0   0   0  0  0  0
  - 1.07s  --------    0  Y   Y  1.00  1.20 1.00 -  |   480.4    442.4  0.00 |  0.0  0.0 0   0   0  0  0  0
  - 0.96s  --------    0  Y   Y  1.00  1.32 1.00 -  |   480.4    442.4  0.00 |  0.0  0.0 0   0   0  0  0  0
  - 0.85s  --------    0  Y   Y  1.00  1.41 1.00 -  |   480.4    442.4  0.00 |  0.0  0.0 0   0   0  0  0  0
  - 0.75s  --------    0  Y   Y  1.00  1.51 1.00 -  |   480.4    442.4  0.00 |  0.0  0.0 0   0   0  0  0  0
  - 0.65s  --------    0  Y   Y  1.00  1.62 1.00 -  |   480.4    442.4  0.00 |  0.0  0.0 0   0   0  0  0  0
  - 0.54s  --------    0  Y   Y  1.00  1.73 1.00 -  |   480.4    442.4  0.00 |  0.0  0.0 0   0   0  0  0  0
  - 0.44s  --------    0  Y   Y  1.00  1.83 1.00 -  |   480.4    442.4  0.00 |  0.0  0.0 0   0   0  0  0  0
  - 0.33s  --------    0  Y   Y  1.00  1.94 1.00 -  |   480.5    442.4  0.00 |  0.0 -1.0 0   0   0  0  0  0
  - 0.22s  -----R--    0  Y   Y  1.00  2.05 1.00 T  |   480.6    442.3  0.00 |  0.0 -1.0 0   0   0  0  0  0
  - 0.11s  -----R--    0  Y   Y  1.00  0.17 1.00 -  |   480.6    442.3  0.00 |  0.0 -1.0 0   0   0  0  0  0
  - 0.00s  -----R--    0  Y   Y  1.00  0.27 1.00 -  |   480.6    442.3  0.00 |  0.0 -1.0 0   0   0  0  0  0
=========================================================== END

[  3685  108.389 x1.00] LOG  [OniBoss] Attack → Recovery
[  3685  108.389 x1.00] LOG  [OniBoss] Playing animation: Watch
[  3685  108.389 x1.00] LOG  [OniBoss:Trail] trail END at clip 1.00, fading over 0.40s.
[  3685  108.389 x1.00] LOG  [OniBoss:Strike] Club_Swing: club tip closest to Yoru at 1.65m, clip position 0.91 | damage fires at 0.42 | clip 0.84s => damage fires 413 ms BEFORE the club is closest
[  3693  108.551 x1.00] LOG  [OniBoss] Recovery → Attack
[  3693  108.551 x1.00] LOG  [OniBoss] Attack: ClubSwing2 (16 dmg)
[  3693  108.551 x1.00] LOG  [OniBoss:Trail] ClubSwing2 trail START at clip 1.00 (transition still blending).
[  3698  108.634 x1.00] LOG  [OniBoss:Layer] step-in: 'ClubSwing2' closed 0.46m, Yoru now 3.0m away (range 3.5)
[  3714  108.883 x1.00] LOG  [CameraGameFeel] Shake: intensity=0.20 duration=0.250s
[  3714  108.883 x1.00] LOG  [Combat] Hit react: HitReact_Heavy_2Leg (0.9s)
[  3714  108.883 x1.00] LOG  [HitReactTrace] asked for 'HitReact_Heavy_2Leg' (0.90s) — blend resolved after 0 ms, now playing a clip 1.00s long at speed 1.00, layer weight 1.00, animator.speed 1.00.
[  3714  108.883 x1.00] LOG  [CameraGameFeel] Shake: intensity=0.60 duration=0.200s
[  3714  108.883 x1.00] LOG  [CameraGameFeel] FOV punch: player damage (-3.0°)
[  3714  108.883 x1.00] LOG  [OniBoss] Hit player for 24 (ClubSwing2) [combo x1.50]
[  3714  108.883 x1.00] LOG  [OniBoss:Touch] ClubSwing2: club TOUCHED Yoru at clip 0.28 — shaft 0.41m from her body line, tip speed 91m/s, ONE FRAME EARLY (predicted). Full club hit delivered this frame.
[  3718  108.951 x1.00] LOG  [OniBoss:ClubPos] ClubSwing2 at strike: club tip 0.16m up, 1.65m in front, 2.60m to his right (3.08m out from his centre). Club faces 13deg from his forward, pitch -0.89. (the ground wave is born 1.6m in front of him at 0.35m.)
[  3718  108.951 x1.00] LOG  [OniBoss:Layer] ClubSwing2: club already hit — ground wave released as VISUAL only (0 damage), finisher size x2.0.
[  3767  109.733 x1.00] LOG  [OniBoss] Attack → Recovery
[  3767  109.733 x1.00] LOG  [OniBoss] Playing animation: Watch
[  3767  109.733 x1.00] LOG  [OniBoss:Trail] trail END at clip 1.00, fading over 0.40s.
[  3767  109.733 x1.00] LOG  [OniBoss:Strike] ClubSwing2: club tip closest to Yoru at 0.44m, clip position 0.30 | damage fires at 0.32 | clip 1.17s => MATCHED (within one or two frames)
[  3777  109.885 x1.00] LOG  [OniBoss] Recovery → Chase
[  3778  109.900 x1.00] LOG  [OniBoss] hold-ground: BACKSTEP 1.5m (player 3.0m)
[  3806  110.350 x1.00] LOG  [Combat] Guard START (perfect parry window: 0.2s)
[  3829  110.730 x1.00] LOG  [OniBoss] hold-ground: backstep done (1.33m), WATCH (player 4.3m, cooldown 1.0s)
[  3829  110.730 x1.00] LOG  [OniBoss] Playing animation: Watch
[  3890  111.694 x1.00] LOG  [OniBoss] hold-ground: cooldown over, player 4.3m > 3.5m — APPROACH
[  3890  111.694 x1.00] LOG  [OniBoss] Playing animation: Walk
[  3935  112.405 x1.00] LOG  [OniBoss] Chase → Attack
[  3935  112.405 x1.00] LOG  [OniBoss] Attack: Club_Swing (16 dmg)
[  3935  112.405 x1.00] LOG  [OniBoss:Trail] Club_Swing trail START at clip 0.38 (transition done).
[  3936  112.422 x1.00] LOG  [OniBoss:Layer] step-in: 'Club_Swing' closed 0.04m, Yoru now 3.0m away (range 3.5)
[  3956  112.781 x1.00] LOG  [OniBoss:ClubPos] Club_Swing at strike: club tip 3.02m up, 2.33m in front, -3.04m to his right (3.83m out from his centre). Club faces -86deg from his forward, pitch 0.41. (the ground wave is born 1.6m in front of him at 0.35m.)
[  3956  112.781 x1.00] LOG  [OniBoss:Layer] Club_Swing: club has not connected — ground wave released ARMED, 1.6m in front, 12m/s x 6.0m = 0.50s, carrying 8 (half of the club's 16).
[  3957  112.800 x1.00] LOG  [Combat] Guard blocked (70% reduced)
[  3957  112.800 x1.00] LOG  [CameraGameFeel] Shake: intensity=0.25 duration=0.100s
[  3957  112.800 x1.00] LOG  [OniBoss:Wave] wave TOUCHED Yoru (grounded) for 8 after 0.2m / 0.02s of travel.
[  3959  112.840 x1.00] LOG  
==================== [FREEZE-DEBUG v3] ====================
  Reason : STUCK-FLAG: grd on for 2.51s
  Time   : 69.277s   Frame: 3959   Snaps: 60
===========================================================

--- CURRENT STATE ---
  Flags: atk=False hvy=False dod=False dsh=False
         grd=True hit=False aerial=False lockPos=False
         comboStep=0
  Anim : speed=1.00  combatLayer hash=1957562009 normT=0.345 weight=1.00 inTransition=False
  CC   : grounded=True  enabled=True  pos=(480.92, -0.02, 442.10)  vel=(0.00, 0.00, 0.00)
  Move : IsRunning=False
  Input: H=0.00 V=0.00  LMB=False MMB=False Q=True Sp=False Sh=False C=False
         WASD pressed in last 0.5s: False (last 4.64s ago)

--- FLIGHT RECORDER (60 snapshots, oldest first, dt=0.10s) ---
  Legend: flags = A(tk) H(vy) D(od) S(sh) G(rd) R(eact) Y(aerial) L(ock)   gnd/cc: Y/n
  t-now    flags     step gnd cc anSp normT layW tr | posX     posZ     spd   | H    V    LMB MMB Q  Sp Sh C
  ------   --------  ---- --- -- ---- ----- ---- -- | -----    -----    ----  | ---- ---- --- --- -- -- -- -
  - 6.47s  --------    0  Y   Y  1.00  0.53 1.00 -  |   480.4    442.4  0.00 |  0.0  0.0 0   0   0  0  0  0
  - 6.37s  --------    0  Y   Y  1.00  0.64 1.00 -  |   480.4    442.4  0.00 |  0.0  0.0 0   0   0  0  0  0
  - 6.25s  --------    0  Y   Y  1.00  0.75 1.00 -  |   480.4    442.4  0.00 |  0.0  0.0 0   0   0  0  0  0
  - 6.14s  --------    0  Y   Y  1.00  0.86 1.00 -  |   480.4    442.4  0.00 |  0.0  0.0 0   0   0  0  0  0
  - 6.03s  --------    0  Y   Y  1.00  0.98 1.00 -  |   480.4    442.4  0.00 |  0.0  0.0 0   0   0  0  0  0
  - 5.92s  --------    0  Y   Y  1.00  1.09 1.00 -  |   480.4    442.4  0.00 |  0.0  0.0 0   0   0  0  0  0
  - 5.80s  --------    0  Y   Y  1.00  1.20 1.00 -  |   480.4    442.4  0.00 |  0.0  0.0 0   0   0  0  0  0
  - 5.69s  --------    0  Y   Y  1.00  1.32 1.00 -  |   480.4    442.4  0.00 |  0.0  0.0 0   0   0  0  0  0
  - 5.59s  --------    0  Y   Y  1.00  1.41 1.00 -  |   480.4    442.4  0.00 |  0.0  0.0 0   0   0  0  0  0
  - 5.48s  --------    0  Y   Y  1.00  1.51 1.00 -  |   480.4    442.4  0.00 |  0.0  0.0 0   0   0  0  0  0
  - 5.38s  --------    0  Y   Y  1.00  1.62 1.00 -  |   480.4    442.4  0.00 |  0.0  0.0 0   0   0  0  0  0
  - 5.27s  --------    0  Y   Y  1.00  1.73 1.00 -  |   480.4    442.4  0.00 |  0.0  0.0 0   0   0  0  0  0
  - 5.17s  --------    0  Y   Y  1.00  1.83 1.00 -  |   480.4    442.4  0.00 |  0.0  0.0 0   0   0  0  0  0
  - 5.06s  --------    0  Y   Y  1.00  1.94 1.00 -  |   480.5    442.4  0.00 |  0.0 -1.0 0   0   0  0  0  0
  - 4.95s  -----R--    0  Y   Y  1.00  2.05 1.00 T  |   480.6    442.3  0.00 |  0.0 -1.0 0   0   0  0  0  0
  - 4.84s  -----R--    0  Y   Y  1.00  0.17 1.00 -  |   480.6    442.3  0.00 |  0.0 -1.0 0   0   0  0  0  0
  - 4.73s  -----R--    0  Y   Y  1.00  0.27 1.00 -  |   480.6    442.3  0.00 |  0.0 -1.0 0   0   0  0  0  0
  - 4.62s  -----R--    0  Y   Y  1.00  0.36 1.00 -  |   480.6    442.3  0.00 |  0.0  0.0 0   0   0  0  0  0
  - 4.51s  -----R--    0  Y   Y  1.00  0.45 1.00 -  |   480.6    442.3  0.00 |  0.0  0.0 0   0   0  0  0  0
  - 4.41s  --------    0  Y   Y  1.00  0.53 1.00 T  |   480.8    442.2  0.00 |  0.0  0.0 0   0   0  0  0  0
  - 4.29s  --------    0  Y   Y  1.00  0.17 1.00 -  |   480.9    442.1  0.00 |  0.0  0.0 0   0   0  0  0  0
  - 4.17s  --------    0  Y   Y  1.00  0.29 1.00 -  |   480.9    442.1  0.00 |  0.0  0.0 0   0   0  0  0  0
  - 4.07s  --------    0  Y   Y  1.00  0.40 1.00 -  |   480.9    442.1  0.00 |  0.0  0.0 0   0   0  0  0  0
  - 3.96s  --------    0  Y   Y  1.00  0.51 1.00 -  |   480.9    442.1  0.00 |  0.0  0.0 0   0   0  0  0  0
  - 3.86s  -----R--    0  Y   Y  1.00  0.14 1.00 -  |   480.9    442.1  0.00 |  0.0  0.0 0   0   1  0  0  0
  - 3.75s  -----R--    0  Y   Y  1.00  0.23 1.00 -  |   480.9    442.1  0.00 |  0.0  0.0 0   0   1  0  0  0
  - 3.63s  -----R--    0  Y   Y  1.00  0.32 1.00 -  |   480.9    442.1  0.00 |  0.0  0.0 0   0   1  0  0  0
  - 3.52s  -----R--    0  Y   Y  1.00  0.42 1.00 -  |   480.9    442.1  0.00 |  0.0  0.0 0   0   1  0  0  0
  - 3.41s  -----R--    0  Y   Y  1.00  0.51 1.00 -  |   480.9    442.1  0.00 |  0.0  0.0 0   0   1  0  0  0
  - 3.30s  -----R--    0  Y   Y  1.00  0.60 1.00 -  |   480.9    442.1  0.00 |  0.0  0.0 0   0   1  0  0  0
  - 3.18s  -----R--    0  Y   Y  1.00  0.70 1.00 -  |   480.9    442.1  0.00 |  0.0  0.0 0   0   1  0  0  0
  - 3.07s  -----R--    0  Y   Y  1.00  0.79 1.00 -  |   480.9    442.1  0.00 |  0.0  0.0 0   0   1  0  0  0
  - 2.97s  --------    0  Y   Y  1.00  0.87 1.00 T  |   480.9    442.1  0.00 |  0.0  0.0 0   0   1  0  0  0
  - 2.86s  --------    0  Y   Y  1.00  0.18 1.00 -  |   480.9    442.1  0.00 |  0.0  0.0 0   0   1  0  0  0
  - 2.75s  --------    0  Y   Y  1.00  0.28 1.00 -  |   480.9    442.1  0.00 |  0.0  0.0 0   0   1  0  0  0
  - 2.65s  --------    0  Y   Y  1.00  0.38 1.00 -  |   480.9    442.1  0.00 |  0.0  0.0 0   0   1  0  0  0
  - 2.54s  --------    0  Y   Y  1.00  0.49 1.00 -  |   480.9    442.1  0.00 |  0.0  0.0 0   0   0  0  0  0
  - 2.44s  ----G---    0  Y   Y  1.00  0.59 1.00 T  |   480.9    442.1  0.00 |  0.0  0.0 0   0   1  0  0  0
  - 2.33s  ----G---    0  Y   Y  1.00  0.07 1.00 -  |   480.9    442.1  0.00 |  0.0  0.0 0   0   1  0  0  0
  - 2.23s  ----G---    0  Y   Y  1.00  0.12 1.00 -  |   480.9    442.1  0.00 |  0.0  0.0 0   0   1  0  0  0
  - 2.13s  ----G---    0  Y   Y  1.00  0.17 1.00 -  |   480.9    442.1  0.00 |  0.0  0.0 0   0   1  0  0  0
  - 2.02s  ----G---    0  Y   Y  1.00  0.22 1.00 -  |   480.9    442.1  0.00 |  0.0  0.0 0   0   1  0  0  0
  - 1.92s  ----G---    0  Y   Y  1.00  0.27 1.00 -  |   480.9    442.1  0.00 |  0.0  0.0 0   0   1  0  0  0
  - 1.80s  ----G---    0  Y   Y  1.00  0.32 1.00 -  |   480.9    442.1  0.00 |  0.0  0.0 0   0   1  0  0  0
  - 1.69s  ----G---    0  Y   Y  1.00  0.38 1.00 -  |   480.9    442.1  0.00 |  0.0  0.0 0   0   1  0  0  0
  - 1.58s  ----G---    0  Y   Y  1.00  0.43 1.00 -  |   480.9    442.1  0.00 |  0.0  0.0 0   0   1  0  0  0
  - 1.47s  ----G---    0  Y   Y  1.00  0.49 1.00 -  |   480.9    442.1  0.00 |  0.0  0.0 0   0   1  0  0  0
  - 1.36s  ----G---    0  Y   Y  1.00  0.54 1.00 -  |   480.9    442.1  0.00 |  0.0  0.0 0   0   1  0  0  0
  - 1.25s  ----G---    0  Y   Y  1.00  0.59 1.00 -  |   480.9    442.1  0.00 |  0.0  0.0 0   0   1  0  0  0
  - 1.15s  ----G---    0  Y   Y  1.00  0.64 1.00 -  |   480.9    442.1  0.00 |  0.0  0.0 0   0   1  0  0  0
  - 1.03s  ----G---    0  Y   Y  1.00  0.70 1.00 -  |   480.9    442.1  0.00 |  0.0  0.0 0   0   1  0  0  0
  - 0.93s  ----G---    0  Y   Y  1.00  0.75 1.00 -  |   480.9    442.1  0.00 |  0.0  0.0 0   0   1  0  0  0
  - 0.82s  ----G---    0  Y   Y  1.00  0.80 1.00 -  |   480.9    442.1  0.00 |  0.0  0.0 0   0   1  0  0  0
  - 0.70s  ----G---    0  Y   Y  1.00  0.86 1.00 -  |   480.9    442.1  0.00 |  0.0  0.0 0   0   1  0  0  0
  - 0.59s  ----G---    0  Y   Y  1.00  0.91 1.00 -  |   480.9    442.1  0.00 |  0.0  0.0 0   0   1  0  0  0
  - 0.48s  ----G---    0  Y   Y  1.00  0.96 1.00 -  |   480.9    442.1  0.00 |  0.0  0.0 0   0   1  0  0  0
  - 0.36s  ----G---    0  Y   Y  1.00  0.07 1.00 -  |   480.9    442.1  0.00 |  0.0  0.0 0   0   1  0  0  0
  - 0.26s  ----G---    0  Y   Y  1.00  0.15 1.00 -  |   480.9    442.1  0.00 |  0.0  0.0 0   0   1  0  0  0
  - 0.15s  ----G---    0  Y   Y  1.00  0.23 1.00 -  |   480.9    442.1  0.00 |  0.0  0.0 0   0   1  0  0  0
  - 0.04s  ----G---    0  Y   Y  1.00  0.32 1.00 -  |   480.9    442.1  0.00 |  0.0  0.0 0   0   1  0  0  0
=========================================================== END

[  3984  113.261 x1.00] LOG  [OniBoss] Attack → Recovery
[  3984  113.261 x1.00] LOG  [OniBoss] Playing animation: Watch
[  3984  113.261 x1.00] LOG  [OniBoss:Trail] trail END at clip 1.00, fading over 0.40s.
[  3984  113.261 x1.00] LOG  [OniBoss:Strike] Club_Swing: club tip closest to Yoru at 1.49m, clip position 0.91 | damage fires at 0.42 | clip 0.84s => damage fires 412 ms BEFORE the club is closest
[  3993  113.414 x1.00] LOG  [OniBoss] Recovery → Chase
[  3994  113.430 x1.00] LOG  [OniBoss] hold-ground: BACKSTEP 1.5m (player 3.0m)
[  4046  114.265 x1.00] LOG  [OniBoss] hold-ground: backstep done (1.34m), WATCH (player 4.3m, cooldown 0.9s)
[  4046  114.265 x1.00] LOG  [OniBoss] Playing animation: Watch
[  4105  115.233 x1.00] LOG  [OniBoss] hold-ground: cooldown over, player 4.4m > 3.5m — APPROACH
[  4105  115.233 x1.00] LOG  [OniBoss] Playing animation: Walk
[  4148  116.032 x1.00] LOG  [OniBoss] Combo started: ClubSwing1 → ClubSwing2 → ClubSlam (3 steps remaining)
[  4148  116.032 x1.00] LOG  [OniBoss] Chase → Attack
[  4148  116.032 x1.00] LOG  [OniBoss] Attack: Club_Swing (16 dmg)
[  4148  116.032 x1.00] LOG  [OniBoss:Trail] Club_Swing trail START at clip 0.42 (transition done).
[  4149  116.053 x1.00] LOG  [OniBoss:Layer] step-in: 'Club_Swing' closed 0.02m, Yoru now 3.0m away (range 3.5)
[  4164  116.352 x1.00] LOG  [CameraGameFeel] Shake: intensity=0.20 duration=0.250s
[  4164  116.352 x1.00] LOG  [Combat] Guard blocked (70% reduced)
[  4164  116.352 x1.00] LOG  [CameraGameFeel] Shake: intensity=0.25 duration=0.100s
[  4164  116.352 x1.00] LOG  [OniBoss] Hit player for 16 (Club_Swing)
[  4164  116.352 x1.00] LOG  [OniBoss:Touch] Club_Swing: club TOUCHED Yoru at clip 0.38 — shaft 0.53m from her body line, tip speed 173m/s, ONE FRAME EARLY (predicted). Full club hit delivered this frame.
[  4167  116.413 x1.00] LOG  [OniBoss:ClubPos] Club_Swing at strike: club tip 3.04m up, 1.82m in front, -3.21m to his right (3.69m out from his centre). Club faces -97deg from his forward, pitch 0.41. (the ground wave is born 1.6m in front of him at 0.35m.)
[  4167  116.413 x1.00] LOG  [OniBoss:Layer] Club_Swing: club already hit — ground wave released as VISUAL only (0 damage).
[  4191  116.892 x1.00] LOG  [OniBoss] Attack → Recovery
[  4191  116.892 x1.00] LOG  [OniBoss] Playing animation: Watch
[  4191  116.892 x1.00] LOG  [OniBoss:Trail] trail END at clip 1.00, fading over 0.40s.
[  4191  116.892 x1.00] LOG  [OniBoss:Strike] Club_Swing: club tip closest to Yoru at 0.97m, clip position 0.91 | damage fires at 0.42 | clip 0.84s => damage fires 408 ms BEFORE the club is closest
[  4199  117.053 x1.00] LOG  [OniBoss] Recovery → Attack
[  4199  117.053 x1.00] LOG  [OniBoss] Attack: ClubSwing2 (16 dmg)
[  4199  117.053 x1.00] LOG  [OniBoss:Trail] ClubSwing2 trail START at clip 1.00 (transition still blending).
[  4216  117.392 x1.00] LOG  [CameraGameFeel] Shake: intensity=0.20 duration=0.250s
[  4216  117.392 x1.00] LOG  [Combat] Guard blocked (70% reduced)
[  4216  117.392 x1.00] LOG  [CameraGameFeel] Shake: intensity=0.25 duration=0.100s
[  4216  117.392 x1.00] LOG  [OniBoss] Hit player for 20 (ClubSwing2) [combo x1.25]
[  4216  117.392 x1.00] LOG  [OniBoss:Touch] ClubSwing2: club TOUCHED Yoru at clip 0.29 — shaft 0.65m from her body line, tip speed 95m/s. Full club hit delivered this frame.
[  4219  117.452 x1.00] LOG  [OniBoss:ClubPos] ClubSwing2 at strike: club tip 0.20m up, 1.59m in front, 2.68m to his right (3.11m out from his centre). Club faces 17deg from his forward, pitch -0.89. (the ground wave is born 1.6m in front of him at 0.35m.)
[  4219  117.452 x1.00] LOG  [OniBoss:Layer] ClubSwing2: club already hit — ground wave released as VISUAL only (0 damage).
[  4227  117.602 x1.00] LOG  [Combat] Guard END
[  4240  117.853 x1.00] LOG  
==================== [FREEZE-DEBUG v3] ====================
  Reason : WASD-NOMOVE: WASD recent + speed 0.00m/s for 0.40s
  Time   : 74.291s   Frame: 4240   Snaps: 60
===========================================================

--- CURRENT STATE ---
  Flags: atk=False hvy=False dod=False dsh=False
         grd=False hit=False aerial=False lockPos=False
         comboStep=0
  Anim : speed=1.00  combatLayer hash=-1961556924 normT=0.663 weight=1.00 inTransition=True
  CC   : grounded=True  enabled=True  pos=(480.40, -0.02, 442.88)  vel=(0.00, 0.00, 0.00)
  Move : IsRunning=False
  Input: H=1.00 V=1.00  LMB=False MMB=False Q=False Sp=False Sh=False C=False
         WASD pressed in last 0.5s: True (last 0.00s ago)

--- FLIGHT RECORDER (60 snapshots, oldest first, dt=0.10s) ---
  Legend: flags = A(tk) H(vy) D(od) S(sh) G(rd) R(eact) Y(aerial) L(ock)   gnd/cc: Y/n
  t-now    flags     step gnd cc anSp normT layW tr | posX     posZ     spd   | H    V    LMB MMB Q  Sp Sh C
  ------   --------  ---- --- -- ---- ----- ---- -- | -----    -----    ----  | ---- ---- --- --- -- -- -- -
  - 6.48s  ----G---    0  Y   Y  1.00  0.49 1.00 -  |   480.9    442.1  0.00 |  0.0  0.0 0   0   1  0  0  0
  - 6.37s  ----G---    0  Y   Y  1.00  0.54 1.00 -  |   480.9    442.1  0.00 |  0.0  0.0 0   0   1  0  0  0
  - 6.26s  ----G---    0  Y   Y  1.00  0.59 1.00 -  |   480.9    442.1  0.00 |  0.0  0.0 0   0   1  0  0  0
  - 6.16s  ----G---    0  Y   Y  1.00  0.64 1.00 -  |   480.9    442.1  0.00 |  0.0  0.0 0   0   1  0  0  0
  - 6.05s  ----G---    0  Y   Y  1.00  0.70 1.00 -  |   480.9    442.1  0.00 |  0.0  0.0 0   0   1  0  0  0
  - 5.94s  ----G---    0  Y   Y  1.00  0.75 1.00 -  |   480.9    442.1  0.00 |  0.0  0.0 0   0   1  0  0  0
  - 5.83s  ----G---    0  Y   Y  1.00  0.80 1.00 -  |   480.9    442.1  0.00 |  0.0  0.0 0   0   1  0  0  0
  - 5.71s  ----G---    0  Y   Y  1.00  0.86 1.00 -  |   480.9    442.1  0.00 |  0.0  0.0 0   0   1  0  0  0
  - 5.61s  ----G---    0  Y   Y  1.00  0.91 1.00 -  |   480.9    442.1  0.00 |  0.0  0.0 0   0   1  0  0  0
  - 5.49s  ----G---    0  Y   Y  1.00  0.96 1.00 -  |   480.9    442.1  0.00 |  0.0  0.0 0   0   1  0  0  0
  - 5.38s  ----G---    0  Y   Y  1.00  0.07 1.00 -  |   480.9    442.1  0.00 |  0.0  0.0 0   0   1  0  0  0
  - 5.27s  ----G---    0  Y   Y  1.00  0.15 1.00 -  |   480.9    442.1  0.00 |  0.0  0.0 0   0   1  0  0  0
  - 5.16s  ----G---    0  Y   Y  1.00  0.23 1.00 -  |   480.9    442.1  0.00 |  0.0  0.0 0   0   1  0  0  0
  - 5.05s  ----G---    0  Y   Y  1.00  0.32 1.00 -  |   480.9    442.1  0.00 |  0.0  0.0 0   0   1  0  0  0
  - 4.95s  ----G---    0  Y   Y  1.00  0.39 1.00 -  |   480.9    442.1  0.00 |  0.0  0.0 0   0   1  0  0  0
  - 4.85s  ----G---    0  Y   Y  1.00  0.47 1.00 -  |   480.9    442.1  0.00 |  0.0  0.0 0   0   1  0  0  0
  - 4.75s  ----G---    0  Y   Y  1.00  0.55 1.00 -  |   480.9    442.1  0.00 |  0.0  0.0 0   0   1  0  0  0
  - 4.64s  ----G---    0  Y   Y  1.00  0.63 1.00 -  |   480.9    442.1  0.00 |  0.0  0.0 0   0   1  0  0  0
  - 4.54s  ----G---    0  Y   Y  1.00  0.70 1.00 -  |   480.9    442.1  0.00 |  0.0  0.0 0   0   1  0  0  0
  - 4.42s  ----G---    0  Y   Y  1.00  0.79 1.00 -  |   480.9    442.1  0.00 |  0.0  0.0 0   0   1  0  0  0
  - 4.31s  ----G---    0  Y   Y  1.00  0.87 1.00 -  |   480.9    442.1  0.00 |  0.0  0.0 0   0   1  0  0  0
  - 4.20s  ----G---    0  Y   Y  1.00  0.96 1.00 -  |   480.9    442.1  0.00 |  0.0  0.0 0   0   1  0  0  0
  - 4.10s  ----G---    0  Y   Y  1.00  1.03 1.00 -  |   480.9    442.1  0.00 |  0.0  0.0 0   0   1  0  0  0
  - 3.99s  ----G---    0  Y   Y  1.00  1.12 1.00 -  |   480.9    442.1  0.00 |  0.0  0.0 0   0   1  0  0  0
  - 3.87s  ----G---    0  Y   Y  1.00  1.20 1.00 -  |   480.9    442.1  0.00 |  0.0  0.0 0   0   1  0  0  0
  - 3.75s  ----G---    0  Y   Y  1.00  1.29 1.00 -  |   480.9    442.1  0.00 |  0.0  0.0 0   0   1  0  0  0
  - 3.65s  ----G---    0  Y   Y  1.00  1.37 1.00 -  |   480.9    442.1  0.00 |  0.0  0.0 0   0   1  0  0  0
  - 3.54s  ----G---    0  Y   Y  1.00  1.45 1.00 -  |   480.9    442.1  0.00 |  0.0  0.0 0   0   1  0  0  0
  - 3.42s  ----G---    0  Y   Y  1.00  1.54 1.00 -  |   480.9    442.1  0.00 |  0.0  0.0 0   0   1  0  0  0
  - 3.32s  ----G---    0  Y   Y  1.00  1.61 1.00 -  |   480.9    442.1  0.00 |  0.0  0.0 0   0   1  0  0  0
  - 3.20s  ----G---    0  Y   Y  1.00  1.70 1.00 -  |   480.9    442.1  0.00 |  0.0  0.0 0   0   1  0  0  0
  - 3.10s  ----G---    0  Y   Y  1.00  1.78 1.00 -  |   480.9    442.1  0.00 |  0.0  0.0 0   0   1  0  0  0
  - 2.99s  ----G---    0  Y   Y  1.00  1.86 1.00 -  |   480.9    442.1  0.00 |  0.0  0.0 0   0   1  0  0  0
  - 2.88s  ----G---    0  Y   Y  1.00  1.94 1.00 -  |   480.9    442.1  0.00 |  0.0  0.0 0   0   1  0  0  0
  - 2.77s  ----G---    0  Y   Y  1.00  2.03 1.00 -  |   480.9    442.1  0.00 |  0.0  0.0 0   0   1  0  0  0
  - 2.66s  ----G---    0  Y   Y  1.00  2.11 1.00 T  |   481.0    442.1  0.75 |  0.0 -1.0 0   0   1  0  0  0
  - 2.54s  ----G---    0  Y   Y  1.00  2.20 1.00 T  |   481.0    442.0  0.75 |  0.0 -1.0 0   0   1  0  0  0
  - 2.44s  ----G---    0  Y   Y  1.00  0.09 1.00 -  |   481.1    442.0  0.75 |  0.0 -1.0 0   0   1  0  0  0
  - 2.34s  ----G---    0  Y   Y  1.00  0.12 1.00 -  |   481.2    441.9  0.75 |  0.0 -1.0 0   0   1  0  0  0
  - 2.24s  ----G---    0  Y   Y  1.00  0.15 1.00 -  |   481.2    441.9  0.00 |  1.0  0.0 0   0   1  0  0  0
  - 2.13s  ----G---    0  Y   Y  1.00  0.19 1.00 -  |   481.2    441.9  0.00 |  1.0  0.0 0   0   1  0  0  0
  - 2.01s  ----G---    0  Y   Y  1.00  0.23 1.00 T  |   481.2    441.9  0.75 |  1.0  1.0 0   0   1  0  0  0
  - 1.90s  ----G---    0  Y   Y  1.00  0.27 1.00 T  |   481.1    442.0  0.75 |  0.0  1.0 0   0   1  0  0  0
  - 1.80s  ----G---    0  Y   Y  1.00  0.07 1.00 -  |   481.1    442.0  0.75 |  0.0  1.0 0   0   1  0  0  0
  - 1.68s  ----G---    0  Y   Y  1.00  0.11 1.00 -  |   481.0    442.1  0.75 |  0.0  1.0 0   0   1  0  0  0
  - 1.56s  ----G---    0  Y   Y  1.00  0.15 1.00 -  |   480.9    442.1  0.75 |  0.0  1.0 0   0   1  0  0  0
  - 1.46s  ----G---    0  Y   Y  1.00  0.18 1.00 -  |   480.9    442.2  0.75 |  0.0  1.0 0   0   1  0  0  0
  - 1.36s  ----G---    0  Y   Y  1.00  0.21 1.00 -  |   480.8    442.2  0.75 |  0.0  1.0 0   0   1  0  0  0
  - 1.24s  ----G---    0  Y   Y  1.00  0.25 1.00 -  |   480.7    442.2  0.75 |  0.0  1.0 0   0   1  0  0  0
  - 1.14s  ----G---    0  Y   Y  1.00  0.29 1.00 -  |   480.7    442.3  0.75 |  0.0  1.0 0   0   1  0  0  0
  - 1.04s  ----G---    0  Y   Y  1.00  0.32 1.00 -  |   480.6    442.3  0.75 |  0.0  1.0 0   0   1  0  0  0
  - 0.94s  ----G---    0  Y   Y  1.00  0.35 1.00 -  |   480.5    442.4  0.75 |  0.0  1.0 0   0   1  0  0  0
  - 0.82s  ----G---    0  Y   Y  1.00  0.39 1.00 -  |   480.5    442.4  0.75 |  0.0  1.0 0   0   1  0  0  0
  - 0.70s  ----G---    0  Y   Y  1.00  0.43 1.00 -  |   480.4    442.5  0.75 |  0.0  1.0 0   0   1  0  0  0
  - 0.58s  ----G---    0  Y   Y  1.00  0.47 1.00 -  |   480.3    442.5  0.75 | -1.0  1.0 0   0   1  0  0  0
  - 0.48s  ----G---    0  Y   Y  1.00  0.50 1.00 -  |   480.2    442.6  0.75 | -1.0  1.0 0   0   1  0  0  0
  - 0.36s  ----G---    0  Y   Y  1.00  0.54 1.00 -  |   480.2    442.6  0.21 |  0.0  1.0 0   0   1  0  0  0
  - 0.25s  --------    0  Y   Y  1.00  0.58 1.00 -  |   480.2    442.6  0.22 |  1.0  1.0 0   0   0  0  0  0
  - 0.14s  --------    0  Y   Y  1.00  0.62 1.00 T  |   480.3    442.7  0.00 |  1.0  1.0 0   0   0  0  0  0
  - 0.04s  --------    0  Y   Y  1.00  0.65 1.00 T  |   480.4    442.8  0.00 |  1.0  1.0 0   0   0  0  0  0
=========================================================== END

[  4254  118.132 x1.00] LOG  [StormWeather] ⚡ strike at (482.35, 45.00, 453.73)
[  4259  118.233 x1.00] LOG  [OniBoss] Attack → Recovery
[  4259  118.233 x1.00] LOG  [OniBoss] Playing animation: Watch
[  4259  118.233 x1.00] LOG  [OniBoss:Trail] trail END at clip 0.99, fading over 0.40s.
[  4259  118.233 x1.00] LOG  [OniBoss:Strike] ClubSwing2: club tip closest to Yoru at 1.30m, clip position 0.31 | damage fires at 0.32 | clip 1.17s => MATCHED (within one or two frames)
[  4267  118.394 x1.00] LOG  [OniBoss] Recovery → Attack
[  4267  118.394 x1.00] LOG  [OniBoss] Attack: ClubSlam (20 dmg)
[  4267  118.394 x1.00] LOG  [OniBoss:Trail] ClubSlam trail START at clip 1.00 (transition still blending).
[  4281  118.674 x1.00] LOG  [Combat] Guard START (perfect parry window: 0.2s)
[  4313  119.197 x1.00] LOG  [OniBoss:ClubPos] ClubSlam at strike: club tip 0.52m up, 2.91m in front, -0.09m to his right (2.91m out from his centre). Club faces 9deg from his forward, pitch -0.27. (the ground wave is born 1.6m in front of him at 0.35m.)
[  4313  119.197 x1.00] LOG  [OniBoss:Layer] ClubSlam: club has not connected — ground wave released ARMED, 1.6m in front, 12m/s x 12.0m = 1.00s, COMBO FINISHER: FULL 30 damage, x2.0 size, x2.0 travel.
[  4313  119.197 x1.00] LOG  [CameraGameFeel] Shake: intensity=0.50 duration=0.400s
[  4313  119.197 x1.00] LOG  [Combat] Guard blocked (70% reduced)
[  4313  119.197 x1.00] LOG  [CameraGameFeel] Shake: intensity=0.25 duration=0.100s
[  4313  119.197 x1.00] LOG  [OniBoss] Hit player for 30 (ClubSlam) [combo x1.50]
[  4313  119.197 x1.00] LOG  [OniBoss:Touch] ClubSlam: club TOUCHED Yoru at clip 0.87 — shaft 0.54m from her body line, tip speed 55m/s, ONE FRAME EARLY (predicted). Full club hit delivered this frame. This swing's wave is disarmed and flies on as visual.
[  4321  119.331 x1.00] LOG  [OniBoss] Attack → Recovery
[  4321  119.331 x1.00] LOG  [OniBoss] Playing animation: Watch
[  4321  119.331 x1.00] LOG  [OniBoss:Trail] trail END at clip 0.99, fading over 0.40s.
[  4321  119.331 x1.00] LOG  [OniBoss:Strike] ClubSlam: club tip closest to Yoru at 0.67m, clip position 0.90 | damage fires at 0.85 | clip 0.93s => damage fires 50 ms BEFORE the club is closest
[  4330  119.490 x1.00] LOG  [OniBoss] Recovery → Chase
[  4331  119.506 x1.00] LOG  [OniBoss] hold-ground: BACKSTEP 1.5m (player 1.9m)
[  4388  120.446 x1.00] LOG  [OniBoss] hold-ground: backstep done (1.50m), WATCH (player 3.5m, cooldown 0.8s)
[  4388  120.446 x1.00] LOG  [OniBoss] Playing animation: Watch
[  4439  121.301 x1.00] LOG  [OniBoss] Chase → Attack
[  4439  121.301 x1.00] LOG  [OniBoss] Attack: ClubSlam (20 dmg)
[  4439  121.301 x1.00] LOG  [OniBoss:Trail] ClubSlam trail START at clip 0.54 (transition done).
[  4445  121.396 x1.00] LOG  [OniBoss:Layer] step-in: 'ClubSlam' closed 0.45m, Yoru now 3.0m away (range 3.5)
[  4465  121.711 x1.00] LOG  [CameraGameFeel] Shake: intensity=0.50 duration=0.400s
[  4465  121.711 x1.00] LOG  [Combat] Guard blocked (70% reduced)
[  4465  121.711 x1.00] LOG  [CameraGameFeel] Shake: intensity=0.25 duration=0.100s
[  4465  121.711 x1.00] LOG  [OniBoss] Hit player for 20 (ClubSlam)
[  4465  121.711 x1.00] LOG  [OniBoss:Touch] ClubSlam: club TOUCHED Yoru at clip 0.44 — shaft 0.45m from her body line, tip speed 117m/s, ONE FRAME EARLY (predicted). Full club hit delivered this frame.
[  4491  122.112 x1.00] LOG  [OniBoss:ClubPos] ClubSlam at strike: club tip 0.66m up, 2.87m in front, -0.40m to his right (2.90m out from his centre). Club faces 0deg from his forward, pitch -0.23. (the ground wave is born 1.6m in front of him at 0.35m.)
[  4491  122.112 x1.00] LOG  [OniBoss:Layer] ClubSlam: club already hit — ground wave released as VISUAL only (0 damage).
[  4499  122.241 x1.00] LOG  [OniBoss] Attack → Recovery
[  4499  122.241 x1.00] LOG  [OniBoss] Playing animation: Watch
[  4499  122.241 x1.00] LOG  [OniBoss:Trail] trail END at clip 1.00, fading over 0.40s.
[  4499  122.241 x1.00] LOG  [OniBoss:Strike] ClubSlam: club tip closest to Yoru at 0.22m, clip position 0.86 | damage fires at 0.85 | clip 0.93s => MATCHED (within one or two frames)
[  4509  122.405 x1.00] LOG  [OniBoss] Recovery → Chase
[  4510  122.424 x1.00] LOG  [OniBoss] hold-ground: BACKSTEP 1.5m (player 3.0m)
[  4562  123.246 x1.00] LOG  [OniBoss] hold-ground: backstep done (1.32m), WATCH (player 4.3m, cooldown 1.0s)
[  4562  123.246 x1.00] LOG  [OniBoss] Playing animation: Watch
[  4588  123.673 x1.00] LOG  
==================== [FREEZE-DEBUG v3] ====================
  Reason : STUCK-FLAG: grd on for 2.51s
  Time   : 80.110s   Frame: 4588   Snaps: 60
===========================================================

--- CURRENT STATE ---
  Flags: atk=False hvy=False dod=False dsh=False
         grd=True hit=False aerial=False lockPos=False
         comboStep=0
  Anim : speed=1.00  combatLayer hash=1957562009 normT=2.095 weight=1.00 inTransition=False
  CC   : grounded=True  enabled=True  pos=(480.87, -0.02, 444.18)  vel=(0.00, 0.00, 0.00)
  Move : IsRunning=False
  Input: H=0.00 V=0.00  LMB=False MMB=False Q=True Sp=False Sh=False C=False
         WASD pressed in last 0.5s: False (last 2.92s ago)

--- FLIGHT RECORDER (60 snapshots, oldest first, dt=0.10s) ---
  Legend: flags = A(tk) H(vy) D(od) S(sh) G(rd) R(eact) Y(aerial) L(ock)   gnd/cc: Y/n
  t-now    flags     step gnd cc anSp normT layW tr | posX     posZ     spd   | H    V    LMB MMB Q  Sp Sh C
  ------   --------  ---- --- -- ---- ----- ---- -- | -----    -----    ----  | ---- ---- --- --- -- -- -- -
  - 6.52s  ----G---    0  Y   Y  1.00  0.43 1.00 -  |   480.4    442.5  0.75 |  0.0  1.0 0   0   1  0  0  0
  - 6.40s  ----G---    0  Y   Y  1.00  0.47 1.00 -  |   480.3    442.5  0.75 | -1.0  1.0 0   0   1  0  0  0
  - 6.30s  ----G---    0  Y   Y  1.00  0.50 1.00 -  |   480.2    442.6  0.75 | -1.0  1.0 0   0   1  0  0  0
  - 6.18s  ----G---    0  Y   Y  1.00  0.54 1.00 -  |   480.2    442.6  0.21 |  0.0  1.0 0   0   1  0  0  0
  - 6.07s  --------    0  Y   Y  1.00  0.58 1.00 -  |   480.2    442.6  0.22 |  1.0  1.0 0   0   0  0  0  0
  - 5.96s  --------    0  Y   Y  1.00  0.62 1.00 T  |   480.3    442.7  0.00 |  1.0  1.0 0   0   0  0  0  0
  - 5.86s  --------    0  Y   Y  1.00  0.65 1.00 T  |   480.4    442.8  0.00 |  1.0  1.0 0   0   0  0  0  0
  - 5.74s  --------    0  Y   Y  1.00  0.31 1.00 -  |   480.5    443.0  0.00 |  1.0  1.0 0   0   0  0  0  0
  - 5.62s  --------    0  Y   Y  1.00  0.43 1.00 -  |   480.6    443.2  0.00 |  1.0  1.0 0   0   0  0  0  0
  - 5.50s  --------    0  Y   Y  1.00  0.55 1.00 -  |   480.7    443.4  0.00 |  1.0  1.0 0   0   0  0  0  0
  - 5.40s  --------    0  Y   Y  1.00  0.65 1.00 -  |   480.8    443.6  0.00 |  1.0  1.0 0   0   0  0  0  0
  - 5.28s  --------    0  Y   Y  1.00  0.77 1.00 -  |   480.9    443.8  0.00 |  0.0  1.0 0   0   0  0  0  0
  - 5.16s  --------    0  Y   Y  1.00  0.89 1.00 -  |   480.9    444.1  0.00 |  0.0  0.0 0   0   0  0  0  0
  - 5.04s  --------    0  Y   Y  1.00  1.01 1.00 -  |   480.9    444.3  0.00 |  0.0  0.0 0   0   0  0  0  0
  - 4.93s  ----G---    0  Y   Y  1.00  1.13 1.00 T  |   480.8    444.4  0.00 |  0.0  0.0 0   0   1  0  0  0
  - 4.81s  ----G---    0  Y   Y  1.00  0.08 1.00 -  |   480.8    444.4  0.00 |  0.0  0.0 0   0   1  0  0  0
  - 4.70s  ----G---    0  Y   Y  1.00  0.14 1.00 -  |   480.8    444.4  0.00 |  0.0  0.0 0   0   1  0  0  0
  - 4.59s  ----G---    0  Y   Y  1.00  0.19 1.00 -  |   480.8    444.4  0.00 |  0.0  0.0 0   0   1  0  0  0
  - 4.49s  ----G---    0  Y   Y  1.00  0.24 1.00 -  |   480.8    444.4  0.00 |  0.0  0.0 0   0   1  0  0  0
  - 4.39s  ----G---    0  Y   Y  1.00  0.29 1.00 -  |   480.8    444.4  0.00 |  0.0  0.0 0   0   1  0  0  0
  - 4.28s  ----G---    0  Y   Y  1.00  0.34 1.00 -  |   480.8    444.4  0.00 |  1.0  0.0 0   0   1  0  0  0
  - 4.18s  ----G---    0  Y   Y  1.00  0.39 1.00 -  |   480.8    444.4  0.00 |  1.0  0.0 0   0   1  0  0  0
  - 4.08s  ----G---    0  Y   Y  1.00  0.43 1.00 -  |   480.8    444.4  0.00 |  1.0  0.0 0   0   1  0  0  0
  - 3.97s  ----G---    0  Y   Y  1.00  0.49 1.00 -  |   480.8    444.4  0.00 |  1.0  0.0 0   0   1  0  0  0
  - 3.87s  ----G---    0  Y   Y  1.00  0.54 1.00 -  |   480.8    444.4  0.00 |  1.0  0.0 0   0   1  0  0  0
  - 3.75s  ----G---    0  Y   Y  1.00  0.59 1.00 -  |   480.8    444.4  0.00 |  1.0  0.0 0   0   1  0  0  0
  - 3.65s  ----G---    0  Y   Y  1.00  0.64 1.00 -  |   480.8    444.4  0.00 |  1.0  0.0 0   0   1  0  0  0
  - 3.53s  ----G---    0  Y   Y  1.00  0.70 1.00 -  |   480.8    444.4  0.00 |  1.0  0.0 0   0   1  0  0  0
  - 3.43s  ----G---    0  Y   Y  1.00  0.75 1.00 -  |   480.8    444.4  0.00 |  1.0  0.0 0   0   1  0  0  0
  - 3.32s  ----G---    0  Y   Y  1.00  0.80 1.00 -  |   480.8    444.4  0.00 |  0.0  0.0 0   0   1  0  0  0
  - 3.21s  ----G---    0  Y   Y  1.00  0.86 1.00 -  |   480.8    444.4  0.00 |  0.0  0.0 0   0   1  0  0  0
  - 3.10s  ----G---    0  Y   Y  1.00  0.91 1.00 -  |   480.8    444.3  0.75 |  0.0 -1.0 0   0   1  0  0  0
  - 2.98s  ----G---    0  Y   Y  1.00  0.97 1.00 -  |   480.9    444.2  0.75 |  0.0 -1.0 0   0   1  0  0  0
  - 2.86s  ----G---    0  Y   Y  1.00  0.03 1.00 -  |   480.9    444.2  0.00 |  0.0  0.0 0   0   1  0  0  0
  - 2.75s  ----G---    0  Y   Y  1.00  0.07 1.00 T  |   480.9    444.2  0.00 |  0.0  0.0 0   0   1  0  0  0
  - 2.64s  ----G---    0  Y   Y  1.00  0.11 1.00 T  |   480.9    444.2  0.00 |  0.0  0.0 0   0   1  0  0  0
  - 2.53s  ----G---    0  Y   Y  1.00  0.20 1.00 -  |   480.9    444.2  0.00 |  0.0  0.0 0   0   1  0  0  0
  - 2.42s  ----G---    0  Y   Y  1.00  0.28 1.00 -  |   480.9    444.2  0.00 |  0.0  0.0 0   0   1  0  0  0
  - 2.31s  ----G---    0  Y   Y  1.00  0.37 1.00 -  |   480.9    444.2  0.00 |  0.0  0.0 0   0   1  0  0  0
  - 2.20s  ----G---    0  Y   Y  1.00  0.45 1.00 -  |   480.9    444.2  0.00 |  0.0  0.0 0   0   1  0  0  0
  - 2.09s  ----G---    0  Y   Y  1.00  0.53 1.00 -  |   480.9    444.2  0.00 |  0.0  0.0 0   0   1  0  0  0
  - 1.98s  ----G---    0  Y   Y  1.00  0.61 1.00 -  |   480.9    444.2  0.00 |  0.0  0.0 0   0   1  0  0  0
  - 1.87s  ----G---    0  Y   Y  1.00  0.70 1.00 -  |   480.9    444.2  0.00 |  0.0  0.0 0   0   1  0  0  0
  - 1.76s  ----G---    0  Y   Y  1.00  0.78 1.00 -  |   480.9    444.2  0.00 |  0.0  0.0 0   0   1  0  0  0
  - 1.65s  ----G---    0  Y   Y  1.00  0.86 1.00 -  |   480.9    444.2  0.00 |  0.0  0.0 0   0   1  0  0  0
  - 1.55s  ----G---    0  Y   Y  1.00  0.94 1.00 -  |   480.9    444.2  0.00 |  0.0  0.0 0   0   1  0  0  0
  - 1.43s  ----G---    0  Y   Y  1.00  1.02 1.00 -  |   480.9    444.2  0.00 |  0.0  0.0 0   0   1  0  0  0
  - 1.32s  ----G---    0  Y   Y  1.00  1.11 1.00 -  |   480.9    444.2  0.00 |  0.0  0.0 0   0   1  0  0  0
  - 1.20s  ----G---    0  Y   Y  1.00  1.19 1.00 -  |   480.9    444.2  0.00 |  0.0  0.0 0   0   1  0  0  0
  - 1.09s  ----G---    0  Y   Y  1.00  1.28 1.00 -  |   480.9    444.2  0.00 |  0.0  0.0 0   0   1  0  0  0
  - 0.99s  ----G---    0  Y   Y  1.00  1.35 1.00 -  |   480.9    444.2  0.00 |  0.0  0.0 0   0   1  0  0  0
  - 0.88s  ----G---    0  Y   Y  1.00  1.44 1.00 -  |   480.9    444.2  0.00 |  0.0  0.0 0   0   1  0  0  0
  - 0.77s  ----G---    0  Y   Y  1.00  1.52 1.00 -  |   480.9    444.2  0.00 |  0.0  0.0 0   0   1  0  0  0
  - 0.66s  ----G---    0  Y   Y  1.00  1.60 1.00 -  |   480.9    444.2  0.00 |  0.0  0.0 0   0   1  0  0  0
  - 0.56s  ----G---    0  Y   Y  1.00  1.68 1.00 -  |   480.9    444.2  0.00 |  0.0  0.0 0   0   1  0  0  0
  - 0.46s  ----G---    0  Y   Y  1.00  1.75 1.00 -  |   480.9    444.2  0.00 |  0.0  0.0 0   0   1  0  0  0
  - 0.35s  ----G---    0  Y   Y  1.00  1.84 1.00 -  |   480.9    444.2  0.00 |  0.0  0.0 0   0   1  0  0  0
  - 0.23s  ----G---    0  Y   Y  1.00  1.92 1.00 -  |   480.9    444.2  0.00 |  0.0  0.0 0   0   1  0  0  0
  - 0.12s  ----G---    0  Y   Y  1.00  2.00 1.00 -  |   480.9    444.2  0.00 |  0.0  0.0 0   0   1  0  0  0
  - 0.02s  ----G---    0  Y   Y  1.00  2.08 1.00 -  |   480.9    444.2  0.00 |  0.0  0.0 0   0   1  0  0  0
=========================================================== END

[  4621  124.212 x1.00] LOG  [OniBoss] hold-ground: cooldown over, player 4.3m > 3.5m — APPROACH
[  4621  124.212 x1.00] LOG  [OniBoss] Playing animation: Walk
[  4666  124.923 x1.00] LOG  [OniBoss] Combo started: ClubSwing1 → ClubSwing2 → ClubSlam (3 steps remaining)
[  4666  124.923 x1.00] LOG  [OniBoss] Chase → Attack
[  4666  124.923 x1.00] LOG  [OniBoss] Attack: Club_Swing (16 dmg)
[  4666  124.923 x1.00] LOG  [OniBoss:Trail] Club_Swing trail START at clip 0.38 (transition done).
[  4667  124.942 x1.00] LOG  [OniBoss:Layer] step-in: 'Club_Swing' closed 0.04m, Yoru now 3.0m away (range 3.5)
[  4686  125.241 x1.00] LOG  [CameraGameFeel] Shake: intensity=0.20 duration=0.250s
[  4686  125.241 x1.00] LOG  [Combat] Guard blocked (70% reduced)
[  4686  125.241 x1.00] LOG  [CameraGameFeel] Shake: intensity=0.25 duration=0.100s
[  4686  125.241 x1.00] LOG  [OniBoss] Hit player for 16 (Club_Swing)
[  4686  125.241 x1.00] LOG  [OniBoss:Touch] Club_Swing: club TOUCHED Yoru at clip 0.38 — shaft 0.30m from her body line, tip speed 174m/s, ONE FRAME EARLY (predicted). Full club hit delivered this frame.
[  4690  125.312 x1.00] LOG  [OniBoss:ClubPos] Club_Swing at strike: club tip 3.03m up, 0.41m in front, -3.23m to his right (3.25m out from his centre). Club faces -128deg from his forward, pitch 0.39. (the ground wave is born 1.6m in front of him at 0.35m.)
[  4690  125.312 x1.00] LOG  [OniBoss:Layer] Club_Swing: club already hit — ground wave released as VISUAL only (0 damage).
[  4719  125.773 x1.00] LOG  [OniBoss] Attack → Recovery
[  4719  125.773 x1.00] LOG  [OniBoss] Playing animation: Watch
[  4719  125.773 x1.00] LOG  [OniBoss:Trail] trail END at clip 1.00, fading over 0.40s.
[  4719  125.773 x1.00] LOG  [OniBoss:Strike] Club_Swing: club tip closest to Yoru at 1.51m, clip position 0.92 | damage fires at 0.42 | clip 0.84s => damage fires 417 ms BEFORE the club is closest
[  4729  125.927 x1.00] LOG  [OniBoss] Recovery → Attack
[  4729  125.927 x1.00] LOG  [OniBoss] Attack: ClubSwing2 (16 dmg)
[  4729  125.927 x1.00] LOG  [OniBoss:Trail] ClubSwing2 trail START at clip 1.00 (transition still blending).
[  4747  126.213 x1.00] LOG  [Combat] Guard END
[  4750  126.263 x1.00] LOG  [CameraGameFeel] Shake: intensity=0.20 duration=0.250s
[  4750  126.263 x1.00] LOG  [Combat] Hit react: HitReact_Light_2Leg (0.5s)
[  4750  126.263 x1.00] LOG  [CameraGameFeel] Shake: intensity=0.30 duration=0.200s
[  4750  126.263 x1.00] LOG  [CameraGameFeel] FOV punch: player damage (-2.0°)
[  4750  126.263 x1.00] LOG  [OniBoss] Hit player for 20 (ClubSwing2) [combo x1.25]
[  4750  126.263 x1.00] LOG  [OniBoss:Touch] ClubSwing2: club TOUCHED Yoru at clip 0.29 — shaft 0.15m from her body line, tip speed 92m/s, ONE FRAME EARLY (predicted). Full club hit delivered this frame.
[  4753  126.307 x1.00] LOG  [HitReactTrace] asked for 'HitReact_Light_2Leg' (0.50s) — blend resolved after 45 ms, now playing a clip 1.21s long at speed 1.00, layer weight 1.00, animator.speed 1.00.
[  4754  126.323 x1.00] LOG  [OniBoss:ClubPos] ClubSwing2 at strike: club tip 0.21m up, 1.57m in front, 2.70m to his right (3.12m out from his centre). Club faces 18deg from his forward, pitch -0.89. (the ground wave is born 1.6m in front of him at 0.35m.)
[  4754  126.323 x1.00] LOG  [OniBoss:Layer] ClubSwing2: club already hit — ground wave released as VISUAL only (0 damage).
[  4804  127.117 x1.00] LOG  [OniBoss] Attack → Recovery
[  4804  127.117 x1.00] LOG  [OniBoss] Playing animation: Watch
[  4804  127.117 x1.00] LOG  [OniBoss:Trail] trail END at clip 1.00, fading over 0.40s.
[  4804  127.117 x1.00] LOG  [OniBoss:Strike] ClubSwing2: club tip closest to Yoru at 0.49m, clip position 0.30 | damage fires at 0.32 | clip 1.17s => MATCHED (within one or two frames)
[  4814  127.273 x1.00] LOG  [OniBoss] Recovery → Attack
[  4814  127.273 x1.00] LOG  [OniBoss] Attack: ClubSlam (20 dmg)
[  4814  127.273 x1.00] LOG  [OniBoss:Trail] ClubSlam trail START at clip 1.00 (transition still blending).
[  4825  127.447 x1.00] LOG  [Combat] Combo 1: 10 dmg
[  4825  127.447 x1.00] LOG  [ComboTrace] START step=1 state='Combo1' queued=0 target='OniBoss' at 4.7m
[  4825  127.447 x1.00] LOG  [ComboTrace] LAUNCH OniBoss at 1.7m dist=1.72m in 0.17s
[  4836  127.634 x1.00] LOG  [ComboTrace] LAUNCH RESULT wanted=1.72m actually moved=1.02m — completed
[  4838  127.666 x1.00] LOG  [CameraGameFeel] Shake: intensity=0.50 duration=0.400s
[  4838  127.666 x1.00] LOG  [Combat] Hit react: HitReact_Heavy_2Leg (0.9s)
[  4838  127.666 x1.00] LOG  [HitReactTrace] asked for 'HitReact_Heavy_2Leg' (0.90s) — blend resolved after 0 ms, now playing a clip 1.23s long at speed 1.60, layer weight 1.00, animator.speed 1.00.
[  4838  127.666 x1.00] LOG  [CameraGameFeel] Shake: intensity=0.60 duration=0.200s
[  4838  127.666 x1.00] LOG  [CameraGameFeel] FOV punch: player damage (-3.0°)
[  4838  127.666 x1.00] LOG  [OniBoss] Hit player for 30 (ClubSlam) [combo x1.50]
[  4838  127.666 x1.00] LOG  [OniBoss:Touch] ClubSlam: club TOUCHED Yoru at clip 0.43 — shaft 0.33m from her body line, tip speed 120m/s, ONE FRAME EARLY (predicted). Full club hit delivered this frame.
[  4863  128.077 x1.00] LOG  [OniBoss:ClubPos] ClubSlam at strike: club tip 0.58m up, 2.90m in front, -0.22m to his right (2.91m out from his centre). Club faces 5deg from his forward, pitch -0.25. (the ground wave is born 1.6m in front of him at 0.35m.)
[  4863  128.077 x1.00] LOG  [OniBoss:Layer] ClubSlam: club already hit — ground wave released as VISUAL only (0 damage), finisher size x2.0.
[  4871  128.206 x1.00] LOG  [OniBoss] Attack → Recovery
[  4871  128.206 x1.00] LOG  [OniBoss] Playing animation: Watch
[  4871  128.206 x1.00] LOG  [OniBoss:Trail] trail END at clip 0.99, fading over 0.40s.
[  4871  128.206 x1.00] LOG  [OniBoss:Strike] ClubSlam: club tip closest to Yoru at 0.38m, clip position 0.94 | damage fires at 0.85 | clip 0.93s => damage fires 87 ms BEFORE the club is closest
[  4881  128.372 x1.00] LOG  [OniBoss] Recovery → Chase
[  4882  128.388 x1.00] LOG  [OniBoss] hold-ground: BACKSTEP 1.5m (player 2.0m)
[  4894  128.583 x1.00] LOG  [Combat] Combo 1: 10 dmg
[  4894  128.583 x1.00] LOG  [ComboTrace] START step=1 state='Combo1' queued=0 target='OniBoss' at 2.3m
[  4894  128.583 x1.00] LOG  [ComboTrace] LAUNCH OniBoss at 1.1m dist=1.07m in 0.13s
[  4902  128.735 x1.00] LOG  [ComboTrace] LAUNCH RESULT wanted=1.07m actually moved=0.48m — completed
[  4905  128.783 x1.00] LOG  [Combat] Queued click #1 (combo 1)
[  4905  128.783 x1.00] LOG  [ComboTrace] QUEUED #1 during step 1
[  4919  128.997 x1.00] LOG  [Combat] Queued click #2 (combo 1)
[  4919  128.997 x1.00] LOG  [ComboTrace] QUEUED #2 during step 1
[  4931  129.182 x1.00] LOG  [ComboTrace] CLICK IGNORED (step=1 queued=2)
[  4941  129.343 x1.00] LOG  [OniBoss] hold-ground: backstep done (1.52m), WATCH (player 3.0m, cooldown 0.8s)
[  4941  129.343 x1.00] LOG  [OniBoss] Playing animation: Watch
[  4942  129.358 x1.00] LOG  🐾 VFX_AttackPaw triggered!
[  4944  129.393 x1.00] LOG  [ComboTrace] CLICK IGNORED (step=1 queued=2)
[  4951  129.498 x1.00] LOG  [Combat] Combo 2: 20 dmg
[  4951  129.498 x1.00] LOG  [ComboTrace] START step=2 state='Combo2' queued=1 target='OniBoss' at 3.0m
[  4951  129.498 x1.00] LOG  [ComboTrace] LAUNCH OniBoss at 1.7m dist=1.74m in 0.17s
[  4956  129.595 x1.00] LOG  [ComboTrace] CLICK DROPPED by attackCooldown (0.10s, 0.10s since last attack) step=2
[  4962  129.688 x1.00] LOG  [ComboTrace] LAUNCH RESULT wanted=1.74m actually moved=1.04m — completed
[  4971  129.829 x1.00] LOG  [Combat] Queued click #2 (combo 2)
[  4971  129.829 x1.00] LOG  [ComboTrace] QUEUED #2 during step 2
[  4984  130.034 x1.00] LOG  [ComboTrace] CLICK IGNORED (step=2 queued=2)
[  4993  130.177 x1.00] LOG  [OniBoss] Chase → Attack
[  4993  130.177 x1.00] LOG  [OniBoss] Attack: ClubSwing2 (16 dmg)
[  4993  130.177 x1.00] LOG  [OniBoss:Trail] ClubSwing2 trail START at clip 0.53 (transition done).
[  4995  130.207 x1.00] LOG  [ComboTrace] CLICK IGNORED (step=2 queued=2)
[  5003  130.334 x1.00] LOG  🐾🐾 VFX_TowPaw triggered!
[  5004  130.353 x1.00] LOG  OniBoss took 20 damage. HP: 260/500
[  5004  130.353 x1.00] LOG  [OniBoss] 🤕 Hit during Attack — flash only
[  5004  130.353 x1.00] LOG  [Combat] Hit OniBoss for 20
[  5004  130.353 x1.00] LOG  [CameraGameFeel] Shake: intensity=0.50 duration=0.200s
[  5004  130.353 x1.00] LOG  [CameraGameFeel] FOV punch: hit light (+1.5°)
[  5007  130.407 x1.00] LOG  [ComboTrace] CLICK IGNORED (step=2 queued=2)
[  5016  130.554 x1.00] LOG  [CameraGameFeel] Shake: intensity=0.20 duration=0.250s
[  5016  130.554 x1.00] LOG  [Combat] Hit react: HitReact_Light_2Leg (0.5s)
[  5016  130.554 x1.00] LOG  [HitReactTrace] asked for 'HitReact_Light_2Leg' (0.50s) — blend resolved after 0 ms, now playing a clip 1.75s long at speed 1.60, layer weight 1.00, animator.speed 1.00.
[  5016  130.554 x1.00] LOG  [CameraGameFeel] Shake: intensity=0.30 duration=0.200s
[  5016  130.554 x1.00] LOG  [CameraGameFeel] FOV punch: player damage (-2.0°)
[  5016  130.554 x1.00] LOG  [OniBoss] Hit player for 16 (ClubSwing2)
[  5016  130.554 x1.00] LOG  [OniBoss:Touch] ClubSwing2: club TOUCHED Yoru at clip 0.29 — shaft 0.64m from her body line, tip speed 93m/s. Full club hit delivered this frame.
[  5020  130.617 x1.00] LOG  [OniBoss:ClubPos] ClubSwing2 at strike: club tip 0.49m up, 1.15m in front, 3.14m to his right (3.35m out from his centre). Club faces 41deg from his forward, pitch -0.89. (the ground wave is born 1.6m in front of him at 0.35m.)
[  5020  130.617 x1.00] LOG  [OniBoss:Layer] ClubSwing2: club already hit — ground wave released as VISUAL only (0 damage).
[  5058  131.233 x1.00] LOG  [Combat] Combo 1: 10 dmg
[  5058  131.233 x1.00] LOG  [ComboTrace] START step=1 state='Combo1' queued=0 target='OniBoss' at 2.3m
[  5058  131.233 x1.00] LOG  [ComboTrace] LAUNCH OniBoss at 1.1m dist=1.11m in 0.13s
[  5066  131.368 x1.00] LOG  [ComboTrace] LAUNCH RESULT wanted=1.11m actually moved=0.35m — completed
[  5068  131.397 x1.00] LOG  [OniBoss] Attack → Recovery
[  5068  131.397 x1.00] LOG  [OniBoss] Playing animation: Watch
[  5068  131.397 x1.00] LOG  [OniBoss:Trail] trail END at clip 1.00, fading over 0.40s.
[  5068  131.397 x1.00] LOG  [OniBoss:Strike] ClubSwing2: club tip closest to Yoru at 1.11m, clip position 0.31 | damage fires at 0.32 | clip 1.17s => MATCHED (within one or two frames)
[  5069  131.416 x1.00] LOG  [Combat] Queued click #1 (combo 1)
[  5069  131.416 x1.00] LOG  [ComboTrace] QUEUED #1 during step 1
[  5078  131.563 x1.00] LOG  [OniBoss] Recovery → Chase
[  5079  131.577 x1.00] LOG  [OniBoss] hold-ground: BACKSTEP 1.5m (player 2.0m)
[  5083  131.637 x1.00] LOG  [Combat] Queued click #2 (combo 1)
[  5083  131.637 x1.00] LOG  [ComboTrace] QUEUED #2 during step 1
[  5097  131.856 x1.00] LOG  [ComboTrace] CLICK IGNORED (step=1 queued=2)
[  5097  131.856 x1.00] LOG  OniBoss took 10 damage. HP: 250/500
[  5097  131.856 x1.00] LOG  [OniBoss] Chase → HitReact
[  5097  131.856 x1.00] LOG  [OniBoss:Layer] react tier: LIGHT (10 dmg) → 'Hit_react_light'
[  5097  131.856 x1.00] LOG  [Combat] Hit OniBoss for 10
[  5097  131.856 x1.00] LOG  [CameraGameFeel] Shake: intensity=0.50 duration=0.200s
[  5097  131.856 x1.00] LOG  [CameraGameFeel] FOV punch: hit light (+1.5°)
[  5098  131.873 x1.00] LOG  [OniBoss] ⚡ PHASE 2 ACTIVATED
[  5098  131.873 x1.00] LOG  [OniBoss] HitReact → Stagger
[  5098  131.873 x1.00] LOG  [OniBoss] Playing animation: Stagger
[  5098  131.873 x1.00] LOG  [OniBoss] STAGGERED for 2.5s
[  5098  131.873 x1.00] LOG  [OniBoss] STAGGERED (parry) for 3s
[  5098  131.873 x1.00] LOG  [OniBoss:Layer] PHASE 2: transition 'Phase_Transition' driven at x0.60 + 0.6s hold — untouchable, roar at 0.60
[  5099  131.893 x1.00] LOG  [StormWeather] ⚡ strike at (475.24, 45.00, 448.85)
[  5099  131.893 x1.00] LOG  [StormWeather] PHASE 2 - storm breaking.
[  5099  131.893 x1.00] LOG  [OniBoss:Layer] PHASE 2: clip is 2.42s → 4.63s on screen
[  5108  132.054 x1.00] LOG  🐾 VFX_AttackPaw triggered!
[  5109  132.073 x1.00] LOG  [ComboTrace] CLICK IGNORED (step=1 queued=2)
[  5116  132.190 x1.00] LOG  [Combat] Combo 2: 20 dmg
[  5116  132.190 x1.00] LOG  [ComboTrace] START step=2 state='Combo2' queued=1 target='OniBoss' at 2.4m
[  5116  132.190 x1.00] LOG  [ComboTrace] LAUNCH OniBoss at 1.2m dist=1.21m in 0.13s
[  5121  132.277 x1.00] LOG  [ComboTrace] CLICK DROPPED by attackCooldown (0.10s, 0.09s since last attack) step=2
[  5124  132.323 x1.00] LOG  [ComboTrace] LAUNCH RESULT wanted=1.21m actually moved=0.47m — completed
[  5135  132.504 x1.00] LOG  [Combat] Queued click #2 (combo 2)
[  5135  132.504 x1.00] LOG  [ComboTrace] QUEUED #2 during step 2
[  5166  133.014 x1.00] LOG  🐾🐾 VFX_TowPaw triggered!
[  5167  133.035 x1.00] LOG  [Combat] Hit OniBoss for 20
[  5167  133.035 x1.00] LOG  [CameraGameFeel] Shake: intensity=0.50 duration=0.200s
[  5167  133.035 x1.00] LOG  [CameraGameFeel] FOV punch: hit light (+1.5°)
[  5171  133.108 x1.00] LOG  [ComboTrace] CLICK IGNORED (step=2 queued=2)
[  5198  133.543 x1.00] LOG  🐾🐾 VFX_TowPaw triggered!
[  5200  133.573 x1.00] LOG  [Combat] Combo 3: 35 dmg
[  5200  133.573 x1.00] LOG  [ComboTrace] START step=3 state='Combo3' queued=1 target='OniBoss' at 2.0m
[  5200  133.573 x1.00] LOG  [ComboTrace] LAUNCH OniBoss at 0.8m dist=0.81m in 0.13s
[  5204  133.634 x1.00] LOG  [CameraGameFeel] Shake: intensity=0.50 duration=0.200s
[  5204  133.634 x1.00] LOG  [CameraGameFeel] FOV punch: hit light (+1.5°)
[  5209  133.718 x1.00] LOG  
==================== [FREEZE-DEBUG v3] ====================
  Reason : STUCK-FLAG: atk on for 2.50s
  Time   : 90.156s   Frame: 5209   Snaps: 60
===========================================================

--- CURRENT STATE ---
  Flags: atk=True hvy=False dod=False dsh=False
         grd=False hit=False aerial=False lockPos=False
         comboStep=3
  Anim : speed=1.00  combatLayer hash=-985085662 normT=0.077 weight=1.00 inTransition=False
  CC   : grounded=True  enabled=True  pos=(477.52, -0.02, 443.90)  vel=(0.00, 0.00, 0.00)
  Move : IsRunning=False
  Input: H=0.00 V=-1.00  LMB=False MMB=False Q=False Sp=False Sh=False C=False
         WASD pressed in last 0.5s: True (last 0.00s ago)

--- FLIGHT RECORDER (60 snapshots, oldest first, dt=0.10s) ---
  Legend: flags = A(tk) H(vy) D(od) S(sh) G(rd) R(eact) Y(aerial) L(ock)   gnd/cc: Y/n
  t-now    flags     step gnd cc anSp normT layW tr | posX     posZ     spd   | H    V    LMB MMB Q  Sp Sh C
  ------   --------  ---- --- -- ---- ----- ---- -- | -----    -----    ----  | ---- ---- --- --- -- -- -- -
  - 6.45s  --------    0  Y   Y  1.00  0.48 1.00 -  |   480.9    444.2  0.00 |  0.0  0.0 0   0   0  0  0  0
  - 6.35s  --------    0  Y   Y  1.00  0.58 1.00 -  |   480.9    444.2  0.00 |  0.0  0.0 1   0   0  0  0  0
  - 6.24s  A-------    1  Y   Y  1.00  0.69 1.00 T  |   480.3    444.1  0.00 |  0.0  0.0 0   0   0  0  0  0
  - 6.13s  A-------    1  Y   Y  1.00  0.10 1.00 -  |   479.9    444.1  0.00 |  0.0  0.0 0   0   0  1  0  0
  - 6.02s  -----R--    0  Y   Y  1.00  0.19 1.00 T  |   479.9    444.1  0.00 |  0.0  0.0 0   0   0  1  0  0
  - 5.92s  -----R--    0  Y   Y  1.00  0.17 1.00 -  |   479.9    444.1  0.00 |  0.0  0.0 0   0   0  0  0  0
  - 5.82s  -----R--    0  Y   Y  1.00  0.25 1.00 -  |   479.9    444.1  0.00 |  0.0  0.0 1   0   0  1  0  0
  - 5.70s  -----R--    0  Y   Y  1.00  0.34 1.00 -  |   479.9    444.1  0.00 |  0.0  0.0 0   0   0  0  0  0
  - 5.60s  -----R--    0  Y   Y  1.00  0.42 1.00 -  |   479.9    444.1  0.00 |  0.0  0.0 1   0   0  0  0  0
  - 5.50s  -----R--    0  Y   Y  1.00  0.51 1.00 -  |   479.9    444.1  0.00 |  0.0  0.0 0   0   0  1  0  0
  - 5.38s  -----R--    0  Y   Y  1.00  0.61 1.00 -  |   479.9    444.1  0.00 |  0.0  0.0 1   0   0  0  0  0
  - 5.27s  -----R--    0  Y   Y  1.00  0.71 1.00 -  |   479.9    444.1  0.00 |  0.0  0.0 0   0   0  1  0  0
  - 5.15s  -----R--    0  Y   Y  1.00  0.80 1.00 -  |   479.9    444.1  0.00 |  0.0  0.0 1   0   0  0  0  0
  - 5.04s  A-------    1  Y   Y  1.00  0.06 1.00 -  |   479.4    444.1  0.00 |  0.0  0.0 0   0   0  1  0  0
  - 4.94s  A-------    1  Y   Y  1.00  0.15 1.00 -  |   479.4    444.1  0.00 |  0.0  0.0 0   0   0  0  0  0
  - 4.83s  A-------    1  Y   Y  1.00  0.24 1.00 -  |   479.4    444.1  0.00 |  0.0  0.0 0   0   0  1  0  0
  - 4.72s  A-------    1  Y   Y  1.00  0.33 1.00 -  |   479.4    444.1  0.00 |  0.0  0.0 0   0   0  0  0  0
  - 4.61s  A-------    1  Y   Y  1.00  0.41 1.00 -  |   479.4    444.1  0.00 |  0.0  0.0 1   0   0  1  0  0
  - 4.50s  A-------    1  Y   Y  1.00  0.50 1.00 -  |   479.4    444.1  0.00 |  0.0  0.0 0   0   0  0  0  0
  - 4.39s  A-------    1  Y   Y  1.00  0.59 1.00 -  |   479.4    444.1  0.00 |  0.0  0.0 1   0   0  1  0  0
  - 4.28s  A-------    1  Y   Y  1.00  0.68 1.00 -  |   479.4    444.1  0.00 |  0.0  0.0 0   0   0  0  0  0
  - 4.16s  A-------    2  Y   Y  1.00  0.78 1.00 T  |   478.5    444.0  0.00 |  0.0  0.0 1   0   0  1  0  0
  - 4.06s  A-------    2  Y   Y  1.00  0.07 1.00 -  |   478.3    444.0  0.00 |  0.0  0.0 0   0   0  1  0  0
  - 3.95s  A-------    2  Y   Y  1.00  0.14 1.00 -  |   478.3    444.0  0.00 |  0.0  0.0 1   0   0  0  0  0
  - 3.84s  A-------    2  Y   Y  1.00  0.20 1.00 -  |   478.3    444.0  0.00 |  0.0  0.0 0   0   0  1  0  0
  - 3.73s  A-------    2  Y   Y  1.00  0.26 1.00 -  |   478.3    444.0  0.00 |  0.0  0.0 1   0   0  0  0  0
  - 3.62s  A-------    2  Y   Y  1.00  0.32 1.00 -  |   478.3    444.0  0.00 |  0.0  0.0 0   0   0  1  0  0
  - 3.51s  A-------    2  Y   Y  1.00  0.39 1.00 -  |   478.3    444.0  0.00 |  0.0  0.0 0   0   0  0  0  0
  - 3.40s  A-------    2  Y   Y  1.00  0.45 1.00 -  |   478.3    444.0  0.00 |  0.0  0.0 0   0   0  1  0  0
  - 3.30s  A-------    2  Y   Y  1.00  0.49 1.00 -  |   478.3    444.0  0.00 |  0.0  0.0 0   0   0  0  0  0
  - 3.18s  A-------    2  Y   Y  1.00  0.55 1.00 -  |   478.3    444.0  0.00 |  0.0  0.0 1   0   0  0  0  0
  - 3.08s  -----R--    0  Y   Y  1.00  0.12 1.00 -  |   478.3    444.0  0.00 |  0.0  0.0 0   0   0  1  0  0
  - 2.98s  -----R--    0  Y   Y  1.00  0.21 1.00 -  |   478.3    444.0  0.00 |  0.0  0.0 1   0   0  0  0  0
  - 2.86s  -----R--    0  Y   Y  1.00  0.30 1.00 -  |   478.3    444.0  0.00 |  0.0  0.0 0   0   0  1  0  0
  - 2.76s  -----R--    0  Y   Y  1.00  0.38 1.00 -  |   478.3    444.0  0.00 |  0.0  0.0 1   0   0  0  0  0
  - 2.65s  --------    0  Y   Y  1.00  0.48 1.00 -  |   478.3    444.0  0.00 |  0.0  0.0 0   0   0  1  0  0
  - 2.55s  --------    0  Y   Y  1.00  0.09 1.00 -  |   478.3    444.0  0.00 |  0.0  0.0 1   0   0  0  0  0
  - 2.43s  A-------    1  Y   Y  1.00  0.20 1.00 T  |   478.0    443.9  0.00 |  0.0  0.0 0   0   0  0  0  0
  - 2.32s  A-------    1  Y   Y  1.00  0.12 1.00 -  |   478.0    443.9  0.00 |  0.0  0.0 1   0   0  1  0  0
  - 2.20s  A-------    1  Y   Y  1.00  0.21 1.00 -  |   478.0    443.9  0.00 |  0.0  0.0 0   0   0  0  0  0
  - 2.10s  A-------    1  Y   Y  1.00  0.30 1.00 -  |   478.0    443.9  0.00 |  0.0  0.0 1   0   0  0  0  0
  - 1.99s  A-------    1  Y   Y  1.00  0.39 1.00 -  |   478.0    443.9  0.00 |  0.0  0.0 0   0   0  0  0  0
  - 1.88s  A-------    1  Y   Y  1.00  0.48 1.00 -  |   478.0    443.9  0.00 |  0.0  0.0 1   0   0  0  0  0
  - 1.77s  A-------    1  Y   Y  1.00  0.54 1.00 -  |   478.0    443.9  0.00 |  0.0  0.0 0   0   0  0  0  0
  - 1.66s  A-------    1  Y   Y  1.00  0.62 1.00 -  |   478.0    443.9  0.00 |  0.0  0.0 1   0   0  0  0  0
  - 1.56s  A-------    1  Y   Y  1.00  0.71 1.00 -  |   478.0    443.9  0.00 |  0.0  0.0 0   0   0  0  0  0
  - 1.46s  A-------    2  Y   Y  1.00  0.02 1.00 -  |   477.5    443.9  0.00 |  0.0  0.0 1   0   0  0  0  0
  - 1.35s  A-------    2  Y   Y  1.00  0.09 1.00 -  |   477.5    443.9  0.00 |  0.0  0.0 0   0   0  1  0  0
  - 1.23s  A-------    2  Y   Y  1.00  0.15 1.00 -  |   477.5    443.9  0.00 |  0.0  0.0 1   0   0  1  0  0
  - 1.12s  A-------    2  Y   Y  1.00  0.22 1.00 -  |   477.5    443.9  0.00 |  0.0  0.0 0   0   0  0  0  0
  - 1.00s  A-------    2  Y   Y  1.00  0.28 1.00 -  |   477.5    443.9  0.00 |  0.0  0.0 0   0   0  0  0  0
  - 0.90s  A-------    2  Y   Y  1.00  0.34 1.00 -  |   477.5    443.9  0.00 |  0.0  0.0 0   0   0  1  0  0
  - 0.79s  A-------    2  Y   Y  1.00  0.41 1.00 -  |   477.5    443.9  0.00 |  0.0  0.0 0   0   0  0  0  0
  - 0.68s  A-------    2  Y   Y  1.00  0.46 1.00 -  |   477.5    443.9  0.00 |  0.0  0.0 1   0   0  0  0  0
  - 0.58s  A-------    2  Y   Y  1.00  0.50 1.00 -  |   477.5    443.9  0.00 |  0.0  0.0 0   0   0  1  0  0
  - 0.46s  A-------    2  Y   Y  1.00  0.57 1.00 -  |   477.5    443.9  0.00 |  0.0  0.0 0   0   0  0  0  0
  - 0.34s  A-------    2  Y   Y  1.00  0.63 1.00 -  |   477.5    443.9  0.00 |  0.0  0.0 0   0   0  0  0  0
  - 0.24s  A-------    2  Y   Y  1.00  0.70 1.00 -  |   477.5    443.9  0.00 |  0.0  0.0 0   0   0  0  0  0
  - 0.13s  A-------    3  Y   Y  1.00  0.76 1.00 -  |   477.5    443.9  0.00 |  0.0 -1.0 0   0   0  0  0  0
  - 0.01s  A-------    3  Y   Y  1.00  0.06 1.00 -  |   477.5    443.9  0.00 |  0.0 -1.0 0   0   0  0  0  0
=========================================================== END

[  5209  133.718 x1.00] LOG  [ComboTrace] LAUNCH RESULT wanted=0.81m actually moved=0.00m — completed
[  5218  133.864 x1.00] LOG  [StormWeather] ⚡ strike at (473.60, 45.00, 441.60)
[  5244  134.293 x1.00] LOG  [CameraGameFeel] Shake: intensity=0.60 duration=0.500s
[  5244  134.293 x1.00] LOG  [OniBoss:Layer] PHASE 2: roar at 2.42s
[  5245  134.309 x1.00] LOG  [BossBar] Bar switched to phase 2
[  5245  134.309 x1.00] LOG  [OniBoss:Layer] boss bar → phase 2 crimson
[  5252  134.424 x1.00] LOG  [ComboTrace] END step=3 clipProgress=0.96 clipLen=0.79s queued=0 elapsed=0.85s
[  5366  136.504 x1.00] LOG  [OniBoss] Stagger → Chase
[  5366  136.504 x1.00] LOG  [OniBoss:Layer] PHASE 2: transition over after 4.63s real — he is back, and angrier
[  5367  136.518 x1.00] LOG  [OniBoss] Playing animation: Watch
[  5367  136.518 x1.00] LOG  [OniBoss] hold-ground: cooldown over, player 3.9m > 3.5m — APPROACH
[  5367  136.518 x1.00] LOG  [OniBoss] Playing animation: Walk
[  5401  137.049 x1.00] LOG  [OniBoss] Combo started: ClubSwing1 → ClubSwing2 → ClubSlam (3 steps remaining)
[  5401  137.049 x1.00] LOG  [OniBoss] Chase → Attack
[  5401  137.049 x1.00] LOG  [OniBoss] Attack: Club_Swing (16 dmg)
[  5401  137.049 x1.00] LOG  [OniBoss:Trail] Club_Swing trail START at clip 0.28 (transition done).
[  5403  137.084 x1.00] LOG  [StormWeather] terrain layers restored to dry values.
# end — 1007 lines
