# Oni combat log — 2026-09-20 21:13:33
# Unity 6000.2.7f2 | scene 'CaveScene_Oni_Boss1' | platform OSXEditor
# columns: [frame realSeconds timeScale] KIND message      (KIND: LOG WARN ERR EXC TEL)
#
[     0    0.000 x1.00] LOG  [OniLog] console + telemetry → /Users/asenahazal/Documents/Yoru/OniLogs/oni_2026-09-20_21-13-33.log
[     0    0.000 x1.00] LOG  [OniHairShadows] shadow casting off on 27 hair renderers
[     0    0.000 x1.00] LOG  [RingMesh] Auto-found 11/11 left, 11/11 right meshes
[     1    0.000 x1.00] LOG  [GameOver] ready (sumi-e): PlayerCombat found, ink shader ok, paper set, kanji set, font YujiSyuku-Regular SDF, Main Menu faint (no scene set)
[     1    0.000 x1.00] LOG  [PeachUI] row ready: 4 peaches, 64 px, TopLeft, bleed sprite set, PlayerHealth found
[     1    0.000 x1.00] LOG  [BossBar] BossHealthBarUI initialized
[     1    0.000 x1.00] LOG  [StormWeather] layer 'TerrainLayer_Dirt_01' dry smoothness=0.00 (restore to this if a crash ever leaves it wet)
[     1    0.000 x1.00] LOG  [StormWeather] post volumes ready on layer 9 (storm priority 10, flash priority 11).
[     1    0.000 x1.00] LOG  [StormWeather] ROUND 80: fur weather ready on 'Weather Zone'. Rain 0, wind 0.50 in the open, sky check 30 m from 'PlayerYoru_1.1'.
[     1    0.000 x1.00] LOG  [StormWeather] COZY bridge: Rain_Cave retired, COZY owns the rain now.
[     1    0.000 x1.00] LOG  [StormWeather] COZY → 'Clear' (pre-fight - open sky, 0 s)
[     1    0.000 x1.00] LOG  [StormWeather] Ready. Open sky, dry floor. Waiting for the fight.
[     1    0.000 x1.00] LOG  OniBoss initialized with 2500 HP
[     1    0.000 x1.00] LOG  [OniBoss] ANIMATOR SETUP: cullingMode=CullUpdateTransforms updateMode=Normal applyRootMotion=False speed=1
[     1    0.000 x1.00] LOG  [OniBoss] Initialized
[     1    0.000 x1.00] LOG  [OniBoss:Layer] facing: minFlat 1m, snapOnAttack off, trackInHitReact off, aimTurn 540 deg/s for the first 0.20 of the swing
[     1    0.000 x1.00] LOG  [OniBoss:Layer] Yoru launch model ON: launches ALL THE WAY to an enemy within 4.7m of its surface at 10m/s (stop gap 0.00m, NO minimum distance), else steps 0.90m forward. Targeting cone left exactly as her prefab has it.
[     1    0.000 x1.00] LOG  [OniBoss:Layer] Yoru launch ROUND 9: airborne attacks launch too (ON), edge probe now runs on its OWN layer mask (Everything) instead of the line-of-sight mask - the Ground-only mask found no floor in this cave and was cancelling 100% of launches at 0.00m travelled.
[     1    0.000 x1.00] LOG  [OniBoss:Layer] animator speed x1.35 — his 1.13s swing now plays in 0.84s.
[     1    0.000 x1.00] LOG  [OniBoss:Layer] chase speed pushed: phase1 4.5, phase2 5.5 (Yoru runs at 7).
[     1    0.000 x1.00] LOG  [OniBoss:Layer] ground wave ON (round 38): half the club's damage on TOUCH, 12m/s x 6.0m from 1.6m in front at 0.35m height — a club hit cancels that swing's wave, jumping clears it. Per-attack effects come from the Swing Wave VFX By Attack rows. PlayerHealth found, PlayerMovement found.
[     1    0.000 x1.00] LOG  [StormWeather] storm break HELD (waiting for the lightning beat)
[     1    0.000 x1.00] LOG  [OniBoss:Layer] storm break HELD — it releases at the lightning-on-the-club beat.
[     1    0.000 x1.00] LOG  [OniBoss:Layer] club tracking ON — tip 'Kanabo3' (depth 4), shaft root 'kanabo'.
[     1    0.000 x1.00] LOG  [OniBoss:Layer] skinned meshes: 46 renderer(s), updateWhenOffscreen ON, body renderer 'Body' rootBone 'Hips'
[     1    0.000 x1.00] LOG  [OniBoss:Layer] charge travel bone: 'Hips' at depth 1 under 'OniBoss', rest local (0.00, 3.24, -0.24)
[     1    0.000 x1.00] LOG  [OniBoss:Layer] anti-kite ON: thrown swing after 4s of failed chase (within 7.6m), charge after 6s.
[     1    0.000 x1.00] LOG  [OniBoss:Layer] charge drive ON (windup to 0.40 at x1.3, rush 14m/s stops at 2.6m, steers 0.35s then commits, strike section from 0.58, strike moment 0.76, trail VFX off)
[     1    0.000 x1.00] LOG  [OniBoss:Layer] attack armor ON (his swings are not interrupted by light/medium hits; heavy hits and rapid-hit bursts still stop him)
[     1    0.000 x1.00] LOG  [OniBoss:Layer] strike moments overridden: Club_Swing=0.42 ClubSwing2=0.32 ClubSlam=0.85 KanaboSweep=0.48
[     1    0.000 x1.00] LOG  [OniBoss:Layer] club TOUCH hits ON (radius 0.70m, min tip speed 50m/s, armed from 0.20 of the clip): Club_Swing ClubSwing2 ClubSlam KanaboSweep. First touch wins — club full damage, wave half, one hit per swing.
[     1    0.000 x1.00] LOG  [OniBoss:Layer] combo damage ramp ON: mid x1.25, finisher x1.50 — finisher wave carries FULL damage at x2.0 size, x2.0 travel.
[     1    0.000 x1.00] LOG  [OniBoss:Layer] charge follow-up ON: 90 % of solo charges chain into a random melee finisher.
[     1    0.000 x1.00] LOG  [OniBoss:Layer] hold-ground ON (backstep 1.5m @ 1.6m/s after own attacks, watch 'Watch', attack facing LOCKED)
[     1    0.000 x1.00] LOG  [OniBoss:Layer] OniBoss layer ready (reactions, wake-on-hit, watch stance, boss bar). player=found
[     1    0.000 x1.00] LOG  [OniBoss:Layer] charge clip 'Oni Charge.fbx' imports with Root Motion Node = None (in place) — good.
[     1    0.000 x1.00] LOG  [OniBoss:Layer] clips importing with Root Transform Position (Y) NOT baked into pose (12): Oni_Alert(Oni Alert), Club_Slam(Oni Club Slam), Club_Swing(Oni Club Swing), Club_swing2(Oni Club Swing 2), Death(Oni Death Kneel), Hit_react_light(Oni Hit react lighter light), KanaboSweep(Oni Kanabo sweep), Phase_Transition(Oni Phase transition), run(Oni Run), Walk(Oni Walk), Watch(Oni Watch), Idle(Oni Idle) — their hips' up/down motion is stripped (see round notes; optional).
[     1    0.000 x1.00] LOG  === VFX MANAGER INITIALIZED ===
[     1    0.000 x1.00] LOG  Auto-detect animations: False
[     1    0.000 x1.00] LOG  Parent effects to tail: True
[     1    0.000 x1.00] LOG  Prefabs: Jump=True, Land=True, LTail=True, RTail=True
[     1    0.000 x1.00] LOG  ✅ Left Tail Tip: LeftTailTip_Anchor
[     1    0.000 x1.00] LOG  ✅ Right Tail Tip: RightTailTip_Anchor
[     1    0.000 x1.00] LOG  [VolumetricFogController] applyPresets is OFF in this scene. The Volumetric Fog component keeps its hand-set inspector values.
[     1    0.000 x1.00] LOG  [TailAirShot] Ready. drawState=RightTail_Fast castParam=TailCastSpeed (found)
  arrow leaves: PlayerYoru_1.1/Cat_All_10_Tails_v4/Group/DeformationSystem/root/Root_M/Tail15_R/Tail151_R/Tail152_R/Tail153_R/Tail154_R/Tail155_R/Tail156_R/Tail157_R/Tail158_R/Tail159_R/Tail1510_R/Tail1511_R/Tail1512_R/Tail6_R/Tail6_R_end/Tail6_R_end_end/Tail6_R_end_end_end/RightTailTip_Anchor
  aim VFX: PlayerYoru_1.1/Cat_All_10_Tails_v4/Group/DeformationSystem/root/Root_M/Tail15_R/Tail151_R/Tail152_R/Tail153_R/Tail154_R/Tail155_R/Tail156_R/Tail157_R/Tail158_R/Tail159_R/Tail1510_R/Tail1511_R/Tail1512_R/Tail6_R/Tail6_R_end/Tail6_R_end_end/Tail6_R_end_end_end/RightTailTip_Anchor/vfx_Muzzle_Fireball01Blue
[     1    0.000 x1.00] LOG  [RingMesh] VFX Status:
[     1    0.000 x1.00] LOG    Left: Prefab=✓, Spawn=Tail6_L_end_end_end
[     1    0.000 x1.00] LOG    Right: Prefab=✓, Spawn=Tail6_R_end_end_end
[     1    0.000 x1.00] LOG  [TailAirShot4Leg] Ready. drawState=shoot_4Leg castParam=Shoot4LegSpeed (found) readyFrame=5 fireFrame=10 frames=24 slowBudget=3s real damageMultiplier=2.00
  arrow leaves: PlayerYoru_1.1/Cat_All_10_Tails_v4/Group/DeformationSystem/root/Root_M/Tail15_R/Tail151_R/Tail152_R/Tail153_R/Tail154_R/Tail155_R/Tail156_R/Tail157_R/Tail158_R/Tail159_R/Tail1510_R/Tail1511_R/Tail1512_R/Tail6_R/Tail6_R_end/Tail6_R_end_end/Tail6_R_end_end_end/RightTailTip_Anchor
  aim VFX left:  PlayerYoru_1.1/Cat_All_10_Tails_v4/Group/DeformationSystem/root/Root_M/Tail15_L/Tail151_L/Tail152_L/Tail153_L/Tail154_L/Tail155_L/Tail156_L/Tail157_L/Tail158_L/Tail159_L/Tail1510_L/Tail1511_L/Tail1512_L/Tail6_L/Tail6_L_end/Tail6_L_end_end/Tail6_L_end_end_end/LeftTailTip_Anchor/Glow_4Leg_L
  aim VFX right: PlayerYoru_1.1/Cat_All_10_Tails_v4/Group/DeformationSystem/root/Root_M/Tail15_R/Tail151_R/Tail152_R/Tail153_R/Tail154_R/Tail155_R/Tail156_R/Tail157_R/Tail158_R/Tail159_R/Tail1510_R/Tail1511_R/Tail1512_R/Tail6_R/Tail6_R_end/Tail6_R_end_end/Tail6_R_end_end_end/RightTailTip_Anchor/Glow_4Leg_R
[     1    0.000 x1.00] LOG  [PlayerCombat] Phase 2 form gate CONNECTED (FormController found on this GameObject).
[     1    0.000 x1.00] LOG  [Combat] PlayerCombat initialized, Phase 3C v27
[     1    0.000 x1.00] LOG  [CameraGameFeel] CameraGameFeel initialized (shake + FOV)
[     1    5.501 x1.00] LOG  [OniBoss] Playing animation: Idle
[    63    7.180 x1.00] LOG  💨 Landing VFX spawned!
[    63    7.180 x1.00] LOG  ✅ LANDED! (was jump #0)
[   614   10.764 x1.00] LOG  [OniBoss:Layer] watch stance ON (player 15.0m)
[   749   11.622 x1.00] LOG  [OniBoss] LostSoul → Alert
[   749   11.622 x1.00] LOG  [OniBoss] Playing animation: Oni_Alert
[   749   11.622 x1.00] LOG  [BossBar] Showing bar for: Oni (2500/2500)
[   749   11.622 x1.00] LOG  [OniBoss:Layer] boss bar shown
[   750   11.631 x1.00] LOG  [StormWeather] COZY → 'Yoru_Oni_Phase1_Storm' (fight engaged - storm rolls in, 0 s)
[   750   11.631 x1.00] LOG  [StormWeather] FIGHT STARTED (he engaged) - storm on, floor starts to soak.
[   751   11.638 x1.00] WARN The referenced script on this Behaviour (Game Object '<null>') is missing!
[   751   11.638 x1.00] WARN The referenced script on this Behaviour (Game Object 'Lightning Light') is missing!
[   751   11.638 x1.00] WARN The referenced script on this Behaviour (Game Object 'Lightning Light') is missing!
[   780   11.873 x1.00] LOG  [StormWeather] fur: rain reaching the coat (intensity 0.01, follows floor wetness).
[   793   11.965 x1.00] LOG  🐾 4-LEG JUMP #0
[   793   11.965 x1.00] LOG  🐾 Jump 1 VFX spawned!
[   813   12.123 x1.00] LOG  [OniBoss] Alert → Chase
[   814   12.134 x1.00] LOG  [OniBoss] Pull-band decision: RUN-IN (dist 6.0m, pullRange 0m, chance 0.50)
[   814   12.134 x1.00] LOG  [OniBoss] Playing animation: run
[   851   12.374 x1.00] LOG  [ComboTrace] LAUNCH OniBoss at 3.2m dist=3.20m in 0.32s (capped short) [AIRBORNE]
[   851   12.374 x1.00] LOG  [Combat] Aerial spin, 25 dmg
[   851   12.374 x1.00] LOG  [YoruVFX] Air spin: 'VFX_Void_Burst_AirSpinYoru' at CenterVFX, 46 systems, longest 1.00s fitted to 0.79s at speed 1.27, 8 forced Local, 38 delays zeroed, tail 2.37s
[   851   12.374 x1.00] LOG  [AirPosePin] engaged, holding body at 1.459m above the transform
[   858   12.437 x1.00] LOG  [OniBoss] Playing animation: Watch
[   858   12.437 x1.00] LOG  [OniBoss] Chase → Attack
[   858   12.437 x1.00] LOG  [OniBoss] Attack: Club_Swing (16 dmg)
[   858   12.437 x1.00] LOG  [OniBoss:Trail] Club_Swing trail START at clip 0.32 (transition done).
[   858   12.437 x1.00] LOG  [StormWeather] storm post weight -> 0.40
[   869   12.533 x1.00] LOG  OniBoss took 10 damage. HP: 2490/2500
[   869   12.533 x1.00] LOG  [Stance] OniBoss 10/100 (+10 light)
[   869   12.533 x1.00] LOG  [OniBoss] 🤕 Hit during Attack — flash only
[   869   12.533 x1.00] LOG  [Momentum] 0 -> 1 (hit), speed x1.05, damage x1.05, impact x1.05
[   869   12.533 x1.00] LOG  [CameraGameFeel] Shake: intensity=0.06 duration=0.080s
[   869   12.533 x1.00] LOG  [CameraGameFeel] Shake: intensity=0.53 duration=0.200s
[   869   12.533 x1.00] LOG  [CameraGameFeel] FOV punch: hit light (+1.5°)
[   888   12.685 x1.00] LOG  OniBoss took 10 damage. HP: 2480/2500
[   888   12.685 x1.00] LOG  [Stance] OniBoss 20/100 (+10 light)
[   888   12.685 x1.00] LOG  [OniBoss] 🤕 Hit during Attack — flash only
[   888   12.685 x1.00] LOG  [CameraGameFeel] Shake: intensity=0.18 duration=0.200s
[   889   12.693 x1.00] LOG  [ComboTrace] LAUNCH RESULT wanted=3.20m actually moved=2.57m, completed
[   907   12.841 x1.00] LOG  💨 Landing VFX spawned!
[   907   12.841 x1.00] LOG  ✅ LANDED! (was jump #1)
[   907   12.841 x1.00] LOG  OniBoss took 10 damage. HP: 2470/2500
[   907   12.841 x1.00] LOG  [Stance] OniBoss 30/100 (+10 light)
[   907   12.841 x1.00] LOG  [OniBoss] 🤕 Hit during Attack — flash only
[   907   12.841 x1.00] LOG  [Momentum] 1 -> 2 (hit), speed x1.10, damage x1.10, impact x1.10
[   907   12.841 x1.00] LOG  [CameraGameFeel] Shake: intensity=0.06 duration=0.080s
[   907   12.841 x1.00] LOG  [CameraGameFeel] Shake: intensity=0.19 duration=0.200s
[   907   12.841 x1.00] LOG  [AirPosePin] released, peak correction was 0.000m
[   908   12.849 x1.00] LOG  [OniBoss:ClubPos] Club_Swing at strike: club tip 3.02m up, 2.79m in front, -2.78m to his right (3.94m out from his centre). Club faces -76deg from his forward, pitch 0.40. (the ground wave is born 1.6m in front of him at 0.35m.)
[   908   12.849 x1.00] LOG  [OniBoss:Layer] Club_Swing: club has not connected — ground wave released ARMED, 1.6m in front, 12m/s x 6.0m = 0.50s, carrying 8 (half of the club's 16).
[   909   12.857 x1.00] LOG  [Peach] light hit 8 dmg: 1 bite. 15/16 bites = 3.75 of 4 peaches
[   909   12.857 x1.00] LOG  [Momentum] 2 -> 1 (light hit taken, 50% = -1), speed x1.05, damage x1.05, impact x1.05
[   909   12.857 x1.00] LOG  [YoruVFX] Spin VFX stopped, fading for 2.37s
[   909   12.857 x1.00] LOG  [Combat] Combo memory: light hit, keeping step 3
[   909   12.857 x1.00] LOG  [Combat] Hit react: HitReact_Light_2Leg (0.5s, clip starts at 0.35s)
[   909   12.857 x1.00] LOG  [CameraGameFeel] Shake: intensity=0.30 duration=0.200s
[   909   12.857 x1.00] LOG  [CameraGameFeel] FOV punch: player damage (-2.0°)
[   909   12.857 x1.00] LOG  [OniBoss:Wave] wave TOUCHED Yoru (grounded) for 8 after 0.1m / 0.01s of travel.
[   912   12.881 x1.00] LOG  [HitReactTrace] asked for 'HitReact_Light_2Leg' (0.50s, clip start 0.35s): playing it, blend resolved after 24 ms, state 1.21s long at speed 1.00, now at 0.37s, layer weight 1.00, animator.speed 1.00.
[   973   13.329 x1.00] LOG  [OniBoss] Attack → Recovery
[   973   13.329 x1.00] LOG  [OniBoss] Playing animation: Watch
[   973   13.329 x1.00] LOG  [OniBoss:Trail] trail END at clip 1.00, fading over 0.40s.
[   973   13.329 x1.00] LOG  [OniBoss:Strike] Club_Swing: club tip closest to Yoru at 0.52m, clip position 0.90 | damage fires at 0.42 | clip 0.84s => damage fires 406 ms BEFORE the club is closest
[   995   13.479 x1.00] LOG  [OniBoss] Recovery → Chase
[   996   13.485 x1.00] LOG  [OniBoss] hold-ground: BACKSTEP 1.5m (player 2.2m)
[  1090   14.093 x1.00] LOG  [OniBoss] hold-ground: backstep done (0.97m), WATCH (player 4.3m, cooldown 1.2s)
[  1090   14.093 x1.00] LOG  [OniBoss] Playing animation: Watch
[  1118   14.299 x1.00] LOG  [OniBoss] Playing animation: run
[  1190   14.815 x1.00] LOG  [OniBoss] Playing animation: Idle
[  1190   14.815 x1.00] LOG  [OniBoss] Playing animation: Walk
[  1199   14.882 x1.00] LOG  [OniBoss] Playing animation: Idle
[  1209   14.954 x1.00] LOG  🐾 4-LEG JUMP #0
[  1209   14.954 x1.00] LOG  🐾 Jump 1 VFX spawned!
[  1227   15.074 x1.00] LOG  [ComboTrace] LAUNCH OniBoss at 1.2m dist=1.24m in 0.13s [AIRBORNE]
[  1227   15.074 x1.00] LOG  [Combat] Aerial spin, 25 dmg
[  1227   15.074 x1.00] LOG  [YoruVFX] Air spin: 'VFX_Void_Burst_AirSpinYoru' at CenterVFX, 46 systems, longest 1.00s fitted to 0.79s at speed 1.27, 8 forced Local, 38 delays zeroed, tail 2.37s
[  1227   15.074 x1.00] LOG  OniBoss took 10 damage. HP: 2460/2500
[  1227   15.074 x1.00] LOG  [Stance] OniBoss 25/100 (+10 light)
[  1227   15.074 x1.00] LOG  [OniBoss] Chase → HitReact
[  1227   15.074 x1.00] LOG  [OniBoss:Layer] react tier: LIGHT (10 dmg) → 'Hit_react_light'
[  1227   15.074 x1.00] LOG  [Momentum] 1 -> 2 (hit), speed x1.10, damage x1.10, impact x1.10
[  1227   15.074 x1.00] LOG  [CameraGameFeel] Shake: intensity=0.06 duration=0.080s
[  1227   15.074 x1.00] LOG  [CameraGameFeel] Shake: intensity=0.55 duration=0.200s
[  1227   15.074 x1.00] LOG  [CameraGameFeel] FOV punch: hit light (+1.5°)
[  1227   15.074 x1.00] LOG  [AirPosePin] engaged, holding body at 0.537m above the transform
[  1243   15.200 x1.00] LOG  [ComboTrace] LAUNCH RESULT wanted=1.24m actually moved=1.08m, completed
[  1247   15.226 x1.00] LOG  OniBoss took 11 damage. HP: 2449/2500
[  1247   15.226 x1.00] LOG  [Stance] OniBoss 35/100 (+10 light)
[  1247   15.226 x1.00] LOG  [OniBoss:Layer] burst: 2 hits / 21 dmg → flinch upgraded to 'HitReact_medium'
[  1247   15.226 x1.00] LOG  [CameraGameFeel] Shake: intensity=0.19 duration=0.200s
[  1267   15.379 x1.00] LOG  OniBoss took 11 damage. HP: 2438/2500
[  1267   15.379 x1.00] LOG  [Stance] OniBoss 45/100 (+10 light)
[  1267   15.379 x1.00] LOG  [Momentum] 2 -> 3 (hit), speed x1.15, damage x1.15, impact x1.15
[  1267   15.379 x1.00] LOG  [CameraGameFeel] Shake: intensity=0.06 duration=0.080s
[  1267   15.379 x1.00] LOG  [CameraGameFeel] Shake: intensity=0.20 duration=0.200s
[  1287   15.535 x1.00] LOG  OniBoss took 12 damage. HP: 2426/2500
[  1287   15.535 x1.00] LOG  [Stance] OniBoss 55/100 (+10 light)
[  1287   15.535 x1.00] LOG  [CameraGameFeel] Shake: intensity=0.20 duration=0.200s
[  1322   15.804 x1.00] LOG  [YoruVFX] Spin VFX stopped, fading for 2.37s
[  1326   15.828 x1.00] LOG  [ComboTrace] END step=3 clipProgress=0.90 clipLen=0.79s queued=0 elapsed=0.75s
[  1327   15.835 x1.00] LOG  [AirPosePin] released, peak correction was -0.060m
[  1332   15.879 x1.00] LOG  [OniBoss] HitReact → Chase
[  1333   15.885 x1.00] LOG  [OniBoss] Playing animation: Watch
[  1333   15.885 x1.00] LOG  [OniBoss] hold-ground: cooldown over, player 3.7m > 3.5m — APPROACH
[  1333   15.885 x1.00] LOG  [OniBoss] Playing animation: Walk
[  1338   15.920 x1.00] LOG  💨 Landing VFX spawned!
[  1338   15.920 x1.00] LOG  ✅ LANDED! (was jump #1)
[  1403   16.384 x1.00] LOG  [OniBoss] Combo started: ClubSwing1 → ClubSwing2 → ClubSlam (3 steps remaining)
[  1403   16.384 x1.00] LOG  [OniBoss] Chase → Attack
[  1403   16.384 x1.00] LOG  [OniBoss] Attack: Club_Swing (16 dmg)
[  1403   16.384 x1.00] LOG  [OniBoss:Trail] Club_Swing trail START at clip 0.27 (transition done).
[  1404   16.391 x1.00] LOG  [OniBoss:Layer] step-in: 'Club_Swing' closed 0.04m, Yoru now 3.0m away (range 3.5)
[  1454   16.727 x1.00] LOG  [YoruVFX] guard bubble on at y=0.050 (floor 0.000, her root y=-0.020, lift 0.05, floor tilt 0 deg)
[  1454   16.727 x1.00] LOG  [Combat] Guard START (perfect parry window: 0.2s)
[  1456   16.744 x1.00] LOG  [OniBoss:ClubPos] Club_Swing at strike: club tip 3.02m up, 2.74m in front, -2.82m to his right (3.93m out from his centre). Club faces -77deg from his forward, pitch 0.40. (the ground wave is born 1.6m in front of him at 0.35m.)
[  1456   16.744 x1.00] LOG  [OniBoss:Layer] Club_Swing: club has not connected — ground wave released ARMED, 1.6m in front, 12m/s x 6.0m = 0.50s, carrying 8 (half of the club's 16).
[  1457   16.756 x1.00] LOG  [Combat] PERFECT PARRY!
[  1457   16.756 x1.00] LOG  [Momentum] 3 -> 5 (parry), speed x1.25, damage x1.25, impact x1.25
[  1457   16.756 x1.00] LOG  [CameraGameFeel] Shake: intensity=0.14 duration=0.080s
[  1457   16.756 x1.00] LOG  [Peach] healed 1 bite. 16/16 bites = 4 of 4 peaches
[  1457   16.756 x1.00] LOG  [OniBoss] Attack → Stagger
[  1457   16.756 x1.00] LOG  [OniBoss] Playing animation: Stagger
[  1457   16.756 x1.00] LOG  [OniBoss] STAGGERED for 2.5s
[  1457   16.756 x1.00] LOG  [OniBoss] STAGGERED (parry) for 1.2s
[  1457   16.756 x1.00] LOG  [Combat] Parry stagger: OniBoss for 1.2s
[  1457   16.756 x1.00] LOG  OniBoss punish window! 15 → 22 (x1.5)
[  1457   16.756 x1.00] LOG  OniBoss took 22 damage (HEAVY). HP: 2404/2500
[  1457   16.756 x1.00] LOG  [Stance] OniBoss 85/100 (+30 heavy)
[  1457   16.756 x1.00] LOG  [OniBoss:Layer] heavy knock-back react (22 dmg HEAVY) → 'HitReact_Heavy', down for 1.80s
[  1457   16.756 x1.00] LOG  [Momentum] 5 -> 6 (hit), speed x1.30, damage x1.30, impact x1.30
[  1457   16.756 x1.00] LOG  [CameraGameFeel] Shake: intensity=0.06 duration=0.080s
[  1457   16.756 x1.00] LOG  [Combat] Parry counter damage: 15
[  1457   16.756 x1.00] LOG  [CameraGameFeel] Shake: intensity=0.75 duration=0.300s
[  1457   16.756 x1.00] LOG  [CameraGameFeel] FOV punch: parry (-3.0°)
[  1457   16.756 x1.00] LOG  [CameraGameFeel] Ram: toward (483.06, 0.86, 400.81) dist=0.45m
[  1457   16.756 x1.00] LOG  [OniBoss:Wave] wave TOUCHED Yoru (grounded) for 8 after 0.1m / 0.01s of travel.
[  1457   16.756 x1.00] LOG  [OniBoss:Strike] Club_Swing: club tip closest to Yoru at 3.36m, clip position 0.40 | damage fires at 0.42 | clip 0.84s => MATCHED (within one or two frames)
[  1458   16.767 x1.00] LOG  [OniBoss:Trail] trail END at clip 0.43, fading over 0.40s.
[  1711   18.564 x1.00] LOG  [OniBoss] Stagger → Chase
[  1712   18.571 x1.00] LOG  [OniBoss] Playing animation: Idle
[  1712   18.571 x1.00] LOG  [OniBoss] hold-ground: cooldown over, player 3.9m > 3.5m — APPROACH
[  1712   18.571 x1.00] LOG  [OniBoss] Playing animation: Walk
[  1725   18.658 x1.00] WARN The referenced script on this Behaviour (Game Object '<null>') is missing!
[  1725   18.658 x1.00] WARN The referenced script on this Behaviour (Game Object 'Lightning Light') is missing!
[  1725   18.658 x1.00] WARN The referenced script on this Behaviour (Game Object 'Lightning Light') is missing!
[  1779   19.094 x1.00] LOG  [OniBoss] Chase → Attack
[  1779   19.094 x1.00] LOG  [OniBoss] Attack: ClubSwing2 (16 dmg)
[  1779   19.094 x1.00] LOG  [OniBoss:Trail] ClubSwing2 trail START at clip 0.28 (transition done).
[  1780   19.106 x1.00] LOG  [OniBoss:Layer] step-in: 'ClubSwing2' closed 0.04m, Yoru now 3.0m away (range 3.5)
[  1800   19.257 x1.00] LOG  [Momentum] 6 -> 5 (drain), speed x1.25, damage x1.25, impact x1.25
[  1824   19.432 x1.00] LOG  [CameraGameFeel] Shake: intensity=0.20 duration=0.250s
[  1824   19.432 x1.00] LOG  [Peach] blocked 16 dmg: 1 bite. 15/16 bites = 3.75 of 4 peaches
[  1824   19.432 x1.00] LOG  [Combat] Guard blocked (70% reduced)
[  1824   19.432 x1.00] LOG  [CameraGameFeel] Shake: intensity=0.25 duration=0.100s
[  1824   19.432 x1.00] LOG  [OniBoss] Hit player for 16 (ClubSwing2)
[  1824   19.432 x1.00] LOG  [OniBoss:Touch] ClubSwing2: club TOUCHED Yoru at clip 0.29, shaft 0.41m from her body line, head 0.83 along the club, tip 1.38m up, tip speed 99m/s, ONE FRAME EARLY (predicted). Full club hit delivered this frame.
[  1830   19.479 x1.00] LOG  [OniBoss:ClubPos] ClubSwing2 at strike: club tip 0.14m up, 1.71m in front, 2.54m to his right (3.06m out from his centre). Club faces 10deg from his forward, pitch -0.88. (the ground wave is born 1.6m in front of him at 0.35m.)
[  1830   19.479 x1.00] LOG  [OniBoss:Layer] ClubSwing2: club already hit — ground wave released as VISUAL only (0 damage).
[  1870   19.764 x1.00] LOG  [Momentum] 5 -> 4 (drain), speed x1.20, damage x1.20, impact x1.20
[  1933   20.245 x1.00] LOG  [Combat] Guard END
[  1935   20.264 x1.00] LOG  [Momentum] 4 -> 3 (drain), speed x1.15, damage x1.15, impact x1.15
[  1935   20.264 x1.00] LOG  [OniBoss] Attack → Recovery
[  1935   20.264 x1.00] LOG  [OniBoss] Playing animation: Watch
[  1935   20.264 x1.00] LOG  [OniBoss:Trail] trail END at clip 1.00, fading over 0.40s.
[  1935   20.264 x1.00] LOG  [OniBoss:Strike] ClubSwing2: club tip closest to Yoru at 0.37m, clip position 0.30 | damage fires at 0.32 | clip 1.17s => MATCHED (within one or two frames)
[  1957   20.424 x1.00] LOG  [OniBoss] Recovery → Chase
[  1958   20.431 x1.00] LOG  [OniBoss] hold-ground: BACKSTEP 1.5m (player 3.0m)
[  2005   20.769 x1.00] LOG  [Momentum] 3 -> 2 (drain), speed x1.10, damage x1.10, impact x1.10
[  2051   21.106 x1.00] LOG  [Combat] Combo window expired
[  2051   21.106 x1.00] LOG  [Combat] Combo 1: 10 dmg
[  2051   21.106 x1.00] LOG  [ComboTrace] START step=1 state='Combo1' queued=0 target='OniBoss' at 4.2m
[  2051   21.106 x1.00] LOG  [ComboTrace] LAUNCH OniBoss at 2.8m dist=2.80m in 0.28s
[  2067   21.237 x1.00] LOG  [Combat] Queued click #1 (combo 1)
[  2067   21.237 x1.00] LOG  [ComboTrace] QUEUED #1 during step 1
[  2071   21.270 x1.00] LOG  [Momentum] 2 -> 1 (drain), speed x1.05, damage x1.05, impact x1.05
[  2085   21.374 x1.00] LOG  [OniBoss] hold-ground: backstep done (1.50m), WATCH (player 2.1m, cooldown 0.9s)
[  2085   21.374 x1.00] LOG  [OniBoss] Playing animation: Idle
[  2086   21.380 x1.00] LOG  [OniBoss] Playing animation: Walk
[  2087   21.386 x1.00] LOG  [ComboTrace] LAUNCH RESULT wanted=2.80m actually moved=2.49m, completed
[  2091   21.413 x1.00] LOG  [Combat] Queued click #2 (combo 1)
[  2091   21.413 x1.00] LOG  [ComboTrace] QUEUED #2 during step 1
[  2107   21.535 x1.00] LOG  OniBoss took 10 damage. HP: 2394/2500
[  2107   21.535 x1.00] LOG  [Stance] OniBoss 30/100 (+10 light)
[  2107   21.535 x1.00] LOG  [OniBoss] Chase → HitReact
[  2107   21.535 x1.00] LOG  [OniBoss:Layer] react tier: LIGHT (10 dmg) → 'Hit_react_light'
[  2107   21.535 x1.00] LOG  [Momentum] 1 -> 2 (hit), speed x1.10, damage x1.10, impact x1.10
[  2107   21.535 x1.00] LOG  [CameraGameFeel] Shake: intensity=0.06 duration=0.080s
[  2107   21.535 x1.00] LOG  [Combat] Hit OniBoss for 10
[  2107   21.535 x1.00] LOG  [CameraGameFeel] Shake: intensity=0.55 duration=0.200s
[  2107   21.535 x1.00] LOG  [CameraGameFeel] FOV punch: hit light (+1.5°)
[  2120   21.645 x1.00] LOG  [ComboTrace] CLICK IGNORED (step=1 queued=2)
[  2125   21.686 x1.00] LOG  🐾 VFX_AttackPaw triggered!
[  2138   21.786 x1.00] LOG  [Combat] Combo 2: 20 dmg
[  2138   21.786 x1.00] LOG  [ComboTrace] START step=2 state='Combo2' queued=1 target='OniBoss' at 2.0m
[  2138   21.786 x1.00] LOG  [ComboTrace] LAUNCH OniBoss at 1.0m dist=0.95m in 0.13s
[  2144   21.835 x1.00] LOG  [ComboTrace] CLICK DROPPED by attackCooldown (0.10s, 0.05s since last attack) step=2
[  2156   21.922 x1.00] LOG  [ComboTrace] LAUNCH RESULT wanted=0.95m actually moved=0.06m, completed
[  2164   21.980 x1.00] LOG  [Combat] Queued click #2 (combo 2)
[  2164   21.980 x1.00] LOG  [ComboTrace] QUEUED #2 during step 2
[  2196   22.225 x1.00] LOG  [ComboTrace] CLICK IGNORED (step=2 queued=2)
[  2211   22.336 x1.00] LOG  [OniBoss] HitReact → Chase
[  2212   22.345 x1.00] LOG  [OniBoss] Playing animation: Idle
[  2212   22.345 x1.00] LOG  [OniBoss] Combo started: swing1-2 (2 steps remaining)
[  2212   22.345 x1.00] LOG  [OniBoss] Chase → Attack
[  2212   22.345 x1.00] LOG  [OniBoss] Attack: Club_Swing (16 dmg)
[  2212   22.345 x1.00] LOG  [OniBoss:Trail] Club_Swing trail START at clip 1.00 (transition done).
[  2214   22.365 x1.00] LOG  🐾🐾 VFX_TowPaw triggered!
[  2215   22.375 x1.00] LOG  OniBoss took 22 damage. HP: 2372/2500
[  2215   22.375 x1.00] LOG  [Stance] OniBoss 40/100 (+10 light)
[  2215   22.375 x1.00] LOG  [OniBoss] 🤕 Hit during Attack — flash only
[  2215   22.375 x1.00] LOG  [Momentum] 2 -> 3 (hit), speed x1.15, damage x1.15, impact x1.15
[  2215   22.375 x1.00] LOG  [CameraGameFeel] Shake: intensity=0.06 duration=0.080s
[  2215   22.375 x1.00] LOG  [Combat] Hit OniBoss for 22
[  2215   22.375 x1.00] LOG  [CameraGameFeel] Shake: intensity=0.58 duration=0.200s
[  2215   22.375 x1.00] LOG  [CameraGameFeel] FOV punch: hit light (+1.5°)
[  2217   22.389 x1.00] LOG  [ComboTrace] CLICK IGNORED (step=2 queued=2)
[  2241   22.569 x1.00] LOG  [ComboTrace] CLICK IGNORED (step=2 queued=2)
[  2264   22.736 x1.00] LOG  [ComboTrace] CLICK IGNORED (step=2 queued=2)
[  2265   22.745 x1.00] LOG  🐾🐾 VFX_TowPaw triggered!
[  2266   22.756 x1.00] LOG  [OniBoss:ClubPos] Club_Swing at strike: club tip 3.02m up, 2.32m in front, -3.05m to his right (3.83m out from his centre). Club faces -86deg from his forward, pitch 0.41. (the ground wave is born 1.6m in front of him at 0.35m.)
[  2266   22.756 x1.00] LOG  [OniBoss:Layer] Club_Swing: club has not connected — ground wave released ARMED, 1.6m in front, 12m/s x 6.0m = 0.50s, carrying 8 (half of the club's 16).
[  2267   22.765 x1.00] LOG  [Peach] light hit 8 dmg: 1 bite. 14/16 bites = 3.5 of 4 peaches
[  2267   22.765 x1.00] LOG  [Momentum] 3 -> 1 (light hit taken, 50% = -2), speed x1.05, damage x1.05, impact x1.05
[  2267   22.765 x1.00] LOG  [Combat] Combo memory: light hit, keeping step 2
[  2267   22.765 x1.00] LOG  [Combat] Hit react: HitReact_Light_2Leg (0.5s, clip starts at 0.35s)
[  2267   22.765 x1.00] LOG  [CameraGameFeel] Shake: intensity=0.30 duration=0.200s
[  2267   22.765 x1.00] LOG  [CameraGameFeel] FOV punch: player damage (-2.0°)
[  2267   22.765 x1.00] LOG  [OniBoss:Wave] wave TOUCHED Yoru (grounded) for 8 after 0.1m / 0.01s of travel.
[  2270   22.785 x1.00] LOG  [HitReactTrace] asked for 'HitReact_Light_2Leg' (0.50s, clip start 0.35s): playing it, blend resolved after 20 ms, state 1.21s long at speed 1.00, now at 0.36s, layer weight 1.00, animator.speed 1.00.
[  2333   23.226 x1.00] LOG  [OniBoss] Attack → Recovery
[  2333   23.226 x1.00] LOG  [OniBoss] Playing animation: Watch
[  2333   23.226 x1.00] LOG  [OniBoss:Trail] trail END at clip 0.99, fading over 0.40s.
[  2333   23.226 x1.00] LOG  [OniBoss:Strike] Club_Swing: club tip closest to Yoru at 0.90m, clip position 0.91 | damage fires at 0.42 | clip 0.84s => damage fires 414 ms BEFORE the club is closest
[  2351   23.346 x1.00] LOG  [YoruVFX] guard bubble on at y=0.461 (floor 0.148, her root y=0.135, lift 0.05, floor tilt 9 deg)
[  2351   23.346 x1.00] LOG  [Combat] Guard START (perfect parry window: 0.2s)
[  2355   23.377 x1.00] LOG  [OniBoss] Recovery → Attack
[  2355   23.377 x1.00] LOG  [OniBoss] Attack: ClubSwing2 (16 dmg)
[  2355   23.377 x1.00] LOG  [OniBoss:Trail] ClubSwing2 trail START at clip 1.00 (transition still blending).
[  2401   23.713 x1.00] LOG  [CameraGameFeel] Shake: intensity=0.20 duration=0.250s
[  2401   23.713 x1.00] LOG  [Peach] blocked 24 dmg: 1 bite. 13/16 bites = 3.25 of 4 peaches
[  2401   23.713 x1.00] LOG  [Combat] Guard blocked (70% reduced)
[  2401   23.713 x1.00] LOG  [CameraGameFeel] Shake: intensity=0.25 duration=0.100s
[  2401   23.713 x1.00] LOG  [OniBoss] Hit player for 24 (ClubSwing2) [combo x1.50]
[  2401   23.713 x1.00] LOG  [OniBoss:Touch] ClubSwing2: club TOUCHED Yoru at clip 0.29, shaft 0.47m from her body line, head 0.62 along the club, tip 1.62m up, tip speed 96m/s, ONE FRAME EARLY (predicted). Full club hit delivered this frame.
[  2405   23.737 x1.00] LOG  [Combat] Guard END
[  2408   23.766 x1.00] LOG  [OniBoss:ClubPos] ClubSwing2 at strike: club tip 0.16m up, 1.66m in front, 2.60m to his right (3.08m out from his centre). Club faces 13deg from his forward, pitch -0.89. (the ground wave is born 1.6m in front of him at 0.35m.)
[  2408   23.766 x1.00] LOG  [OniBoss:Layer] ClubSwing2: club already hit — ground wave released as VISUAL only (0 damage), finisher size x2.0.
[  2411   23.786 x1.00] LOG  [Combat] Combo 3: 35 dmg
[  2411   23.786 x1.00] LOG  [ComboTrace] START step=3 state='Combo3' queued=0 target='OniBoss' at 2.3m
[  2411   23.786 x1.00] LOG  [ComboTrace] LAUNCH OniBoss at 1.2m dist=1.19m in 0.13s
[  2411   23.786 x1.00] LOG  [YoruVFX] Ground hazard: 'VFX_Void_Area_GroundSpinYORU' laid at GroundVFX ((483.24, 0.54, 402.62)), floor tilt 9.1 deg, 17 delays shifted by 2.00s, own lifetime 8.98s
[  2411   23.786 x1.00] LOG  [Combat] Hazard zone tick: OniBoss for 25
[  2411   23.786 x1.00] LOG  [Combat] Hazard zone laid: 8.98s, 25 dmg every 0.50s in 2.00m
[  2419   23.858 x1.00] LOG  OniBoss took 37 damage. HP: 2310/2500
[  2419   23.858 x1.00] LOG  [Stance] OniBoss 50/100 (+10 light)
[  2419   23.858 x1.00] LOG  [OniBoss] 🤕 Hit during Attack — flash only
[  2419   23.858 x1.00] LOG  [Momentum] 1 -> 2 (hit), speed x1.10, damage x1.10, impact x1.10
[  2419   23.858 x1.00] LOG  [CameraGameFeel] Shake: intensity=0.06 duration=0.080s
[  2419   23.858 x1.00] LOG  [CameraGameFeel] Shake: intensity=0.55 duration=0.200s
[  2419   23.858 x1.00] LOG  [CameraGameFeel] FOV punch: hit light (+1.5°)
[  2427   23.923 x1.00] LOG  [ComboTrace] LAUNCH RESULT wanted=1.19m actually moved=0.52m, completed
[  2443   24.045 x1.00] LOG  [ComboTrace] CLICK IGNORED (step=3 queued=0)
[  2464   24.216 x1.00] LOG  [ComboTrace] CLICK IGNORED (step=3 queued=0)
[  2474   24.289 x1.00] LOG  [Combat] Hazard zone tick: OniBoss for 25
[  2491   24.420 x1.00] LOG  [ComboTrace] CLICK IGNORED (step=3 queued=0)
[  2516   24.605 x1.00] LOG  [OniBoss] Attack → Recovery
[  2516   24.605 x1.00] LOG  [OniBoss] Playing animation: Watch
[  2516   24.605 x1.00] LOG  [OniBoss:Trail] trail END at clip 1.00, fading over 0.40s.
[  2516   24.605 x1.00] LOG  [ComboTrace] END step=3 clipProgress=0.95 clipLen=0.79s queued=0 elapsed=0.82s
[  2516   24.605 x1.00] LOG  [OniBoss:Strike] ClubSwing2: club tip closest to Yoru at 0.91m, clip position 0.30 | damage fires at 0.32 | clip 1.17s => MATCHED (within one or two frames)
[  2521   24.646 x1.00] LOG  [ComboTrace] CLICK DROPPED by attackCooldown (0.10s, 0.04s since last attack) step=3
[  2536   24.756 x1.00] LOG  [OniBoss] Recovery → Chase
[  2537   24.765 x1.00] LOG  [OniBoss] hold-ground: BACKSTEP 1.5m (player 2.2m)
[  2541   24.795 x1.00] LOG  [Combat] Hazard zone tick: OniBoss for 25
[  2543   24.816 x1.00] LOG  [Combat] Combo 1: 10 dmg
[  2543   24.816 x1.00] LOG  [ComboTrace] START step=1 state='Combo1' queued=0 target='OniBoss' at 2.3m
[  2543   24.816 x1.00] LOG  [ComboTrace] LAUNCH OniBoss at 1.1m dist=1.12m in 0.13s
[  2561   24.956 x1.00] LOG  [ComboTrace] LAUNCH RESULT wanted=1.12m actually moved=0.43m, completed
[  2585   25.146 x1.00] LOG  [Combat] Queued click #1 (combo 1)
[  2585   25.146 x1.00] LOG  [ComboTrace] QUEUED #1 during step 1
[  2600   25.245 x1.00] LOG  OniBoss took 11 damage. HP: 2249/2500
[  2600   25.245 x1.00] LOG  [Stance] OniBoss 60/100 (+10 light)
[  2600   25.245 x1.00] LOG  [OniBoss] Chase → HitReact
[  2600   25.245 x1.00] LOG  [OniBoss:Layer] react tier: LIGHT (11 dmg) → 'Hit_react_light'
[  2600   25.245 x1.00] LOG  [Momentum] 2 -> 3 (hit), speed x1.15, damage x1.15, impact x1.15
[  2600   25.245 x1.00] LOG  [CameraGameFeel] Shake: intensity=0.06 duration=0.080s
[  2600   25.245 x1.00] LOG  [Combat] Hit OniBoss for 11
[  2600   25.245 x1.00] LOG  [CameraGameFeel] Shake: intensity=0.58 duration=0.200s
[  2600   25.245 x1.00] LOG  [CameraGameFeel] FOV punch: hit light (+1.5°)
[  2614   25.356 x1.00] LOG  [Combat] Queued click #2 (combo 1)
[  2614   25.356 x1.00] LOG  [ComboTrace] QUEUED #2 during step 1
[  2620   25.406 x1.00] LOG  🐾 VFX_AttackPaw triggered!
[  2632   25.505 x1.00] LOG  [Combat] Combo 2: 20 dmg
[  2632   25.505 x1.00] LOG  [ComboTrace] START step=2 state='Combo2' queued=1 target='OniBoss' at 2.5m
[  2632   25.505 x1.00] LOG  [ComboTrace] LAUNCH OniBoss at 1.3m dist=1.34m in 0.13s
[  2635   25.527 x1.00] WARN The referenced script on this Behaviour (Game Object '<null>') is missing!
[  2635   25.527 x1.00] WARN The referenced script on this Behaviour (Game Object 'Lightning Light') is missing!
[  2635   25.527 x1.00] WARN The referenced script on this Behaviour (Game Object 'Lightning Light') is missing!
[  2638   25.556 x1.00] LOG  [ComboTrace] CLICK DROPPED by attackCooldown (0.10s, 0.05s since last attack) step=2
[  2649   25.648 x1.00] LOG  [ComboTrace] LAUNCH RESULT wanted=1.34m actually moved=0.53m, completed
[  2682   25.942 x1.00] LOG  [Combat] Queued click #2 (combo 2)
[  2682   25.942 x1.00] LOG  [ComboTrace] QUEUED #2 during step 2
[  2695   26.048 x1.00] LOG  [OniBoss] HitReact → Chase
[  2696   26.055 x1.00] LOG  [OniBoss] Playing animation: Idle
[  2696   26.055 x1.00] LOG  [OniBoss] Playing animation: Walk
[  2696   26.055 x1.00] LOG  🐾🐾 VFX_TowPaw triggered!
[  2698   26.076 x1.00] LOG  OniBoss took 23 damage. HP: 2226/2500
[  2698   26.076 x1.00] LOG  [Stance] OniBoss 70/100 (+10 light)
[  2698   26.076 x1.00] LOG  [OniBoss] 🤕 Hit during Chase — flash only
[  2698   26.076 x1.00] LOG  [Momentum] 3 -> 4 (hit), speed x1.20, damage x1.20, impact x1.20
[  2698   26.076 x1.00] LOG  [CameraGameFeel] Shake: intensity=0.06 duration=0.080s
[  2698   26.076 x1.00] LOG  [Combat] Hit OniBoss for 23
[  2698   26.076 x1.00] LOG  [CameraGameFeel] Shake: intensity=0.60 duration=0.200s
[  2698   26.076 x1.00] LOG  [CameraGameFeel] FOV punch: hit light (+1.5°)
[  2710   26.156 x1.00] LOG  [OniBoss] Playing animation: Idle
[  2714   26.182 x1.00] LOG  [ComboTrace] CLICK IGNORED (step=2 queued=2)
[  2749   26.423 x1.00] LOG  🐾🐾 VFX_TowPaw triggered!
[  2753   26.447 x1.00] LOG  [Combat] Combo 3: 35 dmg
[  2753   26.447 x1.00] LOG  [ComboTrace] START step=3 state='Combo3' queued=1 target='OniBoss' at 2.3m
[  2753   26.447 x1.00] LOG  [ComboTrace] LAUNCH OniBoss at 1.2m dist=1.18m in 0.13s
[  2753   26.447 x1.00] LOG  [YoruVFX] Ground hazard: 'VFX_Void_Area_GroundSpinYORU' laid at GroundVFX ((483.32, 0.68, 404.09)), floor tilt 8.1 deg, 17 delays shifted by 2.00s, own lifetime 8.98s
[  2753   26.447 x1.00] LOG  [Combat] Hazard zone tick: OniBoss for 25
[  2753   26.447 x1.00] LOG  [Combat] Hazard zone laid: 8.98s, 25 dmg every 0.50s in 2.00m
[  2755   26.461 x1.00] LOG  [ComboTrace] CLICK DROPPED by attackCooldown (0.10s, 0.01s since last attack) step=3
[  2762   26.519 x1.00] LOG  OniBoss took 42 damage. HP: 2159/2500
[  2762   26.519 x1.00] LOG  [Stance] OniBoss 80/100 (+10 light)
[  2762   26.519 x1.00] LOG  [OniBoss] Chase → HitReact
[  2762   26.519 x1.00] LOG  [OniBoss:Layer] burst: 2 hits / 65 dmg → flinch upgraded to 'HitReact_medium'
[  2762   26.519 x1.00] LOG  [OniBoss:Layer] react tier: MEDIUM (42 dmg) → 'HitReact_medium'
[  2762   26.519 x1.00] LOG  [Momentum] 4 -> 5 (hit), speed x1.25, damage x1.25, impact x1.25
[  2762   26.519 x1.00] LOG  [CameraGameFeel] Shake: intensity=0.14 duration=0.080s
[  2762   26.519 x1.00] LOG  [CameraGameFeel] Shake: intensity=0.63 duration=0.200s
[  2762   26.519 x1.00] LOG  [CameraGameFeel] FOV punch: hit light (+1.5°)
[  2771   26.582 x1.00] LOG  [ComboTrace] LAUNCH RESULT wanted=1.18m actually moved=0.45m, completed
[  2776   26.622 x1.00] LOG  [ComboTrace] CLICK IGNORED (step=3 queued=1)
[  2798   26.787 x1.00] LOG  [ComboTrace] CLICK IGNORED (step=3 queued=1)
[  2819   26.948 x1.00] LOG  [Combat] Hazard zone tick: OniBoss for 25
[  2824   26.982 x1.00] LOG  [ComboTrace] CLICK IGNORED (step=3 queued=1)
[  2865   27.280 x1.00] LOG  [ComboTrace] END step=3 clipProgress=0.96 clipLen=0.79s queued=0 elapsed=0.83s
[  2870   27.319 x1.00] LOG  [OniBoss] HitReact → Chase
[  2871   27.326 x1.00] LOG  [OniBoss] Playing animation: Idle
[  2871   27.326 x1.00] LOG  [OniBoss] Combo started: ClubSwing1 → ClubSwing2 → ClubSlam (3 steps remaining)
[  2871   27.326 x1.00] LOG  [OniBoss] Chase → Attack
[  2871   27.326 x1.00] LOG  [OniBoss] Attack: Club_Swing (16 dmg)
[  2871   27.326 x1.00] LOG  [OniBoss:Trail] Club_Swing trail START at clip 0.70 (transition done).
[  2886   27.448 x1.00] LOG  [Combat] Hazard zone tick: OniBoss for 25
[  2912   27.648 x1.00] LOG  [YoruVFX] guard bubble on at y=0.666 (floor 0.460, her root y=0.445, lift 0.05, floor tilt 8 deg)
[  2912   27.648 x1.00] LOG  [Combat] Guard START (perfect parry window: 0.2s)
[  2917   27.686 x1.00] LOG  [OniBoss:ClubPos] Club_Swing at strike: club tip 3.02m up, 2.83m in front, -2.76m to his right (3.95m out from his centre). Club faces -75deg from his forward, pitch 0.40. (the ground wave is born 1.6m in front of him at 0.35m.)
[  2917   27.686 x1.00] LOG  [OniBoss:Layer] Club_Swing: club has not connected — ground wave released ARMED, 1.6m in front, 12m/s x 6.0m = 0.50s, carrying 8 (half of the club's 16).
[  2918   27.698 x1.00] LOG  [Combat] PERFECT PARRY!
[  2918   27.698 x1.00] LOG  [Momentum] 5 -> 7 (parry), speed x1.35, damage x1.35, impact x1.35
[  2918   27.698 x1.00] LOG  [CameraGameFeel] Shake: intensity=0.06 duration=0.080s
[  2918   27.698 x1.00] LOG  [Peach] healed 1 bite. 14/16 bites = 3.5 of 4 peaches
[  2918   27.698 x1.00] LOG  [OniBoss] Attack → Stagger
[  2918   27.698 x1.00] LOG  [OniBoss] Playing animation: Stagger
[  2918   27.698 x1.00] LOG  [OniBoss] STAGGERED for 2.5s
[  2918   27.698 x1.00] LOG  [OniBoss] STAGGERED (parry) for 1.2s
[  2918   27.698 x1.00] LOG  [Combat] Parry stagger: OniBoss for 1.2s
[  2918   27.698 x1.00] LOG  OniBoss punish window! 15 → 22 (x1.5)
[  2918   27.698 x1.00] LOG  OniBoss took 22 damage (HEAVY). HP: 2087/2500
[  2918   27.698 x1.00] LOG  [Stance] OniBoss BREAK #1 at 100, next break needs 150, immune 3.5s
[  2918   27.698 x1.00] LOG  [OniBoss:Layer] heavy knock-back react (22 dmg HEAVY) → 'HitReact_Heavy', down for 1.80s
[  2918   27.698 x1.00] LOG  [Momentum] 7 -> 8 (hit), speed x1.40, damage x1.40, impact x1.40
[  2918   27.698 x1.00] LOG  [CameraGameFeel] Shake: intensity=0.06 duration=0.080s
[  2918   27.698 x1.00] LOG  [Combat] Parry counter damage: 15
[  2918   27.698 x1.00] LOG  [CameraGameFeel] Shake: intensity=0.75 duration=0.300s
[  2918   27.698 x1.00] LOG  [CameraGameFeel] FOV punch: parry (-3.0°)
[  2918   27.698 x1.00] LOG  [CameraGameFeel] Ram: toward (483.37, 1.25, 404.93) dist=0.45m
[  2918   27.698 x1.00] LOG  [OniBoss:Wave] wave TOUCHED Yoru (grounded) for 8 after 0.1m / 0.01s of travel.
[  2918   27.698 x1.00] LOG  [OniBoss:Strike] Club_Swing: club tip closest to Yoru at 3.65m, clip position 0.40 | damage fires at 0.42 | clip 0.84s => MATCHED (within one or two frames)
[  2919   27.708 x1.00] LOG  [OniBoss:Trail] trail END at clip 0.43, fading over 0.40s.
[  3147   29.499 x1.00] LOG  [OniBoss] Stagger → Chase
[  3148   29.505 x1.00] LOG  [OniBoss] Playing animation: Watch
[  3148   29.505 x1.00] LOG  [OniBoss] Chase → Attack
[  3148   29.505 x1.00] LOG  [OniBoss] Attack: Club_Swing (16 dmg)
[  3148   29.505 x1.00] LOG  [OniBoss:Trail] Club_Swing trail START at clip 1.00 (transition done).
[  3153   29.536 x1.00] LOG  [OniBoss:Layer] step-in: 'Club_Swing' closed 0.14m, Yoru now 3.0m away (range 3.5)
[  3198   29.872 x1.00] LOG  [OniBoss:ClubPos] Club_Swing at strike: club tip 3.04m up, 1.70m in front, -3.24m to his right (3.66m out from his centre). Club faces -99deg from his forward, pitch 0.41. (the ground wave is born 1.6m in front of him at 0.35m.)
[  3198   29.872 x1.00] LOG  [OniBoss:Layer] Club_Swing: club has not connected — ground wave released ARMED, 1.6m in front, 12m/s x 6.0m = 0.50s, carrying 8 (half of the club's 16).
[  3199   29.879 x1.00] LOG  [Peach] blocked 8 dmg: 0 bites. 14/16 bites = 3.5 of 4 peaches
[  3199   29.879 x1.00] LOG  [Combat] Guard blocked (70% reduced)
[  3199   29.879 x1.00] LOG  [CameraGameFeel] Shake: intensity=0.25 duration=0.100s
[  3199   29.879 x1.00] LOG  [OniBoss:Wave] wave TOUCHED Yoru (grounded) for 8 after 0.1m / 0.01s of travel.
[  3240   30.206 x1.00] LOG  [Momentum] 8 -> 7 (drain), speed x1.35, damage x1.35, impact x1.35
[  3260   30.348 x1.00] LOG  [OniBoss] Attack → Recovery
[  3260   30.348 x1.00] LOG  [OniBoss] Playing animation: Watch
[  3260   30.348 x1.00] LOG  [OniBoss:Trail] trail END at clip 0.99, fading over 0.40s.
[  3260   30.348 x1.00] LOG  [OniBoss:Strike] Club_Swing: club tip closest to Yoru at 1.51m, clip position 0.91 | damage fires at 0.42 | clip 0.84s => damage fires 410 ms BEFORE the club is closest
[  3280   30.499 x1.00] LOG  [OniBoss] Recovery → Chase
[  3281   30.505 x1.00] LOG  [OniBoss] hold-ground: BACKSTEP 1.5m (player 3.0m)
[  3307   30.711 x1.00] LOG  [Momentum] 7 -> 6 (drain), speed x1.30, damage x1.30, impact x1.30
[  3378   31.215 x1.00] LOG  [Momentum] 6 -> 5 (drain), speed x1.25, damage x1.25, impact x1.25
[  3395   31.349 x1.00] LOG  [OniBoss] hold-ground: backstep done (1.34m), WATCH (player 4.3m, cooldown 1.0s)
[  3395   31.349 x1.00] LOG  [OniBoss] Playing animation: Idle
[  3396   31.356 x1.00] LOG  [OniBoss] Playing animation: Walk
[  3448   31.716 x1.00] LOG  [Momentum] 5 -> 4 (drain), speed x1.20, damage x1.20, impact x1.20
[  3473   31.899 x1.00] LOG  [OniBoss] Playing animation: Idle
[  3519   32.220 x1.00] LOG  [Momentum] 4 -> 3 (drain), speed x1.15, damage x1.15, impact x1.15
[  3519   32.220 x1.00] LOG  [Combat] Guard END
[  3530   32.304 x1.00] LOG  [OniBoss] hold-ground: cooldown over, player 3.8m > 3.5m — APPROACH
[  3530   32.304 x1.00] LOG  [OniBoss] Playing animation: Walk
[  3585   32.723 x1.00] LOG  [Momentum] 3 -> 2 (drain), speed x1.10, damage x1.10, impact x1.10
[  3623   32.987 x1.00] LOG  [Combat] Hazard zone tick: OniBoss for 25
[  3642   33.123 x1.00] LOG  [Combat] Dodge: Dodge_2Leg (4m, 2leg)
[  3642   33.123 x1.00] LOG  [AirPosePin] engaged, holding body at 0.623m above the transform
[  3656   33.227 x1.00] LOG  [Momentum] 2 -> 1 (drain), speed x1.05, damage x1.05, impact x1.05
[  3668   33.312 x1.00] LOG  [OniBoss] Pull-band decision: RUN-IN (dist 4.8m, pullRange 0m, chance 0.50)
[  3668   33.312 x1.00] LOG  [OniBoss] Playing animation: run
[  3671   33.337 x1.00] WARN The referenced script on this Behaviour (Game Object '<null>') is missing!
[  3671   33.337 x1.00] WARN The referenced script on this Behaviour (Game Object 'Lightning Light') is missing!
[  3671   33.337 x1.00] WARN The referenced script on this Behaviour (Game Object 'Lightning Light') is missing!
[  3691   33.487 x1.00] LOG  [Combat] Hazard zone tick: OniBoss for 25
[  3711   33.648 x1.00] LOG  [Combat] Dodge early exit at 85% (movement input)
[  3711   33.648 x1.00] LOG  [DodgeTrace] 2leg flip: clip 0.61s, ran 0.53s, asked 4.0m, actually moved 3.60m forward and rose 1.50m at the peak (Dodge Height 1.5), travel never completed (cut short).
[  3711   33.648 x1.00] LOG  [ComboTrace] move ended, combo kept at step 3, window restarted
[  3711   33.648 x1.00] LOG  [Combat] Dodge ended
[  3711   33.648 x1.00] LOG  [AirPosePin] released, peak correction was -0.050m
[  3722   33.737 x1.00] LOG  [Momentum] 1 -> 0 (drain), speed x1.00, damage x1.00, impact x1.00
[  3725   33.761 x1.00] LOG  💨 Landing VFX spawned!
[  3725   33.761 x1.00] LOG  ✅ LANDED! (was jump #0)
[  3755   33.989 x1.00] LOG  [Combat] Hazard zone tick: OniBoss for 25
[  3763   34.043 x1.00] LOG  [Combat] Dodge: Dodge_2Leg (4m, 2leg)
[  3763   34.043 x1.00] LOG  [AirPosePin] engaged, holding body at 0.636m above the transform
[  3829   34.490 x1.00] LOG  [Combat] Hazard zone tick: OniBoss for 25
[  3856   34.665 x1.00] LOG  [Combat] Dodge early exit at 92% (movement input)
[  3856   34.665 x1.00] LOG  [DodgeTrace] 2leg flip: clip 0.67s, ran 0.63s, asked 4.0m, actually moved 3.83m forward and rose 1.50m at the peak (Dodge Height 1.5), travel never completed (cut short).
[  3856   34.665 x1.00] LOG  [ComboTrace] move ended, combo kept at step 3, window restarted
[  3856   34.665 x1.00] LOG  [Combat] Dodge ended
[  3856   34.665 x1.00] LOG  [AirPosePin] released, peak correction was -0.008m
[  3864   34.720 x1.00] LOG  💨 Landing VFX spawned!
[  3864   34.720 x1.00] LOG  ✅ LANDED! (was jump #0)
[  3878   34.815 x1.00] LOG  [OniBoss] chase punish: 4s of failed chase — throwing ClubSwing2 from 5.7m so the wave flies at her.
[  3878   34.815 x1.00] LOG  [OniBoss] Chase → Attack
[  3878   34.815 x1.00] LOG  [OniBoss] Attack: ClubSwing2 (16 dmg)
[  3878   34.815 x1.00] LOG  [OniBoss:Trail] ClubSwing2 trail START at clip 1.00 (transition done).
[  3912   35.053 x1.00] LOG  🚶 2-LEG JUMP
[  3912   35.053 x1.00] LOG  🐾 Jump 1 VFX spawned!
[  3926   35.157 x1.00] LOG  [CameraGameFeel] Shake: intensity=0.20 duration=0.250s
[  3926   35.157 x1.00] LOG  [Peach] light hit 16 dmg: 2 bites. 12/16 bites = 3 of 4 peaches
[  3926   35.157 x1.00] LOG  [Combat] Combo memory: light hit, keeping step 3
[  3926   35.157 x1.00] LOG  [Combat] Hit react: HitReact_Light_2Leg (0.5s, clip starts at 0.35s)
[  3926   35.157 x1.00] LOG  [CameraGameFeel] Shake: intensity=0.30 duration=0.200s
[  3926   35.157 x1.00] LOG  [CameraGameFeel] FOV punch: player damage (-2.0°)
[  3926   35.157 x1.00] LOG  [OniBoss] Hit player for 16 (ClubSwing2)
[  3926   35.157 x1.00] LOG  [OniBoss:Touch] ClubSwing2: club TOUCHED Yoru at clip 0.29, shaft 0.61m from her body line, head 0.87 along the club, tip 0.29m up, tip speed 101m/s. Full club hit delivered this frame.
[  3927   35.165 x1.00] LOG  [HitReactTrace] asked for 'HitReact_Light_2Leg' (0.50s, clip start 0.35s): NOT playing it, another state took the combat layer, blend resolved after 8 ms, state 1.00s long at speed 1.00, now at 0.49s, layer weight 1.00, animator.speed 1.00.
[  3927   35.165 x1.00] LOG  [AirPosePin] engaged, holding body at 0.681m above the transform
[  3931   35.198 x1.00] LOG  [OniBoss:ClubPos] ClubSwing2 at strike: club tip 0.06m up, 1.91m in front, 2.30m to his right (2.99m out from his centre). Club faces 0deg from his forward, pitch -0.87. (the ground wave is born 1.6m in front of him at 0.35m.)
[  3931   35.198 x1.00] LOG  [OniBoss:Layer] ClubSwing2: club already hit — ground wave released as VISUAL only (0 damage).
[  3991   35.658 x1.00] LOG  [AirPosePin] released, peak correction was 0.061m
[  4000   35.728 x1.00] LOG  [ComboTrace] LAUNCH OniBoss at 0.6m dist=0.58m in 0.13s [AIRBORNE]
[  4000   35.728 x1.00] LOG  [Combat] Aerial spin, 25 dmg
[  4000   35.728 x1.00] LOG  [YoruVFX] Air spin: 'VFX_Void_Burst_AirSpinYoru' at CenterVFX, 46 systems, longest 1.00s fitted to 0.79s at speed 1.27, 8 forced Local, 38 delays zeroed, tail 2.37s
[  4000   35.728 x1.00] LOG  OniBoss took 10 damage. HP: 1977/2500
[  4000   35.728 x1.00] LOG  [Stance] OniBoss 10/150 (+10 light)
[  4000   35.728 x1.00] LOG  [OniBoss] 🤕 Hit during Attack — flash only
[  4000   35.728 x1.00] LOG  [Momentum] 0 -> 1 (hit), speed x1.05, damage x1.05, impact x1.05
[  4000   35.728 x1.00] LOG  [CameraGameFeel] Shake: intensity=0.06 duration=0.080s
[  4000   35.728 x1.00] LOG  [CameraGameFeel] Shake: intensity=0.53 duration=0.200s
[  4000   35.728 x1.00] LOG  [CameraGameFeel] FOV punch: hit light (+1.5°)
[  4000   35.728 x1.00] LOG  [AirPosePin] engaged, holding body at 1.995m above the transform
[  4016   35.861 x1.00] LOG  [ComboTrace] LAUNCH RESULT wanted=0.58m actually moved=0.01m, completed
[  4019   35.889 x1.00] LOG  OniBoss took 10 damage. HP: 1967/2500
[  4019   35.889 x1.00] LOG  [Stance] OniBoss 20/150 (+10 light)
[  4019   35.889 x1.00] LOG  [OniBoss] 🤕 Hit during Attack — flash only
[  4019   35.889 x1.00] LOG  [CameraGameFeel] Shake: intensity=0.18 duration=0.200s
[  4031   35.980 x1.00] LOG  💨 Landing VFX spawned!
[  4031   35.980 x1.00] LOG  ✅ LANDED! (was jump #1)
[  4031   35.980 x1.00] LOG  [AirPosePin] released, peak correction was 0.000m
[  4038   36.039 x1.00] LOG  [OniBoss] Attack → Recovery
[  4038   36.039 x1.00] LOG  [OniBoss] Playing animation: Watch
[  4038   36.039 x1.00] LOG  [OniBoss:Trail] trail END at clip 1.00, fading over 0.40s.
[  4038   36.039 x1.00] LOG  [OniBoss:Strike] ClubSwing2: club tip closest to Yoru at 0.92m, clip position 0.29 | damage fires at 0.32 | clip 1.17s => damage fires 32 ms AFTER the club is closest — it lands once the club has passed her
[  4039   36.048 x1.00] LOG  OniBoss took 10 damage. HP: 1957/2500
[  4039   36.048 x1.00] LOG  [Stance] OniBoss 30/150 (+10 light)
[  4039   36.048 x1.00] LOG  [OniBoss] Recovery → HitReact
[  4039   36.048 x1.00] LOG  [OniBoss:Layer] burst: 3 hits / 30 dmg → flinch upgraded to 'HitReact_medium'
[  4039   36.048 x1.00] LOG  [OniBoss:Layer] react tier: LIGHT (10 dmg) → 'Hit_react_light'
[  4039   36.048 x1.00] LOG  [Momentum] 1 -> 2 (hit), speed x1.10, damage x1.10, impact x1.10
[  4039   36.048 x1.00] LOG  [CameraGameFeel] Shake: intensity=0.06 duration=0.080s
[  4039   36.048 x1.00] LOG  [CameraGameFeel] Shake: intensity=0.19 duration=0.200s
[  4047   36.111 x1.00] LOG  [ComboTrace] CLICK IGNORED (step=3 queued=0)
[  4059   36.207 x1.00] LOG  OniBoss took 11 damage. HP: 1946/2500
[  4059   36.207 x1.00] LOG  [Stance] OniBoss 40/150 (+10 light)
[  4059   36.207 x1.00] LOG  [CameraGameFeel] Shake: intensity=0.19 duration=0.200s
[  4068   36.279 x1.00] LOG  [ComboTrace] CLICK IGNORED (step=3 queued=0)
[  4079   36.362 x1.00] LOG  OniBoss took 11 damage. HP: 1935/2500
[  4079   36.362 x1.00] LOG  [Stance] OniBoss 50/150 (+10 light)
[  4079   36.362 x1.00] LOG  [Momentum] 2 -> 3 (hit), speed x1.15, damage x1.15, impact x1.15
[  4079   36.362 x1.00] LOG  [CameraGameFeel] Shake: intensity=0.06 duration=0.080s
[  4079   36.362 x1.00] LOG  [CameraGameFeel] Shake: intensity=0.20 duration=0.200s
[  4090   36.454 x1.00] LOG  [YoruVFX] Spin VFX stopped, fading for 2.37s
[  4094   36.480 x1.00] LOG  [ComboTrace] END step=3 clipProgress=0.90 clipLen=0.79s queued=0 elapsed=0.75s
[  4096   36.497 x1.00] LOG  [ComboTrace] CLICK DROPPED by attackCooldown (0.10s, 0.02s since last attack) step=3
[  4116   36.655 x1.00] LOG  [Combat] Combo 1: 10 dmg
[  4116   36.655 x1.00] LOG  [ComboTrace] START step=1 state='Combo1' queued=0 target='OniBoss' at 2.0m
[  4116   36.655 x1.00] LOG  [ComboTrace] LAUNCH OniBoss at 0.8m dist=0.84m in 0.13s
[  4136   36.790 x1.00] LOG  [ComboTrace] LAUNCH RESULT wanted=0.84m actually moved=0.00m, completed
[  4145   36.853 x1.00] LOG  [OniBoss] HitReact → Chase
[  4146   36.861 x1.00] LOG  [OniBoss] Playing animation: Watch
[  4146   36.861 x1.00] LOG  [OniBoss] Combo started: swing1-2 (2 steps remaining)
[  4146   36.861 x1.00] LOG  [OniBoss] Chase → Attack
[  4146   36.861 x1.00] LOG  [OniBoss] Attack: Club_Swing (16 dmg)
[  4146   36.861 x1.00] LOG  [OniBoss:Trail] Club_Swing trail START at clip 1.00 (transition done).
[  4146   36.861 x1.00] LOG  [Combat] Queued click #1 (combo 1)
[  4146   36.861 x1.00] LOG  [ComboTrace] QUEUED #1 during step 1
[  4170   37.048 x1.00] LOG  [Combat] Queued click #2 (combo 1)
[  4170   37.048 x1.00] LOG  [ComboTrace] QUEUED #2 during step 1
[  4172   37.064 x1.00] LOG  OniBoss took 12 damage. HP: 1923/2500
[  4172   37.064 x1.00] LOG  [Stance] OniBoss 60/150 (+10 light)
[  4172   37.064 x1.00] LOG  [OniBoss] 🤕 Hit during Attack — flash only
[  4172   37.064 x1.00] LOG  [Momentum] 3 -> 4 (hit), speed x1.20, damage x1.20, impact x1.20
[  4172   37.064 x1.00] LOG  [CameraGameFeel] Shake: intensity=0.06 duration=0.080s
[  4172   37.064 x1.00] LOG  [Combat] Hit OniBoss for 12
[  4172   37.064 x1.00] LOG  [CameraGameFeel] Shake: intensity=0.60 duration=0.200s
[  4172   37.064 x1.00] LOG  [CameraGameFeel] FOV punch: hit light (+1.5°)
[  4190   37.218 x1.00] LOG  🐾 VFX_AttackPaw triggered!
[  4194   37.246 x1.00] LOG  [ComboTrace] CLICK IGNORED (step=1 queued=2)
[  4197   37.266 x1.00] LOG  [OniBoss:ClubPos] Club_Swing at strike: club tip 3.02m up, 2.52m in front, -2.95m to his right (3.88m out from his centre). Club faces -82deg from his forward, pitch 0.41. (the ground wave is born 1.6m in front of him at 0.35m.)
[  4197   37.266 x1.00] LOG  [OniBoss:Layer] Club_Swing: club has not connected — ground wave released ARMED, 1.6m in front, 12m/s x 6.0m = 0.50s, carrying 8 (half of the club's 16).
[  4198   37.273 x1.00] LOG  [Peach] light hit 8 dmg: 1 bite. 11/16 bites = 2.75 of 4 peaches
[  4198   37.273 x1.00] LOG  [Momentum] 4 -> 2 (light hit taken, 50% = -2), speed x1.10, damage x1.10, impact x1.10
[  4198   37.273 x1.00] LOG  [Combat] Combo memory: light hit, keeping step 1
[  4198   37.273 x1.00] LOG  [Combat] Hit react: HitReact_Light_2Leg (0.5s, clip starts at 0.35s)
[  4198   37.273 x1.00] LOG  [CameraGameFeel] Shake: intensity=0.30 duration=0.200s
[  4198   37.273 x1.00] LOG  [CameraGameFeel] FOV punch: player damage (-2.0°)
[  4198   37.273 x1.00] LOG  [OniBoss:Wave] wave TOUCHED Yoru (grounded) for 8 after 0.1m / 0.01s of travel.
[  4201   37.301 x1.00] LOG  [HitReactTrace] asked for 'HitReact_Light_2Leg' (0.50s, clip start 0.35s): playing it, blend resolved after 28 ms, state 1.21s long at speed 1.00, now at 0.37s, layer weight 1.00, animator.speed 1.00.
[  4260   37.749 x1.00] LOG  [OniBoss] Attack → Recovery
[  4260   37.749 x1.00] LOG  [OniBoss] Playing animation: Watch
[  4260   37.749 x1.00] LOG  [OniBoss:Trail] trail END at clip 1.00, fading over 0.40s.
[  4260   37.749 x1.00] LOG  [OniBoss:Strike] Club_Swing: club tip closest to Yoru at 0.50m, clip position 0.91 | damage fires at 0.42 | clip 0.84s => damage fires 408 ms BEFORE the club is closest
[  4279   37.879 x1.00] LOG  [Combat] Combo 2: 20 dmg
[  4279   37.879 x1.00] LOG  [ComboTrace] START step=2 state='Combo2' queued=0 target='OniBoss' at 2.0m
[  4279   37.879 x1.00] LOG  [ComboTrace] LAUNCH OniBoss at 0.8m dist=0.84m in 0.13s
[  4282   37.905 x1.00] LOG  [OniBoss] Recovery → Attack
[  4282   37.905 x1.00] LOG  [OniBoss] Attack: ClubSwing2 (16 dmg)
[  4282   37.905 x1.00] LOG  [OniBoss:Trail] ClubSwing2 trail START at clip 1.00 (transition still blending).
[  4294   38.006 x1.00] LOG  [ComboTrace] LAUNCH RESULT wanted=0.84m actually moved=0.00m, completed
[  4306   38.097 x1.00] LOG  [Combat] Queued click #1 (combo 2)
[  4306   38.097 x1.00] LOG  [ComboTrace] QUEUED #1 during step 2
[  4325   38.233 x1.00] LOG  [CameraGameFeel] Shake: intensity=0.20 duration=0.250s
[  4325   38.233 x1.00] LOG  [Peach] heavy hit 24 dmg: 3 bites. 8/16 bites = 2 of 4 peaches
[  4325   38.233 x1.00] LOG  [Momentum] 2 -> 0 (heavy hit taken, reset), speed x1.00, damage x1.00, impact x1.00
[  4325   38.233 x1.00] LOG  [Combat] Hit react: HitReact_Heavy_2Leg (0.9s, clip starts at 0.35s)
[  4325   38.233 x1.00] LOG  [CameraGameFeel] Shake: intensity=0.60 duration=0.200s
[  4325   38.233 x1.00] LOG  [CameraGameFeel] FOV punch: player damage (-3.0°)
[  4325   38.233 x1.00] LOG  [OniBoss] Hit player for 24 (ClubSwing2) [combo x1.50]
[  4325   38.233 x1.00] LOG  [OniBoss:Touch] ClubSwing2: club TOUCHED Yoru at clip 0.28, shaft 0.68m from her body line, head 0.48 along the club, tip 1.80m up, tip speed 92m/s, ONE FRAME EARLY (predicted). Full club hit delivered this frame.
[  4326   38.241 x1.00] LOG  [HitReactTrace] asked for 'HitReact_Heavy_2Leg' (0.90s, clip start 0.35s): NOT playing it, another state took the combat layer, blend resolved after 8 ms, state 1.22s long at speed 1.60, now at 0.35s, layer weight 1.00, animator.speed 1.00.
[  4331   38.287 x1.00] LOG  [OniBoss:ClubPos] ClubSwing2 at strike: club tip 0.04m up, 1.95m in front, 2.25m to his right (2.98m out from his centre). Club faces -2deg from his forward, pitch -0.86. (the ground wave is born 1.6m in front of him at 0.35m.)
[  4331   38.287 x1.00] LOG  [OniBoss:Layer] ClubSwing2: club already hit — ground wave released as VISUAL only (0 damage), finisher size x2.0.
[  4430   39.068 x1.00] LOG  [OniBoss] Attack → Recovery
[  4430   39.068 x1.00] LOG  [OniBoss] Playing animation: Watch
[  4430   39.068 x1.00] LOG  [OniBoss:Trail] trail END at clip 0.99, fading over 0.40s.
[  4430   39.068 x1.00] LOG  [OniBoss:Strike] ClubSwing2: club tip closest to Yoru at 1.28m, clip position 0.30 | damage fires at 0.32 | clip 1.17s => MATCHED (within one or two frames)
[  4443   39.163 x1.00] LOG  [Combat] Combo 1: 10 dmg
[  4443   39.163 x1.00] LOG  [ComboTrace] START step=1 state='Combo1' queued=0 target='OniBoss' at 3.5m
[  4443   39.163 x1.00] LOG  [ComboTrace] LAUNCH OniBoss at 0.9m dist=0.93m in 0.13s
[  4450   39.208 x1.00] LOG  [Combat] Dodge: Dodge_2Leg (4m, 2leg)
[  4450   39.208 x1.00] LOG  [ComboTrace] LAUNCH RESULT wanted=0.93m actually moved=0.08m, INTERRUPTED (dodge=True dash=False hitReact=False guard=False)
[  4450   39.208 x1.00] LOG  [AirPosePin] engaged, holding body at 0.646m above the transform
[  4451   39.214 x1.00] LOG  [AirPosePin] released, peak correction was 0.000m
[  4452   39.219 x1.00] LOG  [OniBoss] Recovery → Chase
[  4452   39.219 x1.00] LOG  [AirPosePin] engaged, holding body at 0.648m above the transform
[  4453   39.228 x1.00] LOG  [OniBoss] hold-ground: BACKSTEP 1.5m (player 2.1m)
[  4490   39.484 x1.00] LOG  [OniBoss] hold-ground: backstep done (0.41m), WATCH (player 4.4m, cooldown 1.5s)
[  4490   39.484 x1.00] LOG  [OniBoss] Playing animation: Idle
[  4499   39.547 x1.00] LOG  [OniBoss] Playing animation: run
[  4532   39.789 x1.00] LOG  [Combat] Dodge early exit at 86% (movement input)
[  4532   39.789 x1.00] LOG  [DodgeTrace] 2leg flip: clip 0.67s, ran 0.59s, asked 4.0m, actually moved 3.61m forward and rose 1.50m at the peak (Dodge Height 1.5), travel never completed (cut short).
[  4532   39.789 x1.00] LOG  [ComboTrace] move ended, combo kept at step 1, window restarted
[  4532   39.789 x1.00] LOG  [Combat] Dodge ended
[  4532   39.789 x1.00] LOG  [AirPosePin] released, peak correction was -0.030m
[  4543   39.879 x1.00] LOG  💨 Landing VFX spawned!
[  4543   39.879 x1.00] LOG  ✅ LANDED! (was jump #0)
[  4554   39.959 x1.00] LOG  [Combat] Combo 2: 20 dmg
[  4554   39.959 x1.00] LOG  [ComboTrace] START step=2 state='Combo2' queued=0 target='OniBoss' at 9.5m
[  4554   39.959 x1.00] LOG  [ComboTrace] LAUNCH OniBoss at 4.6m dist=3.20m in 0.32s (capped short)
[  4572   40.089 x1.00] LOG  [OniBoss] Playing animation: Idle
[  4599   40.290 x1.00] LOG  [ComboTrace] LAUNCH RESULT wanted=3.20m actually moved=3.20m, completed
[  4642   40.579 x1.00] LOG  🐾🐾 VFX_TowPaw triggered!
[  4644   40.598 x1.00] LOG  OniBoss took 20 damage. HP: 1903/2500
[  4644   40.598 x1.00] LOG  [Stance] OniBoss 29/150 (+10 light)
[  4644   40.598 x1.00] LOG  [OniBoss] Chase → HitReact
[  4644   40.598 x1.00] LOG  [OniBoss:Layer] react tier: MEDIUM (20 dmg) → 'HitReact_medium'
[  4644   40.598 x1.00] LOG  [Momentum] 0 -> 1 (hit), speed x1.05, damage x1.05, impact x1.05
[  4644   40.598 x1.00] LOG  [CameraGameFeel] Shake: intensity=0.06 duration=0.080s
[  4644   40.598 x1.00] LOG  [Combat] Hit OniBoss for 20
[  4644   40.598 x1.00] LOG  [CameraGameFeel] Shake: intensity=0.53 duration=0.200s
[  4644   40.598 x1.00] LOG  [CameraGameFeel] FOV punch: hit light (+1.5°)
[  4699   40.974 x1.00] LOG  [Combat] Queued click #1 (combo 2)
[  4699   40.974 x1.00] LOG  [ComboTrace] QUEUED #1 during step 2
[  4702   40.998 x1.00] LOG  🐾🐾 VFX_TowPaw triggered!
[  4706   41.024 x1.00] LOG  [Combat] Combo 3: 35 dmg
[  4706   41.024 x1.00] LOG  [ComboTrace] START step=3 state='Combo3' queued=0 target='OniBoss' at 2.6m
[  4706   41.024 x1.00] LOG  [ComboTrace] LAUNCH OniBoss at 1.4m dist=1.37m in 0.14s
[  4706   41.024 x1.00] LOG  [YoruVFX] Ground hazard: 'VFX_Void_Area_GroundSpinYORU' laid at GroundVFX ((480.78, 0.05, 395.63)), floor tilt 0.0 deg, 17 delays shifted by 2.00s, own lifetime 8.98s
[  4706   41.024 x1.00] LOG  [Combat] Hazard zone tick: OniBoss for 25
[  4706   41.024 x1.00] LOG  [Combat] Hazard zone laid: 8.98s, 25 dmg every 0.50s in 2.00m
[  4715   41.087 x1.00] LOG  OniBoss took 37 damage. HP: 1841/2500
[  4715   41.087 x1.00] LOG  [Stance] OniBoss 39/150 (+10 light)
[  4715   41.087 x1.00] LOG  [OniBoss:Layer] burst: 2 hits / 57 dmg → flinch upgraded to 'HitReact_medium'
[  4715   41.087 x1.00] LOG  [Momentum] 1 -> 2 (hit), speed x1.10, damage x1.10, impact x1.10
[  4715   41.087 x1.00] LOG  [CameraGameFeel] Shake: intensity=0.06 duration=0.080s
[  4715   41.087 x1.00] LOG  [CameraGameFeel] Shake: intensity=0.55 duration=0.200s
[  4715   41.087 x1.00] LOG  [CameraGameFeel] FOV punch: hit light (+1.5°)
[  4725   41.159 x1.00] LOG  [ComboTrace] CLICK IGNORED (step=3 queued=0)
[  4726   41.168 x1.00] LOG  [ComboTrace] LAUNCH RESULT wanted=1.37m actually moved=0.83m, completed
[  4726   41.168 x1.00] LOG  [StormWeather] ⚡ strike at (472.91, 45.00, 453.17)
[  4747   41.339 x1.00] LOG  [ComboTrace] CLICK IGNORED (step=3 queued=0)
[  4755   41.402 x1.00] LOG  [OniBoss] HitReact → Chase
[  4756   41.409 x1.00] LOG  [OniBoss] Playing animation: Idle
[  4756   41.409 x1.00] LOG  [OniBoss] Chase → Attack
[  4756   41.409 x1.00] LOG  [OniBoss] Attack: Club_Swing (16 dmg)
[  4756   41.409 x1.00] LOG  [OniBoss:Trail] Club_Swing trail START at clip 0.25 (transition done).
[  4769   41.506 x1.00] LOG  [ComboTrace] CLICK IGNORED (step=3 queued=0)
[  4772   41.529 x1.00] LOG  [Combat] Hazard zone tick: OniBoss for 25
[  4801   41.759 x1.00] LOG  [ComboTrace] CLICK IGNORED (step=3 queued=0)
[  4803   41.771 x1.00] LOG  [OniBoss:ClubPos] Club_Swing at strike: club tip 3.02m up, 2.31m in front, -3.05m to his right (3.82m out from his centre). Club faces -86deg from his forward, pitch 0.41. (the ground wave is born 1.6m in front of him at 0.35m.)
[  4803   41.771 x1.00] LOG  [OniBoss:Layer] Club_Swing: club has not connected — ground wave released ARMED, 1.6m in front, 12m/s x 6.0m = 0.50s, carrying 8 (half of the club's 16).
[  4804   41.779 x1.00] LOG  [Peach] light hit 8 dmg: 1 bite. 7/16 bites = 1.75 of 4 peaches
[  4804   41.779 x1.00] LOG  [Momentum] 2 -> 1 (light hit taken, 50% = -1), speed x1.05, damage x1.05, impact x1.05
[  4804   41.779 x1.00] LOG  [Combat] Combo memory: light hit, keeping step 3
[  4804   41.779 x1.00] LOG  [Combat] Hit react: HitReact_Light_2Leg (0.5s, clip starts at 0.35s)
[  4804   41.779 x1.00] LOG  [CameraGameFeel] Shake: intensity=0.30 duration=0.200s
[  4804   41.779 x1.00] LOG  [CameraGameFeel] FOV punch: player damage (-2.0°)
[  4804   41.779 x1.00] LOG  [OniBoss:Wave] wave TOUCHED Yoru (grounded) for 8 after 0.1m / 0.01s of travel.
[  4807   41.803 x1.00] LOG  [HitReactTrace] asked for 'HitReact_Light_2Leg' (0.50s, clip start 0.35s): playing it, blend resolved after 24 ms, state 1.21s long at speed 1.00, now at 0.37s, layer weight 1.00, animator.speed 1.00.
[  4835   42.029 x1.00] LOG  [Combat] Hazard zone tick: OniBoss for 25
[  4860   42.219 x1.00] LOG  [Combat] Hit react cut by flip at 0.44s of 0.50s (the exit)
[  4860   42.219 x1.00] LOG  [Combat] Dodge: Dodge_2Leg (4m, 2leg)
[  4860   42.219 x1.00] LOG  [AirPosePin] engaged, holding body at 0.618m above the transform
[  4861   42.229 x1.00] LOG  [AirPosePin] released, peak correction was 0.000m
[  4862   42.239 x1.00] LOG  [AirPosePin] engaged, holding body at 0.630m above the transform
[  4863   42.245 x1.00] LOG  [OniBoss] Attack → Recovery
[  4863   42.245 x1.00] LOG  [OniBoss] Playing animation: Watch
[  4863   42.245 x1.00] LOG  [OniBoss:Trail] trail END at clip 0.99, fading over 0.40s.
[  4863   42.245 x1.00] LOG  [OniBoss:Strike] Club_Swing: club tip closest to Yoru at 0.64m, clip position 0.91 | damage fires at 0.42 | clip 0.84s => damage fires 408 ms BEFORE the club is closest
[  4885   42.398 x1.00] LOG  [OniBoss] Recovery → Chase
[  4886   42.404 x1.00] LOG  [OniBoss] hold-ground: BACKSTEP 1.5m (player 3.5m)
[  4899   42.499 x1.00] LOG  [OniBoss] hold-ground: backstep done (0.15m), WATCH (player 4.3m, cooldown 1.7s)
[  4899   42.499 x1.00] LOG  [OniBoss] Playing animation: Watch
[  4900   42.505 x1.00] LOG  [OniBoss] Playing animation: Walk
[  4904   42.539 x1.00] LOG  [Combat] Hazard zone tick: OniBoss for 25
[  4907   42.561 x1.00] LOG  [OniBoss] Playing animation: run
[  4934   42.766 x1.00] LOG  [Combat] Dodge early exit at 85% (movement input)
[  4934   42.766 x1.00] LOG  [DodgeTrace] 2leg flip: clip 0.63s, ran 0.55s, asked 4.0m, actually moved 3.61m forward and rose 1.50m at the peak (Dodge Height 1.5), travel never completed (cut short).
[  4934   42.766 x1.00] LOG  [ComboTrace] move ended, combo kept at step 3, window restarted
[  4934   42.766 x1.00] LOG  [Combat] Dodge ended
[  4934   42.766 x1.00] LOG  [AirPosePin] released, peak correction was -0.034m
[  4944   42.839 x1.00] LOG  💨 Landing VFX spawned!
[  4944   42.839 x1.00] LOG  ✅ LANDED! (was jump #0)
[  4953   42.906 x1.00] LOG  [Combat] Combo 1: 10 dmg
[  4953   42.906 x1.00] LOG  [ComboTrace] START step=1 state='Combo1' queued=0 target='OniBoss' at 9.4m
[  4953   42.906 x1.00] LOG  [ComboTrace] LAUNCH OniBoss at 4.5m dist=3.20m in 0.32s (capped short)
[  4966   43.003 x1.00] LOG  [Combat] Dodge: Dodge_2Leg (4m, 2leg)
[  4966   43.003 x1.00] LOG  [ComboTrace] LAUNCH RESULT wanted=3.20m actually moved=1.54m, INTERRUPTED (dodge=True dash=False hitReact=False guard=False)
[  4966   43.003 x1.00] LOG  [AirPosePin] engaged, holding body at 0.652m above the transform
[  4971   43.041 x1.00] LOG  [Combat] Hazard zone tick: OniBoss for 25
[  5040   43.546 x1.00] LOG  [Combat] Hazard zone tick: OniBoss for 25
[  5041   43.552 x1.00] LOG  [Combat] Dodge early exit at 85% (movement input)
[  5041   43.552 x1.00] LOG  [DodgeTrace] 2leg flip: clip 0.63s, ran 0.56s, asked 4.0m, actually moved 3.63m forward and rose 1.50m at the peak (Dodge Height 1.5), travel never completed (cut short).
[  5041   43.552 x1.00] LOG  [ComboTrace] move ended, combo kept at step 1, window restarted
[  5041   43.552 x1.00] LOG  [Combat] Dodge ended
[  5041   43.552 x1.00] LOG  [AirPosePin] released, peak correction was -0.022m
[  5046   43.587 x1.00] LOG  [Momentum] 1 -> 0 (drain), speed x1.00, damage x1.00, impact x1.00
[  5046   43.587 x1.00] LOG  [ComboTrace] LAUNCH OniBoss at 3.8m dist=3.20m in 0.32s (capped short) [AIRBORNE]
[  5046   43.587 x1.00] LOG  [Combat] Aerial spin, 25 dmg
[  5046   43.587 x1.00] LOG  [YoruVFX] Air spin: 'VFX_Void_Burst_AirSpinYoru' at CenterVFX, 46 systems, longest 1.00s fitted to 0.79s at speed 1.27, 8 forced Local, 38 delays zeroed, tail 2.37s
[  5046   43.587 x1.00] LOG  [AirPosePin] engaged, holding body at 0.675m above the transform
[  5050   43.620 x1.00] LOG  💨 Landing VFX spawned!
[  5050   43.620 x1.00] LOG  ✅ LANDED! (was jump #0)
[  5057   43.684 x1.00] LOG  [AirPosePin] released, peak correction was 0.000m
[  5058   43.693 x1.00] LOG  [OniBoss] Playing animation: Idle
[  5058   43.693 x1.00] LOG  [AirPosePin] engaged, holding body at 0.718m above the transform
[  5064   43.739 x1.00] LOG  OniBoss took 10 damage. HP: 1706/2500
[  5064   43.739 x1.00] LOG  [Stance] OniBoss 26/150 (+10 light)
[  5064   43.739 x1.00] LOG  [OniBoss] Chase → HitReact
[  5064   43.739 x1.00] LOG  [OniBoss:Layer] react tier: LIGHT (10 dmg) → 'Hit_react_light'
[  5064   43.739 x1.00] LOG  [Momentum] 0 -> 1 (hit), speed x1.05, damage x1.05, impact x1.05
[  5064   43.739 x1.00] LOG  [CameraGameFeel] Shake: intensity=0.06 duration=0.080s
[  5064   43.739 x1.00] LOG  [CameraGameFeel] Shake: intensity=0.53 duration=0.200s
[  5064   43.739 x1.00] LOG  [CameraGameFeel] FOV punch: hit light (+1.5°)
[  5083   43.896 x1.00] LOG  OniBoss took 10 damage. HP: 1696/2500
[  5083   43.896 x1.00] LOG  [Stance] OniBoss 36/150 (+10 light)
[  5083   43.896 x1.00] LOG  [OniBoss:Layer] burst: 2 hits / 20 dmg → flinch upgraded to 'HitReact_medium'
[  5083   43.896 x1.00] LOG  [CameraGameFeel] Shake: intensity=0.18 duration=0.200s
[  5085   43.910 x1.00] LOG  [ComboTrace] LAUNCH RESULT wanted=3.20m actually moved=2.31m, completed
[  5086   43.919 x1.00] LOG  [AirPosePin] released, peak correction was 0.000m
[  5102   44.046 x1.00] LOG  OniBoss took 10 damage. HP: 1686/2500
[  5102   44.046 x1.00] LOG  [Stance] OniBoss 46/150 (+10 light)
[  5102   44.046 x1.00] LOG  [Momentum] 1 -> 2 (hit), speed x1.10, damage x1.10, impact x1.10
[  5102   44.046 x1.00] LOG  [CameraGameFeel] Shake: intensity=0.06 duration=0.080s
[  5102   44.046 x1.00] LOG  [CameraGameFeel] Shake: intensity=0.19 duration=0.200s
[  5102   44.046 x1.00] LOG  [Combat] Hazard zone tick: OniBoss for 25
[  5122   44.201 x1.00] LOG  OniBoss took 11 damage. HP: 1650/2500
[  5122   44.201 x1.00] LOG  [Stance] OniBoss 56/150 (+10 light)
[  5122   44.201 x1.00] LOG  [CameraGameFeel] Shake: intensity=0.19 duration=0.200s
[  5138   44.319 x1.00] LOG  [YoruVFX] Spin VFX stopped, fading for 2.37s
[  5142   44.351 x1.00] LOG  [ComboTrace] END step=3 clipProgress=0.90 clipLen=0.79s queued=0 elapsed=0.76s
[  5152   44.420 x1.00] WARN The referenced script on this Behaviour (Game Object '<null>') is missing!
[  5152   44.420 x1.00] WARN The referenced script on this Behaviour (Game Object 'Lightning Light') is missing!
[  5152   44.420 x1.00] WARN The referenced script on this Behaviour (Game Object 'Lightning Light') is missing!
[  5161   44.489 x1.00] LOG  [Combat] Combo 1: 10 dmg
[  5161   44.489 x1.00] LOG  [ComboTrace] START step=1 state='Combo1' queued=0 target='OniBoss' at 6.3m
[  5161   44.489 x1.00] LOG  [ComboTrace] LAUNCH OniBoss at 2.2m dist=2.23m in 0.22s
[  5169   44.545 x1.00] LOG  [OniBoss] HitReact → Chase
[  5170   44.553 x1.00] LOG  [OniBoss] Playing animation: Watch
[  5170   44.553 x1.00] LOG  [OniBoss] Chase → Attack
[  5170   44.553 x1.00] LOG  [OniBoss] Attack: ClubSlam (20 dmg)
[  5170   44.553 x1.00] LOG  [OniBoss:Trail] ClubSlam trail START at clip 0.60 (transition done).
[  5170   44.553 x1.00] LOG  [Combat] Hazard zone tick: OniBoss for 25
[  5187   44.691 x1.00] LOG  [Combat] Queued click #1 (combo 1)
[  5187   44.691 x1.00] LOG  [ComboTrace] QUEUED #1 during step 1
[  5190   44.712 x1.00] LOG  [ComboTrace] LAUNCH RESULT wanted=2.23m actually moved=1.55m, completed
[  5214   44.903 x1.00] LOG  [Combat] Queued click #2 (combo 1)
[  5214   44.903 x1.00] LOG  [ComboTrace] QUEUED #2 during step 1
[  5216   44.919 x1.00] LOG  OniBoss took 11 damage. HP: 1614/2500
[  5216   44.919 x1.00] LOG  [Stance] OniBoss 66/150 (+10 light)
[  5216   44.919 x1.00] LOG  [OniBoss] 🤕 Hit during Attack — flash only
[  5216   44.919 x1.00] LOG  [Momentum] 2 -> 3 (hit), speed x1.15, damage x1.15, impact x1.15
[  5216   44.919 x1.00] LOG  [CameraGameFeel] Shake: intensity=0.06 duration=0.080s
[  5216   44.919 x1.00] LOG  [Combat] Hit OniBoss for 11
[  5216   44.919 x1.00] LOG  [CameraGameFeel] Shake: intensity=0.58 duration=0.200s
[  5216   44.919 x1.00] LOG  [CameraGameFeel] FOV punch: hit light (+1.5°)
[  5229   45.025 x1.00] LOG  [CameraGameFeel] Shake: intensity=0.50 duration=0.400s
[  5229   45.025 x1.00] LOG  [Peach] heavy hit 20 dmg: 3 bites. 4/16 bites = 1 of 4 peaches
[  5229   45.025 x1.00] LOG  [Momentum] 3 -> 0 (heavy hit taken, reset), speed x1.00, damage x1.00, impact x1.00
[  5229   45.025 x1.00] LOG  [Combat] Hit react: HitReact_Heavy_2Leg (0.9s, clip starts at 0.35s)
[  5229   45.025 x1.00] LOG  [CameraGameFeel] Shake: intensity=0.60 duration=0.200s
[  5229   45.025 x1.00] LOG  [CameraGameFeel] FOV punch: player damage (-3.0°)
[  5229   45.025 x1.00] LOG  [OniBoss] Hit player for 20 (ClubSlam)
[  5229   45.025 x1.00] LOG  [OniBoss:Touch] ClubSlam: club TOUCHED Yoru at clip 0.47, shaft 0.17m from her body line, head 0.45 along the club, tip 2.01m up, tip speed 95m/s. Full club hit delivered this frame.
[  5230   45.034 x1.00] LOG  [PeachUI] LOW HEALTH cue ON: 4 bites left, heartbeat 1.00s, bleed on, sound set
[  5230   45.034 x1.00] LOG  [HitReactTrace] asked for 'HitReact_Heavy_2Leg' (0.90s, clip start 0.35s): NOT playing it, another state took the combat layer, blend resolved after 9 ms, state 0.86s long at speed 1.60, now at 0.49s, layer weight 1.00, animator.speed 1.00.
[  5233   45.056 x1.00] LOG  [Combat] Hazard zone tick: OniBoss for 25
[  5273   45.391 x1.00] LOG  [OniBoss:ClubPos] ClubSlam at strike: club tip 0.54m up, 2.91m in front, -0.14m to his right (2.91m out from his centre). Club faces 7deg from his forward, pitch -0.26. (the ground wave is born 1.6m in front of him at 0.35m.)
[  5273   45.391 x1.00] LOG  [OniBoss:Layer] ClubSlam: club already hit — ground wave released as VISUAL only (0 damage).
[  5291   45.530 x1.00] LOG  [OniBoss] Attack → Recovery
[  5291   45.530 x1.00] LOG  [OniBoss] Playing animation: Watch
[  5291   45.530 x1.00] LOG  [OniBoss:Trail] trail END at clip 1.00, fading over 0.40s.
[  5291   45.530 x1.00] LOG  [OniBoss:Strike] ClubSlam: club tip closest to Yoru at 0.16m, clip position 0.94 | damage fires at 0.85 | clip 0.93s => damage fires 80 ms BEFORE the club is closest
[  5295   45.561 x1.00] LOG  [Combat] Hazard zone tick: OniBoss for 25
[  5310   45.682 x1.00] LOG  [OniBoss] Recovery → Chase
[  5311   45.689 x1.00] LOG  [OniBoss] hold-ground: BACKSTEP 1.5m (player 2.0m)
[  5349   45.982 x1.00] LOG  [Combat] Combo 1: 10 dmg
[  5349   45.982 x1.00] LOG  [ComboTrace] START step=1 state='Combo1' queued=0 target='OniBoss' at 4.4m
[  5349   45.982 x1.00] LOG  [ComboTrace] LAUNCH OniBoss at 1.4m dist=1.38m in 0.14s
[  5357   46.040 x1.00] LOG  [Combat] Dodge: Dodge_2Leg (4m, 2leg)
[  5357   46.040 x1.00] LOG  [ComboTrace] LAUNCH RESULT wanted=1.38m actually moved=0.63m, INTERRUPTED (dodge=True dash=False hitReact=False guard=False)
[  5357   46.040 x1.00] LOG  [AirPosePin] engaged, holding body at 0.652m above the transform
[  5361   46.069 x1.00] LOG  [Combat] Hazard zone tick: OniBoss for 25
[  5392   46.305 x1.00] LOG  [OniBoss] hold-ground: backstep done (0.99m), WATCH (player 4.3m, cooldown 1.2s)
[  5392   46.305 x1.00] LOG  [OniBoss] Playing animation: Watch
[  5393   46.312 x1.00] LOG  [OniBoss] Playing animation: Walk
[  5400   46.369 x1.00] LOG  [OniBoss] Playing animation: run
[  5427   46.569 x1.00] LOG  [Combat] Hazard zone tick: OniBoss for 25
[  5433   46.619 x1.00] LOG  [Combat] Dodge early exit at 86% (movement input)
[  5433   46.619 x1.00] LOG  [DodgeTrace] 2leg flip: clip 0.67s, ran 0.59s, asked 4.0m, actually moved 3.64m forward and rose 1.50m at the peak (Dodge Height 1.5), travel never completed (cut short).
[  5433   46.619 x1.00] LOG  [ComboTrace] move ended, combo kept at step 1, window restarted
[  5433   46.619 x1.00] LOG  [Combat] Dodge ended
[  5433   46.619 x1.00] LOG  [AirPosePin] released, peak correction was -0.024m
[  5444   46.702 x1.00] LOG  💨 Landing VFX spawned!
[  5444   46.702 x1.00] LOG  ✅ LANDED! (was jump #0)
[  5455   46.791 x1.00] LOG  [Combat] Dodge: Dodge_2Leg (4m, 2leg)
[  5455   46.791 x1.00] LOG  [Combat] Dodge early exit at 100% (movement input)
[  5455   46.791 x1.00] LOG  [DodgeTrace] 2leg flip: clip 0.67s, ran 0.01s, asked 4.0m, actually moved 0.18m forward and rose 0.00m at the peak (Dodge Height 1.5), travel finished at 0.01s, leaving 0.00s of clip with nothing moving.
[  5455   46.791 x1.00] LOG  [ComboTrace] move ended, combo kept at step 1, window restarted
[  5455   46.791 x1.00] LOG  [Combat] Dodge ended
[  5483   46.999 x1.00] LOG  [Combat] Combo 2: 20 dmg
[  5483   46.999 x1.00] LOG  [ComboTrace] START step=2 state='Combo2' queued=0 target='OniBoss' at 9.1m
[  5483   46.999 x1.00] LOG  [ComboTrace] LAUNCH OniBoss at 4.2m dist=3.20m in 0.32s (capped short)
[  5488   47.037 x1.00] LOG  [Combat] Dodge: Dodge_2Leg (4m, 2leg)
[  5488   47.037 x1.00] LOG  [Combat] Dodge early exit at 100% (movement input)
[  5488   47.037 x1.00] LOG  [DodgeTrace] 2leg flip: clip 2.80s, ran 0.01s, asked 4.0m, actually moved 0.03m forward and rose 0.00m at the peak (Dodge Height 1.5), travel finished at 0.01s, leaving 0.00s of clip with nothing moving.
[  5488   47.037 x1.00] LOG  [ComboTrace] move ended, combo kept at step 2, window restarted
[  5488   47.037 x1.00] LOG  [Combat] Dodge ended
[  5493   47.070 x1.00] LOG  [Combat] Hazard zone tick: OniBoss for 25
[  5494   47.082 x1.00] LOG  [OniBoss] ⚡ PHASE 2 ACTIVATED
[  5494   47.082 x1.00] LOG  [OniBoss:Layer] PHASE 2: health snapped 1489 → 1500 (the phase line, 60 %) for the phase-2 start.
[  5494   47.082 x1.00] LOG  [OniBoss] Chase → Stagger
[  5494   47.082 x1.00] LOG  [OniBoss] Playing animation: Stagger
[  5494   47.082 x1.00] LOG  [OniBoss] STAGGERED for 2.5s
[  5494   47.082 x1.00] LOG  [OniBoss] STAGGERED (parry) for 3s
[  5494   47.082 x0.45] LOG  [Combat] Combat reset
[  5494   47.082 x0.45] LOG  [OniBoss:Cine] CINEMATIC ON — hard cut, bars in, world at x0.45, roar at x0.80 + 0.9s linger, rise at x0.45, beat frames 27-37/94 at x0.20, hang 2.0s, orbit roar 120° / rise 40° / drop 30°, lens 65° locked, fill 0.70, screen-y 0.40/0.33, apex at clip 0.40.
[  5494   47.082 x0.45] LOG  [OniBoss:Layer] PHASE 2: transition 'Phase_Transition' driven at x0.60 + 0.6s hold — untouchable, roar at 0.60
[  5494   47.082 x0.45] LOG  [BossBar] Hiding bar INSTANTLY (cinematic)
[  5494   47.082 x0.45] LOG  [OniBoss:Layer] boss bar hidden (cinematic)
[  5495   47.091 x0.45] LOG  [OniBoss:Layer] PHASE 2: clip is 2.42s — cinematic: scream ~1.81s in + 0.9s linger
[  5758   48.898 x0.45] LOG  [CameraGameFeel] Shake: intensity=0.60 duration=0.500s
[  5758   48.898 x0.45] LOG  [OniBoss:Layer] PHASE 2: roar at 1.45 clip-s
[  5894   49.798 x0.45] LOG  [OniBoss:Layer] PHASE 2: transition over after 2.72s real — he is back, and angrier
[  5894   49.798 x0.45] LOG  [OniBoss:Layer] PHASE 2: chaining into the GROUND POUND — no pause. The cinematic rides along until the top of the jump.
[  5894   49.798 x0.45] LOG  [OniBoss] STAGGERED (parry) for 3s
[  5894   49.798 x0.45] LOG  [OniBoss:Layer] GROUND POUND (phase-2 entrance): driving 'Ground_Pound' at x1.00, slam at 0.60, cinematic until the apex at 0.40
[  5895   49.804 x0.45] LOG  [OniBoss:Layer] GROUND POUND: clip is 3.13s
[  6196   51.803 x0.45] LOG  [StormWeather] storm break released
[  6196   51.803 x0.45] LOG  [CameraGameFeel] Shake: intensity=0.90 duration=0.500s
[  6196   51.803 x0.45] LOG  [OniBoss:Cine] LIGHTNING BEAT — sky show off, single strike 'LightningOrbSoftYellow'.
[  6197   51.810 x0.20] LOG  [StormWeather] ⚡ strike at (472.82, 45.00, 447.12)
[  6197   51.810 x0.20] LOG  [StormWeather] COZY → 'Yoru_Oni_Phase2_Storm' (the sky answers, storm chaos)
[  6197   51.810 x0.20] LOG  [StormWeather] fur lights boosted for the storm: fill 1.45, rim x1.30.
[  6197   51.810 x0.20] LOG  [StormWeather] PHASE 2 - storm breaking.
[  6749   55.501 x1.00] LOG  [OniBoss:Cine] the DROP at clip 0.40 (hung 2.0s) — full speed, the camera rides him DOWN.
[  6840   56.129 x1.00] LOG  [CameraGameFeel] FOV punch: hit light (+1.5°)
[  6840   56.129 x1.00] LOG  [StormWeather] storm break released
[  6840   56.129 x1.00] LOG  [OniBoss:Cine] CINEMATIC OFF (he LANDS at clip 0.60) — control returned, bars out, camera hands over in 0.30s. Lens locked at 65°; the camera stepped back to 23.0m at the farthest.
[  6840   56.129 x1.00] LOG  [CameraGameFeel] Shake: intensity=1.10 duration=0.800s
[  6840   56.129 x1.00] LOG  [OniBoss:Pound] SLAM at clip 0.60 (1.88 clip-s) — ring 12m/s out to 12m, 45 damage, jumpable.
[  6841   56.137 x1.00] LOG  [BossBar] Showing bar for: Oni (1500/2500)
[  6841   56.137 x1.00] LOG  [OniBoss:Layer] boss bar shown
[  6841   56.137 x1.00] LOG  [BossBar] Bar switched to phase 2
[  6841   56.137 x1.00] LOG  [OniBoss:Layer] boss bar → phase 2 crimson
[  6878   56.385 x1.00] LOG  [Peach] heavy hit 45 dmg: 6 bites. 0/16 bites = 0 of 4 peaches
[  6878   56.385 x1.00] LOG  [Health] Player died (heavy killing hit). Game over menu: next pass.
[  6878   56.385 x1.00] LOG  [CameraGameFeel] Shake: intensity=0.60 duration=0.200s
[  6878   56.385 x1.00] LOG  [CameraGameFeel] FOV punch: player damage (-3.0°)
[  6878   56.385 x0.15] LOG  [Death] Yoru died on 2 legs (heavy hit): HR_big_die_2legs. Slow motion x0.15 for 0.8s then x0.50, death sound set.
[  6878   56.385 x0.15] LOG  [OniBoss:Pound] shockwave CAUGHT Yoru (grounded) at 3.9m for 45.
[  6879   56.396 x0.15] LOG  [GameOver] Yoru died: waiting for the death animation to finish, then 1.0s, then ink 3.0s, title 2.0s, buttons 1.5s
[  6879   56.396 x0.15] LOG  [PeachUI] LOW HEALTH cue OFF (she died: heartbeat stops, bleed holds at full)
[  6999   57.379 x0.18] LOG  [OniBoss] Stagger → Chase
[  6999   57.379 x0.18] LOG  [OniBoss:Cine] first-attack GRACE — at least 2.0s before he may swing.
[  6999   57.379 x0.18] LOG  [OniBoss:Layer] GROUND POUND: done — the engine is his again.
[  7000   57.386 x0.18] LOG  [OniBoss] Yoru is dead: standing down
[  7000   57.386 x0.18] LOG  [OniBoss] Chase → Idle
[  7000   57.386 x0.18] LOG  [OniBoss] Playing animation: Idle
[  7000   57.386 x0.18] LOG  [OniBoss:Layer] watch stance ON (player 3.9m)
[  7000   57.386 x0.18] LOG  [BossBar] Hiding bar (Oni disengaged)
[  7000   57.386 x0.18] LOG  [OniBoss:Layer] boss bar hidden (disengage)
[  7080   58.037 x0.48] LOG  [StormWeather] storm post weight -> 1.00
[  7743   62.643 x0.50] LOG  [GameOver] death animation finished 6.3s after the hit (world at x0.50); the world freezes in 1.0s
[  7898   63.644 x0.50] LOG  [GameOver] world frozen: 1426 x 802 from camera 'mainCamera (1)', levels 0.15 to 0.49 (measured), red edges start at 0.55
[  7982   64.198 x0.50] WARN The referenced script on this Behaviour (Game Object '<null>') is missing!
[  7982   64.198 x0.50] WARN The referenced script on this Behaviour (Game Object 'Lightning Light') is missing!
[  7982   64.198 x0.50] WARN The referenced script on this Behaviour (Game Object 'Lightning Light') is missing!
[  8552   68.045 x0.50] WARN The referenced script on this Behaviour (Game Object '<null>') is missing!
[  8552   68.045 x0.50] WARN The referenced script on this Behaviour (Game Object 'Lightning Light') is missing!
[  8552   68.045 x0.50] WARN The referenced script on this Behaviour (Game Object 'Lightning Light') is missing!
[  8596   68.353 x0.50] WARN The referenced script on this Behaviour (Game Object '<null>') is missing!
[  8596   68.353 x0.50] WARN The referenced script on this Behaviour (Game Object 'Lightning Light') is missing!
[  8596   68.353 x0.50] WARN The referenced script on this Behaviour (Game Object 'Lightning Light') is missing!
[  8949   71.014 x0.50] LOG  [GameOver] screen complete 14.6s after the hit, waiting for Replay or Main Menu
[  9037   71.637 x0.50] LOG  [GameOver] Replay: reloading 'CaveScene_Oni_Boss1'

[  9037   71.637 x0.50] TEL ────────── REPLAY: scene reloaded ──────────
[  9038   71.693 x1.00] LOG  [StormWeather] terrain layers restored to dry values.
[  9038   71.693 x1.00] LOG  [StormWeather] fur lights back to base.
[  9038   71.693 x1.00] LOG  [OniHairShadows] shadow casting off on 27 hair renderers
[  9038   71.693 x1.00] LOG  [RingMesh] Auto-found 11/11 left, 11/11 right meshes
[  9038   71.693 x1.00] LOG  [PeachUI] row ready: 4 peaches, 64 px, TopLeft, bleed sprite set, PlayerHealth found
[  9038   71.693 x1.00] LOG  [GameOver] ready (sumi-e): PlayerCombat found, ink shader ok, paper set, kanji set, font YujiSyuku-Regular SDF, Main Menu faint (no scene set)
[  9038   71.693 x1.00] LOG  [BossBar] BossHealthBarUI initialized
[  9038   71.693 x1.00] LOG  [StormWeather] layer 'TerrainLayer_Dirt_01' dry smoothness=0.00 (restore to this if a crash ever leaves it wet)
[  9038   71.693 x1.00] LOG  [StormWeather] post volumes ready on layer 9 (storm priority 10, flash priority 11).
[  9038   71.693 x1.00] LOG  [StormWeather] ROUND 80: fur weather ready on 'Weather Zone'. Rain 0, wind 0.50 in the open, sky check 30 m from 'PlayerYoru_1.1'.
[  9038   71.693 x1.00] LOG  [StormWeather] COZY bridge: Rain_Cave retired, COZY owns the rain now.
[  9038   71.693 x1.00] LOG  [StormWeather] COZY → 'Clear' (pre-fight - open sky, 0 s)
[  9038   71.693 x1.00] LOG  [StormWeather] Ready. Open sky, dry floor. Waiting for the fight.
[  9038   71.693 x1.00] LOG  OniBoss initialized with 2500 HP
[  9038   71.693 x1.00] LOG  [OniBoss] ANIMATOR SETUP: cullingMode=CullUpdateTransforms updateMode=Normal applyRootMotion=False speed=1
[  9038   71.693 x1.00] LOG  [OniBoss] Initialized
[  9038   71.693 x1.00] LOG  [OniBoss:Layer] facing: minFlat 1m, snapOnAttack off, trackInHitReact off, aimTurn 540 deg/s for the first 0.20 of the swing
[  9038   71.693 x1.00] LOG  [OniBoss:Layer] Yoru launch model ON: launches ALL THE WAY to an enemy within 4.7m of its surface at 10m/s (stop gap 0.00m, NO minimum distance), else steps 0.90m forward. Targeting cone left exactly as her prefab has it.
[  9038   71.693 x1.00] LOG  [OniBoss:Layer] Yoru launch ROUND 9: airborne attacks launch too (ON), edge probe now runs on its OWN layer mask (Everything) instead of the line-of-sight mask - the Ground-only mask found no floor in this cave and was cancelling 100% of launches at 0.00m travelled.
[  9038   71.693 x1.00] LOG  [OniBoss:Layer] animator speed x1.35 — his 1.13s swing now plays in 0.84s.
[  9038   71.693 x1.00] LOG  [OniBoss:Layer] chase speed pushed: phase1 4.5, phase2 5.5 (Yoru runs at 7).
[  9038   71.693 x1.00] LOG  [OniBoss:Layer] ground wave ON (round 38): half the club's damage on TOUCH, 12m/s x 6.0m from 1.6m in front at 0.35m height — a club hit cancels that swing's wave, jumping clears it. Per-attack effects come from the Swing Wave VFX By Attack rows. PlayerHealth found, PlayerMovement found.
[  9038   71.693 x1.00] LOG  [StormWeather] storm break HELD (waiting for the lightning beat)
[  9038   71.693 x1.00] LOG  [OniBoss:Layer] storm break HELD — it releases at the lightning-on-the-club beat.
[  9038   71.693 x1.00] LOG  [OniBoss:Layer] club tracking ON — tip 'Kanabo3' (depth 4), shaft root 'kanabo'.
[  9038   71.693 x1.00] LOG  [OniBoss:Layer] skinned meshes: 46 renderer(s), updateWhenOffscreen ON, body renderer 'Body' rootBone 'Hips'
[  9038   71.693 x1.00] LOG  [OniBoss:Layer] charge travel bone: 'Hips' at depth 1 under 'OniBoss', rest local (0.00, 3.24, -0.24)
[  9038   71.693 x1.00] LOG  [OniBoss:Layer] anti-kite ON: thrown swing after 4s of failed chase (within 7.6m), charge after 6s.
[  9038   71.693 x1.00] LOG  [OniBoss:Layer] charge drive ON (windup to 0.40 at x1.3, rush 14m/s stops at 2.6m, steers 0.35s then commits, strike section from 0.58, strike moment 0.76, trail VFX off)
[  9038   71.693 x1.00] LOG  [OniBoss:Layer] attack armor ON (his swings are not interrupted by light/medium hits; heavy hits and rapid-hit bursts still stop him)
[  9038   71.693 x1.00] LOG  [OniBoss:Layer] strike moments overridden: Club_Swing=0.42 ClubSwing2=0.32 ClubSlam=0.85 KanaboSweep=0.48
[  9038   71.693 x1.00] LOG  [OniBoss:Layer] club TOUCH hits ON (radius 0.70m, min tip speed 50m/s, armed from 0.20 of the clip): Club_Swing ClubSwing2 ClubSlam KanaboSweep. First touch wins — club full damage, wave half, one hit per swing.
[  9038   71.693 x1.00] LOG  [OniBoss:Layer] combo damage ramp ON: mid x1.25, finisher x1.50 — finisher wave carries FULL damage at x2.0 size, x2.0 travel.
[  9038   71.693 x1.00] LOG  [OniBoss:Layer] charge follow-up ON: 90 % of solo charges chain into a random melee finisher.
[  9038   71.693 x1.00] LOG  [OniBoss:Layer] hold-ground ON (backstep 1.5m @ 1.6m/s after own attacks, watch 'Watch', attack facing LOCKED)
[  9038   71.693 x1.00] LOG  [OniBoss:Layer] OniBoss layer ready (reactions, wake-on-hit, watch stance, boss bar). player=found
[  9038   71.693 x1.00] LOG  [OniBoss:Layer] charge clip 'Oni Charge.fbx' imports with Root Motion Node = None (in place) — good.
[  9038   71.693 x1.00] LOG  [OniBoss:Layer] clips importing with Root Transform Position (Y) NOT baked into pose (12): Oni_Alert(Oni Alert), Club_Slam(Oni Club Slam), Club_Swing(Oni Club Swing), Club_swing2(Oni Club Swing 2), Death(Oni Death Kneel), Hit_react_light(Oni Hit react lighter light), KanaboSweep(Oni Kanabo sweep), Phase_Transition(Oni Phase transition), run(Oni Run), Walk(Oni Walk), Watch(Oni Watch), Idle(Oni Idle) — their hips' up/down motion is stripped (see round notes; optional).
[  9038   71.693 x1.00] LOG  === VFX MANAGER INITIALIZED ===
[  9038   71.693 x1.00] LOG  Auto-detect animations: False
[  9038   71.693 x1.00] LOG  Parent effects to tail: True
[  9038   71.693 x1.00] LOG  Prefabs: Jump=True, Land=True, LTail=True, RTail=True
[  9038   71.693 x1.00] LOG  ✅ Left Tail Tip: LeftTailTip_Anchor
[  9038   71.693 x1.00] LOG  ✅ Right Tail Tip: RightTailTip_Anchor
[  9038   71.693 x1.00] LOG  [VolumetricFogController] applyPresets is OFF in this scene. The Volumetric Fog component keeps its hand-set inspector values.
[  9038   71.693 x1.00] LOG  [TailAirShot] Ready. drawState=RightTail_Fast castParam=TailCastSpeed (found)
  arrow leaves: PlayerYoru_1.1/Cat_All_10_Tails_v4/Group/DeformationSystem/root/Root_M/Tail15_R/Tail151_R/Tail152_R/Tail153_R/Tail154_R/Tail155_R/Tail156_R/Tail157_R/Tail158_R/Tail159_R/Tail1510_R/Tail1511_R/Tail1512_R/Tail6_R/Tail6_R_end/Tail6_R_end_end/Tail6_R_end_end_end/RightTailTip_Anchor
  aim VFX: PlayerYoru_1.1/Cat_All_10_Tails_v4/Group/DeformationSystem/root/Root_M/Tail15_R/Tail151_R/Tail152_R/Tail153_R/Tail154_R/Tail155_R/Tail156_R/Tail157_R/Tail158_R/Tail159_R/Tail1510_R/Tail1511_R/Tail1512_R/Tail6_R/Tail6_R_end/Tail6_R_end_end/Tail6_R_end_end_end/RightTailTip_Anchor/vfx_Muzzle_Fireball01Blue
[  9038   71.693 x1.00] LOG  [RingMesh] VFX Status:
[  9038   71.693 x1.00] LOG    Left: Prefab=✓, Spawn=Tail6_L_end_end_end
[  9038   71.693 x1.00] LOG    Right: Prefab=✓, Spawn=Tail6_R_end_end_end
[  9038   71.693 x1.00] LOG  [TailAirShot4Leg] Ready. drawState=shoot_4Leg castParam=Shoot4LegSpeed (found) readyFrame=5 fireFrame=10 frames=24 slowBudget=3s real damageMultiplier=2.00
  arrow leaves: PlayerYoru_1.1/Cat_All_10_Tails_v4/Group/DeformationSystem/root/Root_M/Tail15_R/Tail151_R/Tail152_R/Tail153_R/Tail154_R/Tail155_R/Tail156_R/Tail157_R/Tail158_R/Tail159_R/Tail1510_R/Tail1511_R/Tail1512_R/Tail6_R/Tail6_R_end/Tail6_R_end_end/Tail6_R_end_end_end/RightTailTip_Anchor
  aim VFX left:  PlayerYoru_1.1/Cat_All_10_Tails_v4/Group/DeformationSystem/root/Root_M/Tail15_L/Tail151_L/Tail152_L/Tail153_L/Tail154_L/Tail155_L/Tail156_L/Tail157_L/Tail158_L/Tail159_L/Tail1510_L/Tail1511_L/Tail1512_L/Tail6_L/Tail6_L_end/Tail6_L_end_end/Tail6_L_end_end_end/LeftTailTip_Anchor/Glow_4Leg_L
  aim VFX right: PlayerYoru_1.1/Cat_All_10_Tails_v4/Group/DeformationSystem/root/Root_M/Tail15_R/Tail151_R/Tail152_R/Tail153_R/Tail154_R/Tail155_R/Tail156_R/Tail157_R/Tail158_R/Tail159_R/Tail1510_R/Tail1511_R/Tail1512_R/Tail6_R/Tail6_R_end/Tail6_R_end_end/Tail6_R_end_end_end/RightTailTip_Anchor/Glow_4Leg_R
[  9038   71.693 x1.00] LOG  [PlayerCombat] Phase 2 form gate CONNECTED (FormController found on this GameObject).
[  9038   71.693 x1.00] LOG  [Combat] PlayerCombat initialized, Phase 3C v27
[  9038   71.693 x1.00] LOG  [CameraGameFeel] CameraGameFeel initialized (shake + FOV)
[  9038   71.693 x1.00] LOG  [OniBoss] Playing animation: Idle
[  9100   72.356 x1.00] LOG  💨 Landing VFX spawned!
[  9100   72.356 x1.00] LOG  ✅ LANDED! (was jump #0)
[  9886   77.355 x1.00] LOG  [OniBoss:Layer] watch stance ON (player 15.0m)
[ 10020   78.215 x1.00] LOG  [OniBoss] LostSoul → Alert
[ 10020   78.215 x1.00] LOG  [OniBoss] Playing animation: Oni_Alert
[ 10020   78.215 x1.00] LOG  [BossBar] Showing bar for: Oni (2500/2500)
[ 10020   78.215 x1.00] LOG  [OniBoss:Layer] boss bar shown
[ 10021   78.221 x1.00] LOG  [StormWeather] COZY → 'Yoru_Oni_Phase1_Storm' (fight engaged - storm rolls in, 0 s)
[ 10021   78.221 x1.00] LOG  [StormWeather] FIGHT STARTED (he engaged) - storm on, floor starts to soak.
[ 10058   78.476 x1.00] LOG  [StormWeather] fur: rain reaching the coat (intensity 0.01, follows floor wetness).
[ 10097   78.717 x1.00] LOG  [OniBoss] Alert → Chase
[ 10098   78.722 x1.00] LOG  [OniBoss] Pull-band decision: RUN-IN (dist 7.9m, pullRange 0m, chance 0.50)
[ 10098   78.722 x1.00] LOG  [OniBoss] Playing animation: run
[ 10143   79.025 x1.00] LOG  [StormWeather] storm post weight -> 0.40
[ 10294   80.006 x1.00] LOG  [OniBoss] Playing animation: Idle
[ 10294   80.006 x1.00] LOG  [OniBoss] Chase → Attack
[ 10294   80.006 x1.00] LOG  [OniBoss] Attack: Club_Swing (16 dmg)
[ 10294   80.006 x1.00] LOG  [OniBoss:Trail] Club_Swing trail START at clip 1.00 (transition done).
[ 10308   80.098 x1.00] LOG  [OniBoss:Layer] step-in: 'Club_Swing' closed 0.41m, Yoru now 3.0m away (range 3.5)
[ 10351   80.369 x1.00] LOG  [OniBoss:ClubPos] Club_Swing at strike: club tip 3.03m up, 2.17m in front, -3.11m to his right (3.79m out from his centre). Club faces -89deg from his forward, pitch 0.41. (the ground wave is born 1.6m in front of him at 0.35m.)
[ 10351   80.369 x1.00] LOG  [OniBoss:Layer] Club_Swing: club has not connected — ground wave released ARMED, 1.6m in front, 12m/s x 6.0m = 0.50s, carrying 8 (half of the club's 16).
[ 10352   80.376 x1.00] LOG  [Peach] light hit 8 dmg: 1 bite. 15/16 bites = 3.75 of 4 peaches
[ 10352   80.376 x1.00] LOG  [HitReactTrace] 4-leg LIGHT hit at 0.58 m/s (running threshold 3.00) => standing (medium) reaction.
[ 10352   80.376 x1.00] LOG  [Combat] Hit react: HitReact_Light_4Leg (0.5s, clip starts at 0.28s)
[ 10352   80.376 x1.00] LOG  [CameraGameFeel] Shake: intensity=0.30 duration=0.200s
[ 10352   80.376 x1.00] LOG  [CameraGameFeel] FOV punch: player damage (-2.0°)
[ 10352   80.376 x1.00] LOG  [OniBoss:Wave] wave TOUCHED Yoru (grounded) for 8 after 0.1m / 0.01s of travel.
[ 10355   80.397 x1.00] LOG  [HitReactTrace] asked for 'HitReact_Light_4Leg' (0.50s, clip start 0.28s): playing it, blend resolved after 21 ms, state 1.97s long at speed 1.00, now at 0.30s, layer weight 1.00, animator.speed 1.00.
[ 10420   80.848 x1.00] LOG  [OniBoss] Attack → Recovery
[ 10420   80.848 x1.00] LOG  [OniBoss] Playing animation: Watch
[ 10420   80.848 x1.00] LOG  [OniBoss:Trail] trail END at clip 0.99, fading over 0.40s.
[ 10420   80.848 x1.00] LOG  [OniBoss:Strike] Club_Swing: club tip closest to Yoru at 0.70m, clip position 0.91 | damage fires at 0.42 | clip 0.84s => damage fires 413 ms BEFORE the club is closest
[ 10444   81.006 x1.00] LOG  [OniBoss] Recovery → Chase
[ 10445   81.015 x1.00] LOG  [OniBoss] hold-ground: BACKSTEP 1.5m (player 2.1m)
[ 10450   81.048 x1.00] LOG  [Combat] Combo 1: 10 dmg
[ 10450   81.048 x1.00] LOG  [ComboTrace] START step=1 state='Combo1' queued=0 target='OniBoss' at 2.1m
[ 10450   81.048 x1.00] LOG  [ComboTrace] LAUNCH OniBoss at 1.0m dist=1.01m in 0.13s
[ 10467   81.175 x1.00] LOG  [ComboTrace] LAUNCH RESULT wanted=1.01m actually moved=0.21m, completed
[ 10478   81.266 x1.00] LOG  [Combat] Queued click #1 (combo 1)
[ 10478   81.266 x1.00] LOG  [ComboTrace] QUEUED #1 during step 1
[ 10505   81.452 x1.00] LOG  [Combat] Queued click #2 (combo 1)
[ 10505   81.452 x1.00] LOG  [ComboTrace] QUEUED #2 during step 1
[ 10532   81.647 x1.00] LOG  🐾 VFX_AttackPaw triggered!
[ 10534   81.662 x1.00] LOG  [ComboTrace] CLICK IGNORED (step=1 queued=2)
[ 10547   81.755 x1.00] LOG  [Combat] Combo 2: 20 dmg
[ 10547   81.755 x1.00] LOG  [ComboTrace] START step=2 state='Combo2' queued=1 target='OniBoss' at 3.0m
[ 10547   81.755 x1.00] LOG  [ComboTrace] LAUNCH OniBoss at 1.8m dist=1.83m in 0.18s
[ 10569   81.906 x1.00] LOG  [Combat] Queued click #2 (combo 2)
[ 10569   81.906 x1.00] LOG  [ComboTrace] QUEUED #2 during step 2
[ 10574   81.946 x1.00] LOG  [ComboTrace] LAUNCH RESULT wanted=1.83m actually moved=1.22m, completed
[ 10575   81.952 x1.00] LOG  [OniBoss] hold-ground: backstep done (1.50m), WATCH (player 2.1m, cooldown 0.9s)
[ 10575   81.952 x1.00] LOG  [OniBoss] Playing animation: Idle
[ 10576   81.958 x1.00] LOG  [OniBoss] Playing animation: Walk
[ 10599   82.108 x1.00] LOG  [ComboTrace] CLICK IGNORED (step=2 queued=2)
[ 10628   82.353 x1.00] LOG  [ComboTrace] CLICK IGNORED (step=2 queued=2)
[ 10635   82.390 x1.00] LOG  🐾🐾 VFX_TowPaw triggered!
[ 10638   82.407 x1.00] LOG  [OniBoss] Playing animation: Idle
[ 10638   82.407 x1.00] LOG  OniBoss took 20 damage. HP: 2480/2500
[ 10638   82.407 x1.00] LOG  [Stance] OniBoss 10/100 (+10 light)
[ 10638   82.407 x1.00] LOG  [OniBoss] Chase → HitReact
[ 10638   82.407 x1.00] LOG  [OniBoss:Layer] react tier: MEDIUM (20 dmg) → 'HitReact_medium'
[ 10638   82.407 x1.00] LOG  [Momentum] 0 -> 1 (hit), speed x1.05, damage x1.05, impact x1.05
[ 10638   82.407 x1.00] LOG  [CameraGameFeel] Shake: intensity=0.06 duration=0.080s
[ 10638   82.407 x1.00] LOG  [Combat] Hit OniBoss for 20
[ 10638   82.407 x1.00] LOG  [CameraGameFeel] Shake: intensity=0.53 duration=0.200s
[ 10638   82.407 x1.00] LOG  [CameraGameFeel] FOV punch: hit light (+1.5°)
[ 10664   82.599 x1.00] LOG  [ComboTrace] CLICK IGNORED (step=2 queued=2)
[ 10694   82.803 x1.00] LOG  🐾🐾 VFX_TowPaw triggered!
[ 10699   82.836 x1.00] LOG  [Combat] Combo 3: 35 dmg
[ 10699   82.836 x1.00] LOG  [ComboTrace] START step=3 state='Combo3' queued=1 target='OniBoss' at 2.5m
[ 10699   82.836 x1.00] LOG  [ComboTrace] LAUNCH OniBoss at 1.3m dist=1.34m in 0.13s
[ 10699   82.836 x1.00] LOG  [YoruVFX] Ground hazard: 'VFX_Void_Area_GroundSpinYORU' laid at GroundVFX ((481.87, 0.83, 408.54)), floor tilt 22.9 deg, 17 delays shifted by 2.00s, own lifetime 8.98s
[ 10699   82.836 x1.00] LOG  [Combat] Hazard zone tick: OniBoss for 25
[ 10699   82.836 x1.00] LOG  [Combat] Hazard zone laid: 8.98s, 25 dmg every 0.50s in 2.00m
[ 10706   82.898 x1.00] LOG  OniBoss took 37 damage. HP: 2418/2500
[ 10706   82.898 x1.00] LOG  [Stance] OniBoss 20/100 (+10 light)
[ 10706   82.898 x1.00] LOG  [OniBoss:Layer] burst: 2 hits / 57 dmg → flinch upgraded to 'HitReact_medium'
[ 10706   82.898 x1.00] LOG  [Momentum] 1 -> 2 (hit), speed x1.10, damage x1.10, impact x1.10
[ 10706   82.898 x1.00] LOG  [CameraGameFeel] Shake: intensity=0.06 duration=0.080s
[ 10706   82.898 x1.00] LOG  [CameraGameFeel] Shake: intensity=0.55 duration=0.200s
[ 10706   82.898 x1.00] LOG  [CameraGameFeel] FOV punch: hit light (+1.5°)
[ 10717   82.972 x1.00] LOG  [ComboTrace] LAUNCH RESULT wanted=1.34m actually moved=0.70m, completed
[ 10751   83.209 x1.00] LOG  [OniBoss] HitReact → Chase
[ 10752   83.215 x1.00] LOG  [OniBoss] Playing animation: Watch
[ 10752   83.215 x1.00] LOG  [OniBoss] Chase → Attack
[ 10752   83.215 x1.00] LOG  [OniBoss] Attack: ClubSwing2 (16 dmg)
[ 10752   83.215 x1.00] LOG  [OniBoss:Trail] ClubSwing2 trail START at clip 0.25 (transition done).
[ 10770   83.336 x1.00] LOG  [Combat] Hazard zone tick: OniBoss for 25
[ 10799   83.549 x1.00] LOG  [CameraGameFeel] Shake: intensity=0.20 duration=0.250s
[ 10799   83.549 x1.00] LOG  [Peach] light hit 16 dmg: 2 bites. 13/16 bites = 3.25 of 4 peaches
[ 10799   83.549 x1.00] LOG  [Momentum] 2 -> 1 (light hit taken, 50% = -1), speed x1.05, damage x1.05, impact x1.05
[ 10799   83.549 x1.00] LOG  [Combat] Combo memory: light hit, keeping step 3
[ 10799   83.549 x1.00] LOG  [Combat] Hit react: HitReact_Light_2Leg (0.5s, clip starts at 0.35s)
[ 10799   83.549 x1.00] LOG  [CameraGameFeel] Shake: intensity=0.30 duration=0.200s
[ 10799   83.549 x1.00] LOG  [CameraGameFeel] FOV punch: player damage (-2.0°)
[ 10799   83.549 x1.00] LOG  [OniBoss] Hit player for 16 (ClubSwing2)
[ 10799   83.549 x1.00] LOG  [OniBoss:Touch] ClubSwing2: club TOUCHED Yoru at clip 0.29, shaft 0.27m from her body line, head 0.56 along the club, tip 1.40m up, tip speed 93m/s, ONE FRAME EARLY (predicted). Full club hit delivered this frame.
[ 10800   83.557 x1.00] LOG  [HitReactTrace] asked for 'HitReact_Light_2Leg' (0.50s, clip start 0.35s): NOT playing it, another state took the combat layer, blend resolved after 8 ms, state 0.79s long at speed 0.80, now at 0.65s, layer weight 1.00, animator.speed 1.00.
[ 10807   83.602 x1.00] LOG  [OniBoss:ClubPos] ClubSwing2 at strike: club tip 0.23m up, 1.52m in front, 2.75m to his right (3.14m out from his centre). Club faces 21deg from his forward, pitch -0.89. (the ground wave is born 1.6m in front of him at 0.35m.)
[ 10807   83.602 x1.00] LOG  [OniBoss:Layer] ClubSwing2: club already hit — ground wave released as VISUAL only (0 damage).
[ 10841   83.836 x1.00] LOG  [Combat] Hazard zone tick: OniBoss for 25
[ 10892   84.198 x1.00] LOG  🚶 2-LEG JUMP
[ 10892   84.198 x1.00] LOG  🐾 Jump 1 VFX spawned!
[ 10911   84.337 x1.00] LOG  [Combat] Hazard zone tick: OniBoss for 25
[ 10918   84.386 x1.00] LOG  [OniBoss] Attack → Recovery
[ 10918   84.386 x1.00] LOG  [OniBoss] Playing animation: Watch
[ 10918   84.386 x1.00] LOG  [OniBoss:Trail] trail END at clip 0.99, fading over 0.40s.
[ 10918   84.386 x1.00] LOG  [OniBoss:Strike] ClubSwing2: club tip closest to Yoru at 1.15m, clip position 0.30 | damage fires at 0.32 | clip 1.17s => MATCHED (within one or two frames)
[ 10940   84.536 x1.00] LOG  [OniBoss] Recovery → Chase
[ 10941   84.542 x1.00] LOG  [OniBoss] hold-ground: BACKSTEP 1.5m (player 3.7m)
[ 10960   84.676 x1.00] LOG  [OniBoss] hold-ground: backstep done (0.21m), WATCH (player 4.3m, cooldown 1.7s)
[ 10960   84.676 x1.00] LOG  [OniBoss] Playing animation: Watch
[ 10983   84.847 x1.00] LOG  [Combat] Hazard zone tick: OniBoss for 25
[ 10984   84.853 x1.00] LOG  [OniBoss] Playing animation: run
[ 11030   85.173 x1.00] LOG  💨 Landing VFX spawned!
[ 11030   85.173 x1.00] LOG  ✅ LANDED! (was jump #1)
[ 11055   85.347 x1.00] LOG  [Combat] Hazard zone tick: OniBoss for 25
[ 11063   85.398 x1.00] LOG  [Momentum] 1 -> 0 (drain), speed x1.00, damage x1.00, impact x1.00
[ 11133   85.848 x1.00] LOG  [Combat] Hazard zone tick: OniBoss for 25
[ 11203   86.337 x1.00] LOG  [OniBoss] Pull-band decision: RUN-IN (dist 5.8m, pullRange 0m, chance 0.50)
[ 11205   86.356 x1.00] LOG  [Combat] Hazard zone tick: OniBoss for 25
[ 11787   90.540 x1.00] LOG  [OniBoss] chase punish: 6s of failed chase — CHARGING her down from 10.6m.
[ 11787   90.540 x1.00] LOG  [OniBoss] Chase → Attack
[ 11787   90.540 x1.00] LOG  [OniBoss] charge follow-up armed: Club_Swing chains after the charge.
[ 11787   90.540 x1.00] LOG  [OniBoss] Attack: Oni_Charge (18 dmg)

[ 11787   90.540 x1.00] TEL ────────── CHARGE ──────────
[ 11787   90.540 x1.00] LOG  [OniBoss:Layer] charge begin: travel bone 'Hips' depth 1, local now (0.24, 2.77, -0.26) vs rest (0.00, 3.24, -0.24); pin ON; drive windup→rush→strike; engine Attack, AnimSpeed 1.30, clip at 0.00, dist 10.6m
[ 11787   90.540 x1.00] TEL charge Windup n=0.00 spd=1.30 mult=1.00 st=Attack anim=h1349952704/Charge drift=0.24 cut=0.24 meshOff=0.24m vis bounds+0.3m pos=(499.4,409.5) dist=10.6 vel=4.5
[ 11800   90.628 x1.00] TEL charge Windup n=0.07 spd=1.30 mult=1.00 st=Attack anim=h1349952704/Charge drift=0.33 cut=0.33 meshOff=0.24m vis bounds+0.2m pos=(499.4,409.5) dist=11.1 vel=0.0
[ 11813   90.715 x1.00] TEL charge Windup n=0.15 spd=1.30 mult=1.30 st=Attack anim=Charge/- drift=0.95 cut=0.95 meshOff=0.24m vis bounds+0.2m pos=(499.4,409.5) dist=11.6 vel=0.0
[ 11825   90.807 x1.00] TEL charge Windup n=0.23 spd=1.30 mult=1.30 st=Attack anim=Charge/- drift=1.13 cut=1.13 meshOff=0.24m vis bounds+0.3m pos=(499.4,409.5) dist=12.0 vel=0.0
[ 11838   90.895 x1.00] TEL charge Windup n=0.30 spd=1.30 mult=1.30 st=Attack anim=Charge/- drift=0.34 cut=0.34 meshOff=0.24m vis bounds+0.3m pos=(499.4,409.5) dist=12.4 vel=0.0
[ 11852   90.989 x1.00] TEL charge Windup n=0.38 spd=1.30 mult=1.30 st=Attack anim=Charge/- drift=5.91 cut=5.91 meshOff=0.24m vis bounds+0.3m pos=(499.4,409.5) dist=12.8 vel=0.0
[ 11856   91.019 x1.00] LOG  [OniBoss:Layer] charge RUSH: clip frozen at 0.40, 13.0m to go at 14m/s
[ 11857   91.027 x1.00] LOG  [OniBoss:Layer] charge fire trail: 'ToonFireTrail' attached to his feet for the rush.
[ 11865   91.078 x1.00] TEL charge Rush   n=0.40 spd=0.00 mult=0.00 st=Attack anim=Charge/- drift=7.61 cut=7.61 meshOff=0.24m vis bounds+0.4m pos=(499.7,408.7) dist=12.4 vel=0.0
[ 11877   91.164 x1.00] TEL charge Rush   n=0.40 spd=0.00 mult=0.00 st=Attack anim=Charge/- drift=7.61 cut=7.61 meshOff=0.24m vis bounds+0.5m pos=(500.1,407.5) dist=11.6 vel=0.0
[ 11887   91.248 x1.00] TEL charge Rush   n=0.40 spd=0.00 mult=0.00 st=Attack anim=Charge/- drift=7.61 cut=7.61 meshOff=0.24m vis bounds+0.5m pos=(500.4,406.4) dist=10.8 vel=0.0
[ 11899   91.333 x1.00] TEL charge Rush   n=0.40 spd=0.00 mult=0.00 st=Attack anim=Charge/- drift=7.61 cut=7.61 meshOff=0.24m vis bounds+0.5m pos=(500.7,405.3) dist=10.1 vel=0.0
[ 11912   91.417 x1.00] TEL charge Rush   n=0.40 spd=0.00 mult=0.00 st=Attack anim=Charge/- drift=7.61 cut=7.61 meshOff=0.24m vis bounds+0.5m pos=(500.9,404.1) dist=9.3 vel=0.0
[ 11924   91.507 x1.00] TEL charge Rush   n=0.40 spd=0.00 mult=0.00 st=Attack anim=Charge/- drift=7.61 cut=7.61 meshOff=0.24m vis bounds+0.5m pos=(501.1,402.9) dist=8.5 vel=0.0
[ 11935   91.595 x1.00] TEL charge Rush   n=0.40 spd=0.00 mult=0.00 st=Attack anim=Charge/- drift=7.61 cut=7.61 meshOff=0.24m vis bounds+0.5m pos=(501.4,401.7) dist=7.8 vel=0.0
[ 11948   91.689 x1.00] TEL charge Rush   n=0.40 spd=0.00 mult=0.00 st=Attack anim=Charge/- drift=7.61 cut=7.61 meshOff=0.24m vis bounds+0.5m pos=(501.6,400.4) dist=7.0 vel=0.0
[ 11959   91.777 x1.00] TEL charge Rush   n=0.40 spd=0.00 mult=0.00 st=Attack anim=Charge/- drift=7.61 cut=7.61 meshOff=0.24m vis bounds+0.4m pos=(501.9,399.2) dist=6.2 vel=0.0
[ 11969   91.864 x1.00] TEL charge Rush   n=0.40 spd=0.00 mult=0.00 st=Attack anim=Charge/- drift=7.61 cut=7.61 meshOff=0.24m vis bounds+0.3m pos=(502.1,398.0) dist=5.5 vel=0.0
[ 11972   91.889 x1.00] LOG  [OniBoss:Layer] charge STRIKE: arrived 2.6m from the lock point after 0.87s real — clip 0.40 → 0.58 (blend 0.10s), strike moment 0.76, Yoru 5.4m away
[ 11980   91.959 x1.00] TEL charge Strike n=0.62 spd=1.00 mult=1.00 st=Attack anim=Charge/Charge drift=14.71 cut=14.71 meshOff=0.24m vis bounds+0.5m pos=(502.2,397.8) dist=5.7 vel=0.0
[ 11993   92.047 x1.00] TEL charge Strike n=0.68 spd=1.00 mult=1.00 st=Attack anim=Charge/- drift=15.95 cut=15.95 meshOff=0.24m vis bounds+0.5m pos=(502.2,397.8) dist=6.1 vel=0.0
[ 12006   92.141 x1.00] TEL charge Strike n=0.74 spd=1.00 mult=1.00 st=Attack anim=Charge/- drift=16.64 cut=16.64 meshOff=0.24m vis bounds+0.6m pos=(502.2,397.8) dist=6.6 vel=0.0
[ 12013   92.183 x1.00] LOG  [CameraGameFeel] Shake: intensity=0.45 duration=0.350s
[ 12013   92.183 x1.00] LOG  [OniBoss] Attack missed, player out of range (6.8m > 3.5m)
[ 12020   92.227 x1.00] TEL charge Strike n=0.79 spd=1.00 mult=1.00 st=Attack anim=Charge/- drift=17.14 cut=17.14 meshOff=0.24m vis bounds+0.5m pos=(502.2,397.8) dist=7.0 vel=0.0
[ 12034   92.314 x1.00] TEL charge Strike n=0.85 spd=1.00 mult=1.00 st=Attack anim=Charge/- drift=17.57 cut=17.57 meshOff=0.24m vis bounds+0.4m pos=(502.2,397.8) dist=7.5 vel=0.0
[ 12044   92.397 x1.00] TEL charge Strike n=0.90 spd=1.00 mult=1.00 st=Attack anim=Charge/- drift=17.86 cut=17.86 meshOff=0.24m vis bounds+0.2m pos=(502.2,397.8) dist=8.0 vel=0.0
[ 12056   92.483 x1.00] TEL charge Strike n=0.96 spd=1.00 mult=1.00 st=Attack anim=Charge/- drift=18.04 cut=18.04 meshOff=0.24m vis bounds+0.1m pos=(502.2,397.8) dist=8.4 vel=0.0
[ 12065   92.546 x1.00] LOG  [OniBoss] Attack → Recovery
[ 12065   92.546 x1.00] LOG  [OniBoss] Playing animation: Watch
[ 12065   92.546 x1.00] LOG  [OniBoss:Layer] charge fire trail: released — burns out over 3.8s where the rush ended.
[ 12065   92.546 x1.00] LOG  [OniBoss:Layer] charge complete: engine left Attack (now Recovery) during Strike
[ 12069   92.572 x1.00] TEL charge None   n=1.02 spd=1.00 mult=1.00 st=Recovery anim=Charge/h-1849006814 drift=14.88 cut=14.88 meshOff=0.24m vis bounds+0.0m pos=(502.2,397.8) dist=8.9 vel=0.0
[ 12081   92.656 x1.00] TEL charge None   n=1.07 spd=1.00 mult=1.00 st=Recovery anim=Charge/h-1849006814 drift=6.69 cut=6.69 meshOff=0.24m vis bounds+0.1m pos=(502.2,397.8) dist=9.5 vel=0.0
[ 12087   92.701 x1.00] LOG  [OniBoss] Recovery → Attack
[ 12087   92.701 x1.00] LOG  [OniBoss] Attack: Club_Swing (16 dmg)
[ 12087   92.701 x1.00] LOG  [OniBoss:Trail] Club_Swing trail START at clip 1.00 (transition still blending).
[ 12088   92.708 x1.00] LOG  [OniBoss] Finisher step-in: Club_Swing, she is 6.72m out of reach, walking up to 1.5m
[ 12094   92.746 x1.00] TEL charge None   n=1.10 spd=1.40 mult=1.40 st=Attack anim=Charge/h-807096004 drift=1.60 cut=1.60 meshOff=0.24m vis bounds+0.2m pos=(501.8,397.5) dist=9.6 vel=0.0
[ 12102   92.808 x1.00] LOG  [OniBoss:Layer] charge end (clip left the animator) after 2.27s real: pin measured 315 frames, cancelled on 315, max raw drift 18.08m, max cancelled 18.08m — travel WAS baked in, pin held it
[ 12134   93.064 x1.00] LOG  [OniBoss:ClubPos] Club_Swing at strike: club tip 3.02m up, 2.30m in front, -3.05m to his right (3.82m out from his centre). Club faces -87deg from his forward, pitch 0.41. (the ground wave is born 1.6m in front of him at 0.35m.)
[ 12134   93.064 x1.00] LOG  [OniBoss:Layer] Club_Swing: club has not connected — ground wave released ARMED, 1.6m in front, 12m/s x 12.0m = 1.00s, COMBO FINISHER: FULL 24 damage, x2.0 size, x2.0 travel.
[ 12200   93.540 x1.00] LOG  [OniBoss] Attack → Recovery
[ 12200   93.540 x1.00] LOG  [OniBoss] Playing animation: Watch
[ 12200   93.540 x1.00] LOG  [OniBoss:Trail] trail END at clip 0.99, fading over 0.40s.
[ 12200   93.540 x1.00] LOG  [OniBoss:Touch] Club_Swing: no touch this swing, closest 5.20m at clip 0.39 (head 1.00 along the club), fastest tip 284m/s (radius 0.70, min speed 50, max tip height 2.5m).
[ 12200   93.540 x1.00] LOG  [OniBoss:Strike] Club_Swing: club tip closest to Yoru at 5.57m, clip position 0.39 | damage fires at 0.42 | clip 0.84s => MATCHED (within one or two frames)
[ 12222   93.690 x1.00] LOG  [OniBoss] Recovery → Chase
[ 12223   93.698 x1.00] LOG  [OniBoss] Playing animation: run
[ 12272   94.065 x1.00] LOG  [OniBoss:Wave] armed wave expired UNTOUCHED — closest 4.65m to Yoru (hit width 3.20), she was grounded at the closest moment.
[ 12470   95.490 x1.00] LOG  [OniBoss] Ranged combo started: Charge→Slam: (2 steps, dist 15.1m)
[ 12470   95.490 x1.00] LOG  [OniBoss] Chase → Attack
[ 12470   95.490 x1.00] LOG  [OniBoss] Attack: Oni_Charge (18 dmg)

[ 12470   95.490 x1.00] TEL ────────── CHARGE ──────────
[ 12470   95.490 x1.00] LOG  [OniBoss:Layer] charge begin: travel bone 'Hips' depth 1, local now (-0.04, 2.96, -0.24) vs rest (0.00, 3.24, -0.24); pin ON; drive windup→rush→strike; engine Attack, AnimSpeed 1.30, clip at 0.00, dist 15.1m
[ 12470   95.490 x1.00] TEL charge Windup n=0.00 spd=1.30 mult=1.00 st=Attack anim=h1349952704/Charge drift=0.04 cut=0.04 meshOff=0.24m vis bounds+0.4m pos=(493.2,395.6) dist=15.1 vel=4.5
[ 12482   95.573 x1.00] TEL charge Windup n=0.07 spd=1.30 mult=1.00 st=Attack anim=h1349952704/Charge drift=0.26 cut=0.26 meshOff=0.24m vis bounds+0.1m pos=(493.2,395.6) dist=15.6 vel=0.0
[ 12494   95.658 x1.00] TEL charge Windup n=0.14 spd=1.30 mult=1.30 st=Attack anim=Charge/- drift=0.91 cut=0.91 meshOff=0.24m vis bounds+0.3m pos=(493.2,395.6) dist=15.9 vel=0.0
[ 12505   95.748 x1.00] TEL charge Windup n=0.22 spd=1.30 mult=1.30 st=Attack anim=Charge/- drift=1.14 cut=1.14 meshOff=0.24m vis bounds+0.5m pos=(493.2,395.6) dist=16.3 vel=0.0
[ 12519   95.837 x1.00] TEL charge Windup n=0.29 spd=1.30 mult=1.30 st=Attack anim=Charge/- drift=0.51 cut=0.51 meshOff=0.24m vis bounds+0.5m pos=(493.2,395.6) dist=16.8 vel=0.0
[ 12532   95.924 x1.00] TEL charge Windup n=0.37 spd=1.30 mult=1.30 st=Attack anim=Charge/- drift=4.80 cut=4.80 meshOff=0.24m vis bounds+0.2m pos=(493.2,395.6) dist=17.2 vel=0.0
[ 12539   95.968 x1.00] LOG  [OniBoss:Layer] charge RUSH: clip frozen at 0.40, 17.4m to go at 14m/s
[ 12540   95.979 x1.00] LOG  [OniBoss:Layer] charge fire trail: 'ToonFireTrail' attached to his feet for the rush.
[ 12544   96.010 x1.00] TEL charge Rush   n=0.40 spd=0.00 mult=0.00 st=Attack anim=Charge/- drift=7.59 cut=7.59 meshOff=0.24m vis bounds+0.3m pos=(492.7,395.8) dist=17.0 vel=0.0
[ 12556   96.098 x1.00] TEL charge Rush   n=0.40 spd=0.00 mult=0.00 st=Attack anim=Charge/- drift=7.59 cut=7.59 meshOff=0.24m vis bounds+0.2m pos=(491.5,396.2) dist=16.2 vel=0.0
[ 12567   96.188 x1.00] TEL charge Rush   n=0.40 spd=0.00 mult=0.00 st=Attack anim=Charge/- drift=7.59 cut=7.59 meshOff=0.24m vis bounds+0.2m pos=(490.4,396.7) dist=15.2 vel=0.0
[ 12579   96.279 x1.00] TEL charge Rush   n=0.40 spd=0.00 mult=0.00 st=Attack anim=Charge/- drift=7.59 cut=7.59 meshOff=0.24m vis bounds+0.2m pos=(489.2,397.3) dist=14.3 vel=0.0
[ 12592   96.365 x1.00] TEL charge Rush   n=0.40 spd=0.00 mult=0.00 st=Attack anim=Charge/- drift=7.59 cut=7.59 meshOff=0.24m vis bounds+0.2m pos=(488.2,397.8) dist=13.5 vel=0.0
[ 12605   96.451 x1.00] TEL charge Rush   n=0.40 spd=0.00 mult=0.00 st=Attack anim=Charge/- drift=7.59 cut=7.59 meshOff=0.24m vis bounds+0.1m pos=(487.1,398.4) dist=12.6 vel=0.0
[ 12616   96.538 x1.00] TEL charge Rush   n=0.40 spd=0.00 mult=0.00 st=Attack anim=Charge/- drift=7.59 cut=7.59 meshOff=0.24m vis bounds+0.1m pos=(486.0,399.0) dist=11.8 vel=0.0
[ 12628   96.630 x1.00] TEL charge Rush   n=0.40 spd=0.00 mult=0.00 st=Attack anim=Charge/- drift=7.59 cut=7.59 meshOff=0.24m vis bounds+0.1m pos=(484.9,399.5) dist=10.9 vel=0.0
[ 12640   96.716 x1.00] TEL charge Rush   n=0.40 spd=0.00 mult=0.00 st=Attack anim=Charge/- drift=7.59 cut=7.59 meshOff=0.24m vis bounds+0.2m pos=(483.8,400.1) dist=10.0 vel=0.0
[ 12654   96.803 x1.00] TEL charge Rush   n=0.40 spd=0.00 mult=0.00 st=Attack anim=Charge/- drift=7.59 cut=7.59 meshOff=0.24m vis bounds+0.2m pos=(482.7,400.7) dist=9.1 vel=0.0
[ 12666   96.890 x1.00] TEL charge Rush   n=0.40 spd=0.00 mult=0.00 st=Attack anim=Charge/- drift=7.59 cut=7.59 meshOff=0.24m vis bounds+0.3m pos=(481.6,401.2) dist=8.2 vel=0.0
[ 12680   96.980 x1.00] TEL charge Rush   n=0.40 spd=0.00 mult=0.00 st=Attack anim=Charge/- drift=7.59 cut=7.59 meshOff=0.24m vis bounds+0.4m pos=(480.5,401.8) dist=7.5 vel=0.0
[ 12694   97.069 x1.00] TEL charge Rush   n=0.40 spd=0.00 mult=0.00 st=Attack anim=Charge/- drift=7.59 cut=7.59 meshOff=0.24m vis bounds+0.4m pos=(479.4,402.4) dist=7.0 vel=0.0
[ 12704   97.137 x1.00] LOG  [OniBoss:Layer] charge STRIKE: arrived 2.6m from the lock point after 1.17s real — clip 0.40 → 0.58 (blend 0.10s), strike moment 0.76, Yoru 6.8m away
[ 12707   97.154 x1.00] TEL charge Strike n=0.59 spd=1.00 mult=1.00 st=Attack anim=Charge/Charge drift=9.53 cut=9.53 meshOff=0.24m vis bounds+0.3m pos=(478.7,402.8) dist=7.0 vel=0.0
[ 12720   97.239 x1.00] TEL charge Strike n=0.64 spd=1.00 mult=1.00 st=Attack anim=Charge/- drift=15.40 cut=15.40 meshOff=0.24m vis bounds+0.4m pos=(478.7,402.8) dist=7.4 vel=0.0
[ 12732   97.330 x1.00] TEL charge Strike n=0.70 spd=1.00 mult=1.00 st=Attack anim=Charge/- drift=16.26 cut=16.26 meshOff=0.24m vis bounds+0.4m pos=(478.7,402.8) dist=7.9 vel=0.0
[ 12744   97.418 x1.00] TEL charge Strike n=0.76 spd=1.00 mult=1.00 st=Attack anim=Charge/- drift=16.83 cut=16.83 meshOff=0.24m vis bounds+0.4m pos=(478.7,402.8) dist=8.4 vel=0.0
[ 12746   97.430 x1.00] LOG  [CameraGameFeel] Shake: intensity=0.45 duration=0.350s
[ 12746   97.430 x1.00] LOG  [OniBoss] Attack missed, player out of range (8.4m > 3.5m)
[ 12756   97.504 x1.00] TEL charge Strike n=0.81 spd=1.00 mult=1.00 st=Attack anim=Charge/- drift=17.30 cut=17.30 meshOff=0.24m vis bounds+0.3m pos=(478.7,402.8) dist=8.8 vel=0.0
[ 12769   97.587 x1.00] TEL charge Strike n=0.87 spd=1.00 mult=1.00 st=Attack anim=Charge/- drift=17.68 cut=17.68 meshOff=0.24m vis bounds+0.1m pos=(478.7,402.8) dist=8.9 vel=0.0
[ 12782   97.681 x1.00] TEL charge Strike n=0.93 spd=1.00 mult=1.00 st=Attack anim=Charge/- drift=17.96 cut=17.96 meshOff=0.24m vis bounds+0.1m pos=(478.7,402.8) dist=8.8 vel=0.0
[ 12795   97.765 x1.00] TEL charge Strike n=0.98 spd=1.00 mult=1.00 st=Attack anim=Charge/- drift=18.07 cut=18.07 meshOff=0.24m vis bounds+0.1m pos=(478.7,402.8) dist=8.5 vel=0.0
[ 12798   97.786 x1.00] LOG  [OniBoss] Attack → Recovery
[ 12798   97.786 x1.00] LOG  [OniBoss] Playing animation: Watch
[ 12798   97.786 x1.00] LOG  [OniBoss:Layer] charge fire trail: released — burns out over 3.8s where the rush ended.
[ 12798   97.786 x1.00] LOG  [OniBoss:Layer] charge complete: engine left Attack (now Recovery) during Strike
[ 12808   97.850 x1.00] TEL charge None   n=1.04 spd=1.00 mult=1.00 st=Recovery anim=Charge/h-1849006814 drift=11.32 cut=11.32 meshOff=0.24m vis bounds+0.1m pos=(478.7,402.8) dist=8.1 vel=0.0
[ 12820   97.935 x1.00] TEL charge None   n=1.09 spd=1.00 mult=1.00 st=Recovery anim=Charge/h-1849006814 drift=3.02 cut=3.02 meshOff=0.24m vis bounds+0.1m pos=(478.7,402.8) dist=7.8 vel=0.0
[ 12821   97.941 x1.00] LOG  [OniBoss] Recovery → Attack
[ 12821   97.941 x1.00] LOG  [OniBoss] Attack: ClubSlam (20 dmg)
[ 12821   97.941 x1.00] LOG  [OniBoss:Trail] ClubSlam trail START at clip 1.00 (transition still blending).
[ 12822   97.947 x1.00] LOG  [OniBoss] Finisher step-in: ClubSlam, she is 4.81m out of reach, walking up to 1.5m
[ 12833   98.021 x1.00] TEL charge None   n=1.10 spd=2.00 mult=2.00 st=Attack anim=Charge/h283984468 drift=0.74 cut=0.74 meshOff=0.24m vis bounds+0.3m pos=(478.9,403.5) dist=7.0 vel=0.0
[ 12837   98.047 x1.00] LOG  [OniBoss:Layer] charge end (clip left the animator) after 2.56s real: pin measured 367 frames, cancelled on 367, max raw drift 18.07m, max cancelled 18.07m — travel WAS baked in, pin held it
[ 12932   98.736 x1.00] LOG  [OniBoss:ClubPos] ClubSlam at strike: club tip 0.58m up, 2.90m in front, -0.21m to his right (2.91m out from his centre). Club faces 5deg from his forward, pitch -0.25. (the ground wave is born 1.6m in front of him at 0.35m.)
[ 12932   98.736 x1.00] LOG  [OniBoss:Layer] ClubSlam: club has not connected — ground wave released ARMED, 1.6m in front, 12m/s x 12.0m = 1.00s, COMBO FINISHER: FULL 30 damage, x2.0 size, x2.0 travel.
[ 12953   98.870 x1.00] LOG  [OniBoss] Attack → Recovery
[ 12953   98.870 x1.00] LOG  [OniBoss] Playing animation: Watch
[ 12953   98.870 x1.00] LOG  [OniBoss:Trail] trail END at clip 0.99, fading over 0.40s.
[ 12953   98.870 x1.00] LOG  [OniBoss:Touch] ClubSlam: no touch this swing, closest 1.79m at clip 0.48 (head 1.00 along the club), fastest tip 149m/s (radius 0.70, min speed 50, max tip height 2.5m).
[ 12953   98.870 x1.00] LOG  [OniBoss:Strike] ClubSlam: club tip closest to Yoru at 1.99m, clip position 0.48 | damage fires at 0.85 | clip 0.93s => damage fires 342 ms AFTER the club is closest — it lands once the club has passed her
[ 12977   99.020 x1.00] LOG  [OniBoss] Recovery → Chase
[ 12978   99.031 x1.00] LOG  [OniBoss] Playing animation: run
[ 13077   99.741 x1.00] LOG  [OniBoss:Wave] armed wave expired UNTOUCHED — closest 5.60m to Yoru (hit width 3.20), she was grounded at the closest moment.
[ 13094   99.853 x1.00] LOG  🐾 4-LEG JUMP #0
[ 13094   99.853 x1.00] LOG  🐾 Jump 1 VFX spawned!
[ 13106   99.936 x1.00] LOG  [ComboTrace] LAUNCH OniBoss at 3.4m dist=3.20m in 0.32s (capped short) [AIRBORNE]
[ 13106   99.936 x1.00] LOG  [Combat] Aerial spin, 25 dmg
[ 13106   99.936 x1.00] LOG  [YoruVFX] Air spin: 'VFX_Void_Burst_AirSpinYoru' at CenterVFX, 46 systems, longest 1.00s fitted to 0.79s at speed 1.27, 8 forced Local, 38 delays zeroed, tail 2.37s
[ 13106   99.936 x1.00] LOG  [AirPosePin] engaged, holding body at 0.568m above the transform
[ 13112   99.989 x1.00] LOG  [OniBoss] hold-ground: BACKSTEP 1.5m (player 3.5m)
[ 13125  100.089 x1.00] LOG  OniBoss took 10 damage. HP: 2233/2500
[ 13125  100.089 x1.00] LOG  [Stance] OniBoss 10/100 (+10 light)
[ 13125  100.089 x1.00] LOG  [OniBoss] Chase → HitReact
[ 13125  100.089 x1.00] LOG  [OniBoss:Layer] react tier: LIGHT (10 dmg) → 'Hit_react_light'
[ 13125  100.089 x1.00] LOG  [Momentum] 0 -> 1 (hit), speed x1.05, damage x1.05, impact x1.05
[ 13125  100.089 x1.00] LOG  [CameraGameFeel] Shake: intensity=0.06 duration=0.080s
[ 13125  100.089 x1.00] LOG  [CameraGameFeel] Shake: intensity=0.53 duration=0.200s
[ 13125  100.089 x1.00] LOG  [CameraGameFeel] FOV punch: hit light (+1.5°)
[ 13145  100.242 x1.00] LOG  OniBoss took 10 damage. HP: 2223/2500
[ 13145  100.242 x1.00] LOG  [Stance] OniBoss 20/100 (+10 light)
[ 13145  100.242 x1.00] LOG  [OniBoss:Layer] burst: 2 hits / 20 dmg → flinch upgraded to 'HitReact_medium'
[ 13145  100.242 x1.00] LOG  [CameraGameFeel] Shake: intensity=0.18 duration=0.200s
[ 13148  100.263 x1.00] LOG  [ComboTrace] LAUNCH RESULT wanted=3.20m actually moved=3.44m, completed
[ 13163  100.399 x1.00] LOG  OniBoss took 10 damage. HP: 2213/2500
[ 13163  100.399 x1.00] LOG  [Stance] OniBoss 30/100 (+10 light)
[ 13163  100.399 x1.00] LOG  [Momentum] 1 -> 2 (hit), speed x1.10, damage x1.10, impact x1.10
[ 13163  100.399 x1.00] LOG  [CameraGameFeel] Shake: intensity=0.06 duration=0.080s
[ 13163  100.399 x1.00] LOG  [CameraGameFeel] Shake: intensity=0.19 duration=0.200s
[ 13183  100.555 x1.00] LOG  OniBoss took 11 damage. HP: 2202/2500
[ 13183  100.555 x1.00] LOG  [Stance] OniBoss 40/100 (+10 light)
[ 13183  100.555 x1.00] LOG  [CameraGameFeel] Shake: intensity=0.19 duration=0.200s
[ 13198  100.669 x1.00] LOG  [YoruVFX] Spin VFX stopped, fading for 2.37s
[ 13201  100.695 x1.00] LOG  [ComboTrace] END step=3 clipProgress=0.90 clipLen=0.79s queued=0 elapsed=0.76s
[ 13202  100.702 x1.00] LOG  [AirPosePin] released, peak correction was -0.055m
[ 13220  100.819 x1.00] LOG  💨 Landing VFX spawned!
[ 13220  100.819 x1.00] LOG  ✅ LANDED! (was jump #1)
[ 13223  100.844 x1.00] LOG  🚶 2-LEG JUMP
[ 13223  100.844 x1.00] LOG  🐾 Jump 1 VFX spawned!
[ 13229  100.889 x1.00] LOG  [OniBoss] HitReact → Chase
[ 13230  100.899 x1.00] LOG  [OniBoss] Playing animation: Watch
[ 13230  100.899 x1.00] LOG  [OniBoss] Chase → Attack
[ 13230  100.899 x1.00] LOG  [OniBoss] Attack: ClubSwing2 (16 dmg)
[ 13230  100.899 x1.00] LOG  [OniBoss:Trail] ClubSwing2 trail START at clip 0.60 (transition done).
[ 13241  100.975 x1.00] LOG  [OniBoss:Layer] step-in: 'ClubSwing2' closed 0.38m, Yoru now 3.0m away (range 3.5)
[ 13261  101.132 x1.00] LOG  [ComboTrace] LAUNCH OniBoss at 1.5m dist=1.55m in 0.15s [AIRBORNE]
[ 13261  101.132 x1.00] LOG  [Combat] Aerial spin, 25 dmg
[ 13261  101.132 x1.00] LOG  [YoruVFX] Air spin: 'VFX_Void_Burst_AirSpinYoru' at CenterVFX, 46 systems, longest 1.00s fitted to 0.79s at speed 1.27, 8 forced Local, 38 delays zeroed, tail 2.37s
[ 13261  101.132 x1.00] LOG  OniBoss took 11 damage. HP: 2191/2500
[ 13261  101.132 x1.00] LOG  [Stance] OniBoss 50/100 (+10 light)
[ 13261  101.132 x1.00] LOG  [OniBoss] 🤕 Hit during Attack — flash only
[ 13261  101.132 x1.00] LOG  [Momentum] 2 -> 3 (hit), speed x1.15, damage x1.15, impact x1.15
[ 13261  101.132 x1.00] LOG  [CameraGameFeel] Shake: intensity=0.06 duration=0.080s
[ 13261  101.132 x1.00] LOG  [CameraGameFeel] Shake: intensity=0.58 duration=0.200s
[ 13261  101.132 x1.00] LOG  [CameraGameFeel] FOV punch: hit light (+1.5°)
[ 13261  101.132 x1.00] LOG  [AirPosePin] engaged, holding body at 1.459m above the transform
[ 13280  101.289 x1.00] LOG  [ComboTrace] LAUNCH RESULT wanted=1.55m actually moved=0.96m, completed
[ 13280  101.289 x1.00] LOG  OniBoss took 12 damage. HP: 2179/2500
[ 13280  101.289 x1.00] LOG  [Stance] OniBoss 60/100 (+10 light)
[ 13280  101.289 x1.00] LOG  [OniBoss] 🤕 Hit during Attack — flash only
[ 13280  101.289 x1.00] LOG  [CameraGameFeel] Shake: intensity=0.20 duration=0.200s
[ 13287  101.349 x1.00] LOG  [OniBoss:ClubPos] ClubSwing2 at strike: club tip 0.15m up, 1.67m in front, 2.58m to his right (3.07m out from his centre). Club faces 12deg from his forward, pitch -0.89. (the ground wave is born 1.6m in front of him at 0.35m.)
[ 13287  101.349 x1.00] LOG  [OniBoss:Layer] ClubSwing2: club has not connected — ground wave released ARMED, 1.6m in front, 12m/s x 6.0m = 0.50s, carrying 8 (half of the club's 16).
[ 13298  101.439 x1.00] LOG  OniBoss took 12 damage. HP: 2167/2500
[ 13298  101.439 x1.00] LOG  [Stance] OniBoss 70/100 (+10 light)
[ 13298  101.439 x1.00] LOG  [OniBoss] 🤕 Hit during Attack — flash only
[ 13298  101.439 x1.00] LOG  [Momentum] 3 -> 4 (hit), speed x1.20, damage x1.20, impact x1.20
[ 13298  101.439 x1.00] LOG  [CameraGameFeel] Shake: intensity=0.06 duration=0.080s
[ 13298  101.439 x1.00] LOG  [CameraGameFeel] Shake: intensity=0.21 duration=0.200s
[ 13317  101.589 x1.00] LOG  OniBoss took 12 damage. HP: 2155/2500
[ 13317  101.589 x1.00] LOG  [Stance] OniBoss 80/100 (+10 light)
[ 13317  101.589 x1.00] LOG  [OniBoss] 🤕 Hit during Attack — flash only
[ 13317  101.589 x1.00] LOG  [CameraGameFeel] Shake: intensity=0.21 duration=0.200s
[ 13332  101.713 x1.00] LOG  💨 Landing VFX spawned!
[ 13332  101.713 x1.00] LOG  ✅ LANDED! (was jump #1)
[ 13332  101.713 x1.00] LOG  [AirPosePin] released, peak correction was 0.074m
[ 13336  101.749 x1.00] LOG  OniBoss took 12 damage. HP: 2143/2500
[ 13336  101.749 x1.00] LOG  [Stance] OniBoss 90/100 (+10 light)
[ 13336  101.749 x1.00] LOG  [OniBoss] 🤕 Hit during Attack — flash only
[ 13336  101.749 x1.00] LOG  [Momentum] 4 -> 5 (hit), speed x1.25, damage x1.25, impact x1.25
[ 13336  101.749 x1.00] LOG  [CameraGameFeel] Shake: intensity=0.14 duration=0.080s
[ 13336  101.749 x1.00] LOG  [CameraGameFeel] Shake: intensity=0.22 duration=0.200s
[ 13348  101.850 x1.00] LOG  [OniBoss:Wave] armed wave expired UNTOUCHED — closest 0.01m to Yoru (hit width 1.60), she was AIRBORNE at the closest moment.
[ 13349  101.856 x1.00] LOG  [ComboTrace] CLICK IGNORED (step=3 queued=0)
[ 13350  101.863 x1.00] LOG  [YoruVFX] Spin VFX stopped, fading for 2.37s
[ 13354  101.892 x1.00] LOG  🚶 2-LEG JUMP
[ 13354  101.892 x1.00] LOG  🐾 Jump 1 VFX spawned!
[ 13354  101.892 x1.00] LOG  [ComboTrace] END step=3 clipProgress=0.90 clipLen=0.79s queued=0 elapsed=0.76s
[ 13385  102.130 x1.00] LOG  [OniBoss] Attack → Recovery
[ 13385  102.130 x1.00] LOG  [OniBoss] Playing animation: Watch
[ 13385  102.130 x1.00] LOG  [OniBoss:Trail] trail END at clip 0.99, fading over 0.40s.
[ 13385  102.130 x1.00] LOG  [OniBoss:Touch] ClubSwing2: no touch this swing, closest 1.07m at clip 0.29 (head 0.58 along the club), fastest tip 110m/s (radius 0.70, min speed 50, max tip height 2.5m).
[ 13385  102.130 x1.00] LOG  [OniBoss:Strike] ClubSwing2: club tip closest to Yoru at 2.10m, clip position 0.30 | damage fires at 0.32 | clip 1.17s => MATCHED (within one or two frames)
[ 13404  102.281 x1.00] LOG  [OniBoss] Recovery → Chase
[ 13405  102.292 x1.00] LOG  [OniBoss] hold-ground: BACKSTEP 1.5m (player 2.5m)
[ 13475  102.795 x1.00] LOG  💨 Landing VFX spawned!
[ 13475  102.795 x1.00] LOG  ✅ LANDED! (was jump #1)
[ 13501  102.990 x1.00] LOG  🚶 2-LEG JUMP
[ 13501  102.990 x1.00] LOG  🐾 Jump 1 VFX spawned!
[ 13511  103.056 x1.00] LOG  [ComboTrace] LAUNCH OniBoss at 1.6m dist=1.60m in 0.16s [AIRBORNE]
[ 13511  103.056 x1.00] LOG  [Combat] Aerial spin, 25 dmg
[ 13511  103.056 x1.00] LOG  [YoruVFX] Air spin: 'VFX_Void_Burst_AirSpinYoru' at CenterVFX, 46 systems, longest 1.00s fitted to 0.79s at speed 1.27, 8 forced Local, 38 delays zeroed, tail 2.37s
[ 13511  103.056 x1.00] LOG  OniBoss took 12 damage. HP: 2131/2500
[ 13511  103.056 x1.00] LOG  [Stance] OniBoss BREAK #1 at 100, next break needs 150, immune 3.5s
[ 13511  103.056 x1.00] LOG  [OniBoss] Chase → Stagger
[ 13511  103.056 x1.00] LOG  [OniBoss] Playing animation: Stagger
[ 13511  103.056 x1.00] LOG  [OniBoss] STAGGERED for 2.5s
[ 13511  103.056 x1.00] LOG  [OniBoss:Layer] heavy knock-back react (12 dmg) → 'HitReact_Heavy', down for 1.80s
[ 13511  103.056 x1.00] LOG  [Momentum] 5 -> 6 (hit), speed x1.30, damage x1.30, impact x1.30
[ 13511  103.056 x1.00] LOG  [CameraGameFeel] Shake: intensity=0.06 duration=0.080s
[ 13511  103.056 x1.00] LOG  [CameraGameFeel] Shake: intensity=0.65 duration=0.200s
[ 13511  103.056 x1.00] LOG  [CameraGameFeel] FOV punch: hit light (+1.5°)
[ 13511  103.056 x1.00] LOG  [AirPosePin] engaged, holding body at 0.558m above the transform
[ 13530  103.209 x1.00] LOG  OniBoss punish window! 13 → 20 (x1.5)
[ 13530  103.209 x1.00] LOG  OniBoss took 20 damage. HP: 2111/2500
[ 13530  103.209 x1.00] LOG  [Stance] OniBoss immune for 3.3s more, hit adds nothing
[ 13530  103.209 x1.00] LOG  [CameraGameFeel] Shake: intensity=0.23 duration=0.200s
[ 13532  103.231 x1.00] LOG  [ComboTrace] LAUNCH RESULT wanted=1.60m actually moved=1.68m, completed
[ 13548  103.361 x1.00] LOG  OniBoss punish window! 13 → 20 (x1.5)
[ 13548  103.361 x1.00] LOG  OniBoss took 20 damage. HP: 2091/2500
[ 13548  103.361 x1.00] LOG  [Stance] OniBoss immune for 3.2s more, hit adds nothing
[ 13548  103.361 x1.00] LOG  [Momentum] 6 -> 7 (hit), speed x1.35, damage x1.35, impact x1.35
[ 13548  103.361 x1.00] LOG  [CameraGameFeel] Shake: intensity=0.06 duration=0.080s
[ 13548  103.361 x1.00] LOG  [CameraGameFeel] Shake: intensity=0.24 duration=0.200s
[ 13603  103.792 x1.00] LOG  [YoruVFX] Spin VFX stopped, fading for 2.37s
[ 13607  103.820 x1.00] LOG  OniBoss punish window! 14 → 21 (x1.5)
[ 13607  103.820 x1.00] LOG  OniBoss took 21 damage. HP: 2070/2500
[ 13607  103.820 x1.00] LOG  [Stance] OniBoss immune for 2.7s more, hit adds nothing
[ 13607  103.820 x1.00] LOG  [Momentum] 7 -> 8 (hit), speed x1.40, damage x1.40, impact x1.40
[ 13607  103.820 x1.00] LOG  [CameraGameFeel] Shake: intensity=0.06 duration=0.080s
[ 13607  103.820 x1.00] LOG  [CameraGameFeel] Shake: intensity=0.70 duration=0.200s
[ 13607  103.820 x1.00] LOG  [CameraGameFeel] FOV punch: hit light (+1.5°)
[ 13614  103.881 x1.00] LOG  [ComboTrace] END step=3 clipProgress=0.90 clipLen=0.79s queued=0 elapsed=0.82s
[ 13615  103.890 x1.00] LOG  [AirPosePin] released, peak correction was -0.013m
[ 13619  103.916 x1.00] LOG  💨 Landing VFX spawned!
[ 13619  103.916 x1.00] LOG  ✅ LANDED! (was jump #1)
[ 13644  104.083 x1.00] LOG  🚶 2-LEG JUMP
[ 13644  104.083 x1.00] LOG  🐾 Jump 1 VFX spawned!
[ 13656  104.170 x1.00] LOG  [StormWeather] ⚡ strike at (473.42, 45.00, 448.04)
[ 13705  104.515 x1.00] LOG  [ComboTrace] LAUNCH OniBoss at 2.1m dist=2.09m in 0.21s [AIRBORNE]
[ 13705  104.515 x1.00] LOG  [Combat] Aerial spin, 25 dmg
[ 13705  104.515 x1.00] LOG  [YoruVFX] Air spin: 'VFX_Void_Burst_AirSpinYoru' at CenterVFX, 46 systems, longest 1.00s fitted to 0.79s at speed 1.27, 8 forced Local, 38 delays zeroed, tail 2.37s
[ 13705  104.515 x1.00] LOG  [AirPosePin] engaged, holding body at 2.040m above the transform
[ 13725  104.670 x1.00] LOG  OniBoss punish window! 14 → 21 (x1.5)
[ 13725  104.670 x1.00] LOG  OniBoss took 21 damage. HP: 2049/2500
[ 13725  104.670 x1.00] LOG  [Stance] OniBoss immune for 1.9s more, hit adds nothing
[ 13725  104.670 x1.00] LOG  [Momentum] 8 -> 9 (hit), speed x1.45, damage x1.45, impact x1.45
[ 13725  104.670 x1.00] LOG  [CameraGameFeel] Shake: intensity=0.06 duration=0.080s
[ 13725  104.670 x1.00] LOG  [CameraGameFeel] Shake: intensity=0.73 duration=0.200s
[ 13725  104.670 x1.00] LOG  [CameraGameFeel] FOV punch: hit light (+1.5°)
[ 13733  104.731 x1.00] LOG  [ComboTrace] LAUNCH RESULT wanted=2.09m actually moved=1.64m, completed
[ 13744  104.820 x1.00] LOG  OniBoss punish window! 14 → 21 (x1.5)
[ 13744  104.820 x1.00] LOG  OniBoss took 21 damage. HP: 2028/2500
[ 13744  104.820 x1.00] LOG  [Stance] OniBoss immune for 1.7s more, hit adds nothing
[ 13744  104.820 x1.00] LOG  [CameraGameFeel] Shake: intensity=0.25 duration=0.200s
[ 13749  104.861 x1.00] LOG  [OniBoss] Stagger → Chase
[ 13750  104.870 x1.00] LOG  [OniBoss] Playing animation: Idle
[ 13750  104.870 x1.00] LOG  [OniBoss] Combo started: swing1-2 (2 steps remaining)
[ 13750  104.870 x1.00] LOG  [OniBoss] Chase → Attack
[ 13750  104.870 x1.00] LOG  [OniBoss] Attack: Club_Swing (16 dmg)
[ 13750  104.870 x1.00] LOG  [OniBoss:Trail] Club_Swing trail START at clip 1.00 (transition done).
[ 13764  104.971 x1.00] LOG  OniBoss took 14 damage. HP: 2014/2500
[ 13764  104.971 x1.00] LOG  [Stance] OniBoss immune for 1.6s more, hit adds nothing
[ 13764  104.971 x1.00] LOG  [OniBoss] 🤕 Hit during Attack — flash only
[ 13764  104.971 x1.00] LOG  [Momentum] 9 -> 10 (hit), speed x1.50, damage x1.50, impact x1.50
[ 13764  104.971 x1.00] LOG  [CameraGameFeel] Shake: intensity=0.14 duration=0.080s
[ 13764  104.971 x1.00] LOG  [CameraGameFeel] Shake: intensity=0.26 duration=0.200s
[ 13773  105.039 x1.00] LOG  💨 Landing VFX spawned!
[ 13773  105.039 x1.00] LOG  ✅ LANDED! (was jump #1)
[ 13773  105.039 x1.00] LOG  [AirPosePin] released, peak correction was 0.008m
[ 13785  105.126 x1.00] LOG  OniBoss took 15 damage. HP: 1999/2500
[ 13785  105.126 x1.00] LOG  [Stance] OniBoss immune for 1.4s more, hit adds nothing
[ 13785  105.126 x1.00] LOG  [OniBoss] 🤕 Hit during Attack — flash only
[ 13785  105.126 x1.00] LOG  [CameraGameFeel] Shake: intensity=0.26 duration=0.200s
[ 13798  105.232 x1.00] LOG  🚶 2-LEG JUMP
[ 13798  105.232 x1.00] LOG  🐾 Jump 1 VFX spawned!
[ 13799  105.238 x1.00] LOG  [OniBoss:ClubPos] Club_Swing at strike: club tip 3.04m up, 1.53m in front, -3.27m to his right (3.61m out from his centre). Club faces -103deg from his forward, pitch 0.41. (the ground wave is born 1.6m in front of him at 0.35m.)
[ 13799  105.238 x1.00] LOG  [OniBoss:Layer] Club_Swing: club has not connected — ground wave released ARMED, 1.6m in front, 12m/s x 6.0m = 0.50s, carrying 8 (half of the club's 16).
[ 13799  105.238 x1.00] LOG  [AirPosePin] engaged, holding body at 0.722m above the transform
[ 13802  105.260 x1.00] LOG  [YoruVFX] Spin VFX stopped, fading for 2.37s
[ 13804  105.281 x1.00] LOG  OniBoss took 15 damage. HP: 1984/2500
[ 13804  105.281 x1.00] LOG  [Stance] OniBoss immune for 1.3s more, hit adds nothing
[ 13804  105.281 x1.00] LOG  [OniBoss] 🤕 Hit during Attack — flash only
[ 13804  105.281 x1.00] LOG  [Momentum] 10 -> 11 (hit), speed x1.50, damage x1.50, impact x1.55
[ 13804  105.281 x1.00] LOG  [CameraGameFeel] Shake: intensity=0.06 duration=0.080s
[ 13804  105.281 x1.00] LOG  [CameraGameFeel] Shake: intensity=0.27 duration=0.200s
[ 13805  105.289 x1.00] LOG  [ComboTrace] END step=3 clipProgress=0.90 clipLen=0.79s queued=0 elapsed=0.77s
[ 13806  105.295 x1.00] LOG  [AirPosePin] released, peak correction was 0.037m
[ 13858  105.711 x1.00] LOG  [OniBoss] Attack → Recovery
[ 13858  105.711 x1.00] LOG  [OniBoss] Playing animation: Watch
[ 13858  105.711 x1.00] LOG  [OniBoss:Trail] trail END at clip 1.00, fading over 0.40s.
[ 13858  105.711 x1.00] LOG  [OniBoss:Touch] Club_Swing: no touch this swing, closest 0.33m at clip 0.40 (head 0.55 along the club), fastest tip 184m/s (radius 0.70, min speed 50, max tip height 2.5m).
[ 13858  105.711 x1.00] LOG  [OniBoss:Strike] Club_Swing: club tip closest to Yoru at 2.52m, clip position 0.90 | damage fires at 0.42 | clip 0.84s => damage fires 405 ms BEFORE the club is closest
[ 13863  105.742 x1.00] LOG  [OniBoss:Wave] armed wave expired UNTOUCHED — closest 0.00m to Yoru (hit width 1.60), she was AIRBORNE at the closest moment.
[ 13880  105.867 x1.00] LOG  [OniBoss] Recovery → Attack
[ 13880  105.867 x1.00] LOG  [OniBoss] Attack: ClubSwing2 (16 dmg)
[ 13880  105.867 x1.00] LOG  [OniBoss:Trail] ClubSwing2 trail START at clip 1.00 (transition still blending).
[ 13921  106.154 x1.00] LOG  💨 Landing VFX spawned!
[ 13921  106.154 x1.00] LOG  ✅ LANDED! (was jump #1)
[ 13927  106.203 x1.00] LOG  [CameraGameFeel] Shake: intensity=0.20 duration=0.250s
[ 13927  106.203 x1.00] LOG  [Peach] heavy hit 24 dmg: 3 bites. 10/16 bites = 2.5 of 4 peaches
[ 13927  106.203 x1.00] LOG  [Momentum] 11 -> 0 (heavy hit taken, reset), speed x1.00, damage x1.00, impact x1.00
[ 13927  106.203 x1.00] LOG  [Combat] Hit react: HitReact_Heavy_2Leg (0.9s, clip starts at 0.35s)
[ 13927  106.203 x1.00] LOG  [CameraGameFeel] Shake: intensity=0.60 duration=0.200s
[ 13927  106.203 x1.00] LOG  [CameraGameFeel] FOV punch: player damage (-3.0°)
[ 13927  106.203 x1.00] LOG  [OniBoss] Hit player for 24 (ClubSwing2) [combo x1.50]
[ 13927  106.203 x1.00] LOG  [OniBoss:Touch] ClubSwing2: club TOUCHED Yoru at clip 0.29, shaft 0.50m from her body line, head 0.68 along the club, tip 0.96m up, tip speed 97m/s, ONE FRAME EARLY (predicted). Full club hit delivered this frame.
[ 13928  106.210 x1.00] LOG  [HitReactTrace] asked for 'HitReact_Heavy_2Leg' (0.90s, clip start 0.35s): NOT playing it, another state took the combat layer, blend resolved after 8 ms, state 1.00s long at speed 1.00, now at 0.91s, layer weight 1.00, animator.speed 1.00.
[ 13934  106.252 x1.00] LOG  [OniBoss:ClubPos] ClubSwing2 at strike: club tip 0.16m up, 1.66m in front, 2.59m to his right (3.08m out from his centre). Club faces 13deg from his forward, pitch -0.89. (the ground wave is born 1.6m in front of him at 0.35m.)
[ 13934  106.252 x1.00] LOG  [OniBoss:Layer] ClubSwing2: club already hit — ground wave released as VISUAL only (0 damage), finisher size x2.0.
[ 14036  107.038 x1.00] LOG  [OniBoss] Attack → Recovery
[ 14036  107.038 x1.00] LOG  [OniBoss] Playing animation: Watch
[ 14036  107.038 x1.00] LOG  [OniBoss:Trail] trail END at clip 1.00, fading over 0.40s.
[ 14036  107.038 x1.00] LOG  [OniBoss:Strike] ClubSwing2: club tip closest to Yoru at 1.02m, clip position 0.30 | damage fires at 0.32 | clip 1.17s => MATCHED (within one or two frames)
[ 14051  107.146 x1.00] LOG  [Combat] Combo 1: 10 dmg
[ 14051  107.146 x1.00] LOG  [ComboTrace] START step=1 state='Combo1' queued=0 target='OniBoss' at 2.5m
[ 14051  107.146 x1.00] LOG  [ComboTrace] LAUNCH OniBoss at 1.2m dist=1.24m in 0.13s
[ 14051  107.146 x1.00] LOG  [AirPosePin] engaged, holding body at 0.642m above the transform
[ 14053  107.160 x1.00] LOG  [AirPosePin] released, peak correction was 0.000m
[ 14057  107.191 x1.00] LOG  [OniBoss] Recovery → Chase
[ 14058  107.197 x1.00] LOG  [OniBoss] hold-ground: BACKSTEP 1.5m (player 2.0m)
[ 14069  107.278 x1.00] LOG  [ComboTrace] LAUNCH RESULT wanted=1.24m actually moved=0.66m, completed
[ 14096  107.461 x1.00] LOG  [Combat] Queued click #1 (combo 1)
[ 14096  107.461 x1.00] LOG  [ComboTrace] QUEUED #1 during step 1
[ 14116  107.623 x1.00] LOG  OniBoss took 10 damage. HP: 1974/2500
[ 14116  107.623 x1.00] LOG  [Stance] OniBoss 10/150 (+10 light)
[ 14116  107.623 x1.00] LOG  [OniBoss] Chase → HitReact
[ 14116  107.623 x1.00] LOG  [OniBoss:Layer] react tier: LIGHT (10 dmg) → 'Hit_react_light'
[ 14116  107.623 x1.00] LOG  [Momentum] 0 -> 1 (hit), speed x1.05, damage x1.05, impact x1.05
[ 14116  107.623 x1.00] LOG  [CameraGameFeel] Shake: intensity=0.06 duration=0.080s
[ 14116  107.623 x1.00] LOG  [Combat] Hit OniBoss for 10
[ 14116  107.623 x1.00] LOG  [CameraGameFeel] Shake: intensity=0.53 duration=0.200s
[ 14116  107.623 x1.00] LOG  [CameraGameFeel] FOV punch: hit light (+1.5°)
[ 14120  107.652 x1.00] LOG  [Combat] Queued click #2 (combo 1)
[ 14120  107.652 x1.00] LOG  [ComboTrace] QUEUED #2 during step 1
[ 14136  107.780 x1.00] LOG  🐾 VFX_AttackPaw triggered!
[ 14150  107.886 x1.00] LOG  [Combat] Combo 2: 20 dmg
[ 14150  107.886 x1.00] LOG  [ComboTrace] START step=2 state='Combo2' queued=1 target='OniBoss' at 2.6m
[ 14150  107.886 x1.00] LOG  [ComboTrace] LAUNCH OniBoss at 1.3m dist=1.29m in 0.13s
[ 14150  107.886 x1.00] LOG  [AirPosePin] engaged, holding body at 0.652m above the transform
[ 14156  107.921 x1.00] LOG  [AirPosePin] released, peak correction was 0.000m
[ 14172  108.022 x1.00] LOG  [ComboTrace] LAUNCH RESULT wanted=1.29m actually moved=0.60m, completed
[ 14206  108.247 x1.00] LOG  [Combat] Queued click #2 (combo 2)
[ 14206  108.247 x1.00] LOG  [ComboTrace] QUEUED #2 during step 2
[ 14230  108.430 x1.00] LOG  [OniBoss] HitReact → Chase
[ 14231  108.441 x1.00] LOG  [OniBoss] Playing animation: Idle
[ 14231  108.441 x1.00] LOG  [OniBoss] Playing animation: Walk
[ 14231  108.441 x1.00] LOG  [ComboTrace] CLICK IGNORED (step=2 queued=2)
[ 14237  108.490 x1.00] LOG  🐾🐾 VFX_TowPaw triggered!
[ 14239  108.502 x1.00] LOG  OniBoss took 21 damage. HP: 1953/2500
[ 14239  108.502 x1.00] LOG  [Stance] OniBoss 20/150 (+10 light)
[ 14239  108.502 x1.00] LOG  [OniBoss] 🤕 Hit during Chase — flash only
[ 14239  108.502 x1.00] LOG  [Momentum] 1 -> 2 (hit), speed x1.10, damage x1.10, impact x1.10
[ 14239  108.502 x1.00] LOG  [CameraGameFeel] Shake: intensity=0.06 duration=0.080s
[ 14239  108.502 x1.00] LOG  [Combat] Hit OniBoss for 21
[ 14239  108.502 x1.00] LOG  [CameraGameFeel] Shake: intensity=0.55 duration=0.200s
[ 14239  108.502 x1.00] LOG  [CameraGameFeel] FOV punch: hit light (+1.5°)
[ 14252  108.592 x1.00] LOG  [OniBoss] Playing animation: Idle
[ 14261  108.661 x1.00] LOG  [ComboTrace] CLICK IGNORED (step=2 queued=2)
[ 14293  108.877 x1.00] LOG  🐾🐾 VFX_TowPaw triggered!
[ 14295  108.890 x1.00] LOG  [ComboTrace] CLICK IGNORED (step=2 queued=2)
[ 14298  108.911 x1.00] LOG  [Combat] Combo 3: 35 dmg
[ 14298  108.911 x1.00] LOG  [ComboTrace] START step=3 state='Combo3' queued=1 target='OniBoss' at 2.4m
[ 14298  108.911 x1.00] LOG  [ComboTrace] LAUNCH OniBoss at 1.1m dist=1.10m in 0.13s
[ 14298  108.911 x1.00] LOG  [YoruVFX] Ground hazard: 'VFX_Void_Area_GroundSpinYORU' laid at GroundVFX ((485.26, 0.51, 403.21)), floor tilt 9.4 deg, 17 delays shifted by 2.00s, own lifetime 8.98s
[ 14298  108.911 x1.00] LOG  [Combat] Hazard zone tick: OniBoss for 25
[ 14298  108.911 x1.00] LOG  [Combat] Hazard zone laid: 8.98s, 25 dmg every 0.50s in 2.00m
[ 14298  108.911 x1.00] LOG  [AirPosePin] engaged, holding body at 0.651m above the transform
[ 14300  108.930 x1.00] LOG  [AirPosePin] released, peak correction was 0.000m
[ 14306  108.973 x1.00] LOG  OniBoss took 38 damage. HP: 1890/2500
[ 14306  108.973 x1.00] LOG  [Stance] OniBoss 30/150 (+10 light)
[ 14306  108.973 x1.00] LOG  [OniBoss] Chase → HitReact
[ 14306  108.973 x1.00] LOG  [OniBoss:Layer] burst: 2 hits / 59 dmg → flinch upgraded to 'HitReact_medium'
[ 14306  108.973 x1.00] LOG  [OniBoss:Layer] react tier: MEDIUM (38 dmg) → 'HitReact_medium'
[ 14306  108.973 x1.00] LOG  [Momentum] 2 -> 3 (hit), speed x1.15, damage x1.15, impact x1.15
[ 14306  108.973 x1.00] LOG  [CameraGameFeel] Shake: intensity=0.06 duration=0.080s
[ 14306  108.973 x1.00] LOG  [CameraGameFeel] Shake: intensity=0.58 duration=0.200s
[ 14306  108.973 x1.00] LOG  [CameraGameFeel] FOV punch: hit light (+1.5°)
[ 14315  109.043 x1.00] LOG  [ComboTrace] LAUNCH RESULT wanted=1.10m actually moved=0.50m, completed
[ 14366  109.422 x1.00] LOG  [ComboTrace] CLICK IGNORED (step=3 queued=1)
[ 14366  109.422 x1.00] LOG  [Combat] Hazard zone tick: OniBoss for 25
[ 14409  109.727 x1.00] LOG  [ComboTrace] END step=3 clipProgress=0.95 clipLen=0.79s queued=0 elapsed=0.82s
[ 14417  109.780 x1.00] LOG  [OniBoss] HitReact → Chase
[ 14418  109.791 x1.00] LOG  [OniBoss] Playing animation: Watch
[ 14418  109.791 x1.00] LOG  [OniBoss] Combo started: ClubSwing1 → ClubSwing2 → ClubSlam (3 steps remaining)
[ 14418  109.791 x1.00] LOG  [OniBoss] Chase → Attack
[ 14418  109.791 x1.00] LOG  [OniBoss] Attack: Club_Swing (16 dmg)
[ 14418  109.791 x1.00] LOG  [OniBoss:Trail] Club_Swing trail START at clip 0.71 (transition done).
[ 14435  109.923 x1.00] LOG  [Combat] Hazard zone tick: OniBoss for 25
[ 14445  109.992 x1.00] LOG  🚶 2-LEG JUMP
[ 14445  109.992 x1.00] LOG  🐾 Jump 1 VFX spawned!
[ 14465  110.129 x1.00] LOG  [CameraGameFeel] Shake: intensity=0.20 duration=0.250s
[ 14465  110.129 x1.00] LOG  [Peach] light hit 16 dmg: 2 bites. 8/16 bites = 2 of 4 peaches
[ 14465  110.129 x1.00] LOG  [Momentum] 3 -> 1 (light hit taken, 50% = -2), speed x1.05, damage x1.05, impact x1.05
[ 14465  110.129 x1.00] LOG  [Combat] Combo memory: light hit, keeping step 3
[ 14465  110.129 x1.00] LOG  [Combat] Hit react: HitReact_Light_2Leg (0.5s, clip starts at 0.35s)
[ 14465  110.129 x1.00] LOG  [CameraGameFeel] Shake: intensity=0.30 duration=0.200s
[ 14465  110.129 x1.00] LOG  [CameraGameFeel] FOV punch: player damage (-2.0°)
[ 14465  110.129 x1.00] LOG  [OniBoss] Hit player for 16 (Club_Swing)
[ 14465  110.129 x1.00] LOG  [OniBoss:Touch] Club_Swing: club TOUCHED Yoru at clip 0.40, shaft 0.60m from her body line, head 0.49 along the club, tip 2.50m up, tip speed 156m/s. Full club hit delivered this frame.
[ 14466  110.137 x1.00] LOG  [HitReactTrace] asked for 'HitReact_Light_2Leg' (0.50s, clip start 0.35s): NOT playing it, another state took the combat layer, blend resolved after 8 ms, state 1.00s long at speed 1.00, now at 0.40s, layer weight 1.00, animator.speed 1.00.
[ 14466  110.137 x1.00] LOG  [AirPosePin] engaged, holding body at 0.752m above the transform
[ 14468  110.151 x1.00] LOG  [OniBoss:ClubPos] Club_Swing at strike: club tip 3.02m up, 2.72m in front, -2.83m to his right (3.93m out from his centre). Club faces -78deg from his forward, pitch 0.40. (the ground wave is born 1.6m in front of him at 0.35m.)
[ 14468  110.151 x1.00] LOG  [OniBoss:Layer] Club_Swing: club already hit — ground wave released as VISUAL only (0 damage).
[ 14505  110.423 x1.00] LOG  [Combat] Hazard zone tick: OniBoss for 25
[ 14534  110.629 x1.00] LOG  [OniBoss] Attack → Recovery
[ 14534  110.629 x1.00] LOG  [OniBoss] Playing animation: Watch
[ 14534  110.629 x1.00] LOG  [OniBoss:Trail] trail END at clip 0.99, fading over 0.40s.
[ 14534  110.629 x1.00] LOG  [OniBoss:Strike] Club_Swing: club tip closest to Yoru at 1.99m, clip position 0.90 | damage fires at 0.42 | clip 0.84s => damage fires 404 ms BEFORE the club is closest
[ 14534  110.629 x1.00] LOG  [AirPosePin] released, peak correction was 0.132m
[ 14556  110.781 x1.00] LOG  [OniBoss] Recovery → Attack
[ 14556  110.781 x1.00] LOG  [OniBoss] Attack: ClubSwing2 (16 dmg)
[ 14556  110.781 x1.00] LOG  [OniBoss:Trail] ClubSwing2 trail START at clip 1.00 (transition still blending).
[ 14562  110.831 x1.00] LOG  [ComboTrace] LAUNCH OniBoss at 0.6m dist=0.63m in 0.13s [AIRBORNE]
[ 14562  110.831 x1.00] LOG  [Combat] Aerial spin, 25 dmg
[ 14562  110.831 x1.00] LOG  [YoruVFX] Air spin: 'VFX_Void_Burst_AirSpinYoru' at CenterVFX, 46 systems, longest 1.00s fitted to 0.79s at speed 1.27, 8 forced Local, 38 delays zeroed, tail 2.37s
[ 14562  110.831 x1.00] LOG  OniBoss took 10 damage. HP: 1805/2500
[ 14562  110.831 x1.00] LOG  [Stance] OniBoss 33/150 (+10 light)
[ 14562  110.831 x1.00] LOG  [OniBoss] 🤕 Hit during Attack — flash only
[ 14562  110.831 x1.00] LOG  [Momentum] 1 -> 2 (hit), speed x1.10, damage x1.10, impact x1.10
[ 14562  110.831 x1.00] LOG  [CameraGameFeel] Shake: intensity=0.06 duration=0.080s
[ 14562  110.831 x1.00] LOG  [CameraGameFeel] Shake: intensity=0.55 duration=0.200s
[ 14562  110.831 x1.00] LOG  [CameraGameFeel] FOV punch: hit light (+1.5°)
[ 14562  110.831 x1.00] LOG  [AirPosePin] engaged, holding body at 2.506m above the transform
[ 14572  110.923 x1.00] LOG  💨 Landing VFX spawned!
[ 14572  110.923 x1.00] LOG  ✅ LANDED! (was jump #1)
[ 14572  110.923 x1.00] LOG  [Combat] Hazard zone tick: OniBoss for 25
[ 14577  110.961 x1.00] LOG  [ComboTrace] LAUNCH RESULT wanted=0.63m actually moved=0.00m, completed
[ 14579  110.978 x1.00] LOG  [AirPosePin] released, peak correction was 0.000m
[ 14580  110.985 x1.00] LOG  OniBoss took 11 damage. HP: 1769/2500
[ 14580  110.985 x1.00] LOG  [Stance] OniBoss 43/150 (+10 light)
[ 14580  110.985 x1.00] LOG  [OniBoss] 🤕 Hit during Attack — flash only
[ 14580  110.985 x1.00] LOG  [CameraGameFeel] Shake: intensity=0.19 duration=0.200s
[ 14584  111.023 x1.00] LOG  [ComboTrace] CLICK IGNORED (step=3 queued=0)
[ 14599  111.136 x1.00] LOG  OniBoss took 11 damage. HP: 1758/2500
[ 14599  111.136 x1.00] LOG  [Stance] OniBoss 53/150 (+10 light)
[ 14599  111.136 x1.00] LOG  [OniBoss] 🤕 Hit during Attack — flash only
[ 14599  111.136 x1.00] LOG  [Momentum] 2 -> 3 (hit), speed x1.15, damage x1.15, impact x1.15
[ 14599  111.136 x1.00] LOG  [CameraGameFeel] Shake: intensity=0.06 duration=0.080s
[ 14599  111.136 x1.00] LOG  [CameraGameFeel] Shake: intensity=0.20 duration=0.200s
[ 14603  111.163 x1.00] LOG  [CameraGameFeel] Shake: intensity=0.20 duration=0.250s
[ 14603  111.163 x1.00] LOG  [Peach] light hit 20 dmg: 2 bites. 6/16 bites = 1.5 of 4 peaches
[ 14603  111.163 x1.00] LOG  [Momentum] 3 -> 1 (light hit taken, 50% = -2), speed x1.05, damage x1.05, impact x1.05
[ 14603  111.163 x1.00] LOG  [YoruVFX] Spin VFX stopped, fading for 2.37s
[ 14603  111.163 x1.00] LOG  [Combat] Combo memory: light hit, keeping step 3
[ 14603  111.163 x1.00] LOG  [Combat] Hit react: HitReact_Light_2Leg (0.5s, clip starts at 0.35s)
[ 14603  111.163 x1.00] LOG  [CameraGameFeel] Shake: intensity=0.30 duration=0.200s
[ 14603  111.163 x1.00] LOG  [CameraGameFeel] FOV punch: player damage (-2.0°)
[ 14603  111.163 x1.00] LOG  [OniBoss] Hit player for 20 (ClubSwing2) [combo x1.25]
[ 14603  111.163 x1.00] LOG  [OniBoss:Touch] ClubSwing2: club TOUCHED Yoru at clip 0.29, shaft 0.70m from her body line, head 0.48 along the club, tip 1.37m up, tip speed 94m/s. Full club hit delivered this frame.
[ 14604  111.171 x1.00] LOG  [HitReactTrace] asked for 'HitReact_Light_2Leg' (0.50s, clip start 0.35s): NOT playing it, another state took the combat layer, blend resolved after 8 ms, state 0.79s long at speed 0.80, now at 0.29s, layer weight 1.00, animator.speed 1.00.
[ 14611  111.218 x1.00] LOG  [OniBoss:ClubPos] ClubSwing2 at strike: club tip 0.25m up, 1.49m in front, 2.79m to his right (3.16m out from his centre). Club faces 22deg from his forward, pitch -0.89. (the ground wave is born 1.6m in front of him at 0.35m.)
[ 14611  111.218 x1.00] LOG  [OniBoss:Layer] ClubSwing2: club already hit — ground wave released as VISUAL only (0 damage).
[ 14641  111.431 x1.00] LOG  [Combat] Hazard zone tick: OniBoss for 25
[ 14680  111.711 x1.00] LOG  [Combat] Combo 1: 10 dmg
[ 14680  111.711 x1.00] LOG  [ComboTrace] START step=1 state='Combo1' queued=0 target='OniBoss' at 2.0m
[ 14680  111.711 x1.00] LOG  [ComboTrace] LAUNCH OniBoss at 0.8m dist=0.80m in 0.13s
[ 14698  111.844 x1.00] LOG  [ComboTrace] LAUNCH RESULT wanted=0.80m actually moved=0.00m, completed
[ 14710  111.934 x1.00] LOG  [Combat] Hazard zone tick: OniBoss for 25
[ 14720  111.997 x1.00] LOG  [OniBoss] Attack → Recovery
[ 14720  111.997 x1.00] LOG  [OniBoss] Playing animation: Watch
[ 14720  111.997 x1.00] LOG  [OniBoss:Trail] trail END at clip 0.99, fading over 0.40s.
[ 14720  111.997 x1.00] LOG  [OniBoss:Strike] ClubSwing2: club tip closest to Yoru at 1.32m, clip position 0.30 | damage fires at 0.32 | clip 1.17s => MATCHED (within one or two frames)
[ 14741  112.151 x1.00] LOG  [OniBoss] Recovery → Attack
[ 14741  112.151 x1.00] LOG  [OniBoss] Attack: ClubSlam (20 dmg)
[ 14741  112.151 x1.00] LOG  [OniBoss:Trail] ClubSlam trail START at clip 1.00 (transition still blending).
[ 14742  112.161 x1.00] LOG  OniBoss took 10 damage. HP: 1698/2500
[ 14742  112.161 x1.00] LOG  [Stance] OniBoss 63/150 (+10 light)
[ 14742  112.161 x1.00] LOG  [OniBoss] 🤕 Hit during Attack — flash only
[ 14742  112.161 x1.00] LOG  [Momentum] 1 -> 2 (hit), speed x1.10, damage x1.10, impact x1.10
[ 14742  112.161 x1.00] LOG  [CameraGameFeel] Shake: intensity=0.06 duration=0.080s
[ 14742  112.161 x1.00] LOG  [Combat] Hit OniBoss for 10
[ 14742  112.161 x1.00] LOG  [CameraGameFeel] Shake: intensity=0.55 duration=0.200s
[ 14742  112.161 x1.00] LOG  [CameraGameFeel] FOV punch: hit light (+1.5°)
[ 14762  112.323 x1.00] LOG  🐾 VFX_AttackPaw triggered!
[ 14778  112.439 x1.00] LOG  [Combat] Hazard zone tick: OniBoss for 25
[ 14789  112.523 x1.00] LOG  [ComboTrace] END step=1 clipProgress=0.86 clipLen=0.90s queued=0 elapsed=0.81s
[ 14804  112.619 x1.00] LOG  [CameraGameFeel] Shake: intensity=0.50 duration=0.400s
[ 14804  112.619 x1.00] LOG  [Peach] heavy hit 30 dmg: 4 bites. 2/16 bites = 0.5 of 4 peaches
[ 14804  112.619 x1.00] LOG  [Momentum] 2 -> 0 (heavy hit taken, reset), speed x1.00, damage x1.00, impact x1.00
[ 14804  112.619 x1.00] LOG  [Combat] Hit react: HitReact_Heavy_2Leg (0.9s, clip starts at 0.35s)
[ 14804  112.619 x1.00] LOG  [CameraGameFeel] Shake: intensity=0.60 duration=0.200s
[ 14804  112.619 x1.00] LOG  [CameraGameFeel] FOV punch: player damage (-3.0°)
[ 14804  112.619 x1.00] LOG  [OniBoss] Hit player for 30 (ClubSlam) [combo x1.50]
[ 14804  112.619 x1.00] LOG  [OniBoss:Touch] ClubSlam: club TOUCHED Yoru at clip 0.46, shaft 0.16m from her body line, head 0.45 along the club, tip 2.12m up, tip speed 98m/s. Full club hit delivered this frame.
[ 14805  112.627 x1.00] LOG  [PeachUI] LOW HEALTH cue ON: 2 bites left, heartbeat 1.00s, bleed on, sound set
[ 14808  112.647 x1.00] LOG  [HitReactTrace] asked for 'HitReact_Heavy_2Leg' (0.90s, clip start 0.35s): playing it, blend resolved after 28 ms, state 1.21s long at speed 1.00, now at 0.36s, layer weight 1.00, animator.speed 1.00.
[ 14847  112.943 x1.00] LOG  [Combat] Hazard zone tick: OniBoss for 25
[ 14852  112.986 x1.00] LOG  [OniBoss:ClubPos] ClubSlam at strike: club tip 0.55m up, 2.91m in front, -0.14m to his right (2.91m out from his centre). Club faces 7deg from his forward, pitch -0.26. (the ground wave is born 1.6m in front of him at 0.35m.)
[ 14852  112.986 x1.00] LOG  [OniBoss:Layer] ClubSlam: club already hit — ground wave released as VISUAL only (0 damage), finisher size x2.0.
[ 14869  113.123 x1.00] LOG  [OniBoss] Attack → Recovery
[ 14869  113.123 x1.00] LOG  [OniBoss] Playing animation: Watch
[ 14869  113.123 x1.00] LOG  [OniBoss:Trail] trail END at clip 0.99, fading over 0.40s.
[ 14869  113.123 x1.00] LOG  [OniBoss:Strike] ClubSlam: club tip closest to Yoru at 0.22m, clip position 0.94 | damage fires at 0.85 | clip 0.93s => damage fires 84 ms BEFORE the club is closest
[ 14890  113.276 x1.00] LOG  [OniBoss] Recovery → Chase
[ 14891  113.283 x1.00] LOG  [OniBoss] hold-ground: BACKSTEP 1.5m (player 2.0m)
[ 14914  113.447 x1.00] LOG  [Combat] Hazard zone tick: OniBoss for 25
[ 15020  114.223 x1.00] LOG  [OniBoss] hold-ground: backstep done (1.50m), WATCH (player 3.5m, cooldown 0.9s)
[ 15020  114.223 x1.00] LOG  [OniBoss] Playing animation: Idle
[ 15021  114.229 x1.00] LOG  [OniBoss] Playing animation: Walk
[ 15091  114.682 x1.00] LOG  [OniBoss] Playing animation: Idle
[ 15147  115.079 x1.00] LOG  [OniBoss] Combo started: ClubSwing1 → ClubSwing2 → ClubSlam (3 steps remaining)
[ 15147  115.079 x1.00] LOG  [OniBoss] Chase → Attack
[ 15147  115.079 x1.00] LOG  [OniBoss] Attack: Club_Swing (16 dmg)
[ 15147  115.079 x1.00] LOG  [OniBoss:Trail] Club_Swing trail START at clip 0.25 (transition done).
[ 15152  115.122 x1.00] LOG  [OniBoss:Layer] step-in: 'Club_Swing' closed 0.24m, Yoru now 3.0m away (range 3.5)
[ 15195  115.439 x1.00] LOG  [OniBoss:ClubPos] Club_Swing at strike: club tip 3.02m up, 2.65m in front, -2.87m to his right (3.91m out from his centre). Club faces -79deg from his forward, pitch 0.40. (the ground wave is born 1.6m in front of him at 0.35m.)
[ 15195  115.439 x1.00] LOG  [OniBoss:Layer] Club_Swing: club has not connected — ground wave released ARMED, 1.6m in front, 12m/s x 6.0m = 0.50s, carrying 8 (half of the club's 16).
[ 15196  115.446 x1.00] LOG  [Peach] light hit 8 dmg: 1 bite. 1/16 bites = 0.25 of 4 peaches
[ 15196  115.446 x1.00] LOG  [Combat] Hit react: HitReact_Light_2Leg (0.5s, clip starts at 0.35s)
[ 15196  115.446 x1.00] LOG  [CameraGameFeel] Shake: intensity=0.30 duration=0.200s
[ 15196  115.446 x1.00] LOG  [CameraGameFeel] FOV punch: player damage (-2.0°)
[ 15196  115.446 x1.00] LOG  [OniBoss:Wave] wave TOUCHED Yoru (grounded) for 8 after 0.1m / 0.01s of travel.
[ 15199  115.469 x1.00] LOG  [HitReactTrace] asked for 'HitReact_Light_2Leg' (0.50s, clip start 0.35s): playing it, blend resolved after 23 ms, state 1.21s long at speed 1.00, now at 0.37s, layer weight 1.00, animator.speed 1.00.
[ 15262  115.919 x1.00] LOG  [OniBoss] Attack → Recovery
[ 15262  115.919 x1.00] LOG  [OniBoss] Playing animation: Watch
[ 15262  115.919 x1.00] LOG  [OniBoss:Trail] trail END at clip 1.00, fading over 0.40s.
[ 15262  115.919 x1.00] LOG  [OniBoss:Strike] Club_Swing: club tip closest to Yoru at 1.50m, clip position 0.91 | damage fires at 0.42 | clip 0.84s => damage fires 409 ms BEFORE the club is closest
[ 15283  116.072 x1.00] LOG  [OniBoss] Recovery → Attack
[ 15283  116.072 x1.00] LOG  [OniBoss] Attack: ClubSwing2 (16 dmg)
[ 15283  116.072 x1.00] LOG  [OniBoss:Trail] ClubSwing2 trail START at clip 1.00 (transition still blending).
[ 15317  148.708 x1.00] LOG  [CameraGameFeel] Shake: intensity=0.20 duration=0.250s
[ 15317  148.708 x1.00] LOG  [Peach] light hit 20 dmg: 2 bites. 0/16 bites = 0 of 4 peaches
[ 15317  148.708 x1.00] LOG  [Health] Player died (light killing hit). Game over menu: next pass.
[ 15317  148.708 x1.00] LOG  [CameraGameFeel] Shake: intensity=0.30 duration=0.200s
[ 15317  148.708 x1.00] LOG  [CameraGameFeel] FOV punch: player damage (-2.0°)
[ 15317  148.708 x0.15] LOG  [Death] Yoru died on 2 legs (light hit): HR_Die_2legs. Slow motion x0.15 for 0.8s then x0.50, death sound set.
[ 15317  148.708 x0.15] LOG  [OniBoss] Hit player for 20 (ClubSwing2) [combo x1.25]
[ 15317  148.708 x0.15] LOG  [OniBoss:Touch] ClubSwing2: club TOUCHED Yoru at clip 0.29, shaft 0.57m from her body line, head 0.80 along the club, tip 1.20m up, tip speed 96m/s, ONE FRAME EARLY (predicted). Full club hit delivered this frame.
[ 15318  148.720 x0.15] LOG  [PeachUI] LOW HEALTH cue OFF (she died: heartbeat stops, bleed holds at full)
[ 15318  148.720 x0.15] LOG  [GameOver] Yoru died: waiting for the death animation to finish, then 1.0s, then ink 3.0s, title 2.0s, buttons 1.5s
[ 15352  148.977 x0.15] LOG  [OniBoss:ClubPos] ClubSwing2 at strike: club tip 0.05m up, 1.92m in front, 2.29m to his right (2.99m out from his centre). Club faces 0deg from his forward, pitch -0.87. (the ground wave is born 1.6m in front of him at 0.35m.)
[ 15352  148.977 x0.15] LOG  [OniBoss:Layer] ClubSwing2: club already hit — ground wave released as VISUAL only (0 damage).
[ 15647  151.012 x0.50] LOG  [GameOver] skipped by a key 2.3s after the hit: straight to the buttons
[ 15647  151.012 x0.50] LOG  [GameOver] death animation finished 2.3s after the hit (world at x0.50); the world freezes in 1.0s
[ 15648  151.019 x0.50] LOG  [GameOver] world frozen: 1426 x 802 from camera 'mainCamera (1)', levels 0.16 to 0.52 (measured), red edges start at 0.55
[ 15653  151.059 x0.50] LOG  [GameOver] screen complete 2.3s after the hit, waiting for Replay or Main Menu
[ 15683  151.275 x0.50] LOG  [OniBoss] Attack → Recovery
[ 15683  151.275 x0.50] LOG  [OniBoss] Playing animation: Watch
[ 15683  151.275 x0.50] LOG  [OniBoss:Trail] trail END at clip 0.99, fading over 0.40s.
[ 15683  151.275 x0.50] LOG  [OniBoss:Strike] ClubSwing2: club tip closest to Yoru at 0.46m, clip position 0.30 | damage fires at 0.32 | clip 1.17s => MATCHED (within one or two frames)
[ 15684  151.281 x0.50] LOG  [OniBoss] Yoru is dead: standing down
[ 15684  151.281 x0.50] LOG  [OniBoss] Recovery → Idle
[ 15684  151.281 x0.50] LOG  [OniBoss] Playing animation: Idle
[ 15684  151.281 x0.50] LOG  [OniBoss:Layer] watch stance ON (player 3.0m)
[ 15684  151.281 x0.50] LOG  [BossBar] Hiding bar (Oni disengaged)
[ 15684  151.281 x0.50] LOG  [OniBoss:Layer] boss bar hidden (disengage)
[ 15900  152.785 x0.50] LOG  [GameOver] Replay: reloading 'CaveScene_Oni_Boss1'

[ 15900  152.785 x0.50] TEL ────────── REPLAY: scene reloaded ──────────
[ 15901  152.857 x1.00] LOG  [StormWeather] terrain layers restored to dry values.
[ 15901  152.857 x1.00] LOG  [OniHairShadows] shadow casting off on 27 hair renderers
[ 15901  152.857 x1.00] LOG  [RingMesh] Auto-found 11/11 left, 11/11 right meshes
[ 15901  152.857 x1.00] LOG  [PeachUI] row ready: 4 peaches, 64 px, TopLeft, bleed sprite set, PlayerHealth found
[ 15901  152.857 x1.00] LOG  [GameOver] ready (sumi-e): PlayerCombat found, ink shader ok, paper set, kanji set, font YujiSyuku-Regular SDF, Main Menu faint (no scene set)
[ 15901  152.857 x1.00] LOG  [BossBar] BossHealthBarUI initialized
[ 15901  152.857 x1.00] LOG  [StormWeather] layer 'TerrainLayer_Dirt_01' dry smoothness=0.00 (restore to this if a crash ever leaves it wet)
[ 15901  152.857 x1.00] LOG  [StormWeather] post volumes ready on layer 9 (storm priority 10, flash priority 11).
[ 15901  152.857 x1.00] LOG  [StormWeather] ROUND 80: fur weather ready on 'Weather Zone'. Rain 0, wind 0.50 in the open, sky check 30 m from 'PlayerYoru_1.1'.
[ 15901  152.857 x1.00] LOG  [StormWeather] COZY bridge: Rain_Cave retired, COZY owns the rain now.
[ 15901  152.857 x1.00] LOG  [StormWeather] COZY → 'Clear' (pre-fight - open sky, 0 s)
[ 15901  152.857 x1.00] LOG  [StormWeather] Ready. Open sky, dry floor. Waiting for the fight.
[ 15901  152.857 x1.00] LOG  OniBoss initialized with 2500 HP
[ 15901  152.857 x1.00] LOG  [OniBoss] ANIMATOR SETUP: cullingMode=CullUpdateTransforms updateMode=Normal applyRootMotion=False speed=1
[ 15901  152.857 x1.00] LOG  [OniBoss] Initialized
[ 15901  152.857 x1.00] LOG  [OniBoss:Layer] facing: minFlat 1m, snapOnAttack off, trackInHitReact off, aimTurn 540 deg/s for the first 0.20 of the swing
[ 15901  152.857 x1.00] LOG  [OniBoss:Layer] Yoru launch model ON: launches ALL THE WAY to an enemy within 4.7m of its surface at 10m/s (stop gap 0.00m, NO minimum distance), else steps 0.90m forward. Targeting cone left exactly as her prefab has it.
[ 15901  152.857 x1.00] LOG  [OniBoss:Layer] Yoru launch ROUND 9: airborne attacks launch too (ON), edge probe now runs on its OWN layer mask (Everything) instead of the line-of-sight mask - the Ground-only mask found no floor in this cave and was cancelling 100% of launches at 0.00m travelled.
[ 15901  152.857 x1.00] LOG  [OniBoss:Layer] animator speed x1.35 — his 1.13s swing now plays in 0.84s.
[ 15901  152.857 x1.00] LOG  [OniBoss:Layer] chase speed pushed: phase1 4.5, phase2 5.5 (Yoru runs at 7).
[ 15901  152.857 x1.00] LOG  [OniBoss:Layer] ground wave ON (round 38): half the club's damage on TOUCH, 12m/s x 6.0m from 1.6m in front at 0.35m height — a club hit cancels that swing's wave, jumping clears it. Per-attack effects come from the Swing Wave VFX By Attack rows. PlayerHealth found, PlayerMovement found.
[ 15901  152.857 x1.00] LOG  [StormWeather] storm break HELD (waiting for the lightning beat)
[ 15901  152.857 x1.00] LOG  [OniBoss:Layer] storm break HELD — it releases at the lightning-on-the-club beat.
[ 15901  152.857 x1.00] LOG  [OniBoss:Layer] club tracking ON — tip 'Kanabo3' (depth 4), shaft root 'kanabo'.
[ 15901  152.857 x1.00] LOG  [OniBoss:Layer] skinned meshes: 46 renderer(s), updateWhenOffscreen ON, body renderer 'Body' rootBone 'Hips'
[ 15901  152.857 x1.00] LOG  [OniBoss:Layer] charge travel bone: 'Hips' at depth 1 under 'OniBoss', rest local (0.00, 3.24, -0.24)
[ 15901  152.857 x1.00] LOG  [OniBoss:Layer] anti-kite ON: thrown swing after 4s of failed chase (within 7.6m), charge after 6s.
[ 15901  152.857 x1.00] LOG  [OniBoss:Layer] charge drive ON (windup to 0.40 at x1.3, rush 14m/s stops at 2.6m, steers 0.35s then commits, strike section from 0.58, strike moment 0.76, trail VFX off)
[ 15901  152.857 x1.00] LOG  [OniBoss:Layer] attack armor ON (his swings are not interrupted by light/medium hits; heavy hits and rapid-hit bursts still stop him)
[ 15901  152.857 x1.00] LOG  [OniBoss:Layer] strike moments overridden: Club_Swing=0.42 ClubSwing2=0.32 ClubSlam=0.85 KanaboSweep=0.48
[ 15901  152.857 x1.00] LOG  [OniBoss:Layer] club TOUCH hits ON (radius 0.70m, min tip speed 50m/s, armed from 0.20 of the clip): Club_Swing ClubSwing2 ClubSlam KanaboSweep. First touch wins — club full damage, wave half, one hit per swing.
[ 15901  152.857 x1.00] LOG  [OniBoss:Layer] combo damage ramp ON: mid x1.25, finisher x1.50 — finisher wave carries FULL damage at x2.0 size, x2.0 travel.
[ 15901  152.857 x1.00] LOG  [OniBoss:Layer] charge follow-up ON: 90 % of solo charges chain into a random melee finisher.
[ 15901  152.857 x1.00] LOG  [OniBoss:Layer] hold-ground ON (backstep 1.5m @ 1.6m/s after own attacks, watch 'Watch', attack facing LOCKED)
[ 15901  152.857 x1.00] LOG  [OniBoss:Layer] OniBoss layer ready (reactions, wake-on-hit, watch stance, boss bar). player=found
[ 15901  152.857 x1.00] LOG  [OniBoss:Layer] charge clip 'Oni Charge.fbx' imports with Root Motion Node = None (in place) — good.
[ 15901  152.857 x1.00] LOG  [OniBoss:Layer] clips importing with Root Transform Position (Y) NOT baked into pose (12): Oni_Alert(Oni Alert), Club_Slam(Oni Club Slam), Club_Swing(Oni Club Swing), Club_swing2(Oni Club Swing 2), Death(Oni Death Kneel), Hit_react_light(Oni Hit react lighter light), KanaboSweep(Oni Kanabo sweep), Phase_Transition(Oni Phase transition), run(Oni Run), Walk(Oni Walk), Watch(Oni Watch), Idle(Oni Idle) — their hips' up/down motion is stripped (see round notes; optional).
[ 15901  152.857 x1.00] LOG  === VFX MANAGER INITIALIZED ===
[ 15901  152.857 x1.00] LOG  Auto-detect animations: False
[ 15901  152.857 x1.00] LOG  Parent effects to tail: True
[ 15901  152.857 x1.00] LOG  Prefabs: Jump=True, Land=True, LTail=True, RTail=True
[ 15901  152.857 x1.00] LOG  ✅ Left Tail Tip: LeftTailTip_Anchor
[ 15901  152.857 x1.00] LOG  ✅ Right Tail Tip: RightTailTip_Anchor
[ 15901  152.857 x1.00] LOG  [VolumetricFogController] applyPresets is OFF in this scene. The Volumetric Fog component keeps its hand-set inspector values.
[ 15901  152.857 x1.00] LOG  [TailAirShot] Ready. drawState=RightTail_Fast castParam=TailCastSpeed (found)
  arrow leaves: PlayerYoru_1.1/Cat_All_10_Tails_v4/Group/DeformationSystem/root/Root_M/Tail15_R/Tail151_R/Tail152_R/Tail153_R/Tail154_R/Tail155_R/Tail156_R/Tail157_R/Tail158_R/Tail159_R/Tail1510_R/Tail1511_R/Tail1512_R/Tail6_R/Tail6_R_end/Tail6_R_end_end/Tail6_R_end_end_end/RightTailTip_Anchor
  aim VFX: PlayerYoru_1.1/Cat_All_10_Tails_v4/Group/DeformationSystem/root/Root_M/Tail15_R/Tail151_R/Tail152_R/Tail153_R/Tail154_R/Tail155_R/Tail156_R/Tail157_R/Tail158_R/Tail159_R/Tail1510_R/Tail1511_R/Tail1512_R/Tail6_R/Tail6_R_end/Tail6_R_end_end/Tail6_R_end_end_end/RightTailTip_Anchor/vfx_Muzzle_Fireball01Blue
[ 15901  152.857 x1.00] LOG  [RingMesh] VFX Status:
[ 15901  152.857 x1.00] LOG    Left: Prefab=✓, Spawn=Tail6_L_end_end_end
[ 15901  152.857 x1.00] LOG    Right: Prefab=✓, Spawn=Tail6_R_end_end_end
[ 15901  152.857 x1.00] LOG  [TailAirShot4Leg] Ready. drawState=shoot_4Leg castParam=Shoot4LegSpeed (found) readyFrame=5 fireFrame=10 frames=24 slowBudget=3s real damageMultiplier=2.00
  arrow leaves: PlayerYoru_1.1/Cat_All_10_Tails_v4/Group/DeformationSystem/root/Root_M/Tail15_R/Tail151_R/Tail152_R/Tail153_R/Tail154_R/Tail155_R/Tail156_R/Tail157_R/Tail158_R/Tail159_R/Tail1510_R/Tail1511_R/Tail1512_R/Tail6_R/Tail6_R_end/Tail6_R_end_end/Tail6_R_end_end_end/RightTailTip_Anchor
  aim VFX left:  PlayerYoru_1.1/Cat_All_10_Tails_v4/Group/DeformationSystem/root/Root_M/Tail15_L/Tail151_L/Tail152_L/Tail153_L/Tail154_L/Tail155_L/Tail156_L/Tail157_L/Tail158_L/Tail159_L/Tail1510_L/Tail1511_L/Tail1512_L/Tail6_L/Tail6_L_end/Tail6_L_end_end/Tail6_L_end_end_end/LeftTailTip_Anchor/Glow_4Leg_L
  aim VFX right: PlayerYoru_1.1/Cat_All_10_Tails_v4/Group/DeformationSystem/root/Root_M/Tail15_R/Tail151_R/Tail152_R/Tail153_R/Tail154_R/Tail155_R/Tail156_R/Tail157_R/Tail158_R/Tail159_R/Tail1510_R/Tail1511_R/Tail1512_R/Tail6_R/Tail6_R_end/Tail6_R_end_end/Tail6_R_end_end_end/RightTailTip_Anchor/Glow_4Leg_R
[ 15901  152.857 x1.00] LOG  [PlayerCombat] Phase 2 form gate CONNECTED (FormController found on this GameObject).
[ 15901  152.857 x1.00] LOG  [Combat] PlayerCombat initialized, Phase 3C v27
[ 15901  152.857 x1.00] LOG  [CameraGameFeel] CameraGameFeel initialized (shake + FOV)
[ 15901  152.857 x1.00] LOG  [OniBoss] Playing animation: Idle
[ 15931  153.334 x1.00] LOG  [ComboTrace] LAUNCH STEP (no enemy) dist=0.90m in 0.13s [AIRBORNE]
[ 15931  153.334 x1.00] LOG  [Combat] Aerial spin, 25 dmg
[ 15931  153.334 x1.00] LOG  [YoruVFX] Air spin: 'VFX_Void_Burst_AirSpinYoru' at CenterVFX, 46 systems, longest 1.00s fitted to 0.79s at speed 1.27, 8 forced Local, 38 delays zeroed, tail 2.37s
[ 15931  153.334 x1.00] LOG  [AirPosePin] engaged, holding body at 0.654m above the transform
[ 15950  153.466 x1.00] LOG  [ComboTrace] LAUNCH RESULT wanted=0.90m actually moved=0.90m, completed
[ 15958  153.516 x1.00] LOG  💨 Landing VFX spawned!
[ 15958  153.516 x1.00] LOG  ✅ LANDED! (was jump #0)
[ 15958  153.516 x1.00] LOG  [AirPosePin] released, peak correction was 0.000m
[ 16032  154.015 x1.00] LOG  [YoruVFX] Spin VFX stopped, fading for 2.37s
[ 16037  154.044 x1.00] LOG  [ComboTrace] END step=3 clipProgress=0.90 clipLen=0.79s queued=0 elapsed=0.71s
[ 16226  155.285 x1.00] LOG  [StormWeather] terrain layers restored to dry values.
# end — 1700 lines
