# Oni combat log — 2026-09-24 20:33:48
# Unity 6000.2.7f2 | scene 'CaveScene_Oni_Boss1' | platform OSXEditor
# columns: [frame realSeconds timeScale] KIND message      (KIND: LOG WARN ERR EXC TEL)
#
[     0    0.000 x1.00] LOG  [OniLog] console + telemetry → /Users/asenahazal/Documents/Yoru/OniLogs/oni_2026-09-24_20-33-48.log
[     0    0.000 x1.00] LOG  [OniHairShadows] shadow casting off on 27 hair renderers
[     1    0.000 x1.00] LOG  [TailAirShot4Leg] Ready. drawState=shoot_4Leg castParam=Shoot4LegSpeed (found) readyFrame=5 fireFrame=10 frames=24 slowBudget=3s real damageMultiplier=2.00
  arrow leaves: PlayerYoru_1.1/Cat_All_10_Tails_v4/Group/DeformationSystem/root/Root_M/Tail15_R/Tail151_R/Tail152_R/Tail153_R/Tail154_R/Tail155_R/Tail156_R/Tail157_R/Tail158_R/Tail159_R/Tail1510_R/Tail1511_R/Tail1512_R/Tail6_R/Tail6_R_end/Tail6_R_end_end/Tail6_R_end_end_end/RightTailTip_Anchor
  aim VFX left:  PlayerYoru_1.1/Cat_All_10_Tails_v4/Group/DeformationSystem/root/Root_M/Tail15_L/Tail151_L/Tail152_L/Tail153_L/Tail154_L/Tail155_L/Tail156_L/Tail157_L/Tail158_L/Tail159_L/Tail1510_L/Tail1511_L/Tail1512_L/Tail6_L/Tail6_L_end/Tail6_L_end_end/Tail6_L_end_end_end/LeftTailTip_Anchor/Glow_4Leg_L
  aim VFX right: PlayerYoru_1.1/Cat_All_10_Tails_v4/Group/DeformationSystem/root/Root_M/Tail15_R/Tail151_R/Tail152_R/Tail153_R/Tail154_R/Tail155_R/Tail156_R/Tail157_R/Tail158_R/Tail159_R/Tail1510_R/Tail1511_R/Tail1512_R/Tail6_R/Tail6_R_end/Tail6_R_end_end/Tail6_R_end_end_end/RightTailTip_Anchor/Glow_4Leg_R
[     1    0.000 x1.00] LOG  [TailAirShot] Ready. drawState=RightTail_Fast castParam=TailCastSpeed (found)
  arrow leaves: PlayerYoru_1.1/Cat_All_10_Tails_v4/Group/DeformationSystem/root/Root_M/Tail15_R/Tail151_R/Tail152_R/Tail153_R/Tail154_R/Tail155_R/Tail156_R/Tail157_R/Tail158_R/Tail159_R/Tail1510_R/Tail1511_R/Tail1512_R/Tail6_R/Tail6_R_end/Tail6_R_end_end/Tail6_R_end_end_end/RightTailTip_Anchor
  aim VFX: PlayerYoru_1.1/Cat_All_10_Tails_v4/Group/DeformationSystem/root/Root_M/Tail15_R/Tail151_R/Tail152_R/Tail153_R/Tail154_R/Tail155_R/Tail156_R/Tail157_R/Tail158_R/Tail159_R/Tail1510_R/Tail1511_R/Tail1512_R/Tail6_R/Tail6_R_end/Tail6_R_end_end/Tail6_R_end_end_end/RightTailTip_Anchor/vfx_Muzzle_Fireball01Blue
[     1    0.000 x1.00] LOG  [PlayerCombat] Phase 2 form gate CONNECTED (FormController found on this GameObject).
[     1    0.000 x1.00] LOG  [Combat] PlayerCombat initialized, Phase 3C v27
[     1    0.000 x1.00] LOG  [RingMesh] VFX Status:
[     1    0.000 x1.00] LOG    Left: Prefab=✓, Spawn=Tail6_L_end_end_end
[     1    0.000 x1.00] LOG    Right: Prefab=✓, Spawn=Tail6_R_end_end_end
[     1    0.000 x1.00] LOG  === VFX MANAGER INITIALIZED ===
[     1    0.000 x1.00] LOG  Auto-detect animations: False
[     1    0.000 x1.00] LOG  Parent effects to tail: True
[     1    0.000 x1.00] LOG  Prefabs: Jump=True, Land=True, LTail=True, RTail=True
[     1    0.000 x1.00] LOG  ✅ Left Tail Tip: LeftTailTip_Anchor
[     1    0.000 x1.00] LOG  ✅ Right Tail Tip: RightTailTip_Anchor
[     1    0.000 x1.00] LOG  [Pause] ready: key Escape, paper shader ok, paper set, kanji set, font YujiSyuku-Regular SDF, capture ScreenGrab, Main Menu faint (no scene set)
[     1    0.000 x1.00] LOG  [PeachUI] row ready: 4 peaches, 64 px, TopLeft, bleed sprite set, PlayerHealth found
[     1    0.000 x1.00] LOG  [GameOver] ready (sumi-e): PlayerCombat found, ink shader ok, paper set, kanji set, font YujiSyuku-Regular SDF, Main Menu faint (no scene set)
[     1    0.000 x1.00] LOG  [BossBar] BossHealthBarUI initialized
[     1    0.000 x1.00] LOG  [StormWeather] layer 'TerrainLayer_Dirt_01' dry smoothness=0.00 (restore to this if a crash ever leaves it wet)
[     1    0.000 x1.00] LOG  [StormWeather] post volumes ready on layer 9 (storm priority 10, flash priority 11).
[     1    0.000 x1.00] LOG  [StormWeather] COZY bridge: Rain_Cave retired, COZY owns the rain now.
[     1    0.000 x1.00] LOG  [StormWeather] COZY → 'Clear' (pre-fight - open sky, 0 s)
[     1    0.000 x1.00] LOG  [StormWeather] Ready. Open sky, dry floor. Waiting for the fight.
[     1    0.000 x1.00] LOG  OniBoss initialized with 2500 HP
[     1    0.000 x1.00] LOG  [OniBoss] ANIMATOR SETUP: cullingMode=CullUpdateTransforms updateMode=Normal applyRootMotion=False speed=1
[     1    0.000 x1.00] LOG  [OniBoss] Initialized
[     1    0.000 x1.00] LOG  [OniBoss:Layer] facing: minFlat 1m, snapOnAttack off, trackInHitReact off, aimTurn 540 deg/s for the first 0.20 of the swing
[     1    0.000 x1.00] LOG  [OniBoss:Layer] animator speed x1.35 — his 1.13s swing now plays in 0.84s.
[     1    0.000 x1.00] LOG  [OniBoss:Layer] chase speed pushed: phase1 4.5, phase2 5.5 (Yoru runs at 7).
[     1    0.000 x1.00] LOG  [OniBoss:Layer] ground wave ON (round 38): half the club's damage on TOUCH, 12m/s x 6.0m from 1.6m in front at 0.35m height — a club hit cancels that swing's wave, jumping clears it. Per-attack effects come from the Swing Wave VFX By Attack rows. PlayerHealth found, PlayerMovement found.
[     1    0.000 x1.00] LOG  [StormWeather] storm break HELD (waiting for the lightning beat)
[     1    0.000 x1.00] LOG  [OniBoss:Layer] storm break HELD — it releases at the lightning-on-the-club beat.
[     1    0.000 x1.00] LOG  [OniBoss:Layer] club tracking ON — tip 'Kanabo3' (depth 4), shaft root 'kanabo'.
[     1    0.000 x1.00] LOG  [OniBoss:Layer] skinned meshes: 46 renderer(s), updateWhenOffscreen ON, body renderer 'Body' rootBone 'Hips'
[     1    0.000 x1.00] LOG  [OniBoss:Layer] charge travel bone: 'Hips' at depth 1 under 'OniBoss', rest local (0.00, 3.24, -0.24)
[     1    0.000 x1.00] LOG  [OniBoss:Layer] anti-kite ON: thrown swing after 4s of failed chase (within 7.6m), charge after 6s.
[     1    0.000 x1.00] LOG  [OniBoss:Layer] charge drive ON (windup to 0.40 at x1.3, rush 14m/s stops at 2.6m, steers 0.35s then commits, strike section from 0.58, strike moment 0.76, trail VFX off)
[     1    0.000 x1.00] LOG  [OniBoss:Layer] attack armor ON (his swings are not interrupted by light/medium hits; heavy hits and rapid-hit bursts still stop him)
[     1    0.000 x1.00] LOG  [OniBoss:Layer] strike moments overridden: Club_Swing=0.42 ClubSwing2=0.32 ClubSlam=0.85 KanaboSweep=0.48
[     1    0.000 x1.00] LOG  [OniBoss:Layer] club TOUCH hits ON (radius 0.70m, min tip speed 50m/s, armed from 0.20 of the clip): Club_Swing ClubSwing2 ClubSlam KanaboSweep. First touch wins — club full damage, wave half, one hit per swing.
[     1    0.000 x1.00] LOG  [OniBoss:Layer] combo damage ramp ON: mid x1.25, finisher x1.50 — finisher wave carries FULL damage at x2.0 size, x2.0 travel.
[     1    0.000 x1.00] LOG  [OniBoss:Layer] charge follow-up ON: 90 % of solo charges chain into a random melee finisher.
[     1    0.000 x1.00] LOG  [OniBoss:Layer] hold-ground ON (backstep 1.5m @ 1.6m/s after own attacks, watch 'Watch', attack facing LOCKED)
[     1    0.000 x1.00] LOG  [OniBoss:Layer] OniBoss layer ready (reactions, wake-on-hit, watch stance, boss bar). player=found
[     1    0.000 x1.00] LOG  [OniBoss:Layer] charge clip 'Oni Charge.fbx' imports with Root Motion Node = None (in place) — good.
[     1    0.000 x1.00] LOG  [OniBoss:Layer] clips importing with Root Transform Position (Y) NOT baked into pose (12): Oni_Alert(Oni Alert), Club_Slam(Oni Club Slam), Club_Swing(Oni Club Swing), Club_swing2(Oni Club Swing 2), Death(Oni Death Kneel), KanaboSweep(Oni Kanabo sweep), Phase_Transition(Oni Phase transition), run(Oni Run), Walk(Oni Walk), Watch(Oni Watch), Idle(Oni Idle), Hit_react_light(Oni NEWHit react light) — their hips' up/down motion is stripped (see round notes; optional).
[     1    0.000 x1.00] LOG  [VolumetricFogController] applyPresets is OFF in this scene. The Volumetric Fog component keeps its hand-set inspector values.
[     1    0.000 x1.00] LOG  [YoruFurWeather] fur weather ready on 'Weather Zone'. Rain 0, wind 0.50 in the open, roof check 30 m above her. Wind level and floor from StormWeather on 'StormWeather'.
[     1    0.000 x1.00] LOG  [CameraGameFeel] CameraGameFeel initialized (shake + FOV)
[     1    9.588 x1.00] LOG  [OniBoss] Playing animation: Idle
[    36   11.742 x1.00] LOG  💨 Landing VFX spawned!
[    36   11.742 x1.00] LOG  ✅ LANDED! (was jump #0)
[   666   15.921 x1.00] LOG  [OniBoss:Layer] watch stance ON (player 14.9m)
[   798   16.781 x1.00] LOG  [OniBoss] LostSoul → Alert
[   798   16.781 x1.00] LOG  [OniBoss] Playing animation: Oni_Alert
[   798   16.781 x1.00] LOG  [BossBar] Showing bar for: Oni (2500/2500)
[   798   16.781 x1.00] LOG  [OniBoss:Layer] boss bar shown
[   799   16.791 x1.00] LOG  [StormWeather] COZY → 'Yoru_Oni_Phase1_Storm' (fight engaged - storm rolls in, 0 s)
[   799   16.791 x1.00] LOG  [StormWeather] FIGHT STARTED (he engaged) - storm on, floor starts to soak.
[   800   16.801 x1.00] WARN The referenced script on this Behaviour (Game Object '<null>') is missing!
[   800   16.801 x1.00] WARN The referenced script on this Behaviour (Game Object 'Lightning Light') is missing!
[   800   16.801 x1.00] WARN The referenced script on this Behaviour (Game Object 'Lightning Light') is missing!
[   831   17.028 x1.00] LOG  [YoruFurWeather] rain reaching the coat (intensity 0.01, follows floor wetness).
[   864   17.284 x1.00] LOG  [OniBoss] Alert → Chase
[   865   17.291 x1.00] LOG  [OniBoss] Pull-band decision: RUN-IN (dist 5.4m, pullRange 0m, chance 0.50)
[   865   17.291 x1.00] LOG  [OniBoss] Playing animation: run
[   904   17.542 x1.00] LOG  [OniBoss] Playing animation: Idle
[   904   17.542 x1.00] LOG  [OniBoss] Combo started: ClubSwing1 → ClubSwing2 → ClubSlam (3 steps remaining)
[   904   17.542 x1.00] LOG  [OniBoss] Chase → Attack
[   904   17.542 x1.00] LOG  [OniBoss] Attack: Club_Swing (16 dmg)
[   904   17.542 x1.00] LOG  [OniBoss:Trail] Club_Swing trail START at clip 0.27 (transition done).
[   912   17.593 x1.00] LOG  [StormWeather] storm post weight -> 0.40
[   919   17.641 x1.00] LOG  🐾 4-LEG JUMP #0
[   919   17.641 x1.00] LOG  🐾 Jump 1 VFX spawned!
[   950   17.861 x1.00] LOG  [CameraGameFeel] Shake: intensity=0.20 duration=0.250s
[   950   17.861 x1.00] LOG  [Peach] light hit 16 dmg: 2 bites. 14/16 bites = 3.5 of 4 peaches
[   950   17.861 x1.00] LOG  [Combat] Hit react: HitReact_Light_2Leg (0.5s, clip starts at 0.35s)
[   950   17.861 x1.00] LOG  [CameraGameFeel] Shake: intensity=0.30 duration=0.200s
[   950   17.861 x1.00] LOG  [CameraGameFeel] FOV punch: player damage (-2.0°)
[   950   17.861 x1.00] LOG  [OniBoss] Hit player for 16 (Club_Swing)
[   950   17.861 x1.00] LOG  [OniBoss:Touch] Club_Swing: club TOUCHED Yoru at clip 0.38, shaft 0.41m from her body line, head 0.42 along the club, tip 2.42m up, tip speed 171m/s, ONE FRAME EARLY (predicted). Full club hit delivered this frame.
[   951   17.872 x1.00] LOG  [HitReactTrace] asked for 'HitReact_Light_2Leg' (0.50s, clip start 0.35s): NOT playing it, another state took the combat layer, blend resolved after 11 ms, state 1.00s long at speed 1.00, now at 6.54s, layer weight 1.00, animator.speed 1.00.
[   951   17.872 x1.00] LOG  [AirPosePin] engaged, holding body at 0.638m above the transform
[   956   17.902 x1.00] LOG  [OniBoss:ClubPos] Club_Swing at strike: club tip 3.02m up, 2.51m in front, -2.95m to his right (3.88m out from his centre). Club faces -82deg from his forward, pitch 0.41. (the ground wave is born 1.6m in front of him at 0.35m.)
[   956   17.902 x1.00] LOG  [OniBoss:Layer] Club_Swing: club already hit — ground wave released as VISUAL only (0 damage).
[  1018   18.361 x1.00] LOG  [AirPosePin] released, peak correction was 0.018m
[  1021   18.377 x1.00] LOG  [OniBoss] Attack → Recovery
[  1021   18.377 x1.00] LOG  [OniBoss] Playing animation: Watch
[  1021   18.377 x1.00] LOG  [OniBoss:Trail] trail END at clip 0.99, fading over 0.40s.
[  1021   18.377 x1.00] LOG  [OniBoss:Strike] Club_Swing: club tip closest to Yoru at 1.88m, clip position 0.88 | damage fires at 0.42 | clip 0.84s => damage fires 387 ms BEFORE the club is closest
[  1041   18.526 x1.00] LOG  [ComboTrace] LAUNCH OniBoss at 0.6m dist=0.62m in 0.13s [AIRBORNE]
[  1041   18.526 x1.00] LOG  [Combat] Aerial spin, 25 dmg
[  1041   18.526 x1.00] LOG  [YoruVFX] Air spin: 'VFX_Void_Burst_AirSpinYoru' at CenterVFX, 46 systems, longest 1.00s fitted to 0.79s at speed 1.27, 8 forced Local, 38 delays zeroed, tail 2.37s
[  1041   18.526 x1.00] LOG  OniBoss took 10 damage. HP: 2490/2500
[  1041   18.526 x1.00] LOG  [OniBoss] Recovery → HitReact
[  1041   18.526 x1.00] LOG  [OniBoss:Layer] react tier: LIGHT (10 dmg) → 'Hit_react_light'
[  1041   18.526 x1.00] LOG  [OniReactTrace] #1 LIGHT (10 dmg) asked for 'Hit_react_light': crossfade 0.08s, animator speed 1.35, world x1.00
[  1041   18.526 x1.00] LOG  [Momentum] 0 -> 1 (hit), speed x1.05, damage x1.05, impact x1.05
[  1041   18.526 x1.00] LOG  [CameraGameFeel] Shake: intensity=0.06 duration=0.080s
[  1041   18.526 x1.00] LOG  [CameraGameFeel] Shake: intensity=0.53 duration=0.200s
[  1041   18.526 x1.00] LOG  [CameraGameFeel] FOV punch: hit light (+1.5°)
[  1041   18.526 x1.00] LOG  [AirPosePin] engaged, holding body at 0.886m above the transform
[  1042   18.554 x1.00] LOG  [OniReactTrace] #1 +0.03s state SOMETHING ELSE, clip on his bones '?' weight 0.00, blending INTO 'Hit_react_light', layer weight 1.00, animator speed 0.00, world x1.00, engine HitReact
[  1049   18.599 x1.00] LOG  💨 Landing VFX spawned!
[  1049   18.599 x1.00] LOG  ✅ LANDED! (was jump #1)
[  1054   18.632 x1.00] LOG  [OniReactTrace] #1 +0.11s state SOMETHING ELSE, clip on his bones '?' weight 0.00, blending INTO 'Hit_react_light', layer weight 1.00, animator speed 1.35, world x1.00, engine HitReact
[  1057   18.661 x1.00] LOG  [ComboTrace] LAUNCH RESULT wanted=0.62m actually moved=0.52m, completed
[  1057   18.661 x1.00] LOG  [AirPosePin] released, peak correction was 0.000m
[  1060   18.681 x1.00] LOG  OniBoss took 10 damage. HP: 2480/2500
[  1060   18.681 x1.00] LOG  [OniBoss:Layer] burst: 2 hits / 20 dmg → flinch upgraded to 'HitReact_medium'
[  1060   18.681 x1.00] LOG  [OniReactTrace] #2 BURST UPGRADE (20 dmg) asked for 'HitReact_medium': crossfade 0.08s, animator speed 1.35, world x1.00
[  1060   18.681 x1.00] LOG  [CameraGameFeel] Shake: intensity=0.18 duration=0.200s
[  1061   18.691 x1.00] LOG  [OniReactTrace] #2 +0.01s state SOMETHING ELSE, clip on his bones 'Take 001' weight 0.88, blending INTO 'HitReact_medium', layer weight 1.00, animator speed 1.35, world x1.00, engine HitReact
[  1065   18.730 x1.00] LOG  🚶 2-LEG JUMP
[  1065   18.730 x1.00] LOG  🐾 Jump 1 VFX spawned!
[  1067   18.743 x1.00] LOG  [AirPosePin] engaged, holding body at 0.769m above the transform
[  1073   18.786 x1.00] LOG  [OniReactTrace] #2 +0.10s state 'HitReact_medium' at 9 % of its 1.08s, clip on his bones 'Take 001' weight 1.00, layer weight 1.00, animator speed 1.35, world x1.00, engine HitReact
[  1079   18.835 x1.00] LOG  OniBoss took 10 damage. HP: 2470/2500
[  1079   18.835 x1.00] LOG  [OniBoss] HitReact → Stagger
[  1079   18.835 x1.00] LOG  [OniBoss] Playing animation: Stagger
[  1079   18.835 x1.00] LOG  [OniBoss] STAGGERED for 2.5s
[  1079   18.835 x1.00] LOG  [OniBoss:Layer] heavy knock-back react (swirl burst, 3 hits / 30 dmg) → 'HitReact_Heavy', down for 1.80s
[  1079   18.835 x1.00] LOG  [OniReactTrace] #3 HEAVY (0 dmg) asked for 'HitReact_Heavy': crossfade 0.08s, animator speed 1.35, world x1.00
[  1079   18.835 x1.00] LOG  [OniBoss:Layer] burst: 3 hits / 30 dmg inside 0.8s → knock-back + 0.90m push
[  1079   18.835 x1.00] LOG  [Momentum] 1 -> 2 (hit), speed x1.10, damage x1.10, impact x1.10
[  1079   18.835 x1.00] LOG  [CameraGameFeel] Shake: intensity=0.06 duration=0.080s
[  1079   18.835 x1.00] LOG  [CameraGameFeel] Shake: intensity=0.19 duration=0.200s
[  1080   18.843 x1.00] LOG  [OniReactTrace] #3 +0.01s state SOMETHING ELSE, clip on his bones 'Take 001' weight 0.85, blending INTO 'HitReact_Heavy', layer weight 1.00, animator speed 1.35, world x1.00, engine Stagger
[  1092   18.941 x1.00] LOG  [OniReactTrace] #3 +0.11s state 'HitReact_Heavy' at 9 % of its 1.11s, clip on his bones 'Take 001' weight 1.00, layer weight 1.00, animator speed 1.35, world x1.00, engine Stagger
[  1098   18.991 x1.00] LOG  OniBoss punish window! 11 → 16 (x1.5)
[  1098   18.991 x1.00] LOG  OniBoss took 16 damage. HP: 2454/2500
[  1098   18.991 x1.00] LOG  [CameraGameFeel] Shake: intensity=0.19 duration=0.200s
[  1111   19.091 x1.00] LOG  [OniReactTrace] #3 +0.26s state 'HitReact_Heavy' at 22 % of its 1.11s, clip on his bones 'Take 001' weight 1.00, layer weight 1.00, animator speed 1.35, world x1.00, engine Stagger
[  1117   19.141 x1.00] LOG  OniBoss punish window! 11 → 16 (x1.5)
[  1117   19.141 x1.00] LOG  OniBoss took 16 damage. HP: 2438/2500
[  1117   19.141 x1.00] LOG  [Momentum] 2 -> 3 (hit), speed x1.15, damage x1.15, impact x1.15
[  1117   19.141 x1.00] LOG  [CameraGameFeel] Shake: intensity=0.06 duration=0.080s
[  1117   19.141 x1.00] LOG  [CameraGameFeel] Shake: intensity=0.20 duration=0.200s
[  1132   19.261 x1.00] LOG  [YoruVFX] Spin VFX stopped, fading for 2.37s
[  1136   19.291 x1.00] LOG  [OniReactTrace] #3 +0.46s state 'HitReact_Heavy' at 40 % of its 1.11s, clip on his bones 'Take 001' weight 1.00, layer weight 1.00, animator speed 1.35, world x1.00, engine Stagger
[  1136   19.291 x1.00] LOG  [ComboTrace] END step=3 clipProgress=0.91 clipLen=0.79s queued=0 elapsed=0.77s
[  1137   19.302 x1.00] LOG  [AirPosePin] released, peak correction was 0.085m
[  1170   19.541 x1.00] LOG  [OniReactTrace] #3 +0.71s state 'HitReact_Heavy' at 63 % of its 1.11s, clip on his bones 'Take 001' weight 1.00, layer weight 1.00, animator speed 1.35, world x1.00, engine Stagger
[  1185   19.643 x1.00] LOG  💨 Landing VFX spawned!
[  1185   19.643 x1.00] LOG  ✅ LANDED! (was jump #1)
[  1188   19.664 x1.00] LOG  🚶 2-LEG JUMP
[  1188   19.664 x1.00] LOG  🐾 Jump 1 VFX spawned!
[  1206   19.791 x1.00] LOG  [OniReactTrace] #3 +0.96s state 'HitReact_Heavy' at 85 % of its 1.11s, clip on his bones 'Take 001' weight 1.00, layer weight 1.00, animator speed 1.35, world x1.00, engine Stagger
[  1206   19.791 x1.00] LOG  [OniReactTrace] #3 HEAVY verdict: played to 85 % of the clip, so the reaction IS on screen and what is missing is movement inside the clip itself
[  1234   19.987 x1.00] LOG  [ComboTrace] LAUNCH OniBoss at 1.8m dist=1.82m in 0.18s [AIRBORNE]
[  1234   19.987 x1.00] LOG  [Combat] Aerial spin, 25 dmg
[  1234   19.987 x1.00] LOG  [YoruVFX] Air spin: 'VFX_Void_Burst_AirSpinYoru' at CenterVFX, 46 systems, longest 1.00s fitted to 0.79s at speed 1.27, 8 forced Local, 38 delays zeroed, tail 2.37s
[  1234   19.987 x1.00] LOG  [AirPosePin] engaged, holding body at 1.592m above the transform
[  1255   20.141 x1.00] LOG  OniBoss punish window! 12 → 18 (x1.5)
[  1255   20.141 x1.00] LOG  OniBoss took 18 damage. HP: 2420/2500
[  1255   20.141 x1.00] LOG  [Momentum] 3 -> 4 (hit), speed x1.20, damage x1.20, impact x1.20
[  1255   20.141 x1.00] LOG  [CameraGameFeel] Shake: intensity=0.06 duration=0.080s
[  1255   20.141 x1.00] LOG  [CameraGameFeel] Shake: intensity=0.60 duration=0.200s
[  1255   20.141 x1.00] LOG  [CameraGameFeel] FOV punch: hit light (+1.5°)
[  1259   20.174 x1.00] LOG  [ComboTrace] LAUNCH RESULT wanted=1.82m actually moved=1.25m, completed
[  1273   20.294 x1.00] LOG  OniBoss punish window! 12 → 18 (x1.5)
[  1273   20.294 x1.00] LOG  OniBoss took 18 damage. HP: 2402/2500
[  1273   20.294 x1.00] LOG  [CameraGameFeel] Shake: intensity=0.21 duration=0.200s
[  1292   20.452 x1.00] LOG  OniBoss punish window! 12 → 18 (x1.5)
[  1292   20.452 x1.00] LOG  OniBoss took 18 damage. HP: 2384/2500
[  1292   20.452 x1.00] LOG  [Momentum] 4 -> 5 (hit), speed x1.25, damage x1.25, impact x1.25
[  1292   20.452 x1.00] LOG  [CameraGameFeel] Shake: intensity=0.14 duration=0.080s
[  1292   20.452 x1.00] LOG  [CameraGameFeel] Shake: intensity=0.22 duration=0.200s
[  1310   20.602 x1.00] LOG  💨 Landing VFX spawned!
[  1310   20.602 x1.00] LOG  ✅ LANDED! (was jump #1)
[  1310   20.602 x1.00] LOG  [AirPosePin] released, peak correction was 0.017m
[  1316   20.642 x1.00] LOG  [OniBoss] Stagger → Chase
[  1317   20.652 x1.00] LOG  [OniBoss] Playing animation: Idle
[  1317   20.652 x1.00] LOG  [OniBoss] hold-ground: cooldown over, player 3.6m > 3.5m — APPROACH
[  1317   20.652 x1.00] LOG  [OniBoss] Playing animation: Walk
[  1325   20.715 x1.00] LOG  🚶 2-LEG JUMP
[  1325   20.715 x1.00] LOG  🐾 Jump 1 VFX spawned!
[  1326   20.723 x1.00] LOG  [YoruVFX] Spin VFX stopped, fading for 2.37s
[  1326   20.723 x1.00] LOG  [AirPosePin] engaged, holding body at 0.705m above the transform
[  1329   20.752 x1.00] LOG  [ComboTrace] END step=3 clipProgress=0.90 clipLen=0.79s queued=0 elapsed=0.77s
[  1330   20.761 x1.00] LOG  [AirPosePin] released, peak correction was 0.021m
[  1386   21.183 x1.00] LOG  [OniBoss] Chase → Attack
[  1386   21.183 x1.00] LOG  [OniBoss] Attack: ClubSwing2 (16 dmg)
[  1386   21.183 x1.00] LOG  [OniBoss:Trail] ClubSwing2 trail START at clip 0.28 (transition done).
[  1431   21.524 x1.00] LOG  [CameraGameFeel] Shake: intensity=0.20 duration=0.250s
[  1431   21.524 x1.00] LOG  [Peach] light hit 16 dmg: 2 bites. 12/16 bites = 3 of 4 peaches
[  1431   21.524 x1.00] LOG  [Momentum] 5 -> 2 (light hit taken, 50% = -3), speed x1.10, damage x1.10, impact x1.10
[  1431   21.524 x1.00] LOG  [Combat] Combo memory: light hit, keeping step 3
[  1431   21.524 x1.00] LOG  [Combat] Hit react: HitReact_Light_2Leg (0.5s, clip starts at 0.35s)
[  1431   21.524 x1.00] LOG  [CameraGameFeel] Shake: intensity=0.30 duration=0.200s
[  1431   21.524 x1.00] LOG  [CameraGameFeel] FOV punch: player damage (-2.0°)
[  1431   21.524 x1.00] LOG  [OniBoss] Hit player for 16 (ClubSwing2)
[  1431   21.524 x1.00] LOG  [OniBoss:Touch] ClubSwing2: club TOUCHED Yoru at clip 0.29, shaft 0.66m from her body line, head 0.67 along the club, tip 0.03m up, tip speed 103m/s. Full club hit delivered this frame.
[  1432   21.532 x1.00] LOG  [HitReactTrace] asked for 'HitReact_Light_2Leg' (0.50s, clip start 0.35s): NOT playing it, another state took the combat layer, blend resolved after 7 ms, state 1.00s long at speed 1.00, now at 0.76s, layer weight 1.00, animator.speed 1.00.
[  1432   21.532 x1.00] LOG  [AirPosePin] engaged, holding body at 1.841m above the transform
[  1436   21.567 x1.00] LOG  [OniBoss:ClubPos] ClubSwing2 at strike: club tip 0.17m up, 1.65m in front, 2.61m to his right (3.09m out from his centre). Club faces 14deg from his forward, pitch -0.89. (the ground wave is born 1.6m in front of him at 0.35m.)
[  1436   21.567 x1.00] LOG  [OniBoss:Layer] ClubSwing2: club already hit — ground wave released as VISUAL only (0 damage).
[  1447   21.643 x1.00] LOG  💨 Landing VFX spawned!
[  1447   21.643 x1.00] LOG  [AirPosePin] released, peak correction was 0.005m
[  1501   22.029 x1.00] LOG  ✅ LANDED! (was jump #0)
[  1513   22.111 x1.00] LOG  [Combat] Combo 1: 10 dmg
[  1513   22.111 x1.00] LOG  [ComboTrace] START step=1 state='Combo1' queued=0 target='OniBoss' at 2.3m
[  1513   22.111 x1.00] LOG  [ComboTrace] LAUNCH OniBoss at 1.1m dist=1.07m in 0.13s
[  1532   22.252 x1.00] LOG  [ComboTrace] LAUNCH RESULT wanted=1.07m actually moved=0.31m, completed
[  1538   22.292 x1.00] LOG  [Combat] Queued click #1 (combo 1)
[  1538   22.292 x1.00] LOG  [ComboTrace] QUEUED #1 during step 1
[  1547   22.352 x1.00] LOG  [OniBoss] Attack → Recovery
[  1547   22.352 x1.00] LOG  [OniBoss] Playing animation: Watch
[  1547   22.352 x1.00] LOG  [OniBoss:Trail] trail END at clip 0.99, fading over 0.40s.
[  1547   22.352 x1.00] LOG  [OniBoss:Strike] ClubSwing2: club tip closest to Yoru at 1.50m, clip position 0.30 | damage fires at 0.32 | clip 1.17s => MATCHED (within one or two frames)
[  1567   22.498 x1.00] LOG  [Combat] Queued click #2 (combo 1)
[  1567   22.498 x1.00] LOG  [ComboTrace] QUEUED #2 during step 1
[  1568   22.504 x1.00] LOG  [OniBoss] Recovery → Chase
[  1569   22.510 x1.00] LOG  [OniBoss] hold-ground: BACKSTEP 1.5m (player 2.0m)
[  1574   22.542 x1.00] LOG  OniBoss took 11 damage. HP: 2373/2500
[  1574   22.542 x1.00] LOG  [OniBoss] Chase → HitReact
[  1574   22.542 x1.00] LOG  [OniBoss:Layer] react tier: LIGHT (11 dmg) → 'Hit_react_light'
[  1574   22.542 x1.00] LOG  [OniReactTrace] #4 LIGHT (11 dmg) asked for 'Hit_react_light': crossfade 0.08s, animator speed 1.35, world x1.00
[  1574   22.542 x1.00] LOG  [Momentum] 2 -> 3 (hit), speed x1.15, damage x1.15, impact x1.15
[  1574   22.542 x1.00] LOG  [CameraGameFeel] Shake: intensity=0.06 duration=0.080s
[  1574   22.542 x1.00] LOG  [Combat] Hit OniBoss for 11
[  1574   22.542 x1.00] LOG  [CameraGameFeel] Shake: intensity=0.58 duration=0.200s
[  1574   22.542 x1.00] LOG  [CameraGameFeel] FOV punch: hit light (+1.5°)
[  1575   22.549 x1.00] LOG  [OniReactTrace] #4 +0.01s state SOMETHING ELSE, clip on his bones '?' weight 0.00, blending into a DIFFERENT state, layer weight 1.00, animator speed 0.00, world x1.00, engine HitReact
[  1589   22.643 x1.00] LOG  [OniReactTrace] #4 +0.10s state SOMETHING ELSE, clip on his bones '?' weight 0.00, blending INTO 'Hit_react_light', layer weight 1.00, animator speed 1.35, world x1.00, engine HitReact
[  1594   22.679 x1.00] LOG  [ComboTrace] CLICK IGNORED (step=1 queued=2)
[  1597   22.702 x1.00] LOG  🐾 VFX_AttackPaw triggered!
[  1610   22.793 x1.00] LOG  [OniReactTrace] #4 +0.25s state 'Hit_react_light' at 32 % of its 0.62s, clip on his bones 'Take 001' weight 1.00, layer weight 1.00, animator speed 1.35, world x1.00, engine HitReact
[  1610   22.793 x1.00] LOG  [Combat] Combo 2: 20 dmg
[  1610   22.793 x1.00] LOG  [ComboTrace] START step=2 state='Combo2' queued=1 target='OniBoss' at 2.0m
[  1610   22.793 x1.00] LOG  [ComboTrace] LAUNCH OniBoss at 0.9m dist=0.86m in 0.13s
[  1620   22.861 x1.00] LOG  [ComboTrace] CLICK DROPPED by attackCooldown (0.10s, 0.07s since last attack) step=2
[  1629   22.924 x1.00] LOG  [ComboTrace] LAUNCH RESULT wanted=0.86m actually moved=0.06m, completed
[  1638   22.993 x1.00] LOG  [OniReactTrace] #4 +0.45s state 'Hit_react_light' at 64 % of its 0.62s, clip on his bones 'Take 001' weight 1.00, layer weight 1.00, animator speed 1.35, world x1.00, engine HitReact
[  1646   23.052 x1.00] LOG  [Combat] Queued click #2 (combo 2)
[  1646   23.052 x1.00] LOG  [ComboTrace] QUEUED #2 during step 2
[  1675   23.229 x1.00] LOG  [ComboTrace] CLICK IGNORED (step=2 queued=2)
[  1677   23.243 x1.00] LOG  [OniReactTrace] #4 +0.70s state 'Hit_react_light' at 100 % of its 0.62s, clip on his bones 'Take 001' weight 1.00, layer weight 1.00, animator speed 1.35, world x1.00, engine HitReact
[  1693   23.345 x1.00] LOG  [OniBoss] HitReact → Chase
[  1693   23.345 x1.00] LOG  🐾🐾 VFX_TowPaw triggered!
[  1694   23.352 x1.00] LOG  [OniBoss] Playing animation: Idle
[  1695   23.358 x1.00] LOG  OniBoss took 23 damage. HP: 2350/2500
[  1695   23.358 x1.00] LOG  [OniBoss] 🤕 Hit during Chase — flash only
[  1695   23.358 x1.00] LOG  [Momentum] 3 -> 4 (hit), speed x1.20, damage x1.20, impact x1.20
[  1695   23.358 x1.00] LOG  [CameraGameFeel] Shake: intensity=0.06 duration=0.080s
[  1695   23.358 x1.00] LOG  [Combat] Hit OniBoss for 23
[  1695   23.358 x1.00] LOG  [CameraGameFeel] Shake: intensity=0.60 duration=0.200s
[  1695   23.358 x1.00] LOG  [CameraGameFeel] FOV punch: hit light (+1.5°)
[  1702   23.408 x1.00] LOG  [ComboTrace] CLICK IGNORED (step=2 queued=2)
[  1713   23.494 x1.00] LOG  [OniReactTrace] #4 +0.95s state 'Hit_react_light' at 100 % of its 0.62s, clip on his bones 'Take 001' weight 0.49, blending into a DIFFERENT state, layer weight 1.00, animator speed 1.35, world x1.00, engine Chase
[  1713   23.494 x1.00] LOG  [OniReactTrace] #4 LIGHT verdict: played to 100 % of the clip, so the reaction IS on screen and what is missing is movement inside the clip itself
[  1729   23.602 x1.00] LOG  [ComboTrace] CLICK IGNORED (step=2 queued=2)
[  1744   23.712 x1.00] LOG  🐾🐾 VFX_TowPaw triggered!
[  1747   23.732 x1.00] LOG  [Combat] Combo 3: 35 dmg
[  1747   23.732 x1.00] LOG  [ComboTrace] START step=3 state='Combo3' queued=1 target='OniBoss' at 2.3m
[  1747   23.732 x1.00] LOG  [ComboTrace] LAUNCH OniBoss at 1.1m dist=1.11m in 0.13s
[  1747   23.732 x1.00] LOG  [YoruVFX] Ground hazard: 'VFX_Void_Area_GroundSpinYORU' laid at GroundVFX ((484.42, 0.65, 404.17)), floor tilt 8.3 deg, 17 delays shifted by 2.00s, own lifetime 8.98s
[  1747   23.732 x1.00] LOG  [Combat] Hazard zone tick: OniBoss for 25
[  1747   23.732 x1.00] LOG  [Combat] Hazard zone laid: 8.98s, 25 dmg every 0.50s in 2.00m
[  1754   23.795 x1.00] LOG  [ComboTrace] CLICK DROPPED by attackCooldown (0.10s, 0.06s since last attack) step=3
[  1754   23.795 x1.00] LOG  OniBoss took 42 damage. HP: 2283/2500
[  1754   23.795 x1.00] LOG  [OniBoss] Chase → Stagger
[  1754   23.795 x1.00] LOG  [OniBoss] Playing animation: Stagger
[  1754   23.795 x1.00] LOG  [OniBoss] STAGGERED for 2.5s
[  1754   23.795 x1.00] LOG  [OniBoss:Layer] heavy knock-back react (42 dmg) → 'HitReact_Heavy', down for 1.80s
[  1754   23.795 x1.00] LOG  [OniReactTrace] #5 HEAVY (0 dmg) asked for 'HitReact_Heavy': crossfade 0.08s, animator speed 1.35, world x1.00
[  1754   23.795 x1.00] LOG  [Momentum] 4 -> 5 (hit), speed x1.25, damage x1.25, impact x1.25
[  1754   23.795 x1.00] LOG  [CameraGameFeel] Shake: intensity=0.14 duration=0.080s
[  1754   23.795 x1.00] LOG  [CameraGameFeel] Shake: intensity=0.63 duration=0.200s
[  1754   23.795 x1.00] LOG  [CameraGameFeel] FOV punch: hit light (+1.5°)
[  1755   23.804 x1.00] LOG  [OniReactTrace] #5 +0.01s state SOMETHING ELSE, clip on his bones 'Take 001' weight 1.00, blending INTO 'HitReact_Heavy', layer weight 1.00, animator speed 0.00, world x1.00, engine Stagger
[  1763   23.868 x1.00] LOG  [ComboTrace] LAUNCH RESULT wanted=1.11m actually moved=0.57m, completed
[  1767   23.899 x1.00] LOG  [OniReactTrace] #5 +0.10s state 'HitReact_Heavy' at 4 % of its 1.11s, clip on his bones 'Take 001' weight 1.00, layer weight 1.00, animator speed 1.35, world x1.00, engine Stagger
[  1775   23.963 x1.00] LOG  [ComboTrace] CLICK IGNORED (step=3 queued=1)
[  1786   24.052 x1.00] LOG  [OniReactTrace] #5 +0.26s state 'HitReact_Heavy' at 18 % of its 1.11s, clip on his bones 'Take 001' weight 1.00, layer weight 1.00, animator speed 1.35, world x1.00, engine Stagger
[  1803   24.175 x1.00] LOG  [ComboTrace] CLICK IGNORED (step=3 queued=1)
[  1808   24.219 x1.00] WARN The referenced script on this Behaviour (Game Object '<null>') is missing!
[  1808   24.219 x1.00] WARN The referenced script on this Behaviour (Game Object 'Lightning Light') is missing!
[  1808   24.219 x1.00] WARN The referenced script on this Behaviour (Game Object 'Lightning Light') is missing!
[  1810   24.233 x1.00] LOG  [Combat] Hazard zone tick: OniBoss for 25
[  1812   24.250 x1.00] LOG  [OniReactTrace] #5 +0.45s state 'HitReact_Heavy' at 36 % of its 1.11s, clip on his bones 'Take 001' weight 1.00, layer weight 1.00, animator speed 1.35, world x1.00, engine Stagger
[  1836   24.443 x1.00] LOG  [ComboTrace] CLICK IGNORED (step=3 queued=1)
[  1843   24.501 x1.00] LOG  [OniReactTrace] #5 +0.71s state 'HitReact_Heavy' at 58 % of its 1.11s, clip on his bones 'Take 001' weight 1.00, layer weight 1.00, animator speed 1.35, world x1.00, engine Stagger
[  1851   24.567 x1.00] LOG  [ComboTrace] END step=3 clipProgress=0.95 clipLen=0.79s queued=0 elapsed=0.83s
[  1856   24.610 x1.00] LOG  [ComboTrace] CLICK DROPPED by attackCooldown (0.10s, 0.04s since last attack) step=3
[  1864   24.678 x1.00] LOG  🚶 2-LEG JUMP
[  1864   24.678 x1.00] LOG  🐾 Jump 1 VFX spawned!
[  1872   24.743 x1.00] LOG  [Combat] Hazard zone tick: OniBoss for 25
[  1873   24.750 x1.00] LOG  [OniReactTrace] #5 +0.95s state 'HitReact_Heavy' at 81 % of its 1.11s, clip on his bones 'Take 001' weight 1.00, layer weight 1.00, animator speed 1.35, world x1.00, engine Stagger
[  1873   24.750 x1.00] LOG  [OniReactTrace] #5 HEAVY verdict: played to 81 % of the clip, so the reaction IS on screen and what is missing is movement inside the clip itself
[  1882   24.818 x1.00] LOG  [ComboTrace] LAUNCH OniBoss at 1.2m dist=1.21m in 0.13s [AIRBORNE]
[  1882   24.818 x1.00] LOG  [Combat] Aerial spin, 25 dmg
[  1882   24.818 x1.00] LOG  [YoruVFX] Air spin: 'VFX_Void_Burst_AirSpinYoru' at CenterVFX, 46 systems, longest 1.00s fitted to 0.79s at speed 1.27, 8 forced Local, 38 delays zeroed, tail 2.37s
[  1882   24.818 x1.00] LOG  OniBoss punish window! 12 → 18 (x1.5)
[  1882   24.818 x1.00] LOG  OniBoss took 18 damage. HP: 2215/2500
[  1882   24.818 x1.00] LOG  [Momentum] 5 -> 6 (hit), speed x1.30, damage x1.30, impact x1.30
[  1882   24.818 x1.00] LOG  [CameraGameFeel] Shake: intensity=0.06 duration=0.080s
[  1882   24.818 x1.00] LOG  [CameraGameFeel] Shake: intensity=0.65 duration=0.200s
[  1882   24.818 x1.00] LOG  [CameraGameFeel] FOV punch: hit light (+1.5°)
[  1882   24.818 x1.00] LOG  [AirPosePin] engaged, holding body at 0.780m above the transform
[  1900   24.955 x1.00] LOG  [ComboTrace] LAUNCH RESULT wanted=1.21m actually moved=1.28m, completed
[  1902   24.969 x1.00] LOG  OniBoss punish window! 13 → 20 (x1.5)
[  1902   24.969 x1.00] LOG  OniBoss took 20 damage. HP: 2195/2500
[  1902   24.969 x1.00] LOG  [CameraGameFeel] Shake: intensity=0.23 duration=0.200s
[  1916   25.122 x1.00] LOG  OniBoss punish window! 13 → 20 (x1.5)
[  1916   25.122 x1.00] LOG  OniBoss took 20 damage. HP: 2175/2500
[  1916   25.122 x1.00] LOG  [Momentum] 6 -> 7 (hit), speed x1.35, damage x1.35, impact x1.35
[  1916   25.122 x1.00] LOG  [CameraGameFeel] Shake: intensity=0.06 duration=0.080s
[  1916   25.122 x1.00] LOG  [CameraGameFeel] Shake: intensity=0.24 duration=0.200s
[  1972   25.559 x1.00] LOG  [YoruVFX] Spin VFX stopped, fading for 2.37s
[  1975   25.578 x1.00] LOG  OniBoss punish window! 14 → 21 (x1.5)
[  1975   25.578 x1.00] LOG  OniBoss took 21 damage. HP: 2154/2500
[  1975   25.578 x1.00] LOG  [Momentum] 7 -> 8 (hit), speed x1.40, damage x1.40, impact x1.40
[  1975   25.578 x1.00] LOG  [CameraGameFeel] Shake: intensity=0.06 duration=0.080s
[  1975   25.578 x1.00] LOG  [CameraGameFeel] Shake: intensity=0.70 duration=0.200s
[  1975   25.578 x1.00] LOG  [CameraGameFeel] FOV punch: hit light (+1.5°)
[  1978   25.602 x1.00] LOG  💨 Landing VFX spawned!
[  1978   25.602 x1.00] LOG  ✅ LANDED! (was jump #1)
[  1978   25.602 x1.00] LOG  [OniBoss] Stagger → Chase
[  1978   25.602 x1.00] LOG  [AirPosePin] released, peak correction was 0.003m
[  1979   25.613 x1.00] LOG  [OniBoss] Playing animation: Watch
[  1979   25.613 x1.00] LOG  [OniBoss] Chase → Attack
[  1979   25.613 x1.00] LOG  [OniBoss] Attack: ClubSlam (20 dmg)
[  1979   25.613 x1.00] LOG  [OniBoss:Trail] ClubSlam trail START at clip 1.00 (transition done).
[  1984   25.652 x1.00] LOG  [ComboTrace] END step=3 clipProgress=0.91 clipLen=0.79s queued=0 elapsed=0.83s
[  2007   25.833 x1.00] LOG  [OniBoss:Layer] step-in: 'ClubSlam' closed 1.08m, Yoru now 3.0m away (range 3.5)
[  2008   25.844 x1.00] LOG  [OniBoss:Layer] step-in: 'ClubSlam' closed 1.12m, Yoru now 3.0m away (range 3.5)
[  2036   26.063 x1.00] LOG  [CameraGameFeel] Shake: intensity=0.50 duration=0.400s
[  2036   26.063 x1.00] LOG  [Peach] heavy hit 20 dmg: 3 bites. 9/16 bites = 2.25 of 4 peaches
[  2036   26.063 x1.00] LOG  [Momentum] 8 -> 0 (heavy hit taken, reset), speed x1.00, damage x1.00, impact x1.00
[  2036   26.063 x1.00] LOG  [Combat] Hit react: Bhit_run_reaction_4 (2.5s, clip starts at 0.10s)
[  2036   26.063 x1.00] LOG  [CameraGameFeel] Shake: intensity=0.60 duration=0.200s
[  2036   26.063 x1.00] LOG  [CameraGameFeel] FOV punch: player damage (-3.0°)
[  2036   26.063 x1.00] LOG  [OniBoss] Hit player for 20 (ClubSlam)
[  2036   26.063 x1.00] LOG  [OniBoss:Touch] ClubSlam: club TOUCHED Yoru at clip 0.46, shaft 0.70m from her body line, head 0.97 along the club, tip 2.09m up, tip speed 101m/s, ONE FRAME EARLY (predicted). Full club hit delivered this frame.
[  2037   26.071 x1.00] LOG  [HitReactTrace] asked for 'Bhit_run_reaction_4' (2.50s, clip start 0.10s): NOT playing it, another state took the combat layer, blend resolved after 8 ms, state 1.00s long at speed 1.00, now at 0.40s, layer weight 1.00, animator.speed 1.00.
[  2083   26.433 x1.00] LOG  [OniBoss:ClubPos] ClubSlam at strike: club tip 0.54m up, 2.91m in front, -0.13m to his right (2.91m out from his centre). Club faces 7deg from his forward, pitch -0.26. (the ground wave is born 1.6m in front of him at 0.35m.)
[  2083   26.433 x1.00] LOG  [OniBoss:Layer] ClubSlam: club already hit — ground wave released as VISUAL only (0 damage).
[  2099   26.564 x1.00] LOG  [OniBoss] Attack → Recovery
[  2099   26.564 x1.00] LOG  [OniBoss] Playing animation: Watch
[  2099   26.564 x1.00] LOG  [OniBoss:Trail] trail END at clip 1.00, fading over 0.40s.
[  2099   26.564 x1.00] LOG  [OniBoss:Strike] ClubSlam: club tip closest to Yoru at 0.79m, clip position 0.48 | damage fires at 0.85 | clip 0.93s => damage fires 339 ms AFTER the club is closest — it lands once the club has passed her
[  2119   26.717 x1.00] LOG  [OniBoss] Recovery → Chase
[  2120   26.723 x1.00] LOG  [OniBoss] hold-ground: BACKSTEP 1.5m (player 4.2m)
[  2130   26.803 x1.00] LOG  [OniBoss] hold-ground: backstep done (0.12m), WATCH (player 4.3m, cooldown 1.7s)
[  2130   26.803 x1.00] LOG  [OniBoss] Playing animation: Watch
[  2131   26.813 x1.00] LOG  [OniBoss] Playing animation: Walk
[  2304   28.119 x1.00] LOG  [OniBoss] Playing animation: run
[  2325   28.273 x1.00] LOG  [Combat] Hazard zone tick: OniBoss for 25
[  2359   28.520 x1.00] LOG  [OniBoss] Pull-band decision: RUN-IN (dist 6.2m, pullRange 0m, chance 0.50)
[  2393   28.779 x1.00] LOG  [Combat] Hazard zone tick: OniBoss for 25
[  2460   29.284 x1.00] LOG  [Combat] Hazard zone tick: OniBoss for 25
[  2709   31.034 x1.00] WARN The referenced script on this Behaviour (Game Object '<null>') is missing!
[  2709   31.034 x1.00] WARN The referenced script on this Behaviour (Game Object 'Lightning Light') is missing!
[  2709   31.034 x1.00] WARN The referenced script on this Behaviour (Game Object 'Lightning Light') is missing!
[  2810   31.804 x1.00] LOG  [OniBoss] Ranged combo started: Charge→Slam: (2 steps, dist 13.0m)
[  2810   31.804 x1.00] LOG  [OniBoss] Chase → Attack
[  2810   31.804 x1.00] LOG  [OniBoss] Attack: Oni_Charge (18 dmg)

[  2810   31.804 x1.00] TEL ────────── CHARGE ──────────
[  2810   31.804 x1.00] LOG  [OniBoss:Layer] charge begin: travel bone 'Hips' depth 1, local now (0.00, 3.05, -0.24) vs rest (0.00, 3.24, -0.24); pin ON; drive windup→rush→strike; engine Attack, AnimSpeed 1.30, clip at 0.00, dist 13.0m
[  2810   31.804 x1.00] TEL charge Windup n=0.00 spd=1.30 mult=1.00 st=Attack anim=h1349952704/Charge drift=0.00 cut=0.00 meshOff=0.24m vis bounds+0.3m pos=(472.6,398.5) dist=13.0 vel=4.5
[  2823   31.893 x1.00] TEL charge Windup n=0.07 spd=1.30 mult=1.00 st=Attack anim=h1349952704/Charge drift=0.31 cut=0.31 meshOff=0.24m vis bounds+0.1m pos=(472.6,398.5) dist=13.6 vel=0.0
[  2836   31.980 x1.00] TEL charge Windup n=0.15 spd=1.30 mult=1.30 st=Attack anim=Charge/- drift=0.95 cut=0.95 meshOff=0.24m vis bounds+0.3m pos=(472.6,398.5) dist=14.2 vel=0.0
[  2848   32.067 x1.00] TEL charge Windup n=0.22 spd=1.30 mult=1.30 st=Attack anim=Charge/- drift=1.14 cut=1.14 meshOff=0.24m vis bounds+0.4m pos=(472.6,398.5) dist=14.8 vel=0.0
[  2858   32.151 x1.00] TEL charge Windup n=0.29 spd=1.30 mult=1.30 st=Attack anim=Charge/- drift=0.53 cut=0.53 meshOff=0.24m vis bounds+0.3m pos=(472.6,398.5) dist=15.3 vel=0.0
[  2870   32.236 x1.00] TEL charge Windup n=0.36 spd=1.30 mult=1.30 st=Attack anim=Charge/- drift=4.58 cut=4.58 meshOff=0.24m vis bounds+0.1m pos=(472.6,398.5) dist=15.9 vel=0.0
[  2871   32.244 x1.00] LOG  🐾 4-LEG JUMP #0
[  2871   32.244 x1.00] LOG  🐾 Jump 1 VFX spawned!
[  2876   32.285 x1.00] LOG  [OniBoss:Layer] charge RUSH: clip frozen at 0.41, 16.2m to go at 14m/s
[  2877   32.294 x1.00] LOG  [OniBoss:Layer] charge fire trail: 'ToonFireTrail' attached to his feet for the rush.
[  2882   32.324 x1.00] TEL charge Rush   n=0.41 spd=0.00 mult=0.00 st=Attack anim=Charge/- drift=7.70 cut=7.70 meshOff=0.24m vis bounds+0.5m pos=(472.0,398.4) dist=15.9 vel=0.0
[  2892   32.410 x1.00] TEL charge Rush   n=0.41 spd=0.00 mult=0.00 st=Attack anim=Charge/- drift=7.70 cut=7.70 meshOff=0.24m vis bounds+0.5m pos=(470.9,398.3) dist=15.0 vel=0.0
[  2905   32.498 x1.00] TEL charge Rush   n=0.41 spd=0.00 mult=0.00 st=Attack anim=Charge/- drift=7.70 cut=7.70 meshOff=0.24m vis bounds+0.5m pos=(469.6,398.2) dist=14.2 vel=0.0
[  2919   32.586 x1.00] TEL charge Rush   n=0.41 spd=0.00 mult=0.00 st=Attack anim=Charge/- drift=7.70 cut=7.70 meshOff=0.24m vis bounds+0.5m pos=(468.4,398.1) dist=13.4 vel=0.0
[  2932   32.675 x1.00] TEL charge Rush   n=0.41 spd=0.00 mult=0.00 st=Attack anim=Charge/- drift=7.70 cut=7.70 meshOff=0.24m vis bounds+0.5m pos=(467.1,398.1) dist=12.5 vel=0.0
[  2939   32.724 x0.10] LOG  [TailAirShot4Leg] ENTER 4 leg, slow on for up to 3s real, waiting for the fire button, drawState=shoot_4Leg | y=1.90 ts=0.10 fdt=0.0020
[  2939   32.724 x0.10] LOG  [TailAirShot] entry refused: this airtime is not a 2 leg jump | y=1.90 ts=0.10 fdt=0.0020
[  2939   32.724 x0.10] LOG  [AirPosePin] engaged, holding body at 2.140m above the transform
[  2944   32.760 x0.10] TEL charge Rush   n=0.41 spd=0.00 mult=0.00 st=Attack anim=Charge/- drift=7.70 cut=7.70 meshOff=0.24m vis bounds+0.5m pos=(466.4,398.0) dist=12.0 vel=0.0
[  2955   32.844 x0.10] TEL charge Rush   n=0.41 spd=0.00 mult=0.00 st=Attack anim=Charge/- drift=7.70 cut=7.70 meshOff=0.24m vis bounds+0.5m pos=(466.3,398.0) dist=12.0 vel=0.0
[  2967   32.934 x0.10] TEL charge Rush   n=0.41 spd=0.00 mult=0.00 st=Attack anim=Charge/- drift=7.70 cut=7.70 meshOff=0.24m vis bounds+0.5m pos=(466.2,398.0) dist=11.9 vel=0.0
[  2981   33.020 x0.10] TEL charge Rush   n=0.41 spd=0.00 mult=0.00 st=Attack anim=Charge/- drift=7.70 cut=7.70 meshOff=0.24m vis bounds+0.5m pos=(466.0,398.0) dist=11.8 vel=0.0
[  2993   33.106 x0.10] TEL charge Rush   n=0.41 spd=0.00 mult=0.00 st=Attack anim=Charge/- drift=7.70 cut=7.70 meshOff=0.24m vis bounds+0.5m pos=(465.9,398.0) dist=11.7 vel=0.0
[  3004   33.190 x0.10] TEL charge Rush   n=0.41 spd=0.00 mult=0.00 st=Attack anim=Charge/- drift=7.70 cut=7.70 meshOff=0.24m vis bounds+0.5m pos=(465.8,398.0) dist=11.6 vel=0.0
[  3015   33.274 x0.10] TEL charge Rush   n=0.41 spd=0.00 mult=0.00 st=Attack anim=Charge/- drift=7.70 cut=7.70 meshOff=0.24m vis bounds+0.5m pos=(465.7,397.9) dist=11.6 vel=0.0
[  3024   33.336 x0.10] LOG  [TailAirShot4Leg] DRAW started | y=1.89 ts=0.10 fdt=0.0020
[  3027   33.360 x0.10] TEL charge Rush   n=0.41 spd=0.00 mult=0.00 st=Attack anim=Charge/- drift=7.70 cut=7.70 meshOff=0.24m vis bounds+0.5m pos=(465.6,397.9) dist=11.5 vel=0.0
[  3039   33.444 x0.10] TEL charge Rush   n=0.41 spd=0.00 mult=0.00 st=Attack anim=Charge/- drift=7.70 cut=7.70 meshOff=0.24m vis bounds+0.5m pos=(465.5,397.9) dist=11.4 vel=0.0
[  3048   33.509 x0.10] LOG  [TailAirShot4Leg] READY, frozen on frame 5 | y=1.88 ts=0.10 fdt=0.0020
[  3051   33.536 x0.10] TEL charge Rush   n=0.41 spd=0.00 mult=0.00 st=Attack anim=Charge/- drift=7.70 cut=7.70 meshOff=0.24m vis bounds+0.5m pos=(465.3,397.9) dist=11.3 vel=0.0
[  3062   33.624 x0.10] TEL charge Rush   n=0.41 spd=0.00 mult=0.00 st=Attack anim=Charge/- drift=7.70 cut=7.70 meshOff=0.24m vis bounds+0.5m pos=(465.2,397.9) dist=11.2 vel=0.0
[  3073   33.712 x0.10] TEL charge Rush   n=0.41 spd=0.00 mult=0.00 st=Attack anim=Charge/- drift=7.70 cut=7.70 meshOff=0.24m vis bounds+0.5m pos=(465.1,397.9) dist=11.1 vel=0.0
[  3085   33.800 x0.10] TEL charge Rush   n=0.41 spd=0.00 mult=0.00 st=Attack anim=Charge/- drift=7.70 cut=7.70 meshOff=0.24m vis bounds+0.5m pos=(465.0,397.9) dist=11.1 vel=0.0
[  3097   33.885 x0.10] TEL charge Rush   n=0.41 spd=0.00 mult=0.00 st=Attack anim=Charge/- drift=7.70 cut=7.70 meshOff=0.24m vis bounds+0.5m pos=(464.8,397.9) dist=11.0 vel=0.0
[  3109   33.974 x0.10] TEL charge Rush   n=0.41 spd=0.00 mult=0.00 st=Attack anim=Charge/- drift=7.70 cut=7.70 meshOff=0.24m vis bounds+0.5m pos=(464.7,397.9) dist=10.9 vel=0.0
[  3119   34.060 x0.10] TEL charge Rush   n=0.41 spd=0.00 mult=0.00 st=Attack anim=Charge/- drift=7.70 cut=7.70 meshOff=0.24m vis bounds+0.5m pos=(464.6,397.9) dist=10.8 vel=0.0
[  3130   34.148 x0.10] TEL charge Rush   n=0.41 spd=0.00 mult=0.00 st=Attack anim=Charge/- drift=7.70 cut=7.70 meshOff=0.24m vis bounds+0.5m pos=(464.5,397.9) dist=10.7 vel=0.0
[  3141   34.235 x0.10] TEL charge Rush   n=0.41 spd=0.00 mult=0.00 st=Attack anim=Charge/- drift=7.70 cut=7.70 meshOff=0.24m vis bounds+0.5m pos=(464.3,397.9) dist=10.6 vel=0.0
[  3152   34.319 x0.10] TEL charge Rush   n=0.41 spd=0.00 mult=0.00 st=Attack anim=Charge/- drift=7.70 cut=7.70 meshOff=0.24m vis bounds+0.5m pos=(464.2,397.8) dist=10.6 vel=0.0
[  3164   34.406 x0.10] TEL charge Rush   n=0.41 spd=0.00 mult=0.00 st=Attack anim=Charge/- drift=7.70 cut=7.70 meshOff=0.24m vis bounds+0.5m pos=(464.1,397.8) dist=10.5 vel=0.0
[  3176   34.494 x0.10] TEL charge Rush   n=0.41 spd=0.00 mult=0.00 st=Attack anim=Charge/- drift=7.70 cut=7.70 meshOff=0.24m vis bounds+0.5m pos=(464.0,397.8) dist=10.4 vel=0.0
[  3187   34.584 x0.10] TEL charge Rush   n=0.41 spd=0.00 mult=0.00 st=Attack anim=Charge/- drift=7.70 cut=7.70 meshOff=0.24m vis bounds+0.5m pos=(463.9,397.8) dist=10.3 vel=0.0
[  3200   34.674 x0.10] TEL charge Rush   n=0.41 spd=0.00 mult=0.00 st=Attack anim=Charge/- drift=7.70 cut=7.70 meshOff=0.24m vis bounds+0.5m pos=(463.7,397.8) dist=10.2 vel=0.0
[  3211   34.760 x0.10] TEL charge Rush   n=0.41 spd=0.00 mult=0.00 st=Attack anim=Charge/- drift=7.70 cut=7.70 meshOff=0.24m vis bounds+0.5m pos=(463.6,397.8) dist=10.1 vel=0.0
[  3215   34.794 x0.10] LOG  [OniBoss:Layer] charge STRIKE: timed out after 2.51s at 8.7m — clip 0.41 → 0.58 (blend 0.10s), strike moment 0.76, Yoru 10.1m away
[  3221   34.844 x0.10] TEL charge Strike n=0.58 spd=1.00 mult=1.00 st=Attack anim=Charge/Charge drift=8.28 cut=8.28 meshOff=0.24m vis bounds+0.5m pos=(463.6,397.8) dist=10.1 vel=0.0
[  3233   34.931 x0.10] TEL charge Strike n=0.59 spd=1.00 mult=1.00 st=Attack anim=Charge/Charge drift=9.24 cut=9.24 meshOff=0.24m vis bounds+0.3m pos=(463.6,397.8) dist=10.2 vel=0.0
[  3244   35.015 x0.10] TEL charge Strike n=0.59 spd=1.00 mult=1.00 st=Attack anim=Charge/Charge drift=10.15 cut=10.15 meshOff=0.24m vis bounds+0.2m pos=(463.6,397.8) dist=10.2 vel=0.0
[  3256   35.100 x0.10] TEL charge Strike n=0.60 spd=1.00 mult=1.00 st=Attack anim=Charge/Charge drift=11.04 cut=11.04 meshOff=0.24m vis bounds+0.1m pos=(463.6,397.8) dist=10.3 vel=0.0
[  3267   35.185 x0.10] TEL charge Strike n=0.60 spd=1.00 mult=1.00 st=Attack anim=Charge/Charge drift=11.91 cut=11.91 meshOff=0.24m vis bounds+0.2m pos=(463.6,397.8) dist=10.3 vel=0.0
[  3279   35.268 x0.10] TEL charge Strike n=0.61 spd=1.00 mult=1.00 st=Attack anim=Charge/Charge drift=12.73 cut=12.73 meshOff=0.24m vis bounds+0.4m pos=(463.6,397.8) dist=10.3 vel=0.0
[  3291   35.354 x0.10] TEL charge Strike n=0.62 spd=1.00 mult=1.00 st=Attack anim=Charge/Charge drift=13.53 cut=13.53 meshOff=0.24m vis bounds+0.4m pos=(463.6,397.8) dist=10.4 vel=0.0
[  3303   35.444 x0.10] TEL charge Strike n=0.62 spd=1.00 mult=1.00 st=Attack anim=Charge/Charge drift=14.35 cut=14.35 meshOff=0.24m vis bounds+0.4m pos=(463.6,397.8) dist=10.4 vel=0.0
[  3309   35.485 x0.10] LOG  [TailAirShot4Leg] SHOT released (released from ready pose) | y=1.23 ts=0.10 fdt=0.0020
[  3316   35.534 x0.10] TEL charge Strike n=0.63 spd=1.00 mult=1.00 st=Attack anim=Charge/Charge drift=15.12 cut=15.12 meshOff=0.24m vis bounds+0.4m pos=(463.6,397.8) dist=10.5 vel=0.0
[  3329   35.624 x0.10] TEL charge Strike n=0.63 spd=1.00 mult=1.00 st=Attack anim=Charge/- drift=15.24 cut=15.24 meshOff=0.24m vis bounds+0.4m pos=(463.6,397.8) dist=10.5 vel=0.0
[  3333   35.649 x0.10] LOG  [TailAirShot4Leg] FIRE, arrow away, dir=(0.95, -0.29, 0.09) damage=40 (20 x 2.00) | y=1.13 ts=0.10 fdt=0.0020
[  3341   35.710 x0.10] TEL charge Strike n=0.64 spd=1.00 mult=1.00 st=Attack anim=Charge/- drift=15.34 cut=15.34 meshOff=0.24m vis bounds+0.4m pos=(463.6,397.8) dist=10.5 vel=0.0
[  3344   35.735 x1.00] LOG  [TailAirShot4Leg] FINISHER (slow timer ran out mid motion), motion completes and fires | y=1.08 ts=1.00 fdt=0.0200
[  3352   35.794 x1.00] TEL charge Strike n=0.68 spd=1.00 mult=1.00 st=Attack anim=Charge/- drift=15.97 cut=15.97 meshOff=0.24m vis bounds+0.4m pos=(463.6,397.8) dist=10.7 vel=0.0
[  3365   35.880 x1.00] TEL charge Strike n=0.73 spd=1.00 mult=1.00 st=Attack anim=Charge/- drift=16.61 cut=16.61 meshOff=0.24m vis bounds+0.4m pos=(463.6,397.8) dist=11.2 vel=0.0
[  3368   35.900 x1.00] LOG  💨 Landing VFX spawned!
[  3368   35.900 x1.00] LOG  ✅ LANDED! (was jump #1)
[  3368   35.900 x1.00] LOG  [AirPosePin] released, peak correction was 0.000m
[  3372   35.930 x1.00] LOG  [CameraGameFeel] Shake: intensity=0.45 duration=0.350s
[  3372   35.930 x1.00] LOG  [OniBoss] Attack missed, player out of range (11.3m > 3.5m)
[  3378   35.967 x1.00] TEL charge Strike n=0.79 spd=1.00 mult=1.00 st=Attack anim=Charge/- drift=17.11 cut=17.11 meshOff=0.24m vis bounds+0.4m pos=(463.6,397.8) dist=11.3 vel=0.0
[  3388   36.051 x1.00] TEL charge Strike n=0.84 spd=1.00 mult=1.00 st=Attack anim=Charge/- drift=17.54 cut=17.54 meshOff=0.24m vis bounds+0.3m pos=(463.6,397.8) dist=11.3 vel=0.0
[  3389   36.057 x1.00] LOG  OniBoss took 40 damage. HP: 2039/2500
[  3389   36.057 x1.00] LOG  [OniBoss] Attack → Stagger
[  3389   36.057 x1.00] LOG  [OniBoss] Playing animation: Stagger
[  3389   36.057 x1.00] LOG  [OniBoss] STAGGERED for 2.5s
[  3389   36.057 x1.00] LOG  [OniBoss:Layer] heavy knock-back react (40 dmg) → 'HitReact_Heavy', down for 1.80s
[  3389   36.057 x1.00] LOG  [OniReactTrace] #6 HEAVY (0 dmg) asked for 'HitReact_Heavy': crossfade 0.08s, animator speed 1.35, world x1.00
[  3389   36.057 x1.00] LOG  [Momentum] 0 -> 1 (hit), speed x1.05, damage x1.05, impact x1.05
[  3389   36.057 x1.00] LOG  [CameraGameFeel] Shake: intensity=0.06 duration=0.080s
[  3389   36.057 x1.00] LOG  [OniBoss:Layer] charge complete: engine left Attack (now Stagger) during Strike
[  3390   36.066 x1.00] LOG  [OniBoss:Layer] charge fire trail: released — burns out over 3.8s where the rush ended.
[  3390   36.066 x1.00] LOG  [OniReactTrace] #6 +0.01s state SOMETHING ELSE, clip on his bones 'Take 001' weight 0.86, blending INTO 'HitReact_Heavy', layer weight 1.00, animator speed 1.35, world x1.00, engine Stagger
[  3394   36.104 x1.00] LOG  [OniBoss:Layer] charge end (clip left the animator) after 4.30s real: pin measured 584 frames, cancelled on 580, max raw drift 17.54m, max cancelled 17.54m — travel WAS baked in, pin held it
[  3396   36.117 x1.00] LOG  [TailAirShot4Leg] finisher done, fully idle | y=-0.02 ts=1.00 fdt=0.0200
[  3402   36.164 x1.00] LOG  [OniReactTrace] #6 +0.11s state 'HitReact_Heavy' at 9 % of its 1.11s, clip on his bones 'Take 001' weight 1.00, layer weight 1.00, animator speed 1.35, world x1.00, engine Stagger
[  3420   36.301 x1.00] LOG  🚶 2-LEG JUMP
[  3420   36.301 x1.00] LOG  🐾 Jump 1 VFX spawned!
[  3421   36.308 x1.00] LOG  [OniReactTrace] #6 +0.25s state 'HitReact_Heavy' at 22 % of its 1.11s, clip on his bones 'Take 001' weight 1.00, layer weight 1.00, animator speed 1.35, world x1.00, engine Stagger
[  3449   36.507 x1.00] LOG  [OniReactTrace] #6 +0.45s state 'HitReact_Heavy' at 40 % of its 1.11s, clip on his bones 'Take 001' weight 1.00, layer weight 1.00, animator speed 1.35, world x1.00, engine Stagger
[  3473   36.695 x1.00] LOG  [TailAirShot4Leg] entry refused: this airtime is not a 4 leg jump | y=1.82 ts=1.00 fdt=0.0200
[  3473   36.695 x0.10] LOG  [TailAirShot] ENTER, slow on, waiting for RMB, drawState=RightTail_Fast | y=1.82 ts=0.10 fdt=0.0020
[  3473   36.695 x0.10] LOG  [AirPosePin] engaged, holding body at 2.058m above the transform
[  3482   36.761 x0.10] LOG  [OniReactTrace] #6 +0.70s state 'HitReact_Heavy' at 58 % of its 1.11s, clip on his bones 'Take 001' weight 1.00, layer weight 1.00, animator speed 1.35, world x0.10, engine Stagger
[  3493   36.836 x0.10] LOG  [TailAirShot] DRAW started | y=1.84 ts=0.10 fdt=0.0020
[  3508   36.941 x0.10] LOG  [TailAirShot] READY, frozen on frame 4 | y=1.86 ts=0.10 fdt=0.0020
[  3517   37.010 x0.10] LOG  [OniReactTrace] #6 +0.95s state 'HitReact_Heavy' at 60 % of its 1.11s, clip on his bones 'Take 001' weight 1.00, layer weight 1.00, animator speed 1.35, world x0.10, engine Stagger
[  3517   37.010 x0.10] LOG  [OniReactTrace] #6 HEAVY verdict: played to 60 % of the clip, so the reaction IS on screen and what is missing is movement inside the clip itself
[  3591   37.555 x0.10] LOG  [TailAirShot] SHOT released (released from ready pose) | y=1.91 ts=0.10 fdt=0.0020
[  3615   37.736 x0.10] LOG  [TailAirShot] FIRE, arrow away, dir=(0.99, -0.12, 0.05) | y=1.91 ts=0.10 fdt=0.0020
[  3631   37.851 x1.00] LOG  [TailAirShot] FINISHER (R released mid motion), motion completes and fires | y=1.91 ts=1.00 fdt=0.0200
[  3688   38.275 x1.00] LOG  💨 Landing VFX spawned!
[  3688   38.275 x1.00] LOG  ✅ LANDED! (was jump #1)
[  3688   38.275 x1.00] LOG  [AirPosePin] released, peak correction was 0.071m
[  3700   38.365 x1.00] LOG  OniBoss punish window! 20 → 30 (x1.5)
[  3700   38.365 x1.00] LOG  OniBoss took 30 damage. HP: 2009/2500
[  3700   38.365 x1.00] LOG  [Momentum] 1 -> 2 (hit), speed x1.10, damage x1.10, impact x1.10
[  3700   38.365 x1.00] LOG  [CameraGameFeel] Shake: intensity=0.06 duration=0.080s
[  3704   38.401 x1.00] LOG  [TailAirShot] finisher done, fully idle | y=-0.02 ts=1.00 fdt=0.0200
[  3772   38.900 x1.00] LOG  [OniBoss] Stagger → Chase
[  3773   38.907 x1.00] LOG  [OniBoss] Playing animation: run
[  3804   39.150 x1.00] LOG  [OniBoss] Pull-band decision: RUN-IN (dist 9.0m, pullRange 0m, chance 0.50)
[  3838   39.395 x1.00] LOG  🐾 4-LEG JUMP #0
[  3838   39.395 x1.00] LOG  🐾 Jump 1 VFX spawned!
[  3866   39.615 x0.10] LOG  [TailAirShot4Leg] ENTER 4 leg, slow on for up to 3s real, waiting for the fire button, drawState=shoot_4Leg | y=1.29 ts=0.10 fdt=0.0020
[  3866   39.615 x0.10] LOG  [TailAirShot] entry refused: this airtime is not a 2 leg jump | y=1.29 ts=0.10 fdt=0.0020
[  3866   39.615 x0.10] LOG  [AirPosePin] engaged, holding body at 0.592m above the transform
[  3891   39.808 x0.10] LOG  [TailAirShot4Leg] DRAW started | y=1.38 ts=0.10 fdt=0.0020
[  3915   39.986 x0.10] LOG  [TailAirShot4Leg] READY, frozen on frame 5 | y=1.45 ts=0.10 fdt=0.0020
[  3979   40.467 x0.10] LOG  [TailAirShot4Leg] SHOT released (released from ready pose) | y=1.62 ts=0.10 fdt=0.0020
[  4004   40.636 x0.10] LOG  [TailAirShot4Leg] FIRE, arrow away, dir=(0.91, -0.22, 0.35) damage=40 (20 x 2.00) | y=1.67 ts=0.10 fdt=0.0020
[  4009   40.677 x0.10] LOG  OniBoss took 40 damage. HP: 1969/2500
[  4009   40.677 x0.10] LOG  [OniBoss] Chase → Stagger
[  4009   40.677 x0.10] LOG  [OniBoss] Playing animation: Stagger
[  4009   40.677 x0.10] LOG  [OniBoss] STAGGERED for 2.5s
[  4009   40.677 x0.10] LOG  [OniBoss:Layer] heavy knock-back react (40 dmg) → 'HitReact_Heavy', down for 1.80s
[  4009   40.677 x0.10] LOG  [OniReactTrace] #7 HEAVY (0 dmg) asked for 'HitReact_Heavy': crossfade 0.08s, animator speed 1.35, world x0.10
[  4009   40.677 x0.10] LOG  [Momentum] 2 -> 3 (hit), speed x1.15, damage x1.15, impact x1.15
[  4009   40.677 x0.10] LOG  [CameraGameFeel] Shake: intensity=0.06 duration=0.080s
[  4010   40.685 x0.10] LOG  [OniReactTrace] #7 +0.01s state SOMETHING ELSE, clip on his bones 'Take 001' weight 0.97, blending INTO 'HitReact_Heavy', layer weight 1.00, animator speed 1.35, world x0.10, engine Stagger
[  4022   40.777 x0.10] LOG  [OniReactTrace] #7 +0.10s state SOMETHING ELSE, clip on his bones 'Take 001' weight 0.77, blending INTO 'HitReact_Heavy', layer weight 1.00, animator speed 1.35, world x0.10, engine Stagger
[  4043   40.927 x0.10] LOG  [OniReactTrace] #7 +0.25s state SOMETHING ELSE, clip on his bones 'Take 001' weight 0.44, blending INTO 'HitReact_Heavy', layer weight 1.00, animator speed 1.35, world x0.10, engine Stagger
[  4066   41.096 x0.10] LOG  [TailAirShot4Leg] back to slow, ready for next shot, 1.52s of slow left | y=1.79 ts=0.10 fdt=0.0020
[  4071   41.128 x0.10] LOG  [OniReactTrace] #7 +0.45s state 'HitReact_Heavy' at 4 % of its 1.11s, clip on his bones 'Take 001' weight 1.00, layer weight 1.00, animator speed 1.35, world x0.10, engine Stagger
[  4103   41.377 x0.10] LOG  [OniReactTrace] #7 +0.70s state 'HitReact_Heavy' at 6 % of its 1.11s, clip on his bones 'Take 001' weight 1.00, layer weight 1.00, animator speed 1.35, world x0.10, engine Stagger
[  4109   41.427 x1.00] LOG  [TailAirShot4Leg] EXIT (R released, nothing drawn) | y=1.85 ts=1.00 fdt=0.0200
[  4109   41.427 x1.00] LOG  [AirPosePin] released, peak correction was -0.994m
[  4135   41.627 x1.00] LOG  [OniReactTrace] #7 +0.95s state 'HitReact_Heavy' at 24 % of its 1.11s, clip on his bones 'Take 001' weight 1.00, layer weight 1.00, animator speed 1.35, world x1.00, engine Stagger
[  4135   41.627 x1.00] LOG  [OniReactTrace] #7 HEAVY verdict: CUT SHORT at 24 % of the clip
[  4183   41.976 x1.00] LOG  💨 Landing VFX spawned!
[  4183   41.976 x1.00] LOG  ✅ LANDED! (was jump #1)
[  4274   42.632 x1.00] WARN The referenced script on this Behaviour (Game Object '<null>') is missing!
[  4274   42.632 x1.00] WARN The referenced script on this Behaviour (Game Object 'Lightning Light') is missing!
[  4274   42.632 x1.00] WARN The referenced script on this Behaviour (Game Object 'Lightning Light') is missing!
[  4340   43.158 x1.00] LOG  [OniBoss] Stagger → Chase
[  4341   43.166 x1.00] LOG  [OniBoss] Pull-band decision: RUN-IN (dist 6.7m, pullRange 0m, chance 0.50)
[  4341   43.166 x1.00] LOG  [OniBoss] Playing animation: run
[  4435   43.857 x1.00] LOG  [Momentum] 3 -> 2 (drain), speed x1.10, damage x1.10, impact x1.10
[  4503   44.331 x1.00] LOG  🐾 4-LEG JUMP #0
[  4503   44.331 x1.00] LOG  🐾 Jump 1 VFX spawned!
[  4507   44.357 x1.00] LOG  [Momentum] 2 -> 1 (drain), speed x1.05, damage x1.05, impact x1.05
[  4521   44.457 x1.00] LOG  [ComboTrace] LAUNCH OniBoss at 2.2m dist=2.24m in 0.22s [AIRBORNE]
[  4521   44.457 x1.00] LOG  [Combat] Aerial spin, 25 dmg
[  4521   44.457 x1.00] LOG  [YoruVFX] Air spin: 'VFX_Void_Burst_AirSpinYoru' at CenterVFX, 46 systems, longest 1.00s fitted to 0.79s at speed 1.27, 8 forced Local, 38 delays zeroed, tail 2.37s
[  4521   44.457 x1.00] LOG  [AirPosePin] engaged, holding body at 0.544m above the transform
[  4522   44.467 x1.00] LOG  [OniBoss] Playing animation: Idle
[  4522   44.467 x1.00] LOG  [OniBoss] Combo started: swing1-2 (2 steps remaining)
[  4522   44.467 x1.00] LOG  [OniBoss] Chase → Attack
[  4522   44.467 x1.00] LOG  [OniBoss] Attack: Club_Swing (16 dmg)
[  4522   44.467 x1.00] LOG  [OniBoss:Trail] Club_Swing trail START at clip 1.00 (transition done).
[  4540   44.611 x1.00] LOG  OniBoss took 10 damage. HP: 1959/2500
[  4540   44.611 x1.00] LOG  [OniBoss] 🤕 Hit during Attack — flash only
[  4540   44.611 x1.00] LOG  [Momentum] 1 -> 2 (hit), speed x1.10, damage x1.10, impact x1.10
[  4540   44.611 x1.00] LOG  [CameraGameFeel] Shake: intensity=0.06 duration=0.080s
[  4540   44.611 x1.00] LOG  [CameraGameFeel] Shake: intensity=0.55 duration=0.200s
[  4540   44.611 x1.00] LOG  [CameraGameFeel] FOV punch: hit light (+1.5°)
[  4549   44.686 x1.00] LOG  [ComboTrace] LAUNCH RESULT wanted=2.24m actually moved=1.68m, completed
[  4559   44.766 x1.00] LOG  OniBoss took 11 damage. HP: 1948/2500
[  4559   44.766 x1.00] LOG  [OniBoss] 🤕 Hit during Attack — flash only
[  4559   44.766 x1.00] LOG  [CameraGameFeel] Shake: intensity=0.19 duration=0.200s
[  4567   44.847 x1.00] LOG  [CameraGameFeel] Shake: intensity=0.20 duration=0.250s
[  4567   44.847 x1.00] LOG  [Peach] light hit 16 dmg: 2 bites. 7/16 bites = 1.75 of 4 peaches
[  4567   44.847 x1.00] LOG  [Momentum] 2 -> 1 (light hit taken, 50% = -1), speed x1.05, damage x1.05, impact x1.05
[  4567   44.847 x1.00] LOG  [YoruVFX] Spin VFX stopped, fading for 2.37s
[  4567   44.847 x1.00] LOG  [Combat] Combo memory: light hit, keeping step 3
[  4567   44.847 x1.00] LOG  [Combat] Hit react: HitReact_Light_2Leg (0.5s, clip starts at 0.35s)
[  4567   44.847 x1.00] LOG  [CameraGameFeel] Shake: intensity=0.30 duration=0.200s
[  4567   44.847 x1.00] LOG  [CameraGameFeel] FOV punch: player damage (-2.0°)
[  4567   44.847 x1.00] LOG  [OniBoss] Hit player for 16 (Club_Swing)
[  4567   44.847 x1.00] LOG  [OniBoss:Touch] Club_Swing: club TOUCHED Yoru at clip 0.39, shaft 0.63m from her body line, head 0.49 along the club, tip 1.76m up, tip speed 160m/s. Full club hit delivered this frame.
[  4568   44.856 x1.00] LOG  [HitReactTrace] asked for 'HitReact_Light_2Leg' (0.50s, clip start 0.35s): NOT playing it, another state took the combat layer, blend resolved after 10 ms, state 0.79s long at speed 0.80, now at 0.34s, layer weight 1.00, animator.speed 1.00.
[  4571   44.886 x1.00] LOG  [OniBoss:ClubPos] Club_Swing at strike: club tip 3.04m up, 1.67m in front, -3.24m to his right (3.65m out from his centre). Club faces -100deg from his forward, pitch 0.41. (the ground wave is born 1.6m in front of him at 0.35m.)
[  4571   44.886 x1.00] LOG  [OniBoss:Layer] Club_Swing: club already hit — ground wave released as VISUAL only (0 damage).
[  4618   45.268 x1.00] LOG  💨 Landing VFX spawned!
[  4618   45.268 x1.00] LOG  [AirPosePin] released, peak correction was 0.000m
[  4629   45.349 x1.00] LOG  ✅ LANDED! (was jump #0)
[  4630   45.356 x1.00] LOG  [OniBoss] Attack → Recovery
[  4630   45.356 x1.00] LOG  [OniBoss] Playing animation: Watch
[  4630   45.356 x1.00] LOG  [OniBoss:Trail] trail END at clip 0.99, fading over 0.40s.
[  4630   45.356 x1.00] LOG  [OniBoss:Strike] Club_Swing: club tip closest to Yoru at 0.36m, clip position 0.85 | damage fires at 0.42 | clip 0.84s => damage fires 358 ms BEFORE the club is closest
[  4636   45.401 x1.00] LOG  [StormWeather] ⚡ strike at (471.84, 45.00, 451.56)
[  4643   45.475 x1.00] LOG  🚶 2-LEG JUMP
[  4643   45.475 x1.00] LOG  🐾 Jump 1 VFX spawned!
[  4648   45.507 x1.00] LOG  [OniBoss] Recovery → Attack
[  4648   45.507 x1.00] LOG  [OniBoss] Attack: ClubSwing2 (16 dmg)
[  4648   45.507 x1.00] LOG  [OniBoss:Trail] ClubSwing2 trail START at clip 1.00 (transition still blending).
[  4674   45.695 x1.00] LOG  [ComboTrace] LAUNCH OniBoss at 0.5m dist=0.51m in 0.13s [AIRBORNE]
[  4674   45.695 x1.00] LOG  [Combat] Aerial spin, 25 dmg
[  4674   45.695 x1.00] LOG  [YoruVFX] Air spin: 'VFX_Void_Burst_AirSpinYoru' at CenterVFX, 46 systems, longest 1.00s fitted to 0.79s at speed 1.27, 8 forced Local, 38 delays zeroed, tail 2.37s
[  4674   45.695 x1.00] LOG  OniBoss took 10 damage. HP: 1938/2500
[  4674   45.695 x1.00] LOG  [OniBoss] 🤕 Hit during Attack — flash only
[  4674   45.695 x1.00] LOG  [Momentum] 1 -> 2 (hit), speed x1.10, damage x1.10, impact x1.10
[  4674   45.695 x1.00] LOG  [CameraGameFeel] Shake: intensity=0.06 duration=0.080s
[  4674   45.695 x1.00] LOG  [CameraGameFeel] Shake: intensity=0.55 duration=0.200s
[  4674   45.695 x1.00] LOG  [CameraGameFeel] FOV punch: hit light (+1.5°)
[  4674   45.695 x1.00] LOG  [AirPosePin] engaged, holding body at 1.139m above the transform
[  4691   45.831 x1.00] LOG  [ComboTrace] LAUNCH RESULT wanted=0.51m actually moved=0.05m, completed
[  4694   45.852 x1.00] LOG  OniBoss took 11 damage. HP: 1927/2500
[  4694   45.852 x1.00] LOG  [OniBoss] 🤕 Hit during Attack — flash only
[  4694   45.852 x1.00] LOG  [CameraGameFeel] Shake: intensity=0.19 duration=0.200s
[  4705   45.939 x1.00] LOG  [OniBoss:ClubPos] ClubSwing2 at strike: club tip 0.05m up, 1.93m in front, 2.28m to his right (2.98m out from his centre). Club faces -1deg from his forward, pitch -0.87. (the ground wave is born 1.6m in front of him at 0.35m.)
[  4705   45.939 x1.00] LOG  [OniBoss:Layer] ClubSwing2: club has not connected — ground wave released ARMED, 1.6m in front, 12m/s x 12.0m = 1.00s, COMBO FINISHER: FULL 24 damage, x2.0 size, x2.0 travel.
[  4713   46.009 x1.00] LOG  OniBoss took 11 damage. HP: 1916/2500
[  4713   46.009 x1.00] LOG  [OniBoss] 🤕 Hit during Attack — flash only
[  4713   46.009 x1.00] LOG  [OniBoss] Attack → Stagger
[  4713   46.009 x1.00] LOG  [OniBoss] Playing animation: Stagger
[  4713   46.009 x1.00] LOG  [OniBoss] STAGGERED for 2.5s
[  4713   46.009 x1.00] LOG  [OniBoss:Layer] heavy knock-back react (swirl burst, 3 hits / 32 dmg) → 'HitReact_Heavy', down for 1.80s
[  4713   46.009 x1.00] LOG  [OniReactTrace] #8 HEAVY (0 dmg) asked for 'HitReact_Heavy': crossfade 0.08s, animator speed 1.35, world x1.00
[  4713   46.009 x1.00] LOG  [OniBoss:Layer] burst: 3 hits / 32 dmg inside 0.8s → knock-back + 0.90m push
[  4713   46.009 x1.00] LOG  [Momentum] 2 -> 3 (hit), speed x1.15, damage x1.15, impact x1.15
[  4713   46.009 x1.00] LOG  [CameraGameFeel] Shake: intensity=0.06 duration=0.080s
[  4713   46.009 x1.00] LOG  [CameraGameFeel] Shake: intensity=0.20 duration=0.200s
[  4713   46.009 x1.00] LOG  [OniBoss:Touch] ClubSwing2: no touch this swing, closest 1.39m at clip 0.27 (head 0.52 along the club), fastest tip 110m/s (radius 0.70, min speed 50, max tip height 2.5m).
[  4713   46.009 x1.00] LOG  [OniBoss:Strike] ClubSwing2: club tip closest to Yoru at 2.48m, clip position 0.29 | damage fires at 0.32 | clip 1.17s => damage fires 37 ms AFTER the club is closest — it lands once the club has passed her
[  4714   46.018 x1.00] LOG  [OniBoss:Trail] trail END at clip 0.38, fading over 0.40s.
[  4714   46.018 x1.00] LOG  [OniReactTrace] #8 +0.01s state SOMETHING ELSE, clip on his bones 'Take 001' weight 0.72, blending INTO 'HitReact_Heavy', layer weight 1.00, animator speed 1.35, world x1.00, engine Stagger
[  4726   46.109 x1.00] LOG  [OniReactTrace] #8 +0.10s state 'HitReact_Heavy' at 8 % of its 1.11s, clip on his bones 'Take 001' weight 1.00, layer weight 1.00, animator speed 1.35, world x1.00, engine Stagger
[  4732   46.161 x1.00] LOG  OniBoss punish window! 12 → 18 (x1.5)
[  4732   46.161 x1.00] LOG  OniBoss took 18 damage. HP: 1898/2500
[  4732   46.161 x1.00] LOG  [CameraGameFeel] Shake: intensity=0.20 duration=0.200s
[  4744   46.259 x1.00] LOG  [OniReactTrace] #8 +0.25s state 'HitReact_Heavy' at 22 % of its 1.11s, clip on his bones 'Take 001' weight 1.00, layer weight 1.00, animator speed 1.35, world x1.00, engine Stagger
[  4751   46.317 x1.00] LOG  OniBoss punish window! 12 → 18 (x1.5)
[  4751   46.317 x1.00] LOG  OniBoss took 18 damage. HP: 1880/2500
[  4751   46.317 x1.00] LOG  [Momentum] 3 -> 4 (hit), speed x1.20, damage x1.20, impact x1.20
[  4751   46.317 x1.00] LOG  [CameraGameFeel] Shake: intensity=0.06 duration=0.080s
[  4751   46.317 x1.00] LOG  [CameraGameFeel] Shake: intensity=0.21 duration=0.200s
[  4762   46.410 x1.00] LOG  💨 Landing VFX spawned!
[  4762   46.410 x1.00] LOG  ✅ LANDED! (was jump #1)
[  4762   46.410 x1.00] LOG  [AirPosePin] released, peak correction was 0.000m
[  4764   46.426 x1.00] LOG  [YoruVFX] Spin VFX stopped, fading for 2.37s
[  4767   46.450 x1.00] LOG  🚶 2-LEG JUMP
[  4767   46.450 x1.00] LOG  🐾 Jump 1 VFX spawned!
[  4767   46.450 x1.00] LOG  [ComboTrace] END step=3 clipProgress=0.90 clipLen=0.79s queued=0 elapsed=0.76s
[  4769   46.466 x1.00] LOG  [OniReactTrace] #8 +0.46s state 'HitReact_Heavy' at 40 % of its 1.11s, clip on his bones 'Take 001' weight 1.00, layer weight 1.00, animator speed 1.35, world x1.00, engine Stagger
[  4799   46.709 x1.00] LOG  [OniReactTrace] #8 +0.70s state 'HitReact_Heavy' at 62 % of its 1.11s, clip on his bones 'Take 001' weight 1.00, layer weight 1.00, animator speed 1.35, world x1.00, engine Stagger
[  4801   46.727 x1.00] LOG  [ComboTrace] LAUNCH OniBoss at 2.1m dist=2.11m in 0.21s [AIRBORNE]
[  4801   46.727 x1.00] LOG  [Combat] Aerial spin, 25 dmg
[  4801   46.727 x1.00] LOG  [YoruVFX] Air spin: 'VFX_Void_Burst_AirSpinYoru' at CenterVFX, 46 systems, longest 1.00s fitted to 0.79s at speed 1.27, 8 forced Local, 38 delays zeroed, tail 2.37s
[  4801   46.727 x1.00] LOG  [AirPosePin] engaged, holding body at 1.297m above the transform
[  4821   46.886 x1.00] LOG  OniBoss punish window! 12 → 18 (x1.5)
[  4821   46.886 x1.00] LOG  OniBoss took 18 damage. HP: 1862/2500
[  4821   46.886 x1.00] LOG  [Momentum] 4 -> 5 (hit), speed x1.25, damage x1.25, impact x1.25
[  4821   46.886 x1.00] LOG  [CameraGameFeel] Shake: intensity=0.14 duration=0.080s
[  4821   46.886 x1.00] LOG  [CameraGameFeel] Shake: intensity=0.63 duration=0.200s
[  4821   46.886 x1.00] LOG  [CameraGameFeel] FOV punch: hit light (+1.5°)
[  4828   46.943 x1.00] LOG  [OniBoss:Wave] armed wave expired UNTOUCHED — closest 0.07m to Yoru (hit width 3.20), she was AIRBORNE at the closest moment.
[  4828   46.943 x1.00] LOG  [ComboTrace] LAUNCH RESULT wanted=2.11m actually moved=1.56m, completed
[  4830   46.960 x1.00] LOG  [OniReactTrace] #8 +0.95s state 'HitReact_Heavy' at 80 % of its 1.11s, clip on his bones 'Take 001' weight 1.00, layer weight 1.00, animator speed 1.35, world x1.00, engine Stagger
[  4830   46.960 x1.00] LOG  [OniReactTrace] #8 HEAVY verdict: played to 80 % of the clip, so the reaction IS on screen and what is missing is movement inside the clip itself
[  4839   47.036 x1.00] LOG  OniBoss punish window! 12 → 18 (x1.5)
[  4839   47.036 x1.00] LOG  OniBoss took 18 damage. HP: 1844/2500
[  4839   47.036 x1.00] LOG  [CameraGameFeel] Shake: intensity=0.22 duration=0.200s
[  4858   47.187 x1.00] LOG  OniBoss punish window! 12 → 18 (x1.5)
[  4858   47.187 x1.00] LOG  OniBoss took 18 damage. HP: 1826/2500
[  4858   47.187 x1.00] LOG  [Momentum] 5 -> 6 (hit), speed x1.30, damage x1.30, impact x1.30
[  4858   47.187 x1.00] LOG  [CameraGameFeel] Shake: intensity=0.06 duration=0.080s
[  4858   47.187 x1.00] LOG  [CameraGameFeel] Shake: intensity=0.23 duration=0.200s
[  4885   47.390 x1.00] LOG  💨 Landing VFX spawned!
[  4885   47.390 x1.00] LOG  ✅ LANDED! (was jump #1)
[  4885   47.390 x1.00] LOG  [AirPosePin] released, peak correction was 0.000m
[  4896   47.470 x1.00] LOG  [YoruVFX] Spin VFX stopped, fading for 2.37s
[  4901   47.502 x1.00] LOG  [ComboTrace] END step=3 clipProgress=0.90 clipLen=0.79s queued=0 elapsed=0.77s
[  4916   47.628 x1.00] LOG  🚶 2-LEG JUMP
[  4916   47.628 x1.00] LOG  🐾 Jump 1 VFX spawned!
[  4939   47.817 x1.00] LOG  [OniBoss] Stagger → Chase
[  4940   47.827 x1.00] LOG  [ComboTrace] LAUNCH OniBoss at 2.1m dist=2.06m in 0.21s [AIRBORNE]
[  4940   47.827 x1.00] LOG  [Combat] Aerial spin, 25 dmg
[  4940   47.827 x1.00] LOG  [YoruVFX] Air spin: 'VFX_Void_Burst_AirSpinYoru' at CenterVFX, 46 systems, longest 1.00s fitted to 0.79s at speed 1.27, 8 forced Local, 38 delays zeroed, tail 2.37s
[  4940   47.827 x1.00] LOG  [OniBoss] Playing animation: Idle
[  4940   47.827 x1.00] LOG  [OniBoss] Chase → Attack
[  4940   47.827 x1.00] LOG  [OniBoss] Attack: ClubSwing2 (16 dmg)
[  4940   47.827 x1.00] LOG  [OniBoss:Trail] ClubSwing2 trail START at clip 1.00 (transition done).
[  4940   47.827 x1.00] LOG  [AirPosePin] engaged, holding body at 0.981m above the transform
[  4942   47.845 x1.00] LOG  [OniBoss:Layer] step-in: 'ClubSwing2' closed 0.06m, Yoru now 3.0m away (range 3.5)
[  4958   47.977 x1.00] LOG  OniBoss took 13 damage. HP: 1813/2500
[  4958   47.977 x1.00] LOG  [OniBoss] 🤕 Hit during Attack — flash only
[  4958   47.977 x1.00] LOG  [Momentum] 6 -> 7 (hit), speed x1.35, damage x1.35, impact x1.35
[  4958   47.977 x1.00] LOG  [CameraGameFeel] Shake: intensity=0.06 duration=0.080s
[  4958   47.977 x1.00] LOG  [CameraGameFeel] Shake: intensity=0.68 duration=0.200s
[  4958   47.977 x1.00] LOG  [CameraGameFeel] FOV punch: hit light (+1.5°)
[  4965   48.037 x1.00] LOG  [ComboTrace] LAUNCH RESULT wanted=2.06m actually moved=1.42m, completed
[  4977   48.140 x1.00] LOG  OniBoss took 14 damage. HP: 1799/2500
[  4977   48.140 x1.00] LOG  [OniBoss] 🤕 Hit during Attack — flash only
[  4977   48.140 x1.00] LOG  [CameraGameFeel] Shake: intensity=0.24 duration=0.200s
[  4993   48.274 x1.00] LOG  [OniBoss:ClubPos] ClubSwing2 at strike: club tip 0.13m up, 1.72m in front, 2.52m to his right (3.05m out from his centre). Club faces 9deg from his forward, pitch -0.88. (the ground wave is born 1.6m in front of him at 0.35m.)
[  4993   48.274 x1.00] LOG  [OniBoss:Layer] ClubSwing2: club has not connected — ground wave released ARMED, 1.6m in front, 12m/s x 6.0m = 0.50s, carrying 8 (half of the club's 16).
[  4996   48.295 x1.00] LOG  OniBoss took 14 damage. HP: 1785/2500
[  4996   48.295 x1.00] LOG  [OniBoss] 🤕 Hit during Attack — flash only
[  4996   48.295 x1.00] LOG  [Momentum] 7 -> 8 (hit), speed x1.40, damage x1.40, impact x1.40
[  4996   48.295 x1.00] LOG  [CameraGameFeel] Shake: intensity=0.06 duration=0.080s
[  4996   48.295 x1.00] LOG  [CameraGameFeel] Shake: intensity=0.25 duration=0.200s
[  5015   48.450 x1.00] LOG  OniBoss took 14 damage. HP: 1771/2500
[  5015   48.450 x1.00] LOG  [OniBoss] 🤕 Hit during Attack — flash only
[  5015   48.450 x1.00] LOG  [CameraGameFeel] Shake: intensity=0.25 duration=0.200s
[  5029   48.567 x1.00] LOG  💨 Landing VFX spawned!
[  5029   48.567 x1.00] LOG  ✅ LANDED! (was jump #1)
[  5029   48.567 x1.00] LOG  [AirPosePin] released, peak correction was 0.000m
[  5030   48.577 x1.00] LOG  [YoruVFX] Spin VFX stopped, fading for 2.37s
[  5033   48.599 x1.00] LOG  [ComboTrace] END step=3 clipProgress=0.90 clipLen=0.79s queued=0 elapsed=0.77s
[  5039   48.639 x1.00] LOG  🚶 2-LEG JUMP
[  5039   48.639 x1.00] LOG  🐾 Jump 1 VFX spawned!
[  5058   48.777 x1.00] LOG  [OniBoss:Wave] armed wave expired UNTOUCHED — closest 0.00m to Yoru (hit width 1.60), she was AIRBORNE at the closest moment.
[  5077   48.917 x1.00] LOG  [ComboTrace] LAUNCH OniBoss at 0.6m dist=0.58m in 0.13s [AIRBORNE]
[  5077   48.917 x1.00] LOG  [Combat] Aerial spin, 25 dmg
[  5077   48.917 x1.00] LOG  [YoruVFX] Air spin: 'VFX_Void_Burst_AirSpinYoru' at CenterVFX, 46 systems, longest 1.00s fitted to 0.79s at speed 1.27, 8 forced Local, 38 delays zeroed, tail 2.37s
[  5077   48.917 x1.00] LOG  OniBoss took 14 damage. HP: 1757/2500
[  5077   48.917 x1.00] LOG  [OniBoss] 🤕 Hit during Attack — flash only
[  5077   48.917 x1.00] LOG  [Momentum] 8 -> 9 (hit), speed x1.45, damage x1.45, impact x1.45
[  5077   48.917 x1.00] LOG  [CameraGameFeel] Shake: intensity=0.06 duration=0.080s
[  5077   48.917 x1.00] LOG  [CameraGameFeel] Shake: intensity=0.73 duration=0.200s
[  5077   48.917 x1.00] LOG  [CameraGameFeel] FOV punch: hit light (+1.5°)
[  5077   48.917 x1.00] LOG  [AirPosePin] engaged, holding body at 1.417m above the transform
[  5094   49.048 x1.00] LOG  [ComboTrace] LAUNCH RESULT wanted=0.58m actually moved=0.00m, completed
[  5097   49.077 x1.00] LOG  OniBoss took 14 damage. HP: 1743/2500
[  5097   49.077 x1.00] LOG  [OniBoss] 🤕 Hit during Attack — flash only
[  5097   49.077 x1.00] LOG  [CameraGameFeel] Shake: intensity=0.25 duration=0.200s
[  5103   49.128 x1.00] LOG  [OniBoss] Attack → Recovery
[  5103   49.128 x1.00] LOG  [OniBoss] Playing animation: Watch
[  5103   49.128 x1.00] LOG  [OniBoss:Trail] trail END at clip 0.99, fading over 0.40s.
[  5103   49.128 x1.00] LOG  [OniBoss:Touch] ClubSwing2: no touch this swing, closest 1.44m at clip 0.27 (head 0.52 along the club), fastest tip 110m/s (radius 0.70, min speed 50, max tip height 2.5m).
[  5103   49.128 x1.00] LOG  [OniBoss:Strike] ClubSwing2: club tip closest to Yoru at 2.26m, clip position 0.73 | damage fires at 0.32 | clip 1.17s => damage fires 480 ms BEFORE the club is closest
[  5116   49.227 x1.00] LOG  OniBoss took 14 damage. HP: 1729/2500
[  5116   49.227 x1.00] LOG  [OniBoss] Recovery → HitReact
[  5116   49.227 x1.00] LOG  [OniBoss:Layer] burst: 15 hits / 219 dmg → flinch upgraded to 'HitReact_medium'
[  5116   49.227 x1.00] LOG  [OniReactTrace] #9 BURST UPGRADE (219 dmg) asked for 'HitReact_medium': crossfade 0.08s, animator speed 1.35, world x1.00
[  5116   49.227 x1.00] LOG  [OniBoss:Layer] react tier: LIGHT (14 dmg) → 'Hit_react_light'
[  5116   49.227 x1.00] LOG  [OniReactTrace] #10 LIGHT (14 dmg) asked for 'Hit_react_light': crossfade 0.08s, animator speed 1.35, world x1.00
[  5116   49.227 x1.00] LOG  [Momentum] 9 -> 10 (hit), speed x1.50, damage x1.50, impact x1.50
[  5116   49.227 x1.00] LOG  [CameraGameFeel] Shake: intensity=0.14 duration=0.080s
[  5116   49.227 x1.00] LOG  [CameraGameFeel] Shake: intensity=0.26 duration=0.200s
[  5117   49.236 x1.00] LOG  [OniReactTrace] #10 +0.01s state SOMETHING ELSE, clip on his bones '?' weight 0.00, blending INTO 'Hit_react_light', layer weight 1.00, animator speed 1.35, world x1.00, engine HitReact
[  5130   49.337 x1.00] LOG  [OniReactTrace] #10 +0.11s state 'Hit_react_light' at 16 % of its 0.62s, clip on his bones 'Take 001' weight 1.00, layer weight 1.00, animator speed 1.35, world x1.00, engine HitReact
[  5136   49.383 x1.00] LOG  OniBoss took 15 damage. HP: 1714/2500
[  5136   49.383 x1.00] LOG  [CameraGameFeel] Shake: intensity=0.26 duration=0.200s
[  5149   49.487 x1.00] LOG  [OniReactTrace] #10 +0.26s state 'Hit_react_light' at 40 % of its 0.62s, clip on his bones 'Take 001' weight 1.00, layer weight 1.00, animator speed 1.35, world x1.00, engine HitReact
[  5155   49.537 x1.00] LOG  OniBoss took 15 damage. HP: 1699/2500
[  5155   49.537 x1.00] LOG  [Momentum] 10 -> 11 (hit), speed x1.50, damage x1.50, impact x1.55
[  5155   49.537 x1.00] LOG  [CameraGameFeel] Shake: intensity=0.06 duration=0.080s
[  5155   49.537 x1.00] LOG  [CameraGameFeel] Shake: intensity=0.27 duration=0.200s
[  5159   49.570 x1.00] LOG  [ComboTrace] CLICK IGNORED (step=3 queued=0)
[  5159   49.570 x1.00] LOG  💨 Landing VFX spawned!
[  5159   49.570 x1.00] LOG  ✅ LANDED! (was jump #1)
[  5159   49.570 x1.00] LOG  [AirPosePin] released, peak correction was 0.000m
[  5170   49.658 x1.00] LOG  [YoruVFX] Spin VFX stopped, fading for 2.37s
[  5173   49.683 x1.00] LOG  [OniReactTrace] #10 +0.46s state 'Hit_react_light' at 73 % of its 0.62s, clip on his bones 'Take 001' weight 1.00, layer weight 1.00, animator speed 1.35, world x1.00, engine HitReact
[  5174   49.691 x1.00] LOG  OniBoss took 15 damage. HP: 1684/2500
[  5174   49.691 x1.00] LOG  [CameraGameFeel] Shake: intensity=0.27 duration=0.200s
[  5174   49.691 x1.00] LOG  [ComboTrace] END step=3 clipProgress=0.91 clipLen=0.79s queued=0 elapsed=0.77s
[  5186   49.794 x1.00] LOG  🚶 2-LEG JUMP
[  5186   49.794 x1.00] LOG  🐾 Jump 1 VFX spawned!
[  5191   49.838 x1.00] LOG  [ComboTrace] LAUNCH OniBoss at 1.0m dist=1.03m in 0.13s [AIRBORNE]
[  5191   49.838 x1.00] LOG  [Combat] Aerial spin, 25 dmg
[  5191   49.838 x1.00] LOG  [YoruVFX] Air spin: 'VFX_Void_Burst_AirSpinYoru' at CenterVFX, 46 systems, longest 1.00s fitted to 0.79s at speed 1.27, 8 forced Local, 38 delays zeroed, tail 2.37s
[  5191   49.838 x1.00] LOG  OniBoss took 15 damage. HP: 1669/2500
[  5191   49.838 x1.00] LOG  [Momentum] 11 -> 12 (hit), speed x1.50, damage x1.50, impact x1.60
[  5191   49.838 x1.00] LOG  [CameraGameFeel] Shake: intensity=0.06 duration=0.080s
[  5191   49.838 x1.00] LOG  [CameraGameFeel] Shake: intensity=0.28 duration=0.200s
[  5191   49.838 x1.00] LOG  [AirPosePin] engaged, holding body at 0.555m above the transform
[  5203   49.939 x1.00] LOG  [OniReactTrace] #10 +0.71s state 'Hit_react_light' at 100 % of its 0.62s, clip on his bones 'Take 001' weight 1.00, layer weight 1.00, animator speed 1.35, world x1.00, engine HitReact
[  5207   49.968 x1.00] LOG  [ComboTrace] LAUNCH RESULT wanted=1.03m actually moved=0.66m, completed
[  5210   49.994 x1.00] LOG  OniBoss took 15 damage. HP: 1654/2500
[  5210   49.994 x1.00] LOG  [CameraGameFeel] Shake: intensity=0.28 duration=0.200s
[  5214   50.028 x1.00] LOG  [OniBoss] HitReact → Chase
[  5215   50.038 x1.00] LOG  [OniBoss] Playing animation: Idle
[  5215   50.038 x1.00] LOG  [OniBoss] Chase → Attack
[  5215   50.038 x1.00] LOG  [OniBoss] Attack: Club_Swing (16 dmg)
[  5215   50.038 x1.00] LOG  [OniBoss:Trail] Club_Swing trail START at clip 1.00 (transition done).
[  5228   50.145 x1.00] LOG  OniBoss took 15 damage. HP: 1639/2500
[  5228   50.145 x1.00] LOG  [OniBoss] 🤕 Hit during Attack — flash only
[  5228   50.145 x1.00] LOG  [Momentum] 12 -> 13 (hit), speed x1.50, damage x1.50, impact x1.65
[  5228   50.145 x1.00] LOG  [CameraGameFeel] Shake: intensity=0.06 duration=0.080s
[  5228   50.145 x1.00] LOG  [CameraGameFeel] Shake: intensity=0.29 duration=0.200s
[  5232   50.178 x1.00] LOG  [OniReactTrace] #10 +0.95s state SOMETHING ELSE, clip on his bones 'Take 001' weight 1.00, layer weight 1.00, animator speed 1.35, world x1.00, engine Attack
[  5232   50.178 x1.00] LOG  [OniReactTrace] #10 LIGHT verdict: played to 100 % of the clip, so the reaction IS on screen and what is missing is movement inside the clip itself
[  5248   50.300 x1.00] LOG  OniBoss took 15 damage. HP: 1624/2500
[  5248   50.300 x1.00] LOG  [OniBoss] 🤕 Hit during Attack — flash only
[  5248   50.300 x1.00] LOG  [CameraGameFeel] Shake: intensity=0.29 duration=0.200s
[  5255   50.357 x1.00] LOG  [CameraGameFeel] Shake: intensity=0.20 duration=0.250s
[  5255   50.357 x1.00] LOG  [Peach] light hit 16 dmg: 2 bites. 5/16 bites = 1.25 of 4 peaches
[  5255   50.357 x1.00] LOG  [Momentum] 13 -> 6 (light hit taken, 50% = -7), speed x1.30, damage x1.30, impact x1.30
[  5255   50.357 x1.00] LOG  [YoruVFX] Spin VFX stopped, fading for 2.37s
[  5255   50.357 x1.00] LOG  [Combat] Combo memory: light hit, keeping step 3
[  5255   50.357 x1.00] LOG  [Combat] Hit react: HitReact_Light_2Leg (0.5s, clip starts at 0.35s)
[  5255   50.357 x1.00] LOG  [CameraGameFeel] Shake: intensity=0.30 duration=0.200s
[  5255   50.357 x1.00] LOG  [CameraGameFeel] FOV punch: player damage (-2.0°)
[  5255   50.357 x1.00] LOG  [OniBoss] Hit player for 16 (Club_Swing)
[  5255   50.357 x1.00] LOG  [OniBoss:Touch] Club_Swing: club TOUCHED Yoru at clip 0.38, shaft 0.42m from her body line, head 0.49 along the club, tip 2.08m up, tip speed 171m/s, ONE FRAME EARLY (predicted). Full club hit delivered this frame.
[  5256   50.365 x1.00] LOG  [HitReactTrace] asked for 'HitReact_Light_2Leg' (0.50s, clip start 0.35s): NOT playing it, another state took the combat layer, blend resolved after 8 ms, state 0.79s long at speed 0.80, now at 0.52s, layer weight 1.00, animator.speed 1.00.
[  5261   50.397 x1.00] LOG  [OniBoss:ClubPos] Club_Swing at strike: club tip 3.02m up, 2.68m in front, -2.85m to his right (3.92m out from his centre). Club faces -78deg from his forward, pitch 0.40. (the ground wave is born 1.6m in front of him at 0.35m.)
[  5261   50.397 x1.00] LOG  [OniBoss:Layer] Club_Swing: club already hit — ground wave released as VISUAL only (0 damage).
[  5304   50.727 x1.00] LOG  💨 Landing VFX spawned!
[  5304   50.727 x1.00] LOG  [AirPosePin] released, peak correction was 0.000m
[  5322   50.859 x1.00] LOG  ✅ LANDED! (was jump #0)
[  5324   50.878 x1.00] LOG  🚶 2-LEG JUMP
[  5324   50.878 x1.00] LOG  🐾 Jump 1 VFX spawned!
[  5324   50.878 x1.00] LOG  [OniBoss] Attack → Recovery
[  5324   50.878 x1.00] LOG  [OniBoss] Playing animation: Watch
[  5324   50.878 x1.00] LOG  [OniBoss:Trail] trail END at clip 0.99, fading over 0.40s.
[  5324   50.878 x1.00] LOG  [OniBoss:Strike] Club_Swing: club tip closest to Yoru at 0.57m, clip position 0.91 | damage fires at 0.42 | clip 0.84s => damage fires 412 ms BEFORE the club is closest
[  5343   51.037 x1.00] LOG  [ComboTrace] LAUNCH OniBoss at 0.6m dist=0.62m in 0.13s [AIRBORNE]
[  5343   51.037 x1.00] LOG  [Combat] Aerial spin, 25 dmg
[  5343   51.037 x1.00] LOG  [YoruVFX] Air spin: 'VFX_Void_Burst_AirSpinYoru' at CenterVFX, 46 systems, longest 1.00s fitted to 0.79s at speed 1.27, 8 forced Local, 38 delays zeroed, tail 2.37s
[  5343   51.037 x1.00] LOG  OniBoss took 13 damage. HP: 1611/2500
[  5343   51.037 x1.00] LOG  [OniBoss] Recovery → HitReact
[  5343   51.037 x1.00] LOG  [OniBoss:Layer] react tier: LIGHT (13 dmg) → 'Hit_react_light'
[  5343   51.037 x1.00] LOG  [OniReactTrace] #11 LIGHT (13 dmg) asked for 'Hit_react_light': crossfade 0.08s, animator speed 1.35, world x1.00
[  5343   51.037 x1.00] LOG  [Momentum] 6 -> 7 (hit), speed x1.35, damage x1.35, impact x1.35
[  5343   51.037 x1.00] LOG  [CameraGameFeel] Shake: intensity=0.06 duration=0.080s
[  5343   51.037 x1.00] LOG  [CameraGameFeel] Shake: intensity=0.68 duration=0.200s
[  5343   51.037 x1.00] LOG  [CameraGameFeel] FOV punch: hit light (+1.5°)
[  5343   51.037 x1.00] LOG  [AirPosePin] engaged, holding body at 0.841m above the transform
[  5344   51.049 x1.00] LOG  [OniReactTrace] #11 +0.01s state SOMETHING ELSE, clip on his bones '?' weight 0.00, blending INTO 'Hit_react_light', layer weight 1.00, animator speed 0.00, world x1.00, engine HitReact
[  5355   51.141 x1.00] LOG  [OniReactTrace] #11 +0.10s state SOMETHING ELSE, clip on his bones '?' weight 0.00, blending INTO 'Hit_react_light', layer weight 1.00, animator speed 1.35, world x1.00, engine HitReact
[  5358   51.169 x1.00] LOG  [ComboTrace] LAUNCH RESULT wanted=0.62m actually moved=0.03m, completed
[  5361   51.191 x1.00] LOG  OniBoss took 14 damage. HP: 1597/2500
[  5361   51.191 x1.00] LOG  [CameraGameFeel] Shake: intensity=0.24 duration=0.200s
[  5373   51.288 x1.00] LOG  [OniReactTrace] #11 +0.25s state 'Hit_react_light' at 30 % of its 0.62s, clip on his bones 'Take 001' weight 1.00, layer weight 1.00, animator speed 1.35, world x1.00, engine HitReact
[  5380   51.341 x1.00] LOG  OniBoss took 14 damage. HP: 1583/2500
[  5380   51.341 x1.00] LOG  [Momentum] 7 -> 8 (hit), speed x1.40, damage x1.40, impact x1.40
[  5380   51.341 x1.00] LOG  [CameraGameFeel] Shake: intensity=0.06 duration=0.080s
[  5380   51.341 x1.00] LOG  [CameraGameFeel] Shake: intensity=0.25 duration=0.200s
[  5398   51.495 x1.00] LOG  [OniReactTrace] #11 +0.46s state 'Hit_react_light' at 64 % of its 0.62s, clip on his bones 'Take 001' weight 1.00, layer weight 1.00, animator speed 1.35, world x1.00, engine HitReact
[  5398   51.495 x1.00] LOG  OniBoss took 14 damage. HP: 1569/2500
[  5398   51.495 x1.00] LOG  [CameraGameFeel] Shake: intensity=0.25 duration=0.200s
[  5417   51.648 x1.00] LOG  OniBoss took 14 damage. HP: 1555/2500
[  5417   51.648 x1.00] LOG  [Momentum] 8 -> 9 (hit), speed x1.45, damage x1.45, impact x1.45
[  5417   51.648 x1.00] LOG  [CameraGameFeel] Shake: intensity=0.06 duration=0.080s
[  5417   51.648 x1.00] LOG  [CameraGameFeel] Shake: intensity=0.25 duration=0.200s
[  5429   51.743 x1.00] LOG  [OniReactTrace] #11 +0.71s state 'Hit_react_light' at 100 % of its 0.62s, clip on his bones 'Take 001' weight 1.00, layer weight 1.00, animator speed 1.35, world x1.00, engine HitReact
[  5433   51.777 x1.00] LOG  [YoruVFX] Spin VFX stopped, fading for 2.37s
[  5437   51.803 x1.00] LOG  OniBoss took 14 damage. HP: 1541/2500
[  5437   51.803 x1.00] LOG  [CameraGameFeel] Shake: intensity=0.25 duration=0.200s
[  5437   51.803 x1.00] LOG  [ComboTrace] END step=3 clipProgress=0.90 clipLen=0.79s queued=0 elapsed=0.77s
[  5438   51.811 x1.00] LOG  💨 Landing VFX spawned!
[  5438   51.811 x1.00] LOG  ✅ LANDED! (was jump #1)
[  5438   51.811 x1.00] LOG  [AirPosePin] released, peak correction was 0.000m
[  5440   51.827 x1.00] LOG  [OniBoss] HitReact → Chase
[  5441   51.837 x1.00] LOG  [OniBoss] Playing animation: Watch
[  5441   51.837 x1.00] LOG  [OniBoss] Combo started: swing1-2 (2 steps remaining)
[  5441   51.837 x1.00] LOG  [OniBoss] Chase → Attack
[  5441   51.837 x1.00] LOG  [OniBoss] Attack: Club_Swing (16 dmg)
[  5441   51.837 x1.00] LOG  [OniBoss:Trail] Club_Swing trail START at clip 1.00 (transition done).
[  5448   51.894 x1.00] LOG  🚶 2-LEG JUMP
[  5448   51.894 x1.00] LOG  🐾 Jump 1 VFX spawned!
[  5458   51.978 x1.00] LOG  [ComboTrace] LAUNCH OniBoss at 0.7m dist=0.67m in 0.13s [AIRBORNE]
[  5458   51.978 x1.00] LOG  [Combat] Aerial spin, 25 dmg
[  5458   51.978 x1.00] LOG  [YoruVFX] Air spin: 'VFX_Void_Burst_AirSpinYoru' at CenterVFX, 46 systems, longest 1.00s fitted to 0.79s at speed 1.27, 8 forced Local, 38 delays zeroed, tail 2.37s
[  5458   51.978 x1.00] LOG  OniBoss took 14 damage. HP: 1527/2500
[  5458   51.978 x1.00] LOG  [OniBoss] 🤕 Hit during Attack — flash only
[  5458   51.978 x1.00] LOG  [Momentum] 9 -> 10 (hit), speed x1.50, damage x1.50, impact x1.50
[  5458   51.978 x1.00] LOG  [CameraGameFeel] Shake: intensity=0.14 duration=0.080s
[  5458   51.978 x1.00] LOG  [CameraGameFeel] Shake: intensity=0.26 duration=0.200s
[  5458   51.978 x1.00] LOG  [AirPosePin] engaged, holding body at 0.620m above the transform
[  5459   51.988 x1.00] LOG  [OniReactTrace] #11 +0.95s state SOMETHING ELSE, clip on his bones 'Take 001' weight 1.00, layer weight 1.00, animator speed 1.35, world x1.00, engine Attack
[  5459   51.988 x1.00] LOG  [OniReactTrace] #11 LIGHT verdict: played to 100 % of the clip, so the reaction IS on screen and what is missing is movement inside the clip itself
[  5475   52.108 x1.00] LOG  [ComboTrace] LAUNCH RESULT wanted=0.67m actually moved=0.00m, completed
[  5477   52.128 x1.00] LOG  OniBoss took 15 damage. HP: 1512/2500
[  5477   52.128 x1.00] LOG  [OniBoss] 🤕 Hit during Attack — flash only
[  5477   52.128 x1.00] LOG  [CameraGameFeel] Shake: intensity=0.26 duration=0.200s
[  5481   52.158 x1.00] LOG  [CameraGameFeel] Shake: intensity=0.20 duration=0.250s
[  5481   52.158 x1.00] LOG  [Peach] light hit 16 dmg: 2 bites. 3/16 bites = 0.75 of 4 peaches
[  5481   52.158 x1.00] LOG  [Momentum] 10 -> 5 (light hit taken, 50% = -5), speed x1.25, damage x1.25, impact x1.25
[  5481   52.158 x1.00] LOG  [YoruVFX] Spin VFX stopped, fading for 2.37s
[  5481   52.158 x1.00] LOG  [Combat] Combo memory: light hit, keeping step 3
[  5481   52.158 x1.00] LOG  [Combat] Hit react: HitReact_Light_2Leg (0.5s, clip starts at 0.35s)
[  5481   52.158 x1.00] LOG  [CameraGameFeel] Shake: intensity=0.30 duration=0.200s
[  5481   52.158 x1.00] LOG  [CameraGameFeel] FOV punch: player damage (-2.0°)
[  5481   52.158 x1.00] LOG  [OniBoss] Hit player for 16 (Club_Swing)
[  5481   52.158 x1.00] LOG  [OniBoss:Touch] Club_Swing: club TOUCHED Yoru at clip 0.38, shaft 0.62m from her body line, head 0.41 along the club, tip 2.44m up, tip speed 170m/s. Full club hit delivered this frame.
[  5482   52.168 x1.00] LOG  [PeachUI] LOW HEALTH cue ON: 3 bites left, heartbeat 1.00s, bleed on, sound set
[  5482   52.168 x1.00] LOG  [HitReactTrace] asked for 'HitReact_Light_2Leg' (0.50s, clip start 0.35s): NOT playing it, another state took the combat layer, blend resolved after 10 ms, state 0.79s long at speed 0.80, now at 0.18s, layer weight 1.00, animator.speed 1.00.
[  5486   52.202 x1.00] LOG  [OniBoss:ClubPos] Club_Swing at strike: club tip 3.03m up, 2.17m in front, -3.11m to his right (3.79m out from his centre). Club faces -89deg from his forward, pitch 0.41. (the ground wave is born 1.6m in front of him at 0.35m.)
[  5486   52.202 x1.00] LOG  [OniBoss:Layer] Club_Swing: club already hit — ground wave released as VISUAL only (0 damage).
[  5543   52.658 x1.00] LOG  [AirPosePin] released, peak correction was 0.000m
[  5545   52.674 x1.00] LOG  [OniBoss] Attack → Recovery
[  5545   52.674 x1.00] LOG  [OniBoss] Playing animation: Watch
[  5545   52.674 x1.00] LOG  [OniBoss:Trail] trail END at clip 0.99, fading over 0.40s.
[  5545   52.674 x1.00] LOG  [OniBoss:Strike] Club_Swing: club tip closest to Yoru at 1.58m, clip position 0.92 | damage fires at 0.42 | clip 0.84s => damage fires 419 ms BEFORE the club is closest
[  5565   52.828 x1.00] LOG  💨 Landing VFX spawned!
[  5565   52.828 x1.00] LOG  ✅ LANDED! (was jump #1)
[  5565   52.828 x1.00] LOG  [OniBoss] Recovery → Attack
[  5565   52.828 x1.00] LOG  [OniBoss] Attack: ClubSwing2 (16 dmg)
[  5565   52.828 x1.00] LOG  [OniBoss:Trail] ClubSwing2 trail START at clip 1.00 (transition still blending).
[  5572   52.877 x1.00] LOG  🚶 2-LEG JUMP
[  5572   52.877 x1.00] LOG  🐾 Jump 1 VFX spawned!
[  5579   52.926 x1.00] LOG  [ComboTrace] LAUNCH OniBoss at 0.7m dist=0.70m in 0.13s [AIRBORNE]
[  5579   52.926 x1.00] LOG  [Combat] Aerial spin, 25 dmg
[  5579   52.926 x1.00] LOG  [YoruVFX] Air spin: 'VFX_Void_Burst_AirSpinYoru' at CenterVFX, 46 systems, longest 1.00s fitted to 0.79s at speed 1.27, 8 forced Local, 38 delays zeroed, tail 2.37s
[  5579   52.926 x1.00] LOG  OniBoss took 12 damage. HP: 1500/2500
[  5579   52.926 x1.00] LOG  [OniBoss] 🤕 Hit during Attack — flash only
[  5579   52.926 x1.00] LOG  [Momentum] 5 -> 6 (hit), speed x1.30, damage x1.30, impact x1.30
[  5579   52.926 x1.00] LOG  [CameraGameFeel] Shake: intensity=0.06 duration=0.080s
[  5579   52.926 x1.00] LOG  [CameraGameFeel] Shake: intensity=0.65 duration=0.200s
[  5579   52.926 x1.00] LOG  [CameraGameFeel] FOV punch: hit light (+1.5°)
[  5579   52.926 x1.00] LOG  [OniBoss] ⚡ PHASE 2 ACTIVATED
[  5579   52.926 x1.00] LOG  [OniBoss] Attack → Stagger
[  5579   52.926 x1.00] LOG  [OniBoss] Playing animation: Stagger
[  5579   52.926 x1.00] LOG  [OniBoss] STAGGERED for 2.5s
[  5579   52.926 x1.00] LOG  [OniBoss] STAGGERED (parry) for 3s
[  5579   52.926 x0.45] LOG  [YoruVFX] Spin VFX stopped, fading for 2.37s
[  5579   52.926 x0.45] LOG  [Combat] Combat reset
[  5579   52.926 x0.45] LOG  [OniBoss:Cine] CINEMATIC ON — hard cut, bars in, world at x0.45, roar at x0.80 + 0.9s linger, rise at x0.45, beat frames 27-37/94 at x0.20, hang 2.0s, orbit roar 120° / rise 40° / drop 30°, lens 65° locked, fill 0.70, screen-y 0.40/0.33, apex at clip 0.40.
[  5579   52.926 x0.45] LOG  [OniBoss:Layer] PHASE 2: transition 'Phase_Transition' driven at x0.60 + 0.6s hold — untouchable, roar at 0.60
[  5579   52.926 x0.45] LOG  [BossBar] Hiding bar INSTANTLY (cinematic)
[  5579   52.926 x0.45] LOG  [OniBoss:Layer] boss bar hidden (cinematic)
[  5580   52.941 x0.45] LOG  [OniBoss:Trail] trail END at clip 1.00, fading over 0.40s.
[  5580   52.941 x0.45] LOG  [OniBoss:Layer] PHASE 2: clip is 2.42s — cinematic: scream ~1.81s in + 0.9s linger
[  5826   54.740 x0.45] LOG  [CameraGameFeel] Shake: intensity=0.60 duration=0.500s
[  5826   54.740 x0.45] LOG  [OniBoss:Layer] PHASE 2: roar at 1.45 clip-s
[  5844   54.884 x0.45] LOG  💨 Landing VFX spawned!
[  5844   54.884 x0.45] LOG  ✅ LANDED! (was jump #1)
[  5952   55.641 x0.45] LOG  [OniBoss:Layer] PHASE 2: transition over after 2.71s real — he is back, and angrier
[  5952   55.641 x0.45] LOG  [OniBoss:Layer] PHASE 2: chaining into the GROUND POUND — no pause. The cinematic rides along until the top of the jump.
[  5952   55.641 x0.45] LOG  [OniBoss] STAGGERED (parry) for 3s
[  5952   55.641 x0.45] LOG  [OniBoss:Layer] GROUND POUND (phase-2 entrance): driving 'Ground_Pound' at x1.00, slam at 0.60, cinematic until the apex at 0.40
[  5953   55.648 x0.45] LOG  [OniBoss:Layer] GROUND POUND: clip is 3.13s
[  5956   55.678 x0.45] WARN The referenced script on this Behaviour (Game Object '<null>') is missing!
[  5956   55.678 x0.45] WARN The referenced script on this Behaviour (Game Object 'Lightning Light') is missing!
[  5956   55.678 x0.45] WARN The referenced script on this Behaviour (Game Object 'Lightning Light') is missing!
[  6221   57.599 x0.45] LOG  [Pause] Esc ignored: something else owns the world clock (x0.45), most likely the Oni's cinematic
[  6227   57.648 x0.45] LOG  [StormWeather] storm break released
[  6227   57.648 x0.45] LOG  [CameraGameFeel] Shake: intensity=0.90 duration=0.500s
[  6227   57.648 x0.45] LOG  [OniBoss:Cine] LIGHTNING BEAT — sky show off, single strike 'LightningOrbSoftYellow'.
[  6228   57.660 x0.20] LOG  [StormWeather] ⚡ strike at (483.38, 45.00, 451.84)
[  6228   57.660 x0.20] LOG  [StormWeather] COZY → 'Yoru_Oni_Phase2_Storm' (the sky answers, storm chaos)
[  6228   57.660 x0.20] LOG  [YoruLightRig] lights boosted for the storm: fill 1.45, rim x1.30 (YoruRim 0.60 -> 0.78).
[  6228   57.660 x0.20] LOG  [StormWeather] PHASE 2 - storm breaking.
[  6229   57.669 x0.20] EXC  NullReferenceException: Object reference not set to an instance of an object
        at DistantLands.Cozy.Data.ThunderFX.InitializeEffect (DistantLands.Cozy.CozyWeather weather) (at ./Packages/com.distantlands.cozy.core/Runtime/Data/FX/ThunderFX.cs:52)
        at DistantLands.Cozy.Data.ThunderFX.PlayEffect (System.Single weight) (at ./Packages/com.distantlands.cozy.core/Runtime/Data/FX/ThunderFX.cs:36)
        at DistantLands.Cozy.CozyEcosystem.UpdateEcosystem () (at ./Packages/com.distantlands.cozy.core/Runtime/Core/CozyEcosystem.cs:201)
        at DistantLands.Cozy.CozyWeatherModule.UpdateWeatherWeights () (at ./Packages/com.distantlands.cozy.core/Runtime/Modules/CozyWeatherModule.cs:109)
[  6230   57.677 x0.20] EXC  NullReferenceException: Object reference not set to an instance of an object
        at DistantLands.Cozy.Data.AudioFX.InitializeEffect (DistantLands.Cozy.CozyWeather weather) (at ./Packages/com.distantlands.cozy.core/Runtime/Data/FX/AudioFX.cs:57)
        at DistantLands.Cozy.Data.AudioFX.PlayEffect (System.Single weight) (at ./Packages/com.distantlands.cozy.core/Runtime/Data/FX/AudioFX.cs:30)
        at DistantLands.Cozy.Data.WeatherProfile.SetWeatherWeight (System.Single weightVal) (at ./Packages/com.distantlands.cozy.core/Runtime/Data/WeatherProfile.cs:44)
        at DistantLands.Cozy.CozyWeatherModule.UpdateFXWeights () (at ./Packages/com.distantlands.cozy.core/Runtime/Modules/CozyWeatherModule.cs:129)
[  6440   59.402 x0.45] LOG  [Momentum] 6 -> 5 (drain), speed x1.25, damage x1.25, impact x1.25
[  6572   60.521 x0.45] LOG  [Momentum] 5 -> 4 (drain), speed x1.20, damage x1.20, impact x1.20
[  6679   61.349 x1.00] LOG  [OniBoss:Cine] the DROP at clip 0.40 (hung 2.0s) — full speed, the camera rides him DOWN.
[  6695   61.480 x1.00] LOG  [Momentum] 4 -> 3 (drain), speed x1.15, damage x1.15, impact x1.15
[  6763   61.975 x1.00] LOG  [CameraGameFeel] FOV punch: hit light (+1.5°)
[  6763   61.975 x1.00] LOG  [StormWeather] storm break released
[  6763   61.975 x1.00] LOG  [OniBoss:Cine] CINEMATIC OFF (he LANDS at clip 0.60) — control returned, bars out, camera hands over in 0.30s. Lens locked at 65°; the camera stepped back to 23.0m at the farthest.
[  6763   61.975 x1.00] LOG  [CameraGameFeel] Shake: intensity=1.10 duration=0.800s
[  6763   61.975 x1.00] LOG  [OniBoss:Pound] SLAM at clip 0.60 (1.88 clip-s) — ring 12m/s out to 12m, 45 damage, jumpable.
[  6764   61.988 x1.00] LOG  [Momentum] 3 -> 2 (drain), speed x1.10, damage x1.10, impact x1.10
[  6764   61.988 x1.00] LOG  [BossBar] Showing bar for: Oni (1500/2500)
[  6764   61.988 x1.00] LOG  [OniBoss:Layer] boss bar shown
[  6764   61.988 x1.00] LOG  [BossBar] Bar switched to phase 2
[  6764   61.988 x1.00] LOG  [OniBoss:Layer] boss bar → phase 2 crimson
[  6776   62.077 x1.00] LOG  [Peach] heavy hit 45 dmg: 6 bites. 0/16 bites = 0 of 4 peaches
[  6776   62.077 x1.00] LOG  [Health] Player died (heavy killing hit). Game over menu: next pass.
[  6776   62.077 x1.00] LOG  [CameraGameFeel] Shake: intensity=0.60 duration=0.200s
[  6776   62.077 x1.00] LOG  [CameraGameFeel] FOV punch: player damage (-3.0°)
[  6776   62.077 x0.15] LOG  [Death] Yoru died on the ground on 2 legs (heavy hit): HR_Die_2legs. Slow motion x0.15 for 0.8s then x0.50, death sound set.
[  6776   62.077 x0.15] LOG  [OniBoss:Pound] shockwave CAUGHT Yoru (grounded) at 2.0m for 45.
[  6777   62.088 x0.15] LOG  [PeachUI] LOW HEALTH cue OFF (she died: heartbeat stops, bleed holds at full)
[  6777   62.088 x0.15] LOG  [GameOver] Yoru died: waiting for the death animation to finish, then 1.0s, then ink 3.0s, title 2.0s, buttons 1.5s
[  6918   63.228 x0.25] LOG  [OniBoss] Stagger → Chase
[  6918   63.228 x0.25] LOG  [OniBoss:Cine] first-attack GRACE — at least 2.0s before he may swing.
[  6918   63.228 x0.25] LOG  [OniBoss:Layer] GROUND POUND: done — the engine is his again.
[  6919   63.235 x0.25] LOG  [OniBoss] Yoru is dead: standing down
[  6919   63.235 x0.25] LOG  [OniBoss] Chase → Idle
[  6919   63.235 x0.25] LOG  [OniBoss] Playing animation: Idle
[  6919   63.235 x0.25] LOG  [OniBoss:Layer] watch stance ON (player 2.0m)
[  6919   63.235 x0.25] LOG  [BossBar] Hiding bar (Oni disengaged)
[  6919   63.235 x0.25] LOG  [OniBoss:Layer] boss bar hidden (disengage)
[  6995   63.821 x0.50] LOG  [Momentum] 2 -> 1 (drain), speed x1.05, damage x1.05, impact x1.05
[  7025   64.043 x0.50] LOG  [StormWeather] storm post weight -> 1.00
[  7130   64.825 x0.50] LOG  [Momentum] 1 -> 0 (drain), speed x1.00, damage x1.00, impact x1.00
[  7208   65.359 x0.50] LOG  [Pause] Esc ignored: Yoru is dead, the game over screen owns the screen
[  7486   67.367 x0.50] LOG  [StormWeather] terrain layers restored to dry values.
# end — 933 lines
